id,zeitpunkt,lehrkraft_id,gruppe_id,teilnehmer_id,from_cluster,to_cluster,delta_norm,threshold,cluster_change,polaritaetswechsel,dominanzwechsel,dominante_dimension_alt,dominante_dimension_neu
753,2025-10-23 17:10:00,1,0,2,0,0,1.3838704375421766,1.3420884254133527,0,0,1,kognition,regulation
701,2025-10-23 17:10:00,1,0,4,0,1,2.257055621504764,1.9939807081670793,1,0,0,kognition,kognition
702,2025-10-23 17:10:00,1,0,4,1,0,1.415525059790622,1.9939807081670793,1,0,1,kognition,regulation
690,2025-10-27 17:10:00,1,0,4,0,0,1.1436175407752436,1.9939807081670793,0,0,1,regulation,performanz
693,2025-10-27 17:10:00,1,0,4,0,0,1.5351939001456008,1.9939807081670793,0,0,1,performanz,regulation
1173,2025-11-27 17:10:00,1,0,4,0,0,1.4350005358313276,1.9939807081670793,0,0,1,regulation,kognition
1177,2025-11-27 17:10:00,1,0,4,0,0,2.5915933950516306,1.9939807081670793,0,0,0,kognition,kognition
897,2025-09-02 17:10:00,1,0,6,0,0,0.8538414701131618,1.5106380441110518,0,0,1,performanz,methodik
898,2025-09-02 17:10:00,1,0,6,0,0,1.5106380441110516,1.5106380441110518,0,0,1,methodik,kognition
513,2025-09-04 17:10:00,1,0,8,0,0,1.8938506275444398,2.0636397344106823,0,0,1,kognition,performanz
515,2025-09-04 17:10:00,1,0,8,0,0,2.0650353998271966,2.0636397344106823,0,0,1,performanz,regulation
2349,2025-09-08 17:10:00,1,0,12,0,0,0.8502749088600128,1.8887760185778069,0,0,1,performanz,kognition
2352,2025-09-08 17:10:00,1,0,12,0,0,2.2075860786061514,1.8887760185778069,0,0,1,kognition,performanz
192,2025-09-22 17:10:00,1,0,13,0,0,2.462025204763794,1.8696944958346333,0,0,0,kognition,kognition
1670,2025-12-01 17:10:00,1,0,13,0,0,1.9609487569383166,1.8696944958346333,0,0,1,kognition,regulation
1671,2025-12-01 17:10:00,1,0,13,0,0,1.2619730536972624,1.8696944958346333,0,0,1,regulation,performanz
1672,2025-12-01 17:10:00,1,0,13,0,0,1.2512970316744692,1.8696944958346333,0,0,1,performanz,kognition
321,2025-11-05 17:10:00,1,0,15,0,0,0.9500478052862262,2.047444728226344,0,0,1,kognition,performanz
322,2025-11-05 17:10:00,1,0,15,0,0,1.2519940158190173,2.047444728226344,0,0,1,performanz,motivation
1310,2025-12-10 17:10:00,1,0,15,0,0,2.1976381049529805,2.047444728226344,0,0,1,motivation,performanz
1312,2025-12-10 17:10:00,1,0,15,0,0,1.9303836828090848,2.047444728226344,0,0,1,performanz,regulation
1313,2025-12-10 17:10:00,1,0,15,0,0,1.958473002493601,2.047444728226344,0,0,1,regulation,motivation
2528,2025-10-22 17:10:00,1,0,18,0,0,2.9961257132248877,2.642293934707617,0,0,0,kognition,kognition
2530,2025-10-22 17:10:00,1,0,18,0,0,1.7741053986309536,2.642293934707617,0,0,1,kognition,motivation
991,2025-11-28 17:10:00,1,0,42,0,0,2.2616737513696274,1.9678960530589127,0,0,1,performanz,kognition
988,2025-12-05 17:10:00,1,0,42,0,0,1.3981362808162667,1.9678960530589127,0,0,1,kognition,regulation
989,2025-12-05 17:10:00,1,0,42,0,0,1.7663047750567775,1.9678960530589127,0,0,1,regulation,performanz
2035,2025-12-02 17:10:00,1,0,47,0,0,1.4339431027824512,1.9495683428795845,0,0,1,performanz,kognition
2036,2025-12-02 17:10:00,1,0,47,0,0,2.0718531179110373,1.9495683428795845,0,0,0,kognition,kognition
2037,2025-12-02 17:10:00,1,0,47,0,0,2.6149048128565062,1.9495683428795845,0,0,1,kognition,performanz
2038,2025-12-02 17:10:00,1,0,47,0,0,1.074996542294657,1.9495683428795845,0,0,1,performanz,regulation
2029,2025-12-04 17:10:00,1,0,47,0,0,1.2837460250894215,1.9495683428795845,0,0,1,regulation,performanz
2030,2025-12-04 17:10:00,1,0,47,0,0,0.6185083320889618,1.9495683428795845,0,0,1,performanz,methodik
2031,2025-12-04 17:10:00,1,0,47,0,0,1.2184995816720627,1.9495683428795845,0,0,1,methodik,performanz
2032,2025-12-04 17:10:00,1,0,47,0,0,0.9427800428239391,1.9495683428795845,0,0,1,performanz,methodik
2033,2025-12-04 17:10:00,1,0,47,0,0,0.9293498476344039,1.9495683428795845,0,0,1,methodik,performanz
2024,2025-12-09 17:10:00,1,0,47,0,0,2.1237210804196898,1.9495683428795845,0,0,1,performanz,kognition
2026,2025-12-09 17:10:00,1,0,47,0,0,1.77847811052583,1.9495683428795845,0,0,1,kognition,performanz
2028,2025-12-09 17:10:00,1,0,47,0,0,0.8685817876818176,1.9495683428795845,0,0,1,performanz,kognition
804,2025-09-01 15:35:00,1,1,2,0,0,1.6513493449542715,2.783993470356081,0,0,1,regulation,kognition
805,2025-09-01 15:35:00,1,1,2,0,0,1.4694700471012192,2.783993470356081,0,0,1,kognition,regulation
806,2025-09-01 15:35:00,1,1,2,0,0,3.3194846112761613,2.783993470356081,0,0,0,regulation,regulation
807,2025-09-01 15:35:00,1,1,2,0,0,1.3383918686918415,2.783993470356081,0,0,1,regulation,motivation
793,2025-09-15 15:35:00,1,1,2,0,0,2.38399682979781,2.783993470356081,0,0,1,motivation,kognition
795,2025-09-15 15:35:00,1,1,2,0,0,1.9855095268702774,2.783993470356081,0,0,1,kognition,motivation
796,2025-09-15 15:35:00,1,1,2,0,0,2.502516864426083,2.783993470356081,0,0,1,motivation,regulation
797,2025-09-15 15:35:00,1,1,2,0,0,1.4522522928018833,2.783993470356081,0,0,1,regulation,kognition
785,2025-09-22 15:35:00,1,1,2,0,0,0.7174535582377145,2.783993470356081,0,0,1,kognition,performanz
786,2025-09-22 15:35:00,1,1,2,0,0,1.6742853124168762,2.783993470356081,0,0,1,performanz,kognition
787,2025-09-22 15:35:00,1,1,2,0,0,1.708096604061191,2.783993470356081,0,0,1,kognition,performanz
774,2025-09-29 15:35:00,1,1,2,0,0,2.0527249711672892,2.783993470356081,0,0,1,performanz,kognition
775,2025-09-29 15:35:00,1,1,2,0,0,1.7534565603386043,2.783993470356081,0,0,1,kognition,performanz
776,2025-09-29 15:35:00,1,1,2,0,0,1.853510522632076,2.783993470356081,0,0,1,performanz,regulation
777,2025-09-29 15:35:00,1,1,2,0,0,2.813277622343823,2.783993470356081,0,0,1,regulation,kognition
762,2025-10-20 15:35:00,1,1,2,0,0,1.1501525140663302,2.783993470356081,0,0,1,kognition,performanz
763,2025-10-20 15:35:00,1,1,2,0,0,1.4531140232350959,2.783993470356081,0,0,1,performanz,kognition
741,2025-11-03 15:35:00,1,1,2,0,0,1.6106821336323185,2.783993470356081,0,0,1,kognition,motivation
742,2025-11-03 15:35:00,1,1,2,0,0,2.433719167317179,2.783993470356081,0,0,1,motivation,kognition
1228,2025-11-10 15:35:00,1,1,2,0,0,2.3344254730960157,2.783993470356081,0,0,1,kognition,regulation
1229,2025-11-10 15:35:00,1,1,2,0,0,1.0062551931687262,2.783993470356081,0,0,1,regulation,kognition
1231,2025-11-10 15:35:00,1,1,2,0,0,0.8732391641620206,2.783993470356081,0,0,1,kognition,performanz
1219,2025-11-17 15:35:00,1,1,2,0,0,0.3756327417924345,2.783993470356081,0,0,1,performanz,kognition
1220,2025-11-17 15:35:00,1,1,2,0,1,6.796407551673651,2.783993470356081,1,1,1,kognition,regulation
1221,2025-11-17 15:35:00,1,1,2,1,0,7.255198857724287,2.783993470356081,1,1,1,regulation,kognition
1216,2025-11-24 15:35:00,1,1,2,0,0,0.8136815573776213,2.783993470356081,0,0,1,kognition,regulation
1217,2025-11-24 15:35:00,1,1,2,0,0,0.7671328568211708,2.783993470356081,0,0,1,regulation,methodik
1218,2025-11-24 15:35:00,1,1,2,0,0,1.420751091458835,2.783993470356081,0,0,1,methodik,performanz
1205,2025-12-01 15:35:00,1,1,2,0,0,1.1267653855957223,2.783993470356081,0,0,1,performanz,kognition
1207,2025-12-01 15:35:00,1,1,2,0,0,1.3386014451931398,2.783993470356081,0,0,1,kognition,performanz
1208,2025-12-01 15:35:00,1,1,2,0,0,1.96628576651548,2.783993470356081,0,0,1,performanz,kognition
1196,2025-12-08 15:35:00,1,1,2,0,0,0.8037199517885225,2.783993470356081,0,0,1,kognition,performanz
1197,2025-12-08 15:35:00,1,1,2,0,0,0.9180351907681339,2.783993470356081,0,0,1,performanz,methodik
1198,2025-12-08 15:35:00,1,1,2,0,0,0.6569735685948656,2.783993470356081,0,0,1,methodik,regulation
1199,2025-12-08 15:35:00,1,1,2,0,0,0.6013226201935471,2.783993470356081,0,0,1,regulation,performanz
1200,2025-12-08 15:35:00,1,1,2,0,0,1.3888636818836966,2.783993470356081,0,0,1,performanz,regulation
1188,2026-01-19 15:35:00,1,1,2,0,0,0.9196788343546098,2.783993470356081,0,0,1,regulation,performanz
1189,2026-01-19 15:35:00,1,1,2,0,0,0.8731214661548308,2.783993470356081,0,0,1,performanz,kognition
1190,2026-01-19 15:35:00,1,1,2,0,0,2.1718693084090086,2.783993470356081,0,0,1,kognition,performanz
292,2025-09-02 15:35:00,1,1,3,0,0,2.9181137797250196,3.2246058848930517,0,0,1,kognition,motivation
293,2025-09-02 15:35:00,1,1,3,0,0,1.5706381966606366,3.2246058848930517,0,0,1,motivation,performanz
284,2025-09-09 15:35:00,1,1,3,0,0,1.5378040896760343,3.2246058848930517,0,0,1,performanz,kognition
287,2025-09-09 15:35:00,1,1,3,0,0,1.4351914257609908,3.2246058848930517,0,0,1,kognition,performanz
288,2025-09-09 15:35:00,1,1,3,0,0,1.4903936619228444,3.2246058848930517,0,0,1,performanz,regulation
279,2025-09-16 15:35:00,1,1,3,0,0,2.7252510539421597,3.2246058848930517,0,0,1,regulation,performanz
281,2025-09-16 15:35:00,1,1,3,0,0,1.251220584865645,3.2246058848930517,0,0,1,performanz,kognition
282,2025-09-16 15:35:00,1,1,3,0,0,1.3324706196375335,3.2246058848930517,0,0,1,kognition,regulation
283,2025-09-16 15:35:00,1,1,3,0,0,1.7875366506522181,3.2246058848930517,0,0,1,regulation,kognition
275,2025-09-23 15:35:00,1,1,3,0,0,2.1617743997712537,3.2246058848930517,0,0,1,kognition,performanz
276,2025-09-23 15:35:00,1,1,3,0,1,6.379709390818824,3.2246058848930517,1,1,0,performanz,performanz
277,2025-09-23 15:35:00,1,1,3,1,0,4.539628798615634,3.2246058848930517,1,1,1,performanz,kognition
278,2025-09-23 15:35:00,1,1,3,0,0,2.595393066147158,3.2246058848930517,0,0,1,kognition,regulation
268,2025-10-07 15:35:00,1,1,3,0,0,1.2759202443704196,3.2246058848930517,0,0,1,regulation,kognition
269,2025-10-07 15:35:00,1,1,3,0,0,0.9939632335466313,3.2246058848930517,0,0,1,kognition,methodik
270,2025-10-07 15:35:00,1,1,3,0,0,2.194713553947566,3.2246058848930517,0,0,1,methodik,kognition
272,2025-10-07 15:35:00,1,1,3,0,0,1.22625134080505,3.2246058848930517,0,0,1,kognition,performanz
263,2025-10-21 15:35:00,1,1,3,0,0,1.8563722376860212,3.2246058848930517,0,0,1,performanz,regulation
265,2025-10-21 15:35:00,1,1,3,0,0,1.738427520183399,3.2246058848930517,0,0,1,regulation,kognition
266,2025-10-21 15:35:00,1,1,3,0,0,1.9599643639255733,3.2246058848930517,0,0,1,kognition,motivation
267,2025-10-21 15:35:00,1,1,3,0,0,1.5358647116544983,3.2246058848930517,0,0,1,motivation,kognition
262,2025-10-28 15:35:00,1,1,3,0,0,2.0714866039273083,3.2246058848930517,0,0,1,kognition,regulation
254,2025-11-04 15:35:00,1,1,3,0,0,3.230385615156915,3.2246058848930517,0,0,0,regulation,regulation
255,2025-11-04 15:35:00,1,1,3,0,0,1.6475010720734191,3.2246058848930517,0,0,1,regulation,kognition
256,2025-11-04 15:35:00,1,1,3,0,0,1.7694121797453506,3.2246058848930517,0,0,1,kognition,motivation
257,2025-11-04 15:35:00,1,1,3,0,0,1.3721029735643173,3.2246058848930517,0,0,1,motivation,regulation
1363,2025-11-11 15:35:00,1,1,3,0,0,1.3027237464989498,3.2246058848930517,0,0,1,regulation,kognition
1364,2025-11-11 15:35:00,1,1,3,0,0,2.293951737606751,3.2246058848930517,0,0,1,kognition,motivation
1365,2025-11-11 15:35:00,1,1,3,0,0,1.008169036000047,3.2246058848930517,0,0,1,motivation,regulation
1366,2025-11-11 15:35:00,1,1,3,0,0,3.3327320625006718,3.2246058848930517,0,0,0,regulation,regulation
1359,2025-11-18 15:35:00,1,1,3,0,0,0.6646174724919005,3.2246058848930517,0,0,1,regulation,performanz
1360,2025-11-18 15:35:00,1,1,3,0,0,0.7637989457006816,3.2246058848930517,0,0,1,performanz,kognition
1361,2025-11-18 15:35:00,1,1,3,0,0,0.7100184463304222,3.2246058848930517,0,0,1,kognition,regulation
1362,2025-11-18 15:35:00,1,1,3,0,0,1.4922628123240977,3.2246058848930517,0,0,1,regulation,kognition
1355,2025-11-25 15:35:00,1,1,3,0,0,1.3336584381819518,3.2246058848930517,0,0,1,kognition,performanz
1356,2025-11-25 15:35:00,1,1,3,0,0,2.0171068391717415,3.2246058848930517,0,0,1,performanz,kognition
1357,2025-11-25 15:35:00,1,1,3,0,0,2.5856120439164516,3.2246058848930517,0,0,1,kognition,motivation
1358,2025-11-25 15:35:00,1,1,3,0,0,2.7871996231062073,3.2246058848930517,0,0,1,motivation,kognition
1351,2025-12-02 15:35:00,1,1,3,0,1,5.488535961622508,3.2246058848930517,1,1,1,kognition,performanz
1352,2025-12-02 15:35:00,1,1,3,1,0,5.932002422177475,3.2246058848930517,1,1,1,performanz,methodik
1353,2025-12-02 15:35:00,1,1,3,0,0,1.8339563956801417,3.2246058848930517,0,0,1,methodik,kognition
1354,2025-12-02 15:35:00,1,1,3,0,0,2.5402659219504837,3.2246058848930517,0,0,1,kognition,performanz
1347,2025-12-09 15:35:00,1,1,3,0,0,2.302526440292017,3.2246058848930517,0,0,1,performanz,kognition
1348,2025-12-09 15:35:00,1,1,3,0,0,1.2540934371235744,3.2246058848930517,0,0,1,kognition,methodik
1349,2025-12-09 15:35:00,1,1,3,0,0,1.0009186968235793,3.2246058848930517,0,0,1,methodik,kognition
1279,2025-11-03 15:35:00,1,1,43,0,0,2.068339905695628,2.5819446668445587,0,0,1,regulation,motivation
1280,2025-11-03 15:35:00,1,1,43,0,0,2.648274269140089,2.5819446668445587,0,0,1,motivation,kognition
1273,2025-11-10 15:35:00,1,1,43,0,0,2.418413300947131,2.5819446668445587,0,0,1,kognition,motivation
1274,2025-11-10 15:35:00,1,1,43,0,0,2.8861417952631094,2.5819446668445587,0,0,1,motivation,kognition
1275,2025-11-10 15:35:00,1,1,43,0,1,4.010894451239624,2.5819446668445587,1,0,0,kognition,kognition
1276,2025-11-10 15:35:00,1,1,43,1,0,3.1824298817981544,2.5819446668445587,1,0,1,kognition,methodik
1277,2025-11-10 15:35:00,1,1,43,0,0,1.0408485393915836,2.5819446668445587,0,0,1,methodik,kognition
1270,2025-11-17 15:35:00,1,1,43,0,0,3.2319153651939763,2.5819446668445587,0,0,0,kognition,kognition
1271,2025-11-17 15:35:00,1,1,43,0,0,2.726262397873357,2.5819446668445587,0,0,1,kognition,regulation
1272,2025-11-17 15:35:00,1,1,43,0,0,1.0534312924079312,2.5819446668445587,0,0,1,regulation,performanz
1266,2025-11-24 15:35:00,1,1,43,0,0,1.4129853962547556,2.5819446668445587,0,0,1,performanz,regulation
1267,2025-11-24 15:35:00,1,1,43,0,0,2.110042210695379,2.5819446668445587,0,0,1,regulation,motivation
1259,2025-12-01 15:35:00,1,1,43,0,0,2.3543444505752027,2.5819446668445587,0,0,1,motivation,regulation
1260,2025-12-01 15:35:00,1,1,43,0,0,2.117414241205187,2.5819446668445587,0,0,1,regulation,kognition
1263,2025-12-01 15:35:00,1,1,43,0,0,0.9238674327351422,2.5819446668445587,0,0,1,kognition,motivation
1254,2025-12-08 15:35:00,1,1,43,0,0,1.6298481211606124,2.5819446668445587,0,0,1,motivation,regulation
1256,2025-12-08 15:35:00,1,1,43,0,0,2.363128869630589,2.5819446668445587,0,0,1,regulation,motivation
1257,2025-12-08 15:35:00,1,1,43,0,0,1.9525540009730762,2.5819446668445587,0,0,1,motivation,methodik
1258,2025-12-08 15:35:00,1,1,43,0,0,1.3117484978903737,2.5819446668445587,0,0,1,methodik,motivation
1241,2026-01-12 15:35:00,1,1,43,0,0,1.4550804489394231,2.5819446668445587,0,0,1,motivation,kognition
1242,2026-01-12 15:35:00,1,1,43,0,0,1.7415167203048212,2.5819446668445587,0,0,1,kognition,methodik
1243,2026-01-12 15:35:00,1,1,43,0,0,0.8645130330569656,2.5819446668445587,0,0,1,methodik,performanz
1244,2026-01-12 15:35:00,1,1,43,0,0,1.3780150232403094,2.5819446668445587,0,0,1,performanz,kognition
1240,2026-01-19 15:35:00,1,1,43,0,0,1.3654823433128087,2.5819446668445587,0,0,1,kognition,regulation
436,2025-09-02 17:10:00,1,2,5,0,0,3.2492092363255414,3.015396377927421,0,0,1,kognition,motivation
437,2025-09-02 17:10:00,1,2,5,0,0,1.8993389581759323,3.015396377927421,0,0,1,motivation,kognition
430,2025-09-09 17:10:00,1,2,5,0,0,2.603495880934035,3.015396377927421,0,0,1,kognition,motivation
431,2025-09-09 17:10:00,1,2,5,0,1,4.85242260355447,3.015396377927421,1,1,1,motivation,performanz
432,2025-09-09 17:10:00,1,2,5,1,0,5.793425877440113,3.015396377927421,1,1,0,performanz,performanz
433,2025-09-09 17:10:00,1,2,5,0,0,0.7062620130733563,3.015396377927421,0,0,1,performanz,methodik
426,2025-09-16 17:10:00,1,2,5,0,0,0.9895849103492512,3.015396377927421,0,0,1,methodik,kognition
427,2025-09-16 17:10:00,1,2,5,0,0,1.2712917089004798,3.015396377927421,0,0,1,kognition,motivation
428,2025-09-16 17:10:00,1,2,5,0,0,1.4319628551674686,3.015396377927421,0,0,1,motivation,kognition
423,2025-09-23 17:10:00,1,2,5,0,0,1.3192541619742169,3.015396377927421,0,0,1,kognition,regulation
424,2025-09-23 17:10:00,1,2,5,0,0,1.1350610785606186,3.015396377927421,0,0,1,regulation,methodik
425,2025-09-23 17:10:00,1,2,5,0,0,0.6671637290258644,3.015396377927421,0,0,1,methodik,kognition
418,2025-09-30 17:10:00,1,2,5,0,0,0.8381926592581186,3.015396377927421,0,0,1,kognition,performanz
419,2025-09-30 17:10:00,1,2,5,0,0,0.849859896374063,3.015396377927421,0,0,1,performanz,regulation
420,2025-09-30 17:10:00,1,2,5,0,0,0.684058472118052,3.015396377927421,0,0,1,regulation,methodik
411,2025-10-21 17:10:00,1,2,5,0,0,1.4508089790206218,3.015396377927421,0,0,1,methodik,performanz
412,2025-10-21 17:10:00,1,2,5,0,0,1.0317346138819774,3.015396377927421,0,0,1,performanz,kognition
413,2025-10-21 17:10:00,1,2,5,0,0,1.7627028507869094,3.015396377927421,0,0,1,kognition,methodik
414,2025-10-21 17:10:00,1,2,5,0,0,0.5243408022010086,3.015396377927421,0,0,1,methodik,kognition
406,2025-10-28 17:10:00,1,2,5,0,0,1.222197156912988,3.015396377927421,0,0,1,kognition,performanz
407,2025-10-28 17:10:00,1,2,5,0,0,1.295038842655836,3.015396377927421,0,0,1,performanz,kognition
409,2025-10-28 17:10:00,1,2,5,0,0,1.358954938182613,3.015396377927421,0,0,1,kognition,regulation
410,2025-10-28 17:10:00,1,2,5,0,0,1.4556359205989777,3.015396377927421,0,0,1,regulation,motivation
401,2025-11-04 17:10:00,1,2,5,0,0,2.4858744509957265,3.015396377927421,0,0,1,motivation,kognition
404,2025-11-04 17:10:00,1,2,5,0,0,1.895254467260236,3.015396377927421,0,0,1,kognition,motivation
405,2025-11-04 17:10:00,1,2,5,0,0,1.8850252263675313,3.015396377927421,0,0,1,motivation,regulation
1634,2025-11-11 17:10:00,1,2,5,0,0,1.290326763746954,3.015396377927421,0,0,1,regulation,kognition
1636,2025-11-11 17:10:00,1,2,5,0,0,1.0732416254914392,3.015396377927421,0,0,1,kognition,motivation
1637,2025-11-11 17:10:00,1,2,5,0,0,1.889937340429559,3.015396377927421,0,0,1,motivation,kognition
1638,2025-11-11 17:10:00,1,2,5,0,0,1.4547599214895348,3.015396377927421,0,0,1,kognition,performanz
1625,2025-11-18 17:10:00,1,2,5,0,0,1.8929479095567783,3.015396377927421,0,0,1,performanz,kognition
1626,2025-11-18 17:10:00,1,2,5,0,0,1.2540934371235744,3.015396377927421,0,0,1,kognition,methodik
1627,2025-11-18 17:10:00,1,2,5,0,0,1.3557003769415663,3.015396377927421,0,0,1,methodik,kognition
1628,2025-11-18 17:10:00,1,2,5,0,0,1.3055487556632956,3.015396377927421,0,0,1,kognition,performanz
1620,2025-11-25 17:10:00,1,2,5,0,1,6.5902786602657,3.015396377927421,1,1,0,performanz,performanz
1622,2025-11-25 17:10:00,1,2,5,1,0,5.105151235327963,3.015396377927421,1,1,1,performanz,kognition
1623,2025-11-25 17:10:00,1,2,5,0,0,1.5517008669630965,3.015396377927421,0,0,1,kognition,performanz
1610,2025-12-02 17:10:00,1,2,5,0,1,2.061000487846009,3.015396377927421,1,0,1,performanz,regulation
1612,2025-12-02 17:10:00,1,2,5,1,0,3.1380131609124895,3.015396377927421,1,0,1,regulation,kognition
1613,2025-12-02 17:10:00,1,2,5,0,0,1.4406646229194646,3.015396377927421,0,0,1,kognition,motivation
1987,2025-09-09 17:10:00,1,2,7,0,0,1.0495212831539822,2.077368011008332,0,0,1,kognition,regulation
1989,2025-09-09 17:10:00,1,2,7,0,0,1.760221991769326,2.077368011008332,0,0,1,regulation,kognition
1990,2025-09-09 17:10:00,1,2,7,0,0,1.2071522622645638,2.077368011008332,0,0,1,kognition,methodik
1991,2025-09-09 17:10:00,1,2,7,0,0,2.2108942706836725,2.077368011008332,0,0,1,methodik,kognition
1979,2025-09-16 17:10:00,1,2,7,0,0,0.8142479887728463,2.077368011008332,0,0,1,kognition,methodik
1980,2025-09-16 17:10:00,1,2,7,0,0,1.6842306173226786,2.077368011008332,0,0,1,methodik,regulation
1981,2025-09-16 17:10:00,1,2,7,0,0,2.4599217194866414,2.077368011008332,0,0,1,regulation,kognition
1969,2025-09-30 17:10:00,1,2,7,0,0,2.696559595141829,2.077368011008332,0,0,1,kognition,motivation
1970,2025-09-30 17:10:00,1,2,7,0,0,0.8227744129889992,2.077368011008332,0,0,1,motivation,kognition
1971,2025-09-30 17:10:00,1,2,7,0,0,0.6418676050314654,2.077368011008332,0,0,1,kognition,regulation
1972,2025-09-30 17:10:00,1,2,7,0,0,1.2231848673866823,2.077368011008332,0,0,1,regulation,kognition
1964,2025-10-21 17:10:00,1,2,7,0,0,1.2708781160227125,2.077368011008332,0,0,1,kognition,motivation
1965,2025-10-21 17:10:00,1,2,7,0,0,2.017750981280051,2.077368011008332,0,0,1,motivation,kognition
1967,2025-10-21 17:10:00,1,2,7,0,0,2.4072781443019666,2.077368011008332,0,0,0,kognition,kognition
1968,2025-10-21 17:10:00,1,2,7,0,0,1.9354515202986253,2.077368011008332,0,0,1,kognition,motivation
517,2025-09-02 17:10:00,1,2,8,0,0,0.779617428060311,3.3132481050124682,0,0,1,performanz,kognition
518,2025-09-02 17:10:00,1,2,8,0,0,1.0044744055517618,3.3132481050124682,0,0,1,kognition,performanz
507,2025-09-09 17:10:00,1,2,8,0,0,0.6976779871659977,3.3132481050124682,0,0,1,performanz,kognition
509,2025-09-09 17:10:00,1,2,8,0,0,1.5196967355705158,3.3132481050124682,0,0,1,kognition,motivation
510,2025-09-09 17:10:00,1,2,8,0,0,0.9997454654834889,3.3132481050124682,0,0,1,motivation,kognition
501,2025-09-16 17:10:00,1,2,8,0,0,1.7964135153208507,3.3132481050124682,0,0,1,kognition,motivation
486,2025-09-23 17:10:00,1,2,8,0,0,1.595728274602729,3.3132481050124682,0,0,1,motivation,performanz
487,2025-09-23 17:10:00,1,2,8,0,0,1.1441387152127827,3.3132481050124682,0,0,1,performanz,kognition
488,2025-09-23 17:10:00,1,2,8,0,0,1.4050905067324415,3.3132481050124682,0,0,1,kognition,motivation
489,2025-09-23 17:10:00,1,2,8,0,0,0.49446668151177997,3.3132481050124682,0,0,1,motivation,kognition
490,2025-09-23 17:10:00,1,2,8,0,0,1.4115949565225296,3.3132481050124682,0,0,1,kognition,performanz
478,2025-09-30 17:10:00,1,2,8,0,0,2.532064291951663,3.3132481050124682,0,0,1,performanz,motivation
479,2025-09-30 17:10:00,1,2,8,0,0,2.3604032298694455,3.3132481050124682,0,0,1,motivation,performanz
469,2025-10-07 17:10:00,1,2,8,0,0,1.5557490075591889,3.3132481050124682,0,0,1,performanz,kognition
470,2025-10-07 17:10:00,1,2,8,0,1,6.261435406384978,3.3132481050124682,1,1,1,kognition,performanz
471,2025-10-07 17:10:00,1,2,8,1,0,5.6595833049576605,3.3132481050124682,1,1,1,performanz,kognition
472,2025-10-07 17:10:00,1,2,8,0,0,1.5251773703474623,3.3132481050124682,0,0,1,kognition,performanz
460,2025-10-21 17:10:00,1,2,8,0,0,1.5600293520657453,3.3132481050124682,0,0,1,performanz,kognition
446,2025-11-04 17:10:00,1,2,8,0,0,0.995489644083455,3.3132481050124682,0,0,1,kognition,performanz
447,2025-11-04 17:10:00,1,2,8,0,0,0.8502749088600128,3.3132481050124682,0,0,1,performanz,kognition
449,2025-11-04 17:10:00,1,2,8,0,1,6.83984186520538,3.3132481050124682,1,1,1,kognition,performanz
450,2025-11-04 17:10:00,1,2,8,1,0,6.458387750615406,3.3132481050124682,1,1,1,performanz,regulation
1524,2025-11-25 17:10:00,1,2,8,0,0,1.3437612745640488,3.3132481050124682,0,0,1,regulation,kognition
1525,2025-11-25 17:10:00,1,2,8,0,0,1.1706925175766238,3.3132481050124682,0,0,1,kognition,performanz
1527,2025-11-25 17:10:00,1,2,8,0,0,1.346023048265479,3.3132481050124682,0,0,1,performanz,kognition
1516,2025-12-02 17:10:00,1,2,8,0,0,2.366288404952502,3.3132481050124682,0,0,1,kognition,motivation
1517,2025-12-02 17:10:00,1,2,8,0,0,2.4837842099276353,3.3132481050124682,0,0,1,motivation,performanz
1505,2025-12-09 17:10:00,1,2,8,0,0,1.3083359515923128,3.3132481050124682,0,0,1,performanz,regulation
1507,2025-12-09 17:10:00,1,2,8,0,0,1.6768594573090272,3.3132481050124682,0,0,1,regulation,kognition
1508,2025-12-09 17:10:00,1,2,8,0,0,0.8675052141027849,3.3132481050124682,0,0,1,kognition,methodik
594,2025-09-02 17:10:00,1,2,9,0,0,1.7310938883892135,2.6079086913307465,0,0,1,performanz,kognition
585,2025-09-09 17:10:00,1,2,9,0,0,0.8766682677684193,2.6079086913307465,0,0,1,kognition,performanz
586,2025-09-09 17:10:00,1,2,9,0,0,0.5567850615370776,2.6079086913307465,0,0,1,performanz,kognition
575,2025-09-16 17:10:00,1,2,9,0,0,1.2354524734594463,2.6079086913307465,0,0,1,kognition,performanz
576,2025-09-16 17:10:00,1,2,9,0,1,2.7840892763677783,2.6079086913307465,1,0,1,performanz,kognition
577,2025-09-16 17:10:00,1,2,9,1,0,2.054026622684541,2.6079086913307465,1,0,1,kognition,performanz
562,2025-09-30 17:10:00,1,2,9,0,0,1.292744728651445,2.6079086913307465,0,0,1,performanz,kognition
563,2025-09-30 17:10:00,1,2,9,0,0,1.4212913764551538,2.6079086913307465,0,0,1,kognition,performanz
555,2025-10-28 17:10:00,1,2,9,0,1,4.822907987592975,2.6079086913307465,1,1,0,performanz,performanz
544,2025-11-04 17:10:00,1,2,9,1,0,5.865885993088195,2.6079086913307465,1,1,1,performanz,kognition
546,2025-11-04 17:10:00,1,2,9,0,0,1.5519098571333971,2.6079086913307465,0,0,1,kognition,regulation
547,2025-11-04 17:10:00,1,2,9,0,0,2.148498155569589,2.6079086913307465,0,0,1,regulation,kognition
1836,2025-11-11 17:10:00,1,2,9,0,0,1.8175511280573502,2.6079086913307465,0,0,1,kognition,performanz
1837,2025-11-11 17:10:00,1,2,9,0,0,1.153932038080011,2.6079086913307465,0,0,1,performanz,kognition
1838,2025-11-11 17:10:00,1,2,9,0,0,1.4608006416181205,2.6079086913307465,0,0,1,kognition,regulation
1827,2025-11-18 17:10:00,1,2,9,0,0,1.6196060245675814,2.6079086913307465,0,0,1,regulation,kognition
1829,2025-11-18 17:10:00,1,2,9,0,0,1.6125713538808597,2.6079086913307465,0,0,1,kognition,motivation
1830,2025-11-18 17:10:00,1,2,9,0,0,1.738230184360965,2.6079086913307465,0,0,1,motivation,regulation
1818,2025-11-25 17:10:00,1,2,9,0,0,0.6707351676655359,2.6079086913307465,0,0,1,regulation,kognition
1820,2025-11-25 17:10:00,1,2,9,0,0,1.5402026652128749,2.6079086913307465,0,0,1,kognition,performanz
1821,2025-11-25 17:10:00,1,2,9,0,0,1.4066146844394425,2.6079086913307465,0,0,1,performanz,kognition
1810,2025-12-02 17:10:00,1,2,9,0,0,2.0829838936938634,2.6079086913307465,0,0,1,kognition,motivation
1811,2025-12-02 17:10:00,1,2,9,0,0,2.084263557766258,2.6079086913307465,0,0,1,motivation,performanz
1812,2025-12-02 17:10:00,1,2,9,0,0,1.5002973272833853,2.6079086913307465,0,0,1,performanz,regulation
1799,2025-12-09 17:10:00,1,2,9,0,0,1.619116027361259,2.6079086913307465,0,0,1,regulation,performanz
1800,2025-12-09 17:10:00,1,2,9,0,0,1.6956059669299968,2.6079086913307465,0,0,1,performanz,kognition
1803,2025-12-09 17:10:00,1,2,9,0,0,1.6401089136647293,2.6079086913307465,0,0,1,kognition,performanz
181,2025-10-07 17:10:00,1,2,13,0,0,1.2083735918105045,1.5567359497545283,0,0,1,regulation,kognition
182,2025-10-07 17:10:00,1,2,13,0,0,1.4263088827298085,1.5567359497545283,0,0,1,kognition,performanz
183,2025-10-07 17:10:00,1,2,13,0,0,1.5791230298556462,1.5567359497545283,0,0,1,performanz,regulation
126,2025-09-01 17:10:00,1,2,16,0,0,1.161396496533734,2.0526338812839615,0,0,1,performanz,kognition
127,2025-09-01 17:10:00,1,2,16,0,0,1.8366090776902866,2.0526338812839615,0,0,1,kognition,regulation
128,2025-09-01 17:10:00,1,2,16,0,0,1.9236900610258652,2.0526338812839615,0,0,1,regulation,motivation
129,2025-09-01 17:10:00,1,2,16,0,0,1.5701894471187876,2.0526338812839615,0,0,1,motivation,kognition
118,2025-09-08 17:10:00,1,2,16,0,0,1.9724283887279848,2.0526338812839615,0,0,1,kognition,regulation
119,2025-09-08 17:10:00,1,2,16,0,0,1.6648826106001597,2.0526338812839615,0,0,1,regulation,performanz
106,2025-09-15 17:10:00,1,2,16,0,0,1.4314068249477216,2.0526338812839615,0,0,1,performanz,kognition
108,2025-09-15 17:10:00,1,2,16,0,0,0.7587783796839729,2.0526338812839615,0,0,1,kognition,performanz
109,2025-09-15 17:10:00,1,2,16,0,1,3.380161351878041,2.0526338812839615,1,0,1,performanz,sozial
110,2025-09-15 17:10:00,1,2,16,1,0,3.009530819796163,2.0526338812839615,1,0,1,sozial,kognition
104,2025-09-22 17:10:00,1,2,16,0,0,1.3852435387102142,2.0526338812839615,0,0,1,kognition,performanz
105,2025-09-22 17:10:00,1,2,16,0,0,1.421467974528523,2.0526338812839615,0,0,1,performanz,kognition
93,2025-09-29 17:10:00,1,2,16,0,0,2.067723964309623,2.0526338812839615,0,0,0,kognition,kognition
94,2025-09-29 17:10:00,1,2,16,0,0,1.4681288329610196,2.0526338812839615,0,0,1,kognition,performanz
96,2025-09-29 17:10:00,1,2,16,0,0,1.43104726361556,2.0526338812839615,0,0,1,performanz,kognition
97,2025-09-29 17:10:00,1,2,16,0,0,2.515376938581687,2.0526338812839615,0,0,0,kognition,kognition
87,2025-10-20 17:10:00,1,2,16,0,0,2.3540797651686525,2.0526338812839615,0,0,1,kognition,regulation
88,2025-10-20 17:10:00,1,2,16,0,0,0.8184047611251545,2.0526338812839615,0,0,1,regulation,performanz
75,2025-10-27 17:10:00,1,2,16,0,0,1.5733462082032048,2.0526338812839615,0,0,1,performanz,kognition
78,2025-10-27 17:10:00,1,2,16,0,0,1.1632948123996458,2.0526338812839615,0,0,1,kognition,performanz
68,2025-11-03 17:10:00,1,2,16,0,0,2.3485229379071444,2.0526338812839615,0,0,1,performanz,regulation
69,2025-11-03 17:10:00,1,2,16,0,0,1.5612004997450992,2.0526338812839615,0,0,1,regulation,kognition
70,2025-11-03 17:10:00,1,2,16,0,0,1.4585900713435713,2.0526338812839615,0,0,1,kognition,methodik
71,2025-11-03 17:10:00,1,2,16,0,0,1.1219895015408232,2.0526338812839615,0,0,1,methodik,kognition
1060,2025-11-10 17:10:00,1,2,16,0,0,1.446221170985541,2.0526338812839615,0,0,1,kognition,methodik
1061,2025-11-10 17:10:00,1,2,16,0,0,1.209775882425787,2.0526338812839615,0,0,1,methodik,kognition
1062,2025-11-10 17:10:00,1,2,16,0,0,1.0567767258216962,2.0526338812839615,0,0,1,kognition,performanz
1044,2025-11-24 17:10:00,1,2,16,0,0,1.2668592197243471,2.0526338812839615,0,0,1,performanz,kognition
1048,2025-11-24 17:10:00,1,2,16,0,0,1.7821376457173936,2.0526338812839615,0,0,1,kognition,regulation
1035,2025-12-01 17:10:00,1,2,16,0,0,1.1942892750925211,2.0526338812839615,0,0,1,regulation,kognition
1037,2025-12-01 17:10:00,1,2,16,0,0,1.3512322343939642,2.0526338812839615,0,0,1,kognition,regulation
1038,2025-12-01 17:10:00,1,2,16,0,0,1.4835531466992238,2.0526338812839615,0,0,1,regulation,kognition
1039,2025-12-01 17:10:00,1,2,16,0,0,0.9911396134216461,2.0526338812839615,0,0,1,kognition,performanz
1027,2025-12-08 17:10:00,1,2,16,0,0,1.2138164432819651,2.0526338812839615,0,0,1,performanz,regulation
1029,2025-12-08 17:10:00,1,2,16,0,0,1.3121126777007612,2.0526338812839615,0,0,1,regulation,kognition
58,2025-09-01 17:10:00,1,2,20,0,0,1.0918165659048822,2.9897062045635265,0,0,1,performanz,kognition
59,2025-09-01 17:10:00,1,2,20,0,0,0.8011901998027852,2.9897062045635265,0,0,1,kognition,performanz
61,2025-09-01 17:10:00,1,2,20,0,0,1.9309024071200862,2.9897062045635265,0,0,1,performanz,kognition
47,2025-09-08 17:10:00,1,2,20,0,0,1.6174187131508206,2.9897062045635265,0,0,1,kognition,performanz
48,2025-09-08 17:10:00,1,2,20,0,0,1.614539679066596,2.9897062045635265,0,0,1,performanz,kognition
51,2025-09-08 17:10:00,1,2,20,0,0,2.476841593561246,2.9897062045635265,0,0,1,kognition,methodik
39,2025-09-15 17:10:00,1,2,20,0,0,0.9986294855845181,2.9897062045635265,0,0,1,methodik,performanz
40,2025-09-15 17:10:00,1,2,20,0,0,1.2544705546101893,2.9897062045635265,0,0,1,performanz,kognition
41,2025-09-15 17:10:00,1,2,20,0,0,1.0741119122431273,2.9897062045635265,0,0,1,kognition,performanz
42,2025-09-15 17:10:00,1,2,20,0,0,1.604050668969938,2.9897062045635265,0,0,1,performanz,kognition
43,2025-09-15 17:10:00,1,2,20,0,0,1.6939354141481342,2.9897062045635265,0,0,1,kognition,regulation
31,2025-09-22 17:10:00,1,2,20,0,0,1.652284787660357,2.9897062045635265,0,0,1,regulation,kognition
33,2025-09-22 17:10:00,1,2,20,0,0,0.8113776029501514,2.9897062045635265,0,0,1,kognition,performanz
22,2025-09-29 17:10:00,1,2,20,0,0,2.931458712648135,2.9897062045635265,0,0,1,performanz,kognition
24,2025-09-29 17:10:00,1,2,20,0,1,8.282500382486289,2.9897062045635265,1,1,1,kognition,regulation
25,2025-09-29 17:10:00,1,2,20,1,0,7.142860171820776,2.9897062045635265,1,1,1,regulation,kognition
18,2025-10-20 17:10:00,1,2,20,0,0,2.0320404944683346,2.9897062045635265,0,0,1,kognition,motivation
20,2025-10-20 17:10:00,1,2,20,0,0,1.2655002624028298,2.9897062045635265,0,0,1,motivation,performanz
6,2025-10-27 17:10:00,1,2,20,0,0,1.3831308151302684,2.9897062045635265,0,0,1,performanz,kognition
7,2025-10-27 17:10:00,1,2,20,0,0,0.8699759964281336,2.9897062045635265,0,0,1,kognition,performanz
9,2025-10-27 17:10:00,1,2,20,0,0,1.705594571513802,2.9897062045635265,0,0,1,performanz,kognition
10,2025-10-27 17:10:00,1,2,20,0,0,1.0649359795109152,2.9897062045635265,0,0,1,kognition,regulation
1,2025-11-03 17:10:00,1,2,20,0,0,2.0009470871169412,2.9897062045635265,0,0,1,regulation,kognition
2,2025-11-03 17:10:00,1,2,20,0,0,0.5502574598382348,2.9897062045635265,0,0,1,kognition,methodik
3,2025-11-03 17:10:00,1,2,20,0,0,1.8320269337795645,2.9897062045635265,0,0,1,methodik,performanz
4,2025-11-03 17:10:00,1,2,20,0,0,1.94897278039507,2.9897062045635265,0,0,1,performanz,kognition
5,2025-11-03 17:10:00,1,2,20,0,0,1.5535166100492157,2.9897062045635265,0,0,1,kognition,regulation
1585,2025-11-10 17:10:00,1,2,20,0,0,1.9684936863481304,2.9897062045635265,0,0,1,regulation,kognition
1588,2025-11-10 17:10:00,1,2,20,0,0,1.6735423463233696,2.9897062045635265,0,0,1,kognition,performanz
1575,2025-11-17 17:10:00,1,2,20,0,0,1.4172774443586613,2.9897062045635265,0,0,1,performanz,kognition
1578,2025-11-17 17:10:00,1,2,20,0,0,1.3998132282001619,2.9897062045635265,0,0,1,kognition,performanz
1570,2025-11-24 17:10:00,1,2,20,0,0,1.426335337957144,2.9897062045635265,0,0,1,performanz,kognition
1571,2025-11-24 17:10:00,1,2,20,0,0,2.4860685186689477,2.9897062045635265,0,0,1,kognition,regulation
1572,2025-11-24 17:10:00,1,2,20,0,0,1.3115325989338846,2.9897062045635265,0,0,1,regulation,kognition
1573,2025-11-24 17:10:00,1,2,20,0,0,1.248862694677293,2.9897062045635265,0,0,1,kognition,performanz
1563,2025-12-01 17:10:00,1,2,20,0,0,2.2239578483029687,2.9897062045635265,0,0,1,performanz,kognition
1564,2025-12-01 17:10:00,1,2,20,0,0,1.0207126181860808,2.9897062045635265,0,0,1,kognition,performanz
1565,2025-12-01 17:10:00,1,2,20,0,0,1.604050668969938,2.9897062045635265,0,0,1,performanz,kognition
1557,2025-12-08 17:10:00,1,2,20,0,0,1.095259266826998,2.9897062045635265,0,0,1,kognition,performanz
1559,2025-12-08 17:10:00,1,2,20,0,0,1.5619701458335156,2.9897062045635265,0,0,1,performanz,regulation
1560,2025-12-08 17:10:00,1,2,20,0,0,1.7179308722071203,2.9897062045635265,0,0,1,regulation,performanz
166,2025-09-01 17:10:00,1,2,21,0,0,1.203670678046946,2.5133990667534087,0,0,1,regulation,kognition
168,2025-09-01 17:10:00,1,2,21,0,0,1.7821376457173936,2.5133990667534087,0,0,1,kognition,regulation
159,2025-09-08 17:10:00,1,2,21,0,0,1.2479647723240461,2.5133990667534087,0,0,1,regulation,performanz
161,2025-09-08 17:10:00,1,2,21,0,0,1.908484237029131,2.5133990667534087,0,0,1,performanz,kognition
162,2025-09-08 17:10:00,1,2,21,0,0,1.7313797609225379,2.5133990667534087,0,0,1,kognition,performanz
154,2025-09-15 17:10:00,1,2,21,0,0,1.7971317371416353,2.5133990667534087,0,0,1,performanz,kognition
155,2025-09-15 17:10:00,1,2,21,0,0,1.3733632387666506,2.5133990667534087,0,0,1,kognition,methodik
156,2025-09-15 17:10:00,1,2,21,0,0,3.362425556864464,2.5133990667534087,0,0,1,methodik,motivation
157,2025-09-15 17:10:00,1,2,21,0,1,1.6294767385539102,2.5133990667534087,1,0,1,motivation,performanz
150,2025-09-22 17:10:00,1,2,21,1,0,3.6087157057074393,2.5133990667534087,1,0,0,performanz,performanz
152,2025-09-22 17:10:00,1,2,21,0,0,1.5181137084695895,2.5133990667534087,0,0,1,performanz,regulation
145,2025-09-29 17:10:00,1,2,21,0,0,0.9782942598973718,2.5133990667534087,0,0,1,regulation,performanz
146,2025-09-29 17:10:00,1,2,21,0,0,1.4985974906091613,2.5133990667534087,0,0,1,performanz,kognition
147,2025-09-29 17:10:00,1,2,21,0,0,2.5715713842571377,2.5133990667534087,0,0,1,kognition,motivation
148,2025-09-29 17:10:00,1,2,21,0,0,2.070801863389156,2.5133990667534087,0,0,1,motivation,kognition
140,2025-10-20 17:10:00,1,2,21,0,0,1.5616480591358806,2.5133990667534087,0,0,1,kognition,performanz
141,2025-10-20 17:10:00,1,2,21,0,0,1.4985974906091613,2.5133990667534087,0,0,1,performanz,kognition
142,2025-10-20 17:10:00,1,2,21,0,0,1.9699819477831864,2.5133990667534087,0,0,1,kognition,regulation
143,2025-10-20 17:10:00,1,2,21,0,0,0.7810298220778484,2.5133990667534087,0,0,1,regulation,performanz
144,2025-10-20 17:10:00,1,2,21,0,0,1.3262847836338427,2.5133990667534087,0,0,1,performanz,kognition
138,2025-10-27 17:10:00,1,2,21,0,0,1.7519138403220837,2.5133990667534087,0,0,1,kognition,methodik
130,2025-11-03 17:10:00,1,2,21,0,0,1.000597118099966,2.5133990667534087,0,0,1,methodik,kognition
131,2025-11-03 17:10:00,1,2,21,0,0,0.7375563096369632,2.5133990667534087,0,0,1,kognition,performanz
132,2025-11-03 17:10:00,1,2,21,0,0,1.609787358965027,2.5133990667534087,0,0,1,performanz,kognition
133,2025-11-03 17:10:00,1,2,21,0,0,1.3665143561594404,2.5133990667534087,0,0,1,kognition,motivation
134,2025-11-03 17:10:00,1,2,21,0,0,1.3299992473988684,2.5133990667534087,0,0,1,motivation,kognition
1101,2025-11-10 17:10:00,1,2,21,0,0,1.3677552124744483,2.5133990667534087,0,0,1,kognition,performanz
1102,2025-11-10 17:10:00,1,2,21,0,0,1.2506382955102322,2.5133990667534087,0,0,1,performanz,kognition
1103,2025-11-10 17:10:00,1,2,21,0,1,4.439405098689788,2.5133990667534087,1,1,1,kognition,performanz
1096,2025-11-17 17:10:00,1,2,21,1,0,5.818086191334646,2.5133990667534087,1,1,0,performanz,performanz
1097,2025-11-17 17:10:00,1,2,21,0,0,1.2150958643866292,2.5133990667534087,0,0,1,performanz,kognition
1094,2025-11-24 17:10:00,1,2,21,0,0,1.5033485662403705,2.5133990667534087,0,0,1,kognition,performanz
1095,2025-11-24 17:10:00,1,2,21,0,0,1.3276216289068883,2.5133990667534087,0,0,1,performanz,motivation
1089,2025-12-01 17:10:00,1,2,21,0,0,2.032167386052938,2.5133990667534087,0,0,1,motivation,performanz
1090,2025-12-01 17:10:00,1,2,21,0,0,1.2727164067969101,2.5133990667534087,0,0,1,performanz,motivation
1091,2025-12-01 17:10:00,1,2,21,0,0,1.0892276847554565,2.5133990667534087,0,0,1,motivation,performanz
1082,2025-12-08 17:10:00,1,2,21,0,0,1.1374738540719453,2.5133990667534087,0,0,1,performanz,kognition
1084,2025-12-08 17:10:00,1,2,21,0,0,1.2563825264613644,2.5133990667534087,0,0,1,kognition,performanz
1085,2025-12-08 17:10:00,1,2,21,0,0,1.2159085552018452,2.5133990667534087,0,0,1,performanz,kognition
2880,2025-10-07 17:10:00,1,2,22,0,0,0.9403208573527305,1.8665533523581295,0,0,1,regulation,kognition
2881,2025-10-07 17:10:00,1,2,22,0,0,1.2972351155109552,1.8665533523581295,0,0,1,kognition,performanz
2882,2025-10-07 17:10:00,1,2,22,0,0,1.35687510761522,1.8665533523581295,0,0,1,performanz,kognition
2883,2025-10-07 17:10:00,1,2,22,0,0,2.1325097252236955,1.8665533523581295,0,0,1,kognition,performanz
242,2025-09-01 17:10:00,1,2,23,0,0,1.209858564805051,3.0253388336781333,0,0,1,performanz,kognition
243,2025-09-01 17:10:00,1,2,23,0,0,1.5053225276277578,3.0253388336781333,0,0,1,kognition,regulation
244,2025-09-01 17:10:00,1,2,23,0,0,1.774492529533874,3.0253388336781333,0,0,1,regulation,performanz
236,2025-09-15 17:10:00,1,2,23,0,0,0.8865317626192771,3.0253388336781333,0,0,1,performanz,motivation
237,2025-09-15 17:10:00,1,2,23,0,0,2.770239387229743,3.0253388336781333,0,0,1,motivation,kognition
238,2025-09-15 17:10:00,1,2,23,0,0,1.9116758125058735,3.0253388336781333,0,0,1,kognition,performanz
239,2025-09-15 17:10:00,1,2,23,0,0,2.338997140542338,3.0253388336781333,0,0,1,performanz,motivation
240,2025-09-15 17:10:00,1,2,23,0,0,2.457035920979145,3.0253388336781333,0,0,1,motivation,performanz
231,2025-09-22 17:10:00,1,2,23,0,0,1.5769593387090133,3.0253388336781333,0,0,1,performanz,kognition
232,2025-09-22 17:10:00,1,2,23,0,0,1.529234504163412,3.0253388336781333,0,0,1,kognition,performanz
233,2025-09-22 17:10:00,1,2,23,0,0,1.4477448568440128,3.0253388336781333,0,0,1,performanz,methodik
234,2025-09-22 17:10:00,1,2,23,0,0,1.5310878786415643,3.0253388336781333,0,0,1,methodik,motivation
235,2025-09-22 17:10:00,1,2,23,0,0,1.004989486815351,3.0253388336781333,0,0,1,motivation,performanz
226,2025-09-29 17:10:00,1,2,23,0,0,1.4547565082680305,3.0253388336781333,0,0,1,performanz,kognition
224,2025-10-20 17:10:00,1,2,23,0,0,1.052810467191793,3.0253388336781333,0,0,1,kognition,regulation
225,2025-10-20 17:10:00,1,2,23,0,0,1.8788337324590052,3.0253388336781333,0,0,1,regulation,motivation
217,2025-10-27 17:10:00,1,2,23,0,1,4.846461477577164,3.0253388336781333,1,1,1,motivation,performanz
218,2025-10-27 17:10:00,1,2,23,1,1,3.1193939305652263,3.0253388336781333,0,1,1,performanz,kognition
219,2025-10-27 17:10:00,1,2,23,1,0,2.7840892763677783,3.0253388336781333,1,0,1,kognition,performanz
220,2025-10-27 17:10:00,1,2,23,0,1,5.166655761039618,3.0253388336781333,1,1,0,performanz,performanz
215,2025-11-03 17:10:00,1,2,23,1,0,6.198265857607665,3.0253388336781333,1,1,1,performanz,regulation
216,2025-11-03 17:10:00,1,2,23,0,0,2.3344254730960157,3.0253388336781333,0,0,1,regulation,kognition
1872,2025-11-10 17:10:00,1,2,23,0,0,2.2320357657622347,3.0253388336781333,0,0,1,kognition,performanz
1873,2025-11-10 17:10:00,1,2,23,0,0,1.614539679066596,3.0253388336781333,0,0,1,performanz,kognition
1874,2025-11-10 17:10:00,1,2,23,0,0,3.0071026255027062,3.0253388336781333,0,0,1,kognition,motivation
1875,2025-11-10 17:10:00,1,2,23,0,0,2.0087447446760422,3.0253388336781333,0,0,1,motivation,performanz
1867,2025-11-17 17:10:00,1,2,23,0,0,1.694018271417613,3.0253388336781333,0,0,1,performanz,kognition
1869,2025-11-17 17:10:00,1,2,23,0,0,2.1116923186919245,3.0253388336781333,0,0,1,kognition,performanz
1870,2025-11-17 17:10:00,1,2,23,0,0,1.968799679292133,3.0253388336781333,0,0,1,performanz,kognition
1871,2025-11-17 17:10:00,1,2,23,0,0,1.1095156884627266,3.0253388336781333,0,0,1,kognition,regulation
1863,2025-11-24 17:10:00,1,2,23,0,0,1.2175683239153603,3.0253388336781333,0,0,1,regulation,performanz
1864,2025-11-24 17:10:00,1,2,23,0,0,1.425129119047169,3.0253388336781333,0,0,1,performanz,methodik
1865,2025-11-24 17:10:00,1,2,23,0,0,2.4377199018324247,3.0253388336781333,0,0,1,methodik,performanz
1866,2025-11-24 17:10:00,1,2,23,0,0,1.3159608464625894,3.0253388336781333,0,0,1,performanz,regulation
1859,2025-12-08 17:10:00,1,2,23,0,0,0.7075541414584833,3.0253388336781333,0,0,1,regulation,kognition
1861,2025-12-08 17:10:00,1,2,23,0,0,1.0731897939586483,3.0253388336781333,0,0,1,kognition,performanz
2202,2025-09-30 17:10:00,1,2,24,1,0,6.57887964095068,6.57887964095068,1,1,0,performanz,performanz
2203,2025-09-30 17:10:00,1,2,24,0,0,1.370517317515784,6.57887964095068,0,0,1,performanz,kognition
799,2025-09-03 15:35:00,1,3,2,0,0,2.684309782594907,2.4039837349437745,0,0,1,kognition,methodik
800,2025-09-03 15:35:00,1,3,2,0,0,1.903876949207981,2.4039837349437745,0,0,1,methodik,regulation
801,2025-09-03 15:35:00,1,3,2,0,0,1.8786314489082054,2.4039837349437745,0,0,1,regulation,performanz
802,2025-09-03 15:35:00,1,3,2,0,0,1.1739691099311471,2.4039837349437745,0,0,1,performanz,kognition
788,2025-09-17 15:35:00,1,3,2,0,0,1.1243041238561902,2.4039837349437745,0,0,1,kognition,performanz
789,2025-09-17 15:35:00,1,3,2,0,0,1.3506652449059964,2.4039837349437745,0,0,1,performanz,kognition
781,2025-09-24 15:35:00,1,3,2,0,0,1.4958183648879697,2.4039837349437745,0,0,1,kognition,methodik
782,2025-09-24 15:35:00,1,3,2,0,0,1.1185569855547748,2.4039837349437745,0,0,1,methodik,regulation
771,2025-10-01 15:35:00,1,3,2,0,0,1.7469868852556611,2.4039837349437745,0,0,1,regulation,kognition
772,2025-10-01 15:35:00,1,3,2,0,0,0.8859717179711148,2.4039837349437745,0,0,1,kognition,performanz
756,2025-10-22 15:35:00,1,3,2,0,0,0.8502842324488536,2.4039837349437745,0,0,1,performanz,kognition
759,2025-10-22 15:35:00,1,3,2,0,0,1.8595379986403158,2.4039837349437745,0,0,1,kognition,performanz
760,2025-10-22 15:35:00,1,3,2,0,0,0.9625538635608657,2.4039837349437745,0,0,1,performanz,regulation
743,2025-10-29 15:35:00,1,3,2,0,0,1.3777454224331964,2.4039837349437745,0,0,1,regulation,kognition
744,2025-10-29 15:35:00,1,3,2,0,0,0.9939632335466313,2.4039837349437745,0,0,1,kognition,methodik
745,2025-10-29 15:35:00,1,3,2,0,0,0.8062148420903372,2.4039837349437745,0,0,1,methodik,regulation
746,2025-10-29 15:35:00,1,3,2,0,0,1.4393586675401002,2.4039837349437745,0,0,1,regulation,performanz
736,2025-11-05 15:35:00,1,3,2,0,0,1.8760914292347333,2.4039837349437745,0,0,1,performanz,motivation
737,2025-11-05 15:35:00,1,3,2,0,0,2.088917426383702,2.4039837349437745,0,0,1,motivation,kognition
1224,2025-11-12 15:35:00,1,3,2,0,0,0.9871645993780824,2.4039837349437745,0,0,1,kognition,performanz
1225,2025-11-12 15:35:00,1,3,2,0,0,1.071150137243917,2.4039837349437745,0,0,1,performanz,kognition
1226,2025-11-12 15:35:00,1,3,2,0,0,0.8263345796896171,2.4039837349437745,0,0,1,kognition,regulation
1227,2025-11-12 15:35:00,1,3,2,0,0,1.1551947509307796,2.4039837349437745,0,0,1,regulation,motivation
1210,2025-11-26 15:35:00,1,3,2,0,0,1.1735786762350546,2.4039837349437745,0,0,1,motivation,performanz
1211,2025-11-26 15:35:00,1,3,2,0,0,1.0216018686596535,2.4039837349437745,0,0,1,performanz,kognition
1212,2025-11-26 15:35:00,1,3,2,0,0,3.441302783083457,2.4039837349437745,0,0,1,kognition,motivation
1201,2025-12-03 15:35:00,1,3,2,0,0,3.551937518179555,2.4039837349437745,0,0,1,motivation,kognition
1202,2025-12-03 15:35:00,1,3,2,0,0,1.2742884966126147,2.4039837349437745,0,0,1,kognition,methodik
1204,2025-12-03 15:35:00,1,3,2,0,0,3.210753558431504,2.4039837349437745,0,0,1,methodik,motivation
1192,2025-12-10 15:35:00,1,3,2,0,0,3.030797900157652,2.4039837349437745,0,0,1,motivation,kognition
1194,2025-12-10 15:35:00,1,3,2,0,0,3.0017410988148483,2.4039837349437745,0,0,0,kognition,kognition
1195,2025-12-10 15:35:00,1,3,2,0,0,3.429046387634511,2.4039837349437745,0,0,0,kognition,kognition
1185,2026-01-21 15:35:00,1,3,2,0,0,1.1673204249577471,2.4039837349437745,0,0,1,kognition,performanz
1187,2026-01-21 15:35:00,1,3,2,0,0,1.4720717981473417,2.4039837349437745,0,0,1,performanz,kognition
710,2025-09-24 15:35:00,1,3,4,0,0,1.033803928212116,2.2475831527567403,0,0,1,kognition,performanz
711,2025-09-24 15:35:00,1,3,4,0,0,0.8864587069536695,2.2475831527567403,0,0,1,performanz,kognition
712,2025-09-24 15:35:00,1,3,4,0,0,2.1317422165259514,2.2475831527567403,0,0,1,kognition,regulation
685,2025-11-05 15:35:00,1,3,4,0,0,1.3027520327621385,2.2475831527567403,0,0,1,regulation,performanz
686,2025-11-05 15:35:00,1,3,4,0,0,2.4807838456676885,2.2475831527567403,0,0,1,performanz,kognition
687,2025-11-05 15:35:00,1,3,4,0,0,2.118105696296652,2.2475831527567403,0,0,1,kognition,motivation
689,2025-11-05 15:35:00,1,3,4,0,0,2.3231434974608876,2.2475831527567403,0,0,1,motivation,kognition
891,2025-09-03 15:35:00,1,3,6,0,0,0.5502574598382348,3.184981966794169,0,0,1,kognition,methodik
892,2025-09-03 15:35:00,1,3,6,0,1,6.905470421739643,3.184981966794169,1,1,1,methodik,performanz
893,2025-09-03 15:35:00,1,3,6,1,0,5.505588330174353,3.184981966794169,1,1,1,performanz,kognition
882,2025-09-10 15:35:00,1,3,6,0,0,3.021800344410724,3.184981966794169,0,0,1,kognition,motivation
883,2025-09-10 15:35:00,1,3,6,0,0,1.469022772756927,3.184981966794169,0,0,1,motivation,kognition
884,2025-09-10 15:35:00,1,3,6,0,0,1.166972109112996,3.184981966794169,0,0,1,kognition,performanz
867,2025-09-24 15:35:00,1,3,6,0,0,1.79275308867841,3.184981966794169,0,0,1,performanz,regulation
868,2025-09-24 15:35:00,1,3,6,0,0,1.6539999771225753,3.184981966794169,0,0,1,regulation,methodik
869,2025-09-24 15:35:00,1,3,6,0,0,0.8759906800505766,3.184981966794169,0,0,1,methodik,kognition
857,2025-10-01 15:35:00,1,3,6,0,0,2.0965314635349905,3.184981966794169,0,0,1,kognition,performanz
858,2025-10-01 15:35:00,1,3,6,0,0,1.1946822216429656,3.184981966794169,0,0,1,performanz,kognition
859,2025-10-01 15:35:00,1,3,6,0,0,2.939399902867887,3.184981966794169,0,0,1,kognition,motivation
860,2025-10-01 15:35:00,1,3,6,0,0,2.066518100727577,3.184981966794169,0,0,1,motivation,kognition
856,2025-10-22 15:35:00,1,3,6,0,0,3.281106708087703,3.184981966794169,0,0,1,kognition,motivation
839,2025-10-29 15:35:00,1,3,6,0,0,1.7215093135027941,3.184981966794169,0,0,1,motivation,performanz
840,2025-10-29 15:35:00,1,3,6,0,0,1.7174522583052996,3.184981966794169,0,0,1,performanz,motivation
841,2025-10-29 15:35:00,1,3,6,0,0,2.1091343625304475,3.184981966794169,0,0,1,motivation,kognition
842,2025-10-29 15:35:00,1,3,6,0,0,1.5708126995587846,3.184981966794169,0,0,1,kognition,regulation
843,2025-10-29 15:35:00,1,3,6,0,1,4.911645703508246,3.184981966794169,1,1,0,regulation,regulation
830,2025-11-05 15:35:00,1,3,6,1,0,5.4789722441230815,3.184981966794169,1,1,1,regulation,kognition
832,2025-11-05 15:35:00,1,3,6,0,0,3.194692710349347,3.184981966794169,0,0,0,kognition,kognition
833,2025-11-05 15:35:00,1,3,6,0,0,1.3935848609919799,3.184981966794169,0,0,1,kognition,motivation
834,2025-11-05 15:35:00,1,3,6,0,0,1.9260677454721076,3.184981966794169,0,0,1,motivation,kognition
1441,2025-11-12 15:35:00,1,3,6,0,0,1.9141647019427437,3.184981966794169,0,0,1,kognition,performanz
1442,2025-11-12 15:35:00,1,3,6,0,0,1.2495483562069183,3.184981966794169,0,0,1,performanz,kognition
1443,2025-11-12 15:35:00,1,3,6,0,0,1.843205604961682,3.184981966794169,0,0,1,kognition,regulation
1421,2025-11-26 15:35:00,1,3,6,0,0,1.1903546339616307,3.184981966794169,0,0,1,regulation,kognition
1424,2025-11-26 15:35:00,1,3,6,0,0,2.0673892293488243,3.184981966794169,0,0,1,kognition,regulation
1411,2025-12-03 15:35:00,1,3,6,0,0,1.2854521658678602,3.184981966794169,0,0,1,regulation,performanz
1412,2025-12-03 15:35:00,1,3,6,0,0,2.3427597931086663,3.184981966794169,0,0,1,performanz,kognition
1413,2025-12-03 15:35:00,1,3,6,0,0,1.4921344277035196,3.184981966794169,0,0,1,kognition,regulation
1414,2025-12-03 15:35:00,1,3,6,0,0,1.4098656684925894,3.184981966794169,0,0,1,regulation,kognition
1408,2025-12-10 15:35:00,1,3,6,0,0,1.4803323145902174,3.184981966794169,0,0,1,kognition,regulation
1409,2025-12-10 15:35:00,1,3,6,0,0,2.2181016191788725,3.184981966794169,0,0,1,regulation,kognition
1410,2025-12-10 15:35:00,1,3,6,0,0,2.644395413359612,3.184981966794169,0,0,1,kognition,regulation
1375,2026-01-21 15:35:00,1,3,6,0,0,2.9483444720613807,3.184981966794169,0,0,1,regulation,performanz
1376,2026-01-21 15:35:00,1,3,6,0,0,1.6099115708841674,3.184981966794169,0,0,1,performanz,kognition
1377,2026-01-21 15:35:00,1,3,6,0,0,1.541346384428644,3.184981966794169,0,0,1,kognition,performanz
1378,2026-01-21 15:35:00,1,3,6,0,0,0.8290434220098949,3.184981966794169,0,0,1,performanz,regulation
1379,2026-01-21 15:35:00,1,3,6,0,0,1.7267436525222848,3.184981966794169,0,0,1,regulation,performanz
657,2025-09-24 15:35:00,1,3,10,0,0,1.2219772306815593,3.1752681651940797,0,0,1,kognition,performanz
658,2025-09-24 15:35:00,1,3,10,0,0,0.8273137172678029,3.1752681651940797,0,0,1,performanz,kognition
647,2025-10-01 15:35:00,1,3,10,0,0,1.1460988887781698,3.1752681651940797,0,0,1,kognition,performanz
648,2025-10-01 15:35:00,1,3,10,0,0,2.40137211944676,3.1752681651940797,0,0,1,performanz,kognition
649,2025-10-01 15:35:00,1,3,10,0,0,1.4468401310543777,3.1752681651940797,0,0,1,kognition,performanz
636,2025-10-15 15:35:00,1,3,10,0,0,2.159347023054312,3.1752681651940797,0,0,1,performanz,kognition
638,2025-10-15 15:35:00,1,3,10,0,0,1.3986111702259445,3.1752681651940797,0,0,1,kognition,regulation
639,2025-10-15 15:35:00,1,3,10,0,1,6.440863973710394,3.1752681651940797,1,1,1,regulation,performanz
631,2025-10-22 15:35:00,1,3,10,1,0,5.430532854088317,3.1752681651940797,1,1,1,performanz,kognition
632,2025-10-22 15:35:00,1,3,10,0,1,5.939916924354672,3.1752681651940797,1,1,1,kognition,regulation
633,2025-10-22 15:35:00,1,3,10,1,0,5.788863530889383,3.1752681651940797,1,1,1,regulation,performanz
634,2025-10-22 15:35:00,1,3,10,0,0,1.1657867044715142,3.1752681651940797,0,0,1,performanz,motivation
623,2025-10-29 15:35:00,1,3,10,0,0,1.3165077136854788,3.1752681651940797,0,0,1,motivation,kognition
624,2025-10-29 15:35:00,1,3,10,0,0,1.6413757192523397,3.1752681651940797,0,0,1,kognition,performanz
625,2025-10-29 15:35:00,1,3,10,0,0,1.3962002837173353,3.1752681651940797,0,0,1,performanz,kognition
615,2025-11-05 15:35:00,1,3,10,0,0,1.8015865488399403,3.1752681651940797,0,0,1,kognition,motivation
617,2025-11-05 15:35:00,1,3,10,0,0,1.2789031513521676,3.1752681651940797,0,0,1,motivation,kognition
1159,2025-11-12 15:35:00,1,3,10,0,0,1.0285117470840375,3.1752681651940797,0,0,1,kognition,performanz
1160,2025-11-12 15:35:00,1,3,10,0,0,1.7230935179981135,3.1752681651940797,0,0,1,performanz,kognition
1161,2025-11-12 15:35:00,1,3,10,0,0,1.3274981208786627,3.1752681651940797,0,0,1,kognition,methodik
1162,2025-11-12 15:35:00,1,3,10,0,0,1.9127780826201168,3.1752681651940797,0,0,1,methodik,kognition
1163,2025-11-12 15:35:00,1,3,10,0,0,1.9015491336079768,3.1752681651940797,0,0,1,kognition,regulation
1145,2025-11-26 15:35:00,1,3,10,0,0,1.8370888510477172,3.1752681651940797,0,0,1,regulation,kognition
1148,2025-11-26 15:35:00,1,3,10,0,0,1.4525730102655143,3.1752681651940797,0,0,1,kognition,regulation
1149,2025-11-26 15:35:00,1,3,10,0,0,1.0219269778903672,3.1752681651940797,0,0,1,regulation,kognition
1139,2025-12-03 15:35:00,1,3,10,0,0,2.1688214385837856,3.1752681651940797,0,0,1,kognition,motivation
1140,2025-12-03 15:35:00,1,3,10,0,0,1.4340678263382474,3.1752681651940797,0,0,1,motivation,performanz
1128,2025-12-10 15:35:00,1,3,10,0,0,1.4391859147049717,3.1752681651940797,0,0,1,performanz,kognition
1129,2025-12-10 15:35:00,1,3,10,0,0,1.118582092907482,3.1752681651940797,0,0,1,kognition,performanz
1130,2025-12-10 15:35:00,1,3,10,0,0,1.1747873572658472,3.1752681651940797,0,0,1,performanz,kognition
1131,2025-12-10 15:35:00,1,3,10,0,0,1.2363698677674517,3.1752681651940797,0,0,1,kognition,performanz
948,2025-09-10 15:35:00,1,3,11,0,0,2.0269801493833004,3.279959364862256,0,0,1,kognition,motivation
949,2025-09-10 15:35:00,1,3,11,0,0,2.590186535406938,3.279959364862256,0,0,1,motivation,performanz
950,2025-09-10 15:35:00,1,3,11,0,0,1.697023325120809,3.279959364862256,0,0,1,performanz,kognition
933,2025-10-01 15:35:00,1,3,11,0,0,2.6583802589210803,3.279959364862256,0,0,1,kognition,motivation
935,2025-10-01 15:35:00,1,3,11,0,0,1.1911115799458305,3.279959364862256,0,0,1,motivation,regulation
927,2025-10-29 15:35:00,1,3,11,0,0,1.7387139474154834,3.279959364862256,0,0,1,regulation,kognition
928,2025-10-29 15:35:00,1,3,11,0,0,1.4290767951903134,3.279959364862256,0,0,1,kognition,motivation
929,2025-10-29 15:35:00,1,3,11,0,1,3.032668340303393,3.279959364862256,1,0,1,motivation,regulation
922,2025-11-05 15:35:00,1,3,11,1,0,1.718123479500565,3.279959364862256,1,0,1,regulation,kognition
1733,2025-11-26 15:35:00,1,3,11,0,0,2.6321177323056952,3.279959364862256,0,0,1,kognition,motivation
1734,2025-11-26 15:35:00,1,3,11,0,0,2.047633434130883,3.279959364862256,0,0,1,motivation,kognition
1735,2025-11-26 15:35:00,1,3,11,0,0,1.2791262696275054,3.279959364862256,0,0,1,kognition,regulation
1736,2025-11-26 15:35:00,1,3,11,0,0,1.1253818684325265,3.279959364862256,0,0,1,regulation,motivation
1723,2025-12-03 15:35:00,1,3,11,0,0,2.045648048456877,3.279959364862256,0,0,1,motivation,kognition
1725,2025-12-03 15:35:00,1,3,11,0,0,1.2826875520367809,3.279959364862256,0,0,1,kognition,performanz
1726,2025-12-03 15:35:00,1,3,11,0,0,1.4694746455125351,3.279959364862256,0,0,1,performanz,kognition
1727,2025-12-03 15:35:00,1,3,11,0,1,5.867051677394314,3.279959364862256,1,1,1,kognition,regulation
1719,2025-12-10 15:35:00,1,3,11,1,0,5.967063323361417,3.279959364862256,1,1,1,regulation,kognition
1721,2025-12-10 15:35:00,1,3,11,0,0,2.664605225008248,3.279959364862256,0,0,1,kognition,regulation
1722,2025-12-10 15:35:00,1,3,11,0,0,1.8717365110866362,3.279959364862256,0,0,1,regulation,kognition
1690,2026-01-21 15:35:00,1,3,11,0,0,0.8297496617095087,3.279959364862256,0,0,1,kognition,regulation
1693,2026-01-21 15:35:00,1,3,11,0,1,5.754054768548892,3.279959364862256,1,1,1,regulation,performanz
311,2025-10-07 15:35:00,1,3,42,0,0,2.3842639341798484,2.214731141496156,0,0,0,kognition,kognition
312,2025-10-07 15:35:00,1,3,42,0,0,1.6616130125792679,2.214731141496156,0,0,1,kognition,motivation
304,2025-10-21 15:35:00,1,3,42,0,0,1.3202097567243531,2.214731141496156,0,0,1,motivation,performanz
305,2025-10-21 15:35:00,1,3,42,0,0,1.4703643852661215,2.214731141496156,0,0,1,performanz,kognition
306,2025-10-21 15:35:00,1,3,42,0,0,3.186874853476496,2.214731141496156,0,0,1,kognition,motivation
307,2025-10-21 15:35:00,1,3,42,0,0,2.2584260879777247,2.214731141496156,0,0,1,motivation,kognition
299,2025-11-04 15:35:00,1,3,42,0,0,1.0206510151073402,2.214731141496156,0,0,1,kognition,motivation
300,2025-11-04 15:35:00,1,3,42,0,0,1.375431693802284,2.214731141496156,0,0,1,motivation,kognition
301,2025-11-04 15:35:00,1,3,42,0,0,1.5133060387841917,2.214731141496156,0,0,1,kognition,regulation
302,2025-11-04 15:35:00,1,3,42,0,0,1.593421324018571,2.214731141496156,0,0,1,regulation,kognition
303,2025-11-04 15:35:00,1,3,42,0,0,1.1436079147244684,2.214731141496156,0,0,1,kognition,methodik
995,2025-11-11 15:35:00,1,3,42,0,0,0.47575103406853503,2.214731141496156,0,0,1,methodik,kognition
996,2025-11-11 15:35:00,1,3,42,0,0,1.2501454229119648,2.214731141496156,0,0,1,kognition,methodik
999,2025-11-11 15:35:00,1,3,42,0,0,1.2059150363304811,2.214731141496156,0,0,1,methodik,kognition
984,2025-12-09 15:35:00,1,3,42,0,0,2.739932872977677,2.214731141496156,0,0,1,kognition,performanz
1994,2025-09-03 17:10:00,1,4,7,0,0,1.5332495250117832,3.0977641635213944,0,0,1,kognition,regulation
1995,2025-09-03 17:10:00,1,4,7,0,0,1.315125863376619,3.0977641635213944,0,0,1,regulation,performanz
1996,2025-09-03 17:10:00,1,4,7,0,0,1.585138607356037,3.0977641635213944,0,0,1,performanz,kognition
1983,2025-09-10 17:10:00,1,4,7,0,1,6.652413783402842,3.0977641635213944,1,1,1,kognition,performanz
1984,2025-09-10 17:10:00,1,4,7,1,0,6.662938627710796,3.0977641635213944,1,1,1,performanz,methodik
1985,2025-09-10 17:10:00,1,4,7,0,0,1.5581789735728286,3.0977641635213944,0,0,1,methodik,kognition
1986,2025-09-10 17:10:00,1,4,7,0,0,0.809859065325957,3.0977641635213944,0,0,1,kognition,methodik
1975,2025-09-24 17:10:00,1,4,7,0,0,0.8084065907914844,3.0977641635213944,0,0,1,methodik,kognition
1976,2025-09-24 17:10:00,1,4,7,0,0,1.1156082804911651,3.0977641635213944,0,0,1,kognition,regulation
1977,2025-09-24 17:10:00,1,4,7,0,0,0.7235685349805365,3.0977641635213944,0,0,1,regulation,kognition
1961,2025-10-22 17:10:00,1,4,7,0,0,3.1762981572558813,3.0977641635213944,0,0,1,kognition,performanz
1963,2025-10-22 17:10:00,1,4,7,0,0,1.2132472015247282,3.0977641635213944,0,0,1,performanz,kognition
1955,2025-10-29 17:10:00,1,4,7,0,0,1.3542021016744563,3.0977641635213944,0,0,1,kognition,regulation
1956,2025-10-29 17:10:00,1,4,7,0,0,1.9186915366553912,3.0977641635213944,0,0,1,regulation,kognition
1957,2025-10-29 17:10:00,1,4,7,0,0,0.898495334448872,3.0977641635213944,0,0,1,kognition,motivation
1958,2025-10-29 17:10:00,1,4,7,0,0,1.2278917209591533,3.0977641635213944,0,0,1,motivation,kognition
1952,2025-11-05 17:10:00,1,4,7,0,0,1.6198231877074267,3.0977641635213944,0,0,1,kognition,methodik
1953,2025-11-05 17:10:00,1,4,7,0,0,1.6348333298069178,3.0977641635213944,0,0,1,methodik,kognition
1947,2025-11-12 17:10:00,1,4,7,0,0,2.208731410818324,3.0977641635213944,0,0,1,kognition,motivation
1948,2025-11-12 17:10:00,1,4,7,0,0,1.0399496276450808,3.0977641635213944,0,0,1,motivation,regulation
1949,2025-11-12 17:10:00,1,4,7,0,0,1.7339041260411905,3.0977641635213944,0,0,1,regulation,kognition
1941,2025-11-26 17:10:00,1,4,7,0,0,1.8971034059371565,3.0977641635213944,0,0,1,kognition,performanz
1942,2025-11-26 17:10:00,1,4,7,0,0,1.265220474209948,3.0977641635213944,0,0,1,performanz,kognition
1939,2025-12-10 17:10:00,1,4,7,0,0,1.3266157214093706,3.0977641635213944,0,0,1,kognition,regulation
1940,2025-12-10 17:10:00,1,4,7,0,0,2.428572151259218,3.0977641635213944,0,0,1,regulation,kognition
2354,2025-09-03 17:10:00,1,4,12,0,0,1.3677552124744483,1.778352108436544,0,0,1,kognition,performanz
2355,2025-09-03 17:10:00,1,4,12,0,0,0.8817924433251096,1.778352108436544,0,0,1,performanz,kognition
2356,2025-09-03 17:10:00,1,4,12,0,0,1.484168484786392,1.778352108436544,0,0,1,kognition,performanz
2344,2025-09-10 17:10:00,1,4,12,0,0,1.7241005683808175,1.778352108436544,0,0,1,performanz,kognition
2345,2025-09-10 17:10:00,1,4,12,0,0,1.0168506922485654,1.778352108436544,0,0,1,kognition,performanz
2346,2025-09-10 17:10:00,1,4,12,0,0,1.072338547499133,1.778352108436544,0,0,1,performanz,kognition
2347,2025-09-10 17:10:00,1,4,12,0,0,0.872477924577764,1.778352108436544,0,0,1,kognition,performanz
2335,2025-09-17 17:10:00,1,4,12,0,0,1.2935721690583668,1.778352108436544,0,0,1,performanz,kognition
2337,2025-09-17 17:10:00,1,4,12,0,0,0.958613865632086,1.778352108436544,0,0,1,kognition,regulation
2318,2025-10-01 17:10:00,1,4,12,0,0,0.759417633770335,1.778352108436544,0,0,1,regulation,performanz
2319,2025-10-01 17:10:00,1,4,12,0,0,2.316545409788552,1.778352108436544,0,0,1,performanz,motivation
2320,2025-10-01 17:10:00,1,4,12,0,0,1.6254448221256248,1.778352108436544,0,0,1,motivation,kognition
2321,2025-10-01 17:10:00,1,4,12,0,0,1.8793428002713322,1.778352108436544,0,0,1,kognition,motivation
2322,2025-10-01 17:10:00,1,4,12,0,0,2.187057304323746,1.778352108436544,0,0,1,motivation,performanz
2313,2025-10-22 17:10:00,1,4,12,0,0,1.040186375253855,1.778352108436544,0,0,1,performanz,regulation
2314,2025-10-22 17:10:00,1,4,12,0,0,1.7675015278912245,1.778352108436544,0,0,1,regulation,performanz
2315,2025-10-22 17:10:00,1,4,12,0,0,1.3200985049886542,1.778352108436544,0,0,1,performanz,regulation
2316,2025-10-22 17:10:00,1,4,12,0,0,1.2313539393940474,1.778352108436544,0,0,1,regulation,kognition
2299,2025-11-05 17:10:00,1,4,12,0,0,2.3661023593879618,1.778352108436544,0,0,1,kognition,methodik
2300,2025-11-05 17:10:00,1,4,12,0,0,1.637136817163785,1.778352108436544,0,0,1,methodik,performanz
2288,2025-11-12 17:10:00,1,4,12,0,0,0.5373402381177883,1.778352108436544,0,0,1,performanz,kognition
2289,2025-11-12 17:10:00,1,4,12,0,0,1.0168506922485654,1.778352108436544,0,0,1,kognition,performanz
2290,2025-11-12 17:10:00,1,4,12,0,0,1.2506382955102322,1.778352108436544,0,0,1,performanz,kognition
2291,2025-11-12 17:10:00,1,4,12,0,0,2.2270292568773664,1.778352108436544,0,0,1,kognition,regulation
2292,2025-11-12 17:10:00,1,4,12,0,0,1.2437332937550742,1.778352108436544,0,0,1,regulation,performanz
2275,2025-11-26 17:10:00,1,4,12,0,0,0.8824503692264247,1.778352108436544,0,0,1,performanz,kognition
2276,2025-11-26 17:10:00,1,4,12,0,0,0.8727702540623681,1.778352108436544,0,0,1,kognition,regulation
2277,2025-11-26 17:10:00,1,4,12,0,0,0.8904525711405049,1.778352108436544,0,0,1,regulation,performanz
2259,2025-12-10 17:10:00,1,4,12,0,0,1.4083478794427222,1.778352108436544,0,0,1,performanz,kognition
2262,2025-12-10 17:10:00,1,4,12,0,0,1.8815147596894837,1.778352108436544,0,0,0,kognition,kognition
202,2025-09-03 17:10:00,1,4,13,0,0,1.383077788084282,3.314030557587585,0,0,1,kognition,performanz
194,2025-09-10 17:10:00,1,4,13,0,0,1.0092570017503333,3.314030557587585,0,0,1,performanz,regulation
195,2025-09-10 17:10:00,1,4,13,0,0,0.515871043748922,3.314030557587585,0,0,1,regulation,kognition
198,2025-09-10 17:10:00,1,4,13,0,0,1.1281628881836865,3.314030557587585,0,0,1,kognition,performanz
184,2025-09-24 17:10:00,1,4,13,0,0,1.3490683420787855,3.314030557587585,0,0,1,performanz,kognition
178,2025-11-05 17:10:00,1,4,13,0,1,5.837308895813056,3.314030557587585,1,1,1,kognition,performanz
179,2025-11-05 17:10:00,1,4,13,1,0,6.078545116573101,3.314030557587585,1,1,0,performanz,performanz
1675,2025-11-12 17:10:00,1,4,13,0,0,1.4557929045942364,3.314030557587585,0,0,1,performanz,kognition
1677,2025-11-12 17:10:00,1,4,13,0,0,1.5241189862750346,3.314030557587585,0,0,1,kognition,methodik
3096,2025-09-03 17:10:00,1,4,14,0,0,2.139434187521074,3.0174413754140588,0,0,1,kognition,performanz
3097,2025-09-03 17:10:00,1,4,14,0,0,1.5353209313953422,3.0174413754140588,0,0,1,performanz,kognition
3098,2025-09-03 17:10:00,1,4,14,0,0,1.2667813738765847,3.0174413754140588,0,0,1,kognition,motivation
3099,2025-09-03 17:10:00,1,4,14,0,0,2.0890788067671537,3.0174413754140588,0,0,1,motivation,regulation
3090,2025-09-10 17:10:00,1,4,14,0,0,0.9306659401528826,3.0174413754140588,0,0,1,regulation,kognition
3094,2025-09-10 17:10:00,1,4,14,0,0,1.6805461642360426,3.0174413754140588,0,0,1,kognition,regulation
3086,2025-09-17 17:10:00,1,4,14,0,0,0.8494542442563948,3.0174413754140588,0,0,1,regulation,kognition
3087,2025-09-17 17:10:00,1,4,14,0,0,2.065990144101164,3.0174413754140588,0,0,1,kognition,performanz
3088,2025-09-17 17:10:00,1,4,14,0,0,0.703209093998168,3.0174413754140588,0,0,1,performanz,regulation
3089,2025-09-17 17:10:00,1,4,14,0,0,1.7879886504356148,3.0174413754140588,0,0,1,regulation,kognition
3083,2025-09-24 17:10:00,1,4,14,0,0,2.186734312444455,3.0174413754140588,0,0,1,kognition,performanz
3084,2025-09-24 17:10:00,1,4,14,0,0,1.8817561206616156,3.0174413754140588,0,0,1,performanz,kognition
3072,2025-10-22 17:10:00,1,4,14,0,0,1.1799142774445097,3.0174413754140588,0,0,1,kognition,performanz
3073,2025-10-22 17:10:00,1,4,14,0,0,2.316545409788552,3.0174413754140588,0,0,1,performanz,motivation
3074,2025-10-22 17:10:00,1,4,14,0,0,2.487892416098258,3.0174413754140588,0,0,1,motivation,kognition
3075,2025-10-22 17:10:00,1,4,14,0,0,0.8414958181374796,3.0174413754140588,0,0,1,kognition,regulation
3067,2025-10-29 17:10:00,1,4,14,0,0,1.015015946963723,3.0174413754140588,0,0,1,regulation,performanz
3068,2025-10-29 17:10:00,1,4,14,0,0,1.6867622541747476,3.0174413754140588,0,0,1,performanz,kognition
3069,2025-10-29 17:10:00,1,4,14,0,0,3.0251692093443197,3.0174413754140588,0,0,1,kognition,sozial
3070,2025-10-29 17:10:00,1,4,14,0,0,2.6936458095105236,3.0174413754140588,0,0,1,sozial,regulation
3062,2025-11-05 17:10:00,1,4,14,0,0,1.9521964635988422,3.0174413754140588,0,0,1,regulation,kognition
3063,2025-11-05 17:10:00,1,4,14,0,0,0.8497293965402639,3.0174413754140588,0,0,1,kognition,methodik
3064,2025-11-05 17:10:00,1,4,14,0,0,0.8211922574807378,3.0174413754140588,0,0,1,methodik,performanz
3065,2025-11-05 17:10:00,1,4,14,0,0,1.7075691435426128,3.0174413754140588,0,0,1,performanz,kognition
3066,2025-11-05 17:10:00,1,4,14,0,0,1.1968949373853943,3.0174413754140588,0,0,1,kognition,performanz
3058,2025-11-26 17:10:00,1,4,14,0,1,6.520145939657344,3.0174413754140588,1,1,0,performanz,performanz
3059,2025-11-26 17:10:00,1,4,14,1,0,6.601920576271954,3.0174413754140588,1,1,1,performanz,regulation
3060,2025-11-26 17:10:00,1,4,14,0,0,1.9286785549820658,3.0174413754140588,0,0,1,regulation,kognition
3052,2025-12-03 17:10:00,1,4,14,0,0,2.054694339954594,3.0174413754140588,0,0,1,kognition,performanz
3053,2025-12-03 17:10:00,1,4,14,0,0,1.153932038080011,3.0174413754140588,0,0,1,performanz,kognition
3055,2025-12-03 17:10:00,1,4,14,0,0,1.7247679858441425,3.0174413754140588,0,0,1,kognition,performanz
3056,2025-12-03 17:10:00,1,4,14,0,0,3.432046004978875,3.0174413754140588,0,0,1,performanz,motivation
3047,2025-12-10 17:10:00,1,4,14,0,0,1.9485215275264214,3.0174413754140588,0,0,1,motivation,performanz
3049,2025-12-10 17:10:00,1,4,14,0,0,0.9017449486564092,3.0174413754140588,0,0,1,performanz,regulation
3051,2025-12-10 17:10:00,1,4,14,0,0,2.0482226436463167,3.0174413754140588,0,0,1,regulation,kognition
394,2025-09-02 17:10:00,1,4,15,0,0,3.2492092363255414,2.5832560496816734,0,0,1,kognition,motivation
395,2025-09-02 17:10:00,1,4,15,0,0,1.8993389581759323,2.5832560496816734,0,0,1,motivation,kognition
388,2025-09-09 17:10:00,1,4,15,0,0,2.603495880934035,2.5832560496816734,0,0,1,kognition,motivation
389,2025-09-09 17:10:00,1,4,15,0,1,4.85242260355447,2.5832560496816734,1,1,1,motivation,performanz
390,2025-09-09 17:10:00,1,4,15,1,0,5.793425877440113,2.5832560496816734,1,1,0,performanz,performanz
391,2025-09-09 17:10:00,1,4,15,0,0,0.7062620130733563,2.5832560496816734,0,0,1,performanz,methodik
384,2025-09-16 17:10:00,1,4,15,0,0,0.9895849103492512,2.5832560496816734,0,0,1,methodik,kognition
385,2025-09-16 17:10:00,1,4,15,0,0,1.2712917089004798,2.5832560496816734,0,0,1,kognition,motivation
386,2025-09-16 17:10:00,1,4,15,0,0,1.4319628551674686,2.5832560496816734,0,0,1,motivation,kognition
381,2025-09-23 17:10:00,1,4,15,0,0,1.3192541619742169,2.5832560496816734,0,0,1,kognition,regulation
382,2025-09-23 17:10:00,1,4,15,0,0,1.1350610785606186,2.5832560496816734,0,0,1,regulation,methodik
383,2025-09-23 17:10:00,1,4,15,0,0,0.6671637290258644,2.5832560496816734,0,0,1,methodik,kognition
376,2025-09-30 17:10:00,1,4,15,0,0,0.8381926592581186,2.5832560496816734,0,0,1,kognition,performanz
377,2025-09-30 17:10:00,1,4,15,0,0,0.849859896374063,2.5832560496816734,0,0,1,performanz,regulation
378,2025-09-30 17:10:00,1,4,15,0,0,0.684058472118052,2.5832560496816734,0,0,1,regulation,methodik
369,2025-10-21 17:10:00,1,4,15,0,0,1.4508089790206218,2.5832560496816734,0,0,1,methodik,performanz
370,2025-10-21 17:10:00,1,4,15,0,0,1.0317346138819774,2.5832560496816734,0,0,1,performanz,kognition
371,2025-10-21 17:10:00,1,4,15,0,0,1.7627028507869094,2.5832560496816734,0,0,1,kognition,methodik
372,2025-10-21 17:10:00,1,4,15,0,0,0.5243408022010086,2.5832560496816734,0,0,1,methodik,kognition
364,2025-10-28 17:10:00,1,4,15,0,0,1.222197156912988,2.5832560496816734,0,0,1,kognition,performanz
365,2025-10-28 17:10:00,1,4,15,0,0,1.295038842655836,2.5832560496816734,0,0,1,performanz,kognition
367,2025-10-28 17:10:00,1,4,15,0,0,1.358954938182613,2.5832560496816734,0,0,1,kognition,regulation
368,2025-10-28 17:10:00,1,4,15,0,0,1.4556359205989777,2.5832560496816734,0,0,1,regulation,motivation
359,2025-11-04 17:10:00,1,4,15,0,0,2.4858744509957265,2.5832560496816734,0,0,1,motivation,kognition
362,2025-11-04 17:10:00,1,4,15,0,0,1.895254467260236,2.5832560496816734,0,0,1,kognition,motivation
363,2025-11-04 17:10:00,1,4,15,0,0,1.8850252263675313,2.5832560496816734,0,0,1,motivation,regulation
1328,2025-11-11 17:10:00,1,4,15,0,0,0.8873805736536754,2.5832560496816734,0,0,1,regulation,kognition
1330,2025-11-11 17:10:00,1,4,15,0,0,1.4393025484915054,2.5832560496816734,0,0,1,kognition,motivation
1331,2025-11-11 17:10:00,1,4,15,0,0,0.6304783757402322,2.5832560496816734,0,0,1,motivation,performanz
1315,2025-11-25 17:10:00,1,4,15,0,0,1.2401212651166658,2.5832560496816734,0,0,1,performanz,kognition
1316,2025-11-25 17:10:00,1,4,15,0,0,2.1999607437739717,2.5832560496816734,0,0,1,kognition,motivation
1317,2025-11-25 17:10:00,1,4,15,0,0,1.2256072675643606,2.5832560496816734,0,0,1,motivation,performanz
1318,2025-11-25 17:10:00,1,4,15,0,0,0.7394202470654186,2.5832560496816734,0,0,1,performanz,kognition
2917,2025-09-10 17:10:00,1,4,22,0,0,1.4150399458380098,2.5282986634395654,0,0,1,kognition,regulation
2918,2025-09-10 17:10:00,1,4,22,0,0,0.8541779683331289,2.5282986634395654,0,0,1,regulation,kognition
2919,2025-09-10 17:10:00,1,4,22,0,0,2.900491780853194,2.5282986634395654,0,0,1,kognition,motivation
2900,2025-09-24 17:10:00,1,4,22,0,0,1.6085798194265126,2.5282986634395654,0,0,1,motivation,kognition
2901,2025-09-24 17:10:00,1,4,22,0,0,1.096460532691085,2.5282986634395654,0,0,1,kognition,performanz
2903,2025-09-24 17:10:00,1,4,22,0,0,1.6567728601759493,2.5282986634395654,0,0,1,performanz,kognition
2889,2025-10-01 17:10:00,1,4,22,0,1,2.9225303373412017,2.5282986634395654,1,0,1,kognition,regulation
2890,2025-10-01 17:10:00,1,4,22,1,0,3.7453604252434634,2.5282986634395654,1,0,1,regulation,kognition
2891,2025-10-01 17:10:00,1,4,22,0,0,1.8913302190015235,2.5282986634395654,0,0,1,kognition,regulation
2892,2025-10-01 17:10:00,1,4,22,0,0,1.643916860467947,2.5282986634395654,0,0,1,regulation,performanz
2893,2025-10-01 17:10:00,1,4,22,0,0,0.9587165040707587,2.5282986634395654,0,0,1,performanz,methodik
2869,2025-10-15 17:10:00,1,4,22,0,0,1.7841030536680489,2.5282986634395654,0,0,1,methodik,performanz
2870,2025-10-15 17:10:00,1,4,22,0,0,1.7082988775493142,2.5282986634395654,0,0,1,performanz,methodik
2871,2025-10-15 17:10:00,1,4,22,0,0,2.0938419228867216,2.5282986634395654,0,0,1,methodik,kognition
2872,2025-10-15 17:10:00,1,4,22,0,0,0.659450133534673,2.5282986634395654,0,0,1,kognition,methodik
2873,2025-10-15 17:10:00,1,4,22,0,0,1.3034087531452336,2.5282986634395654,0,0,1,methodik,regulation
2859,2025-10-22 17:10:00,1,4,22,0,0,0.6174394993286513,2.5282986634395654,0,0,1,regulation,performanz
2860,2025-10-22 17:10:00,1,4,22,0,0,0.7888306949222094,2.5282986634395654,0,0,1,performanz,kognition
2861,2025-10-22 17:10:00,1,4,22,0,0,0.7758266627350047,2.5282986634395654,0,0,1,kognition,performanz
2844,2025-10-29 17:10:00,1,4,22,0,0,0.73198195370749,2.5282986634395654,0,0,1,performanz,kognition
2847,2025-10-29 17:10:00,1,4,22,0,0,0.9052449918176716,2.5282986634395654,0,0,1,kognition,motivation
2848,2025-10-29 17:10:00,1,4,22,0,0,1.4122146735693468,2.5282986634395654,0,0,1,motivation,performanz
2839,2025-11-05 17:10:00,1,4,22,0,0,2.136893939182706,2.5282986634395654,0,0,1,performanz,regulation
2840,2025-11-05 17:10:00,1,4,22,0,0,1.1556197176962768,2.5282986634395654,0,0,1,regulation,kognition
2842,2025-11-05 17:10:00,1,4,22,0,0,1.668224576924691,2.5282986634395654,0,0,1,kognition,performanz
2843,2025-11-05 17:10:00,1,4,22,0,0,1.4976245200649543,2.5282986634395654,0,0,1,performanz,kognition
2829,2025-11-12 17:10:00,1,4,22,0,0,0.9673822758135145,2.5282986634395654,0,0,1,kognition,performanz
2830,2025-11-12 17:10:00,1,4,22,0,0,1.5167989836987943,2.5282986634395654,0,0,1,performanz,kognition
2832,2025-11-12 17:10:00,1,4,22,0,0,0.7023948745451901,2.5282986634395654,0,0,1,kognition,regulation
2833,2025-11-12 17:10:00,1,4,22,0,0,1.8199159796754205,2.5282986634395654,0,0,1,regulation,motivation
2815,2025-11-26 17:10:00,1,4,22,0,0,1.9213038750377036,2.5282986634395654,0,0,1,motivation,performanz
2817,2025-11-26 17:10:00,1,4,22,0,0,1.4710698652447272,2.5282986634395654,0,0,1,performanz,kognition
2818,2025-11-26 17:10:00,1,4,22,0,0,2.3872132301102784,2.5282986634395654,0,0,1,kognition,motivation
2819,2025-11-26 17:10:00,1,4,22,0,0,2.4407227148910557,2.5282986634395654,0,0,1,motivation,regulation
2810,2025-12-03 17:10:00,1,4,22,0,0,0.5884207343033253,2.5282986634395654,0,0,1,regulation,performanz
2811,2025-12-03 17:10:00,1,4,22,0,0,1.6856895263436598,2.5282986634395654,0,0,1,performanz,kognition
2812,2025-12-03 17:10:00,1,4,22,0,0,2.0767986295593936,2.5282986634395654,0,0,1,kognition,regulation
2813,2025-12-03 17:10:00,1,4,22,0,0,1.4684838255780759,2.5282986634395654,0,0,1,regulation,kognition
2814,2025-12-03 17:10:00,1,4,22,0,0,1.9421660925977124,2.5282986634395654,0,0,1,kognition,performanz
2802,2025-12-10 17:10:00,1,4,22,0,0,1.8885015816982988,2.5282986634395654,0,0,1,performanz,kognition
2804,2025-12-10 17:10:00,1,4,22,0,0,1.0903628334303157,2.5282986634395654,0,0,1,kognition,regulation
2805,2025-12-10 17:10:00,1,4,22,0,1,6.458387750615406,2.5282986634395654,1,1,1,regulation,performanz
1916,2025-11-18 17:10:00,1,4,45,0,0,2.118105696296652,3.8911053027039895,0,0,1,kognition,motivation
1917,2025-11-18 17:10:00,1,4,45,0,0,1.54623272301345,3.8911053027039895,0,0,1,motivation,kognition
1918,2025-11-18 17:10:00,1,4,45,0,0,1.5581789735728286,3.8911053027039895,0,0,1,kognition,methodik
1909,2025-11-25 17:10:00,1,4,45,0,0,0.7734509809596788,3.8911053027039895,0,0,1,methodik,performanz
1910,2025-11-25 17:10:00,1,4,45,0,1,6.520145939657344,3.8911053027039895,1,1,0,performanz,performanz
1911,2025-11-25 17:10:00,1,4,45,1,0,5.607219486684707,3.8911053027039895,1,1,1,performanz,kognition
1912,2025-11-25 17:10:00,1,4,45,0,1,5.038701445216679,3.8911053027039895,1,1,1,kognition,performanz
1913,2025-11-25 17:10:00,1,4,45,1,0,5.573149914822736,3.8911053027039895,1,1,1,performanz,methodik
1904,2025-12-02 17:10:00,1,4,45,0,0,1.1458775345614807,3.8911053027039895,0,0,1,methodik,performanz
1905,2025-12-02 17:10:00,1,4,45,0,0,1.3244569534245418,3.8911053027039895,0,0,1,performanz,methodik
1906,2025-12-02 17:10:00,1,4,45,0,0,2.2108942706836725,3.8911053027039895,0,0,1,methodik,kognition
1907,2025-12-02 17:10:00,1,4,45,0,0,0.91955383066303,3.8911053027039895,0,0,1,kognition,regulation
1908,2025-12-02 17:10:00,1,4,45,0,0,0.9081302536297202,3.8911053027039895,0,0,1,regulation,performanz
1899,2025-12-09 17:10:00,1,4,45,0,0,0.8257186366738328,3.8911053027039895,0,0,1,performanz,kognition
1902,2025-12-09 17:10:00,1,4,45,0,0,0.9574410805105978,3.8911053027039895,0,0,1,kognition,motivation
589,2025-09-04 15:35:00,1,5,9,0,0,1.9049479730215089,2.6365086208152637,0,0,1,kognition,performanz
590,2025-09-04 15:35:00,1,5,9,0,0,2.0314824823185775,2.6365086208152637,0,0,1,performanz,kognition
591,2025-09-04 15:35:00,1,5,9,0,0,1.6992270493424133,2.6365086208152637,0,0,1,kognition,motivation
592,2025-09-04 15:35:00,1,5,9,0,0,2.2404331693946156,2.6365086208152637,0,0,1,motivation,kognition
578,2025-09-11 15:35:00,1,5,9,0,0,1.1456843349539896,2.6365086208152637,0,0,1,kognition,performanz
580,2025-09-11 15:35:00,1,5,9,0,0,0.9973898966023015,2.6365086208152637,0,0,1,performanz,motivation
581,2025-09-11 15:35:00,1,5,9,0,0,1.4122146735693468,2.6365086208152637,0,0,1,motivation,performanz
582,2025-09-11 15:35:00,1,5,9,0,0,0.7072721259677988,2.6365086208152637,0,0,1,performanz,kognition
559,2025-10-02 15:35:00,1,5,9,0,0,1.930453901082205,2.6365086208152637,0,0,1,kognition,performanz
560,2025-10-02 15:35:00,1,5,9,0,0,1.275145281454633,2.6365086208152637,0,0,1,performanz,kognition
548,2025-10-30 15:35:00,1,5,9,0,0,2.805785147632158,2.6365086208152637,0,0,1,kognition,regulation
549,2025-10-30 15:35:00,1,5,9,0,0,2.7353133583831677,2.6365086208152637,0,0,1,regulation,motivation
550,2025-10-30 15:35:00,1,5,9,0,0,2.2840600309652146,2.6365086208152637,0,0,1,motivation,kognition
551,2025-10-30 15:35:00,1,5,9,0,0,0.9691857310807493,2.6365086208152637,0,0,1,kognition,performanz
552,2025-10-30 15:35:00,1,5,9,0,1,5.289321840428768,2.6365086208152637,1,1,0,performanz,performanz
541,2025-11-06 15:35:00,1,5,9,1,0,5.75575934103203,2.6365086208152637,1,1,1,performanz,kognition
542,2025-11-06 15:35:00,1,5,9,0,0,2.5268830972451064,2.6365086208152637,0,0,1,kognition,motivation
543,2025-11-06 15:35:00,1,5,9,0,0,1.3104055661855871,2.6365086208152637,0,0,1,motivation,performanz
1831,2025-11-13 15:35:00,1,5,9,0,0,1.5378040896760343,2.6365086208152637,0,0,1,performanz,kognition
1832,2025-11-13 15:35:00,1,5,9,0,0,2.282199186336021,2.6365086208152637,0,0,1,kognition,motivation
1833,2025-11-13 15:35:00,1,5,9,0,0,1.833552243032917,2.6365086208152637,0,0,1,motivation,kognition
1835,2025-11-13 15:35:00,1,5,9,0,0,1.74048680869976,2.6365086208152637,0,0,1,kognition,performanz
1823,2025-11-20 15:35:00,1,5,9,0,0,1.5492575630849494,2.6365086208152637,0,0,1,performanz,kognition
1814,2025-11-27 15:35:00,1,5,9,0,0,1.4297679347804,2.6365086208152637,0,0,1,kognition,methodik
1815,2025-11-27 15:35:00,1,5,9,0,0,1.5020285182242985,2.6365086208152637,0,0,1,methodik,kognition
1816,2025-11-27 15:35:00,1,5,9,0,0,1.7309310606254618,2.6365086208152637,0,0,1,kognition,motivation
1817,2025-11-27 15:35:00,1,5,9,0,0,2.3788151311185057,2.6365086208152637,0,0,1,motivation,kognition
1804,2025-12-04 15:35:00,1,5,9,0,0,1.5275080065570172,2.6365086208152637,0,0,1,kognition,performanz
1805,2025-12-04 15:35:00,1,5,9,0,0,0.6712415238786706,2.6365086208152637,0,0,1,performanz,kognition
1806,2025-12-04 15:35:00,1,5,9,0,0,2.2094544690853115,2.6365086208152637,0,0,1,kognition,performanz
1796,2025-12-11 15:35:00,1,5,9,0,0,2.1916691840297435,2.6365086208152637,0,0,1,performanz,methodik
1797,2025-12-11 15:35:00,1,5,9,0,0,0.38500675193722306,2.6365086208152637,0,0,1,methodik,performanz
1798,2025-12-11 15:35:00,1,5,9,0,0,0.9552712498408499,2.6365086208152637,0,0,1,performanz,kognition
670,2025-09-11 15:35:00,1,5,10,0,0,1.2172952595392625,3.462974515882742,0,0,1,kognition,performanz
672,2025-09-11 15:35:00,1,5,10,0,1,4.579035407211291,3.462974515882742,1,1,0,performanz,performanz
673,2025-09-11 15:35:00,1,5,10,1,0,5.1041167488480985,3.462974515882742,1,1,1,performanz,kognition
660,2025-09-18 15:35:00,1,5,10,0,0,1.7313005507812147,3.462974515882742,0,0,1,kognition,regulation
661,2025-09-18 15:35:00,1,5,10,0,0,1.2487305833049511,3.462974515882742,0,0,1,regulation,kognition
650,2025-09-25 15:35:00,1,5,10,0,0,0.37653405572653276,3.462974515882742,0,0,1,kognition,performanz
653,2025-09-25 15:35:00,1,5,10,0,0,1.6792932780088237,3.462974515882742,0,0,1,performanz,kognition
654,2025-09-25 15:35:00,1,5,10,0,0,1.1827389874426144,3.462974515882742,0,0,1,kognition,motivation
640,2025-10-02 15:35:00,1,5,10,0,0,1.3165077136854788,3.462974515882742,0,0,1,motivation,kognition
644,2025-10-02 15:35:00,1,5,10,0,0,1.6154573218384574,3.462974515882742,0,0,1,kognition,motivation
627,2025-10-23 15:35:00,1,5,10,0,0,1.6449559526548028,3.462974515882742,0,0,1,motivation,kognition
618,2025-10-30 15:35:00,1,5,10,0,0,1.6091964070557327,3.462974515882742,0,0,1,kognition,performanz
619,2025-10-30 15:35:00,1,5,10,0,0,1.2837653973657497,3.462974515882742,0,0,1,performanz,kognition
620,2025-10-30 15:35:00,1,5,10,0,0,1.8563259705975586,3.462974515882742,0,0,1,kognition,motivation
621,2025-10-30 15:35:00,1,5,10,0,0,1.5897375592362828,3.462974515882742,0,0,1,motivation,regulation
622,2025-10-30 15:35:00,1,5,10,0,0,1.867556547990141,3.462974515882742,0,0,1,regulation,performanz
609,2025-11-06 15:35:00,1,5,10,0,0,1.4508152998931265,3.462974515882742,0,0,1,performanz,regulation
610,2025-11-06 15:35:00,1,5,10,0,1,6.397379266525284,3.462974515882742,1,1,0,regulation,regulation
611,2025-11-06 15:35:00,1,5,10,1,0,6.591633733282206,3.462974515882742,1,1,1,regulation,kognition
1157,2025-11-13 15:35:00,1,5,10,0,0,1.1441192464291876,3.462974515882742,0,0,1,kognition,performanz
1158,2025-11-13 15:35:00,1,5,10,0,0,1.5277650843999178,3.462974515882742,0,0,1,performanz,regulation
1151,2025-11-20 15:35:00,1,5,10,0,1,6.397379266525284,3.462974515882742,1,1,0,regulation,regulation
1152,2025-11-20 15:35:00,1,5,10,1,0,6.591633733282206,3.462974515882742,1,1,1,regulation,kognition
1153,2025-11-20 15:35:00,1,5,10,0,0,1.3132011775666024,3.462974515882742,0,0,1,kognition,regulation
1154,2025-11-20 15:35:00,1,5,10,0,0,0.8247192294973986,3.462974515882742,0,0,1,regulation,performanz
1142,2025-11-27 15:35:00,1,5,10,0,0,1.242722251704685,3.462974515882742,0,0,1,performanz,motivation
1143,2025-11-27 15:35:00,1,5,10,0,0,2.4843477475987177,3.462974515882742,0,0,1,motivation,regulation
1144,2025-11-27 15:35:00,1,5,10,0,0,1.1028839944739905,3.462974515882742,0,0,1,regulation,performanz
1132,2025-12-04 15:35:00,1,5,10,0,0,0.7802386227515414,3.462974515882742,0,0,1,performanz,kognition
1135,2025-12-04 15:35:00,1,5,10,0,0,2.0421536342732143,3.462974515882742,0,0,1,kognition,regulation
1124,2025-12-11 15:35:00,1,5,10,0,0,1.7142928925044112,3.462974515882742,0,0,1,regulation,motivation
1126,2025-12-11 15:35:00,1,5,10,0,0,2.1104280793665673,3.462974515882742,0,0,1,motivation,kognition
348,2025-09-04 15:35:00,1,5,15,0,0,1.6513493449542715,2.8393130024377333,0,0,1,regulation,kognition
349,2025-09-04 15:35:00,1,5,15,0,0,1.6510273958671677,2.8393130024377333,0,0,1,kognition,regulation
350,2025-09-04 15:35:00,1,5,15,0,0,1.1958429761149707,2.8393130024377333,0,0,1,regulation,performanz
351,2025-09-04 15:35:00,1,5,15,0,0,1.4692360923650944,2.8393130024377333,0,0,1,performanz,kognition
343,2025-09-11 15:35:00,1,5,15,0,1,6.014826234091443,2.8393130024377333,1,1,1,kognition,performanz
344,2025-09-11 15:35:00,1,5,15,1,0,5.545894274494672,2.8393130024377333,1,1,1,performanz,kognition
345,2025-09-11 15:35:00,1,5,15,0,0,2.0460006477384813,2.8393130024377333,0,0,1,kognition,performanz
346,2025-09-11 15:35:00,1,5,15,0,0,1.2006035641510504,2.8393130024377333,0,0,1,performanz,kognition
338,2025-09-18 15:35:00,1,5,15,0,0,2.1984418884311627,2.8393130024377333,0,0,1,kognition,motivation
340,2025-09-18 15:35:00,1,5,15,0,0,2.2143093035421417,2.8393130024377333,0,0,1,motivation,methodik
341,2025-09-18 15:35:00,1,5,15,0,0,2.6235768423286756,2.8393130024377333,0,0,1,methodik,motivation
333,2025-09-25 15:35:00,1,5,15,0,0,2.7142637834175676,2.8393130024377333,0,0,1,motivation,kognition
313,2025-11-06 15:35:00,1,5,15,0,0,0.9384267732153565,2.8393130024377333,0,0,1,kognition,performanz
314,2025-11-06 15:35:00,1,5,15,0,0,1.9159821139443174,2.8393130024377333,0,0,1,performanz,kognition
316,2025-11-06 15:35:00,1,5,15,0,0,2.364798621193693,2.8393130024377333,0,0,1,kognition,performanz
317,2025-11-06 15:35:00,1,5,15,0,0,2.3574256636458,2.8393130024377333,0,0,1,performanz,kognition
1324,2025-11-13 15:35:00,1,5,15,0,0,1.4857955916330472,2.8393130024377333,0,0,1,kognition,performanz
1325,2025-11-13 15:35:00,1,5,15,0,0,0.6797920619126604,2.8393130024377333,0,0,1,performanz,methodik
1326,2025-11-13 15:35:00,1,5,15,0,0,0.9498406084419652,2.8393130024377333,0,0,1,methodik,regulation
1327,2025-11-13 15:35:00,1,5,15,0,0,1.024188722374605,2.8393130024377333,0,0,1,regulation,performanz
1320,2025-11-20 15:35:00,1,5,15,0,0,1.6677950770044052,2.8393130024377333,0,0,1,performanz,kognition
1322,2025-11-20 15:35:00,1,5,15,0,0,1.609820226845662,2.8393130024377333,0,0,1,kognition,regulation
1323,2025-11-20 15:35:00,1,5,15,0,0,1.8330642706515343,2.8393130024377333,0,0,1,regulation,kognition
1308,2025-12-11 15:35:00,1,5,15,0,0,1.0082115110959051,2.8393130024377333,0,0,1,kognition,performanz
1630,2025-11-12 17:10:00,1,6,5,0,1,7.128992004753462,4.646808477633672,1,1,1,kognition,performanz
1631,2025-11-12 17:10:00,1,6,5,1,0,5.589414919438561,4.646808477633672,1,1,1,performanz,kognition
1632,2025-11-12 17:10:00,1,6,5,0,0,2.021844342162889,4.646808477633672,0,0,1,kognition,motivation
1633,2025-11-12 17:10:00,1,6,5,0,0,2.4441044609519773,4.646808477633672,0,0,1,motivation,performanz
1615,2025-11-26 17:10:00,1,6,5,0,0,2.0939528537202943,4.646808477633672,0,0,1,performanz,kognition
1618,2025-11-26 17:10:00,1,6,5,0,0,1.9191692046942272,4.646808477633672,0,0,1,kognition,motivation
1606,2025-12-10 17:10:00,1,6,5,0,0,2.599839897233009,4.646808477633672,0,0,1,motivation,performanz
1607,2025-12-10 17:10:00,1,6,5,0,0,2.992671733568567,4.646808477633672,0,0,1,performanz,kognition
1608,2025-12-10 17:10:00,1,6,5,0,0,1.8715279381209144,4.646808477633672,0,0,1,kognition,motivation
124,2025-09-04 17:10:00,1,6,16,0,0,1.6567177816168095,2.0345405790422935,0,0,1,kognition,performanz
111,2025-09-11 17:10:00,1,6,16,0,0,2.07863837369706,2.0345405790422935,0,0,0,performanz,performanz
112,2025-09-11 17:10:00,1,6,16,0,0,0.9040117845027155,2.0345405790422935,0,0,1,performanz,kognition
115,2025-09-11 17:10:00,1,6,16,0,0,1.8948778987553763,2.0345405790422935,0,0,1,kognition,performanz
99,2025-09-25 17:10:00,1,6,16,0,0,1.2072355013310747,2.0345405790422935,0,0,1,performanz,regulation
100,2025-09-25 17:10:00,1,6,16,0,0,1.9399497749664911,2.0345405790422935,0,0,1,regulation,kognition
101,2025-09-25 17:10:00,1,6,16,0,0,0.6624947847807708,2.0345405790422935,0,0,1,kognition,performanz
90,2025-10-02 17:10:00,1,6,16,0,0,1.332264725538631,2.0345405790422935,0,0,1,performanz,kognition
80,2025-10-23 17:10:00,1,6,16,0,0,2.842358990151769,2.0345405790422935,0,0,0,kognition,kognition
82,2025-10-23 17:10:00,1,6,16,0,0,1.2764107960088427,2.0345405790422935,0,0,1,kognition,performanz
83,2025-10-23 17:10:00,1,6,16,0,0,1.726456323924925,2.0345405790422935,0,0,1,performanz,motivation
72,2025-10-30 17:10:00,1,6,16,0,0,1.9928497595558665,2.0345405790422935,0,0,1,motivation,performanz
74,2025-10-30 17:10:00,1,6,16,0,0,1.3302510293513556,2.0345405790422935,0,0,1,performanz,kognition
64,2025-11-06 17:10:00,1,6,16,0,0,0.9005666790406373,2.0345405790422935,0,0,1,kognition,regulation
65,2025-11-06 17:10:00,1,6,16,0,0,1.342351639552637,2.0345405790422935,0,0,1,regulation,kognition
66,2025-11-06 17:10:00,1,6,16,0,0,1.9051020119686048,2.0345405790422935,0,0,1,kognition,regulation
67,2025-11-06 17:10:00,1,6,16,0,0,1.0363182692377049,2.0345405790422935,0,0,1,regulation,performanz
1053,2025-11-13 17:10:00,1,6,16,0,0,1.9823416526112063,2.0345405790422935,0,0,1,performanz,kognition
1054,2025-11-13 17:10:00,1,6,16,0,0,2.466515586310831,2.0345405790422935,0,0,1,kognition,performanz
1057,2025-11-13 17:10:00,1,6,16,0,0,1.9470264960017143,2.0345405790422935,0,0,1,performanz,motivation
1049,2025-11-20 17:10:00,1,6,16,0,0,2.704835961371295,2.0345405790422935,0,0,1,motivation,regulation
1050,2025-11-20 17:10:00,1,6,16,0,0,1.3665741387805268,2.0345405790422935,0,0,1,regulation,kognition
1042,2025-11-27 17:10:00,1,6,16,0,0,1.4829139890557543,2.0345405790422935,0,0,1,kognition,regulation
1043,2025-11-27 17:10:00,1,6,16,0,0,2.1181093766099974,2.0345405790422935,0,0,1,regulation,kognition
1031,2025-12-04 17:10:00,1,6,16,0,0,0.5925555109414818,2.0345405790422935,0,0,1,kognition,performanz
1033,2025-12-04 17:10:00,1,6,16,0,0,1.279916338133439,2.0345405790422935,0,0,1,performanz,kognition
1034,2025-12-04 17:10:00,1,6,16,0,0,1.306822244355988,2.0345405790422935,0,0,1,kognition,performanz
1010,2026-01-15 17:10:00,1,6,16,0,0,1.8910141958203692,2.0345405790422935,0,0,1,performanz,regulation
1011,2026-01-15 17:10:00,1,6,16,0,0,1.6878845372242333,2.0345405790422935,0,0,1,regulation,performanz
2694,2025-10-23 17:10:00,1,6,17,0,0,1.4764043076609619,1.8497803150992922,0,0,1,regulation,kognition
2669,2025-11-13 17:10:00,1,6,17,0,0,1.1354779464487892,1.8497803150992922,0,0,1,kognition,performanz
2670,2025-11-13 17:10:00,1,6,17,0,0,1.850332466388895,1.8497803150992922,0,0,1,performanz,kognition
2671,2025-11-13 17:10:00,1,6,17,0,0,1.2146543144766755,1.8497803150992922,0,0,1,kognition,performanz
2589,2026-01-29 17:10:00,1,6,17,0,0,1.256915402071856,1.8497803150992922,0,0,1,performanz,kognition
2590,2026-01-29 17:10:00,1,6,17,0,0,2.1520603160610556,1.8497803150992922,0,0,1,kognition,regulation
2591,2026-01-29 17:10:00,1,6,17,0,0,0.9767836346715212,1.8497803150992922,0,0,1,regulation,performanz
2592,2026-01-29 17:10:00,1,6,17,0,0,1.7776021349365327,1.8497803150992922,0,0,1,performanz,regulation
2570,2025-09-04 17:10:00,1,6,18,0,1,6.358797949233833,3.199567537199489,1,1,1,regulation,performanz
2571,2025-09-04 17:10:00,1,6,18,1,0,5.988821804264846,3.199567537199489,1,1,0,performanz,performanz
2572,2025-09-04 17:10:00,1,6,18,0,0,1.0702064878985056,3.199567537199489,0,0,1,performanz,kognition
2573,2025-09-04 17:10:00,1,6,18,0,0,1.2390367919176832,3.199567537199489,0,0,1,kognition,motivation
2559,2025-09-11 17:10:00,1,6,18,0,0,0.850112240060371,3.199567537199489,0,0,1,motivation,performanz
2560,2025-09-11 17:10:00,1,6,18,0,0,0.7888306949222094,3.199567537199489,0,0,1,performanz,kognition
2562,2025-09-11 17:10:00,1,6,18,0,0,3.358174642642064,3.199567537199489,0,0,0,kognition,kognition
2563,2025-09-11 17:10:00,1,6,18,0,0,2.662652799862214,3.199567537199489,0,0,1,kognition,performanz
2544,2025-09-25 17:10:00,1,6,18,0,0,1.4441484952920922,3.199567537199489,0,0,1,performanz,kognition
2545,2025-09-25 17:10:00,1,6,18,0,0,2.550155048328112,3.199567537199489,0,0,1,kognition,motivation
2546,2025-09-25 17:10:00,1,6,18,0,0,1.9042223644515286,3.199567537199489,0,0,1,motivation,performanz
2547,2025-09-25 17:10:00,1,6,18,0,0,1.9273187537932597,3.199567537199489,0,0,1,performanz,motivation
2548,2025-09-25 17:10:00,1,6,18,0,0,1.7706641934507752,3.199567537199489,0,0,1,motivation,methodik
2536,2025-10-02 17:10:00,1,6,18,0,0,1.7288321858130526,3.199567537199489,0,0,1,methodik,performanz
2537,2025-10-02 17:10:00,1,6,18,0,0,2.1174327831548876,3.199567537199489,0,0,1,performanz,kognition
2539,2025-10-02 17:10:00,1,6,18,0,0,1.3925717149555936,3.199567537199489,0,0,1,kognition,performanz
2522,2025-10-23 17:10:00,1,6,18,0,0,1.1866914370398414,3.199567537199489,0,0,1,performanz,regulation
2523,2025-10-23 17:10:00,1,6,18,0,0,0.9393586836674486,3.199567537199489,0,0,1,regulation,kognition
2525,2025-10-23 17:10:00,1,6,18,0,0,1.8546313849703777,3.199567537199489,0,0,1,kognition,methodik
2526,2025-10-23 17:10:00,1,6,18,0,0,2.0031093516522827,3.199567537199489,0,0,1,methodik,kognition
2513,2025-10-30 17:10:00,1,6,18,0,0,2.2267824967321674,3.199567537199489,0,0,1,kognition,performanz
2516,2025-10-30 17:10:00,1,6,18,0,0,1.5323971735859767,3.199567537199489,0,0,1,performanz,motivation
2503,2025-11-06 17:10:00,1,6,18,0,0,2.403692334348946,3.199567537199489,0,0,1,motivation,performanz
2504,2025-11-06 17:10:00,1,6,18,0,0,1.4520476900577015,3.199567537199489,0,0,1,performanz,kognition
2506,2025-11-06 17:10:00,1,6,18,0,0,0.9716639917817824,3.199567537199489,0,0,1,kognition,performanz
2507,2025-11-06 17:10:00,1,6,18,0,0,0.7061871188275679,3.199567537199489,0,0,1,performanz,kognition
2494,2025-11-13 17:10:00,1,6,18,0,1,6.014826234091443,3.199567537199489,1,1,1,kognition,performanz
2495,2025-11-13 17:10:00,1,6,18,1,0,5.685739712421844,3.199567537199489,1,1,1,performanz,regulation
2496,2025-11-13 17:10:00,1,6,18,0,0,1.1564805263850118,3.199567537199489,0,0,1,regulation,kognition
2486,2025-11-27 17:10:00,1,6,18,0,0,1.3557224948115245,3.199567537199489,0,0,1,kognition,regulation
2487,2025-11-27 17:10:00,1,6,18,0,0,0.6941970716483895,3.199567537199489,0,0,1,regulation,kognition
2475,2025-12-04 17:10:00,1,6,18,0,0,1.7489646661494376,3.199567537199489,0,0,1,kognition,motivation
2476,2025-12-04 17:10:00,1,6,18,0,0,2.4854751952542395,3.199567537199489,0,0,1,motivation,kognition
2477,2025-12-04 17:10:00,1,6,18,0,0,2.3702362643099524,3.199567537199489,0,0,1,kognition,regulation
2445,2026-01-15 17:10:00,1,6,18,0,0,2.4708433662197433,3.199567537199489,0,0,1,regulation,kognition
2433,2026-01-29 17:10:00,1,6,18,0,0,1.1137977432029784,3.199567537199489,0,0,1,kognition,regulation
2434,2026-01-29 17:10:00,1,6,18,0,0,1.3484448730852776,3.199567537199489,0,0,1,regulation,kognition
2435,2026-01-29 17:10:00,1,6,18,0,0,0.870381713690763,3.199567537199489,0,0,1,kognition,regulation
3027,2025-09-04 17:10:00,1,6,19,0,0,1.219581639751833,1.9415731918079135,0,0,1,performanz,kognition
3029,2025-09-04 17:10:00,1,6,19,0,0,0.700278745398262,1.9415731918079135,0,0,1,kognition,regulation
3030,2025-09-04 17:10:00,1,6,19,0,0,1.791891715280981,1.9415731918079135,0,0,1,regulation,motivation
3023,2025-09-11 17:10:00,1,6,19,0,0,1.9422609478492294,1.9415731918079135,0,0,1,motivation,kognition
3024,2025-09-11 17:10:00,1,6,19,0,0,0.9384911766301842,1.9415731918079135,0,0,1,kognition,regulation
3025,2025-09-11 17:10:00,1,6,19,0,0,2.0482226436463167,1.9415731918079135,0,0,1,regulation,kognition
3018,2025-09-18 17:10:00,1,6,19,0,0,0.7847368545404714,1.9415731918079135,0,0,1,kognition,performanz
3020,2025-09-18 17:10:00,1,6,19,0,0,1.9298374012867099,1.9415731918079135,0,0,1,performanz,motivation
3013,2025-09-25 17:10:00,1,6,19,0,0,1.3192128551079978,1.9415731918079135,0,0,1,motivation,kognition
3014,2025-09-25 17:10:00,1,6,19,0,0,1.4004641306610317,1.9415731918079135,0,0,1,kognition,regulation
3016,2025-09-25 17:10:00,1,6,19,0,0,0.9861631892786678,1.9415731918079135,0,0,1,regulation,performanz
3007,2025-10-02 17:10:00,1,6,19,0,0,0.9346991608587666,1.9415731918079135,0,0,1,performanz,kognition
3011,2025-10-02 17:10:00,1,6,19,0,0,2.34054600764894,1.9415731918079135,0,0,1,kognition,motivation
2996,2025-10-23 17:10:00,1,6,19,0,0,2.2778024841897007,1.9415731918079135,0,0,1,motivation,regulation
2997,2025-10-23 17:10:00,1,6,19,0,0,0.6481026690955799,1.9415731918079135,0,0,1,regulation,methodik
2998,2025-10-23 17:10:00,1,6,19,0,0,0.8985421699317,1.9415731918079135,0,0,1,methodik,kognition
2995,2025-10-30 17:10:00,1,6,19,0,0,2.0673892293488243,1.9415731918079135,0,0,1,kognition,regulation
2987,2025-11-06 17:10:00,1,6,19,0,0,1.4880005035582728,1.9415731918079135,0,0,1,regulation,kognition
2989,2025-11-06 17:10:00,1,6,19,0,0,1.0154610318656014,1.9415731918079135,0,0,1,kognition,performanz
2990,2025-11-06 17:10:00,1,6,19,0,0,1.6294953340683143,1.9415731918079135,0,0,1,performanz,kognition
2979,2025-11-20 17:10:00,1,6,19,0,0,1.6483902515684632,1.9415731918079135,0,0,1,kognition,performanz
2981,2025-11-20 17:10:00,1,6,19,0,0,1.7492686848962518,1.9415731918079135,0,0,1,performanz,regulation
2973,2025-11-27 17:10:00,1,6,19,0,0,1.2929936911513722,1.9415731918079135,0,0,1,regulation,performanz
2974,2025-11-27 17:10:00,1,6,19,0,0,0.46360571204110335,1.9415731918079135,0,0,1,performanz,kognition
2975,2025-11-27 17:10:00,1,6,19,0,0,0.9762515416972908,1.9415731918079135,0,0,1,kognition,regulation
2976,2025-11-27 17:10:00,1,6,19,0,0,1.6235626145753466,1.9415731918079135,0,0,1,regulation,kognition
2977,2025-11-27 17:10:00,1,6,19,0,0,1.759183162417539,1.9415731918079135,0,0,1,kognition,regulation
2970,2025-12-04 17:10:00,1,6,19,0,0,1.8826682911889059,1.9415731918079135,0,0,1,regulation,kognition
2971,2025-12-04 17:10:00,1,6,19,0,0,2.5293918319577275,1.9415731918079135,0,0,1,kognition,motivation
2972,2025-12-04 17:10:00,1,6,19,0,0,3.212855717026073,1.9415731918079135,0,0,1,motivation,kognition
2964,2025-12-11 17:10:00,1,6,19,0,0,1.4301550449440381,1.9415731918079135,0,0,1,kognition,performanz
2966,2025-12-11 17:10:00,1,6,19,0,0,0.9285782107435406,1.9415731918079135,0,0,1,performanz,kognition
2968,2025-12-11 17:10:00,1,6,19,0,0,1.4468358719404038,1.9415731918079135,0,0,1,kognition,regulation
2951,2026-01-15 17:10:00,1,6,19,0,0,1.0613635148649818,1.9415731918079135,0,0,1,regulation,kognition
2952,2026-01-15 17:10:00,1,6,19,0,0,1.5694643578478062,1.9415731918079135,0,0,1,kognition,motivation
2953,2026-01-15 17:10:00,1,6,19,0,0,1.728897776017377,1.9415731918079135,0,0,1,motivation,kognition
2954,2026-01-15 17:10:00,1,6,19,0,0,1.8065590196397925,1.9415731918079135,0,0,1,kognition,performanz
2940,2026-01-29 17:10:00,1,6,19,0,0,2.462932671507212,1.9415731918079135,0,0,0,performanz,performanz
2941,2026-01-29 17:10:00,1,6,19,0,0,1.135106945308067,1.9415731918079135,0,0,1,performanz,regulation
2942,2026-01-29 17:10:00,1,6,19,0,0,1.7148860271625501,1.9415731918079135,0,0,1,regulation,performanz
2943,2026-01-29 17:10:00,1,6,19,0,0,1.7669851129733765,1.9415731918079135,0,0,1,performanz,kognition
2851,2025-10-23 17:10:00,1,6,22,0,0,1.2416998301851683,1.8305332486530317,0,0,1,regulation,methodik
2852,2025-10-23 17:10:00,1,6,22,0,0,0.7671328568211708,1.8305332486530317,0,0,1,methodik,regulation
2834,2025-11-06 17:10:00,1,6,22,0,0,1.8402231645021165,1.8305332486530317,0,0,1,regulation,kognition
2826,2025-11-13 17:10:00,1,6,22,0,0,2.779744281910399,1.8305332486530317,0,0,0,kognition,kognition
2822,2025-11-20 17:10:00,1,6,22,0,0,0.7802386227515414,1.8305332486530317,0,0,1,kognition,performanz
2823,2025-11-20 17:10:00,1,6,22,0,0,1.09095959318529,1.8305332486530317,0,0,1,performanz,kognition
2806,2025-12-04 17:10:00,1,6,22,0,0,0.9414161206776088,1.8305332486530317,0,0,1,kognition,performanz
2807,2025-12-04 17:10:00,1,6,22,0,0,0.9717027584712983,1.8305332486530317,0,0,1,performanz,kognition
2809,2025-12-04 17:10:00,1,6,22,0,0,1.5788780251941672,1.8305332486530317,0,0,1,kognition,performanz
2798,2025-12-11 17:10:00,1,6,22,0,0,1.5172275924708503,1.8305332486530317,0,0,1,performanz,regulation
2799,2025-12-11 17:10:00,1,6,22,0,0,2.5483315323312024,1.8305332486530317,0,0,1,regulation,kognition
2800,2025-12-11 17:10:00,1,6,22,0,0,1.1492096251328157,1.8305332486530317,0,0,1,kognition,regulation
2801,2025-12-11 17:10:00,1,6,22,0,0,1.0213603325552043,1.8305332486530317,0,0,1,regulation,kognition
2762,2026-01-29 17:10:00,1,6,22,0,0,1.8735874399546835,1.8305332486530317,0,0,1,kognition,performanz
2763,2026-01-29 17:10:00,1,6,22,0,0,1.8044839678779916,1.8305332486530317,0,0,1,performanz,kognition
715,2025-09-19 15:35:00,1,7,4,0,1,7.274797516297988,4.013847801259631,1,1,1,kognition,regulation
716,2025-09-19 15:35:00,1,7,4,1,0,6.8179647101786305,4.013847801259631,1,1,1,regulation,performanz
717,2025-09-19 15:35:00,1,7,4,0,1,3.8205175430794105,4.013847801259631,1,1,1,performanz,kognition
703,2025-09-26 15:35:00,1,7,4,1,0,3.8988074379489093,4.013847801259631,1,1,0,kognition,kognition
706,2025-09-26 15:35:00,1,7,4,0,0,1.679519806951264,4.013847801259631,0,0,1,kognition,methodik
707,2025-09-26 15:35:00,1,7,4,0,0,1.2543898948958836,4.013847801259631,0,0,1,methodik,regulation
695,2025-10-24 15:35:00,1,7,4,0,0,0.5427395020219405,4.013847801259631,0,0,1,regulation,performanz
696,2025-10-24 15:35:00,1,7,4,0,0,1.5620931112122292,4.013847801259631,0,0,1,performanz,kognition
698,2025-10-24 15:35:00,1,7,4,0,0,2.8875022482617116,4.013847801259631,0,0,1,kognition,motivation
699,2025-10-24 15:35:00,1,7,4,0,0,2.5550127688524618,4.013847801259631,0,0,1,motivation,performanz
1179,2025-11-14 15:35:00,1,7,4,0,0,1.60925522372889,4.013847801259631,0,0,1,performanz,kognition
1182,2025-11-14 15:35:00,1,7,4,0,0,1.5789559703425071,4.013847801259631,0,0,1,kognition,performanz
1168,2025-11-28 15:35:00,1,7,4,0,0,0.9315664011366205,4.013847801259631,0,0,1,performanz,kognition
1171,2025-11-28 15:35:00,1,7,4,0,0,0.9400143120823807,4.013847801259631,0,0,1,kognition,motivation
887,2025-09-05 15:35:00,1,7,6,0,0,1.0684473410850426,3.0498526070540395,0,0,1,kognition,performanz
888,2025-09-05 15:35:00,1,7,6,0,0,1.7563727940799574,3.0498526070540395,0,0,1,performanz,motivation
889,2025-09-05 15:35:00,1,7,6,0,0,1.9064539791143431,3.0498526070540395,0,0,1,motivation,regulation
876,2025-09-12 15:35:00,1,7,6,0,0,1.787975153932203,3.0498526070540395,0,0,1,regulation,kognition
877,2025-09-12 15:35:00,1,7,6,0,0,1.6365144004713164,3.0498526070540395,0,0,1,kognition,performanz
878,2025-09-12 15:35:00,1,7,6,0,0,1.646374808293555,3.0498526070540395,0,0,1,performanz,motivation
879,2025-09-12 15:35:00,1,7,6,0,0,1.8026754887453902,3.0498526070540395,0,0,1,motivation,kognition
872,2025-09-19 15:35:00,1,7,6,0,0,1.3257741015319018,3.0498526070540395,0,0,1,kognition,motivation
873,2025-09-19 15:35:00,1,7,6,0,0,1.2670498199420621,3.0498526070540395,0,0,1,motivation,kognition
874,2025-09-19 15:35:00,1,7,6,0,1,5.287414383706533,3.0498526070540395,1,1,1,kognition,performanz
849,2025-10-24 15:35:00,1,7,6,1,0,6.693229880424584,3.0498526070540395,1,1,1,performanz,kognition
825,2025-11-07 15:35:00,1,7,6,0,0,1.1929276096561203,3.0498526070540395,0,0,1,kognition,regulation
826,2025-11-07 15:35:00,1,7,6,0,0,1.6961579990150195,3.0498526070540395,0,0,1,regulation,kognition
828,2025-11-07 15:35:00,1,7,6,0,0,3.4302672053216874,3.0498526070540395,0,0,0,kognition,kognition
1434,2025-11-14 15:35:00,1,7,6,0,0,1.640701509429767,3.0498526070540395,0,0,1,kognition,performanz
1435,2025-11-14 15:35:00,1,7,6,0,0,1.020700095164348,3.0498526070540395,0,0,1,performanz,kognition
1436,2025-11-14 15:35:00,1,7,6,0,0,1.6294719868386132,3.0498526070540395,0,0,1,kognition,performanz
1437,2025-11-14 15:35:00,1,7,6,0,1,1.353849932845546,3.0498526070540395,1,0,1,performanz,regulation
1438,2025-11-14 15:35:00,1,7,6,1,0,2.1902972529742173,3.0498526070540395,1,0,1,regulation,kognition
1416,2025-11-28 15:35:00,1,7,6,0,0,1.801433772350612,3.0498526070540395,0,0,1,kognition,motivation
1417,2025-11-28 15:35:00,1,7,6,0,0,1.8544795615561764,3.0498526070540395,0,0,1,motivation,kognition
1418,2025-11-28 15:35:00,1,7,6,0,0,0.8669953805146371,3.0498526070540395,0,0,1,kognition,regulation
1420,2025-11-28 15:35:00,1,7,6,0,0,1.269315945981392,3.0498526070540395,0,0,1,regulation,kognition
1381,2026-01-16 15:35:00,1,7,6,0,0,1.7929068597774438,3.0498526070540395,0,0,1,kognition,performanz
1382,2026-01-16 15:35:00,1,7,6,0,0,2.9687615299946093,3.0498526070540395,0,0,1,performanz,motivation
1383,2026-01-16 15:35:00,1,7,6,0,0,1.308910834240329,3.0498526070540395,0,0,1,motivation,kognition
952,2025-09-05 15:35:00,1,7,11,0,0,2.2955304623016746,3.408788131161603,0,0,1,kognition,motivation
953,2025-09-05 15:35:00,1,7,11,0,0,1.6674894110585796,3.408788131161603,0,0,1,motivation,kognition
954,2025-09-05 15:35:00,1,7,11,0,0,2.1644027092935585,3.408788131161603,0,0,1,kognition,regulation
941,2025-09-12 15:35:00,1,7,11,0,0,1.4408929391382967,3.408788131161603,0,0,1,regulation,kognition
942,2025-09-12 15:35:00,1,7,11,0,1,6.312381249495479,3.408788131161603,1,1,1,kognition,performanz
943,2025-09-12 15:35:00,1,7,11,1,0,7.138921001164999,3.408788131161603,1,1,1,performanz,kognition
944,2025-09-12 15:35:00,1,7,11,0,0,2.4995096038509708,3.408788131161603,0,0,1,kognition,motivation
945,2025-09-12 15:35:00,1,7,11,0,0,2.3431604902754,3.408788131161603,0,0,1,motivation,kognition
936,2025-09-19 15:35:00,1,7,11,0,1,2.7015612437523497,3.408788131161603,1,0,1,kognition,regulation
937,2025-09-19 15:35:00,1,7,11,1,0,2.020514082853361,3.408788131161603,1,0,1,regulation,methodik
938,2025-09-19 15:35:00,1,7,11,0,0,0.8627891359367652,3.408788131161603,0,0,1,methodik,kognition
939,2025-09-19 15:35:00,1,7,11,0,0,2.333465515366064,3.408788131161603,0,0,1,kognition,regulation
940,2025-09-19 15:35:00,1,7,11,0,0,0.8568489359368916,3.408788131161603,0,0,1,regulation,motivation
918,2025-11-07 15:35:00,1,7,11,0,0,1.4568482025557252,3.408788131161603,0,0,1,motivation,kognition
1741,2025-11-14 15:35:00,1,7,11,0,0,1.6618001951669619,3.408788131161603,0,0,1,kognition,regulation
1729,2025-11-28 15:35:00,1,7,11,0,0,1.0935487051980017,3.408788131161603,0,0,1,regulation,kognition
1730,2025-11-28 15:35:00,1,7,11,0,0,2.185012425072418,3.408788131161603,0,0,1,kognition,motivation
1731,2025-11-28 15:35:00,1,7,11,0,0,1.246699846593014,3.408788131161603,0,0,1,motivation,performanz
1694,2026-01-16 15:35:00,1,7,11,0,0,0.7975949957181174,3.408788131161603,0,0,1,performanz,regulation
1698,2026-01-16 15:35:00,1,7,11,0,0,1.747374977406039,3.408788131161603,0,0,1,regulation,performanz
53,2025-09-05 15:35:00,1,7,20,0,0,1.279862793311142,2.030088144233601,0,0,1,performanz,kognition
54,2025-09-05 15:35:00,1,7,20,0,0,1.0453408482957127,2.030088144233601,0,0,1,kognition,motivation
55,2025-09-05 15:35:00,1,7,20,0,0,1.6311793891402333,2.030088144233601,0,0,1,motivation,performanz
56,2025-09-05 15:35:00,1,7,20,0,0,1.731904328635114,2.030088144233601,0,0,1,performanz,kognition
44,2025-09-12 15:35:00,1,7,20,0,0,1.1881221844598377,2.030088144233601,0,0,1,kognition,regulation
45,2025-09-12 15:35:00,1,7,20,0,0,0.9205720225839802,2.030088144233601,0,0,1,regulation,kognition
46,2025-09-12 15:35:00,1,7,20,0,0,2.7962273697161555,2.030088144233601,0,0,0,kognition,kognition
34,2025-09-19 15:35:00,1,7,20,0,0,2.555271205035041,2.030088144233601,0,0,1,kognition,performanz
35,2025-09-19 15:35:00,1,7,20,0,0,0.826834528693574,2.030088144233601,0,0,1,performanz,kognition
26,2025-09-26 15:35:00,1,7,20,0,0,0.5710756384650252,2.030088144233601,0,0,1,kognition,performanz
27,2025-09-26 15:35:00,1,7,20,0,0,1.475568409104456,2.030088144233601,0,0,1,performanz,kognition
29,2025-09-26 15:35:00,1,7,20,0,0,1.8400956819851926,2.030088144233601,0,0,1,kognition,performanz
12,2025-10-24 15:35:00,1,7,20,0,0,0.6808605400700597,2.030088144233601,0,0,1,performanz,kognition
13,2025-10-24 15:35:00,1,7,20,0,0,2.2338403001170475,2.030088144233601,0,0,1,kognition,sozial
14,2025-10-24 15:35:00,1,7,20,0,0,1.8366969246956861,2.030088144233601,0,0,1,sozial,kognition
15,2025-10-24 15:35:00,1,7,20,0,0,1.4925052663474694,2.030088144233601,0,0,1,kognition,performanz
1580,2025-11-14 15:35:00,1,7,20,0,0,0.8931022317603846,2.030088144233601,0,0,1,performanz,kognition
1581,2025-11-14 15:35:00,1,7,20,0,0,1.0270776917181559,2.030088144233601,0,0,1,kognition,performanz
1566,2025-11-28 15:35:00,1,7,20,0,0,1.7136147451836268,2.030088144233601,0,0,1,performanz,kognition
1568,2025-11-28 15:35:00,1,7,20,0,0,1.644981362466482,2.030088144233601,0,0,1,kognition,performanz
1569,2025-11-28 15:35:00,1,7,20,0,0,1.8948778987553763,2.030088144233601,0,0,1,performanz,kognition
1552,2026-01-16 15:35:00,1,7,20,0,0,1.7803772735112464,2.030088144233601,0,0,1,kognition,performanz
1553,2026-01-16 15:35:00,1,7,20,0,0,2.1916691840297435,2.030088144233601,0,0,1,performanz,methodik
1554,2026-01-16 15:35:00,1,7,20,0,0,2.2442095532738864,2.030088144233601,0,0,1,methodik,kognition
1555,2026-01-16 15:35:00,1,7,20,0,0,2.143527592182647,2.030088144233601,0,0,1,kognition,performanz
2211,2025-09-19 15:35:00,1,7,24,0,0,1.1759565548275908,2.1655038957336528,0,0,1,kognition,performanz
2212,2025-09-19 15:35:00,1,7,24,0,0,0.5728375539165709,2.1655038957336528,0,0,1,performanz,regulation
2213,2025-09-19 15:35:00,1,7,24,0,0,2.814634743592657,2.1655038957336528,0,0,0,regulation,regulation
2204,2025-09-26 15:35:00,1,7,24,0,0,3.236557229015632,2.1655038957336528,0,0,1,regulation,performanz
2205,2025-09-26 15:35:00,1,7,24,0,0,1.9175584749675327,2.1655038957336528,0,0,1,performanz,kognition
2207,2025-09-26 15:35:00,1,7,24,0,0,0.5567850615370776,2.1655038957336528,0,0,1,kognition,performanz
2208,2025-09-26 15:35:00,1,7,24,0,0,0.8262106258716991,2.1655038957336528,0,0,1,performanz,kognition
2198,2025-11-07 15:35:00,1,7,24,0,0,1.801395208480384,2.1655038957336528,0,0,1,kognition,performanz
2199,2025-11-07 15:35:00,1,7,24,0,0,1.5373149532764172,2.1655038957336528,0,0,1,performanz,kognition
2192,2025-11-14 15:35:00,1,7,24,0,0,1.7215198372613107,2.1655038957336528,0,0,1,kognition,regulation
2193,2025-11-14 15:35:00,1,7,24,0,0,1.2453380617963783,2.1655038957336528,0,0,1,regulation,motivation
2195,2025-11-14 15:35:00,1,7,24,0,0,0.5909228031807474,2.1655038957336528,0,0,1,motivation,performanz
2187,2025-11-28 15:35:00,1,7,24,0,0,1.1967317287797212,2.1655038957336528,0,0,1,performanz,regulation
2188,2025-11-28 15:35:00,1,7,24,0,0,1.2902190918342993,2.1655038957336528,0,0,1,regulation,kognition
2191,2025-11-28 15:35:00,1,7,24,0,0,1.2161982608453314,2.1655038957336528,0,0,1,kognition,regulation
2172,2026-01-16 15:35:00,1,7,24,0,0,1.3725809328450023,2.1655038957336528,0,0,1,regulation,performanz
2174,2026-01-16 15:35:00,1,7,24,0,0,3.349740258598489,2.1655038957336528,0,0,1,performanz,kognition
2358,2025-09-01 17:10:00,12,0,12,0,0,1.2373940953711495,3.8500146090630523,0,0,1,kognition,performanz
2359,2025-09-01 17:10:00,12,0,12,0,0,1.490463877062278,3.8500146090630523,0,0,1,performanz,methodik
2360,2025-09-01 17:10:00,12,0,12,0,0,0.7823761362093319,3.8500146090630523,0,0,1,methodik,kognition
2361,2025-09-01 17:10:00,12,0,12,0,0,1.793676068491887,3.8500146090630523,0,0,1,kognition,motivation
2338,2025-09-15 17:10:00,12,0,12,0,0,2.4451087773212468,3.8500146090630523,0,0,1,motivation,kognition
2341,2025-09-15 17:10:00,12,0,12,0,0,1.7786513653449383,3.8500146090630523,0,0,1,kognition,performanz
2342,2025-09-15 17:10:00,12,0,12,0,0,1.3990026840019623,3.8500146090630523,0,0,1,performanz,motivation
2343,2025-09-15 17:10:00,12,0,12,0,1,10.619387706390084,3.8500146090630523,1,1,1,motivation,performanz
2329,2025-09-22 17:10:00,12,0,12,1,0,12.473542848116665,3.8500146090630523,1,1,1,performanz,kognition
2332,2025-09-22 17:10:00,12,0,12,0,0,1.1695144876474874,3.8500146090630523,0,0,1,kognition,performanz
2333,2025-09-22 17:10:00,12,0,12,0,0,1.644770333750315,3.8500146090630523,0,0,1,performanz,regulation
2323,2025-09-29 17:10:00,12,0,12,0,0,1.4804634440289537,3.8500146090630523,0,0,1,regulation,kognition
2326,2025-09-29 17:10:00,12,0,12,0,0,1.3650263340304876,3.8500146090630523,0,0,1,kognition,performanz
2307,2025-10-27 17:10:00,12,0,12,0,0,2.2423280533973067,3.8500146090630523,0,0,1,performanz,kognition
2308,2025-10-27 17:10:00,12,0,12,0,1,7.2320564167278745,3.8500146090630523,1,1,1,kognition,performanz
2309,2025-10-27 17:10:00,12,0,12,1,0,5.121889306598892,3.8500146090630523,1,1,1,performanz,kognition
2306,2025-11-03 17:10:00,12,0,12,0,0,1.4540086618775698,3.8500146090630523,0,0,1,kognition,performanz
2293,2025-11-10 17:10:00,12,0,12,0,0,0.9709008039512629,3.8500146090630523,0,0,1,performanz,kognition
2295,2025-11-10 17:10:00,12,0,12,0,0,1.008974655390417,3.8500146090630523,0,0,1,kognition,performanz
2282,2025-11-17 17:10:00,12,0,12,0,0,1.5402026652128749,3.8500146090630523,0,0,1,performanz,kognition
2283,2025-11-17 17:10:00,12,0,12,0,0,1.976190075595963,3.8500146090630523,0,0,1,kognition,methodik
2284,2025-11-17 17:10:00,12,0,12,0,0,1.8816443255959192,3.8500146090630523,0,0,1,methodik,motivation
2285,2025-11-17 17:10:00,12,0,12,0,0,1.2912193625074884,3.8500146090630523,0,0,1,motivation,performanz
2287,2025-11-17 17:10:00,12,0,12,0,0,0.8497689595580872,3.8500146090630523,0,0,1,performanz,kognition
2280,2025-11-24 17:10:00,12,0,12,0,0,1.98370132879513,3.8500146090630523,0,0,1,kognition,regulation
2281,2025-11-24 17:10:00,12,0,12,0,0,1.894319684842938,3.8500146090630523,0,0,1,regulation,kognition
2268,2025-12-01 17:10:00,12,0,12,0,0,1.3391867688786423,3.8500146090630523,0,0,1,kognition,performanz
2269,2025-12-01 17:10:00,12,0,12,0,0,2.164793672261081,3.8500146090630523,0,0,1,performanz,methodik
2271,2025-12-01 17:10:00,12,0,12,0,0,1.4038256287796655,3.8500146090630523,0,0,1,methodik,performanz
2272,2025-12-01 17:10:00,12,0,12,0,0,1.0111071620088259,3.8500146090630523,0,0,1,performanz,methodik
2264,2025-12-08 17:10:00,12,0,12,0,0,1.9066842039633727,3.8500146090630523,0,0,1,methodik,regulation
2265,2025-12-08 17:10:00,12,0,12,0,0,1.8425374096759437,3.8500146090630523,0,0,1,regulation,performanz
2266,2025-12-08 17:10:00,12,0,12,0,0,2.1088062336599904,3.8500146090630523,0,0,1,performanz,motivation
2267,2025-12-08 17:10:00,12,0,12,0,0,2.597628050375379,3.8500146090630523,0,0,1,motivation,kognition
2254,2025-12-15 17:10:00,12,0,12,0,0,0.8646976807892776,3.8500146090630523,0,0,1,kognition,performanz
2255,2025-12-15 17:10:00,12,0,12,0,0,0.2924599324692003,3.8500146090630523,0,0,1,performanz,kognition
2257,2025-12-15 17:10:00,12,0,12,0,0,1.8733787105689779,3.8500146090630523,0,0,1,kognition,performanz
2247,2026-01-05 17:10:00,12,0,12,0,0,0.9717027584712983,3.8500146090630523,0,0,1,performanz,kognition
2234,2026-01-12 17:10:00,12,0,12,0,0,1.7519357578614425,3.8500146090630523,0,0,1,kognition,regulation
2235,2026-01-12 17:10:00,12,0,12,0,0,1.5451645963261975,3.8500146090630523,0,0,1,regulation,kognition
2224,2026-01-19 17:10:00,12,0,12,0,0,1.4157508108073928,3.8500146090630523,0,0,1,kognition,performanz
2227,2026-01-19 17:10:00,12,0,12,0,0,1.6202098343212663,3.8500146090630523,0,0,1,performanz,kognition
2688,2025-10-27 17:10:00,12,0,17,0,0,1.609670595262689,4.519542053793769,0,0,1,kognition,performanz
2691,2025-10-27 17:10:00,12,0,17,0,1,6.012259375066402,4.519542053793769,1,1,0,performanz,performanz
769,2025-10-13 15:35:00,12,1,2,0,0,1.323522760500593,1.323522760500593,0,0,1,kognition,performanz
2130,2025-12-01 15:35:00,12,1,40,0,0,2.163302036471391,2.4044534734578047,0,0,1,kognition,motivation
2131,2025-12-01 15:35:00,12,1,40,0,0,2.1751425965169386,2.4044534734578047,0,0,1,motivation,kognition
2132,2025-12-01 15:35:00,12,1,40,0,0,1.8252328187594928,2.4044534734578047,0,0,1,kognition,performanz
2086,2026-01-12 15:35:00,12,1,40,0,0,0.9937287119191948,2.4044534734578047,0,0,1,performanz,regulation
2088,2026-01-12 15:35:00,12,1,40,0,0,0.9695548803964698,2.4044534734578047,0,0,1,regulation,performanz
2089,2026-01-12 15:35:00,12,1,40,0,0,0.9078760654811343,2.4044534734578047,0,0,1,performanz,kognition
2091,2026-01-12 15:35:00,12,1,40,0,0,3.2403385811237952,2.4044534734578047,0,0,1,kognition,regulation
1251,2025-12-15 15:35:00,12,1,43,0,0,1.1757121796417966,1.9767646029540427,0,0,1,kognition,regulation
1252,2025-12-15 15:35:00,12,1,43,0,0,1.1275431823453175,1.9767646029540427,0,0,1,regulation,kognition
1253,2025-12-15 15:35:00,12,1,43,0,0,1.9211365195216585,1.9767646029540427,0,0,1,kognition,regulation
1232,2026-01-26 15:35:00,12,1,43,0,0,2.1340257162287535,1.9767646029540427,0,0,1,regulation,kognition
1233,2026-01-26 15:35:00,12,1,43,0,0,1.831794592720972,1.9767646029540427,0,0,1,kognition,methodik
1234,2026-01-26 15:35:00,12,1,43,0,0,1.5329023856209039,1.9767646029540427,0,0,1,methodik,kognition
1852,2026-01-05 17:10:00,12,2,23,0,0,2.107693375275079,2.120260975801667,0,0,1,regulation,kognition
1845,2026-01-12 17:10:00,12,2,23,0,0,0.5916777129133175,2.120260975801667,0,0,1,kognition,performanz
1849,2026-01-12 17:10:00,12,2,23,0,0,2.0411671502409985,2.120260975801667,0,0,1,performanz,kognition
1841,2026-01-19 17:10:00,12,2,23,0,0,2.4892555233651095,2.120260975801667,0,0,1,kognition,performanz
1842,2026-01-19 17:10:00,12,2,23,0,0,1.1588612507128027,2.120260975801667,0,0,1,performanz,kognition
1843,2026-01-19 17:10:00,12,2,23,0,0,2.2094544690853115,2.120260975801667,0,0,1,kognition,performanz
503,2025-09-11 17:10:00,18,0,8,0,0,1.1238584848517865,3.461638433323136,0,0,1,performanz,kognition
504,2025-09-11 17:10:00,18,0,8,0,0,1.9742469874723172,3.461638433323136,0,0,1,kognition,motivation
506,2025-09-11 17:10:00,18,0,8,0,0,1.9821534777147218,3.461638433323136,0,0,1,motivation,kognition
482,2025-09-25 17:10:00,18,0,8,0,1,6.883704628512626,3.461638433323136,1,1,1,kognition,performanz
483,2025-09-25 17:10:00,18,0,8,1,0,5.980284119814201,3.461638433323136,1,1,1,performanz,kognition
485,2025-09-25 17:10:00,18,0,8,0,0,1.4265611034080625,3.461638433323136,0,0,1,kognition,performanz
473,2025-10-02 17:10:00,18,0,8,0,0,1.1620751343255415,3.461638433323136,0,0,1,performanz,kognition
475,2025-10-02 17:10:00,18,0,8,0,0,1.8492839417221971,3.461638433323136,0,0,1,kognition,performanz
467,2025-10-09 17:10:00,18,0,8,0,0,1.9399156073562316,3.461638433323136,0,0,1,performanz,kognition
455,2025-10-23 17:10:00,18,0,8,0,0,1.4338831977750919,3.461638433323136,0,0,1,kognition,performanz
458,2025-10-23 17:10:00,18,0,8,0,0,1.5145281966867987,3.461638433323136,0,0,1,performanz,regulation
452,2025-10-30 17:10:00,18,0,8,0,0,1.936789405001708,3.461638433323136,0,0,1,regulation,kognition
454,2025-10-30 17:10:00,18,0,8,0,0,2.312699077353814,3.461638433323136,0,0,1,kognition,performanz
443,2025-11-06 17:10:00,18,0,8,0,0,1.5755777658197014,3.461638433323136,0,0,1,performanz,kognition
444,2025-11-06 17:10:00,18,0,8,0,0,2.1472676486285973,3.461638433323136,0,0,1,kognition,motivation
445,2025-11-06 17:10:00,18,0,8,0,0,1.9821534777147218,3.461638433323136,0,0,1,motivation,kognition
1078,2025-12-16 17:10:00,18,0,21,0,0,1.9876863839589698,1.8878204149337643,0,0,1,kognition,regulation
1080,2025-12-16 17:10:00,18,0,21,0,0,0.9288826260527661,1.8878204149337643,0,0,1,regulation,performanz
1081,2025-12-16 17:10:00,18,0,21,0,0,0.7374611881147874,1.8878204149337643,0,0,1,performanz,regulation
2060,2025-10-30 17:10:00,18,0,47,0,0,0.4150079480534465,2.328040148970492,0,0,1,kognition,performanz
2061,2025-10-30 17:10:00,18,0,47,0,0,1.1146760437018652,2.328040148970492,0,0,1,performanz,regulation
2062,2025-10-30 17:10:00,18,0,47,0,0,2.790679432632035,2.328040148970492,0,0,1,regulation,kognition
2019,2025-12-11 17:10:00,18,0,47,0,0,2.6953345978928787,2.328040148970492,0,0,0,kognition,kognition
2021,2025-12-11 17:10:00,18,0,47,0,0,1.9978488338980536,2.328040148970492,0,0,1,kognition,performanz
2023,2025-12-11 17:10:00,18,0,47,0,0,1.2536900038129042,2.328040148970492,0,0,1,performanz,kognition
2014,2026-01-08 17:10:00,18,0,47,0,0,1.77196646282835,2.328040148970492,0,0,1,kognition,performanz
2015,2026-01-08 17:10:00,18,0,47,0,0,1.7626555201278713,2.328040148970492,0,0,1,performanz,kognition
2016,2026-01-08 17:10:00,18,0,47,0,0,2.3478084601904907,2.328040148970492,0,0,1,kognition,regulation
2017,2026-01-08 17:10:00,18,0,47,0,0,3.170402679580809,2.328040148970492,0,0,1,regulation,performanz
2018,2026-01-08 17:10:00,18,0,47,0,0,1.757219098076481,2.328040148970492,0,0,1,performanz,motivation
2009,2026-01-22 17:10:00,18,0,47,0,0,1.4579149382235879,2.328040148970492,0,0,1,motivation,performanz
2011,2026-01-22 17:10:00,18,0,47,0,0,1.5475139701901435,2.328040148970492,0,0,1,performanz,regulation
2012,2026-01-22 17:10:00,18,0,47,0,0,1.5337523243601696,2.328040148970492,0,0,1,regulation,kognition
2013,2026-01-22 17:10:00,18,0,47,0,0,0.8329948827850644,2.328040148970492,0,0,1,kognition,performanz
2006,2026-01-29 17:10:00,18,0,47,0,0,1.503795910405437,2.328040148970492,0,0,1,performanz,kognition
1791,2025-12-16 17:10:00,18,2,9,0,0,2.426268221707825,2.073909178617571,0,0,1,performanz,kognition
1792,2025-12-16 17:10:00,18,2,9,0,0,1.2347888978885928,2.073909178617571,0,0,1,kognition,performanz
1794,2025-12-16 17:10:00,18,2,9,0,0,1.4540050652957008,2.073909178617571,0,0,1,performanz,kognition
979,2025-12-16 15:35:00,18,3,42,0,0,0.898940852828359,1.2900630945407108,0,0,1,performanz,regulation
980,2025-12-16 15:35:00,18,3,42,0,0,1.2961269639561268,1.2900630945407108,0,0,1,regulation,motivation
330,2025-10-09 15:35:00,18,5,15,0,0,0.8759906800505766,1.4101013478754154,0,0,1,methodik,kognition
332,2025-10-09 15:35:00,18,5,15,0,0,1.5440190156823759,1.4101013478754154,0,0,1,kognition,regulation
1004,2026-01-22 17:10:00,18,6,16,0,0,3.189078897683126,2.7465034818494485,0,0,0,kognition,kognition
2533,2025-10-16 17:10:00,18,6,18,0,0,0.9939632335466313,1.2351635603200302,0,0,1,kognition,methodik
2534,2025-10-16 17:10:00,18,6,18,0,0,1.2929371759593453,1.2351635603200302,0,0,1,methodik,kognition
2535,2025-10-16 17:10:00,18,6,18,0,0,0.7366819296545029,1.2351635603200302,0,0,1,kognition,regulation
3003,2025-10-09 17:10:00,18,6,19,0,0,0.8497293965402639,3.1933021363782315,0,0,1,kognition,methodik
3004,2025-10-09 17:10:00,18,6,19,0,0,1.6222571558972174,3.1933021363782315,0,0,1,methodik,performanz
3005,2025-10-09 17:10:00,18,6,19,0,0,1.731974509464691,3.1933021363782315,0,0,1,performanz,regulation
3006,2025-10-09 17:10:00,18,6,19,0,0,2.6140877092306924,3.1933021363782315,0,0,1,regulation,kognition
2999,2025-10-16 17:10:00,18,6,19,0,1,5.210122679663758,3.1933021363782315,1,1,1,kognition,performanz
3000,2025-10-16 17:10:00,18,6,19,1,0,4.890811569357752,3.1933021363782315,1,1,1,performanz,kognition
3001,2025-10-16 17:10:00,18,6,19,0,0,2.5425741805266884,3.1933021363782315,0,0,1,kognition,motivation
2959,2025-12-18 17:10:00,18,6,19,0,0,1.3901482978588116,3.1933021363782315,0,0,1,motivation,performanz
2960,2025-12-18 17:10:00,18,6,19,0,0,0.8731214661548308,3.1933021363782315,0,0,1,performanz,kognition
2963,2025-12-18 17:10:00,18,6,19,0,0,1.6314986850942907,3.1933021363782315,0,0,1,kognition,motivation
2945,2026-01-22 17:10:00,18,6,19,0,0,1.4878049219481908,3.1933021363782315,0,0,1,motivation,performanz
2946,2026-01-22 17:10:00,18,6,19,0,0,2.173907339372921,3.1933021363782315,0,0,1,performanz,regulation
2947,2026-01-22 17:10:00,18,6,19,0,0,1.5993453721213655,3.1933021363782315,0,0,1,regulation,performanz
2949,2026-01-22 17:10:00,18,6,19,0,0,1.6513982714084856,3.1933021363782315,0,0,1,performanz,kognition
2912,2025-09-11 17:10:00,18,6,22,0,0,2.9872599802669613,2.786060036691808,0,0,0,kognition,kognition
2914,2025-09-11 17:10:00,18,6,22,0,0,1.0146384454927633,2.786060036691808,0,0,1,kognition,regulation
2894,2025-09-25 17:10:00,18,6,22,0,0,1.950091927729571,2.786060036691808,0,0,1,regulation,kognition
2896,2025-09-25 17:10:00,18,6,22,0,0,0.8462381857240473,2.786060036691808,0,0,1,kognition,regulation
2897,2025-09-25 17:10:00,18,6,22,0,0,1.6555545705000336,2.786060036691808,0,0,1,regulation,kognition
2898,2025-09-25 17:10:00,18,6,22,0,0,1.784199228867826,2.786060036691808,0,0,1,kognition,sozial
2884,2025-10-02 17:10:00,18,6,22,0,0,1.8065601903307635,2.786060036691808,0,0,1,sozial,performanz
2885,2025-10-02 17:10:00,18,6,22,0,0,1.2472017226380208,2.786060036691808,0,0,1,performanz,kognition
2886,2025-10-02 17:10:00,18,6,22,0,0,1.2389480772903416,2.786060036691808,0,0,1,kognition,regulation
2887,2025-10-02 17:10:00,18,6,22,0,0,0.8727702540623681,2.786060036691808,0,0,1,regulation,kognition
2874,2025-10-09 17:10:00,18,6,22,0,0,1.8175511280573502,2.786060036691808,0,0,1,kognition,performanz
2875,2025-10-09 17:10:00,18,6,22,0,0,1.446932348021385,2.786060036691808,0,0,1,performanz,kognition
2876,2025-10-09 17:10:00,18,6,22,0,0,1.0971572937687484,2.786060036691808,0,0,1,kognition,performanz
2877,2025-10-09 17:10:00,18,6,22,0,0,1.3023176606869475,2.786060036691808,0,0,1,performanz,kognition
2878,2025-10-09 17:10:00,18,6,22,0,0,0.8812839208913559,2.786060036691808,0,0,1,kognition,performanz
2865,2025-10-16 17:10:00,18,6,22,0,1,6.130296329178911,2.786060036691808,1,1,0,performanz,performanz
2866,2025-10-16 17:10:00,18,6,22,1,0,5.842195807092808,2.786060036691808,1,1,0,performanz,performanz
2867,2025-10-16 17:10:00,18,6,22,0,0,1.2536127604403566,2.786060036691808,0,0,1,performanz,kognition
2854,2025-10-23 17:10:00,18,6,22,0,0,0.8076530785441763,2.786060036691808,0,0,1,kognition,performanz
2855,2025-10-23 17:10:00,18,6,22,0,0,0.6584456653005811,2.786060036691808,0,0,1,performanz,kognition
2856,2025-10-23 17:10:00,18,6,22,0,0,1.849800667038796,2.786060036691808,0,0,1,kognition,motivation
2858,2025-10-23 17:10:00,18,6,22,0,0,2.4685894359813534,2.786060036691808,0,0,1,motivation,kognition
2786,2026-01-08 17:10:00,18,6,22,0,0,1.232462591291874,2.786060036691808,0,0,1,kognition,performanz
2769,2026-01-22 17:10:00,18,6,22,0,0,1.1588612507128027,2.786060036691808,0,0,1,performanz,kognition
2771,2026-01-22 17:10:00,18,6,22,0,0,1.179746193264685,2.786060036691808,0,0,1,kognition,regulation
2772,2026-01-22 17:10:00,18,6,22,0,0,1.7776021349365327,2.786060036691808,0,0,1,regulation,performanz
1520,2025-11-27 14:15:00,18,11,8,0,0,1.0542815363016214,3.262052589352934,0,0,1,regulation,performanz
1522,2025-11-27 14:15:00,18,11,8,0,0,1.1772771883085276,3.262052589352934,0,0,1,performanz,regulation
1523,2025-11-27 14:15:00,18,11,8,0,0,1.355229720255489,3.262052589352934,0,0,1,regulation,motivation
1499,2025-12-11 14:15:00,18,11,8,0,0,2.651288523933839,3.262052589352934,0,0,1,motivation,performanz
1501,2025-12-11 14:15:00,18,11,8,0,0,1.6380548848593177,3.262052589352934,0,0,1,performanz,kognition
1489,2025-12-18 14:15:00,18,11,8,0,0,1.48169027603379,3.262052589352934,0,0,1,kognition,performanz
1490,2025-12-18 14:15:00,18,11,8,0,0,0.9717027584712983,3.262052589352934,0,0,1,performanz,kognition
1492,2025-12-18 14:15:00,18,11,8,0,0,1.4730835037044103,3.262052589352934,0,0,1,kognition,performanz
1493,2025-12-18 14:15:00,18,11,8,0,0,1.5369759586952423,3.262052589352934,0,0,1,performanz,sozial
1475,2026-01-08 14:15:00,18,11,8,0,0,2.847062882655441,3.262052589352934,0,0,1,sozial,kognition
1476,2026-01-08 14:15:00,18,11,8,0,0,0.775797626731985,3.262052589352934,0,0,1,kognition,methodik
1477,2026-01-08 14:15:00,18,11,8,0,1,6.853984727296981,3.262052589352934,1,1,1,methodik,performanz
1478,2026-01-08 14:15:00,18,11,8,1,0,6.259975534926941,3.262052589352934,1,1,1,performanz,regulation
1479,2026-01-08 14:15:00,18,11,8,0,0,1.295456791731344,3.262052589352934,0,0,1,regulation,kognition
1467,2026-01-15 14:15:00,18,11,8,0,0,2.39275478505615,3.262052589352934,0,0,1,kognition,performanz
1469,2026-01-15 14:15:00,18,11,8,0,0,2.8513854092343967,3.262052589352934,0,0,1,performanz,motivation
1458,2026-01-22 14:15:00,18,11,8,0,0,1.785408516740224,3.262052589352934,0,0,1,motivation,kognition
1460,2026-01-22 14:15:00,18,11,8,0,0,1.4351914257609908,3.262052589352934,0,0,1,kognition,performanz
1449,2026-01-29 14:15:00,18,11,8,0,0,0.8973661237107282,3.262052589352934,0,0,1,performanz,kognition
1451,2026-01-29 14:15:00,18,11,8,0,0,2.135369991817053,3.262052589352934,0,0,1,kognition,regulation
1452,2026-01-29 14:15:00,18,11,8,0,0,1.5145281966867987,3.262052589352934,0,0,1,regulation,performanz
720,2025-09-16 17:10:00,19,0,4,0,0,1.9393533863501198,2.656268526761748,0,0,1,kognition,methodik
721,2025-09-16 17:10:00,19,0,4,0,0,2.6254416767842077,2.656268526761748,0,0,1,methodik,regulation
722,2025-09-16 17:10:00,19,0,4,0,0,0.9078462513252005,2.656268526761748,0,0,1,regulation,kognition
863,2025-09-30 17:10:00,19,0,6,0,0,0.6411581583496032,3.139721610294144,0,0,1,regulation,methodik
864,2025-09-30 17:10:00,19,0,6,0,0,2.5672745357940925,3.139721610294144,0,0,1,methodik,motivation
866,2025-09-30 17:10:00,19,0,6,0,1,5.252374317111792,3.139721610294144,1,1,1,motivation,performanz
844,2025-10-28 17:10:00,19,0,6,1,0,5.863265042634873,3.139721610294144,1,1,1,performanz,kognition
846,2025-10-28 17:10:00,19,0,6,0,0,2.447386700419212,3.139721610294144,0,0,1,kognition,methodik
847,2025-10-28 17:10:00,19,0,6,0,0,1.7664549890436096,3.139721610294144,0,0,1,methodik,kognition
848,2025-10-28 17:10:00,19,0,6,0,0,1.2571728318951316,3.139721610294144,0,0,1,kognition,performanz
835,2025-11-04 17:10:00,19,0,6,0,0,1.3328378154104328,3.139721610294144,0,0,1,performanz,kognition
1444,2025-11-11 17:10:00,19,0,6,0,0,1.5616480591358806,3.139721610294144,0,0,1,kognition,performanz
1445,2025-11-11 17:10:00,19,0,6,0,0,2.5348548913380853,3.139721610294144,0,0,1,performanz,kognition
1446,2025-11-11 17:10:00,19,0,6,0,0,1.466067540992882,3.139721610294144,0,0,1,kognition,performanz
1447,2025-11-11 17:10:00,19,0,6,0,0,2.7512263598403837,3.139721610294144,0,0,1,performanz,methodik
1430,2025-11-18 17:10:00,19,0,6,0,0,1.0717872783196964,3.139721610294144,0,0,1,methodik,kognition
1431,2025-11-18 17:10:00,19,0,6,0,0,1.2768243839423457,3.139721610294144,0,0,1,kognition,regulation
1432,2025-11-18 17:10:00,19,0,6,0,0,2.5843356129706594,3.139721610294144,0,0,1,regulation,motivation
1433,2025-11-18 17:10:00,19,0,6,0,0,1.9548563773461363,3.139721610294144,0,0,1,motivation,regulation
1426,2025-11-25 17:10:00,19,0,6,0,0,1.9360244666092628,3.139721610294144,0,0,1,regulation,kognition
1427,2025-11-25 17:10:00,19,0,6,0,0,1.7534565603386043,3.139721610294144,0,0,1,kognition,performanz
1428,2025-11-25 17:10:00,19,0,6,0,0,1.2757620055744519,3.139721610294144,0,0,1,performanz,regulation
1429,2025-11-25 17:10:00,19,0,6,0,0,2.687680661485731,3.139721610294144,0,0,1,regulation,motivation
1398,2025-12-16 17:10:00,19,0,6,0,0,1.2681012068335171,3.139721610294144,0,0,1,motivation,regulation
1400,2025-12-16 17:10:00,19,0,6,0,0,1.6423890400031114,3.139721610294144,0,0,1,regulation,kognition
2575,2025-09-03 17:10:00,19,0,18,0,0,1.455398095809302,2.6703433080609336,0,0,1,kognition,performanz
2564,2025-09-10 17:10:00,19,0,18,0,0,1.6180823437362595,2.6703433080609336,0,0,1,performanz,kognition
2554,2025-09-17 17:10:00,19,0,18,0,0,1.0794921086282783,2.6703433080609336,0,0,1,kognition,regulation
2555,2025-09-17 17:10:00,19,0,18,0,1,6.358407582845924,2.6703433080609336,1,1,1,regulation,performanz
2556,2025-09-17 17:10:00,19,0,18,1,0,5.4852914448367525,2.6703433080609336,1,1,1,performanz,kognition
2557,2025-09-17 17:10:00,19,0,18,0,0,0.8499122010295438,2.6703433080609336,0,0,1,kognition,regulation
2549,2025-09-24 17:10:00,19,0,18,0,1,2.808635922411882,2.6703433080609336,1,0,0,regulation,regulation
2550,2025-09-24 17:10:00,19,0,18,1,0,2.3159292221019823,2.6703433080609336,1,0,1,regulation,kognition
2540,2025-10-01 17:10:00,19,0,18,0,0,1.8433098403658832,2.6703433080609336,0,0,1,kognition,performanz
2542,2025-10-01 17:10:00,19,0,18,0,0,1.2831292656095754,2.6703433080609336,0,0,1,performanz,kognition
2543,2025-10-01 17:10:00,19,0,18,0,0,0.9141442051132863,2.6703433080609336,0,0,1,kognition,performanz
2518,2025-10-29 17:10:00,19,0,18,0,0,1.471455474807613,2.6703433080609336,0,0,1,performanz,kognition
2519,2025-10-29 17:10:00,19,0,18,0,0,1.6670799166670083,2.6703433080609336,0,0,1,kognition,motivation
2520,2025-10-29 17:10:00,19,0,18,0,0,1.7245923698033763,2.6703433080609336,0,0,1,motivation,kognition
2508,2025-11-05 17:10:00,19,0,18,0,0,1.500007800274976,2.6703433080609336,0,0,1,kognition,regulation
2509,2025-11-05 17:10:00,19,0,18,0,0,2.3663310846447585,2.6703433080609336,0,0,1,regulation,kognition
2510,2025-11-05 17:10:00,19,0,18,0,0,1.4500234993716374,2.6703433080609336,0,0,1,kognition,regulation
2511,2025-11-05 17:10:00,19,0,18,0,0,2.969023003500621,2.6703433080609336,0,0,1,regulation,kognition
2498,2025-11-12 17:10:00,19,0,18,0,0,2.05275295727331,2.6703433080609336,0,0,1,kognition,motivation
2502,2025-11-12 17:10:00,19,0,18,0,0,2.2964834387546933,2.6703433080609336,0,0,1,motivation,kognition
2489,2025-11-26 17:10:00,19,0,18,0,0,2.436156816893099,2.6703433080609336,0,0,1,kognition,motivation
2490,2025-11-26 17:10:00,19,0,18,0,0,1.4027741541394492,2.6703433080609336,0,0,1,motivation,regulation
2491,2025-11-26 17:10:00,19,0,18,0,0,0.6655695828355372,2.6703433080609336,0,0,1,regulation,performanz
2492,2025-11-26 17:10:00,19,0,18,0,0,1.4338235093137908,2.6703433080609336,0,0,1,performanz,regulation
2478,2025-12-03 17:10:00,19,0,18,0,0,1.1823322503502776,2.6703433080609336,0,0,1,regulation,performanz
2481,2025-12-03 17:10:00,19,0,18,0,0,1.4482924810787714,2.6703433080609336,0,0,1,performanz,kognition
2482,2025-12-03 17:10:00,19,0,18,0,0,1.2914638179909206,2.6703433080609336,0,0,1,kognition,performanz
2470,2025-12-10 17:10:00,19,0,18,0,0,0.6592254529832223,2.6703433080609336,0,0,1,performanz,kognition
2465,2025-12-17 17:10:00,19,0,18,0,0,2.7803440988943753,2.6703433080609336,0,0,0,kognition,kognition
2467,2025-12-17 17:10:00,19,0,18,0,0,1.5258696740951099,2.6703433080609336,0,0,1,kognition,performanz
2460,2026-01-07 17:10:00,19,0,18,0,0,1.3418816914863372,2.6703433080609336,0,0,1,performanz,kognition
2463,2026-01-07 17:10:00,19,0,18,0,0,1.6381043490816694,2.6703433080609336,0,0,1,kognition,regulation
2450,2026-01-14 17:10:00,19,0,18,0,0,0.9022884227427436,2.6703433080609336,0,0,1,regulation,kognition
2452,2026-01-14 17:10:00,19,0,18,0,0,2.5779789230970396,2.6703433080609336,0,0,1,kognition,regulation
2453,2026-01-14 17:10:00,19,0,18,0,0,1.1963628723413748,2.6703433080609336,0,0,1,regulation,motivation
2454,2026-01-14 17:10:00,19,0,18,0,0,2.681550760605368,2.6703433080609336,0,0,1,motivation,regulation
2440,2026-01-21 17:10:00,19,0,18,0,0,2.6793166152268686,2.6703433080609336,0,0,1,regulation,performanz
2442,2026-01-21 17:10:00,19,0,18,0,0,2.006330899116981,2.6703433080609336,0,0,1,performanz,kognition
2444,2026-01-21 17:10:00,19,0,18,0,0,0.5622207458156135,2.6703433080609336,0,0,1,kognition,regulation
2436,2026-01-28 17:10:00,19,0,18,0,0,1.1665788017328147,2.6703433080609336,0,0,1,regulation,performanz
2437,2026-01-28 17:10:00,19,0,18,0,0,1.329951788960835,2.6703433080609336,0,0,1,performanz,kognition
2439,2026-01-28 17:10:00,19,0,18,0,0,2.8231673037152216,2.6703433080609336,0,0,1,kognition,regulation
1549,2026-01-21 17:10:00,19,0,20,0,0,0.9995381866510487,1.7994284867312946,0,0,1,kognition,performanz
1550,2026-01-21 17:10:00,19,0,20,0,0,1.225222954038695,1.7994284867312946,0,0,1,performanz,regulation
1551,2026-01-21 17:10:00,19,0,20,0,0,1.4047168265007888,1.7994284867312946,0,0,1,regulation,motivation
1538,2026-01-28 17:10:00,19,0,20,0,0,2.4110039432577994,1.7994284867312946,0,0,1,motivation,performanz
1539,2026-01-28 17:10:00,19,0,20,0,0,0.7469995228923184,1.7994284867312946,0,0,1,performanz,kognition
1540,2026-01-28 17:10:00,19,0,20,0,0,0.9218237563623838,1.7994284867312946,0,0,1,kognition,performanz
1541,2026-01-28 17:10:00,19,0,20,0,0,1.345201564309583,1.7994284867312946,0,0,1,performanz,kognition
1342,2026-01-06 15:35:00,19,1,3,0,0,1.7324648248744388,2.1957248800013036,0,0,1,kognition,methodik
1343,2026-01-06 15:35:00,19,1,3,0,0,3.1871102335791406,2.1957248800013036,0,0,1,methodik,kognition
1344,2026-01-06 15:35:00,19,1,3,0,0,1.8947126020190304,2.1957248800013036,0,0,1,kognition,performanz
1345,2026-01-06 15:35:00,19,1,3,0,0,1.0791379303082629,2.1957248800013036,0,0,1,performanz,kognition
1338,2026-01-13 15:35:00,19,1,3,0,0,1.388910500997883,2.1957248800013036,0,0,1,kognition,regulation
1339,2026-01-13 15:35:00,19,1,3,0,0,1.423968691589525,2.1957248800013036,0,0,1,regulation,sozial
1340,2026-01-13 15:35:00,19,1,3,0,0,2.3277596294669176,2.1957248800013036,0,0,1,sozial,performanz
1332,2026-01-27 15:35:00,19,1,3,0,0,0.8560561201302268,2.1957248800013036,0,0,1,performanz,kognition
1334,2026-01-27 15:35:00,19,1,3,0,0,1.5168037773894125,2.1957248800013036,0,0,1,kognition,regulation
1335,2026-01-27 15:35:00,19,1,3,0,0,1.721039894600562,2.1957248800013036,0,0,1,regulation,performanz
1022,2025-12-15 17:10:00,19,2,16,0,0,1.2886213509650337,2.2490381438070424,0,0,1,kognition,regulation
1023,2025-12-15 17:10:00,19,2,16,0,0,2.180057408986347,2.2490381438070424,0,0,1,regulation,kognition
1024,2025-12-15 17:10:00,19,2,16,0,0,2.29536884696646,2.2490381438070424,0,0,1,kognition,sozial
1025,2025-12-15 17:10:00,19,2,16,0,0,1.5384234789002496,2.2490381438070424,0,0,1,sozial,kognition
1855,2025-12-15 17:10:00,19,2,23,0,0,2.6100315032317774,3.0433329397142312,0,0,1,kognition,motivation
1856,2025-12-15 17:10:00,19,2,23,0,0,3.212855717026073,3.0433329397142312,0,0,1,motivation,kognition
1857,2025-12-15 17:10:00,19,2,23,0,0,2.026088771557969,3.0433329397142312,0,0,1,kognition,performanz
1397,2025-12-17 15:35:00,19,3,6,0,0,1.9471469098747967,2.0920739177211916,0,0,1,performanz,motivation
1389,2026-01-07 15:35:00,19,3,6,0,0,1.0108186765275018,2.0920739177211916,0,0,1,motivation,kognition
1390,2026-01-07 15:35:00,19,3,6,0,0,1.3258233518065121,2.0920739177211916,0,0,1,kognition,regulation
1392,2026-01-07 15:35:00,19,3,6,0,0,1.1683872940189073,2.0920739177211916,0,0,1,regulation,performanz
1393,2026-01-07 15:35:00,19,3,6,0,0,1.8232022000239014,2.0920739177211916,0,0,1,performanz,motivation
1384,2026-01-14 15:35:00,19,3,6,0,0,1.3808041071179487,2.0920739177211916,0,0,1,motivation,kognition
1386,2026-01-14 15:35:00,19,3,6,0,0,1.0778641856204325,2.0920739177211916,0,0,1,kognition,performanz
1387,2026-01-14 15:35:00,19,3,6,0,0,0.6676833897063849,2.0920739177211916,0,0,1,performanz,kognition
1367,2026-01-28 15:35:00,19,3,6,0,1,3.114369746025221,2.0920739177211916,1,0,0,kognition,kognition
1368,2026-01-28 15:35:00,19,3,6,1,1,1.5330722286824219,2.0920739177211916,0,0,1,kognition,regulation
1369,2026-01-28 15:35:00,19,3,6,1,0,2.3359108626748513,2.0920739177211916,1,0,1,regulation,motivation
1370,2026-01-28 15:35:00,19,3,6,0,0,1.44357385918873,2.0920739177211916,0,0,1,motivation,kognition
1371,2026-01-28 15:35:00,19,3,6,0,0,0.6400309694939929,2.0920739177211916,0,0,1,kognition,performanz
1710,2025-12-17 15:35:00,19,3,11,0,1,3.7220711113283875,2.7920304944223067,1,0,0,regulation,regulation
1711,2025-12-17 15:35:00,19,3,11,1,0,3.82287974077992,2.7920304944223067,1,0,0,regulation,regulation
1712,2025-12-17 15:35:00,19,3,11,0,0,1.5569291556147877,2.7920304944223067,0,0,1,regulation,kognition
1713,2025-12-17 15:35:00,19,3,11,0,0,2.85802980126865,2.7920304944223067,0,0,0,kognition,kognition
1705,2026-01-07 15:35:00,19,3,11,0,0,1.7929068597774438,2.7920304944223067,0,0,1,kognition,performanz
1708,2026-01-07 15:35:00,19,3,11,0,0,1.0329038799888588,2.7920304944223067,0,0,1,performanz,kognition
1699,2026-01-14 15:35:00,19,3,11,0,0,1.2701263381862251,2.7920304944223067,0,0,1,kognition,performanz
1700,2026-01-14 15:35:00,19,3,11,0,0,2.338424886297413,2.7920304944223067,0,0,1,performanz,kognition
1701,2026-01-14 15:35:00,19,3,11,0,0,1.89948085843887,2.7920304944223067,0,0,1,kognition,motivation
1703,2026-01-14 15:35:00,19,3,11,0,0,1.5785595275476674,2.7920304944223067,0,0,1,motivation,kognition
1683,2026-01-28 15:35:00,19,3,11,0,0,2.1597428177350673,2.7920304944223067,0,0,1,kognition,motivation
1667,2025-12-10 17:10:00,19,4,13,0,0,2.0342893072993076,2.917999319080593,0,0,1,kognition,performanz
1668,2025-12-10 17:10:00,19,4,13,0,0,2.962383770541419,2.917999319080593,0,0,1,performanz,motivation
1669,2025-12-10 17:10:00,19,4,13,0,0,2.681550760605368,2.917999319080593,0,0,1,motivation,regulation
1019,2026-01-08 17:10:00,19,6,16,0,0,1.4840456578129668,1.3932242417162628,0,0,1,kognition,regulation
1020,2026-01-08 17:10:00,19,6,16,0,0,1.0387956866301027,1.3932242417162628,0,0,1,regulation,performanz
2456,2026-01-08 17:10:00,19,6,18,0,0,1.6922591497226553,1.4812056869418901,0,0,1,performanz,kognition
2457,2026-01-08 17:10:00,19,6,18,0,0,0.6729060797152785,1.4812056869418901,0,0,1,kognition,regulation
2458,2026-01-08 17:10:00,19,6,18,0,0,0.823055927370214,1.4812056869418901,0,0,1,regulation,motivation
2459,2026-01-08 17:10:00,19,6,18,0,0,1.1691718031533689,1.4812056869418901,0,0,1,motivation,methodik
2956,2026-01-08 17:10:00,19,6,19,0,0,3.34960061987404,3.5558804435705147,0,0,1,performanz,kognition
2957,2026-01-08 17:10:00,19,6,19,0,0,3.1447655837133017,3.5558804435705147,0,0,1,kognition,performanz
2958,2026-01-08 17:10:00,19,6,19,0,0,1.0356507664124728,3.5558804435705147,0,0,1,performanz,kognition
2178,2026-01-09 15:35:00,19,7,24,0,0,1.3361049406163086,1.5441220342105628,0,0,1,regulation,kognition
2181,2026-01-09 15:35:00,19,7,24,0,0,1.6317691082046912,1.5441220342105628,0,0,0,kognition,kognition
492,2025-09-18 17:10:00,20,0,8,0,0,1.4747686308831385,3.97165154582713,0,0,1,performanz,kognition
494,2025-09-18 17:10:00,20,0,8,0,1,3.695323582182954,3.97165154582713,1,1,1,kognition,regulation
495,2025-09-18 17:10:00,20,0,8,1,0,4.220420699351465,3.97165154582713,1,1,1,regulation,kognition
496,2025-09-18 17:10:00,20,0,8,0,0,1.4638529615192455,3.97165154582713,0,0,1,kognition,performanz
2905,2025-09-18 17:10:00,20,6,22,0,0,0.8264654995541498,1.6407023484452286,0,0,1,performanz,kognition
2907,2025-09-18 17:10:00,20,6,22,0,0,1.616898897771566,1.6407023484452286,0,0,1,kognition,regulation
2908,2025-09-18 17:10:00,20,6,22,0,0,1.6782361401563377,1.6407023484452286,0,0,1,regulation,performanz
2909,2025-09-18 17:10:00,20,6,22,0,0,1.3460304697826793,1.6407023484452286,0,0,1,performanz,kognition
2678,2025-11-03 17:10:00,21,0,17,0,0,1.6006631451315136,2.997682016618494,0,0,1,regulation,kognition
2679,2025-11-03 17:10:00,21,0,17,0,0,1.0841762984074557,2.997682016618494,0,0,1,kognition,performanz
2680,2025-11-03 17:10:00,21,0,17,0,0,1.061694891684846,2.997682016618494,0,0,1,performanz,methodik
2681,2025-11-03 17:10:00,21,0,17,0,0,0.6747297152022778,2.997682016618494,0,0,1,methodik,performanz
2666,2025-11-17 17:10:00,21,0,17,0,0,1.7495522446651912,2.997682016618494,0,0,1,performanz,kognition
2667,2025-11-17 17:10:00,21,0,17,0,0,2.3321048025897197,2.997682016618494,0,0,1,kognition,methodik
2655,2025-11-24 17:10:00,21,0,17,0,0,1.0682971004212543,2.997682016618494,0,0,1,methodik,kognition
2657,2025-11-24 17:10:00,21,0,17,0,1,7.022896638975795,2.997682016618494,1,1,1,kognition,regulation
2658,2025-11-24 17:10:00,21,0,17,1,0,6.333189215306157,2.997682016618494,1,1,1,regulation,kognition
2659,2025-11-24 17:10:00,21,0,17,0,0,0.9953458555480452,2.997682016618494,0,0,1,kognition,performanz
2641,2025-12-08 17:10:00,21,0,17,0,0,0.9446258884500168,2.997682016618494,0,0,1,performanz,kognition
2644,2025-12-08 17:10:00,21,0,17,0,0,2.295728265124178,2.997682016618494,0,0,1,kognition,regulation
2632,2025-12-15 17:10:00,21,0,17,0,0,1.0493966430850343,2.997682016618494,0,0,1,regulation,performanz
2633,2025-12-15 17:10:00,21,0,17,0,0,1.2417784848091855,2.997682016618494,0,0,1,performanz,kognition
2634,2025-12-15 17:10:00,21,0,17,0,0,1.5573556829281436,2.997682016618494,0,0,1,kognition,regulation
2621,2025-12-22 17:10:00,21,0,17,0,0,0.9742813994039149,2.997682016618494,0,0,1,regulation,kognition
2622,2025-12-22 17:10:00,21,0,17,0,0,1.1138732997203455,2.997682016618494,0,0,1,kognition,regulation
2623,2025-12-22 17:10:00,21,0,17,0,0,0.7919972763386889,2.997682016618494,0,0,1,regulation,performanz
2624,2025-12-22 17:10:00,21,0,17,0,0,0.902701489065701,2.997682016618494,0,0,1,performanz,regulation
2625,2025-12-22 17:10:00,21,0,17,0,0,2.034286294894603,2.997682016618494,0,0,1,regulation,motivation
2606,2026-01-12 17:10:00,21,0,17,0,0,1.8957913480224453,2.997682016618494,0,0,1,motivation,kognition
2608,2026-01-12 17:10:00,21,0,17,0,0,1.624685295116717,2.997682016618494,0,0,1,kognition,regulation
2609,2026-01-12 17:10:00,21,0,17,0,0,2.4731806031404107,2.997682016618494,0,0,1,regulation,motivation
2610,2026-01-12 17:10:00,21,0,17,0,0,1.1467727535288732,2.997682016618494,0,0,1,motivation,kognition
2597,2026-01-19 17:10:00,21,0,17,0,0,1.3438436104814238,2.997682016618494,0,0,1,kognition,performanz
2598,2026-01-19 17:10:00,21,0,17,0,0,0.9310857793777652,2.997682016618494,0,0,1,performanz,kognition
2599,2026-01-19 17:10:00,21,0,17,0,0,1.4142713957015174,2.997682016618494,0,0,1,kognition,regulation
2600,2026-01-19 17:10:00,21,0,17,0,0,1.4237006552194647,2.997682016618494,0,0,1,regulation,motivation
2601,2026-01-19 17:10:00,21,0,17,0,0,1.33309070625805,2.997682016618494,0,0,1,motivation,performanz
2054,2025-11-03 17:10:00,21,0,47,0,1,5.44130429936055,4.19055847886522,1,1,1,kognition,performanz
2055,2025-11-03 17:10:00,21,0,47,1,0,5.894204093411732,4.19055847886522,1,1,0,performanz,performanz
2056,2025-11-03 17:10:00,21,0,47,0,0,0.18283233001342153,4.19055847886522,0,0,1,performanz,regulation
2057,2025-11-03 17:10:00,21,0,47,0,0,1.1841161913373937,4.19055847886522,0,0,1,regulation,performanz
2044,2025-11-10 17:10:00,21,0,47,0,0,1.3750228795561827,4.19055847886522,0,0,1,performanz,kognition
2744,2025-09-01 17:10:00,22,0,17,0,0,0.7480557360426573,4.129954769547335,0,0,1,performanz,kognition
2747,2025-09-01 17:10:00,22,0,17,0,1,4.694392811853502,4.129954769547335,1,1,0,kognition,kognition
2728,2025-09-15 17:10:00,22,0,17,1,0,5.1871845097387475,4.129954769547335,1,1,1,kognition,performanz
2729,2025-09-15 17:10:00,22,0,17,0,0,2.092770325051743,4.129954769547335,0,0,1,performanz,kognition
1166,2025-12-18 17:10:00,23,0,4,0,0,0.6652043938895361,1.567325471713469,0,0,1,regulation,kognition
1167,2025-12-18 17:10:00,23,0,4,0,0,1.7081733534947918,1.567325471713469,0,0,1,kognition,motivation
1303,2025-12-12 17:10:00,23,0,15,0,0,1.1757121796417966,1.4915212966338256,0,0,1,kognition,regulation
1304,2025-12-12 17:10:00,23,0,15,0,0,1.293770156488673,1.4915212966338256,0,0,1,regulation,kognition
1305,2025-12-12 17:10:00,23,0,15,0,0,1.5441887665734328,1.4915212966338256,0,0,0,kognition,kognition
1073,2026-01-06 17:10:00,23,0,21,0,0,0.8782341415952775,1.4012398616507742,0,0,1,performanz,kognition
1075,2026-01-06 17:10:00,23,0,21,0,0,1.5525360318396453,1.4012398616507742,0,0,1,kognition,performanz
1070,2026-01-13 17:10:00,23,0,21,0,0,0.7164012590188886,1.4012398616507742,0,0,1,performanz,kognition
1071,2026-01-13 17:10:00,23,0,21,0,0,0.778908407580954,1.4012398616507742,0,0,1,kognition,methodik
1063,2026-01-20 17:10:00,23,0,21,0,0,0.9822676078840329,1.4012398616507742,0,0,1,methodik,kognition
1065,2026-01-20 17:10:00,23,0,21,0,0,1.4321746608404606,1.4012398616507742,0,0,1,kognition,performanz
1067,2026-01-20 17:10:00,23,0,21,0,0,1.403988379356413,1.4012398616507742,0,0,1,performanz,kognition
1015,2026-01-13 15:35:00,23,1,16,0,0,1.5845623400285933,2.9556630771022334,0,0,1,performanz,kognition
1007,2026-01-20 15:35:00,23,1,16,0,0,2.9556630771022334,2.9556630771022334,0,0,0,kognition,kognition
1595,2026-01-06 17:10:00,23,2,5,0,0,1.831794592720972,5.553435475916044,0,0,1,kognition,methodik
1596,2026-01-06 17:10:00,23,2,5,0,0,2.1706243924903363,5.553435475916044,0,0,1,methodik,kognition
1598,2026-01-06 17:10:00,23,2,5,0,0,0.9919040285992076,5.553435475916044,0,0,1,kognition,performanz
1599,2026-01-06 17:10:00,23,2,5,0,1,8.001740222409017,5.553435475916044,1,1,1,performanz,motivation
1481,2026-01-06 17:10:00,23,2,8,0,0,1.135106945308067,1.4062290699253124,0,0,1,performanz,regulation
1482,2026-01-06 17:10:00,23,2,8,0,0,1.793221318431251,1.4062290699253124,0,0,1,regulation,kognition
1483,2026-01-06 17:10:00,23,2,8,0,0,1.433881725298991,1.4062290699253124,0,0,1,kognition,performanz
1484,2026-01-06 17:10:00,23,2,8,0,0,1.3826189557630821,1.4062290699253124,0,0,1,performanz,regulation
1471,2026-01-13 17:10:00,23,2,8,0,0,1.463252783839486,1.4062290699253124,0,0,0,regulation,regulation
1472,2026-01-13 17:10:00,23,2,8,0,0,1.0994541105750593,1.4062290699253124,0,0,1,regulation,performanz
1473,2026-01-13 17:10:00,23,2,8,0,0,0.989259317012034,1.4062290699253124,0,0,1,performanz,regulation
1474,2026-01-13 17:10:00,23,2,8,0,0,0.8534811361160477,1.4062290699253124,0,0,1,regulation,motivation
1461,2026-01-20 17:10:00,23,2,8,0,0,0.8620541224880384,1.4062290699253124,0,0,1,motivation,performanz
1464,2026-01-20 17:10:00,23,2,8,0,0,1.0696494547559254,1.4062290699253124,0,0,1,performanz,kognition
1453,2026-01-27 17:10:00,23,2,8,0,0,0.9277806543316452,1.4062290699253124,0,0,1,kognition,performanz
1455,2026-01-27 17:10:00,23,2,8,0,0,1.0449281418580465,1.4062290699253124,0,0,1,performanz,regulation
1456,2026-01-27 17:10:00,23,2,8,0,0,0.9172002876330999,1.4062290699253124,0,0,1,regulation,performanz
1776,2026-01-06 17:10:00,23,2,9,0,0,1.3560727104716548,1.742736526635226,0,0,1,kognition,regulation
1778,2026-01-06 17:10:00,23,2,9,0,0,1.8414010258632114,1.742736526635226,0,0,1,regulation,performanz
1764,2026-01-13 17:10:00,23,2,9,0,0,1.1967317287797212,1.742736526635226,0,0,1,performanz,regulation
1765,2026-01-13 17:10:00,23,2,9,0,0,1.308955397911683,1.742736526635226,0,0,1,regulation,kognition
1766,2026-01-13 17:10:00,23,2,9,0,0,1.1824769833768827,1.742736526635226,0,0,1,kognition,performanz
1767,2026-01-13 17:10:00,23,2,9,0,0,0.7215944345200145,1.742736526635226,0,0,1,performanz,kognition
1746,2026-01-27 17:10:00,23,2,9,0,0,0.9782981511575961,1.742736526635226,0,0,1,kognition,regulation
1747,2026-01-27 17:10:00,23,2,9,0,0,1.4653494041306956,1.742736526635226,0,0,1,regulation,kognition
1748,2026-01-27 17:10:00,23,2,9,0,0,1.7351240819302527,1.742736526635226,0,0,1,kognition,regulation
1749,2026-01-27 17:10:00,23,2,9,0,0,1.8255581320060954,1.742736526635226,0,0,1,regulation,kognition
1116,2026-01-14 15:35:00,23,3,10,0,0,1.6963050413896459,2.112479423144721,0,0,1,kognition,regulation
1117,2026-01-14 15:35:00,23,3,10,0,0,1.366276555713011,2.112479423144721,0,0,1,regulation,kognition
1112,2026-01-21 15:35:00,23,3,10,0,0,1.1882079631065687,2.112479423144721,0,0,1,kognition,motivation
1113,2026-01-21 15:35:00,23,3,10,0,0,2.264354860617233,2.112479423144721,0,0,1,motivation,kognition
2935,2026-01-28 15:35:00,23,3,10,0,0,2.879783462835665,2.112479423144721,0,0,1,kognition,performanz
2936,2026-01-28 15:35:00,23,3,10,0,0,1.141797800507844,2.112479423144721,0,0,1,performanz,regulation
2937,2026-01-28 15:35:00,23,3,10,0,0,1.1860571858793372,2.112479423144721,0,0,1,regulation,kognition
2938,2026-01-28 15:35:00,23,3,10,0,0,1.3926568730963336,2.112479423144721,0,0,1,kognition,regulation
2939,2026-01-28 15:35:00,23,3,10,0,0,1.5603969262546469,2.112479423144721,0,0,1,regulation,kognition
1932,2026-01-07 17:10:00,23,4,7,0,0,1.4472332159378314,2.4620728341025093,0,0,1,kognition,regulation
1933,2026-01-07 17:10:00,23,4,7,0,0,1.6025448076490143,2.4620728341025093,0,0,1,regulation,kognition
1935,2026-01-07 17:10:00,23,4,7,0,0,2.952038843433733,2.4620728341025093,0,0,1,kognition,motivation
1927,2026-01-14 17:10:00,23,4,7,0,0,2.9408116246951375,2.4620728341025093,0,0,1,motivation,regulation
1928,2026-01-14 17:10:00,23,4,7,0,0,1.6905272039952695,2.4620728341025093,0,0,1,regulation,motivation
1929,2026-01-14 17:10:00,23,4,7,0,0,2.060992745117161,2.4620728341025093,0,0,1,motivation,kognition
1923,2026-01-21 17:10:00,23,4,7,0,0,1.7045577406201429,2.4620728341025093,0,0,1,kognition,performanz
1924,2026-01-21 17:10:00,23,4,7,0,0,1.141797800507844,2.4620728341025093,0,0,1,performanz,regulation
1925,2026-01-21 17:10:00,23,4,7,0,0,1.2024954258241267,2.4620728341025093,0,0,1,regulation,kognition
2251,2025-12-17 17:10:00,23,4,12,0,0,2.0772606403971814,1.992983558076101,0,0,1,performanz,kognition
2252,2025-12-17 17:10:00,23,4,12,0,0,0.7721251899503027,1.992983558076101,0,0,1,kognition,performanz
2253,2025-12-17 17:10:00,23,4,12,0,0,0.8077453603130937,1.992983558076101,0,0,1,performanz,kognition
2239,2026-01-07 17:10:00,23,4,12,0,0,0.9964073940381595,1.992983558076101,0,0,1,kognition,regulation
2241,2026-01-07 17:10:00,23,4,12,0,0,1.305693696418793,1.992983558076101,0,0,1,regulation,performanz
2244,2026-01-07 17:10:00,23,4,12,0,0,0.8390287474341678,1.992983558076101,0,0,1,performanz,kognition
2245,2026-01-07 17:10:00,23,4,12,0,0,2.1480114502783616,1.992983558076101,0,0,1,kognition,regulation
2228,2026-01-14 17:10:00,23,4,12,0,0,1.0229595081756822,1.992983558076101,0,0,1,regulation,performanz
2229,2026-01-14 17:10:00,23,4,12,0,0,2.169096198427074,1.992983558076101,0,0,1,performanz,regulation
2230,2026-01-14 17:10:00,23,4,12,0,0,1.3430930121091849,1.992983558076101,0,0,1,regulation,performanz
2219,2026-01-21 17:10:00,23,4,12,0,0,1.9357803825850588,1.992983558076101,0,0,1,performanz,kognition
2220,2026-01-21 17:10:00,23,4,12,0,0,1.5380165857214991,1.992983558076101,0,0,1,kognition,regulation
2221,2026-01-21 17:10:00,23,4,12,0,0,1.0651469786718162,1.992983558076101,0,0,1,regulation,kognition
2222,2026-01-21 17:10:00,23,4,12,0,0,1.3617954404370112,1.992983558076101,0,0,1,kognition,regulation
2223,2026-01-21 17:10:00,23,4,12,0,0,1.7041382676016419,1.992983558076101,0,0,1,regulation,kognition
2214,2026-01-28 17:10:00,23,4,12,0,0,1.4679028078738028,1.992983558076101,0,0,1,kognition,performanz
2216,2026-01-28 17:10:00,23,4,12,0,0,2.873607223273509,1.992983558076101,0,0,1,performanz,motivation
2217,2026-01-28 17:10:00,23,4,12,0,0,2.0087447446760422,1.992983558076101,0,0,1,motivation,performanz
2218,2026-01-28 17:10:00,23,4,12,0,0,1.1711195455964956,1.992983558076101,0,0,1,performanz,kognition
1661,2025-12-17 17:10:00,23,4,13,0,0,1.7859649377706517,3.985060925250031,0,0,1,regulation,kognition
1662,2025-12-17 17:10:00,23,4,13,0,0,1.4222911905766404,3.985060925250031,0,0,1,kognition,performanz
1663,2025-12-17 17:10:00,23,4,13,0,0,1.2760285546844525,3.985060925250031,0,0,1,performanz,kognition
1654,2026-01-07 17:10:00,23,4,13,0,0,1.7257991881676287,3.985060925250031,0,0,1,kognition,performanz
1655,2026-01-07 17:10:00,23,4,13,0,0,1.1501263609661834,3.985060925250031,0,0,1,performanz,kognition
1656,2026-01-07 17:10:00,23,4,13,0,0,0.803214533460052,3.985060925250031,0,0,1,kognition,regulation
1657,2026-01-07 17:10:00,23,4,13,0,0,1.6101065653927062,3.985060925250031,0,0,1,regulation,performanz
1649,2026-01-14 17:10:00,23,4,13,0,0,1.7253878987253561,3.985060925250031,0,0,1,performanz,kognition
1651,2026-01-14 17:10:00,23,4,13,0,0,1.4618233117347261,3.985060925250031,0,0,1,kognition,performanz
1652,2026-01-14 17:10:00,23,4,13,0,0,1.8995418677973466,3.985060925250031,0,0,1,performanz,regulation
1653,2026-01-14 17:10:00,23,4,13,0,0,1.1954873286799013,3.985060925250031,0,0,1,regulation,methodik
1644,2026-01-21 17:10:00,23,4,13,0,1,8.415733770612892,3.985060925250031,1,1,1,methodik,regulation
1645,2026-01-21 17:10:00,23,4,13,1,0,6.494617517562845,3.985060925250031,1,1,0,regulation,regulation
1646,2026-01-21 17:10:00,23,4,13,0,0,3.307097237020657,3.985060925250031,0,0,1,regulation,performanz
1647,2026-01-21 17:10:00,23,4,13,0,0,0.6726350652316007,3.985060925250031,0,0,1,performanz,kognition
1648,2026-01-21 17:10:00,23,4,13,0,0,3.1806026167726427,3.985060925250031,0,0,1,kognition,regulation
1640,2026-01-28 17:10:00,23,4,13,0,0,3.052970353306794,3.985060925250031,0,0,1,regulation,kognition
1641,2026-01-28 17:10:00,23,4,13,0,0,0.9383782817302022,3.985060925250031,0,0,1,kognition,performanz
1643,2026-01-28 17:10:00,23,4,13,0,0,2.4096586577184596,3.985060925250031,0,0,1,performanz,regulation
3043,2025-12-17 17:10:00,23,4,14,0,0,1.831794592720972,2.4534518585330516,0,0,1,kognition,methodik
3044,2025-12-17 17:10:00,23,4,14,0,0,0.6569735685948656,2.4534518585330516,0,0,1,methodik,regulation
3045,2025-12-17 17:10:00,23,4,14,0,0,0.8755200172632616,2.4534518585330516,0,0,1,regulation,kognition
3046,2025-12-17 17:10:00,23,4,14,0,0,3.077160433075124,2.4534518585330516,0,0,0,kognition,kognition
3036,2026-01-07 17:10:00,23,4,14,0,0,2.4817538529934984,2.4534518585330516,0,0,1,kognition,regulation
3038,2026-01-07 17:10:00,23,4,14,0,0,1.7954974750231203,2.4534518585330516,0,0,1,regulation,kognition
3039,2026-01-07 17:10:00,23,4,14,0,0,2.2657181121338152,2.4534518585330516,0,0,1,kognition,regulation
3040,2026-01-07 17:10:00,23,4,14,0,0,1.0667357796320678,2.4534518585330516,0,0,1,regulation,performanz
2790,2026-01-07 17:10:00,23,4,22,0,0,1.4457281291628228,1.5884386270803652,0,0,1,performanz,motivation
2778,2026-01-14 17:10:00,23,4,22,0,0,1.3501835126510664,1.5884386270803652,0,0,1,motivation,performanz
2781,2026-01-14 17:10:00,23,4,22,0,0,1.8130781288076812,1.5884386270803652,0,0,0,performanz,performanz
2773,2026-01-21 17:10:00,23,4,22,0,0,1.049359252059768,1.5884386270803652,0,0,1,performanz,regulation
2774,2026-01-21 17:10:00,23,4,22,0,0,1.308955397911683,1.5884386270803652,0,0,1,regulation,kognition
2775,2026-01-21 17:10:00,23,4,22,0,0,1.6449793517704905,1.5884386270803652,0,0,0,kognition,kognition
2777,2026-01-21 17:10:00,23,4,22,0,0,1.0868294466947455,1.5884386270803652,0,0,1,kognition,performanz
2765,2026-01-28 17:10:00,23,4,22,0,0,0.7040624276948606,1.5884386270803652,0,0,1,performanz,kognition
2766,2026-01-28 17:10:00,23,4,22,0,0,1.272446126855214,1.5884386270803652,0,0,1,kognition,performanz
2767,2026-01-28 17:10:00,23,4,22,0,0,1.6210133541663199,1.5884386270803652,0,0,1,performanz,motivation
1787,2025-12-18 15:35:00,23,5,9,0,0,1.6507405606112313,2.013372182980884,0,0,1,performanz,regulation
1788,2025-12-18 15:35:00,23,5,9,0,0,1.1550508863076154,2.013372182980884,0,0,1,regulation,kognition
1770,2026-01-08 15:35:00,23,5,9,0,0,1.568000421754671,2.013372182980884,0,0,1,kognition,regulation
1771,2026-01-08 15:35:00,23,5,9,0,0,1.662844852696893,2.013372182980884,0,0,1,regulation,performanz
1772,2026-01-08 15:35:00,23,5,9,0,0,2.0841568322345037,2.013372182980884,0,0,1,performanz,kognition
1760,2026-01-15 15:35:00,23,5,9,0,0,2.841308583701187,2.013372182980884,0,0,1,kognition,methodik
1761,2026-01-15 15:35:00,23,5,9,0,0,1.748715448403265,2.013372182980884,0,0,1,methodik,performanz
1762,2026-01-15 15:35:00,23,5,9,0,0,1.1323705163027489,2.013372182980884,0,0,1,performanz,kognition
1750,2026-01-22 15:35:00,23,5,9,0,0,1.878093345074475,2.013372182980884,0,0,1,kognition,performanz
1751,2026-01-22 15:35:00,23,5,9,0,0,0.5048349524274975,2.013372182980884,0,0,1,performanz,kognition
1752,2026-01-22 15:35:00,23,5,9,0,0,1.646394232537651,2.013372182980884,0,0,1,kognition,regulation
1753,2026-01-22 15:35:00,23,5,9,0,0,1.4154430366512962,2.013372182980884,0,0,1,regulation,performanz
1754,2026-01-22 15:35:00,23,5,9,0,0,1.3727018519801535,2.013372182980884,0,0,1,performanz,kognition
1742,2026-01-29 15:35:00,23,5,9,0,0,0.881510393503535,2.013372182980884,0,0,1,kognition,performanz
1743,2026-01-29 15:35:00,23,5,9,0,0,1.141797800507844,2.013372182980884,0,0,1,performanz,regulation
1744,2026-01-29 15:35:00,23,5,9,0,0,1.3636358066274008,2.013372182980884,0,0,1,regulation,performanz
1745,2026-01-29 15:35:00,23,5,9,0,0,2.187491711114308,2.013372182980884,0,0,0,performanz,performanz
1119,2026-01-08 15:35:00,23,5,10,0,0,1.9866867102072145,5.904624453502963,0,0,1,performanz,regulation
1120,2026-01-08 15:35:00,23,5,10,0,0,0.947140435283833,5.904624453502963,0,0,1,regulation,motivation
1121,2026-01-08 15:35:00,23,5,10,0,0,1.469274993567408,5.904624453502963,0,0,1,motivation,regulation
1105,2026-01-22 15:35:00,23,5,10,0,0,2.0785027469685584,5.904624453502963,0,0,1,regulation,kognition
1106,2026-01-22 15:35:00,23,5,10,0,1,5.822232653919824,5.904624453502963,1,1,1,kognition,performanz
1107,2026-01-22 15:35:00,23,5,10,1,0,4.846822478902426,5.904624453502963,1,1,1,performanz,motivation
1108,2026-01-22 15:35:00,23,5,10,0,0,1.7331781573571423,5.904624453502963,0,0,1,motivation,kognition
2930,2026-01-29 15:35:00,23,5,10,0,1,8.872718350111601,5.904624453502963,1,1,1,kognition,regulation
2931,2026-01-29 15:35:00,23,5,10,1,0,7.492044870056409,5.904624453502963,1,1,0,regulation,regulation
2933,2026-01-29 15:35:00,23,5,10,0,0,0.9531020314849836,5.904624453502963,0,0,1,regulation,performanz
1301,2026-01-08 15:35:00,23,5,15,0,0,1.4860416590312635,3.457643258977104,0,0,1,kognition,performanz
1296,2026-01-15 15:35:00,23,5,15,0,0,1.0868294466947455,3.457643258977104,0,0,1,performanz,kognition
1288,2026-01-22 15:35:00,23,5,15,0,0,1.264949529235229,3.457643258977104,0,0,1,kognition,regulation
1289,2026-01-22 15:35:00,23,5,15,0,0,1.662844852696893,3.457643258977104,0,0,1,regulation,performanz
1290,2026-01-22 15:35:00,23,5,15,0,0,2.344871596526247,3.457643258977104,0,0,1,performanz,regulation
1282,2026-01-29 15:35:00,23,5,15,0,0,1.6464987428286064,3.457643258977104,0,0,1,regulation,kognition
1284,2026-01-29 15:35:00,23,5,15,0,1,6.497314800823257,3.457643258977104,1,1,1,kognition,performanz
1285,2026-01-29 15:35:00,23,5,15,1,0,4.335865253085917,3.457643258977104,1,1,1,performanz,kognition
1286,2026-01-29 15:35:00,23,5,15,0,0,0.9727960320287917,3.457643258977104,0,0,1,kognition,regulation
1604,2025-12-17 17:10:00,23,6,5,0,0,1.5711417760180557,1.505211649694452,0,0,1,kognition,performanz
1590,2026-01-07 17:10:00,23,6,5,0,0,1.1914403917729972,1.505211649694452,0,0,1,performanz,kognition
1591,2026-01-07 17:10:00,23,6,5,0,0,0.9147797395756894,1.505211649694452,0,0,1,kognition,motivation
1592,2026-01-07 17:10:00,23,6,5,0,0,1.0228449394570063,1.505211649694452,0,0,1,motivation,kognition
1593,2026-01-07 17:10:00,23,6,5,0,0,1.5179439330877087,1.505211649694452,0,0,1,kognition,performanz
2793,2025-12-18 17:10:00,23,6,22,0,0,0.8054215574425982,2.1596585868128892,0,0,1,regulation,kognition
2796,2025-12-18 17:10:00,23,6,22,0,0,2.4579308935702375,2.1596585868128892,0,0,1,kognition,regulation
1403,2025-12-12 15:35:00,23,7,6,0,0,1.2772185354982561,1.9091208247114038,0,0,1,kognition,motivation
1404,2025-12-12 15:35:00,23,7,6,0,0,0.8161774908957349,1.9091208247114038,0,0,1,motivation,performanz
1372,2026-01-23 15:35:00,23,7,6,0,0,2.0824738223350217,1.9091208247114038,0,0,1,performanz,regulation
1374,2026-01-23 15:35:00,23,7,6,0,0,1.9736300345419138,1.9091208247114038,0,0,1,regulation,performanz
1716,2025-12-12 15:35:00,23,7,11,0,0,1.8188238134965053,2.1286554253955114,0,0,1,kognition,performanz
1717,2025-12-12 15:35:00,23,7,11,0,0,2.026088771557969,2.1286554253955114,0,0,1,performanz,kognition
1718,2025-12-12 15:35:00,23,7,11,0,0,0.8916748277572539,2.1286554253955114,0,0,1,kognition,performanz
1685,2026-01-23 15:35:00,23,7,11,0,0,1.5172275924708503,2.1286554253955114,0,0,1,performanz,regulation
1686,2026-01-23 15:35:00,23,7,11,0,0,2.107693375275079,2.1286554253955114,0,0,1,regulation,kognition
1687,2026-01-23 15:35:00,23,7,11,0,0,1.1946531980118096,2.1286554253955114,0,0,1,kognition,performanz
1688,2026-01-23 15:35:00,23,7,11,0,0,2.5351021387968036,2.1286554253955114,0,0,0,performanz,performanz
1546,2026-01-23 15:35:00,23,7,20,0,0,2.8922975355306373,2.577114463241391,0,0,1,kognition,performanz
2183,2025-12-12 15:35:00,23,7,24,0,0,0.9717027584712983,5.1358982924398315,0,0,1,performanz,kognition
2185,2025-12-12 15:35:00,23,7,24,0,0,1.9681955927380217,5.1358982924398315,0,0,1,kognition,performanz
2186,2025-12-12 15:35:00,23,7,24,0,1,5.234387027441621,5.1358982924398315,1,1,0,performanz,performanz
2169,2026-01-23 15:35:00,23,7,24,1,0,7.0092541699331345,5.1358982924398315,1,1,1,performanz,methodik
2170,2026-01-23 15:35:00,23,7,24,0,0,1.3758428435152468,5.1358982924398315,0,0,1,methodik,kognition
2171,2026-01-23 15:35:00,23,7,24,0,0,1.3311940790576213,5.1358982924398315,0,0,1,kognition,performanz
1533,2025-11-13 14:15:00,23,11,8,0,0,1.9221920544230782,2.9413761714161595,0,0,1,regulation,motivation
1534,2025-11-13 14:15:00,23,11,8,0,0,1.3367745957827284,2.9413761714161595,0,0,1,motivation,performanz
1535,2025-11-13 14:15:00,23,11,8,0,0,0.908255410301026,2.9413761714161595,0,0,1,performanz,methodik
1536,2025-11-13 14:15:00,23,11,8,0,0,1.4188141756587167,2.9413761714161595,0,0,1,methodik,kognition
1529,2025-11-20 14:15:00,23,11,8,0,1,3.8164618286200227,2.9413761714161595,1,0,0,kognition,kognition
1530,2025-11-20 14:15:00,23,11,8,1,0,3.2885678023820812,2.9413761714161595,1,0,1,kognition,regulation
1531,2025-11-20 14:15:00,23,11,8,0,0,1.634485545538557,2.9413761714161595,0,0,1,regulation,kognition
2701,2025-10-20 17:10:00,24,0,17,0,0,1.4050132514726612,1.334124504817105,0,0,0,kognition,kognition
1247,2026-01-05 15:35:00,24,1,43,0,0,1.153932038080011,1.8222200620768778,0,0,1,performanz,kognition
1249,2026-01-05 15:35:00,24,1,43,0,0,1.8209683769769032,1.8222200620768778,0,0,1,kognition,methodik
1487,2025-12-23 17:10:00,25,2,8,0,0,1.1254121129006465,2.2667828910995977,0,0,1,kognition,performanz
1488,2025-12-23 17:10:00,25,2,8,0,0,2.558133090546493,2.2667828910995977,0,0,1,performanz,regulation
1782,2025-12-23 17:10:00,25,2,9,0,0,1.308860758691089,3.125612281112601,0,0,1,methodik,regulation
1783,2025-12-23 17:10:00,25,2,9,0,0,3.125612281112601,3.125612281112601,0,0,1,regulation,kognition
1895,2026-01-05 17:10:00,26,0,45,0,0,1.4083478794427222,1.9170490513314598,0,0,1,performanz,kognition
1897,2026-01-05 17:10:00,26,0,45,0,0,1.2242527884738434,1.9170490513314598,0,0,1,kognition,performanz
1898,2026-01-05 17:10:00,26,0,45,0,0,2.4131327067353565,1.9170490513314598,0,0,1,performanz,motivation
1888,2026-01-12 17:10:00,26,0,45,0,0,1.256436979171405,1.9170490513314598,0,0,1,motivation,performanz
1889,2026-01-12 17:10:00,26,0,45,0,0,1.4856317171560365,1.9170490513314598,0,0,1,performanz,kognition
1890,2026-01-12 17:10:00,26,0,45,0,0,1.4049976443296948,1.9170490513314598,0,0,1,kognition,performanz
1882,2026-01-19 17:10:00,26,0,45,0,0,0.8284719113283673,1.9170490513314598,0,0,1,performanz,kognition
1883,2026-01-19 17:10:00,26,0,45,0,0,1.7929068597774438,1.9170490513314598,0,0,1,kognition,performanz
1885,2026-01-19 17:10:00,26,0,45,0,0,1.290678711047749,1.9170490513314598,0,0,1,performanz,motivation
1886,2026-01-19 17:10:00,26,0,45,0,0,1.6515031662674322,1.9170490513314598,0,0,1,motivation,kognition
1887,2026-01-19 17:10:00,26,0,45,0,0,1.471186828001834,1.9170490513314598,0,0,1,kognition,performanz
1877,2026-01-26 17:10:00,26,0,45,0,0,1.4146992931388886,1.9170490513314598,0,0,1,performanz,regulation
1878,2026-01-26 17:10:00,26,0,45,0,0,0.9852188099656084,1.9170490513314598,0,0,1,regulation,methodik
1879,2026-01-26 17:10:00,26,0,45,0,0,2.0264399993130198,1.9170490513314598,0,0,1,methodik,performanz
1880,2026-01-26 17:10:00,26,0,45,0,0,1.0879639832236516,1.9170490513314598,0,0,1,performanz,kognition
1881,2026-01-26 17:10:00,26,0,45,0,0,2.180971886592588,1.9170490513314598,0,0,1,kognition,performanz
2145,2025-11-11 17:10:00,28,0,40,0,0,1.7996144929308242,2.4538261242462176,0,0,1,performanz,methodik
2146,2025-11-11 17:10:00,28,0,40,0,0,2.27617600495336,2.4538261242462176,0,0,1,methodik,regulation
2147,2025-11-11 17:10:00,28,0,40,0,0,1.7842528856733508,2.4538261242462176,0,0,1,regulation,performanz
2148,2025-11-11 17:10:00,28,0,40,0,0,1.8135482341295153,2.4538261242462176,0,0,1,performanz,kognition
2134,2025-11-25 17:10:00,28,0,40,0,0,0.8037199517885225,2.4538261242462176,0,0,1,kognition,performanz
2135,2025-11-25 17:10:00,28,0,40,0,0,1.082396822350186,2.4538261242462176,0,0,1,performanz,kognition
2137,2025-11-25 17:10:00,28,0,40,0,0,2.4876121764966213,2.4538261242462176,0,0,0,kognition,kognition
2126,2025-12-02 17:10:00,28,0,40,0,0,1.726895578840224,2.4538261242462176,0,0,1,kognition,performanz
2127,2025-12-02 17:10:00,28,0,40,0,0,1.0892276847554565,2.4538261242462176,0,0,1,performanz,motivation
2116,2025-12-09 17:10:00,28,0,40,0,0,1.4760424192595685,2.4538261242462176,0,0,1,motivation,kognition
2117,2025-12-09 17:10:00,28,0,40,0,0,1.1626213141414503,2.4538261242462176,0,0,1,kognition,regulation
2118,2025-12-09 17:10:00,28,0,40,0,0,0.8603165363973074,2.4538261242462176,0,0,1,regulation,kognition
2119,2025-12-09 17:10:00,28,0,40,0,0,1.0518287943923261,2.4538261242462176,0,0,1,kognition,performanz
2107,2025-12-16 17:10:00,28,0,40,0,0,0.6412112234402755,2.4538261242462176,0,0,1,performanz,kognition
2108,2025-12-16 17:10:00,28,0,40,0,0,2.881068704667871,2.4538261242462176,0,0,1,kognition,regulation
2109,2025-12-16 17:10:00,28,0,40,0,0,2.0231686988578885,2.4538261242462176,0,0,1,regulation,performanz
2111,2025-12-16 17:10:00,28,0,40,0,0,0.844669384936443,2.4538261242462176,0,0,1,performanz,motivation
2082,2026-01-13 17:10:00,28,0,40,0,0,1.415179643099127,2.4538261242462176,0,0,1,motivation,performanz
2083,2026-01-13 17:10:00,28,0,40,0,0,1.9091929988937577,2.4538261242462176,0,0,1,performanz,kognition
2084,2026-01-13 17:10:00,28,0,40,0,0,2.0922729114459173,2.4538261242462176,0,0,1,kognition,regulation
2085,2026-01-13 17:10:00,28,0,40,0,0,1.9476148501084427,2.4538261242462176,0,0,1,regulation,kognition
2075,2026-01-20 17:10:00,28,0,40,0,1,2.386018208326653,2.4538261242462176,1,0,1,kognition,performanz
2076,2026-01-20 17:10:00,28,0,40,1,1,2.630577457889809,2.4538261242462176,0,1,0,performanz,performanz
2063,2026-01-27 17:10:00,28,0,40,1,0,4.067887236810533,2.4538261242462176,1,1,0,performanz,performanz
2064,2026-01-27 17:10:00,28,0,40,0,0,2.3427597931086663,2.4538261242462176,0,0,1,performanz,kognition
2065,2026-01-27 17:10:00,28,0,40,0,0,2.3519919405293424,2.4538261242462176,0,0,1,kognition,regulation
2066,2026-01-27 17:10:00,28,0,40,0,0,1.6509168172375712,2.4538261242462176,0,0,1,regulation,motivation
2067,2026-01-27 17:10:00,28,0,40,0,0,1.3008567717911685,2.4538261242462176,0,0,1,motivation,kognition
2099,2025-12-23 17:10:00,29,0,40,0,0,0.9693005721965284,1.5123535898665605,0,0,1,regulation,kognition
2100,2025-12-23 17:10:00,29,0,40,0,0,1.388910500997883,1.5123535898665605,0,0,1,kognition,regulation
2102,2025-12-23 17:10:00,29,0,40,0,0,1.4965052685555833,1.5123535898665605,0,0,1,regulation,performanz
2154,2025-11-04 17:10:00,30,0,40,0,0,1.6563652445434551,1.7968926893724895,0,0,1,kognition,performanz
2155,2025-11-04 17:10:00,30,0,40,0,0,1.5764938697455664,1.7968926893724895,0,0,1,performanz,kognition
2156,2025-11-04 17:10:00,30,0,40,0,0,1.8595379986403158,1.7968926893724895,0,0,1,kognition,performanz
2157,2025-11-04 17:10:00,30,0,40,0,0,1.0445107156181281,1.7968926893724895,0,0,1,performanz,motivation
