gruppe,datum,coherence_C,window_n
andere,2025-09-01,1.0,1
andere,2025-09-01,0.9859646663304446,2
andere,2025-09-01,0.9854061844636384,3
andere,2025-09-01,0.9877573290521735,4
andere,2025-09-01,0.6058513428079646,5
andere,2025-09-01,0.6692358262526431,6
andere,2025-09-01,0.712008838901492,7
andere,2025-09-01,0.7426908970562424,8
andere,2025-09-01,0.7544232135471279,9
andere,2025-09-01,0.7663694769974196,10
andere,2025-09-01,0.7835657091393632,11
andere,2025-09-01,0.7936277507345816,12
andere,2025-09-01,0.807193512776054,13
andere,2025-09-01,0.8193388581547384,14
andere,2025-09-01,0.829449088140363,15
andere,2025-09-01,0.8381435945539956,16
andere,2025-09-03,0.8463485374502786,17
andere,2025-09-03,0.8520121911084663,18
andere,2025-09-03,0.8590867899545683,19
andere,2025-09-10,0.8649051039137183,20
andere,2025-09-10,0.8705169820603847,21
andere,2025-09-10,0.8713855389893564,22
andere,2025-09-10,0.8764557917604175,23
andere,2025-09-10,0.8811719193425641,24
andere,2025-09-11,0.884935873345062,25
andere,2025-09-11,0.8870308537417482,26
andere,2025-09-11,0.8897765838817453,27
andere,2025-09-11,0.8933715085949685,28
andere,2025-09-11,0.895974094524624,29
andere,2025-09-11,0.8991086226644504,30
andere,2025-09-11,0.8984508172795695,30
andere,2025-09-11,0.8964434087408409,30
andere,2025-09-11,0.8964859155611826,30
andere,2025-09-11,0.896299103490936,30
andere,2025-09-15,0.9600451658713458,30
andere,2025-09-15,0.9593647105562639,30
andere,2025-09-15,0.9563673479042838,30
andere,2025-09-15,0.9579739750005183,30
andere,2025-09-15,0.8973906903504919,30
andere,2025-09-15,0.9011205614570679,30
andere,2025-09-15,0.9024801535052542,30
andere,2025-09-15,0.9065509894108453,30
andere,2025-09-15,0.9058024447956283,30
andere,2025-09-15,0.9040096445928147,30
andere,2025-09-15,0.9002375077127706,30
andere,2025-09-16,0.9005298458492869,30
andere,2025-09-16,0.9014744654142082,30
andere,2025-09-16,0.8973789389319905,30
andere,2025-09-16,0.8970473654408437,30
andere,2025-09-16,0.8939265085595609,30
andere,2025-09-16,0.8939429299813875,30
andere,2025-09-17,0.8953153700282606,30
andere,2025-09-17,0.894557287680739,30
andere,2025-09-17,0.8884158786626882,30
andere,2025-09-17,0.8261587205853899,30
andere,2025-09-17,0.8284743661538746,30
andere,2025-09-18,0.7900267057841021,30
andere,2025-09-18,0.7899306396918332,30
andere,2025-09-18,0.7896977296390718,30
andere,2025-09-18,0.789622221607831,30
andere,2025-09-18,0.788458448898943,30
andere,2025-09-18,0.7915949828182677,30
andere,2025-09-18,0.78867665917363,30
andere,2025-09-18,0.7886423030207912,30
andere,2025-09-18,0.788901464712665,30
andere,2025-09-18,0.7894328612711593,30
andere,2025-09-18,0.7907881201839557,30
andere,2025-09-18,0.7908249143147279,30
andere,2025-09-22,0.8510889730838634,30
andere,2025-09-22,0.8494352358589641,30
andere,2025-09-22,0.8468212415842299,30
andere,2025-09-22,0.8469331924296196,30
andere,2025-09-22,0.8473365864506889,30
andere,2025-09-22,0.8486993652053433,30
andere,2025-09-22,0.7900082155576915,30
andere,2025-09-22,0.7413637302480787,30
andere,2025-09-22,0.7415228129040522,30
andere,2025-09-22,0.746321541612857,30
andere,2025-09-22,0.7452303217667333,30
andere,2025-09-24,0.7437212472437065,30
andere,2025-09-24,0.743259215956346,30
andere,2025-09-24,0.7451512804973685,30
andere,2025-09-24,0.7390125910201248,30
andere,2025-09-24,0.7441858258738682,30
andere,2025-09-25,0.8061722658508195,30
andere,2025-09-25,0.8056904939461758,30
andere,2025-09-25,0.8465319484831438,30
andere,2025-09-25,0.8472157491247494,30
andere,2025-09-25,0.8431261560621239,30
andere,2025-09-25,0.8424674764191207,30
andere,2025-09-25,0.8453550598658922,30
andere,2025-09-25,0.8446991934358464,30
andere,2025-09-25,0.8449870590438348,30
andere,2025-09-25,0.7825749173649192,30
andere,2025-09-29,0.7837366731143832,30
andere,2025-09-29,0.7802545065678608,30
andere,2025-09-29,0.7767617567412103,30
andere,2025-09-29,0.7768775915333248,30
andere,2025-09-29,0.7812125362352171,30
andere,2025-09-29,0.7827865467823533,30
andere,2025-09-29,0.783637711417614,30
andere,2025-09-29,0.783497584779282,30
andere,2025-09-29,0.7815619749594279,30
andere,2025-09-29,0.7820845303888634,30
andere,2025-09-29,0.844665233820187,30
andere,2025-09-29,0.8954934910261958,30
andere,2025-09-30,0.8387725572961022,30
andere,2025-09-30,0.8343655389735235,30
andere,2025-09-30,0.8342991751305141,30
andere,2025-09-30,0.8383608615877246,30
andere,2025-09-30,0.8356393058542303,30
andere,2025-10-01,0.8357563250102593,30
andere,2025-10-01,0.8416541276122446,30
andere,2025-10-01,0.8414896122488931,30
andere,2025-10-01,0.8414464916684194,30
andere,2025-10-02,0.8415171015409545,30
andere,2025-10-02,0.8373423340067336,30
andere,2025-10-02,0.8369823519220653,30
andere,2025-10-02,0.8411181986033092,30
andere,2025-10-02,0.8411997434822402,30
andere,2025-10-02,0.8411004892528504,30
andere,2025-10-02,0.8411985528132271,30
andere,2025-10-02,0.8405374923114782,30
andere,2025-10-09,0.9033836454816923,30
andere,2025-10-09,0.9015419227232816,30
andere,2025-10-09,0.9059553010315018,30
andere,2025-10-09,0.9099215745534914,30
andere,2025-10-09,0.9096598365227613,30
andere,2025-10-09,0.9064973099764468,30
andere,2025-10-09,0.9067764004645863,30
andere,2025-10-09,0.9068530844266283,30
andere,2025-10-09,0.9068117116425846,30
andere,2025-10-09,0.9085805359555656,30
andere,2025-10-09,0.908814652287237,30
andere,2025-10-09,0.908862707915289,30
andere,2025-10-09,0.9097546715463761,30
andere,2025-10-09,0.9655777070049156,30
andere,2025-10-09,0.9683767675519451,30
andere,2025-10-09,0.9679768506384628,30
andere,2025-10-09,0.9676453550208852,30
andere,2025-10-09,0.9707221055658406,30
andere,2025-10-09,0.9708641400000919,30
andere,2025-10-09,0.9701093561622596,30
andere,2025-10-13,0.9698554048598885,30
andere,2025-10-13,0.9700359940683956,30
andere,2025-10-13,0.9699879027975951,30
andere,2025-10-13,0.9726242429197571,30
andere,2025-10-16,0.9729216324442885,30
andere,2025-10-16,0.9726037577112677,30
andere,2025-10-16,0.9727753728099853,30
andere,2025-10-16,0.9728559502543257,30
andere,2025-10-16,0.9731815419741555,30
andere,2025-10-16,0.9726110981123972,30
andere,2025-10-16,0.9715242266328845,30
andere,2025-10-16,0.9724456590165502,30
andere,2025-10-16,0.9096391839220659,30
andere,2025-10-16,0.908624395134953,30
andere,2025-10-16,0.8459734378187017,30
andere,2025-10-16,0.8479522737184344,30
andere,2025-10-20,0.848271843275586,30
andere,2025-10-20,0.8493940057750297,30
andere,2025-10-20,0.8504959580796877,30
andere,2025-10-20,0.8505479961888633,30
andere,2025-10-23,0.8502616976672361,30
andere,2025-10-23,0.8506993754166468,30
andere,2025-10-23,0.8501811136155546,30
andere,2025-10-23,0.8487621749488669,30
andere,2025-10-23,0.8485473373095559,30
andere,2025-10-23,0.8448846667711807,30
andere,2025-10-23,0.8448036939614519,30
andere,2025-10-23,0.839351724306879,30
andere,2025-10-23,0.8388525415162261,30
andere,2025-10-27,0.8388147670352439,30
andere,2025-10-27,0.8385105766357156,30
andere,2025-10-27,0.8326153191364888,30
andere,2025-10-27,0.832328012266443,30
andere,2025-10-27,0.8329912579260434,30
andere,2025-10-27,0.7774914342712267,30
andere,2025-10-27,0.7775694107579164,30
andere,2025-10-27,0.7771875528328591,30
andere,2025-10-27,0.7763927121944313,30
andere,2025-10-27,0.7708201632172608,30
andere,2025-10-27,0.7115937327375164,30
andere,2025-10-27,0.7135019798634598,30
andere,2025-10-28,0.7125604818578113,30
andere,2025-10-28,0.7732088333010564,30
andere,2025-10-28,0.7746952400816474,30
andere,2025-10-28,0.834783958647723,30
andere,2025-10-28,0.8352872462366849,30
andere,2025-10-28,0.8351793941316581,30
andere,2025-10-28,0.8356179988539598,30
andere,2025-10-28,0.8354870042830634,30
andere,2025-10-28,0.8351373700358236,30
andere,2025-10-29,0.8359248872178492,30
andere,2025-10-29,0.8348574588499017,30
andere,2025-10-29,0.8356038311175314,30
andere,2025-10-29,0.8371834886226719,30
andere,2025-10-29,0.8361165666067014,30
andere,2025-10-30,0.833816546636287,30
andere,2025-10-30,0.8322130549235282,30
andere,2025-10-30,0.838725929790732,30
andere,2025-10-30,0.8387885507920028,30
andere,2025-10-30,0.8395559133534461,30
andere,2025-10-30,0.840490549634482,30
andere,2025-10-30,0.846024617555006,30
andere,2025-10-30,0.8449701835085955,30
andere,2025-10-30,0.8461024408026442,30
andere,2025-11-03,0.9013624715549838,30
andere,2025-11-03,0.9013442999520495,30
andere,2025-11-03,0.9013874064882539,30
andere,2025-11-03,0.9018921269147105,30
andere,2025-11-03,0.9081457783840245,30
andere,2025-11-03,0.970666529339093,30
andere,2025-11-03,0.9703767891323731,30
andere,2025-11-03,0.9704910211750406,30
andere,2025-11-03,0.9712041814383781,30
andere,2025-11-03,0.9709734680859536,30
andere,2025-11-03,0.9744739840930109,30
andere,2025-11-03,0.9113119103729961,30
andere,2025-11-03,0.9114085733832789,30
andere,2025-11-03,0.9109022996804003,30
andere,2025-11-03,0.9098139497763099,30
andere,2025-11-03,0.9095349953327603,30
andere,2025-11-04,0.9094101602466138,30
andere,2025-11-04,0.9077909236619365,30
andere,2025-11-04,0.9058724383600474,30
andere,2025-11-04,0.9046580086103411,30
andere,2025-11-04,0.9045814781652317,30
andere,2025-11-04,0.9120013277512956,30
andere,2025-11-04,0.9122030204498657,30
andere,2025-11-04,0.9119546637732641,30
andere,2025-11-04,0.9117822523390784,30
andere,2025-11-04,0.9117817267158832,30
andere,2025-11-05,0.9113318239211249,30
andere,2025-11-05,0.9110524426718942,30
andere,2025-11-05,0.9079170127871384,30
andere,2025-11-05,0.9075930713701084,30
andere,2025-11-05,0.9077543747704566,30
andere,2025-11-06,0.8664346050773835,30
andere,2025-11-06,0.8647700640627115,30
andere,2025-11-06,0.8643626397773937,30
andere,2025-11-06,0.8642563629785822,30
andere,2025-11-06,0.8018875271203904,30
andere,2025-11-06,0.8022930155909893,30
andere,2025-11-06,0.8024696901107485,30
andere,2025-11-06,0.8028138062213735,30
andere,2025-11-10,0.8029693108596646,30
andere,2025-11-10,0.8029262466150383,30
andere,2025-11-10,0.865399554460479,30
andere,2025-11-10,0.865601074770449,30
andere,2025-11-10,0.8652878758750712,30
andere,2025-11-10,0.8662001784198238,30
andere,2025-11-10,0.8658664878511968,30
andere,2025-11-10,0.8655023801616288,30
andere,2025-11-11,0.8678612128345861,30
andere,2025-11-11,0.8678538625274084,30
andere,2025-11-11,0.8640973396198093,30
andere,2025-11-11,0.8639466635529142,30
andere,2025-11-11,0.8648064087988648,30
andere,2025-11-11,0.8662070921335328,30
andere,2025-11-11,0.8661522302148017,30
andere,2025-11-11,0.8662356150838757,30
andere,2025-11-11,0.865761381834709,30
andere,2025-11-12,0.863698246531182,30
andere,2025-11-12,0.8595172411607157,30
andere,2025-11-12,0.8637922635733132,30
andere,2025-11-12,0.8634103675607383,30
andere,2025-11-12,0.859802355141156,30
andere,2025-11-13,0.899087513469493,30
andere,2025-11-13,0.8970919282517864,30
andere,2025-11-13,0.8970362559525533,30
andere,2025-11-13,0.8970362559525533,30
andere,2025-11-13,0.9601863065895244,30
andere,2025-11-13,0.9601863065895243,30
andere,2025-11-13,0.9601275935356137,30
andere,2025-11-13,0.9602254517841632,30
andere,2025-11-13,0.9600851152645876,30
andere,2025-11-13,0.9589689930063315,30
andere,2025-11-17,0.958983858221013,30
andere,2025-11-17,0.954658227871826,30
andere,2025-11-17,0.9547286026582802,30
andere,2025-11-17,0.9520265075763743,30
andere,2025-11-17,0.9522113025247533,30
andere,2025-11-17,0.9524967075982881,30
andere,2025-11-17,0.9496760014493314,30
andere,2025-11-17,0.9507484972699478,30
andere,2025-11-17,0.955507578096427,30
andere,2025-11-17,0.9560572865609257,30
andere,2025-11-18,0.9524555087892461,30
andere,2025-11-18,0.9529421923349102,30
andere,2025-11-18,0.9510756748310785,30
andere,2025-11-18,0.9510333551130793,30
andere,2025-11-20,0.9507940291750121,30
andere,2025-11-20,0.9539024177028265,30
andere,2025-11-20,0.958052307062895,30
andere,2025-11-20,0.947662001978303,30
andere,2025-11-24,0.9493039707675507,30
andere,2025-11-24,0.9509214713381695,30
andere,2025-11-24,0.9517154403774402,30
andere,2025-11-24,0.9560705620586346,30
andere,2025-11-24,0.955869944314663,30
andere,2025-11-24,0.8901598289199352,30
andere,2025-11-24,0.8904451462831319,30
andere,2025-11-24,0.8900357707352414,30
andere,2025-11-24,0.8895317060159085,30
andere,2025-11-24,0.8891947730688027,30
andere,2025-11-24,0.8888504264829018,30
andere,2025-11-24,0.8883567165212908,30
andere,2025-11-24,0.8883455826494425,30
andere,2025-11-24,0.8935676612421394,30
andere,2025-11-25,0.8945798933617837,30
andere,2025-11-25,0.8927478668496966,30
andere,2025-11-25,0.8931065810833688,30
andere,2025-11-25,0.893324420036113,30
andere,2025-11-25,0.8959452588492132,30
andere,2025-11-25,0.8932352114823205,30
andere,2025-11-25,0.8910825961457877,30
andere,2025-11-25,0.888677671030507,30
andere,2025-11-25,0.8919814867146056,30
andere,2025-11-26,0.8926440539016723,30
andere,2025-11-26,0.8907214332309286,30
andere,2025-11-26,0.8906325265813518,30
andere,2025-11-26,0.8894504635253806,30
andere,2025-11-26,0.8897379042279743,30
andere,2025-11-27,0.8852829791883586,30
andere,2025-11-27,0.8965421341324747,30
andere,2025-11-27,0.8963547358204498,30
andere,2025-11-27,0.8972468224247803,30
andere,2025-11-27,0.8973608495882097,30
andere,2025-12-01,0.8972389969231143,30
andere,2025-12-01,0.8949366963295594,30
andere,2025-12-01,0.9590526944594112,30
andere,2025-12-01,0.9589696816740318,30
andere,2025-12-01,0.9594086692211095,30
andere,2025-12-01,0.9596769132664359,30
andere,2025-12-01,0.9589717005594833,30
andere,2025-12-01,0.9550364662261875,30
andere,2025-12-01,0.9568356307122748,30
andere,2025-12-01,0.9573808598176998,30
andere,2025-12-01,0.9573097782148794,30
andere,2025-12-01,0.9569896022457798,30
andere,2025-12-01,0.9587461282090557,30
andere,2025-12-01,0.9586550914738091,30
andere,2025-12-01,0.947739655440255,30
andere,2025-12-01,0.9462983884931692,30
andere,2025-12-02,0.9488725614957421,30
andere,2025-12-02,0.9523139523476389,30
andere,2025-12-02,0.9536174536489797,30
andere,2025-12-02,0.9538092926025529,30
andere,2025-12-03,0.9536353437043623,30
andere,2025-12-03,0.9550464087777563,30
andere,2025-12-03,0.9542781171426565,30
andere,2025-12-03,0.9552664252130182,30
andere,2025-12-03,0.9540084525622035,30
andere,2025-12-08,0.9575883067268992,30
andere,2025-12-08,0.9582885224705694,30
andere,2025-12-08,0.9583915596317154,30
andere,2025-12-08,0.9563746239871544,30
andere,2025-12-08,0.9535702352389525,30
andere,2025-12-08,0.9541338204758264,30
andere,2025-12-08,0.9550536322449676,30
andere,2025-12-08,0.9531958504549114,30
andere,2025-12-08,0.9522613948267967,30
andere,2025-12-08,0.952472851997518,30
andere,2025-12-08,0.9523540138453442,30
andere,2025-12-08,0.9536275561279834,30
andere,2025-12-08,0.9567813149337451,30
andere,2025-12-08,0.9561079442953533,30
andere,2025-12-09,0.9556268857656176,30
andere,2025-12-09,0.9569865415025766,30
andere,2025-12-09,0.9572449887128109,30
andere,2025-12-09,0.9574062436696605,30
andere,2025-12-10,0.9566033031101135,30
andere,2025-12-10,0.9628591830375963,30
andere,2025-12-10,0.9593581349615912,30
andere,2025-12-10,0.9591813270004441,30
andere,2025-12-10,0.9566613571397429,30
andere,2025-12-10,0.9561852829586495,30
andere,2025-12-10,0.9516927287357771,30
andere,2025-12-10,0.9516242081121424,30
andere,2025-12-10,0.9511633200463299,30
andere,2025-12-11,0.9512598782083617,30
andere,2025-12-11,0.9502579975572452,30
andere,2025-12-11,0.9521051620950648,30
andere,2025-12-11,0.9498919384882767,30
andere,2025-12-11,0.9498363687431257,30
andere,2025-12-11,0.9498245775268315,30
andere,2025-12-11,0.9501208075060532,30
andere,2025-12-11,0.9522119961316076,30
andere,2025-12-11,0.951643865324195,30
andere,2025-12-11,0.9532750820817067,30
andere,2025-12-12,0.9546169080828576,30
andere,2025-12-12,0.9560438481301846,30
andere,2025-12-12,0.9562976174080551,30
andere,2025-12-12,0.9563585418049478,30
andere,2025-12-12,0.9557306788022021,30
andere,2025-12-12,0.9571243241469971,30
andere,2025-12-12,0.9572606718342338,30
andere,2025-12-12,0.9575164664830107,30
andere,2025-12-12,0.9574434535565787,30
andere,2025-12-12,0.9576521540056622,30
andere,2025-12-12,0.9524432180755532,30
andere,2025-12-12,0.9523317684251271,30
andere,2025-12-12,0.9598068764637779,30
andere,2025-12-12,0.9625754038859227,30
andere,2025-12-12,0.8995170324709212,30
andere,2025-12-12,0.9015370615062843,30
andere,2025-12-12,0.902092375936029,30
andere,2025-12-12,0.9068668786580381,30
andere,2025-12-12,0.906983854045043,30
andere,2025-12-15,0.9035240985382248,30
andere,2025-12-15,0.9033109162815258,30
andere,2025-12-15,0.9044396181256797,30
andere,2025-12-15,0.902913525413575,30
andere,2025-12-15,0.9029574674631392,30
andere,2025-12-15,0.9030569911739423,30
andere,2025-12-15,0.9032986321013661,30
andere,2025-12-15,0.9042086984655638,30
andere,2025-12-15,0.9039031091125553,30
andere,2025-12-15,0.9034938950015923,30
andere,2025-12-15,0.9034401751034103,30
andere,2025-12-15,0.904534823899568,30
andere,2025-12-15,0.9041869055623116,30
andere,2025-12-15,0.9026970509833875,30
andere,2025-12-15,0.8960913795483186,30
andere,2025-12-15,0.8966063643167409,30
andere,2025-12-15,0.8963904399932875,30
andere,2025-12-15,0.8970438223840963,30
andere,2025-12-15,0.8973681475609668,30
andere,2025-12-15,0.8973405985732253,30
andere,2025-12-15,0.8958512216230222,30
andere,2025-12-15,0.9006337093602411,30
andere,2025-12-15,0.8999422617006293,30
andere,2025-12-15,0.8995435643070586,30
andere,2025-12-15,0.8997375198612506,30
andere,2025-12-15,0.9634902357393089,30
andere,2025-12-15,0.9629182830925131,30
andere,2025-12-16,0.9627425765615244,30
andere,2025-12-16,0.9612693377972578,30
andere,2025-12-16,0.9611168195756953,30
andere,2025-12-16,0.9641057726387167,30
andere,2025-12-16,0.95991218578366,30
andere,2025-12-16,0.9594763306989017,30
andere,2025-12-16,0.9602144853191197,30
andere,2025-12-16,0.9624086199893772,30
andere,2025-12-16,0.9617395732522761,30
andere,2025-12-16,0.9618776878903736,30
andere,2025-12-16,0.961669355659994,30
andere,2025-12-16,0.9620710793896567,30
andere,2025-12-16,0.9614856284066946,30
andere,2025-12-16,0.961429466586652,30
andere,2025-12-16,0.9601996690967481,30
andere,2025-12-16,0.96044919350983,30
andere,2025-12-16,0.9626873939235032,30
andere,2025-12-16,0.9684933725688537,30
andere,2025-12-16,0.96802351564644,30
andere,2025-12-16,0.9676705786244063,30
andere,2025-12-16,0.9666054821508581,30
andere,2025-12-16,0.9654079335079327,30
andere,2025-12-16,0.9650919962082134,30
andere,2025-12-16,0.9666772095509879,30
andere,2025-12-16,0.9677928605271912,30
andere,2025-12-16,0.9677440556754938,30
andere,2025-12-16,0.9681184556426912,30
andere,2025-12-16,0.9629804885534341,30
andere,2025-12-17,0.9629511865258008,30
andere,2025-12-17,0.9631764806604602,30
andere,2025-12-17,0.9611586767147545,30
andere,2025-12-17,0.9606931499562495,30
andere,2025-12-17,0.9614982297367968,30
andere,2025-12-17,0.961641819010287,30
andere,2025-12-17,0.9463105255032783,30
andere,2025-12-17,0.9466833747109,30
andere,2025-12-17,0.9477031674510322,30
andere,2025-12-17,0.94788195090254,30
andere,2025-12-17,0.9479014930586015,30
andere,2025-12-17,0.9483202207688101,30
andere,2025-12-17,0.9400211123952288,30
andere,2025-12-17,0.9395943088128498,30
andere,2025-12-17,0.9401737812417145,30
andere,2025-12-17,0.9393809043564707,30
andere,2025-12-17,0.9410231951978584,30
andere,2025-12-17,0.9410072264058928,30
andere,2025-12-17,0.9404902511445281,30
andere,2025-12-17,0.9271329230129737,30
andere,2025-12-17,0.926603255435521,30
andere,2025-12-17,0.9273452177859878,30
andere,2025-12-17,0.9275087952973149,30
andere,2025-12-17,0.9288969401338204,30
andere,2025-12-17,0.9293344291807156,30
andere,2025-12-17,0.9309140628827118,30
andere,2025-12-17,0.9311930860155622,30
andere,2025-12-17,0.930926647931474,30
andere,2025-12-17,0.9305730905907492,30
andere,2025-12-17,0.9349517868254946,30
andere,2025-12-17,0.927836992593081,30
andere,2025-12-17,0.9283248747831717,30
andere,2025-12-17,0.9287420082958947,30
andere,2025-12-17,0.9295720353644675,30
andere,2025-12-17,0.9243214318438894,30
andere,2025-12-17,0.9246923193043286,30
andere,2025-12-17,0.9456237453711456,30
andere,2025-12-18,0.9452228176330659,30
andere,2025-12-18,0.9450453872629574,30
andere,2025-12-18,0.9454687797566838,30
andere,2025-12-18,0.9459659269849658,30
andere,2025-12-18,0.9461649742588774,30
andere,2025-12-18,0.9507502408442184,30
andere,2025-12-18,0.9506923643127538,30
andere,2025-12-18,0.9510901592094202,30
andere,2025-12-18,0.9525508073838889,30
andere,2025-12-18,0.9507651771055483,30
andere,2025-12-18,0.9505735412977788,30
andere,2025-12-18,0.9471914355210957,30
andere,2025-12-18,0.9612783073083273,30
andere,2025-12-18,0.9609324815248722,30
andere,2025-12-18,0.9608017706278681,30
andere,2025-12-18,0.9606218242641344,30
andere,2025-12-18,0.9612468911408996,30
andere,2025-12-18,0.9594903282839393,30
andere,2025-12-18,0.9593746823530278,30
andere,2025-12-18,0.9593734260221611,30
andere,2025-12-18,0.9597130438556963,30
andere,2025-12-18,0.96021062107201,30
andere,2025-12-18,0.9598093145766116,30
andere,2025-12-18,0.9676053335727239,30
andere,2025-12-22,0.9673852874479375,30
andere,2025-12-22,0.9670317687943637,30
andere,2025-12-22,0.9672353745165724,30
andere,2025-12-22,0.9715939090356814,30
andere,2025-12-22,0.9696082410025153,30
andere,2025-12-22,0.9699324741010789,30
andere,2025-12-22,0.9700903955952028,30
andere,2025-12-22,0.970411871782605,30
andere,2025-12-22,0.9697389351762397,30
andere,2025-12-23,0.9659961597593206,30
andere,2025-12-23,0.9659249792259381,30
andere,2025-12-23,0.9677469323160666,30
andere,2025-12-23,0.9675937324803701,30
andere,2025-12-23,0.9678223140100881,30
andere,2025-12-23,0.9652305447969396,30
andere,2025-12-23,0.965414812931598,30
andere,2025-12-23,0.9571716384194487,30
andere,2025-12-23,0.9610219774075393,30
andere,2025-12-23,0.9614462918218044,30
andere,2025-12-23,0.9616375263214436,30
andere,2025-12-23,0.9579823932967975,30
andere,2025-12-23,0.9577194932081411,30
andere,2025-12-23,0.9570634557035814,30
andere,2026-01-05,0.9563286007948516,30
andere,2026-01-05,0.9566970980427707,30
andere,2026-01-05,0.9568850008583611,30
andere,2026-01-05,0.9566011643358185,30
andere,2026-01-05,0.9566011643358187,30
andere,2026-01-05,0.9572942663429308,30
andere,2026-01-05,0.9578913701866182,30
andere,2026-01-05,0.952007861788173,30
andere,2026-01-05,0.9517645512359213,30
andere,2026-01-05,0.9522430705765352,30
andere,2026-01-05,0.9523832979808717,30
andere,2026-01-05,0.953630627926607,30
andere,2026-01-05,0.9523394228737967,30
andere,2026-01-05,0.9520144464393342,30
andere,2026-01-05,0.9521080502978232,30
andere,2026-01-05,0.9524265976785563,30
andere,2026-01-05,0.9550379562882967,30
andere,2026-01-05,0.9554474536062857,30
andere,2026-01-05,0.9548796727718908,30
andere,2026-01-05,0.9547445747531665,30
andere,2026-01-05,0.954969021948298,30
andere,2026-01-05,0.9565734189136087,30
andere,2026-01-05,0.957951450913898,30
andere,2026-01-05,0.966817139331437,30
andere,2026-01-05,0.967240632108113,30
andere,2026-01-05,0.9672459219877668,30
andere,2026-01-06,0.9667967574107502,30
andere,2026-01-06,0.9683950435993817,30
andere,2026-01-06,0.9693730361616064,30
andere,2026-01-06,0.9698330936942311,30
andere,2026-01-06,0.9716449129642669,30
andere,2026-01-06,0.9715109802354065,30
andere,2026-01-06,0.9713749480343147,30
andere,2026-01-06,0.9702245382537991,30
andere,2026-01-06,0.9701515883466004,30
andere,2026-01-06,0.9696059611024094,30
andere,2026-01-06,0.9694732581436585,30
andere,2026-01-06,0.9738868013027273,30
andere,2026-01-06,0.9740642118205349,30
andere,2026-01-06,0.9740335246900342,30
andere,2026-01-06,0.9735907065938955,30
andere,2026-01-06,0.9746633433051575,30
andere,2026-01-06,0.9761266710434704,30
andere,2026-01-06,0.9762532260598263,30
andere,2026-01-06,0.9769813679439627,30
andere,2026-01-06,0.9117544576239367,30
andere,2026-01-06,0.9126062308278587,30
andere,2026-01-06,0.9114292269911317,30
andere,2026-01-06,0.907966787773394,30
andere,2026-01-06,0.9080829216466985,30
andere,2026-01-06,0.9080829216466983,30
andere,2026-01-06,0.8520708595972528,30
andere,2026-01-06,0.8520340832251286,30
andere,2026-01-07,0.8517432877436183,30
andere,2026-01-07,0.8517860799428523,30
andere,2026-01-07,0.849040864898227,30
andere,2026-01-07,0.8456680804302463,30
andere,2026-01-07,0.8471937051177357,30
andere,2026-01-07,0.8465321301905233,30
andere,2026-01-07,0.8444262108506919,30
andere,2026-01-07,0.8443009944574208,30
andere,2026-01-07,0.844687826812592,30
andere,2026-01-07,0.8447846554305978,30
andere,2026-01-07,0.8454712846539848,30
andere,2026-01-07,0.8455720136601772,30
andere,2026-01-07,0.845574518035074,30
andere,2026-01-07,0.8461439079003676,30
andere,2026-01-07,0.8475498539191587,30
andere,2026-01-07,0.8475127642677907,30
andere,2026-01-07,0.8453111737351272,30
andere,2026-01-07,0.8456144177781549,30
andere,2026-01-07,0.8450670057965902,30
andere,2026-01-07,0.7884173588790353,30
andere,2026-01-07,0.7884317462182612,30
andere,2026-01-07,0.7880539021063474,30
andere,2026-01-07,0.8531717321138188,30
andere,2026-01-07,0.8508929357251254,30
andere,2026-01-07,0.8517864125422902,30
andere,2026-01-07,0.8482960542080953,30
andere,2026-01-07,0.8472946518273091,30
andere,2026-01-07,0.8470292912664217,30
andere,2026-01-07,0.9014422200055796,30
andere,2026-01-07,0.9024613366627928,30
andere,2026-01-07,0.9022289612931352,30
andere,2026-01-07,0.9025222072201416,30
andere,2026-01-07,0.9043683660145513,30
andere,2026-01-07,0.9045889762974961,30
andere,2026-01-07,0.9048113999346266,30
andere,2026-01-07,0.9056844495369011,30
andere,2026-01-07,0.9079101280830912,30
andere,2026-01-07,0.9083505013599383,30
andere,2026-01-07,0.9082823711294978,30
andere,2026-01-07,0.9081517037893598,30
andere,2026-01-07,0.9074599973645168,30
andere,2026-01-07,0.8998677913718041,30
andere,2026-01-07,0.9000588667100604,30
andere,2026-01-07,0.9000446945750493,30
andere,2026-01-07,0.8999072645973791,30
andere,2026-01-07,0.9002397726272966,30
andere,2026-01-07,0.9000144337198901,30
andere,2026-01-07,0.8992608444608458,30
andere,2026-01-07,0.8993275167627655,30
andere,2026-01-07,0.9569883371981353,30
andere,2026-01-08,0.9560966058123588,30
andere,2026-01-08,0.9547214756245397,30
andere,2026-01-08,0.9547706841928039,30
andere,2026-01-08,0.9554755438366538,30
andere,2026-01-08,0.9557410685577953,30
andere,2026-01-08,0.9630624042537373,30
andere,2026-01-08,0.9636065496921007,30
andere,2026-01-08,0.9622482496691295,30
andere,2026-01-08,0.9643421637077546,30
andere,2026-01-08,0.9627064706035481,30
andere,2026-01-08,0.899307241989879,30
andere,2026-01-08,0.8996719802010239,30
andere,2026-01-08,0.8990512217357746,30
andere,2026-01-08,0.9020880800619053,30
andere,2026-01-08,0.9023491307255813,30
andere,2026-01-08,0.9023037834256268,30
andere,2026-01-08,0.9015690682411646,30
andere,2026-01-08,0.9005653124487146,30
andere,2026-01-08,0.8999450760787161,30
andere,2026-01-08,0.8984173240157988,30
andere,2026-01-08,0.8980301869281037,30
andere,2026-01-08,0.9043028325774797,30
andere,2026-01-08,0.9033787908802611,30
andere,2026-01-08,0.9034665277936522,30
andere,2026-01-08,0.9039969936184707,30
andere,2026-01-08,0.9040609368854258,30
andere,2026-01-08,0.9060062978993543,30
andere,2026-01-08,0.905405034228927,30
andere,2026-01-08,0.904910976342398,30
andere,2026-01-08,0.9055207301122413,30
andere,2026-01-08,0.9068945257277599,30
andere,2026-01-08,0.9089296573819367,30
andere,2026-01-08,0.9097886602070453,30
andere,2026-01-08,0.9085057035244981,30
andere,2026-01-08,0.9081750925388127,30
andere,2026-01-08,0.9088024635883413,30
andere,2026-01-08,0.9092825893783105,30
andere,2026-01-08,0.9110865272392339,30
andere,2026-01-08,0.9108123025317683,30
andere,2026-01-08,0.9114015973030879,30
andere,2026-01-08,0.9743066914765708,30
andere,2026-01-08,0.9745598776135159,30
andere,2026-01-08,0.9742859619977253,30
andere,2026-01-08,0.9738352715472148,30
andere,2026-01-08,0.9611297376604794,30
andere,2026-01-08,0.9573614922603728,30
andere,2026-01-08,0.9574782296860149,30
andere,2026-01-08,0.9555495260437462,30
andere,2026-01-09,0.9554412345559686,30
andere,2026-01-09,0.9557207314466615,30
andere,2026-01-09,0.9573958344145601,30
andere,2026-01-09,0.9580174497625333,30
andere,2026-01-09,0.9589192983869796,30
andere,2026-01-12,0.9590626285197016,30
andere,2026-01-12,0.9520707572991528,30
andere,2026-01-12,0.9519037565377189,30
andere,2026-01-12,0.9518094600148732,30
andere,2026-01-12,0.9527006638404324,30
andere,2026-01-12,0.9537272713664141,30
andere,2026-01-12,0.9489664167043673,30
andere,2026-01-12,0.9490246846935227,30
andere,2026-01-12,0.9485673785040314,30
andere,2026-01-12,0.9485484050373072,30
andere,2026-01-12,0.949960567846168,30
andere,2026-01-12,0.9496427765402514,30
andere,2026-01-12,0.9498410645634865,30
andere,2026-01-12,0.9499394227075271,30
andere,2026-01-12,0.9497425951467526,30
andere,2026-01-12,0.9491093483700364,30
andere,2026-01-12,0.9495133605975008,30
andere,2026-01-12,0.9479683714104894,30
andere,2026-01-12,0.9458703535222176,30
andere,2026-01-12,0.9458188849230588,30
andere,2026-01-12,0.946007138321406,30
andere,2026-01-12,0.9589038755952147,30
andere,2026-01-12,0.9624662015917852,30
andere,2026-01-12,0.9626044245785762,30
andere,2026-01-12,0.9650869324922999,30
andere,2026-01-12,0.9639507020305015,30
andere,2026-01-12,0.9617250641640173,30
andere,2026-01-13,0.9577783763957021,30
andere,2026-01-13,0.9579901222539621,30
andere,2026-01-13,0.9567849181406034,30
andere,2026-01-13,0.9566962989160368,30
andere,2026-01-13,0.9601380420759189,30
andere,2026-01-13,0.9600090355831005,30
andere,2026-01-13,0.9602376086639228,30
andere,2026-01-13,0.9608126412270324,30
andere,2026-01-13,0.9608302101474457,30
andere,2026-01-13,0.9658847676915004,30
andere,2026-01-13,0.9620334796604697,30
andere,2026-01-13,0.9621345024838247,30
andere,2026-01-13,0.9610223495668748,30
andere,2026-01-13,0.9612199374998003,30
andere,2026-01-13,0.9615967376870321,30
andere,2026-01-13,0.9616408243491238,30
andere,2026-01-13,0.9607698199695265,30
andere,2026-01-13,0.9610606575640028,30
andere,2026-01-13,0.9609641718931405,30
andere,2026-01-13,0.9563274982147429,30
andere,2026-01-13,0.9571717934880956,30
andere,2026-01-13,0.9592149163695233,30
andere,2026-01-13,0.9592589617968936,30
andere,2026-01-13,0.959097405797056,30
andere,2026-01-13,0.959926516098493,30
andere,2026-01-13,0.960186409681258,30
andere,2026-01-13,0.9611062515690985,30
andere,2026-01-14,0.9606657826306502,30
andere,2026-01-14,0.9607353088627836,30
andere,2026-01-14,0.9621987400784473,30
andere,2026-01-14,0.9659123421439598,30
andere,2026-01-14,0.9655616661773961,30
andere,2026-01-14,0.9670943546980245,30
andere,2026-01-14,0.9670422359127087,30
andere,2026-01-14,0.9713673845771155,30
andere,2026-01-14,0.9699345556732648,30
andere,2026-01-14,0.9699280548919341,30
andere,2026-01-14,0.969831352720528,30
andere,2026-01-14,0.9696201805353061,30
andere,2026-01-14,0.9686687696816084,30
andere,2026-01-14,0.9720700876654847,30
andere,2026-01-14,0.9706605969044011,30
andere,2026-01-14,0.9708872315057901,30
andere,2026-01-14,0.9714311275529871,30
andere,2026-01-14,0.9715048190951475,30
andere,2026-01-14,0.9716396788369046,30
andere,2026-01-14,0.9705199092672203,30
andere,2026-01-14,0.9662230387626486,30
andere,2026-01-14,0.966415884613046,30
andere,2026-01-14,0.9705305284863777,30
andere,2026-01-14,0.9667231386738325,30
andere,2026-01-14,0.9650873623543477,30
andere,2026-01-14,0.9651409149017767,30
andere,2026-01-14,0.9639844404750018,30
andere,2026-01-14,0.9632354298295899,30
andere,2026-01-14,0.9609998894754374,30
andere,2026-01-14,0.9615932104367834,30
andere,2026-01-14,0.962015182863232,30
andere,2026-01-14,0.9635390437842531,30
andere,2026-01-14,0.9618400274944547,30
andere,2026-01-14,0.9622613815639804,30
andere,2026-01-14,0.9627051940880602,30
andere,2026-01-14,0.9623896543385557,30
andere,2026-01-14,0.9608855199299341,30
andere,2026-01-14,0.9610304154041717,30
andere,2026-01-15,0.9625648160269535,30
andere,2026-01-15,0.9619327980920472,30
andere,2026-01-15,0.9616630157917658,30
andere,2026-01-15,0.9623036896843835,30
andere,2026-01-15,0.9628327832500162,30
andere,2026-01-15,0.9630688344206825,30
andere,2026-01-15,0.964536546860721,30
andere,2026-01-15,0.9656485957801105,30
andere,2026-01-15,0.9652313361517522,30
andere,2026-01-15,0.9655076497401572,30
andere,2026-01-15,0.965218363399496,30
andere,2026-01-15,0.9653949362122699,30
andere,2026-01-15,0.9669380362468056,30
andere,2026-01-15,0.9668146549599238,30
andere,2026-01-15,0.9654198325990925,30
andere,2026-01-19,0.9693543509231588,30
andere,2026-01-19,0.9694627402225406,30
andere,2026-01-19,0.9701896556605699,30
andere,2026-01-19,0.9710913791777791,30
andere,2026-01-19,0.9710368895203256,30
andere,2026-01-19,0.9695782589210798,30
andere,2026-01-19,0.9693189072758405,30
andere,2026-01-19,0.9696124711628273,30
andere,2026-01-19,0.9682898045491474,30
andere,2026-01-19,0.9693456810699443,30
andere,2026-01-19,0.9691649999014985,30
andere,2026-01-19,0.9692666263868613,30
andere,2026-01-19,0.9688802081737358,30
andere,2026-01-19,0.970224378460163,30
andere,2026-01-19,0.9687348912700116,30
andere,2026-01-19,0.9634275251630059,30
andere,2026-01-19,0.9629121119913844,30
andere,2026-01-19,0.9629029607018391,30
andere,2026-01-19,0.9627872925253778,30
andere,2026-01-19,0.9630282953989626,30
andere,2026-01-19,0.9627162628564054,30
andere,2026-01-19,0.962558758143151,30
andere,2026-01-19,0.9609421526890367,30
andere,2026-01-19,0.9615861248395144,30
andere,2026-01-20,0.961576571984826,30
andere,2026-01-20,0.9598217623523934,30
andere,2026-01-20,0.9618678153835124,30
andere,2026-01-20,0.9649101857359071,30
andere,2026-01-20,0.9651760832339062,30
andere,2026-01-20,0.9663041881178659,30
andere,2026-01-20,0.9600556271610491,30
andere,2026-01-20,0.96130686907889,30
andere,2026-01-20,0.9613345035847302,30
andere,2026-01-20,0.960676259995911,30
andere,2026-01-20,0.9559125139870588,30
andere,2026-01-20,0.8961839069466435,30
andere,2026-01-20,0.8960251876565347,30
andere,2026-01-20,0.8956418764619637,30
andere,2026-01-20,0.8975646726077262,30
andere,2026-01-20,0.8977977209987293,30
andere,2026-01-20,0.8927238267516694,30
andere,2026-01-20,0.8912075365646663,30
andere,2026-01-20,0.8901393440431904,30
andere,2026-01-20,0.8903142071954344,30
andere,2026-01-21,0.8922882139271666,30
andere,2026-01-21,0.8955853297772145,30
andere,2026-01-21,0.8972865108519942,30
andere,2026-01-21,0.8898541319893524,30
andere,2026-01-21,0.8903101718760833,30
andere,2026-01-21,0.8909385769634264,30
andere,2026-01-21,0.8907148021201923,30
andere,2026-01-21,0.8885661925736389,30
andere,2026-01-21,0.8852604197301313,30
andere,2026-01-21,0.8850568707883187,30
andere,2026-01-21,0.8202838183430221,30
andere,2026-01-21,0.822593572086353,30
andere,2026-01-21,0.8219688942789851,30
andere,2026-01-21,0.8219555027418493,30
andere,2026-01-21,0.8214998058093671,30
andere,2026-01-21,0.8214201193923686,30
andere,2026-01-21,0.8262693080925367,30
andere,2026-01-21,0.8267640095914266,30
andere,2026-01-21,0.8262005656156238,30
andere,2026-01-21,0.826555286617208,30
andere,2026-01-21,0.8319857044312833,30
andere,2026-01-21,0.8926639240333377,30
andere,2026-01-21,0.8922464748862559,30
andere,2026-01-21,0.8928656935283157,30
andere,2026-01-21,0.8929928398689039,30
andere,2026-01-21,0.8930757153957535,30
andere,2026-01-21,0.8974920477908388,30
andere,2026-01-21,0.897620997437969,30
andere,2026-01-21,0.8993197546608351,30
andere,2026-01-21,0.8994027811848084,30
andere,2026-01-21,0.8990557962446173,30
andere,2026-01-21,0.9005881602943823,30
andere,2026-01-21,0.9005225860820244,30
andere,2026-01-22,0.907155033856258,30
andere,2026-01-22,0.9065054081365981,30
andere,2026-01-22,0.906326549851508,30
andere,2026-01-22,0.9068136344589727,30
andere,2026-01-22,0.908748813050895,30
andere,2026-01-22,0.9064469721695646,30
andere,2026-01-22,0.9056886389824401,30
andere,2026-01-22,0.9082394122280717,30
andere,2026-01-22,0.9071113017186718,30
andere,2026-01-22,0.9065871761517187,30
andere,2026-01-22,0.9035092832395097,30
andere,2026-01-22,0.9035092832395097,30
andere,2026-01-22,0.9034612050904479,30
andere,2026-01-22,0.9041632078368836,30
andere,2026-01-22,0.9041882225432729,30
andere,2026-01-22,0.9016481860783698,30
andere,2026-01-22,0.9005736894331673,30
andere,2026-01-22,0.8995788743032181,30
andere,2026-01-22,0.900226650933976,30
andere,2026-01-22,0.9009517777905599,30
andere,2026-01-22,0.9018856198467919,30
andere,2026-01-22,0.9017104186551973,30
andere,2026-01-22,0.9016404253329247,30
andere,2026-01-22,0.9001981827828227,30
andere,2026-01-22,0.9010758601458059,30
andere,2026-01-22,0.8998266625024345,30
andere,2026-01-22,0.8998201640831203,30
andere,2026-01-22,0.8997590432747289,30
andere,2026-01-22,0.8998115831168414,30
andere,2026-01-22,0.9000123795835024,30
andere,2026-01-22,0.9007331108743158,30
andere,2026-01-22,0.9014977700175556,30
andere,2026-01-22,0.9014977700175557,30
andere,2026-01-22,0.9015211534331187,30
andere,2026-01-22,0.9013791080794502,30
andere,2026-01-22,0.9076795369367422,30
andere,2026-01-22,0.9085261603973226,30
andere,2026-01-22,0.972075652168172,30
andere,2026-01-22,0.9723175723278682,30
andere,2026-01-23,0.9727012914918752,30
andere,2026-01-23,0.9755634759113309,30
andere,2026-01-23,0.9762576602673053,30
andere,2026-01-23,0.9756204758927993,30
andere,2026-01-23,0.9755749821457228,30
andere,2026-01-23,0.9751484645932792,30
andere,2026-01-23,0.97509805279846,30
andere,2026-01-23,0.9739566039215127,30
andere,2026-01-23,0.9747485875817073,30
andere,2026-01-23,0.9764551263925008,30
andere,2026-01-23,0.9757524769488267,30
andere,2026-01-23,0.975648142934,30
andere,2026-01-23,0.9745212660078544,30
andere,2026-01-23,0.9744866470976117,30
andere,2026-01-23,0.9739671555667094,30
andere,2026-01-23,0.974364539589787,30
andere,2026-01-23,0.974945702255854,30
andere,2026-01-26,0.9744954170561426,30
andere,2026-01-26,0.9750690181879111,30
andere,2026-01-26,0.9749373782103303,30
andere,2026-01-26,0.9744128904842064,30
andere,2026-01-26,0.9740739832528336,30
andere,2026-01-26,0.9734076756298369,30
andere,2026-01-26,0.9736169033451422,30
andere,2026-01-26,0.9728778704326666,30
andere,2026-01-26,0.9712551017208394,30
andere,2026-01-26,0.9717007483047996,30
andere,2026-01-26,0.9712950789116113,30
andere,2026-01-26,0.9711913739952086,30
andere,2026-01-26,0.9715532321836288,30
andere,2026-01-26,0.9678845499393336,30
andere,2026-01-26,0.9680144060094207,30
andere,2026-01-26,0.9675977843229377,30
andere,2026-01-26,0.9679599505866535,30
andere,2026-01-26,0.966109316002724,30
andere,2026-01-27,0.9663696271042951,30
andere,2026-01-27,0.9682672597446395,30
andere,2026-01-27,0.9718535317467352,30
andere,2026-01-27,0.9703446675290018,30
andere,2026-01-27,0.9699086947015738,30
andere,2026-01-27,0.9699158127748194,30
andere,2026-01-27,0.9698550376304089,30
andere,2026-01-27,0.9704597636644707,30
andere,2026-01-27,0.9705811677346573,30
andere,2026-01-27,0.9718856412167244,30
andere,2026-01-27,0.971645886097907,30
andere,2026-01-27,0.9714707675717108,30
andere,2026-01-27,0.9716858424557692,30
andere,2026-01-27,0.9714516971259685,30
andere,2026-01-27,0.9722523744620243,30
andere,2026-01-27,0.9693162377989987,30
andere,2026-01-27,0.968519309875154,30
andere,2026-01-28,0.9690535037813819,30
andere,2026-01-28,0.9495529116366881,30
andere,2026-01-28,0.9484678698862379,30
andere,2026-01-28,0.9496097900684699,30
andere,2026-01-28,0.9394030887965569,30
andere,2026-01-28,0.9391307210200485,30
andere,2026-01-28,0.9389181561145832,30
andere,2026-01-28,0.9393231344991463,30
andere,2026-01-28,0.9441435298699677,30
andere,2026-01-28,0.9441837806764156,30
andere,2026-01-28,0.9455593059113208,30
andere,2026-01-28,0.9419290093833653,30
andere,2026-01-28,0.939543954646606,30
andere,2026-01-28,0.9402952741548005,30
andere,2026-01-28,0.9394816054270311,30
andere,2026-01-28,0.9396529485066882,30
andere,2026-01-28,0.9411876344431878,30
andere,2026-01-28,0.9414903599366425,30
andere,2026-01-28,0.941554998976795,30
andere,2026-01-28,0.9406274715097291,30
andere,2026-01-28,0.9400170983947758,30
andere,2026-01-28,0.9403789010527794,30
andere,2026-01-28,0.9410119027027425,30
andere,2026-01-28,0.9409854285782121,30
andere,2026-01-28,0.9407160465685387,30
andere,2026-01-28,0.9413337218584557,30
andere,2026-01-28,0.9416347199543972,30
andere,2026-01-28,0.9396016823985,30
andere,2026-01-28,0.9414839188319556,30
andere,2026-01-28,0.9417964338082223,30
andere,2026-01-28,0.9418393801116353,30
andere,2026-01-28,0.9616319946585918,30
andere,2026-01-28,0.963284066416105,30
andere,2026-01-28,0.9633486863583548,30
andere,2026-01-28,0.9730114480490714,30
andere,2026-01-28,0.972225248877377,30
andere,2026-01-28,0.9685456221452261,30
andere,2026-01-29,0.9686933025483659,30
andere,2026-01-29,0.96863157516273,30
andere,2026-01-29,0.9682607845981229,30
andere,2026-01-29,0.96833449375132,30
andere,2026-01-29,0.9714719778929377,30
andere,2026-01-29,0.9745274734417398,30
andere,2026-01-29,0.973883783214515,30
andere,2026-01-29,0.973287814333025,30
andere,2026-01-29,0.9734807208757309,30
andere,2026-01-29,0.9714535346581222,30
andere,2026-01-29,0.9707426399736387,30
andere,2026-01-29,0.9710772954498962,30
andere,2026-01-29,0.9703196944187309,30
andere,2026-01-29,0.9703140205275167,30
andere,2026-01-29,0.9062250991317711,30
andere,2026-01-29,0.9060861910249353,30
andere,2026-01-29,0.90616062888244,30
andere,2026-01-29,0.9055083636366488,30
andere,2026-01-29,0.905156306311154,30
andere,2026-01-29,0.8394628179160465,30
andere,2026-01-29,0.8409598086175654,30
andere,2026-01-29,0.8414042829975293,30
andere,2026-01-29,0.8392308813242407,30
lehrkraft_1,2025-09-01,1.0,1
lehrkraft_1,2025-09-01,0.9910104769687921,2
lehrkraft_1,2025-09-01,0.9849772489041195,3
lehrkraft_1,2025-09-01,0.9842679490502554,4
lehrkraft_1,2025-09-01,0.9842586030300785,5
lehrkraft_1,2025-09-01,0.9689936796496955,6
lehrkraft_1,2025-09-01,0.9674360512259459,7
lehrkraft_1,2025-09-01,0.9696306161730136,8
lehrkraft_1,2025-09-01,0.9711328045153464,9
lehrkraft_1,2025-09-01,0.9716497588184728,10
lehrkraft_1,2025-09-01,0.9713952663294277,11
lehrkraft_1,2025-09-01,0.9732582624873816,12
lehrkraft_1,2025-09-01,0.9713531158312927,13
lehrkraft_1,2025-09-01,0.9688239631833474,14
lehrkraft_1,2025-09-01,0.9706001937618666,15
lehrkraft_1,2025-09-01,0.9650376439667883,16
lehrkraft_1,2025-09-01,0.9655119962974162,17
lehrkraft_1,2025-09-01,0.9663929291542172,18
lehrkraft_1,2025-09-01,0.9641957367380791,19
lehrkraft_1,2025-09-01,0.9647147208927083,20
lehrkraft_1,2025-09-01,0.9659984461874401,21
lehrkraft_1,2025-09-01,0.9668841090985675,22
lehrkraft_1,2025-09-01,0.9653173114160253,23
lehrkraft_1,2025-09-01,0.9664967786413251,24
lehrkraft_1,2025-09-02,0.9675336861126953,25
lehrkraft_1,2025-09-02,0.9684069594031026,26
lehrkraft_1,2025-09-02,0.9693390054624071,27
lehrkraft_1,2025-09-02,0.9698415650209147,28
lehrkraft_1,2025-09-02,0.970331982396113,29
lehrkraft_1,2025-09-02,0.9685522934649716,30
lehrkraft_1,2025-09-02,0.9685304626606928,30
lehrkraft_1,2025-09-02,0.9648553523931778,30
lehrkraft_1,2025-09-02,0.9620494356777682,30
lehrkraft_1,2025-09-02,0.962027580375526,30
lehrkraft_1,2025-09-02,0.9597753958507389,30
lehrkraft_1,2025-09-02,0.9621211261233478,30
lehrkraft_1,2025-09-02,0.9633437141072408,30
lehrkraft_1,2025-09-02,0.9631581170695924,30
lehrkraft_1,2025-09-02,0.9634471415198497,30
lehrkraft_1,2025-09-02,0.9597661251772222,30
lehrkraft_1,2025-09-02,0.956834216268508,30
lehrkraft_1,2025-09-02,0.9568521750988948,30
lehrkraft_1,2025-09-02,0.9571880095656646,30
lehrkraft_1,2025-09-02,0.9586170798242302,30
lehrkraft_1,2025-09-02,0.9507662136690604,30
lehrkraft_1,2025-09-02,0.9535269193027228,30
lehrkraft_1,2025-09-02,0.9538183508835897,30
lehrkraft_1,2025-09-02,0.953301256562415,30
lehrkraft_1,2025-09-02,0.9513810965058559,30
lehrkraft_1,2025-09-02,0.9496493781317267,30
lehrkraft_1,2025-09-02,0.9498956340525653,30
lehrkraft_1,2025-09-02,0.9494427908512613,30
lehrkraft_1,2025-09-02,0.9479688699298089,30
lehrkraft_1,2025-09-02,0.94755253518082,30
lehrkraft_1,2025-09-02,0.9461425413761224,30
lehrkraft_1,2025-09-02,0.9430083309689599,30
lehrkraft_1,2025-09-02,0.9425586400094258,30
lehrkraft_1,2025-09-02,0.9428229177473243,30
lehrkraft_1,2025-09-02,0.9403449057811168,30
lehrkraft_1,2025-09-03,0.9401427200070156,30
lehrkraft_1,2025-09-03,0.9398137942151568,30
lehrkraft_1,2025-09-03,0.9445144098632454,30
lehrkraft_1,2025-09-03,0.9465654513371295,30
lehrkraft_1,2025-09-03,0.9440325357851258,30
lehrkraft_1,2025-09-03,0.9461704053840745,30
lehrkraft_1,2025-09-03,0.9461023456404123,30
lehrkraft_1,2025-09-03,0.9464369033815013,30
lehrkraft_1,2025-09-03,0.8831479789013631,30
lehrkraft_1,2025-09-03,0.8830021318265139,30
lehrkraft_1,2025-09-03,0.8879833364629124,30
lehrkraft_1,2025-09-03,0.8933171329450187,30
lehrkraft_1,2025-09-03,0.8930198516413613,30
lehrkraft_1,2025-09-03,0.8931317345244696,30
lehrkraft_1,2025-09-03,0.893209212394977,30
lehrkraft_1,2025-09-03,0.9029823778859112,30
lehrkraft_1,2025-09-03,0.9023283007862852,30
lehrkraft_1,2025-09-03,0.9020932932908611,30
lehrkraft_1,2025-09-03,0.9037737141288554,30
lehrkraft_1,2025-09-03,0.9073940716065512,30
lehrkraft_1,2025-09-03,0.9079996626577566,30
lehrkraft_1,2025-09-03,0.9089477362184828,30
lehrkraft_1,2025-09-03,0.9089814490427504,30
lehrkraft_1,2025-09-03,0.9101378486845833,30
lehrkraft_1,2025-09-03,0.9103960718731944,30
lehrkraft_1,2025-09-03,0.9104562183328,30
lehrkraft_1,2025-09-03,0.9106632658069813,30
lehrkraft_1,2025-09-03,0.910577981821171,30
lehrkraft_1,2025-09-03,0.9099721401227632,30
lehrkraft_1,2025-09-03,0.9094956867289752,30
lehrkraft_1,2025-09-03,0.9109271377942247,30
lehrkraft_1,2025-09-03,0.9109236141883351,30
lehrkraft_1,2025-09-03,0.9110530138602064,30
lehrkraft_1,2025-09-04,0.9093551072800499,30
lehrkraft_1,2025-09-04,0.9081985873743375,30
lehrkraft_1,2025-09-04,0.9084377513501877,30
lehrkraft_1,2025-09-04,0.9079096091074438,30
lehrkraft_1,2025-09-04,0.9074906290019076,30
lehrkraft_1,2025-09-04,0.9702675230738645,30
lehrkraft_1,2025-09-04,0.9704726016716206,30
lehrkraft_1,2025-09-04,0.9705157021627194,30
lehrkraft_1,2025-09-04,0.9701348607503026,30
lehrkraft_1,2025-09-04,0.9697748159860266,30
lehrkraft_1,2025-09-04,0.9705392324626043,30
lehrkraft_1,2025-09-04,0.9699761695480041,30
lehrkraft_1,2025-09-04,0.9676193244184256,30
lehrkraft_1,2025-09-04,0.9681634205088825,30
lehrkraft_1,2025-09-04,0.9681922150510711,30
lehrkraft_1,2025-09-04,0.9683576916667486,30
lehrkraft_1,2025-09-04,0.971287678883204,30
lehrkraft_1,2025-09-04,0.97011592039552,30
lehrkraft_1,2025-09-04,0.9695331122033894,30
lehrkraft_1,2025-09-04,0.9696431471590152,30
lehrkraft_1,2025-09-04,0.9053033988964232,30
lehrkraft_1,2025-09-04,0.905454021159224,30
lehrkraft_1,2025-09-04,0.9022431497184424,30
lehrkraft_1,2025-09-04,0.9034173252492763,30
lehrkraft_1,2025-09-04,0.9036640766646044,30
lehrkraft_1,2025-09-04,0.9040331369698366,30
lehrkraft_1,2025-09-04,0.9056258596419559,30
lehrkraft_1,2025-09-04,0.9053638437007993,30
lehrkraft_1,2025-09-04,0.9053485435137383,30
lehrkraft_1,2025-09-04,0.9039592682956672,30
lehrkraft_1,2025-09-04,0.905259731432886,30
lehrkraft_1,2025-09-04,0.9089112783268873,30
lehrkraft_1,2025-09-04,0.9076427098733019,30
lehrkraft_1,2025-09-04,0.908079570544529,30
lehrkraft_1,2025-09-05,0.9036778734045008,30
lehrkraft_1,2025-09-05,0.9031028601269694,30
lehrkraft_1,2025-09-05,0.9030924430362178,30
lehrkraft_1,2025-09-05,0.9012728534246589,30
lehrkraft_1,2025-09-05,0.9019610962821859,30
lehrkraft_1,2025-09-05,0.9018490119731417,30
lehrkraft_1,2025-09-05,0.9014028251940573,30
lehrkraft_1,2025-09-05,0.9022206905351456,30
lehrkraft_1,2025-09-05,0.9016568322814906,30
lehrkraft_1,2025-09-05,0.9007794761748273,30
lehrkraft_1,2025-09-05,0.8999986231440613,30
lehrkraft_1,2025-09-05,0.8996809406517049,30
lehrkraft_1,2025-09-05,0.8998831868810272,30
lehrkraft_1,2025-09-05,0.9015893198206347,30
lehrkraft_1,2025-09-08,0.9021671607223993,30
lehrkraft_1,2025-09-08,0.9003331701139584,30
lehrkraft_1,2025-09-08,0.9633714617390735,30
lehrkraft_1,2025-09-08,0.9592341210316323,30
lehrkraft_1,2025-09-08,0.9623129794008569,30
lehrkraft_1,2025-09-08,0.9624019242597042,30
lehrkraft_1,2025-09-08,0.9621560908541344,30
lehrkraft_1,2025-09-08,0.9618522570066426,30
lehrkraft_1,2025-09-08,0.9628747434405062,30
lehrkraft_1,2025-09-08,0.9610131150425615,30
lehrkraft_1,2025-09-08,0.9600291368483067,30
lehrkraft_1,2025-09-08,0.9594977000081045,30
lehrkraft_1,2025-09-08,0.9596375086454543,30
lehrkraft_1,2025-09-08,0.9584542905046318,30
lehrkraft_1,2025-09-08,0.9592358556443736,30
lehrkraft_1,2025-09-08,0.9577582972399665,30
lehrkraft_1,2025-09-08,0.9620525723281441,30
lehrkraft_1,2025-09-08,0.9628699201303109,30
lehrkraft_1,2025-09-08,0.9628611620997821,30
lehrkraft_1,2025-09-08,0.9642665922545987,30
lehrkraft_1,2025-09-09,0.9013200112842963,30
lehrkraft_1,2025-09-09,0.901617990224056,30
lehrkraft_1,2025-09-09,0.9019514712776815,30
lehrkraft_1,2025-09-09,0.9018855768872432,30
lehrkraft_1,2025-09-09,0.905135839590158,30
lehrkraft_1,2025-09-09,0.8430477015629046,30
lehrkraft_1,2025-09-09,0.8439247818359424,30
lehrkraft_1,2025-09-09,0.84314338096824,30
lehrkraft_1,2025-09-09,0.8442673624204472,30
lehrkraft_1,2025-09-09,0.843869069777743,30
lehrkraft_1,2025-09-09,0.8431147784021354,30
lehrkraft_1,2025-09-09,0.8411099897776724,30
lehrkraft_1,2025-09-09,0.8414023283917673,30
lehrkraft_1,2025-09-09,0.8421135881391243,30
lehrkraft_1,2025-09-09,0.842064363312159,30
lehrkraft_1,2025-09-09,0.8423239462880021,30
lehrkraft_1,2025-09-09,0.8421224089093058,30
lehrkraft_1,2025-09-09,0.8423116831485603,30
lehrkraft_1,2025-09-09,0.8421907741746916,30
lehrkraft_1,2025-09-09,0.8382620008191616,30
lehrkraft_1,2025-09-09,0.8399775376212057,30
lehrkraft_1,2025-09-09,0.8412638986425062,30
lehrkraft_1,2025-09-09,0.8389042273806905,30
lehrkraft_1,2025-09-09,0.8388803959839217,30
lehrkraft_1,2025-09-09,0.83699522943236,30
lehrkraft_1,2025-09-09,0.8386624212420242,30
lehrkraft_1,2025-09-09,0.8370295987366709,30
lehrkraft_1,2025-09-09,0.8374037967751911,30
lehrkraft_1,2025-09-09,0.836769420817345,30
lehrkraft_1,2025-09-10,0.8370734437362319,30
lehrkraft_1,2025-09-10,0.8992873379612477,30
lehrkraft_1,2025-09-10,0.8992402290567444,30
lehrkraft_1,2025-09-10,0.8992019517078389,30
lehrkraft_1,2025-09-10,0.8989120363105111,30
lehrkraft_1,2025-09-10,0.8997962708741803,30
lehrkraft_1,2025-09-10,0.9626870830996186,30
lehrkraft_1,2025-09-10,0.9583654089578122,30
lehrkraft_1,2025-09-10,0.9585004243058682,30
lehrkraft_1,2025-09-10,0.958937917737593,30
lehrkraft_1,2025-09-10,0.9592385110723881,30
lehrkraft_1,2025-09-10,0.9590530500312411,30
lehrkraft_1,2025-09-10,0.9620192257823993,30
lehrkraft_1,2025-09-10,0.9621377961122959,30
lehrkraft_1,2025-09-10,0.9653080246898257,30
lehrkraft_1,2025-09-10,0.9653555293586706,30
lehrkraft_1,2025-09-10,0.9636112812575537,30
lehrkraft_1,2025-09-10,0.9638682951570953,30
lehrkraft_1,2025-09-10,0.9015170870379187,30
lehrkraft_1,2025-09-10,0.9011202802643945,30
lehrkraft_1,2025-09-10,0.9065576736765469,30
lehrkraft_1,2025-09-10,0.9063433786863477,30
lehrkraft_1,2025-09-10,0.9043863449706465,30
lehrkraft_1,2025-09-10,0.9067030034927188,30
lehrkraft_1,2025-09-10,0.9061886412350008,30
lehrkraft_1,2025-09-10,0.9072658409002301,30
lehrkraft_1,2025-09-10,0.9068729757378557,30
lehrkraft_1,2025-09-10,0.9077549041077455,30
lehrkraft_1,2025-09-10,0.9077471195779682,30
lehrkraft_1,2025-09-10,0.9074811883284497,30
lehrkraft_1,2025-09-10,0.9078250253314595,30
lehrkraft_1,2025-09-10,0.907854594124423,30
lehrkraft_1,2025-09-10,0.9057018285683567,30
lehrkraft_1,2025-09-10,0.9060481667753346,30
lehrkraft_1,2025-09-11,0.9062579497973906,30
lehrkraft_1,2025-09-11,0.9061491691271694,30
lehrkraft_1,2025-09-11,0.9060638742708779,30
lehrkraft_1,2025-09-11,0.9100633817545059,30
lehrkraft_1,2025-09-11,0.9100542594462628,30
lehrkraft_1,2025-09-11,0.9095763011013742,30
lehrkraft_1,2025-09-11,0.910411206229022,30
lehrkraft_1,2025-09-11,0.9110695779423941,30
lehrkraft_1,2025-09-11,0.9116307352540964,30
lehrkraft_1,2025-09-11,0.8481779881466088,30
lehrkraft_1,2025-09-11,0.8463710154711499,30
lehrkraft_1,2025-09-11,0.8455161476182335,30
lehrkraft_1,2025-09-11,0.8479270989415779,30
lehrkraft_1,2025-09-11,0.847869272497939,30
lehrkraft_1,2025-09-11,0.911315741397071,30
lehrkraft_1,2025-09-11,0.9104827700892677,30
lehrkraft_1,2025-09-11,0.8548633494296385,30
lehrkraft_1,2025-09-11,0.8558374984848466,30
lehrkraft_1,2025-09-11,0.8570116938755722,30
lehrkraft_1,2025-09-11,0.8565745527409278,30
lehrkraft_1,2025-09-11,0.8572233139609327,30
lehrkraft_1,2025-09-11,0.8571412361768628,30
lehrkraft_1,2025-09-11,0.8574230996211445,30
lehrkraft_1,2025-09-11,0.8577904193513415,30
lehrkraft_1,2025-09-11,0.8574470068316704,30
lehrkraft_1,2025-09-11,0.8570921017165731,30
lehrkraft_1,2025-09-11,0.8566152609687884,30
lehrkraft_1,2025-09-11,0.7942308716760229,30
lehrkraft_1,2025-09-11,0.7971604370425595,30
lehrkraft_1,2025-09-11,0.7964773746951446,30
lehrkraft_1,2025-09-11,0.7968390378196875,30
lehrkraft_1,2025-09-11,0.7924699605709583,30
lehrkraft_1,2025-09-11,0.7921033330152872,30
lehrkraft_1,2025-09-11,0.7927273827770537,30
lehrkraft_1,2025-09-11,0.7927351570925087,30
lehrkraft_1,2025-09-12,0.7930277296485515,30
lehrkraft_1,2025-09-12,0.7928792559786754,30
lehrkraft_1,2025-09-12,0.7837057102796077,30
lehrkraft_1,2025-09-12,0.783623699918809,30
lehrkraft_1,2025-09-12,0.8468353443206548,30
lehrkraft_1,2025-09-12,0.8481448404625963,30
lehrkraft_1,2025-09-12,0.848948482909309,30
lehrkraft_1,2025-09-12,0.8447351974301064,30
lehrkraft_1,2025-09-12,0.8445304368463096,30
lehrkraft_1,2025-09-12,0.7822524878736724,30
lehrkraft_1,2025-09-12,0.7825163399807574,30
lehrkraft_1,2025-09-12,0.8319562568264598,30
lehrkraft_1,2025-09-12,0.8304616019029998,30
lehrkraft_1,2025-09-15,0.8306002585580212,30
lehrkraft_1,2025-09-15,0.8061271854857219,30
lehrkraft_1,2025-09-15,0.806903499298621,30
lehrkraft_1,2025-09-15,0.8068352214123355,30
lehrkraft_1,2025-09-15,0.8016524371604455,30
lehrkraft_1,2025-09-15,0.7991673294987072,30
lehrkraft_1,2025-09-15,0.7995128417728188,30
lehrkraft_1,2025-09-15,0.7999438048884806,30
lehrkraft_1,2025-09-15,0.7992312610536391,30
lehrkraft_1,2025-09-15,0.8608130240661145,30
lehrkraft_1,2025-09-15,0.8589785949010725,30
lehrkraft_1,2025-09-15,0.8599650998517742,30
lehrkraft_1,2025-09-15,0.8555872651531724,30
lehrkraft_1,2025-09-15,0.8593969517101951,30
lehrkraft_1,2025-09-15,0.8598090936748077,30
lehrkraft_1,2025-09-15,0.8584512383065598,30
lehrkraft_1,2025-09-15,0.8578713515221842,30
lehrkraft_1,2025-09-15,0.8586831934873594,30
lehrkraft_1,2025-09-15,0.8579704617093222,30
lehrkraft_1,2025-09-15,0.8667891273196058,30
lehrkraft_1,2025-09-15,0.8668385713255343,30
lehrkraft_1,2025-09-15,0.858653449233654,30
lehrkraft_1,2025-09-15,0.8594917680610308,30
lehrkraft_1,2025-09-15,0.8592082570640417,30
lehrkraft_1,2025-09-15,0.8631975072517971,30
lehrkraft_1,2025-09-16,0.8637423498147673,30
lehrkraft_1,2025-09-16,0.9265348923264064,30
lehrkraft_1,2025-09-16,0.9266886463845713,30
lehrkraft_1,2025-09-16,0.9304462514622895,30
lehrkraft_1,2025-09-16,0.9326679755746085,30
lehrkraft_1,2025-09-16,0.9318405401533898,30
lehrkraft_1,2025-09-16,0.9565733611071974,30
lehrkraft_1,2025-09-16,0.9568859620224965,30
lehrkraft_1,2025-09-16,0.9544529070892619,30
lehrkraft_1,2025-09-16,0.9588615108362751,30
lehrkraft_1,2025-09-16,0.9609069140997437,30
lehrkraft_1,2025-09-16,0.9610548291049271,30
lehrkraft_1,2025-09-16,0.9613541480590778,30
lehrkraft_1,2025-09-16,0.9633909401416253,30
lehrkraft_1,2025-09-16,0.963365588124559,30
lehrkraft_1,2025-09-16,0.9654581094038102,30
lehrkraft_1,2025-09-16,0.9642313011478404,30
lehrkraft_1,2025-09-16,0.9669695270906795,30
lehrkraft_1,2025-09-16,0.967163251386224,30
lehrkraft_1,2025-09-16,0.9675369399936886,30
lehrkraft_1,2025-09-16,0.9677255630515132,30
lehrkraft_1,2025-09-16,0.9678429038973866,30
lehrkraft_1,2025-09-16,0.96797758718447,30
lehrkraft_1,2025-09-16,0.9679671162178167,30
lehrkraft_1,2025-09-16,0.9677371166716899,30
lehrkraft_1,2025-09-17,0.9655556213915719,30
lehrkraft_1,2025-09-17,0.9738384301379759,30
lehrkraft_1,2025-09-17,0.9725733175165091,30
lehrkraft_1,2025-09-17,0.9728702353405421,30
lehrkraft_1,2025-09-17,0.9728439348263878,30
lehrkraft_1,2025-09-17,0.9723447535948662,30
lehrkraft_1,2025-09-17,0.9680426933379123,30
lehrkraft_1,2025-09-17,0.9675720305686735,30
lehrkraft_1,2025-09-17,0.9681869936336209,30
lehrkraft_1,2025-09-17,0.9680153158834517,30
lehrkraft_1,2025-09-17,0.9687394655387961,30
lehrkraft_1,2025-09-17,0.968025059910971,30
lehrkraft_1,2025-09-17,0.9679264965399998,30
lehrkraft_1,2025-09-17,0.9689891413519851,30
lehrkraft_1,2025-09-17,0.9692825689769403,30
lehrkraft_1,2025-09-17,0.9696594736778339,30
lehrkraft_1,2025-09-18,0.9674706816778448,30
lehrkraft_1,2025-09-18,0.9668758030178073,30
lehrkraft_1,2025-09-18,0.9665140490729992,30
lehrkraft_1,2025-09-18,0.9657719134319153,30
lehrkraft_1,2025-09-18,0.9609536341008497,30
lehrkraft_1,2025-09-18,0.962301806697319,30
lehrkraft_1,2025-09-18,0.9609475630731815,30
lehrkraft_1,2025-09-18,0.9599386128888336,30
lehrkraft_1,2025-09-18,0.9586451723108521,30
lehrkraft_1,2025-09-18,0.9569191994349225,30
lehrkraft_1,2025-09-18,0.9572886262315876,30
lehrkraft_1,2025-09-18,0.9569336588775533,30
lehrkraft_1,2025-09-18,0.9568649177750116,30
lehrkraft_1,2025-09-18,0.957312064612328,30
lehrkraft_1,2025-09-18,0.9595923108301679,30
lehrkraft_1,2025-09-18,0.9593306141325383,30
lehrkraft_1,2025-09-18,0.9607764266595558,30
lehrkraft_1,2025-09-18,0.8981971838485818,30
lehrkraft_1,2025-09-18,0.8991320053580835,30
lehrkraft_1,2025-09-18,0.8995544323920116,30
lehrkraft_1,2025-09-18,0.903353496975744,30
lehrkraft_1,2025-09-18,0.8996904016218725,30
lehrkraft_1,2025-09-18,0.8982474111854496,30
lehrkraft_1,2025-09-18,0.898284566256331,30
lehrkraft_1,2025-09-19,0.8978797835415365,30
lehrkraft_1,2025-09-19,0.8564504440666882,30
lehrkraft_1,2025-09-19,0.851359903742882,30
lehrkraft_1,2025-09-19,0.8529992794362474,30
lehrkraft_1,2025-09-19,0.7890830404431679,30
lehrkraft_1,2025-09-19,0.7890647184186469,30
lehrkraft_1,2025-09-19,0.7915351957717014,30
lehrkraft_1,2025-09-19,0.7922632631735101,30
lehrkraft_1,2025-09-19,0.7924645115150281,30
lehrkraft_1,2025-09-19,0.7908749057042754,30
lehrkraft_1,2025-09-19,0.7374467151204716,30
lehrkraft_1,2025-09-19,0.7372130347708655,30
lehrkraft_1,2025-09-19,0.7396752675158021,30
lehrkraft_1,2025-09-19,0.7408746310473687,30
lehrkraft_1,2025-09-19,0.7420186130257244,30
lehrkraft_1,2025-09-19,0.7460161289111472,30
lehrkraft_1,2025-09-19,0.745670159889884,30
lehrkraft_1,2025-09-19,0.7445807912648483,30
lehrkraft_1,2025-09-19,0.7387833762366797,30
lehrkraft_1,2025-09-19,0.7349360906094512,30
lehrkraft_1,2025-09-19,0.735621562705518,30
lehrkraft_1,2025-09-19,0.7345323192519828,30
lehrkraft_1,2025-09-19,0.7346947158626033,30
lehrkraft_1,2025-09-19,0.7968496644515478,30
lehrkraft_1,2025-09-22,0.796518903994667,30
lehrkraft_1,2025-09-22,0.7938173983388134,30
lehrkraft_1,2025-09-22,0.7939710713161012,30
lehrkraft_1,2025-09-22,0.7983607438190423,30
lehrkraft_1,2025-09-22,0.7992118818802462,30
lehrkraft_1,2025-09-22,0.7993049733149845,30
lehrkraft_1,2025-09-22,0.7994311964850676,30
lehrkraft_1,2025-09-22,0.8390390129891395,30
lehrkraft_1,2025-09-22,0.8434096167523286,30
lehrkraft_1,2025-09-22,0.8432127200012416,30
lehrkraft_1,2025-09-22,0.9046835590807168,30
lehrkraft_1,2025-09-22,0.9052084049165573,30
lehrkraft_1,2025-09-22,0.9024635249845417,30
lehrkraft_1,2025-09-22,0.9026436458631432,30
lehrkraft_1,2025-09-22,0.9025470630536778,30
lehrkraft_1,2025-09-22,0.9030850277135728,30
lehrkraft_1,2025-09-22,0.9608141393065373,30
lehrkraft_1,2025-09-22,0.9608114546137394,30
lehrkraft_1,2025-09-22,0.9607520636063012,30
lehrkraft_1,2025-09-22,0.9605918705755537,30
lehrkraft_1,2025-09-22,0.9607802135463791,30
lehrkraft_1,2025-09-22,0.9605188171981661,30
lehrkraft_1,2025-09-22,0.9604210614813892,30
lehrkraft_1,2025-09-22,0.9604941206487609,30
lehrkraft_1,2025-09-22,0.9668144022251679,30
lehrkraft_1,2025-09-22,0.9703631752591217,30
lehrkraft_1,2025-09-23,0.9702054493828056,30
lehrkraft_1,2025-09-23,0.9711821831396376,30
lehrkraft_1,2025-09-23,0.9709266817576914,30
lehrkraft_1,2025-09-23,0.971065816231523,30
lehrkraft_1,2025-09-23,0.9715920254015431,30
lehrkraft_1,2025-09-23,0.9174884799183759,30
lehrkraft_1,2025-09-23,0.9180014351711187,30
lehrkraft_1,2025-09-23,0.9176368143959198,30
lehrkraft_1,2025-09-23,0.9185211148930474,30
lehrkraft_1,2025-09-23,0.9182266845426359,30
lehrkraft_1,2025-09-23,0.9178415069577673,30
lehrkraft_1,2025-09-23,0.9187990686487107,30
lehrkraft_1,2025-09-23,0.9185306809490941,30
lehrkraft_1,2025-09-23,0.9189125130829876,30
lehrkraft_1,2025-09-23,0.9213200831941794,30
lehrkraft_1,2025-09-23,0.9204713046497403,30
lehrkraft_1,2025-09-23,0.9234584399419203,30
lehrkraft_1,2025-09-23,0.9233990969662096,30
lehrkraft_1,2025-09-23,0.923603592600406,30
lehrkraft_1,2025-09-24,0.9241936465393374,30
lehrkraft_1,2025-09-24,0.9248627704207283,30
lehrkraft_1,2025-09-24,0.9203086302740223,30
lehrkraft_1,2025-09-24,0.9196300417708895,30
lehrkraft_1,2025-09-24,0.9174598113346338,30
lehrkraft_1,2025-09-24,0.917525881164427,30
lehrkraft_1,2025-09-24,0.9176991280236299,30
lehrkraft_1,2025-09-24,0.9184967728686316,30
lehrkraft_1,2025-09-24,0.9186568303181525,30
lehrkraft_1,2025-09-24,0.9186035108586005,30
lehrkraft_1,2025-09-24,0.9180621934757307,30
lehrkraft_1,2025-09-24,0.9179789415749217,30
lehrkraft_1,2025-09-24,0.9176563260312607,30
lehrkraft_1,2025-09-24,0.9169678530542864,30
lehrkraft_1,2025-09-24,0.9168285857601675,30
lehrkraft_1,2025-09-24,0.9172272019620478,30
lehrkraft_1,2025-09-24,0.9729978665494836,30
lehrkraft_1,2025-09-24,0.973218351610192,30
lehrkraft_1,2025-09-24,0.9739620827658864,30
lehrkraft_1,2025-09-24,0.9736729177545592,30
lehrkraft_1,2025-09-24,0.97313656638769,30
lehrkraft_1,2025-09-24,0.9728567830276243,30
lehrkraft_1,2025-09-24,0.9745226515995574,30
lehrkraft_1,2025-09-24,0.9730749043671783,30
lehrkraft_1,2025-09-24,0.9731378119485993,30
lehrkraft_1,2025-09-24,0.9732418826731385,30
lehrkraft_1,2025-09-24,0.9741734644650721,30
lehrkraft_1,2025-09-24,0.9751831271990414,30
lehrkraft_1,2025-09-24,0.9750962388387938,30
lehrkraft_1,2025-09-24,0.9741038411432636,30
lehrkraft_1,2025-09-24,0.9742013842621626,30
lehrkraft_1,2025-09-24,0.9723984497368451,30
lehrkraft_1,2025-09-24,0.9780994225365386,30
lehrkraft_1,2025-09-24,0.9779609303199822,30
lehrkraft_1,2025-09-24,0.9813099941287158,30
lehrkraft_1,2025-09-24,0.9790813743854986,30
lehrkraft_1,2025-09-25,0.9780957578362777,30
lehrkraft_1,2025-09-25,0.9774862541504756,30
lehrkraft_1,2025-09-25,0.9768839380016778,30
lehrkraft_1,2025-09-25,0.9766002428777724,30
lehrkraft_1,2025-09-25,0.9767448735087043,30
lehrkraft_1,2025-09-25,0.9772424318839681,30
lehrkraft_1,2025-09-25,0.9774492978917378,30
lehrkraft_1,2025-09-25,0.9786932665498633,30
lehrkraft_1,2025-09-25,0.9776064614685599,30
lehrkraft_1,2025-09-25,0.9774010132171852,30
lehrkraft_1,2025-09-25,0.9757435840716593,30
lehrkraft_1,2025-09-25,0.974768587248814,30
lehrkraft_1,2025-09-25,0.9743231806205883,30
lehrkraft_1,2025-09-25,0.9748493271321665,30
lehrkraft_1,2025-09-25,0.9758667557270824,30
lehrkraft_1,2025-09-25,0.9767229432025879,30
lehrkraft_1,2025-09-25,0.9745850456036798,30
lehrkraft_1,2025-09-25,0.9750538741363955,30
lehrkraft_1,2025-09-25,0.975419713324057,30
lehrkraft_1,2025-09-25,0.9756087967148931,30
lehrkraft_1,2025-09-25,0.974280488800128,30
lehrkraft_1,2025-09-25,0.9724395221256401,30
lehrkraft_1,2025-09-25,0.9716114268339617,30
lehrkraft_1,2025-09-25,0.9679252504230319,30
lehrkraft_1,2025-09-25,0.9634247303683376,30
lehrkraft_1,2025-09-25,0.9651041531354687,30
lehrkraft_1,2025-09-25,0.9643209980498247,30
lehrkraft_1,2025-09-25,0.9626117658286297,30
lehrkraft_1,2025-09-25,0.9630731193962897,30
lehrkraft_1,2025-09-25,0.9657232587298673,30
lehrkraft_1,2025-09-25,0.9658117581149487,30
lehrkraft_1,2025-09-25,0.9625378918737875,30
lehrkraft_1,2025-09-26,0.9621130101136269,30
lehrkraft_1,2025-09-26,0.9616670732747604,30
lehrkraft_1,2025-09-26,0.9616673333052345,30
lehrkraft_1,2025-09-26,0.9609806168112266,30
lehrkraft_1,2025-09-26,0.9604126194305782,30
lehrkraft_1,2025-09-26,0.9588689197778884,30
lehrkraft_1,2025-09-26,0.960262122435939,30
lehrkraft_1,2025-09-26,0.9598379512744286,30
lehrkraft_1,2025-09-26,0.9610782902395046,30
lehrkraft_1,2025-09-26,0.96196462926395,30
lehrkraft_1,2025-09-26,0.9618438194916724,30
lehrkraft_1,2025-09-26,0.9615126075032971,30
lehrkraft_1,2025-09-26,0.9604618657743333,30
lehrkraft_1,2025-09-26,0.9607559254645687,30
lehrkraft_1,2025-09-26,0.963140846728065,30
lehrkraft_1,2025-09-29,0.9630655107790614,30
lehrkraft_1,2025-09-29,0.962487836667882,30
lehrkraft_1,2025-09-29,0.9624616281740762,30
lehrkraft_1,2025-09-29,0.9598216919376875,30
lehrkraft_1,2025-09-29,0.9597845890200428,30
lehrkraft_1,2025-09-29,0.957176060015624,30
lehrkraft_1,2025-09-29,0.9604929504130507,30
lehrkraft_1,2025-09-29,0.9624385235379728,30
lehrkraft_1,2025-09-29,0.9623775209720169,30
lehrkraft_1,2025-09-29,0.9599652928299799,30
lehrkraft_1,2025-09-29,0.9627567867099418,30
lehrkraft_1,2025-09-29,0.9628891085627611,30
lehrkraft_1,2025-09-29,0.9621799309093028,30
lehrkraft_1,2025-09-29,0.9592753756740207,30
lehrkraft_1,2025-09-29,0.9611825182814346,30
lehrkraft_1,2025-09-29,0.9606627276457858,30
lehrkraft_1,2025-09-29,0.9602561316989251,30
lehrkraft_1,2025-09-29,0.9600199095331517,30
lehrkraft_1,2025-09-29,0.9611591547748639,30
lehrkraft_1,2025-09-29,0.9570934230358272,30
lehrkraft_1,2025-09-29,0.9573696741877373,30
lehrkraft_1,2025-09-29,0.9572680108219261,30
lehrkraft_1,2025-09-29,0.9569875221314252,30
lehrkraft_1,2025-09-29,0.8914600013863041,30
lehrkraft_1,2025-09-29,0.891889166383286,30
lehrkraft_1,2025-09-30,0.8923551418757694,30
lehrkraft_1,2025-09-30,0.8919796052228697,30
lehrkraft_1,2025-09-30,0.8924345160309637,30
lehrkraft_1,2025-09-30,0.892524291055122,30
lehrkraft_1,2025-09-30,0.8937037535101447,30
lehrkraft_1,2025-09-30,0.8948771044809096,30
lehrkraft_1,2025-09-30,0.8961893090426833,30
lehrkraft_1,2025-09-30,0.8959268787420066,30
lehrkraft_1,2025-09-30,0.8995944757544755,30
lehrkraft_1,2025-09-30,0.8933615938899268,30
lehrkraft_1,2025-09-30,0.8949010702902351,30
lehrkraft_1,2025-09-30,0.8951816955690646,30
lehrkraft_1,2025-09-30,0.8972865659967847,30
lehrkraft_1,2025-09-30,0.8972998913665476,30
lehrkraft_1,2025-09-30,0.9007598944359175,30
lehrkraft_1,2025-09-30,0.9015294160209052,30
lehrkraft_1,2025-09-30,0.901445902987027,30
lehrkraft_1,2025-09-30,0.9024958568123957,30
lehrkraft_1,2025-09-30,0.9050041567111321,30
lehrkraft_1,2025-09-30,0.9033657912869059,30
lehrkraft_1,2025-09-30,0.8407663439198244,30
lehrkraft_1,2025-09-30,0.8387565287960391,30
lehrkraft_1,2025-09-30,0.8391594549270953,30
lehrkraft_1,2025-09-30,0.8384998074557984,30
lehrkraft_1,2025-09-30,0.8413866570473443,30
lehrkraft_1,2025-09-30,0.843744461265115,30
lehrkraft_1,2025-09-30,0.8410147823814502,30
lehrkraft_1,2025-09-30,0.8415306931105355,30
lehrkraft_1,2025-10-01,0.9046437561753985,30
lehrkraft_1,2025-10-01,0.8993435671340805,30
lehrkraft_1,2025-10-01,0.8974177900707171,30
lehrkraft_1,2025-10-01,0.8965351098231845,30
lehrkraft_1,2025-10-01,0.8963360217116965,30
lehrkraft_1,2025-10-01,0.8961555184540216,30
lehrkraft_1,2025-10-01,0.8964343308093564,30
lehrkraft_1,2025-10-01,0.8960484554890351,30
lehrkraft_1,2025-10-01,0.8959409775586352,30
lehrkraft_1,2025-10-01,0.8959977635806161,30
lehrkraft_1,2025-10-01,0.8955206025276535,30
lehrkraft_1,2025-10-01,0.9011935109215444,30
lehrkraft_1,2025-10-01,0.9007238235890509,30
lehrkraft_1,2025-10-01,0.9004751846518906,30
lehrkraft_1,2025-10-01,0.899049199112081,30
lehrkraft_1,2025-10-01,0.8948267823788242,30
lehrkraft_1,2025-10-01,0.8953691520360413,30
lehrkraft_1,2025-10-01,0.8955955639563351,30
lehrkraft_1,2025-10-01,0.8959053476696867,30
lehrkraft_1,2025-10-01,0.8953195234578873,30
lehrkraft_1,2025-10-01,0.8951537554372733,30
lehrkraft_1,2025-10-01,0.8957462961578363,30
lehrkraft_1,2025-10-01,0.954771582282293,30
lehrkraft_1,2025-10-01,0.9564474951763413,30
lehrkraft_1,2025-10-01,0.9566242684531211,30
lehrkraft_1,2025-10-01,0.9554312345900629,30
lehrkraft_1,2025-10-01,0.956046231590298,30
lehrkraft_1,2025-10-01,0.9556532852468658,30
lehrkraft_1,2025-10-01,0.9584412670623131,30
lehrkraft_1,2025-10-01,0.9587784956081616,30
lehrkraft_1,2025-10-01,0.9573816522850483,30
lehrkraft_1,2025-10-01,0.9601750266901308,30
lehrkraft_1,2025-10-01,0.9614283808482648,30
lehrkraft_1,2025-10-01,0.9592002367359715,30
lehrkraft_1,2025-10-02,0.9598779314658816,30
lehrkraft_1,2025-10-02,0.9594927964369264,30
lehrkraft_1,2025-10-02,0.9588778119814525,30
lehrkraft_1,2025-10-02,0.9586963865355138,30
lehrkraft_1,2025-10-02,0.9581848310366019,30
lehrkraft_1,2025-10-02,0.9588955344973671,30
lehrkraft_1,2025-10-02,0.9588955344973672,30
lehrkraft_1,2025-10-02,0.9567555407810778,30
lehrkraft_1,2025-10-02,0.9567498211400554,30
lehrkraft_1,2025-10-02,0.9567102329736865,30
lehrkraft_1,2025-10-02,0.958206913268254,30
lehrkraft_1,2025-10-02,0.9622490943169629,30
lehrkraft_1,2025-10-02,0.9608107300431963,30
lehrkraft_1,2025-10-02,0.9577833604428573,30
lehrkraft_1,2025-10-02,0.9577167738897876,30
lehrkraft_1,2025-10-02,0.9557717583442753,30
lehrkraft_1,2025-10-02,0.9559560569852101,30
lehrkraft_1,2025-10-02,0.9590628627831197,30
lehrkraft_1,2025-10-02,0.9660482992839788,30
lehrkraft_1,2025-10-02,0.9645056352759533,30
lehrkraft_1,2025-10-02,0.9644722963780112,30
lehrkraft_1,2025-10-02,0.9663701656115373,30
lehrkraft_1,2025-10-02,0.9662435276877839,30
lehrkraft_1,2025-10-02,0.9609952159845849,30
lehrkraft_1,2025-10-02,0.9578178762267041,30
lehrkraft_1,2025-10-02,0.9570196801238833,30
lehrkraft_1,2025-10-02,0.9610953095016824,30
lehrkraft_1,2025-10-02,0.9624116831058364,30
lehrkraft_1,2025-10-07,0.9601909151702148,30
lehrkraft_1,2025-10-07,0.9625389271892956,30
lehrkraft_1,2025-10-07,0.9607599939578616,30
lehrkraft_1,2025-10-07,0.9597761687242069,30
lehrkraft_1,2025-10-07,0.9592212007166995,30
lehrkraft_1,2025-10-07,0.9601224538382733,30
lehrkraft_1,2025-10-07,0.9594505408033184,30
lehrkraft_1,2025-10-07,0.958997369174512,30
lehrkraft_1,2025-10-07,0.9597545972649022,30
lehrkraft_1,2025-10-07,0.9604954661133864,30
lehrkraft_1,2025-10-07,0.9603042385397648,30
lehrkraft_1,2025-10-07,0.9604288393207538,30
lehrkraft_1,2025-10-07,0.959635903995448,30
lehrkraft_1,2025-10-07,0.9592297056161071,30
lehrkraft_1,2025-10-07,0.9592996537133577,30
lehrkraft_1,2025-10-07,0.9609654101363688,30
lehrkraft_1,2025-10-07,0.96125026651245,30
lehrkraft_1,2025-10-07,0.9642019433230087,30
lehrkraft_1,2025-10-07,0.9638276092704511,30
lehrkraft_1,2025-10-07,0.9629059705681887,30
lehrkraft_1,2025-10-07,0.9066995831070873,30
lehrkraft_1,2025-10-07,0.9083228307391125,30
lehrkraft_1,2025-10-07,0.9070320777502203,30
lehrkraft_1,2025-10-15,0.9073620915396524,30
lehrkraft_1,2025-10-15,0.907289538498712,30
lehrkraft_1,2025-10-15,0.9138047749148343,30
lehrkraft_1,2025-10-15,0.9171318586592228,30
lehrkraft_1,2025-10-15,0.9171341135554905,30
lehrkraft_1,2025-10-15,0.9173808066988469,30
lehrkraft_1,2025-10-15,0.8541849457646412,30
lehrkraft_1,2025-10-15,0.8534881105803938,30
lehrkraft_1,2025-10-15,0.850482428631297,30
lehrkraft_1,2025-10-15,0.8468053752812988,30
lehrkraft_1,2025-10-20,0.8469951421394204,30
lehrkraft_1,2025-10-20,0.8496185230877894,30
lehrkraft_1,2025-10-20,0.8497458398335918,30
lehrkraft_1,2025-10-20,0.848048416749628,30
lehrkraft_1,2025-10-20,0.8483068080784916,30
lehrkraft_1,2025-10-20,0.8488042736271673,30
lehrkraft_1,2025-10-20,0.8483251590807419,30
lehrkraft_1,2025-10-20,0.848079834912778,30
lehrkraft_1,2025-10-20,0.8480448057528553,30
lehrkraft_1,2025-10-20,0.8476787871581631,30
lehrkraft_1,2025-10-20,0.8481150430321519,30
lehrkraft_1,2025-10-20,0.8443261794593484,30
lehrkraft_1,2025-10-20,0.8441062034510507,30
lehrkraft_1,2025-10-20,0.8441950123181333,30
lehrkraft_1,2025-10-20,0.8434693598827235,30
lehrkraft_1,2025-10-20,0.8412833615649721,30
lehrkraft_1,2025-10-20,0.8417606462997053,30
lehrkraft_1,2025-10-20,0.8976632041669317,30
lehrkraft_1,2025-10-20,0.897726146300906,30
lehrkraft_1,2025-10-20,0.8968641894381747,30
lehrkraft_1,2025-10-20,0.8956821115027774,30
lehrkraft_1,2025-10-20,0.8955953137623619,30
lehrkraft_1,2025-10-20,0.8956266649768251,30
lehrkraft_1,2025-10-20,0.8958277666922203,30
lehrkraft_1,2025-10-20,0.8970618803415711,30
lehrkraft_1,2025-10-21,0.8885086158620411,30
lehrkraft_1,2025-10-21,0.9515881824735815,30
lehrkraft_1,2025-10-21,0.9537586796183106,30
lehrkraft_1,2025-10-21,0.9576245777595743,30
lehrkraft_1,2025-10-21,0.9615052213205981,30
lehrkraft_1,2025-10-21,0.9607549181512318,30
lehrkraft_1,2025-10-21,0.960689368669083,30
lehrkraft_1,2025-10-21,0.9607360719503901,30
lehrkraft_1,2025-10-21,0.9640245512648208,30
lehrkraft_1,2025-10-21,0.9638331179825548,30
lehrkraft_1,2025-10-21,0.9658087857492087,30
lehrkraft_1,2025-10-21,0.9655789420714863,30
lehrkraft_1,2025-10-21,0.9655569826689302,30
lehrkraft_1,2025-10-21,0.96620692771595,30
lehrkraft_1,2025-10-21,0.9648535519349215,30
lehrkraft_1,2025-10-21,0.964955577289667,30
lehrkraft_1,2025-10-21,0.9671927689519819,30
lehrkraft_1,2025-10-21,0.9676668990927292,30
lehrkraft_1,2025-10-21,0.9677738746578336,30
lehrkraft_1,2025-10-21,0.967831754681362,30
lehrkraft_1,2025-10-21,0.970557737246866,30
lehrkraft_1,2025-10-21,0.9697899061707063,30
lehrkraft_1,2025-10-21,0.9693178780262188,30
lehrkraft_1,2025-10-21,0.9688224053702434,30
lehrkraft_1,2025-10-21,0.9700705972165886,30
lehrkraft_1,2025-10-21,0.9705926783538499,30
lehrkraft_1,2025-10-21,0.9698993846525824,30
lehrkraft_1,2025-10-21,0.9677035907639433,30
lehrkraft_1,2025-10-21,0.9674180390983409,30
lehrkraft_1,2025-10-22,0.9669192235437505,30
lehrkraft_1,2025-10-22,0.9746203354390297,30
lehrkraft_1,2025-10-22,0.973584649494348,30
lehrkraft_1,2025-10-22,0.9735984931568545,30
lehrkraft_1,2025-10-22,0.9734491711888478,30
lehrkraft_1,2025-10-22,0.9749121829762316,30
lehrkraft_1,2025-10-22,0.9749610459813386,30
lehrkraft_1,2025-10-22,0.9729891793378304,30
lehrkraft_1,2025-10-22,0.971966627369434,30
lehrkraft_1,2025-10-22,0.9711737597524517,30
lehrkraft_1,2025-10-22,0.9708321842277813,30
lehrkraft_1,2025-10-22,0.9707228524155433,30
lehrkraft_1,2025-10-22,0.9712674626011373,30
lehrkraft_1,2025-10-22,0.9689071732184587,30
lehrkraft_1,2025-10-22,0.9690402154612613,30
lehrkraft_1,2025-10-22,0.9671698255395325,30
lehrkraft_1,2025-10-22,0.9667015497687867,30
lehrkraft_1,2025-10-22,0.9673382658907017,30
lehrkraft_1,2025-10-22,0.9673449669488655,30
lehrkraft_1,2025-10-22,0.961787653568875,30
lehrkraft_1,2025-10-22,0.9608294053953007,30
lehrkraft_1,2025-10-22,0.959202435930074,30
lehrkraft_1,2025-10-22,0.959084700414484,30
lehrkraft_1,2025-10-22,0.9599518716670683,30
lehrkraft_1,2025-10-22,0.9595947619497408,30
lehrkraft_1,2025-10-22,0.8974565346230859,30
lehrkraft_1,2025-10-22,0.8949750366998959,30
lehrkraft_1,2025-10-22,0.8959106319042269,30
lehrkraft_1,2025-10-22,0.8973782723758794,30
lehrkraft_1,2025-10-22,0.8960034890968074,30
lehrkraft_1,2025-10-22,0.89650346503671,30
lehrkraft_1,2025-10-22,0.8962691194494229,30
lehrkraft_1,2025-10-22,0.897021216035259,30
lehrkraft_1,2025-10-22,0.8944905103655224,30
lehrkraft_1,2025-10-22,0.8942547110809738,30
lehrkraft_1,2025-10-22,0.8947004970332906,30
lehrkraft_1,2025-10-22,0.8953507718519657,30
lehrkraft_1,2025-10-22,0.8979038565467028,30
lehrkraft_1,2025-10-22,0.8946413460617622,30
lehrkraft_1,2025-10-23,0.8956079549189123,30
lehrkraft_1,2025-10-23,0.8953985706076301,30
lehrkraft_1,2025-10-23,0.8909130855577526,30
lehrkraft_1,2025-10-23,0.890630092671233,30
lehrkraft_1,2025-10-23,0.8922609739040694,30
lehrkraft_1,2025-10-23,0.8912633216947816,30
lehrkraft_1,2025-10-23,0.8856714653297639,30
lehrkraft_1,2025-10-23,0.8855037697243401,30
lehrkraft_1,2025-10-23,0.8851978928225869,30
lehrkraft_1,2025-10-23,0.885297927101501,30
lehrkraft_1,2025-10-23,0.8916865542709784,30
lehrkraft_1,2025-10-23,0.8917564258424536,30
lehrkraft_1,2025-10-23,0.8923989901382399,30
lehrkraft_1,2025-10-23,0.89314671295058,30
lehrkraft_1,2025-10-23,0.8913456708823482,30
lehrkraft_1,2025-10-23,0.8930852788554625,30
lehrkraft_1,2025-10-23,0.9563219948073133,30
lehrkraft_1,2025-10-23,0.954694069332908,30
lehrkraft_1,2025-10-23,0.9547474892213778,30
lehrkraft_1,2025-10-23,0.9542585286286891,30
lehrkraft_1,2025-10-23,0.9540350308772401,30
lehrkraft_1,2025-10-23,0.9531198098054438,30
lehrkraft_1,2025-10-23,0.9534798093147127,30
lehrkraft_1,2025-10-23,0.9534084075634631,30
lehrkraft_1,2025-10-23,0.9564602383188564,30
lehrkraft_1,2025-10-23,0.956244200737473,30
lehrkraft_1,2025-10-23,0.9553570055328894,30
lehrkraft_1,2025-10-23,0.9553570055328894,30
lehrkraft_1,2025-10-23,0.955273209426833,30
lehrkraft_1,2025-10-23,0.9596530239593216,30
lehrkraft_1,2025-10-23,0.9593447016635565,30
lehrkraft_1,2025-10-23,0.9594914988963286,30
lehrkraft_1,2025-10-23,0.9637793972296803,30
lehrkraft_1,2025-10-23,0.9648707312081072,30
lehrkraft_1,2025-10-23,0.9649001309578349,30
lehrkraft_1,2025-10-23,0.9641074714488274,30
lehrkraft_1,2025-10-23,0.9724995964376476,30
lehrkraft_1,2025-10-23,0.973063999059672,30
lehrkraft_1,2025-10-23,0.972776379058819,30
lehrkraft_1,2025-10-24,0.9723537853415226,30
lehrkraft_1,2025-10-24,0.9735894085772537,30
lehrkraft_1,2025-10-24,0.9730407926521782,30
lehrkraft_1,2025-10-24,0.972658734986054,30
lehrkraft_1,2025-10-24,0.9727884209909907,30
lehrkraft_1,2025-10-24,0.9718194418840147,30
lehrkraft_1,2025-10-24,0.9709121656851918,30
lehrkraft_1,2025-10-24,0.9707637045692998,30
lehrkraft_1,2025-10-24,0.9752060554608771,30
lehrkraft_1,2025-10-24,0.9705423911628239,30
lehrkraft_1,2025-10-24,0.9703443710004713,30
lehrkraft_1,2025-10-24,0.9721190095565788,30
lehrkraft_1,2025-10-24,0.9686306193955496,30
lehrkraft_1,2025-10-27,0.968053662738256,30
lehrkraft_1,2025-10-27,0.9630441219993378,30
lehrkraft_1,2025-10-27,0.9634040123977832,30
lehrkraft_1,2025-10-27,0.9616267954788148,30
lehrkraft_1,2025-10-27,0.9626645215704832,30
lehrkraft_1,2025-10-27,0.9623309852959776,30
lehrkraft_1,2025-10-27,0.8989245500377422,30
lehrkraft_1,2025-10-27,0.8969993289339565,30
lehrkraft_1,2025-10-27,0.8414183800855614,30
lehrkraft_1,2025-10-27,0.8417876714707272,30
lehrkraft_1,2025-10-27,0.843533898661421,30
lehrkraft_1,2025-10-27,0.8428192973656325,30
lehrkraft_1,2025-10-27,0.8421515760448656,30
lehrkraft_1,2025-10-27,0.8430238602289409,30
lehrkraft_1,2025-10-27,0.8414697369063372,30
lehrkraft_1,2025-10-27,0.8412609055879892,30
lehrkraft_1,2025-10-27,0.841730771411329,30
lehrkraft_1,2025-10-27,0.8416512153685839,30
lehrkraft_1,2025-10-27,0.8417531844188236,30
lehrkraft_1,2025-10-27,0.8422457882334324,30
lehrkraft_1,2025-10-27,0.842583852425343,30
lehrkraft_1,2025-10-27,0.842288310041332,30
lehrkraft_1,2025-10-27,0.843476565854106,30
lehrkraft_1,2025-10-27,0.8439547672534863,30
lehrkraft_1,2025-10-27,0.8430767662262266,30
lehrkraft_1,2025-10-27,0.8433907502014651,30
lehrkraft_1,2025-10-27,0.8477561819958569,30
lehrkraft_1,2025-10-27,0.846384707045667,30
lehrkraft_1,2025-10-28,0.8443428549424477,30
lehrkraft_1,2025-10-28,0.8485453756560131,30
lehrkraft_1,2025-10-28,0.8444581027163479,30
lehrkraft_1,2025-10-28,0.8443345506587877,30
lehrkraft_1,2025-10-28,0.8437949058302012,30
lehrkraft_1,2025-10-28,0.8421921523214594,30
lehrkraft_1,2025-10-28,0.8410702901706135,30
lehrkraft_1,2025-10-28,0.8416387599246861,30
lehrkraft_1,2025-10-28,0.904238302504687,30
lehrkraft_1,2025-10-28,0.9030103167974363,30
lehrkraft_1,2025-10-28,0.9540883374809657,30
lehrkraft_1,2025-10-28,0.9497451937053091,30
lehrkraft_1,2025-10-28,0.9494962813926071,30
lehrkraft_1,2025-10-28,0.9499371299210241,30
lehrkraft_1,2025-10-28,0.9493692879238773,30
lehrkraft_1,2025-10-28,0.9488863422294248,30
lehrkraft_1,2025-10-28,0.9480492766225153,30
lehrkraft_1,2025-10-28,0.9471473153909835,30
lehrkraft_1,2025-10-28,0.8919616871956192,30
lehrkraft_1,2025-10-29,0.8911498057175917,30
lehrkraft_1,2025-10-29,0.8913492641107867,30
lehrkraft_1,2025-10-29,0.8909966208859488,30
lehrkraft_1,2025-10-29,0.8918052960195678,30
lehrkraft_1,2025-10-29,0.8898544709196118,30
lehrkraft_1,2025-10-29,0.8280746425952044,30
lehrkraft_1,2025-10-29,0.8276157019997583,30
lehrkraft_1,2025-10-29,0.8263322467004475,30
lehrkraft_1,2025-10-29,0.8251046814263752,30
lehrkraft_1,2025-10-29,0.822459955073808,30
lehrkraft_1,2025-10-29,0.8225696998572669,30
lehrkraft_1,2025-10-29,0.8242680319104031,30
lehrkraft_1,2025-10-29,0.824202000490602,30
lehrkraft_1,2025-10-29,0.8240943783451526,30
lehrkraft_1,2025-10-29,0.8259769817826333,30
lehrkraft_1,2025-10-29,0.8258796867330334,30
lehrkraft_1,2025-10-29,0.8237086793786336,30
lehrkraft_1,2025-10-29,0.8250215053161789,30
lehrkraft_1,2025-10-29,0.8245511930008833,30
lehrkraft_1,2025-10-29,0.8252884195547577,30
lehrkraft_1,2025-10-29,0.8264409819825191,30
lehrkraft_1,2025-10-29,0.8303571019913387,30
lehrkraft_1,2025-10-29,0.8330817427032012,30
lehrkraft_1,2025-10-29,0.8328669273333469,30
lehrkraft_1,2025-10-29,0.8321562152553496,30
lehrkraft_1,2025-10-29,0.8304483972073533,30
lehrkraft_1,2025-10-29,0.8309464833882924,30
lehrkraft_1,2025-10-29,0.8344621059302998,30
lehrkraft_1,2025-10-29,0.8358663804607783,30
lehrkraft_1,2025-10-29,0.891659709113846,30
lehrkraft_1,2025-10-29,0.8925852575800199,30
lehrkraft_1,2025-10-30,0.8372558517497323,30
lehrkraft_1,2025-10-30,0.8346572573393299,30
lehrkraft_1,2025-10-30,0.8351196830171044,30
lehrkraft_1,2025-10-30,0.8366021807508333,30
lehrkraft_1,2025-10-30,0.8972776303263116,30
lehrkraft_1,2025-10-30,0.8972097684068814,30
lehrkraft_1,2025-10-30,0.8985959379109397,30
lehrkraft_1,2025-10-30,0.8989678742229489,30
lehrkraft_1,2025-10-30,0.9024886815731348,30
lehrkraft_1,2025-10-30,0.9054540889236288,30
lehrkraft_1,2025-10-30,0.9051446560462243,30
lehrkraft_1,2025-10-30,0.9056974292361324,30
lehrkraft_1,2025-10-30,0.9078320913577655,30
lehrkraft_1,2025-10-30,0.9086775747254203,30
lehrkraft_1,2025-10-30,0.9078006734716526,30
lehrkraft_1,2025-10-30,0.9125570129153562,30
lehrkraft_1,2025-10-30,0.9105865901715433,30
lehrkraft_1,2025-10-30,0.9112548779686231,30
lehrkraft_1,2025-10-30,0.9120396435165335,30
lehrkraft_1,2025-10-30,0.9136752270848347,30
lehrkraft_1,2025-10-30,0.8502015792393874,30
lehrkraft_1,2025-10-30,0.8496283319235944,30
lehrkraft_1,2025-10-30,0.8491242691177305,30
lehrkraft_1,2025-10-30,0.8495389172698985,30
lehrkraft_1,2025-10-30,0.8522177634502703,30
lehrkraft_1,2025-10-30,0.8517585706979253,30
lehrkraft_1,2025-11-03,0.8493297281982417,30
lehrkraft_1,2025-11-03,0.849297516181399,30
lehrkraft_1,2025-11-03,0.8465987454443054,30
lehrkraft_1,2025-11-03,0.8459347595405742,30
lehrkraft_1,2025-11-03,0.9015143773821828,30
lehrkraft_1,2025-11-03,0.9037128347137373,30
lehrkraft_1,2025-11-03,0.9038235444497736,30
lehrkraft_1,2025-11-03,0.9040138998032785,30
lehrkraft_1,2025-11-03,0.9066069049050313,30
lehrkraft_1,2025-11-03,0.9076537685695392,30
lehrkraft_1,2025-11-03,0.907850725215288,30
lehrkraft_1,2025-11-03,0.9080861797451061,30
lehrkraft_1,2025-11-03,0.9080423223411589,30
lehrkraft_1,2025-11-03,0.9061561640138999,30
lehrkraft_1,2025-11-03,0.9061471630451365,30
lehrkraft_1,2025-11-03,0.9058288232777957,30
lehrkraft_1,2025-11-03,0.9060505503436048,30
lehrkraft_1,2025-11-03,0.9047948558902996,30
lehrkraft_1,2025-11-03,0.9059023730569002,30
lehrkraft_1,2025-11-03,0.9053873134855476,30
lehrkraft_1,2025-11-03,0.9032956148577858,30
lehrkraft_1,2025-11-03,0.9026795263109291,30
lehrkraft_1,2025-11-03,0.9024905894841554,30
lehrkraft_1,2025-11-03,0.902058662293989,30
lehrkraft_1,2025-11-03,0.9651462466632718,30
lehrkraft_1,2025-11-03,0.9242877341772465,30
lehrkraft_1,2025-11-03,0.9248569997949093,30
lehrkraft_1,2025-11-03,0.9248569997949093,30
lehrkraft_1,2025-11-03,0.9245955464800762,30
lehrkraft_1,2025-11-03,0.924728800977527,30
lehrkraft_1,2025-11-04,0.9261924169479868,30
lehrkraft_1,2025-11-04,0.9269391492178245,30
lehrkraft_1,2025-11-04,0.9285859966759517,30
lehrkraft_1,2025-11-04,0.9287286702436403,30
lehrkraft_1,2025-11-04,0.9258106137840135,30
lehrkraft_1,2025-11-04,0.9259479451577826,30
lehrkraft_1,2025-11-04,0.9252707185028027,30
lehrkraft_1,2025-11-04,0.924190389122935,30
lehrkraft_1,2025-11-04,0.9244601751357293,30
lehrkraft_1,2025-11-04,0.9239202100479921,30
lehrkraft_1,2025-11-04,0.9227200811782135,30
lehrkraft_1,2025-11-04,0.922763296300252,30
lehrkraft_1,2025-11-04,0.9223263895403135,30
lehrkraft_1,2025-11-04,0.9249332035799555,30
lehrkraft_1,2025-11-04,0.9232911707765515,30
lehrkraft_1,2025-11-04,0.9229597514833593,30
lehrkraft_1,2025-11-04,0.9216728006147576,30
lehrkraft_1,2025-11-04,0.9234970109371035,30
lehrkraft_1,2025-11-04,0.9244310305179047,30
lehrkraft_1,2025-11-04,0.9219846435275793,30
lehrkraft_1,2025-11-04,0.9273850270197899,30
lehrkraft_1,2025-11-04,0.9272923065012829,30
lehrkraft_1,2025-11-04,0.8648047997071073,30
lehrkraft_1,2025-11-04,0.8648160958519218,30
lehrkraft_1,2025-11-04,0.863359667497318,30
lehrkraft_1,2025-11-04,0.9019181927009591,30
lehrkraft_1,2025-11-04,0.9012310476212869,30
lehrkraft_1,2025-11-04,0.9030309082898126,30
lehrkraft_1,2025-11-05,0.9037249311270957,30
lehrkraft_1,2025-11-05,0.9037552325697803,30
lehrkraft_1,2025-11-05,0.9023030432524407,30
lehrkraft_1,2025-11-05,0.8998292382465988,30
lehrkraft_1,2025-11-05,0.8991983911833858,30
lehrkraft_1,2025-11-05,0.897594717736386,30
lehrkraft_1,2025-11-05,0.8969932654510814,30
lehrkraft_1,2025-11-05,0.8969067983327638,30
lehrkraft_1,2025-11-05,0.8952810348677082,30
lehrkraft_1,2025-11-05,0.8957150719393053,30
lehrkraft_1,2025-11-05,0.8943567900648322,30
lehrkraft_1,2025-11-05,0.8938753262704054,30
lehrkraft_1,2025-11-05,0.8912014331573475,30
lehrkraft_1,2025-11-05,0.8921342070031588,30
lehrkraft_1,2025-11-05,0.8923272942818977,30
lehrkraft_1,2025-11-05,0.8924367051949355,30
lehrkraft_1,2025-11-05,0.89236232795354,30
lehrkraft_1,2025-11-05,0.8895691696131143,30
lehrkraft_1,2025-11-05,0.8907411243285888,30
lehrkraft_1,2025-11-05,0.8864630441213028,30
lehrkraft_1,2025-11-05,0.8825627010043766,30
lehrkraft_1,2025-11-05,0.884974308976525,30
lehrkraft_1,2025-11-05,0.8848071365199582,30
lehrkraft_1,2025-11-05,0.885636674397964,30
lehrkraft_1,2025-11-05,0.8852688152634012,30
lehrkraft_1,2025-11-05,0.8849818784306517,30
lehrkraft_1,2025-11-05,0.8862952711520138,30
lehrkraft_1,2025-11-05,0.8858555925102606,30
lehrkraft_1,2025-11-05,0.8867796521621635,30
lehrkraft_1,2025-11-05,0.8858903969133889,30
lehrkraft_1,2025-11-05,0.8844373218470515,30
lehrkraft_1,2025-11-05,0.8824038151433722,30
lehrkraft_1,2025-11-05,0.8846427586587775,30
lehrkraft_1,2025-11-05,0.8863215622834992,30
lehrkraft_1,2025-11-05,0.8848318124964133,30
lehrkraft_1,2025-11-05,0.8853637059990763,30
lehrkraft_1,2025-11-05,0.8884350387800939,30
lehrkraft_1,2025-11-05,0.8883270832691983,30
lehrkraft_1,2025-11-05,0.890284550934969,30
lehrkraft_1,2025-11-05,0.890976809033295,30
lehrkraft_1,2025-11-05,0.8905583248740908,30
lehrkraft_1,2025-11-05,0.8906672710227056,30
lehrkraft_1,2025-11-05,0.894584836531782,30
lehrkraft_1,2025-11-05,0.8946830892114082,30
lehrkraft_1,2025-11-05,0.8952907842724619,30
lehrkraft_1,2025-11-05,0.8950397934675495,30
lehrkraft_1,2025-11-05,0.8958228568305217,30
lehrkraft_1,2025-11-05,0.8994024489185936,30
lehrkraft_1,2025-11-05,0.8990677236709722,30
lehrkraft_1,2025-11-05,0.9040211616636809,30
lehrkraft_1,2025-11-06,0.9084553992107478,30
lehrkraft_1,2025-11-06,0.9094415046909139,30
lehrkraft_1,2025-11-06,0.8471343197247444,30
lehrkraft_1,2025-11-06,0.8470533948492509,30
lehrkraft_1,2025-11-06,0.9095128359283808,30
lehrkraft_1,2025-11-06,0.9091280399539916,30
lehrkraft_1,2025-11-06,0.9089996487867658,30
lehrkraft_1,2025-11-06,0.9103741196986115,30
lehrkraft_1,2025-11-06,0.9106227656160798,30
lehrkraft_1,2025-11-06,0.9098067028428546,30
lehrkraft_1,2025-11-06,0.9115681288786986,30
lehrkraft_1,2025-11-06,0.9129805583002962,30
lehrkraft_1,2025-11-06,0.907783123481658,30
lehrkraft_1,2025-11-06,0.9091740427229099,30
lehrkraft_1,2025-11-06,0.9075066360557605,30
lehrkraft_1,2025-11-06,0.908734486417039,30
lehrkraft_1,2025-11-06,0.9082427666398759,30
lehrkraft_1,2025-11-06,0.9073769891803184,30
lehrkraft_1,2025-11-06,0.9069168214839196,30
lehrkraft_1,2025-11-06,0.9069168214839197,30
lehrkraft_1,2025-11-06,0.9093570428887938,30
lehrkraft_1,2025-11-06,0.9101106880307955,30
lehrkraft_1,2025-11-06,0.9102226429214033,30
lehrkraft_1,2025-11-06,0.9106466696329435,30
lehrkraft_1,2025-11-06,0.9102691785699738,30
lehrkraft_1,2025-11-06,0.9108684937835811,30
lehrkraft_1,2025-11-06,0.9095799173887238,30
lehrkraft_1,2025-11-06,0.9096239165703605,30
lehrkraft_1,2025-11-06,0.9103272212821851,30
lehrkraft_1,2025-11-06,0.9100373965513792,30
lehrkraft_1,2025-11-06,0.9090241045347929,30
lehrkraft_1,2025-11-06,0.9089196757817594,30
lehrkraft_1,2025-11-06,0.9719387459278341,30
lehrkraft_1,2025-11-06,0.9722475665675643,30
lehrkraft_1,2025-11-06,0.9728504901246496,30
lehrkraft_1,2025-11-06,0.972228324786574,30
lehrkraft_1,2025-11-06,0.9687021125945676,30
lehrkraft_1,2025-11-07,0.9680736866645523,30
lehrkraft_1,2025-11-07,0.9681910522200007,30
lehrkraft_1,2025-11-07,0.9615756871751244,30
lehrkraft_1,2025-11-07,0.9618540021811353,30
lehrkraft_1,2025-11-07,0.9610310798030571,30
lehrkraft_1,2025-11-07,0.9657682366125321,30
lehrkraft_1,2025-11-07,0.9635178465038401,30
lehrkraft_1,2025-11-07,0.9668314216974251,30
lehrkraft_1,2025-11-07,0.966844282840302,30
lehrkraft_1,2025-11-07,0.9662815405648961,30
lehrkraft_1,2025-11-07,0.9662574373666207,30
lehrkraft_1,2025-11-07,0.9666637321275608,30
lehrkraft_1,2025-11-07,0.9666244504984569,30
lehrkraft_1,2025-11-10,0.9672371565143815,30
lehrkraft_1,2025-11-10,0.9662730286650747,30
lehrkraft_1,2025-11-10,0.9645943909009825,30
lehrkraft_1,2025-11-10,0.9088074958035147,30
lehrkraft_1,2025-11-10,0.9086451807712538,30
lehrkraft_1,2025-11-10,0.9086691741907298,30
lehrkraft_1,2025-11-10,0.9097402543108196,30
lehrkraft_1,2025-11-10,0.9103384741331685,30
lehrkraft_1,2025-11-10,0.910012425968631,30
lehrkraft_1,2025-11-10,0.9094634310529691,30
lehrkraft_1,2025-11-10,0.9104707296123745,30
lehrkraft_1,2025-11-10,0.9054488608982502,30
lehrkraft_1,2025-11-10,0.90506118912266,30
lehrkraft_1,2025-11-10,0.904771378660831,30
lehrkraft_1,2025-11-10,0.9050086408762624,30
lehrkraft_1,2025-11-10,0.9055086383340866,30
lehrkraft_1,2025-11-10,0.90888135220905,30
lehrkraft_1,2025-11-10,0.9095912150043207,30
lehrkraft_1,2025-11-10,0.9097170174910097,30
lehrkraft_1,2025-11-10,0.9179634431429358,30
lehrkraft_1,2025-11-10,0.9182422397404176,30
lehrkraft_1,2025-11-10,0.9181794478615937,30
lehrkraft_1,2025-11-10,0.913143017890163,30
lehrkraft_1,2025-11-10,0.916276003500672,30
lehrkraft_1,2025-11-10,0.9130074285724151,30
lehrkraft_1,2025-11-10,0.9128283244367492,30
lehrkraft_1,2025-11-10,0.9110083213503724,30
lehrkraft_1,2025-11-10,0.910336345866217,30
lehrkraft_1,2025-11-10,0.9107201251692697,30
lehrkraft_1,2025-11-10,0.9108170051349195,30
lehrkraft_1,2025-11-10,0.9097706732969933,30
lehrkraft_1,2025-11-10,0.9099156082054131,30
lehrkraft_1,2025-11-11,0.9112546779589066,30
lehrkraft_1,2025-11-11,0.9030797514079913,30
lehrkraft_1,2025-11-11,0.9035092571234633,30
lehrkraft_1,2025-11-11,0.9027470968745623,30
lehrkraft_1,2025-11-11,0.9024915997013992,30
lehrkraft_1,2025-11-11,0.9023785951011796,30
lehrkraft_1,2025-11-11,0.8970501294902565,30
lehrkraft_1,2025-11-11,0.8951347276224619,30
lehrkraft_1,2025-11-11,0.895888299408551,30
lehrkraft_1,2025-11-11,0.8989925547062975,30
lehrkraft_1,2025-11-11,0.8983948850790858,30
lehrkraft_1,2025-11-11,0.8982869988311534,30
lehrkraft_1,2025-11-11,0.8973958399243784,30
lehrkraft_1,2025-11-11,0.8972485272418378,30
lehrkraft_1,2025-11-11,0.8971082108986141,30
lehrkraft_1,2025-11-11,0.896996680179129,30
lehrkraft_1,2025-11-11,0.8975686585247729,30
lehrkraft_1,2025-11-11,0.8971299326686855,30
lehrkraft_1,2025-11-11,0.8976641699294517,30
lehrkraft_1,2025-11-11,0.898750731864958,30
lehrkraft_1,2025-11-11,0.9026315507804481,30
lehrkraft_1,2025-11-11,0.9018367648176226,30
lehrkraft_1,2025-11-11,0.9038649776783569,30
lehrkraft_1,2025-11-11,0.9036192582283332,30
lehrkraft_1,2025-11-11,0.9059433507510426,30
lehrkraft_1,2025-11-11,0.9077344456375306,30
lehrkraft_1,2025-11-11,0.9075555376660037,30
lehrkraft_1,2025-11-12,0.9076283763548074,30
lehrkraft_1,2025-11-12,0.9083791715241052,30
lehrkraft_1,2025-11-12,0.908533061161244,30
lehrkraft_1,2025-11-12,0.9080319020738618,30
lehrkraft_1,2025-11-12,0.9726628988360659,30
lehrkraft_1,2025-11-12,0.972587277874337,30
lehrkraft_1,2025-11-12,0.9731787291253776,30
lehrkraft_1,2025-11-12,0.9735223245745647,30
lehrkraft_1,2025-11-12,0.969060932389777,30
lehrkraft_1,2025-11-12,0.9719771033506752,30
lehrkraft_1,2025-11-12,0.9718920249664078,30
lehrkraft_1,2025-11-12,0.9078930329644391,30
lehrkraft_1,2025-11-12,0.908033523835705,30
lehrkraft_1,2025-11-12,0.908412032043618,30
lehrkraft_1,2025-11-12,0.9076013907773495,30
lehrkraft_1,2025-11-12,0.9074158084517565,30
lehrkraft_1,2025-11-12,0.9076745475079219,30
lehrkraft_1,2025-11-12,0.9076899692563444,30
lehrkraft_1,2025-11-12,0.9066251282072132,30
lehrkraft_1,2025-11-12,0.9061491076525563,30
lehrkraft_1,2025-11-12,0.9067286834949463,30
lehrkraft_1,2025-11-12,0.9071143691275306,30
lehrkraft_1,2025-11-12,0.9071626591385651,30
lehrkraft_1,2025-11-12,0.9061713494838242,30
lehrkraft_1,2025-11-12,0.906643709394418,30
lehrkraft_1,2025-11-12,0.9065569037358957,30
lehrkraft_1,2025-11-12,0.9054716451111031,30
lehrkraft_1,2025-11-12,0.9037859618719671,30
lehrkraft_1,2025-11-12,0.9022760528214407,30
lehrkraft_1,2025-11-12,0.9013723316193915,30
lehrkraft_1,2025-11-12,0.9010694566820948,30
lehrkraft_1,2025-11-12,0.9010188691211553,30
lehrkraft_1,2025-11-12,0.9013656589164789,30
lehrkraft_1,2025-11-12,0.9006162685439735,30
lehrkraft_1,2025-11-12,0.900297716070388,30
lehrkraft_1,2025-11-12,0.900992379354795,30
lehrkraft_1,2025-11-12,0.898812510788967,30
lehrkraft_1,2025-11-12,0.8979591788577023,30
lehrkraft_1,2025-11-12,0.9033343968631103,30
lehrkraft_1,2025-11-13,0.905441229584497,30
lehrkraft_1,2025-11-13,0.9016011050421202,30
lehrkraft_1,2025-11-13,0.9632482100454098,30
lehrkraft_1,2025-11-13,0.9632482100454098,30
lehrkraft_1,2025-11-13,0.9628783411888467,30
lehrkraft_1,2025-11-13,0.9626740048815713,30
lehrkraft_1,2025-11-13,0.9629980333623193,30
lehrkraft_1,2025-11-13,0.9625079270701481,30
lehrkraft_1,2025-11-13,0.9626288732689322,30
lehrkraft_1,2025-11-13,0.9632732576407167,30
lehrkraft_1,2025-11-13,0.9613822902128516,30
lehrkraft_1,2025-11-13,0.9613534968994438,30
lehrkraft_1,2025-11-13,0.9595222171930899,30
lehrkraft_1,2025-11-13,0.9593535988360903,30
lehrkraft_1,2025-11-13,0.9592423249029459,30
lehrkraft_1,2025-11-13,0.9602126363915575,30
lehrkraft_1,2025-11-13,0.9603595430154545,30
lehrkraft_1,2025-11-13,0.9613322969804965,30
lehrkraft_1,2025-11-13,0.9628290710378427,30
lehrkraft_1,2025-11-13,0.9638052055678072,30
lehrkraft_1,2025-11-13,0.9620721091939347,30
lehrkraft_1,2025-11-13,0.9626096999977275,30
lehrkraft_1,2025-11-13,0.9621597725547886,30
lehrkraft_1,2025-11-13,0.9610572416707696,30
lehrkraft_1,2025-11-13,0.8979796211084778,30
lehrkraft_1,2025-11-13,0.8985293060389506,30
lehrkraft_1,2025-11-13,0.898552370488144,30
lehrkraft_1,2025-11-13,0.900674803841084,30
lehrkraft_1,2025-11-13,0.9011158940196304,30
lehrkraft_1,2025-11-13,0.9008814162977006,30
lehrkraft_1,2025-11-13,0.8994104117365697,30
lehrkraft_1,2025-11-13,0.9050348731070916,30
lehrkraft_1,2025-11-13,0.9022226133787244,30
lehrkraft_1,2025-11-13,0.901876020562069,30
lehrkraft_1,2025-11-13,0.9003482287508534,30
lehrkraft_1,2025-11-13,0.9021523262604231,30
lehrkraft_1,2025-11-13,0.9027942774827783,30
lehrkraft_1,2025-11-14,0.9033448726957503,30
lehrkraft_1,2025-11-14,0.901396062682887,30
lehrkraft_1,2025-11-14,0.9019992137205953,30
lehrkraft_1,2025-11-14,0.9058627265395954,30
lehrkraft_1,2025-11-14,0.9051753034239816,30
lehrkraft_1,2025-11-14,0.9014215962767534,30
lehrkraft_1,2025-11-14,0.9014527179478735,30
lehrkraft_1,2025-11-14,0.9009649943958479,30
lehrkraft_1,2025-11-14,0.9004641223471496,30
lehrkraft_1,2025-11-14,0.9011273917245162,30
lehrkraft_1,2025-11-14,0.9008978410353039,30
lehrkraft_1,2025-11-14,0.9012773966896086,30
lehrkraft_1,2025-11-14,0.9014214614099645,30
lehrkraft_1,2025-11-14,0.9031102594563006,30
lehrkraft_1,2025-11-14,0.9033808391873693,30
lehrkraft_1,2025-11-14,0.9039202122804362,30
lehrkraft_1,2025-11-14,0.9043161048117001,30
lehrkraft_1,2025-11-14,0.9679683863875022,30
lehrkraft_1,2025-11-14,0.9678540493479046,30
lehrkraft_1,2025-11-14,0.9682749875647868,30
lehrkraft_1,2025-11-14,0.9648749807762876,30
lehrkraft_1,2025-11-14,0.9646345497115114,30
lehrkraft_1,2025-11-14,0.9646914763797747,30
lehrkraft_1,2025-11-14,0.9655702497414306,30
lehrkraft_1,2025-11-17,0.9664456328749262,30
lehrkraft_1,2025-11-17,0.9709214158747429,30
lehrkraft_1,2025-11-17,0.966439804638847,30
lehrkraft_1,2025-11-17,0.9669835454627109,30
lehrkraft_1,2025-11-17,0.9653171920231851,30
lehrkraft_1,2025-11-17,0.9624734789802408,30
lehrkraft_1,2025-11-17,0.962380203706738,30
lehrkraft_1,2025-11-17,0.9638913330373773,30
lehrkraft_1,2025-11-17,0.9612387671383592,30
lehrkraft_1,2025-11-17,0.9611353255794491,30
lehrkraft_1,2025-11-17,0.9617572476684334,30
lehrkraft_1,2025-11-17,0.9675426450372113,30
lehrkraft_1,2025-11-17,0.9670720015741248,30
lehrkraft_1,2025-11-17,0.9684321024789946,30
lehrkraft_1,2025-11-17,0.9059140005140484,30
lehrkraft_1,2025-11-17,0.9057146636692736,30
lehrkraft_1,2025-11-17,0.9053018222418643,30
lehrkraft_1,2025-11-17,0.9044189868703608,30
lehrkraft_1,2025-11-17,0.904602812785147,30
lehrkraft_1,2025-11-17,0.9040755087705074,30
lehrkraft_1,2025-11-17,0.9041624003950597,30
lehrkraft_1,2025-11-17,0.9035849074055522,30
lehrkraft_1,2025-11-17,0.90326364943409,30
lehrkraft_1,2025-11-17,0.9038360336561596,30
lehrkraft_1,2025-11-18,0.9037382294517965,30
lehrkraft_1,2025-11-18,0.9043822890742824,30
lehrkraft_1,2025-11-18,0.907238827982335,30
lehrkraft_1,2025-11-18,0.907029595656395,30
lehrkraft_1,2025-11-18,0.9075905835504878,30
lehrkraft_1,2025-11-18,0.9043749783286109,30
lehrkraft_1,2025-11-18,0.9042086622514434,30
lehrkraft_1,2025-11-18,0.9042787038276908,30
lehrkraft_1,2025-11-18,0.909373319844424,30
lehrkraft_1,2025-11-18,0.9104784925784153,30
lehrkraft_1,2025-11-18,0.9106536905686456,30
lehrkraft_1,2025-11-18,0.9138362428765374,30
lehrkraft_1,2025-11-18,0.9141659751159348,30
lehrkraft_1,2025-11-18,0.9135444884687298,30
lehrkraft_1,2025-11-18,0.915996948072663,30
lehrkraft_1,2025-11-18,0.9153931042517982,30
lehrkraft_1,2025-11-18,0.9137198722497903,30
lehrkraft_1,2025-11-18,0.9121647308485328,30
lehrkraft_1,2025-11-20,0.9120565279476912,30
lehrkraft_1,2025-11-20,0.911725103699779,30
lehrkraft_1,2025-11-20,0.9750741009004372,30
lehrkraft_1,2025-11-20,0.9725464378670595,30
lehrkraft_1,2025-11-20,0.9726942550285205,30
lehrkraft_1,2025-11-20,0.9732185699731982,30
lehrkraft_1,2025-11-20,0.9731309397144944,30
lehrkraft_1,2025-11-20,0.9731034352107161,30
lehrkraft_1,2025-11-20,0.9101522247624475,30
lehrkraft_1,2025-11-20,0.9110424066259947,30
lehrkraft_1,2025-11-20,0.9102594611173817,30
lehrkraft_1,2025-11-20,0.9090355696825314,30
lehrkraft_1,2025-11-20,0.9084052124636667,30
lehrkraft_1,2025-11-20,0.9080370677549952,30
lehrkraft_1,2025-11-20,0.9069451878303916,30
lehrkraft_1,2025-11-20,0.9063613373090309,30
lehrkraft_1,2025-11-20,0.9058938981036019,30
lehrkraft_1,2025-11-20,0.9098293572814276,30
lehrkraft_1,2025-11-20,0.9094205723972656,30
lehrkraft_1,2025-11-20,0.9093071134353036,30
lehrkraft_1,2025-11-20,0.909311929044474,30
lehrkraft_1,2025-11-20,0.909163166774284,30
lehrkraft_1,2025-11-20,0.9106643653562712,30
lehrkraft_1,2025-11-20,0.9107431823186767,30
lehrkraft_1,2025-11-20,0.9105953223256604,30
lehrkraft_1,2025-11-20,0.9116109441526224,30
lehrkraft_1,2025-11-20,0.9119374206860628,30
lehrkraft_1,2025-11-20,0.912704467704444,30
lehrkraft_1,2025-11-20,0.9127270062949208,30
lehrkraft_1,2025-11-20,0.913957776358488,30
lehrkraft_1,2025-11-24,0.9132929008982946,30
lehrkraft_1,2025-11-24,0.9136916476665436,30
lehrkraft_1,2025-11-24,0.9132031231144184,30
lehrkraft_1,2025-11-24,0.915785047835829,30
lehrkraft_1,2025-11-24,0.9173633551301597,30
lehrkraft_1,2025-11-24,0.9155148925485682,30
lehrkraft_1,2025-11-24,0.9161143353104426,30
lehrkraft_1,2025-11-24,0.916300773844959,30
lehrkraft_1,2025-11-24,0.978187735110692,30
lehrkraft_1,2025-11-24,0.9764057014169221,30
lehrkraft_1,2025-11-24,0.9775719170848423,30
lehrkraft_1,2025-11-24,0.9753547116724662,30
lehrkraft_1,2025-11-24,0.9760805183199722,30
lehrkraft_1,2025-11-24,0.9761677403435091,30
lehrkraft_1,2025-11-24,0.9767645796280093,30
lehrkraft_1,2025-11-24,0.9774739781140296,30
lehrkraft_1,2025-11-24,0.9777358600549801,30
lehrkraft_1,2025-11-24,0.9739696158302054,30
lehrkraft_1,2025-11-24,0.9739681128957712,30
lehrkraft_1,2025-11-24,0.9736013867953368,30
lehrkraft_1,2025-11-24,0.973411500358537,30
lehrkraft_1,2025-11-24,0.9737324194054848,30
lehrkraft_1,2025-11-24,0.9737575050386841,30
lehrkraft_1,2025-11-24,0.9740492579101944,30
lehrkraft_1,2025-11-24,0.9730990864403775,30
lehrkraft_1,2025-11-24,0.9735243072265639,30
lehrkraft_1,2025-11-25,0.970879232048507,30
lehrkraft_1,2025-11-25,0.9072675042127253,30
lehrkraft_1,2025-11-25,0.9070608327184388,30
lehrkraft_1,2025-11-25,0.9066826436868521,30
lehrkraft_1,2025-11-25,0.9078998196333694,30
lehrkraft_1,2025-11-25,0.9073317491216278,30
lehrkraft_1,2025-11-25,0.9070028910141293,30
lehrkraft_1,2025-11-25,0.9069328193822593,30
lehrkraft_1,2025-11-25,0.9064204804343107,30
lehrkraft_1,2025-11-25,0.9079778490198105,30
lehrkraft_1,2025-11-25,0.9069457102158024,30
lehrkraft_1,2025-11-25,0.9016285984152745,30
lehrkraft_1,2025-11-25,0.8993354246631698,30
lehrkraft_1,2025-11-25,0.9004500459101603,30
lehrkraft_1,2025-11-25,0.9003560799788316,30
lehrkraft_1,2025-11-25,0.8990414065223603,30
lehrkraft_1,2025-11-25,0.8430210892345936,30
lehrkraft_1,2025-11-25,0.842740373126671,30
lehrkraft_1,2025-11-25,0.8432416228811639,30
lehrkraft_1,2025-11-25,0.8433614649156962,30
lehrkraft_1,2025-11-25,0.8441633888742407,30
lehrkraft_1,2025-11-25,0.8459177519266073,30
lehrkraft_1,2025-11-25,0.8457974614661019,30
lehrkraft_1,2025-11-25,0.8440436870465401,30
lehrkraft_1,2025-11-25,0.781296816382781,30
lehrkraft_1,2025-11-25,0.7805427860313701,30
lehrkraft_1,2025-11-25,0.7802308798937544,30
lehrkraft_1,2025-11-26,0.7803933538798882,30
lehrkraft_1,2025-11-26,0.7785010893492356,30
lehrkraft_1,2025-11-26,0.7733740839256247,30
lehrkraft_1,2025-11-26,0.7686267911117652,30
lehrkraft_1,2025-11-26,0.8337434933619637,30
lehrkraft_1,2025-11-26,0.8332427939656272,30
lehrkraft_1,2025-11-26,0.8308553215518812,30
lehrkraft_1,2025-11-26,0.8305636102614388,30
lehrkraft_1,2025-11-26,0.8318961198550733,30
lehrkraft_1,2025-11-26,0.8308551494067716,30
lehrkraft_1,2025-11-26,0.8290756548771524,30
lehrkraft_1,2025-11-26,0.8285453089451478,30
lehrkraft_1,2025-11-26,0.8281171350411385,30
lehrkraft_1,2025-11-26,0.8275203599846928,30
lehrkraft_1,2025-11-26,0.8312809638606687,30
lehrkraft_1,2025-11-26,0.8350662041503611,30
lehrkraft_1,2025-11-26,0.8343372952665179,30
lehrkraft_1,2025-11-26,0.8325045266707372,30
lehrkraft_1,2025-11-26,0.8377951005087048,30
lehrkraft_1,2025-11-26,0.8953362504012273,30
lehrkraft_1,2025-11-26,0.8927425268473528,30
lehrkraft_1,2025-11-26,0.8935537013329183,30
lehrkraft_1,2025-11-26,0.892718302394094,30
lehrkraft_1,2025-11-26,0.8926122128169365,30
lehrkraft_1,2025-11-26,0.8924132052186844,30
lehrkraft_1,2025-11-26,0.8925193434817424,30
lehrkraft_1,2025-11-26,0.8933555193895926,30
lehrkraft_1,2025-11-26,0.957504673509489,30
lehrkraft_1,2025-11-26,0.9577909277440022,30
lehrkraft_1,2025-11-26,0.9570991327394116,30
lehrkraft_1,2025-11-26,0.9564506893587086,30
lehrkraft_1,2025-11-26,0.9585269434514752,30
lehrkraft_1,2025-11-26,0.964363297714605,30
lehrkraft_1,2025-11-26,0.9642794391566726,30
lehrkraft_1,2025-11-26,0.9637417542401813,30
lehrkraft_1,2025-11-26,0.963626619679962,30
lehrkraft_1,2025-11-26,0.9632533476298818,30
lehrkraft_1,2025-11-26,0.9004860074692109,30
lehrkraft_1,2025-11-26,0.9004143432226452,30
lehrkraft_1,2025-11-26,0.9026132789757818,30
lehrkraft_1,2025-11-26,0.9043131920281665,30
lehrkraft_1,2025-11-26,0.8999137592520822,30
lehrkraft_1,2025-11-27,0.9006877583469837,30
lehrkraft_1,2025-11-27,0.9014095999543947,30
lehrkraft_1,2025-11-27,0.9015314320977037,30
lehrkraft_1,2025-11-27,0.9014460593831491,30
lehrkraft_1,2025-11-27,0.9005271788929197,30
lehrkraft_1,2025-11-27,0.9022665145199842,30
lehrkraft_1,2025-11-27,0.9019638442636485,30
lehrkraft_1,2025-11-27,0.9019590976792506,30
lehrkraft_1,2025-11-27,0.905586137069011,30
lehrkraft_1,2025-11-27,0.9056767048267821,30
lehrkraft_1,2025-11-27,0.9049730611505418,30
lehrkraft_1,2025-11-27,0.9042904901672016,30
lehrkraft_1,2025-11-27,0.9020440024826014,30
lehrkraft_1,2025-11-27,0.9017563115265709,30
lehrkraft_1,2025-11-27,0.9022948922276582,30
lehrkraft_1,2025-11-27,0.9012817431511936,30
lehrkraft_1,2025-11-27,0.8952036549035409,30
lehrkraft_1,2025-11-27,0.8962164676068732,30
lehrkraft_1,2025-11-27,0.8969422447330531,30
lehrkraft_1,2025-11-27,0.8956771440156407,30
lehrkraft_1,2025-11-27,0.8937354372358033,30
lehrkraft_1,2025-11-27,0.8943772428098731,30
lehrkraft_1,2025-11-27,0.8944813975902972,30
lehrkraft_1,2025-11-27,0.8923885891024019,30
lehrkraft_1,2025-11-27,0.8937743313135941,30
lehrkraft_1,2025-11-27,0.9567250835392574,30
lehrkraft_1,2025-11-27,0.9568175520891501,30
lehrkraft_1,2025-11-27,0.956402655808654,30
lehrkraft_1,2025-11-28,0.956830702980813,30
lehrkraft_1,2025-11-28,0.9606546626389176,30
lehrkraft_1,2025-11-28,0.9586021410251623,30
lehrkraft_1,2025-11-28,0.9578260673325943,30
lehrkraft_1,2025-11-28,0.9580146209700294,30
lehrkraft_1,2025-11-28,0.9579897573511043,30
lehrkraft_1,2025-11-28,0.9605850047317378,30
lehrkraft_1,2025-11-28,0.9604710410696494,30
lehrkraft_1,2025-11-28,0.9602999288245926,30
lehrkraft_1,2025-11-28,0.9568274671000144,30
lehrkraft_1,2025-11-28,0.9551787111241272,30
lehrkraft_1,2025-11-28,0.954369444055869,30
lehrkraft_1,2025-11-28,0.9541973503901792,30
lehrkraft_1,2025-11-28,0.9535993806090423,30
lehrkraft_1,2025-11-28,0.9572032365460547,30
lehrkraft_1,2025-11-28,0.9572906790756222,30
lehrkraft_1,2025-11-28,0.9570616508370599,30
lehrkraft_1,2025-11-28,0.9590133581797607,30
lehrkraft_1,2025-11-28,0.9647895216771206,30
lehrkraft_1,2025-11-28,0.9648646953418794,30
lehrkraft_1,2025-11-28,0.9643952343133334,30
lehrkraft_1,2025-11-28,0.9655862725195727,30
lehrkraft_1,2025-11-28,0.9682987806732231,30
lehrkraft_1,2025-11-28,0.9688288697648301,30
lehrkraft_1,2025-11-28,0.9688831393884803,30
lehrkraft_1,2025-11-28,0.9704366445122937,30
lehrkraft_1,2025-11-28,0.9714258395358976,30
lehrkraft_1,2025-11-28,0.9714050004803657,30
lehrkraft_1,2025-12-01,0.9675790137889104,30
lehrkraft_1,2025-12-01,0.9679207735665314,30
lehrkraft_1,2025-12-01,0.9677444296572084,30
lehrkraft_1,2025-12-01,0.9684601523276954,30
lehrkraft_1,2025-12-01,0.9703201011405032,30
lehrkraft_1,2025-12-01,0.9707854407817782,30
lehrkraft_1,2025-12-01,0.9706607031703809,30
lehrkraft_1,2025-12-01,0.9706655485956143,30
lehrkraft_1,2025-12-01,0.97052249362385,30
lehrkraft_1,2025-12-01,0.9707807901654127,30
lehrkraft_1,2025-12-01,0.9694145358814146,30
lehrkraft_1,2025-12-01,0.9725902191175962,30
lehrkraft_1,2025-12-01,0.974494157636115,30
lehrkraft_1,2025-12-01,0.9756670654243631,30
lehrkraft_1,2025-12-01,0.9761204624486625,30
lehrkraft_1,2025-12-01,0.9774868319723696,30
lehrkraft_1,2025-12-01,0.9772909711314077,30
lehrkraft_1,2025-12-01,0.9766696728001527,30
lehrkraft_1,2025-12-01,0.9765498916199336,30
lehrkraft_1,2025-12-01,0.974985115072184,30
lehrkraft_1,2025-12-01,0.9749851150721841,30
lehrkraft_1,2025-12-01,0.9741627031350667,30
lehrkraft_1,2025-12-01,0.9748059642449934,30
lehrkraft_1,2025-12-01,0.9736988232105193,30
lehrkraft_1,2025-12-01,0.971026849341213,30
lehrkraft_1,2025-12-01,0.9703455881632521,30
lehrkraft_1,2025-12-01,0.9694120811719998,30
lehrkraft_1,2025-12-01,0.969948959091934,30
lehrkraft_1,2025-12-01,0.9699140449011358,30
lehrkraft_1,2025-12-01,0.9682308747348863,30
lehrkraft_1,2025-12-02,0.9727447311098439,30
lehrkraft_1,2025-12-02,0.9720288910265259,30
lehrkraft_1,2025-12-02,0.9718162665703549,30
lehrkraft_1,2025-12-02,0.9085852976480528,30
lehrkraft_1,2025-12-02,0.9040586512321378,30
lehrkraft_1,2025-12-02,0.9041378262324182,30
lehrkraft_1,2025-12-02,0.9041588060251818,30
lehrkraft_1,2025-12-02,0.9037039979782145,30
lehrkraft_1,2025-12-02,0.903665729692918,30
lehrkraft_1,2025-12-02,0.90292216110542,30
lehrkraft_1,2025-12-02,0.8979675993192981,30
lehrkraft_1,2025-12-02,0.897700874733815,30
lehrkraft_1,2025-12-02,0.8934605375606738,30
lehrkraft_1,2025-12-02,0.8935769206102002,30
lehrkraft_1,2025-12-02,0.8923893911015554,30
lehrkraft_1,2025-12-02,0.8274785706359187,30
lehrkraft_1,2025-12-02,0.8273324554923992,30
lehrkraft_1,2025-12-02,0.8270317759091403,30
lehrkraft_1,2025-12-02,0.8272899725718408,30
lehrkraft_1,2025-12-02,0.8291921124564952,30
lehrkraft_1,2025-12-02,0.8289102119540472,30
lehrkraft_1,2025-12-02,0.8296292099712653,30
lehrkraft_1,2025-12-02,0.8290765939976005,30
lehrkraft_1,2025-12-02,0.829786122008795,30
lehrkraft_1,2025-12-02,0.8320912984500363,30
lehrkraft_1,2025-12-02,0.8325707416193834,30
lehrkraft_1,2025-12-02,0.8290800483390016,30
lehrkraft_1,2025-12-02,0.8294084231560285,30
lehrkraft_1,2025-12-02,0.8282209909595938,30
lehrkraft_1,2025-12-02,0.8285433265122158,30
lehrkraft_1,2025-12-03,0.827985474106807,30
lehrkraft_1,2025-12-03,0.8289322740878594,30
lehrkraft_1,2025-12-03,0.8255893505430538,30
lehrkraft_1,2025-12-03,0.8855510530877339,30
lehrkraft_1,2025-12-03,0.8884421206424853,30
lehrkraft_1,2025-12-03,0.8815288407580247,30
lehrkraft_1,2025-12-03,0.8812052373979207,30
lehrkraft_1,2025-12-03,0.879956619559358,30
lehrkraft_1,2025-12-03,0.8801591940290476,30
lehrkraft_1,2025-12-03,0.8803269541857196,30
lehrkraft_1,2025-12-03,0.8857885539038464,30
lehrkraft_1,2025-12-03,0.8869091477812502,30
lehrkraft_1,2025-12-03,0.8911298247038778,30
lehrkraft_1,2025-12-03,0.8913149814454371,30
lehrkraft_1,2025-12-03,0.8927192562649535,30
lehrkraft_1,2025-12-03,0.9562899954220411,30
lehrkraft_1,2025-12-03,0.9504060132668067,30
lehrkraft_1,2025-12-03,0.9515466238914341,30
lehrkraft_1,2025-12-03,0.9510752182438692,30
lehrkraft_1,2025-12-03,0.9511046599872874,30
lehrkraft_1,2025-12-03,0.9512966962407148,30
lehrkraft_1,2025-12-03,0.9506791270846339,30
lehrkraft_1,2025-12-03,0.9513462492357918,30
lehrkraft_1,2025-12-03,0.9516177298667112,30
lehrkraft_1,2025-12-03,0.9516614578407883,30
lehrkraft_1,2025-12-03,0.8890138031682441,30
lehrkraft_1,2025-12-03,0.8917898050825892,30
lehrkraft_1,2025-12-03,0.8857598026730579,30
lehrkraft_1,2025-12-04,0.8863365040190412,30
lehrkraft_1,2025-12-04,0.8868003403531576,30
lehrkraft_1,2025-12-04,0.8853120543417036,30
lehrkraft_1,2025-12-04,0.8853199857645725,30
lehrkraft_1,2025-12-04,0.8892208664477848,30
lehrkraft_1,2025-12-04,0.8950298545844819,30
lehrkraft_1,2025-12-04,0.896013481693683,30
lehrkraft_1,2025-12-04,0.9008692894030114,30
lehrkraft_1,2025-12-04,0.9016782899911095,30
lehrkraft_1,2025-12-04,0.9026713928402337,30
lehrkraft_1,2025-12-04,0.9013017519427711,30
lehrkraft_1,2025-12-04,0.9013637774779021,30
lehrkraft_1,2025-12-04,0.900448557443976,30
lehrkraft_1,2025-12-04,0.9003257440839605,30
lehrkraft_1,2025-12-04,0.9007797531959842,30
lehrkraft_1,2025-12-04,0.8967853701795784,30
lehrkraft_1,2025-12-04,0.8963567401463386,30
lehrkraft_1,2025-12-04,0.896766915412038,30
lehrkraft_1,2025-12-04,0.9021445054238686,30
lehrkraft_1,2025-12-04,0.8990177541693488,30
lehrkraft_1,2025-12-04,0.8995532391870503,30
lehrkraft_1,2025-12-04,0.8989651165677424,30
lehrkraft_1,2025-12-04,0.8993051162233937,30
lehrkraft_1,2025-12-04,0.9000181760064573,30
lehrkraft_1,2025-12-04,0.8996585617645922,30
lehrkraft_1,2025-12-04,0.9002000554021031,30
lehrkraft_1,2025-12-04,0.9010006005995295,30
lehrkraft_1,2025-12-04,0.9600527190291134,30
lehrkraft_1,2025-12-04,0.9620142770620717,30
lehrkraft_1,2025-12-04,0.9678269018965582,30
lehrkraft_1,2025-12-04,0.9626594154171094,30
lehrkraft_1,2025-12-04,0.9637527554966375,30
lehrkraft_1,2025-12-04,0.9637527554966376,30
lehrkraft_1,2025-12-04,0.9632939673850571,30
lehrkraft_1,2025-12-04,0.9640228123443816,30
lehrkraft_1,2025-12-04,0.965117258634748,30
lehrkraft_1,2025-12-04,0.9642663529457426,30
lehrkraft_1,2025-12-04,0.9646487966353128,30
lehrkraft_1,2025-12-04,0.9640582657613521,30
lehrkraft_1,2025-12-04,0.9619895441593759,30
lehrkraft_1,2025-12-04,0.961704920760975,30
lehrkraft_1,2025-12-05,0.9599847884771845,30
lehrkraft_1,2025-12-05,0.9610791731847362,30
lehrkraft_1,2025-12-05,0.9618054277101706,30
lehrkraft_1,2025-12-05,0.9595145562380154,30
lehrkraft_1,2025-12-05,0.962044258469164,30
lehrkraft_1,2025-12-08,0.9623246884777418,30
lehrkraft_1,2025-12-08,0.9630605585493821,30
lehrkraft_1,2025-12-08,0.9619600039629214,30
lehrkraft_1,2025-12-08,0.9642571926489306,30
lehrkraft_1,2025-12-08,0.9642802302791007,30
lehrkraft_1,2025-12-08,0.960409456933179,30
lehrkraft_1,2025-12-08,0.9600651776380886,30
lehrkraft_1,2025-12-08,0.9596463274036926,30
lehrkraft_1,2025-12-08,0.9598286954146509,30
lehrkraft_1,2025-12-08,0.9592500234061803,30
lehrkraft_1,2025-12-08,0.9592105034377492,30
lehrkraft_1,2025-12-08,0.962207879510231,30
lehrkraft_1,2025-12-08,0.9604519924428331,30
lehrkraft_1,2025-12-08,0.9602001396769514,30
lehrkraft_1,2025-12-08,0.9650942981441177,30
lehrkraft_1,2025-12-08,0.9641970267664153,30
lehrkraft_1,2025-12-08,0.9664391506443828,30
lehrkraft_1,2025-12-08,0.966371243685396,30
lehrkraft_1,2025-12-08,0.9663222686838795,30
lehrkraft_1,2025-12-08,0.9658382258589433,30
lehrkraft_1,2025-12-08,0.9665423284011483,30
lehrkraft_1,2025-12-08,0.9662592123905958,30
lehrkraft_1,2025-12-08,0.9660204426737926,30
lehrkraft_1,2025-12-08,0.9675138878131613,30
lehrkraft_1,2025-12-08,0.9673713524758464,30
lehrkraft_1,2025-12-08,0.9679250041087314,30
lehrkraft_1,2025-12-08,0.9681139736010372,30
lehrkraft_1,2025-12-08,0.9666538324554386,30
lehrkraft_1,2025-12-08,0.9681898451951337,30
lehrkraft_1,2025-12-08,0.9686592090757266,30
lehrkraft_1,2025-12-09,0.9606985024661675,30
lehrkraft_1,2025-12-09,0.9604454678714708,30
lehrkraft_1,2025-12-09,0.958328685481849,30
lehrkraft_1,2025-12-09,0.9564829108710158,30
lehrkraft_1,2025-12-09,0.9563136836050289,30
lehrkraft_1,2025-12-09,0.9573563711229361,30
lehrkraft_1,2025-12-09,0.9569567846278579,30
lehrkraft_1,2025-12-09,0.9571942468935627,30
lehrkraft_1,2025-12-09,0.9573134096903725,30
lehrkraft_1,2025-12-09,0.9578799073258678,30
lehrkraft_1,2025-12-09,0.9575564615669542,30
lehrkraft_1,2025-12-09,0.9580121305791103,30
lehrkraft_1,2025-12-09,0.9596771579241044,30
lehrkraft_1,2025-12-09,0.9593967110094827,30
lehrkraft_1,2025-12-09,0.9607871833498023,30
lehrkraft_1,2025-12-09,0.9602962079191932,30
lehrkraft_1,2025-12-09,0.9604891482514281,30
lehrkraft_1,2025-12-09,0.961647210425134,30
lehrkraft_1,2025-12-09,0.9604525808173223,30
lehrkraft_1,2025-12-09,0.9606145081296797,30
lehrkraft_1,2025-12-09,0.9612854705092493,30
lehrkraft_1,2025-12-09,0.9603245651500142,30
lehrkraft_1,2025-12-09,0.9610855551560178,30
lehrkraft_1,2025-12-09,0.9601580899507609,30
lehrkraft_1,2025-12-09,0.960960211972536,30
lehrkraft_1,2025-12-09,0.9606189979960917,30
lehrkraft_1,2025-12-09,0.9616054132484483,30
lehrkraft_1,2025-12-09,0.9618496188613461,30
lehrkraft_1,2025-12-10,0.9622959365572035,30
lehrkraft_1,2025-12-10,0.9619653502678664,30
lehrkraft_1,2025-12-10,0.9692275805963094,30
lehrkraft_1,2025-12-10,0.9690283662929422,30
lehrkraft_1,2025-12-10,0.972096420006746,30
lehrkraft_1,2025-12-10,0.9680009708753489,30
lehrkraft_1,2025-12-10,0.9677490562845046,30
lehrkraft_1,2025-12-10,0.969074572163476,30
lehrkraft_1,2025-12-10,0.9639080233660684,30
lehrkraft_1,2025-12-10,0.9635762117253205,30
lehrkraft_1,2025-12-10,0.9634940806505096,30
lehrkraft_1,2025-12-10,0.96012122139369,30
lehrkraft_1,2025-12-10,0.960091148065422,30
lehrkraft_1,2025-12-10,0.958754144254089,30
lehrkraft_1,2025-12-10,0.9509818462090944,30
lehrkraft_1,2025-12-10,0.9514690466619388,30
lehrkraft_1,2025-12-10,0.9495908075715112,30
lehrkraft_1,2025-12-10,0.950749107424655,30
lehrkraft_1,2025-12-10,0.949981336196882,30
lehrkraft_1,2025-12-10,0.9492793616174923,30
lehrkraft_1,2025-12-10,0.9504767633237953,30
lehrkraft_1,2025-12-10,0.9501529335167429,30
lehrkraft_1,2025-12-10,0.950206413283164,30
lehrkraft_1,2025-12-10,0.9495767584276723,30
lehrkraft_1,2025-12-10,0.9362705289575953,30
lehrkraft_1,2025-12-10,0.9366522798667156,30
lehrkraft_1,2025-12-10,0.9364261400763093,30
lehrkraft_1,2025-12-10,0.9368781600592597,30
lehrkraft_1,2025-12-10,0.9350248404173237,30
lehrkraft_1,2025-12-10,0.9342051073058474,30
lehrkraft_1,2025-12-10,0.9342066019211306,30
lehrkraft_1,2025-12-10,0.9341156781842254,30
lehrkraft_1,2025-12-10,0.929398045682903,30
lehrkraft_1,2025-12-10,0.9252409386462198,30
lehrkraft_1,2025-12-10,0.9250709190167431,30
lehrkraft_1,2025-12-10,0.9286551544070826,30
lehrkraft_1,2025-12-10,0.9291507600100203,30
lehrkraft_1,2025-12-10,0.9314675495203817,30
lehrkraft_1,2025-12-10,0.9367210916679262,30
lehrkraft_1,2025-12-10,0.9363021163101599,30
lehrkraft_1,2025-12-10,0.9365441941072882,30
lehrkraft_1,2025-12-10,0.9397135281415172,30
lehrkraft_1,2025-12-10,0.8772247007220221,30
lehrkraft_1,2025-12-10,0.8784213735835102,30
lehrkraft_1,2025-12-10,0.8870858761766927,30
lehrkraft_1,2025-12-10,0.8867171847741846,30
lehrkraft_1,2025-12-10,0.8885054471163658,30
lehrkraft_1,2025-12-11,0.8872059212267078,30
lehrkraft_1,2025-12-11,0.8881713127362864,30
lehrkraft_1,2025-12-11,0.8859375592468849,30
lehrkraft_1,2025-12-11,0.8867331976344709,30
lehrkraft_1,2025-12-11,0.8869427355671561,30
lehrkraft_1,2025-12-11,0.8863248272020158,30
lehrkraft_1,2025-12-11,0.8877591888063838,30
lehrkraft_1,2025-12-11,0.8995936608529193,30
lehrkraft_1,2025-12-11,0.8997746192231887,30
lehrkraft_1,2025-12-11,0.9010689231330332,30
lehrkraft_1,2025-12-11,0.9014922999834937,30
lehrkraft_1,2025-12-11,0.902968956842782,30
lehrkraft_1,2025-12-11,0.9036804079327324,30
lehrkraft_1,2025-12-11,0.9033264585382751,30
lehrkraft_1,2025-12-11,0.9018698184040197,30
lehrkraft_1,2025-12-11,0.9076061281474391,30
lehrkraft_1,2025-12-11,0.9102132705497531,30
lehrkraft_1,2025-12-11,0.9075952745572763,30
lehrkraft_1,2025-12-11,0.9089216067073485,30
lehrkraft_1,2025-12-11,0.9006499647736812,30
lehrkraft_1,2025-12-11,0.9005699698308658,30
lehrkraft_1,2025-12-11,0.9001766232628386,30
lehrkraft_1,2025-12-11,0.9015085007162695,30
lehrkraft_1,2025-12-11,0.9015846630166117,30
lehrkraft_1,2025-12-11,0.9015846630166117,30
lehrkraft_1,2025-12-11,0.964900524663156,30
lehrkraft_1,2025-12-11,0.9651806913797241,30
lehrkraft_1,2025-12-11,0.9659139819962305,30
lehrkraft_1,2026-01-12,0.9661936517125771,30
lehrkraft_1,2026-01-12,0.9657486292387062,30
lehrkraft_1,2026-01-12,0.9667282728088457,30
lehrkraft_1,2026-01-12,0.9664975285656071,30
lehrkraft_1,2026-01-12,0.9688036696039282,30
lehrkraft_1,2026-01-15,0.9691773549025599,30
lehrkraft_1,2026-01-15,0.9695506213708462,30
lehrkraft_1,2026-01-15,0.9695041802831342,30
lehrkraft_1,2026-01-15,0.9691207329435312,30
lehrkraft_1,2026-01-15,0.9691939787340095,30
lehrkraft_1,2026-01-15,0.9670177299241257,30
lehrkraft_1,2026-01-15,0.9672674832811741,30
lehrkraft_1,2026-01-15,0.965112982566998,30
lehrkraft_1,2026-01-15,0.9645514892211529,30
lehrkraft_1,2026-01-15,0.965521948763512,30
lehrkraft_1,2026-01-15,0.9656723435714718,30
lehrkraft_1,2026-01-15,0.966996044046647,30
lehrkraft_1,2026-01-15,0.9671127902556123,30
lehrkraft_1,2026-01-15,0.9690545019843644,30
lehrkraft_1,2026-01-15,0.9712302679419351,30
lehrkraft_1,2026-01-15,0.971703918002628,30
lehrkraft_1,2026-01-15,0.9801668465497915,30
lehrkraft_1,2026-01-15,0.9799514108615207,30
lehrkraft_1,2026-01-16,0.9780537616473232,30
lehrkraft_1,2026-01-16,0.9779450359420461,30
lehrkraft_1,2026-01-16,0.9785145453934077,30
lehrkraft_1,2026-01-16,0.9754768716161232,30
lehrkraft_1,2026-01-16,0.9711917626252703,30
lehrkraft_1,2026-01-16,0.9711546172127002,30
lehrkraft_1,2026-01-16,0.9712160059277645,30
lehrkraft_1,2026-01-16,0.9692183602284579,30
lehrkraft_1,2026-01-16,0.969022075914194,30
lehrkraft_1,2026-01-16,0.9675572839801143,30
lehrkraft_1,2026-01-16,0.9669058262750065,30
lehrkraft_1,2026-01-16,0.9669609116667942,30
lehrkraft_1,2026-01-16,0.9661267979145366,30
lehrkraft_1,2026-01-16,0.9659381912271243,30
lehrkraft_1,2026-01-16,0.9616528012601556,30
lehrkraft_1,2026-01-16,0.961870378150127,30
lehrkraft_1,2026-01-16,0.961627999609735,30
lehrkraft_1,2026-01-16,0.9601791956285436,30
lehrkraft_1,2026-01-19,0.9593819099132455,30
lehrkraft_1,2026-01-19,0.9608697425939032,30
lehrkraft_1,2026-01-19,0.9610473305325811,30
lehrkraft_1,2026-01-19,0.9608804724598771,30
lehrkraft_1,2026-01-19,0.9607449184915483,30
lehrkraft_1,2026-01-19,0.9605692212559284,30
lehrkraft_1,2026-01-19,0.9606990986964237,30
lehrkraft_1,2026-01-19,0.9606827774905221,30
lehrkraft_1,2026-01-19,0.9571163091590339,30
lehrkraft_1,2026-01-21,0.9576639525631925,30
lehrkraft_1,2026-01-21,0.95756580640393,30
lehrkraft_1,2026-01-21,0.95745073258232,30
lehrkraft_1,2026-01-21,0.9587370449832021,30
lehrkraft_1,2026-01-21,0.9583651097945237,30
lehrkraft_1,2026-01-21,0.955015985863067,30
lehrkraft_1,2026-01-21,0.9545305063392614,30
lehrkraft_1,2026-01-21,0.9587345380868297,30
lehrkraft_1,2026-01-21,0.9587070082886077,30
lehrkraft_1,2026-01-21,0.8944587238441939,30
lehrkraft_1,2026-01-21,0.8968427518308656,30
lehrkraft_1,2026-01-21,0.8970386294048365,30
lehrkraft_1,2026-01-21,0.8986398087365585,30
lehrkraft_1,2026-01-21,0.8447245242208422,30
lehrkraft_1,2026-01-21,0.844924479786358,30
lehrkraft_1,2026-01-29,0.8450960278314578,30
lehrkraft_1,2026-01-29,0.8445466329614724,30
lehrkraft_1,2026-01-29,0.8487442059340802,30
lehrkraft_1,2026-01-29,0.8485641723802314,30
lehrkraft_1,2026-01-29,0.8479928703370336,30
lehrkraft_1,2026-01-29,0.8515259472914122,30
lehrkraft_1,2026-01-29,0.8521280510583226,30
lehrkraft_1,2026-01-29,0.8508516100620318,30
lehrkraft_1,2026-01-29,0.8511229530944124,30
lehrkraft_1,2026-01-29,0.8512951510324386,30
lehrkraft_1,2026-01-29,0.8513318964979275,30
lehrkraft_1,2026-01-29,0.8521557948806516,30
lehrkraft_1,2026-01-29,0.8521339711728724,30
lehrkraft_1,2026-01-29,0.8498009863521603,30
lehrkraft_1,2026-01-29,0.8528340373542961,30
lehrkraft_1,2026-01-29,0.8522312263086947,30
lehrkraft_1,2026-01-29,0.8529634238073199,30
lehrkraft_1,2026-01-29,0.8530240859231707,30
lehrkraft_1,2026-01-29,0.853748438399353,30
lehrkraft_1,2026-01-29,0.8544641275580079,30
