id,gruppe_id,teilnehmer_id,datum,thema,lehrkraft_id,dominante_dimension,dominante_dimension_wert,polaritaet_gesamt,d_semantisch,x_kognition,x_sozial,x_affektiv,x_motivation,x_methodik,x_performanz,x_regulation,delta_d_semantisch,polaritaetswechsel,dominanzwechsel,kipppunkt_kandidat
823,3,2,2025-01-08,Gleichungssysteme:,14,performanz,1.9510897771911,1,3.8760917266977,0.43424935009182,0.2714361452646,0.16084112390584,0.43977827835666,0.35670810228745,0.50336392457206,0.37128701717181,3.8760917266977,True,True,True
822,1,2,2025-01-13,weitere Themen: Gleichungssysteme,8,kognition,-0.58392,-1,0.71382144994389,-0.8180082287575,0.0,-0.17852953944522,0.0,-0.48515654504606,-0.25216036644806,0.0,-3.16227027675381,True,True,True
821,3,2,2025-01-15,Lineare Funktion/Gleichung:,14,regulation,2.4350733036945,1,4.5772987610381,0.38717652016471,0.18900611280864,0.17742183846571,0.40387260131044,0.40340916167313,0.41716291578991,0.53198799356114,3.86347731109421,True,True,True
820,3,2,2025-01-22,Lineare Funktion/Gleichung:,14,kognition,1.1133431751098,1,2.2331327512708,0.49855441371863,0.2685905419827,0.24152203424276,0.4601119378958,0.32213179244245,0.38234467361214,0.39912583453127,-2.3441660097673,False,True,True
819,1,2,2025-02-10,weitere Themen: Arb.Aufg.,1,performanz,1.0,1,1.2396455138466,0.24522941785392,0.0,0.28233650081865,0.35332396388163,0.19360217198993,0.80667571662473,0.21699576777205,-0.9934872374242001,False,True,True
817,3,2,2025-04-30,Geometrie: Ähnl SachAufg,1,motivation,1.4855528312733,1,3.2665174874432,0.44162358207525,0.028043641757625,0.21705343637571,0.45478044712127,0.45160229339963,0.41093781527311,0.42121737198262,2.0268719735965997,False,True,True
812,1,2,2025-08-25,Weitere Themen: JahrAbschl,1,kognition,2.3289522253193,1,4.3258647160129,0.53837717876996,0.045037687757293,0.091400304366745,0.36030747239073,0.39133916782648,0.46224732450067,0.45069121706779,1.0593472285696999,False,True,True
813,1,2,2025-08-25,Weitere Themen: JahrAbschl,1,kognition,2.2069589158005,1,3.916840808544,0.5634523814352,0.076723644298226,0.31177537024684,0.31845471584113,0.42787289584912,0.43423975906972,0.32614892186079,-0.40902390746889994,False,False,True
814,1,2,2025-08-25,Weitere Themen: JahrAbschl,1,regulation,1.9126138920563,1,4.0164817262936,0.4588553814492,0.047909025290553,0.09026084042588,0.38084333672938,0.45894389366437,0.44336919087771,0.47619017351276,0.09964091774960027,False,True,True
815,1,2,2025-08-25,Weitere Themen: JahrAbschl,1,regulation,1.6593102589405,1,3.445161991689,0.35697457681494,0.30867452774446,-0.051124322883014,0.44905706607895,0.45666641004076,0.36400878395462,0.48163350420338,-0.5713197346046002,False,False,True
816,1,2,2025-08-25,Weitere Themen: JahrAbschl,1,performanz,1.8490362237485,1,3.7094848636328,0.4447525791376,0.057996141719878,0.17100853369173,0.35040530339462,0.42589653003669,0.49846038118992,0.46577655391603,0.2643228719438002,False,True,True
808,3,2,2025-08-27,Weitere Themen: JahrAbschl,1,kognition,2.2176040705498,1,4.1959607750546,0.52850798764701,0.033057437189919,0.11991473533283,0.3111460283294,0.50972860238967,0.43980333406568,0.39387831994598,0.48647591142180024,False,True,True
809,3,2,2025-08-27,Weitere Themen: JahrAbschl,1,methodik,1.3071304723696,1,2.3428052989296,0.51447576205092,0.042683689169047,0.09160513239389,0.31116409404235,0.55793150786012,0.39453333050523,0.40165351508073,-1.8531554761250004,False,True,True
810,3,2,2025-08-27,Weitere Themen: JahrAbschl,1,performanz,1.7185730315922,1,3.4752254188631,0.31877151424459,0.19146773728403,0.17310725067521,0.46890082280075,0.38408892483263,0.49451988842658,0.46883978948033,1.1324201199335002,False,True,True
811,3,2,2025-08-27,Weitere Themen: JahrAbschl,1,motivation,0.85188551646247,1,1.5890209998845,0.33406255970934,0.45645506608696,0.46047891028742,0.53610377426518,0.18684581263477,0.36274856741847,0.11871153327529,-1.8862044189786003,False,True,True
803,1,2,2025-09-01,Geometrie: SdP,1,regulation,2.2831943720438,1,4.6221765003632,0.42028364349602,0.07674949586674,0.058605948586205,0.41798896030911,0.44907287797465,0.44005726793527,0.4939641383714,3.0331555004787,False,True,True
804,1,2,2025-09-01,Geometrie: SdP,1,kognition,2.2069589158005,1,3.916840808544,0.5634523814352,0.076723644298226,0.31177537024684,0.31845471584113,0.42787289584912,0.43423975906972,0.32614892186079,-0.7053356918192004,False,True,True
805,1,2,2025-09-01,Geometrie: SdP,1,regulation,2.3358286965014,1,4.766014081322,0.46034606997404,0.12046710266232,0.13530206615574,0.39610570126781,0.40717581938225,0.43859820175407,0.49010006173814,0.8491732727780001,False,True,True
806,1,2,2025-09-01,Geometrie: SdP,1,regulation,1.0959483968476,1,1.6538928464461,0.23508177141809,0.28196494490937,0.27712264868538,0.4160507871843,0.21827158758189,0.35858859808376,0.66264375758378,-3.1121212348759,False,False,True
807,1,2,2025-09-01,Geometrie: SdP,1,motivation,1.2623925324906,1,2.6261746889041,0.41358193012077,0.4120300862581,0.035560809429602,0.48069449868637,0.29942201539725,0.42667263452277,0.39387653764832,0.9722818424580002,False,True,True
798,3,2,2025-09-03,Geometrie: rechtwDr,1,kognition,2.4326861730502,1,4.9394420737157,0.49250122012423,0.065627662434388,0.11087900069211,0.40607281181281,0.40499815995921,0.44606679359696,0.46145761870759,2.3132673848115997,False,True,True
799,3,2,2025-09-03,Geometrie: rechtwDr,1,methodik,1.3071304723696,1,2.3428052989296,0.51447576205092,0.042683689169047,0.09160513239389,0.31116409404235,0.55793150786012,0.39453333050523,0.40165351508073,-2.5966367747861,False,True,True
800,3,2,2025-09-03,Geometrie: rechtwDr,1,regulation,1.9126138920563,1,4.0164817262936,0.4588553814492,0.047909025290553,0.09026084042588,0.38084333672938,0.45894389366437,0.44336919087771,0.47619017351276,1.6736764273640001,False,True,True
801,3,2,2025-09-03,Geometrie: rechtwDr,1,performanz,1.5583528329756,1,2.4727359267413,0.42450201381654,0.020128723815308,0.15990248555212,0.38637338240925,0.27902517895313,0.63021146496408,0.41171598220526,-1.5437457995523003,False,True,True
802,3,2,2025-09-03,Geometrie: rechtwDr,1,kognition,1.473212922878,1,3.1443711090881,0.46852238064275,0.23827174473619,0.28124665024161,0.42298258717174,0.3350072408433,0.40654256773133,0.43380449033815,0.6716351823468001,False,True,True
793,1,2,2025-09-15,Geometrie: rwDr,1,kognition,2.5299323006465,1,4.4248015064122,0.57176046866182,0.052169000706233,0.13681307367429,0.33444133727735,0.45024896048661,0.45411408885347,0.36173372051404,1.2804303973240998,False,False,True
794,1,2,2025-09-15,Geometrie: rwDr,1,kognition,2.5684402293092,1,4.7203348418297,0.54412131218651,0.034339382852549,0.145716218238,0.32815106372612,0.43803370736583,0.46050645028912,0.41218019240003,0.2955333354175007,False,False,True
795,1,2,2025-09-15,Geometrie: rwDr,1,motivation,2.0519663720169,1,4.2418067613595,0.35687517920945,0.29880068688514,0.34641805694199,0.4837470563814,0.35222911961893,0.45040191257754,0.32001503204027,-0.4785280804702001,False,True,True
796,1,2,2025-09-15,Geometrie: rwDr,1,regulation,1.0748847029185,1,2.1705909655679,0.41016065224904,0.049968981073429,0.032170610827381,0.39633397743253,0.46323979442207,0.45970750767414,0.49520143037311,-2.0712157957916,False,True,True
797,1,2,2025-09-15,Geometrie: rwDr,1,kognition,1.5921009565853,1,3.2676087905419,0.487235830934,0.3217676297975,0.077153240661545,0.42089421911035,0.40731311868329,0.40263476371624,0.3846263394302,1.097017824974,False,True,True
788,3,2,2025-09-17,Geometrie: SdP,1,performanz,1.988922705534,1,4.1345309576921,0.35129292884059,0.21311434101394,0.27236711854315,0.45754424948293,0.35979991748407,0.48105042999603,0.43217430996179,0.8669221671501997,False,True,True
789,3,2,2025-09-17,Geometrie: SdP,1,kognition,2.1474646536876,1,4.1684033499006,0.51517555324469,0.021235716399355,0.17812047079192,0.32411661689531,0.4551826878565,0.51140647421908,0.35865310683844,0.033872392208500024,False,True,True
790,3,2,2025-09-17,Geometrie: SdP,1,kognition,1.628635644424,1,3.1766681938078,0.51268512107983,0.22387537947476,0.28929848813247,0.40637796246605,0.35743108585166,0.47592781995218,0.2897007950665,-0.9917351560927998,False,False,True
791,3,2,2025-09-17,Geometrie: SdP,1,motivation,0.292,1,0.47720959755646,0.42538068645846,0.16763770894915,0.25145656342372,0.61187763766439,0.0,0.52386784046609,0.28079316248982,-2.6994585962513398,False,True,True
792,3,2,2025-09-17,Geometrie: SdP,1,kognition,1.6566860222492,1,2.4618609597996,0.67293779783815,0.0,0.25562377022792,0.15425123718291,0.44110365154733,0.5044428994776,0.094734207310967,1.9846513622431399,False,True,True
783,1,2,2025-09-22,Geometrie: SdP/HSatz,1,kognition,2.340692642289,1,4.0340534938675,0.58023197846223,0.023304726557337,0.19163855593931,0.29484982127906,0.44721093505122,0.49891575077313,0.30034394131757,1.5721925340679,False,False,True
784,1,2,2025-09-22,Geometrie: SdP/HSatz,1,kognition,2.1969604991137,1,3.9082087439743,0.56213857080057,0.033812121852611,0.13194589398309,0.32139828186305,0.47968884541538,0.45640853074794,0.35176006075289,-0.12584474989319983,False,False,True
785,1,2,2025-09-22,Geometrie: SdP/HSatz,1,performanz,2.1602420544193,1,4.0730731755336,0.50793164389237,0.029806912452068,0.14201670599099,0.36940497938456,0.35646034890973,0.5303702284784,0.41967456397547,0.16486443155929997,False,True,True
786,1,2,2025-09-22,Geometrie: SdP/HSatz,1,kognition,2.1505046567471,1,3.4817423048328,0.61765009927963,0.2872117004452,0.15603886664661,0.2872117004452,0.50103511698974,0.35272549844014,0.23177984225927,-0.5913308707008,False,True,True
787,1,2,2025-09-22,Geometrie: SdP/HSatz,1,performanz,1.5570911828289,1,2.5553402422033,0.44652012702407,0.031112132778026,0.17952669910686,0.37349850335762,0.31353891804787,0.60934550462497,0.39787487959923,-0.9264020626295002,False,True,True
779,3,2,2025-09-24,Geometrie: SdP/HS,1,kognition,2.7431027601632,1,4.4247995695105,0.61993690735636,0.028768242753371,0.20958625007286,0.24606156155614,0.50280793819869,0.42502155926261,0.27733420685918,1.8694593273072004,False,True,True
780,3,2,2025-09-24,Geometrie: SdP/HS,1,kognition,1.8941985677148,1,3.5717878102127,0.5303207707611,0.0025796929428273,0.21368847062502,0.26998418773395,0.48896612273076,0.52657343227264,0.289527119649,-0.8530117592978002,False,False,True
781,3,2,2025-09-24,Geometrie: SdP/HS,1,methodik,2.1006963532816,1,4.0258121877764,0.35511096938672,0.067184401701719,0.040745767506346,0.41140200825069,0.52180554810889,0.42027935861791,0.49954968560314,0.45402437756369984,False,True,True
782,3,2,2025-09-24,Geometrie: SdP/HS,1,regulation,2.3358286965014,1,4.766014081322,0.46034606997404,0.12046710266232,0.13530206615574,0.39610570126781,0.40717581938225,0.43859820175407,0.49010006173814,0.7402018935456001,False,True,True
774,1,2,2025-09-29,Geometrie: SdP/WinkelFkt,1,kognition,2.5299323006465,1,4.4248015064122,0.57176046866182,0.052169000706233,0.13681307367429,0.33444133727735,0.45024896048661,0.45411408885347,0.36173372051404,-0.3412125749098003,False,True,True
775,1,2,2025-09-29,Geometrie: SdP/WinkelFkt,1,performanz,1.4780206620485,1,3.1813676431278,0.43697363840821,0.31432923474525,0.046982968609961,0.43014855236104,0.39172434957001,0.46458510363938,0.39207451324792,-1.2434338632843995,False,True,True
776,1,2,2025-09-29,Geometrie: SdP/WinkelFkt,1,regulation,1.0959483968476,1,1.6538928464461,0.23508177141809,0.28196494490937,0.27712264868538,0.4160507871843,0.21827158758189,0.35858859808376,0.66264375758378,-1.5274747966817002,False,True,True
777,1,2,2025-09-29,Geometrie: SdP/WinkelFkt,1,kognition,2.5121830856213,1,3.7871671413033,0.66333920804053,0.0099062940681459,0.15823548746632,0.19922033617701,0.48493011934985,0.4232898110108,0.28428679681679,2.1332742948572,False,True,True
778,1,2,2025-09-29,Geometrie: SdP/WinkelFkt,1,kognition,1.9947276918836,1,3.6328672145636,0.54907655119392,-0.038482231806958,0.0054751174992369,0.39332409838053,0.42215120724975,0.47425318615247,0.37305094002933,-0.15429992673970006,False,False,True
770,3,2,2025-10-01,Geometrie: TrgFkt,1,kognition,1.8124059963247,1,2.7008782028216,0.67104073187158,0.0,0.13221920340388,0.18986342323182,0.46057081054162,0.46390437256253,0.26236264134944,-0.931989011742,False,False,True
771,3,2,2025-10-01,Geometrie: TrgFkt,1,kognition,1.8941985677148,1,3.5717878102127,0.5303207707611,0.0025796929428273,0.21368847062502,0.26998418773395,0.48896612273076,0.52657343227264,0.289527119649,0.8709096073911002,False,False,True
772,3,2,2025-10-01,Geometrie: TrgFkt,1,performanz,1.7576385021604,1,3.4507597507663,0.44464530526223,0.098341955792704,0.27435660761333,0.36291912005201,0.37409352724782,0.50934679190639,0.43156883465415,-0.12102805944640016,False,True,True
773,3,2,2025-10-01,Geometrie: TrgFkt,1,performanz,2.061049496361,1,4.1805161786248,0.49006663241819,0.040531893031969,0.13003042817653,0.36777609699608,0.43194466879972,0.49301198181686,0.41997963815352,0.7297564278585003,False,False,True
766,1,2,2025-10-13,Trigonometrie: Satz des Pythagoras und Co-/Sinus,12,kognition,1.6517086769815,1,3.1105149252108,0.53100641103836,0.037516048702287,0.13871477916169,0.36888022758025,0.4065452396975,0.52667608483763,0.34443746200904,-1.070001253414,False,True,True
767,1,2,2025-10-13,Trigonometrie: Satz des Pythagoras und Co-/Sinus,12,kognition,2.1688746734496,1,3.1172442691244,0.69576444081953,0.0,0.16369007378504,0.15193693723741,0.48658802563816,0.43032265210642,0.20995395265513,0.006729343913599806,False,False,True
768,1,2,2025-10-13,Trigonometrie: Satz des Pythagoras und Co-/Sinus,12,kognition,1.8941985677148,1,3.5717878102127,0.5303207707611,0.0025796929428273,0.21368847062502,0.26998418773395,0.48896612273076,0.52657343227264,0.289527119649,0.4545435410883001,False,False,True
769,1,2,2025-10-13,Trigonometrie: Satz des Pythagoras und Co-/Sinus,12,performanz,1.8144280300528,1,3.648548811648,0.38885845163842,0.19199426251791,0.31575625939891,0.41583833205431,0.32791525199639,0.49729992682597,0.42949116716453,0.07676100143529974,False,True,True
761,1,2,2025-10-20,Geometrie: SdP,1,kognition,2.3310275582356,1,3.6813879930869,0.63319085918254,0.026149747064184,0.14669077169834,0.25844845876031,0.47775089783145,0.44131972317682,0.29505471879653,0.03283918143889997,False,True,True
762,1,2,2025-10-20,Geometrie: SdP,1,kognition,1.8767956837469,1,3.644316435302,0.51499110111725,0.10893645425238,0.17406012234356,0.29083577198318,0.41050812492958,0.47090042463132,0.46665300140837,-0.03707155778489968,False,False,True
763,1,2,2025-10-20,Geometrie: SdP,1,kognition,1.7353345284312,1,2.9900649591247,0.58036489123308,0.10643085034257,0.28652846723075,0.23051807041907,0.42718416964422,0.47692739623724,0.32658716896938,-0.6542514761773002,False,False,True
764,1,2,2025-10-20,Geometrie: SdP,1,kognition,1.9316956848234,1,3.8905038385904,0.49651428190865,0.053043559070364,0.10570725339821,0.35304187399171,0.46146449087851,0.44283837987998,0.45363742432729,0.9004388794657001,False,False,True
765,1,2,2025-10-20,Geometrie: SdP,1,kognition,2.1820491743331,1,4.4336617364237,0.49215397621954,0.1998670220788,0.11445072171214,0.39248883283008,0.46126862894737,0.42771883525212,0.39366803854352,0.5431578978332996,False,False,True
756,3,2,2025-10-22,Geometrie: SdP,1,kognition,2.4326861730502,1,4.9394420737157,0.49250122012423,0.065627662434388,0.11087900069211,0.40607281181281,0.40499815995921,0.44606679359696,0.46145761870759,0.5057803372920002,False,False,True
757,3,2,2025-10-22,Geometrie: SdP,1,kognition,2.7431027601632,1,4.4247995695105,0.61993690735636,0.028768242753371,0.20958625007286,0.24606156155614,0.50280793819869,0.42502155926261,0.27733420685918,-0.5146425042051996,False,False,True
758,3,2,2025-10-22,Geometrie: SdP,1,kognition,1.8497956426329,1,2.9898402914902,0.61869172777574,0.26165124118264,0.37511761181132,0.32912105809137,0.40496483599092,0.3576085578641,0.088533564626579,-1.4349592780203002,False,False,True
759,3,2,2025-10-22,Geometrie: SdP,1,performanz,1.9577799980576,1,3.7807537621279,0.51042066750317,0.03083949094383,0.14821465789205,0.36597314714407,0.37761274092899,0.5178265877569,0.41457772698257,0.7909134706377001,False,True,True
760,3,2,2025-10-22,Geometrie: SdP,1,regulation,1.9611829425497,1,4.1066196583502,0.45479888547485,0.19603031562825,0.22223033496086,0.40278440644117,0.38328801363239,0.41003110509019,0.47756508516951,0.3258658962223002,False,True,True
751,0,2,2025-10-23,Geometrie: SdP,1,kognition,2.4410982889583,1,4.2776947265947,0.57065609830007,0.061680906507123,0.098417161158226,0.35536178558859,0.45537212052641,0.40162071683407,0.40732235788888,0.17107506824449992,False,True,True
752,0,2,2025-10-23,Geometrie: SdP,1,kognition,1.752927244018,1,3.2645506643148,0.53695655381115,0.12160901291853,0.19430850592622,0.27023992750622,0.42310320660401,0.44252841115942,0.45961902581514,-1.0131440622799004,False,False,True
753,0,2,2025-10-23,Geometrie: SdP,1,regulation,1.6593102589405,1,3.445161991689,0.35697457681494,0.30867452774446,-0.051124322883014,0.44905706607895,0.45666641004076,0.36400878395462,0.48163350420338,0.18061132737420005,False,True,True
754,0,2,2025-10-23,Geometrie: SdP,1,motivation,0.292,1,0.47720959755646,0.42538068645846,0.16763770894915,0.25145656342372,0.61187763766439,0.0,0.52386784046609,0.28079316248982,-2.96795239413254,False,True,True
755,0,2,2025-10-23,Geometrie: SdP,1,regulation,1.9411488061702,1,3.6709941375368,0.43631034728331,0.1180046765747,0.10514865737317,0.42125288148312,0.36060760730328,0.44446342445796,0.52877870289535,3.19378453998034,False,True,True
747,1,2,2025-10-27,Algebra: Terme SachA,1,kognition,2.5299323006465,1,4.4248015064122,0.57176046866182,0.052169000706233,0.13681307367429,0.33444133727735,0.45024896048661,0.45411408885347,0.36173372051404,0.7538073688753997,False,True,True
748,1,2,2025-10-27,Algebra: Terme SachA,1,kognition,2.5684402293092,1,4.7203348418297,0.54412131218651,0.034339382852549,0.145716218238,0.32815106372612,0.43803370736583,0.46050645028912,0.41218019240003,0.2955333354175007,False,False,True
749,1,2,2025-10-27,Algebra: Terme SachA,1,kognition,1.7197401550854,1,2.6745080662689,0.64300936186405,0.0086656749691408,0.11409784127781,0.22665812140119,0.51583615204378,0.42030259628855,0.28164331889844,-2.0458267755608004,False,False,True
750,1,2,2025-10-27,Algebra: Terme SachA,1,kognition,1.7810481523429,1,3.4485985759833,0.51645413305136,0.19987339821091,0.26136553149895,0.38073011467188,0.4730752660784,0.39683639254655,0.31428213854986,0.7740905097144002,False,False,True
743,3,2,2025-10-29,Algebra: Terme,1,kognition,1.919667488646,1,3.1988921097457,0.60010197961283,0.028359326892356,0.086449473354213,0.30337364378423,0.40429765756495,0.44207952411901,0.42504956153813,-0.2497064662376003,False,False,True
744,3,2,2025-10-29,Algebra: Terme,1,methodik,1.3071304723696,1,2.3428052989296,0.51447576205092,0.042683689169047,0.09160513239389,0.31116409404235,0.55793150786012,0.39453333050523,0.40165351508073,-0.8560868108160999,False,True,True
745,3,2,2025-10-29,Algebra: Terme,1,regulation,1.539769585776,1,2.8957199704337,0.47088581038576,0.15755269598282,0.14777939986544,0.33022333356776,0.43475917646087,0.38831659764443,0.5317379733254,0.5529146715041002,False,True,True
746,3,2,2025-10-29,Algebra: Terme,1,performanz,2.1602420544193,1,4.0730731755336,0.50793164389237,0.029806912452068,0.14201670599099,0.36940497938456,0.35646034890973,0.5303702284784,0.41967456397547,1.1773532050998998,False,True,True
738,1,2,2025-11-03,Geometrie: KrZyKeg,1,kognition,2.0547114305757,1,4.0202243037138,0.51109245764048,0.032870016624614,0.15348776998845,0.35931223423551,0.44420521406901,0.50173089465934,0.36875892782791,-0.05284887181980036,False,True,True
739,1,2,2025-11-03,Geometrie: KrZyKeg,1,kognition,1.9342871926371,1,3.1073267084519,0.62249037491684,0.0,0.11492455442266,0.23104024420111,0.44023969477505,0.50017229306716,0.31926280320256,-0.9128975952618998,False,False,True
740,1,2,2025-11-03,Geometrie: KrZyKeg,1,kognition,1.7810481523429,1,3.4485985759833,0.51645413305136,0.19987339821091,0.26136553149895,0.38073011467188,0.4730752660784,0.39683639254655,0.31428213854986,0.3412718675314004,False,False,True
741,1,2,2025-11-03,Geometrie: KrZyKeg,1,motivation,2.0818792519938,1,4.2766590717479,0.33209301290047,0.37841837691444,0.38256831241431,0.48679923956401,0.28414573900136,0.39297120036295,0.35778751746519,0.8280604957645994,False,True,True
742,1,2,2025-11-03,Geometrie: KrZyKeg,1,kognition,1.2611174102,1,2.3952654381643,0.52650204235655,0.11634635597757,0.15877535207586,0.29265668669538,0.38319488600229,0.4197213856147,0.52477506057088,-1.8813936335835995,False,True,True
734,3,2,2025-11-05,Geometrie: KrZylKeg,1,performanz,1.7146760432305,1,3.3685945007785,0.46692129171518,0.043118259161777,0.034712611149409,0.40662835417337,0.37420596681409,0.50901672868817,0.46307630734881,0.9733290626141997,False,True,True
735,3,2,2025-11-05,Geometrie: KrZylKeg,1,performanz,2.0727800937162,1,3.3171643288248,0.52909083961634,0.0,0.29748094803146,0.27124453844477,0.37170182269161,0.62486317818892,0.17138291539365,-0.05143017195370003,False,False,True
736,3,2,2025-11-05,Geometrie: KrZylKeg,1,motivation,1.8151486855143,1,2.9587323352089,0.20418107569392,0.27982740008289,0.36160357600822,0.61348656958536,0.19574299446748,0.33674943419556,0.47027814781919,-0.3584319936158997,False,True,True
737,3,2,2025-11-05,Geometrie: KrZylKeg,1,kognition,2.0461096300162,1,3.8838793061339,0.52681975945728,0.069481231038198,0.10297437976036,0.38799774098501,0.3506570616886,0.45990962201269,0.47117400700764,0.9251469709249998,False,True,True
1228,1,2,2025-11-10,Geometrie: komplÜb,1,regulation,2.2831943720438,1,4.6221765003632,0.42028364349602,0.07674949586674,0.058605948586205,0.41798896030911,0.44907287797465,0.44005726793527,0.4939641383714,0.7382971942293004,False,True,True
1229,1,2,2025-11-10,Geometrie: komplÜb,1,kognition,2.5726698491549,1,4.9706070017029,0.51757555415626,0.032610383914937,0.19331883115144,0.36955472910845,0.42609468091285,0.45090795231749,0.41500669646393,0.3484305013397,False,True,True
1230,1,2,2025-11-10,Geometrie: komplÜb,1,kognition,1.8346726067272,1,3.2578547618,0.56315186199242,0.031352009134577,0.21853304168741,0.26739485678908,0.44746296860024,0.50787483501136,0.32319380690867,-1.7127522399029003,False,False,True
1231,1,2,2025-11-10,Geometrie: komplÜb,1,performanz,2.06132346452,1,3.8092753542734,0.46064846728107,0.033447451813805,0.14540012885798,0.38824406928337,0.41376980713662,0.54113128128023,0.38829864222467,0.5514205924733999,False,True,True
1224,3,2,2025-11-12,Geometrie: KrZyl...,1,performanz,1.7507822794422,1,3.5816981353789,0.43084191867104,0.27919639518428,0.041731643197581,0.42322013003075,0.38270708324899,0.48881210117278,0.41250483607193,-0.2275772188945,False,False,True
1225,3,2,2025-11-12,Geometrie: KrZyl...,1,kognition,2.1820491743331,1,4.4336617364237,0.49215397621954,0.1998670220788,0.11445072171214,0.39248883283008,0.46126862894737,0.42771883525212,0.39366803854352,0.8519636010447997,False,True,True
1226,3,2,2025-11-12,Geometrie: KrZyl...,1,regulation,1.8368648761565,1,4.1100040351697,0.41981738804784,0.2174398262812,0.25997503083373,0.40458725813174,0.44247009024899,0.38687142347094,0.446924234428,-0.3236577012539996,False,True,True
1227,3,2,2025-11-12,Geometrie: KrZyl...,1,motivation,1.8934141982597,1,3.6130190037089,0.39519609169617,0.022142086298747,0.27097533602843,0.52405175721425,0.30923960994252,0.43341160873097,0.4602082199323,-0.4969850314608002,False,True,True
1219,1,2,2025-11-17,Weitere Themen: Korr LK,1,kognition,2.0547114305757,1,4.0202243037138,0.51109245764048,0.032870016624614,0.15348776998845,0.35931223423551,0.44420521406901,0.50173089465934,0.36875892782791,0.40720530000489985,False,True,True
1220,1,2,2025-11-17,Weitere Themen: Korr LK,1,regulation,-1.712806806005,-1,2.9653595495889,-0.20219386541625,-0.18069038041423,-0.29327587606756,-0.36969931156883,-0.2554656660155,-0.55216433394578,-0.57760315446769,-1.0548647541248997,True,True,True
1221,1,2,2025-11-17,Weitere Themen: Korr LK,1,kognition,2.2147698359634,1,4.5051999610504,0.49160191314302,0.062345305630295,0.07325617380748,0.40938129345955,0.38284523733197,0.45825543665079,0.47424482196104,1.5398404114615003,True,True,True
1222,1,2,2025-11-17,Weitere Themen: Korr LK,1,kognition,2.1820491743331,1,4.4336617364237,0.49215397621954,0.1998670220788,0.11445072171214,0.39248883283008,0.46126862894737,0.42771883525212,0.39366803854352,-0.07153822462670067,False,False,True
1223,1,2,2025-11-17,Weitere Themen: Korr LK,1,kognition,2.1462963786463,1,4.3406553652064,0.49446253006518,0.26550279432215,0.053552965854877,0.37877182858556,0.4109033095443,0.44109602015534,0.41864927793105,-0.09300637121729949,False,False,True
1214,1,2,2025-11-24,Brüche: GRA,1,kognition,2.5299323006465,1,4.4248015064122,0.57176046866182,0.052169000706233,0.13681307367429,0.33444133727735,0.45024896048661,0.45411408885347,0.36173372051404,0.08414614120579955,False,False,True
1215,1,2,2025-11-24,Brüche: GRA,1,kognition,1.8124059963247,1,2.7008782028216,0.67104073187158,0.0,0.13221920340388,0.18986342323182,0.46057081054162,0.46390437256253,0.26236264134944,-1.7239233035905999,False,False,True
1216,1,2,2025-11-24,Brüche: GRA,1,regulation,1.9126138920563,1,4.0164817262936,0.4588553814492,0.047909025290553,0.09026084042588,0.38084333672938,0.45894389366437,0.44336919087771,0.47619017351276,1.3156035234720003,False,True,True
1217,1,2,2025-11-24,Brüche: GRA,1,methodik,1.6923157810732,1,3.4333342274091,0.45560273520211,0.048083977176934,0.071709281313335,0.3792497481292,0.49290594504422,0.4472213857957,0.44516561249039,-0.5831474988845002,False,True,True
1218,1,2,2025-11-24,Brüche: GRA,1,performanz,1.7623605672214,1,3.1844962872024,0.35830210771604,0.21987884155731,0.30560875784078,0.47619592143151,0.25159370964146,0.55341720451418,0.36542762457524,-0.24883794020670003,False,True,True
1210,3,2,2025-11-26,Geometrie: KugelKegel,1,performanz,2.1018406752718,1,4.0297451295107,0.50229795388456,0.030986423052732,0.16577460984972,0.36043056753727,0.43342058043781,0.52158024686899,0.35977892556151,0.8452488423083002,False,False,True
1211,3,2,2025-11-26,Geometrie: KugelKegel,1,kognition,2.7431027601632,1,4.4247995695105,0.61993690735636,0.028768242753371,0.20958625007286,0.24606156155614,0.50280793819869,0.42502155926261,0.27733420685918,0.39505443999980017,False,True,True
1212,3,2,2025-11-26,Geometrie: KugelKegel,1,motivation,0.85188551646247,1,1.5890209998845,0.33406255970934,0.45645506608696,0.46047891028742,0.53610377426518,0.18684581263477,0.36274856741847,0.11871153327529,-2.835778569626,False,True,True
1213,3,2,2025-11-26,Geometrie: KugelKegel,1,,0.0,0,0.0,0.0,0.0,0.0,0.0,0.0,0.0,0.0,-1.5890209998845,True,True,True
1205,1,2,2025-12-01,Geometrie: KreisZyl,1,kognition,1.6517086769815,1,3.1105149252108,0.53100641103836,0.037516048702287,0.13871477916169,0.36888022758025,0.4065452396975,0.52667608483763,0.34443746200904,3.1105149252108,True,True,True
1206,1,2,2025-12-01,Geometrie: KreisZyl,1,performanz,1.8608741963844,1,3.0556171049096,0.55550638970887,0.0,0.29078875442313,0.25128473348535,0.3845063379814,0.60899911294624,0.15804728787018,-0.05489782030120027,False,True,True
1207,1,2,2025-12-01,Geometrie: KreisZyl,1,performanz,1.8171380778151,1,3.771468009549,0.36111509572411,0.22685067187805,0.32978668596496,0.42468678617285,0.34745157352079,0.48181059871337,0.41969892040688,0.7158509046393999,False,False,True
1208,1,2,2025-12-01,Geometrie: KreisZyl,1,kognition,1.7197401550854,1,2.6745080662689,0.64300936186405,0.0086656749691408,0.11409784127781,0.22665812140119,0.51583615204378,0.42030259628855,0.28164331889844,-1.0969599432800998,False,True,True
1209,1,2,2025-12-01,Geometrie: KreisZyl,1,kognition,2.1820491743331,1,4.4336617364237,0.49215397621954,0.1998670220788,0.11445072171214,0.39248883283008,0.46126862894737,0.42771883525212,0.39366803854352,1.7591536701547996,False,False,True
1201,3,2,2025-12-03,Geometrie: KrRHohlZKugel,1,kognition,2.531100992962,1,4.2180884691949,0.60005735082924,0.014479573653087,0.15948410190858,0.25105158086513,0.46555159053292,0.47232572191137,0.3338035801964,-0.2155732672288,False,False,True
1202,3,2,2025-12-03,Geometrie: KrRHohlZKugel,1,methodik,2.1410505413095,1,4.7299790770357,0.44419334632973,0.193543274998,0.0710246340135,0.41578844647734,0.45265443670988,0.44516430395875,0.42922862904441,0.5118906078408001,False,True,True
1203,3,2,2025-12-03,Geometrie: KrRHohlZKugel,1,performanz,1.0,1,1.2396455138466,0.24522941785392,0.0,0.28233650081865,0.35332396388163,0.19360217198993,0.80667571662473,0.21699576777205,-3.4903335631890995,False,True,True
1204,3,2,2025-12-03,Geometrie: KrRHohlZKugel,1,motivation,1.2459236375843,1,1.9935420942378,0.1924119840039,0.33536319260425,0.25723120973569,0.62497671427077,0.082253812699267,0.4466343056288,0.43299820303145,0.7538965803911999,False,True,True
1196,1,2,2025-12-08,Algebra: TermeLösen,1,performanz,2.1625397852702,1,4.5039203437359,0.43533203634603,0.17064144437225,0.24094742665989,0.42185314901355,0.37315321830169,0.48014503338796,0.41900448192064,2.5103782494981,False,True,True
1197,1,2,2025-12-08,Algebra: TermeLösen,1,methodik,2.1410505413095,1,4.7299790770357,0.44419334632973,0.193543274998,0.0710246340135,0.41578844647734,0.45265443670988,0.44516430395875,0.42922862904441,0.22605873329979964,False,True,True
1198,1,2,2025-12-08,Algebra: TermeLösen,1,regulation,2.5051943093294,1,4.9669401934215,0.3909448724847,0.12089807406911,0.11494805508238,0.41638689628016,0.45609554731063,0.42841057129645,0.50437274620701,0.23696111638580053,False,True,True
1199,1,2,2025-12-08,Algebra: TermeLösen,1,performanz,2.3969338314309,1,4.8647814867475,0.43636742711202,0.05887908540611,0.11008583245671,0.41821687591632,0.41539574353306,0.49271049703992,0.45141013196524,-0.1021587066740004,False,True,True
1200,1,2,2025-12-08,Algebra: TermeLösen,1,regulation,2.1507426574126,1,4.0230266961372,0.32285345704235,0.1940878730544,0.24341569490145,0.41164830638065,0.33607032387167,0.48024720787901,0.5346067709195,-0.8417547906102998,False,True,True
1192,3,2,2025-12-10,Lineare Funktion/Gleichung: Üb,1,kognition,2.5326051745112,1,4.0096002650977,0.63163375167823,0.015541942208395,0.17179344520515,0.22267654332557,0.47982510846894,0.45027324687481,0.29785281840573,-0.01342643103950003,False,True,True
1193,3,2,2025-12-10,Lineare Funktion/Gleichung: Üb,1,kognition,2.0025209823477,1,4.1753366045791,0.47960592784119,0.20384347683099,0.27356109825585,0.38796629419017,0.38566077691678,0.43325305356153,0.40819754744271,0.1657363394814002,False,False,True
1195,3,2,2025-12-10,Lineare Funktion/Gleichung: Üb,1,kognition,2.4036580249543,1,4.6452590913521,0.51744214978398,0.058805209392942,0.10773919193437,0.37190440664099,0.39890677270429,0.45305062017137,0.46312974922747,2.9223411665213,False,False,True
1188,1,2,2026-01-19,Wurzelfunktion/-rechnung: Wurz/Terme,1,performanz,1.5752921706211,1,3.3390173794307,0.4453971633637,0.10840822376021,0.24513638282625,0.41734687449694,0.34808714570617,0.47178174708159,0.46027176364271,-1.3062417119214005,False,True,True
1189,1,2,2026-01-19,Wurzelfunktion/-rechnung: Wurz/Terme,1,kognition,2.0772518399554,1,3.5046583852388,0.59270995472911,0.037629046859325,0.10166548436159,0.31605277833603,0.40263592842087,0.44426987951362,0.42137466894537,0.16564100580810015,False,True,True
1190,1,2,2026-01-19,Wurzelfunktion/-rechnung: Wurz/Terme,1,performanz,1.171031134971,1,2.3554216638968,0.19785571730366,0.33095686675477,0.41928909416486,0.49146919269571,0.22256410971708,0.4971620076779,0.37048889297316,-1.149236721342,False,True,True
1191,1,2,2026-01-19,Wurzelfunktion/-rechnung: Wurz/Terme,1,performanz,1.7576385021604,1,3.4507597507663,0.44464530526223,0.098341955792704,0.27435660761333,0.36291912005201,0.37409352724782,0.50934679190639,0.43156883465415,1.0953380868695,False,False,True
1184,3,2,2026-01-21,Wurzelfunktion/-rechnung: Wurzeln/Terme,1,kognition,2.4094215925566,1,4.2594688496216,0.56566112372425,0.15795064898133,0.28567285882329,0.30089662149189,0.44599474773836,0.43175599614785,0.31241330937636,1.9801787421741,False,True,True
1185,3,2,2026-01-21,Wurzelfunktion/-rechnung: Wurzeln/Terme,1,performanz,1.9577799980576,1,3.7807537621279,0.51042066750317,0.03083949094383,0.14821465789205,0.36597314714407,0.37761274092899,0.5178265877569,0.41457772698257,-0.4787150874936996,False,True,True
1187,3,2,2026-01-21,Wurzelfunktion/-rechnung: Wurzeln/Terme,1,kognition,1.5679450357693,1,3.3382596654507,0.46968795001694,0.2578340565044,0.30387580638691,0.43188083890633,0.42832555400254,0.39854218751068,0.30290034274905,0.9828380015539002,False,True,True
294,1,3,2025-08-26,Prozent- und Zinsrechnung: Prozentr,1,kognition,2.1740412824802,1,3.5213129836393,0.61739331852865,0.0,0.30075818626489,0.29661220180336,0.44033243717446,0.45440135012021,0.20003070633707,3.5213129836393,True,True,True
295,1,3,2025-08-26,Prozent- und Zinsrechnung: Prozentr,1,kognition,2.0758103279544,1,4.4037939267681,0.47136756369572,0.19326863389136,0.25936949549562,0.3896542953049,0.38321455826266,0.44758563467458,0.41733201464963,0.8824809431288001,False,False,True
296,1,3,2025-08-26,Prozent- und Zinsrechnung: Prozentr,1,kognition,2.2009129520582,1,3.5655874874173,0.61726343476093,0.037799812012656,0.18382639127447,0.28178965695487,0.46623570321268,0.46595771324522,0.26431334205833,-0.8382064393507997,False,False,True
297,1,3,2025-08-26,Prozent- und Zinsrechnung: Prozentr,1,methodik,2.0534298272575,1,3.8995392280503,0.51572033646035,0.023111379596837,0.14713864022183,0.29720121974227,0.52658133214136,0.45873431996406,0.3684967432254,0.3339517406329997,False,True,True
289,1,3,2025-09-02,Grundrechenarten: schrftlSub,1,kognition,2.0547114305757,1,4.0202243037138,0.51109245764048,0.032870016624614,0.15348776998845,0.35931223423551,0.44420521406901,0.50173089465934,0.36875892782791,0.12068507566349984,False,True,True
290,1,3,2025-09-02,Grundrechenarten: schrftlSub,1,kognition,2.6228056368715,1,4.6361765459891,0.56572478498315,0.048988682338982,0.17044432813436,0.3147111289115,0.48920271513479,0.42441388016159,0.36056963398192,0.6159522422753003,False,False,True
291,1,3,2025-09-02,Grundrechenarten: schrftlSub,1,kognition,0.811,1,0.99141868047763,0.81801143740294,0.0,0.17853023972912,0.0,0.48515844807745,0.25216135554961,0.0,-3.64475786551147,False,False,True
292,1,3,2025-09-02,Grundrechenarten: schrftlSub,1,motivation,1.8151486855143,1,2.9587323352089,0.20418107569392,0.27982740008289,0.36160357600822,0.61348656958536,0.19574299446748,0.33674943419556,0.47027814781919,1.96731365473127,False,True,True
293,1,3,2025-09-02,Grundrechenarten: schrftlSub,1,performanz,1.5570911828289,1,2.5553402422033,0.44652012702407,0.031112132778026,0.17952669910686,0.37349850335762,0.31353891804787,0.60934550462497,0.39787487959923,-0.4033920930056003,False,True,True
284,1,3,2025-09-09,Dezimalzahlen: GRA,1,kognition,2.1928329711058,1,3.9028243912711,0.56185652560873,0.035514064351567,0.10716096158394,0.3336892807476,0.43935402011948,0.47241530936597,0.37948739649417,1.3474841490678,False,True,True
285,1,3,2025-09-09,Dezimalzahlen: GRA,1,kognition,1.8124059963247,1,2.7008782028216,0.67104073187158,0.0,0.13221920340388,0.18986342323182,0.46057081054162,0.46390437256253,0.26236264134944,-1.2019461884495,False,False,True
286,1,3,2025-09-09,Dezimalzahlen: GRA,1,kognition,2.4036580249543,1,4.6452590913521,0.51744214978398,0.058805209392942,0.10773919193437,0.37190440664099,0.39890677270429,0.45305062017137,0.46312974922747,1.9443808885305005,False,False,True
287,1,3,2025-09-09,Dezimalzahlen: GRA,1,performanz,1.7576385021604,1,3.4507597507663,0.44464530526223,0.098341955792704,0.27435660761333,0.36291912005201,0.37409352724782,0.50934679190639,0.43156883465415,-1.1944993405858004,False,True,True
288,1,3,2025-09-09,Dezimalzahlen: GRA,1,regulation,1.0748847029185,1,2.1705909655679,0.41016065224904,0.049968981073429,0.032170610827381,0.39633397743253,0.46323979442207,0.45970750767414,0.49520143037311,-1.2801687851983998,False,True,True
279,1,3,2025-09-16,Grundrechenarten: schrSubMulDiv,1,performanz,2.1834193470863,1,4.7272578340427,0.40939526234525,0.19494675496675,0.26216929806182,0.43140491422681,0.38087108066135,0.46187764766845,0.42561763210998,2.5566668684747995,False,True,True
280,1,3,2025-09-16,Grundrechenarten: schrSubMulDiv,1,performanz,1.4780206620485,1,3.1813676431278,0.43697363840821,0.31432923474525,0.046982968609961,0.43014855236104,0.39172434957001,0.46458510363938,0.39207451324792,-1.5458901909148994,False,False,True
281,1,3,2025-09-16,Grundrechenarten: schrSubMulDiv,1,kognition,1.9788076577981,1,3.9084723722527,0.50628542470759,0.047586876996102,0.076347252476498,0.38277239334217,0.41463234038027,0.45983069878252,0.45353895477639,0.7271047291248998,False,True,True
282,1,3,2025-09-16,Grundrechenarten: schrSubMulDiv,1,regulation,1.9791706721549,1,4.2157345291432,0.37487060772453,0.2035061245517,0.30634878400679,0.42635033914532,0.34151654325095,0.45320148723103,0.46947120691802,0.30726215689049985,False,True,True
283,1,3,2025-09-16,Grundrechenarten: schrSubMulDiv,1,kognition,1.6888048282246,1,2.9577030053811,0.57098333244371,0.12918868316988,0.18093008063565,0.24439236341089,0.45122094503958,0.30452175143757,0.51815479977421,-1.2580315237620998,False,True,True
275,1,3,2025-09-23,Brüche: MulDiv,1,performanz,2.1834193470863,1,4.7272578340427,0.40939526234525,0.19494675496675,0.26216929806182,0.43140491422681,0.38087108066135,0.46187764766845,0.42561763210998,1.7695548286615996,False,True,True
276,1,3,2025-09-23,Brüche: MulDiv,1,performanz,-1.8674785612985,-1,2.1129969924978,-0.23666123224212,0.09973348232948,-0.23115913641968,-0.28495457071789,-0.12530584779423,-0.88380141094134,0.050941979720327,-2.6142608415449,True,False,True
277,1,3,2025-09-23,Brüche: MulDiv,1,kognition,1.8029567262567,1,2.8302921275034,0.63701917499778,0.024644046485899,0.13359004791805,0.25665014126029,0.49405099557782,0.4301991766448,0.28411065020172,0.7172951350056,True,True,True
278,1,3,2025-09-23,Brüche: MulDiv,1,regulation,2.313833831872,1,4.9946265310618,0.41890779460302,0.17740135474721,0.18447467974737,0.43405868844984,0.40459236989813,0.43851444065215,0.46326370647438,2.1643344035584002,False,True,True
273,1,3,2025-09-30,Brüche: GRA,1,regulation,1.0748847029185,1,2.1705909655679,0.41016065224904,0.049968981073429,0.032170610827381,0.39633397743253,0.46323979442207,0.45970750767414,0.49520143037311,-2.8240355654939,False,False,True
274,1,3,2025-09-30,Brüche: GRA,1,regulation,1.9603476546835,1,4.105530115666,0.40874243667907,0.052973024371062,0.031854050439072,0.42453459808445,0.46443239119492,0.45296988137695,0.47748836924115,1.9349391500981001,False,False,True
268,1,3,2025-10-07,Dezimalzahlen: Üb,1,kognition,1.919667488646,1,3.1988921097457,0.60010197961283,0.028359326892356,0.086449473354213,0.30337364378423,0.40429765756495,0.44207952411901,0.42504956153813,-0.9066380059203003,False,True,True
269,1,3,2025-10-07,Dezimalzahlen: Üb,1,methodik,1.3071304723696,1,2.3428052989296,0.51447576205092,0.042683689169047,0.09160513239389,0.31116409404235,0.55793150786012,0.39453333050523,0.40165351508073,-0.8560868108160999,False,True,True
270,1,3,2025-10-07,Dezimalzahlen: Üb,1,kognition,2.1820491743331,1,4.4336617364237,0.49215397621954,0.1998670220788,0.11445072171214,0.39248883283008,0.46126862894737,0.42771883525212,0.39366803854352,2.0908564374940997,False,True,True
271,1,3,2025-10-07,Dezimalzahlen: Üb,1,kognition,1.8346238946577,1,3.050519966414,0.60141153008057,0.25796034376092,0.36992244687776,0.36833268059845,0.37038652482427,0.38425337642634,0.12002358492601,-1.3831417700096997,False,False,True
272,1,3,2025-10-07,Dezimalzahlen: Üb,1,performanz,1.8125938090566,1,3.4721038792412,0.39217224110269,0.21769801896299,0.29717024810151,0.46920701499411,0.33079089078195,0.52204330620997,0.32921959148461,0.4215839128272001,False,True,True
263,1,3,2025-10-21,Weitere Themen: eINHEITEN,1,regulation,2.277567118539,1,4.625382459712,0.41206440660338,0.076103306416224,0.056677556557064,0.41773809565796,0.4613570321833,0.43746573804472,0.49240516094084,1.1532785804708001,False,True,True
264,1,3,2025-10-21,Weitere Themen: eINHEITEN,1,kognition,2.1688746734496,1,3.1172442691244,0.69576444081953,0.0,0.16369007378504,0.15193693723741,0.48658802563816,0.43032265210642,0.20995395265513,-1.5081381905876001,False,True,True
265,1,3,2025-10-21,Weitere Themen: eINHEITEN,1,kognition,1.8941985677148,1,3.5717878102127,0.5303207707611,0.0025796929428273,0.21368847062502,0.26998418773395,0.48896612273076,0.52657343227264,0.289527119649,0.4545435410883001,False,False,True
266,1,3,2025-10-21,Weitere Themen: eINHEITEN,1,motivation,1.2623925324906,1,2.6261746889041,0.41358193012077,0.4120300862581,0.035560809429602,0.48069449868637,0.29942201539725,0.42667263452277,0.39387653764832,-0.9456131213085999,False,True,True
267,1,3,2025-10-21,Weitere Themen: eINHEITEN,1,kognition,2.1107934644134,1,3.6856067041269,0.5727110640805,0.23541902145029,0.25560735813441,0.39136333009483,0.38505679553671,0.38612816516834,0.31734905313491,1.0594320152227996,False,True,True
258,1,3,2025-10-28,Weitere Themen: EinhUmr/DezZ,1,kognition,2.4326861730502,1,4.9394420737157,0.49250122012423,0.065627662434388,0.11087900069211,0.40607281181281,0.40499815995921,0.44606679359696,0.46145761870759,1.2538353695888,False,False,True
259,1,3,2025-10-28,Weitere Themen: EinhUmr/DezZ,1,kognition,2.4784503914436,1,3.9956993418333,0.62027794802174,0.017456248999166,0.13276811815846,0.24254013544875,0.49304966323876,0.45222844057314,0.30146959684203,-0.9437427318823999,False,False,True
260,1,3,2025-10-28,Weitere Themen: EinhUmr/DezZ,1,kognition,1.8346238946577,1,3.050519966414,0.60141153008057,0.25796034376092,0.36992244687776,0.36833268059845,0.37038652482427,0.38425337642634,0.12002358492601,-0.9451793754193001,False,False,True
261,1,3,2025-10-28,Weitere Themen: EinhUmr/DezZ,1,motivation,0.292,1,0.47720959755646,0.42538068645846,0.16763770894915,0.25145656342372,0.61187763766439,0.0,0.52386784046609,0.28079316248982,-2.57331036885754,False,True,True
262,1,3,2025-10-28,Weitere Themen: EinhUmr/DezZ,1,regulation,1.0959483968476,1,1.6538928464461,0.23508177141809,0.28196494490937,0.27712264868538,0.4160507871843,0.21827158758189,0.35858859808376,0.66264375758378,1.1766832488896402,False,True,True
254,1,3,2025-11-04,Weitere Themen: VorbLK,1,regulation,2.2831943720438,1,4.6221765003632,0.42028364349602,0.07674949586674,0.058605948586205,0.41798896030911,0.44907287797465,0.44005726793527,0.4939641383714,2.9682836539171005,False,False,True
255,1,3,2025-11-04,Weitere Themen: VorbLK,1,kognition,1.752927244018,1,3.2645506643148,0.53695655381115,0.12160901291853,0.19430850592622,0.27023992750622,0.42310320660401,0.44252841115942,0.45961902581514,-1.3576258360484004,False,True,True
256,1,3,2025-11-04,Weitere Themen: VorbLK,1,motivation,2.0519663720169,1,4.2418067613595,0.35687517920945,0.29880068688514,0.34641805694199,0.4837470563814,0.35222911961893,0.45040191257754,0.32001503204027,0.9772560970447004,False,True,True
257,1,3,2025-11-04,Weitere Themen: VorbLK,1,regulation,2.3378029514569,1,4.1845300685627,0.38787318485344,0.19216826862418,0.17250246888137,0.41054464039032,0.35562121575469,0.41920331406745,0.55867620172171,-0.057276692796800255,False,True,True
1363,1,3,2025-11-11,Brüche: Br Add Sub,1,kognition,1.752927244018,1,3.2645506643148,0.53695655381115,0.12160901291853,0.19430850592622,0.27023992750622,0.42310320660401,0.44252841115942,0.45961902581514,-0.9199794042479001,False,True,True
1364,1,3,2025-11-11,Brüche: Br Add Sub,1,motivation,0.85188551646247,1,1.5890209998845,0.33406255970934,0.45645506608696,0.46047891028742,0.53610377426518,0.18684581263477,0.36274856741847,0.11871153327529,-1.6755296644303,False,True,True
1365,1,3,2025-11-11,Brüche: Br Add Sub,1,regulation,1.0959483968476,1,1.6538928464461,0.23508177141809,0.28196494490937,0.27712264868538,0.4160507871843,0.21827158758189,0.35858859808376,0.66264375758378,0.06487184656160006,False,True,True
1366,1,3,2025-11-11,Brüche: Br Add Sub,1,regulation,2.3556487699433,1,4.8061660753965,0.41195645886382,0.11739574529303,0.15525898219208,0.4125302752567,0.39087145664052,0.47876083040477,0.49012951939113,3.1522732289504,False,False,True
1359,1,3,2025-11-18,Brüche: MulDiv,1,performanz,2.1625397852702,1,4.5039203437359,0.43533203634603,0.17064144437225,0.24094742665989,0.42185314901355,0.37315321830169,0.48014503338796,0.41900448192064,-0.30224573166059976,False,True,True
1360,1,3,2025-11-18,Brüche: MulDiv,1,kognition,2.0091885173157,1,4.2213360198657,0.47595921013356,0.044183633659317,0.17610920172818,0.44111260639987,0.35438699787956,0.44543989511757,0.47106716304508,-0.28258432387019994,False,True,True
1361,1,3,2025-11-18,Brüche: MulDiv,1,regulation,2.0503520248393,1,3.788560861412,0.42305072816494,0.13650512716474,0.12174394568873,0.41804397309032,0.35861843602135,0.43738840144154,0.5411940543921,-0.4327751584537003,False,True,True
1362,1,3,2025-11-18,Brüche: MulDiv,1,kognition,1.7353345284312,1,2.9900649591247,0.58036489123308,0.10643085034257,0.28652846723075,0.23051807041907,0.42718416964422,0.47692739623724,0.32658716896938,-0.7984959022872999,False,True,True
1355,1,3,2025-11-25,Grundrechenarten: Gleichungen,1,performanz,1.0546278376074,1,2.0383290573272,0.42436159039773,0.070587328205849,0.083951372778933,0.46633964595264,0.35371936646566,0.5173956873447,0.44450947338743,-0.9517359017975,False,True,True
1356,1,3,2025-11-25,Grundrechenarten: Gleichungen,1,kognition,2.1969604991137,1,3.9082087439743,0.56213857080057,0.033812121852611,0.13194589398309,0.32139828186305,0.47968884541538,0.45640853074794,0.35176006075289,1.8698796866471001,False,True,True
1357,1,3,2025-11-25,Grundrechenarten: Gleichungen,1,motivation,2.2556815328026,1,3.8951583485864,0.2391371841856,0.33938906522206,0.43956258028038,0.57909731517026,0.20940395236406,0.37115745117724,0.34270468881762,-0.013050395387899982,False,True,True
1358,1,3,2025-11-25,Grundrechenarten: Gleichungen,1,kognition,1.7197401550854,1,2.6745080662689,0.64300936186405,0.0086656749691408,0.11409784127781,0.22665812140119,0.51583615204378,0.42030259628855,0.28164331889844,-1.2206502823175,False,True,True
1350,1,3,2025-12-02,Algebra: GlLös,1,kognition,1.9138365334644,1,3.2342344427424,0.59174146152093,0.038405650800278,0.099214849723068,0.31748586916428,0.39987967905516,0.44424680314885,0.42480704035474,0.5597263764734999,False,False,True
1351,1,3,2025-12-02,Algebra: GlLös,1,performanz,-1.4552652158942,-1,2.4366088452089,-0.21141108626145,-0.15707180025819,-0.29598138611071,-0.37273403427469,-0.25021502605258,-0.59724778816174,-0.53364545639735,-0.7976255975335,True,True,True
1352,1,3,2025-12-02,Algebra: GlLös,1,methodik,1.9207781227253,1,3.6468173346965,0.35031339553152,0.064452005358857,0.039006272713196,0.40867614313034,0.52669840012734,0.41797943641156,0.50245923861579,1.2102084894876,True,True,True
1353,1,3,2025-12-02,Algebra: GlLös,1,kognition,1.476804441708,1,2.2750429610691,0.6491296980682,0.023747304322574,0.1296647252377,0.24731121215937,0.49460779137771,0.42484572162162,0.27377249411881,-1.3717743736274,False,True,True
1354,1,3,2025-12-02,Algebra: GlLös,1,performanz,2.3014253844218,1,4.5347833117075,0.41476969392919,0.051856732935361,0.10098465693496,0.42176385072412,0.42040859468173,0.50750392051611,0.45042902589896,2.2597403506384,False,True,True
1346,1,3,2025-12-09,Algebra: Temre,1,performanz,1.2891289111005,1,1.5980456774963,0.24995753215279,0.0,0.21901614876669,0.35735959063486,0.22234597739977,0.80668585535155,0.24830417560185,-2.9367376342112,False,False,True
1347,1,3,2025-12-09,Algebra: Temre,1,kognition,1.6662193362077,1,3.0045876008173,0.55455656882455,0.13213083838315,0.2111204192588,0.25222496970111,0.43296993128715,0.41757439605066,0.45274848720097,1.4065419233209997,False,True,True
1348,1,3,2025-12-09,Algebra: Temre,1,methodik,1.6923157810732,1,3.4333342274091,0.45560273520211,0.048083977176934,0.071709281313335,0.3792497481292,0.49290594504422,0.4472213857957,0.44516561249039,0.4287466265918001,False,True,True
1349,1,3,2025-12-09,Algebra: Temre,1,kognition,1.8702221947077,1,3.8832180547468,0.4816153386669,0.25004110096737,0.12597543181763,0.39902106190031,0.41894612832276,0.48031524461567,0.35244113427872,0.44988382733769994,False,True,True
1341,1,3,2026-01-06,Gleichungen und Ungleichungen: Zuordnungen,19,kognition,1.9138365334644,1,3.2342344427424,0.59174146152093,0.038405650800278,0.099214849723068,0.31748586916428,0.39987967905516,0.44424680314885,0.42480704035474,-0.6489836120043999,False,False,True
1342,1,3,2026-01-06,Gleichungen und Ungleichungen: Zuordnungen,19,methodik,2.3478293915917,1,4.8610905793176,0.47994405849977,0.055198548943196,0.10402802334362,0.36838272977433,0.48298309267266,0.43924951826585,0.44029789265196,1.6268561365752001,False,True,True
1343,1,3,2026-01-06,Gleichungen und Ungleichungen: Zuordnungen,19,kognition,1.1102486082864,1,1.9518307068104,0.56882132051685,0.32907483161997,0.24524610837736,0.4529016046312,0.34467320129384,0.23152682345413,0.36120909593686,-2.9092598725072003,False,True,True
1344,1,3,2026-01-06,Gleichungen und Ungleichungen: Zuordnungen,19,performanz,2.0419955009538,1,3.3071324215857,0.45520654008634,0.018738803433432,0.21117659791171,0.3576062310987,0.37479611705478,0.61745012480432,0.31342504302348,1.3553017147753,False,True,True
1345,1,3,2026-01-06,Gleichungen und Ungleichungen: Zuordnungen,19,kognition,2.0635169573234,1,3.5459767256588,0.5819302543892,0.025556217949941,0.16336965941252,0.27651007972838,0.44722713027514,0.40033995329892,0.44414723291951,0.2388443040731003,False,True,True
1336,1,3,2026-01-13,Geometrie: Flächeninhalt Sachaufgaben,19,kognition,2.1928329711058,1,3.9028243912711,0.56185652560873,0.035514064351567,0.10716096158394,0.3336892807476,0.43935402011948,0.47241530936597,0.37948739649417,0.35684766561229964,False,False,True
1337,1,3,2026-01-13,Geometrie: Flächeninhalt Sachaufgaben,19,kognition,2.0025209823477,1,4.1753366045791,0.47960592784119,0.20384347683099,0.27356109825585,0.38796629419017,0.38566077691678,0.43325305356153,0.40819754744271,0.27251221330800046,False,False,True
1338,1,3,2026-01-13,Geometrie: Flächeninhalt Sachaufgaben,19,regulation,1.7816850647611,1,3.7945306446695,0.383394548246,0.288480981131,-0.019772135789809,0.45100262381218,0.4258566687896,0.40517518881483,0.46953906456739,-0.3808059599096003,False,True,True
1339,1,3,2026-01-13,Geometrie: Flächeninhalt Sachaufgaben,19,sozial,1.5587443540156,1,2.8888755659315,0.37831587943523,0.53956597395126,0.029926290388881,0.46983040777715,0.25197936507438,0.39635197416013,0.35144565621995,-0.905655078738,False,True,True
1340,1,3,2026-01-13,Geometrie: Flächeninhalt Sachaufgaben,19,performanz,2.3369126707959,1,4.6528861597638,0.45163227136925,0.21250462012127,0.1734894590181,0.40952500747516,0.40519201492762,0.50224904888369,0.3696238348482,1.7640105938323,False,True,True
1332,1,3,2026-01-27,Algebra: Dreisatz,19,kognition,2.1266007185707,1,4.2434364120772,0.50114942244074,0.11396715072385,0.17824852421908,0.34183623305069,0.44985360536929,0.43478865646368,0.44251784498799,-0.40944974768660014,False,True,True
1333,1,3,2026-01-27,Algebra: Dreisatz,19,kognition,1.8706043338075,1,3.4522478891995,0.54184953553435,0.028966549779741,0.10377305345183,0.30141773302564,0.50406736303315,0.44719022762149,0.38713011245978,-0.7911885228776998,False,False,True
1334,1,3,2026-01-27,Algebra: Dreisatz,19,regulation,1.6593102589405,1,3.445161991689,0.35697457681494,0.30867452774446,-0.051124322883014,0.44905706607895,0.45666641004076,0.36400878395462,0.48163350420338,-0.00708589751050015,False,True,True
1335,1,3,2026-01-27,Algebra: Dreisatz,19,performanz,1.6859498552702,1,2.8674352088813,0.41373391072764,0.1011662724033,0.30642597316211,0.28072842674595,0.37441986092981,0.5879623610761,0.39998420555291,-0.5777267828076997,False,True,True
3104,7,4,2025-08-22,Lineare Funktion/Gleichung: komplÜb,1,kognition,2.1982887533958,1,3.8014751741185,0.57827103163846,0.032586441728781,0.11160103015591,0.31828824440691,0.455066960453,0.4635561282402,0.35889142885283,,False,False,True
3105,7,4,2025-08-22,Lineare Funktion/Gleichung: komplÜb,1,kognition,2.200270088071,1,4.1990309356057,0.52399348370573,0.021963229774419,0.18362881266575,0.31281566223708,0.46688529305889,0.50392461571568,0.34849477471601,0.39755576148720007,False,False,True
3106,7,4,2025-08-22,Lineare Funktion/Gleichung: komplÜb,1,kognition,2.0091885173157,1,4.2213360198657,0.47595921013356,0.044183633659317,0.17610920172818,0.44111260639987,0.35438699787956,0.44543989511757,0.47106716304508,0.022305084260000108,False,False,True
3107,7,4,2025-08-22,Lineare Funktion/Gleichung: komplÜb,1,kognition,2.1820491743331,1,4.4336617364237,0.49215397621954,0.1998670220788,0.11445072171214,0.39248883283008,0.46126862894737,0.42771883525212,0.39366803854352,0.21232571655799948,False,False,True
3108,7,4,2025-08-22,Lineare Funktion/Gleichung: komplÜb,1,kognition,1.65799276022,1,2.5548891531968,0.64894645964613,0.0,0.26242424293343,0.17143533804532,0.43067955000217,0.53294810871909,0.10528791309176,-1.8787725832268998,False,False,True
729,0,4,2025-09-01,"Weitere Themen: Texproduktion, Vokabeln lernen",22,regulation,1.7810357015046,1,3.5846603474751,0.44499407838611,0.049847783190915,0.036900952175072,0.39802316963037,0.42437609028194,0.46125148062342,0.49684783504823,1.0297711942783003,False,True,True
730,0,4,2025-09-01,"Weitere Themen: Texproduktion, Vokabeln lernen",22,kognition,2.2430348647762,1,4.0951626757308,0.54772656549237,0.21051701906597,0.32274620042444,0.31662659543677,0.45281566211448,0.36797482837009,0.33287880879993,0.5105023282557002,False,True,True
731,0,4,2025-09-01,"Weitere Themen: Texproduktion, Vokabeln lernen",22,kognition,1.8941985677148,1,3.5717878102127,0.5303207707611,0.0025796929428273,0.21368847062502,0.26998418773395,0.48896612273076,0.52657343227264,0.289527119649,-0.5233748655181003,False,False,True
732,0,4,2025-09-01,"Weitere Themen: Texproduktion, Vokabeln lernen",22,motivation,1.8151486855143,1,2.9587323352089,0.20418107569392,0.27982740008289,0.36160357600822,0.61348656958536,0.19574299446748,0.33674943419556,0.47027814781919,-0.6130554750038,False,True,True
733,0,4,2025-09-01,"Weitere Themen: Texproduktion, Vokabeln lernen",22,kognition,1.8644313920995,1,3.3659078131316,0.55391471081846,0.027419524844313,0.15221827542323,0.29709727428258,0.43315863907753,0.40624546152473,0.47783024759156,0.4071754779226997,False,True,True
724,0,4,2025-09-02,Lineare Funktion/Gleichung: VorbLK,1,kognition,1.7309928114047,1,3.211982786319,0.53891553517106,0.035976939506018,0.095600382905333,0.34663014681735,0.46494090479967,0.46730541134064,0.38004367486155,-0.15392502681259979,False,False,True
725,0,4,2025-09-02,Lineare Funktion/Gleichung: VorbLK,1,motivation,1.2801121571725,1,2.2824880971967,0.18999154155255,0.33325634858939,0.30542652944911,0.56083821438656,0.18777796587472,0.51301237346844,0.38284139084722,-0.9294946891223002,False,True,True
726,0,4,2025-09-02,Lineare Funktion/Gleichung: VorbLK,1,regulation,0.47888898712129,1,0.77591450022383,-0.045064875860352,0.036913149846499,-0.11263625383988,0.53921073390568,0.19704523588595,0.52287806556497,0.61718503151163,-1.5065735969728697,False,True,True
727,0,4,2025-09-02,Lineare Funktion/Gleichung: VorbLK,1,performanz,2.1296617818885,1,4.1758633815523,0.43867325516652,0.04495104170913,0.097467221646455,0.41063104598145,0.38849258744244,0.50999194355286,0.46519286477064,3.3999488813284695,False,True,True
728,0,4,2025-09-02,Lineare Funktion/Gleichung: VorbLK,1,motivation,1.9323937282884,1,4.094843055123,0.3779217885154,0.27275714624174,0.33240350281161,0.47190795427221,0.3699431106647,0.45875909404899,0.31979174360427,-0.08102032642929924,False,True,True
719,0,4,2025-09-16,Funktionen: Sinusfunktion,19,kognition,2.200270088071,1,4.1990309356057,0.52399348370573,0.021963229774419,0.18362881266575,0.31281566223708,0.46688529305889,0.50392461571568,0.34849477471601,1.8137819892682,False,True,True
720,0,4,2025-09-16,Funktionen: Sinusfunktion,19,methodik,1.3071304723696,1,2.3428052989296,0.51447576205092,0.042683689169047,0.09160513239389,0.31116409404235,0.55793150786012,0.39453333050523,0.40165351508073,-1.8562256366761,False,True,True
721,0,4,2025-09-16,Funktionen: Sinusfunktion,19,regulation,2.3556487699433,1,4.8061660753965,0.41195645886382,0.11739574529303,0.15525898219208,0.4125302752567,0.39087145664052,0.47876083040477,0.49012951939113,2.4633607764669,False,True,True
722,0,4,2025-09-16,Funktionen: Sinusfunktion,19,kognition,2.1820491743331,1,4.4336617364237,0.49215397621954,0.1998670220788,0.11445072171214,0.39248883283008,0.46126862894737,0.42771883525212,0.39366803854352,-0.3725043389728002,False,True,True
723,0,4,2025-09-16,Funktionen: Sinusfunktion,19,kognition,1.2976,1,1.5862698887642,0.81801453147773,0.0,0.17853091500809,0.0,0.48516028315757,0.25216230933346,0.0,-2.8473918476595,False,False,True
714,7,4,2025-09-19,Trigonometrie: Üb,1,kognition,2.2121390502788,1,3.8761674124937,0.57070118698608,0.025560535840583,0.13032942806574,0.27745936801483,0.50759136562589,0.44230701292828,0.3555104859237,1.6952199570292996,False,False,True
715,7,4,2025-09-19,Trigonometrie: Üb,1,regulation,-1.9141838968253,-1,3.6260073978392,-0.30431796510552,-0.25579084870684,-0.28715111922245,-0.46187682296947,-0.36033545666754,-0.37100859071744,-0.52790256824637,-0.2501600146545,True,True,True
716,7,4,2025-09-19,Trigonometrie: Üb,1,performanz,1.5410807252831,1,3.2610617527124,0.46727819350693,0.10274601857145,0.26333744255978,0.35239019234587,0.39118686035569,0.47256878785366,0.44856921128522,-0.3649456451267996,True,True,True
717,7,4,2025-09-19,Trigonometrie: Üb,1,kognition,-1.050345466992,-1,1.3715914893112,-0.76578034886759,0.059010593460357,-0.16770962537551,0.19085118667002,-0.22828639255172,-0.1109348857062,0.53019968494724,-1.8894702634012002,True,True,True
708,3,4,2025-09-24,Trigonometrie: SinCos,1,kognition,1.2955716240704,1,2.2281129454848,0.58146325663753,0.041658990190015,0.10229094099513,0.35561127941091,0.4362476415685,0.45813260815111,0.35076448436558,0.8565214561736001,True,False,True
709,3,4,2025-09-24,Trigonometrie: SinCos,1,kognition,1.8346726067272,1,3.2578547618,0.56315186199242,0.031352009134577,0.21853304168741,0.26739485678908,0.44746296860024,0.50787483501136,0.32319380690867,1.0297418163152,False,False,True
710,3,4,2025-09-24,Trigonometrie: SinCos,1,performanz,1.248509775387,1,2.2668578884517,0.52534354849009,0.023289622519174,0.15838434514459,0.33262090686677,0.42443862641764,0.55076424248072,0.32287963694482,-0.9909968733482999,False,True,True
711,3,4,2025-09-24,Trigonometrie: SinCos,1,kognition,0.88114242044713,1,1.5052760208431,0.58536544433833,0.03587358100207,0.1082012486437,0.26151840550509,0.56386977692464,0.37953235863709,0.33757039722948,-0.7615818676086001,False,True,True
712,3,4,2025-09-24,Trigonometrie: SinCos,1,regulation,1.6521674795534,1,3.5054604059233,0.41704868780184,0.057308012801041,0.04481777131057,0.43363810755397,0.44022910936058,0.4656113369475,0.47131120455665,2.0001843850802,False,True,True
703,7,4,2025-09-26,Weitere Themen: trFkt,1,kognition,1.9138365334644,1,3.2342344427424,0.59174146152093,0.038405650800278,0.099214849723068,0.31748586916428,0.39987967905516,0.44424680314885,0.42480704035474,-0.2712259631809002,False,True,True
704,7,4,2025-09-26,Weitere Themen: trFkt,1,kognition,2.200270088071,1,4.1990309356057,0.52399348370573,0.021963229774419,0.18362881266575,0.31281566223708,0.46688529305889,0.50392461571568,0.34849477471601,0.9647964928633002,False,False,True
705,7,4,2025-09-26,Weitere Themen: trFkt,1,kognition,1.5861124005689,1,2.9527644831699,0.53716002004533,0.052664511835536,0.078596872669297,0.35992936984812,0.36955557253962,0.45132569443746,0.48237533669497,-1.2462664524358003,False,False,True
706,7,4,2025-09-26,Weitere Themen: trFkt,1,methodik,1.9207781227253,1,3.6468173346965,0.35031339553152,0.064452005358857,0.039006272713196,0.40867614313034,0.52669840012734,0.41797943641156,0.50245923861579,0.6940528515266,False,True,True
707,7,4,2025-09-26,Weitere Themen: trFkt,1,regulation,2.1995823178481,1,4.4022111192169,0.38015269720671,0.19096170639702,0.20959935680266,0.44100657534342,0.40273763842269,0.41078430713137,0.49965284756969,0.7553937845204,False,True,True
700,0,4,2025-10-23,Trigonometrie: Sin/cos,1,kognition,1.6517086769815,1,3.1105149252108,0.53100641103836,0.037516048702287,0.13871477916169,0.36888022758025,0.4065452396975,0.52667608483763,0.34443746200904,-1.2916961940060996,False,True,True
702,0,4,2025-10-23,Trigonometrie: Sin/cos,1,regulation,1.1071349014458,1,2.2195795672921,0.40347494087039,0.22505599482653,0.25839719873117,0.41135780614535,0.40386812537331,0.3723598683429,0.49880163331123,1.34627066897776,False,True,True
695,7,4,2025-10-24,Trigonometrie: sin,1,performanz,2.0870902816588,1,4.4145152628884,0.43968804871547,0.17418202291411,0.23306809459268,0.42217648532543,0.37570820245601,0.47277796758904,0.42320341528376,2.1949356955962998,False,True,True
696,7,4,2025-10-24,Trigonometrie: sin,1,kognition,2.7431027601632,1,4.4247995695105,0.61993690735636,0.028768242753371,0.20958625007286,0.24606156155614,0.50280793819869,0.42502155926261,0.27733420685918,0.010284306622100559,False,True,True
697,7,4,2025-10-24,Trigonometrie: sin,1,motivation,0.292,1,0.47720959755646,0.42538068645846,0.16763770894915,0.25145656342372,0.61187763766439,0.0,0.52386784046609,0.28079316248982,-3.94758997195404,False,True,True
699,7,4,2025-10-24,Trigonometrie: sin,1,performanz,2.3369126707959,1,4.6528861597638,0.45163227136925,0.21250462012127,0.1734894590181,0.40952500747516,0.40519201492762,0.50224904888369,0.3696238348482,2.2874618825322,False,True,True
690,0,4,2025-10-27,Trigonometrie: sin/cos,1,performanz,1.4253665391979,1,2.8935343055325,0.39737641086683,0.047325988210371,0.030414216433146,0.39703066566278,0.45471727313677,0.49260228587913,0.48152065627541,-1.7593518542313,False,False,True
691,0,4,2025-10-27,Trigonometrie: sin/cos,1,kognition,2.1149148429999,1,2.9207356266883,0.72410100478276,0.0,0.17470319108147,0.116754695985,0.4966933615981,0.39847706619926,0.16133739667791,0.027201321155799985,False,True,True
692,0,4,2025-10-27,Trigonometrie: sin/cos,1,performanz,1.7349960417186,1,3.0088267944093,0.49568317504876,0.021792505626107,0.18265534692838,0.34599423350428,0.40517032831338,0.57663348339209,0.32260265823754,0.08809116772100012,False,True,True
693,0,4,2025-10-27,Trigonometrie: sin/cos,1,regulation,2.0107729389583,1,4.1826548987587,0.42262531457781,0.16192150458247,0.16866783506966,0.43524035966832,0.39405455354042,0.43691172839776,0.48073966899788,1.1738281043493997,False,True,True
694,0,4,2025-10-27,Trigonometrie: sin/cos,1,regulation,1.4279047558095,1,3.0240571504654,0.33940662801459,0.35165369924952,-0.028935370103071,0.47015906248171,0.44061701743393,0.34950231383445,0.47218024096779,-1.1585977482932996,False,False,True
685,3,4,2025-11-05,Potenzfunktion/-rechnung: ABl,1,performanz,2.0870902816588,1,4.4145152628884,0.43968804871547,0.17418202291411,0.23306809459268,0.42217648532543,0.37570820245601,0.47277796758904,0.42320341528376,1.3904581124229995,False,True,True
686,3,4,2025-11-05,Potenzfunktion/-rechnung: ABl,1,kognition,1.7594039781414,1,2.5582570097871,0.68773273915917,-0.020289100415568,0.11334436936152,0.13487771053507,0.48433041977542,0.44738733935134,0.24664526007838,-1.8562582531012999,False,True,True
687,3,4,2025-11-05,Potenzfunktion/-rechnung: ABl,1,motivation,1.8221612265061,1,3.8471321766507,0.44931392700607,0.17701400363727,0.32602070668933,0.47364020949505,0.33648039015515,0.45262291343093,0.34360840341141,1.2888751668636003,False,True,True
688,3,4,2025-11-05,Potenzfunktion/-rechnung: ABl,1,motivation,1.4861242811003,1,2.8004605290594,0.33885096620996,0.43279391923535,0.46306299029247,0.53066949488643,0.20751475179177,0.36667804651612,0.15591567187912,-1.0466716475913,False,False,True
689,3,4,2025-11-05,Potenzfunktion/-rechnung: ABl,1,kognition,0.93033640217641,1,1.2552525715904,0.74114884266617,-0.11966765199692,-0.027913566952979,0.20778690514458,0.37491300437891,0.48696766266451,0.12128595433586,-1.545207957469,False,True,True
1178,7,4,2025-11-14,Exponentialgleichung/-funktion: exPW,1,performanz,1.5072340371522,1,3.0906410220045,0.46922370585666,0.077011763893507,0.23510808419298,0.4219273012279,0.34983980019771,0.48767525884388,0.42470969885431,1.8353884504141003,False,True,True
1179,7,4,2025-11-14,Exponentialgleichung/-funktion: exPW,1,kognition,2.189211103481,1,4.4107099279058,0.49633872457652,0.020069114607285,0.21068322682328,0.37723372686767,0.44311697942076,0.47270261859914,0.38307628077188,1.3200689059012998,False,True,True
1180,7,4,2025-11-14,Exponentialgleichung/-funktion: exPW,1,kognition,1.9788076577981,1,3.9084723722527,0.50628542470759,0.047586876996102,0.076347252476498,0.38277239334217,0.41463234038027,0.45983069878252,0.45353895477639,-0.5022375556531,False,False,True
1182,7,4,2025-11-14,Exponentialgleichung/-funktion: exPW,1,performanz,1.7212648120425,1,3.276288313951,0.46878708785693,0.035244448496262,0.11504846158701,0.38690581511958,0.42418921959293,0.5253687689894,0.40013659534304,0.8553367502840001,False,True,True
1173,0,4,2025-11-27,Weitere Themen: eypW,1,kognition,1.2955716240704,1,2.2281129454848,0.58146325663753,0.041658990190015,0.10229094099513,0.35561127941091,0.4362476415685,0.45813260815111,0.35076448436558,-1.0481753684661999,False,True,True
1174,0,4,2025-11-27,Weitere Themen: eypW,1,kognition,2.1025459180996,1,3.2172632644708,0.65351797788474,0.064118090148825,0.27470688863022,0.17142366912515,0.46545062801605,0.44733694277058,0.21723795749682,0.9891503189859998,False,False,True
1175,0,4,2025-11-27,Weitere Themen: eypW,1,kognition,1.884870137549,1,3.6334044341863,0.51876001807405,0.15340174444684,0.095149177439808,0.36402297008985,0.483195435891,0.42961310411021,0.38436845185597,0.41614116971549997,False,False,True
1176,0,4,2025-11-27,Weitere Themen: eypW,1,kognition,2.0200886874742,1,3.6862887062023,0.54799918521941,0.049647831311821,0.095812291045437,0.35117805480328,0.39097030893601,0.45115770102989,0.45642029468141,0.0528842720160001,False,False,True
1177,0,4,2025-11-27,Weitere Themen: eypW,1,kognition,0.6297819547903,1,1.113032525307,0.56582020944489,0.05660161096057,0.095206734803645,0.27546117334144,0.48657904900639,0.36392488190348,0.47168009133809,-2.5732561808953003,False,False,True
1168,7,4,2025-11-28,Exponentialgleichung/-funktion: expW,1,kognition,1.7348832013882,1,3.586103254132,0.48377814041128,0.21624124958158,0.25466237068262,0.40759703466828,0.38794169160328,0.41830305549323,0.40339606808647,2.4730707288250002,False,False,True
1169,7,4,2025-11-28,Exponentialgleichung/-funktion: expW,1,kognition,2.011929137674,1,4.1616133039273,0.48344816210909,0.20080164681871,0.27099058310345,0.38581826094179,0.38712272450863,0.43259694091758,0.4082352552731,0.5755100497953003,False,False,True
1170,7,4,2025-11-28,Exponentialgleichung/-funktion: expW,1,kognition,1.5532170520458,1,2.833504268978,0.54815924841132,0.13802849658802,0.17587266318748,0.25622307486221,0.44259893374098,0.29678800696146,0.54763502369475,-1.3281090349493003,False,False,True
1171,7,4,2025-11-28,Exponentialgleichung/-funktion: expW,1,motivation,1.1890380162526,1,2.4979615897285,0.45322088579292,0.032025984734557,0.19487017010741,0.47600141696641,0.32757299551839,0.44325513016022,0.47458007600903,-0.3355426792495,False,True,True
1172,7,4,2025-11-28,Exponentialgleichung/-funktion: expW,1,performanz,1.2237990943502,1,2.0091694640146,0.58257258093352,0.0,0.27216333819738,0.21799944098812,0.38738827773994,0.6091039234021,0.13388550142878,-0.48879212571389985,False,True,True
1164,0,4,2025-12-18,Exponentialgleichung/-funktion: Exponentielles Wachstum,23,regulation,1.7810357015046,1,3.5846603474751,0.44499407838611,0.049847783190915,0.036900952175072,0.39802316963037,0.42437609028194,0.46125148062342,0.49684783504823,1.5754908834605001,False,True,True
1165,0,4,2025-12-18,Exponentialgleichung/-funktion: Exponentielles Wachstum,23,regulation,2.0584483248078,1,3.7903140793782,0.43782915236789,0.20100650117379,0.23487362217918,0.31187955950307,0.38918849396145,0.41116778334824,0.54307976882693,0.20565373190309977,False,False,True
1166,0,4,2025-12-18,Exponentialgleichung/-funktion: Exponentielles Wachstum,23,kognition,2.0024305811111,1,3.700079851345,0.54118431215479,0.10689917292218,0.1428571442414,0.30829942435736,0.41805401778194,0.37494993575965,0.51465851494907,-0.09023422803320003,False,True,True
1167,0,4,2025-12-18,Exponentialgleichung/-funktion: Exponentielles Wachstum,23,motivation,1.2052751378734,1,2.5677818078907,0.35414748083857,0.38945317322984,-0.016509864641924,0.46938195463106,0.38464361882541,0.39297273842287,0.44713277366814,-1.1322980434542997,False,True,True
439,2,5,2025-08-26,Geometrie: rechtwDr,1,performanz,2.1524916087874,1,3.7834187822736,0.43529939562806,0.035551443866491,0.119184436252,0.4104201615304,0.35006848278279,0.56892616001453,0.42470070376623,,False,False,True
440,2,5,2025-08-26,Geometrie: rechtwDr,1,kognition,2.2375701027702,1,4.04857516276,0.55267951958922,0.19636489490517,0.31562955398473,0.31897353826335,0.43567210529291,0.4119372974083,0.30840327964697,0.2651563804863999,False,True,True
441,2,5,2025-08-26,Geometrie: rechtwDr,1,kognition,2.2009129520582,1,3.5655874874173,0.61726343476093,0.037799812012656,0.18382639127447,0.28178965695487,0.46623570321268,0.46595771324522,0.26431334205833,-0.4829876753426996,False,False,True
442,2,5,2025-08-26,Geometrie: rechtwDr,1,regulation,1.9126138920563,1,4.0164817262936,0.4588553814492,0.047909025290553,0.09026084042588,0.38084333672938,0.45894389366437,0.44336919087771,0.47619017351276,0.4508942388763,False,True,True
434,2,5,2025-09-02,Weitere Themen: Terme,1,kognition,2.4326861730502,1,4.9394420737157,0.49250122012423,0.065627662434388,0.11087900069211,0.40607281181281,0.40499815995921,0.44606679359696,0.46145761870759,0.9229603474220998,False,True,True
435,2,5,2025-09-02,Weitere Themen: Terme,1,kognition,2.6141570382954,1,4.7509591241489,0.55023658752227,0.028850685378498,0.14019568932654,0.32455234762618,0.43486249286301,0.46220706888315,0.41069855875331,-0.1884829495667999,False,False,True
436,2,5,2025-09-02,Weitere Themen: Terme,1,motivation,1.1140601570329,1,2.2244020276868,0.19364208074315,0.35739781573953,0.42969720372575,0.50083354305157,0.22503762744528,0.4494585996363,0.38292514080657,-2.5265570964621,False,True,True
437,2,5,2025-09-02,Weitere Themen: Terme,1,kognition,1.9983364398439,1,3.4475065704142,0.57964520228655,0.17656477495722,0.28633515641049,0.33452481948389,0.42245213690023,0.39236938764407,0.32636834629356,1.2231045427274,False,True,True
438,2,5,2025-09-02,Weitere Themen: Terme,1,kognition,1.9179730577314,1,2.5315625227324,0.75762121784339,0.017681259848529,0.099494978821222,0.14000273146105,0.47547292371446,0.32817787034038,0.24982860468211,-0.9159440476817999,False,False,True
429,2,5,2025-09-09,Weitere Themen: Terme,1,kognition,2.4410982889583,1,4.2776947265947,0.57065609830007,0.061680906507123,0.098417161158226,0.35536178558859,0.45537212052641,0.40162071683407,0.40732235788888,1.7461322038623002,False,False,True
430,2,5,2025-09-09,Weitere Themen: Terme,1,motivation,1.376852504409,1,2.4862506965683,0.25215758794377,0.31975729701126,0.30109151145213,0.55378444678366,0.18303761876473,0.51110202343942,0.37696474323594,-1.7914440300264003,False,True,True
431,2,5,2025-09-09,Weitere Themen: Terme,1,performanz,-1.4208154801294,-1,2.4266476899275,-0.20928205410567,-0.16359950628713,-0.29551362807447,-0.37210261836463,-0.25185081429813,-0.58550305056493,-0.54534086931492,-0.05960300664079998,True,True,True
432,2,5,2025-09-09,Weitere Themen: Terme,1,performanz,1.5197445884373,1,3.4361783473499,0.43378832819198,0.20960916717409,0.30486789593503,0.39671769700491,0.36048769182062,0.44227627673826,0.43817441385638,1.0095306574224,True,False,True
433,2,5,2025-09-09,Weitere Themen: Terme,1,methodik,1.8245750082058,1,3.8704021062177,0.40318994894425,0.20550689788914,0.23592235832602,0.39283588990937,0.47141621050499,0.37683145523507,0.47009044645486,0.43422375886779996,False,True,True
426,2,5,2025-09-16,Weitere Themen: VorbLK,1,kognition,1.752927244018,1,3.2645506643148,0.53695655381115,0.12160901291853,0.19430850592622,0.27023992750622,0.42310320660401,0.44252841115942,0.45961902581514,-0.6058514419029,False,True,True
427,2,5,2025-09-16,Weitere Themen: VorbLK,1,motivation,1.7887542255783,1,3.6925617798486,0.37799176392,0.29900821245121,0.11519354329811,0.48441962193939,0.33975715054035,0.47906625432386,0.41813822966906,0.4280111155338,False,True,True
428,2,5,2025-09-16,Weitere Themen: VorbLK,1,kognition,2.2741683893754,1,4.4226026497114,0.51421378481424,0.20190670340455,0.2771769151546,0.38230209960267,0.45121813753943,0.41512604872008,0.30968364954078,0.7300408698627998,False,True,True
421,2,5,2025-09-23,Weitere Themen: FläUmf,1,kognition,2.3310275582356,1,3.6813879930869,0.63319085918254,0.026149747064184,0.14669077169834,0.25844845876031,0.47775089783145,0.44131972317682,0.29505471879653,-0.7412146566244999,False,False,True
422,2,5,2025-09-23,Weitere Themen: FläUmf,1,kognition,2.6228056368715,1,4.6361765459891,0.56572478498315,0.048988682338982,0.17044432813436,0.3147111289115,0.48920271513479,0.42441388016159,0.36056963398192,0.9547885529022002,False,False,True
423,2,5,2025-09-23,Weitere Themen: FläUmf,1,regulation,1.8368648761565,1,4.1100040351697,0.41981738804784,0.2174398262812,0.25997503083373,0.40458725813174,0.44247009024899,0.38687142347094,0.446924234428,-0.5261725108194,False,True,True
424,2,5,2025-09-23,Weitere Themen: FläUmf,1,methodik,2.0353585414423,1,4.1877424962358,0.39127593926563,0.06814420500992,0.046609447259146,0.42649716325555,0.48602646485718,0.43207738758716,0.48504625202663,0.07773846106610005,False,True,True
425,2,5,2025-09-23,Weitere Themen: FläUmf,1,kognition,1.9316956848234,1,3.8905038385904,0.49651428190865,0.053043559070364,0.10570725339821,0.35304187399171,0.46146449087851,0.44283837987998,0.45363742432729,-0.29723865764540003,False,True,True
416,2,5,2025-09-30,Weitere Themen: binF,1,kognition,2.4410982889583,1,4.2776947265947,0.57065609830007,0.061680906507123,0.098417161158226,0.35536178558859,0.45537212052641,0.40162071683407,0.40732235788888,0.38719088800430024,False,False,True
417,2,5,2025-09-30,Weitere Themen: binF,1,kognition,2.5684402293092,1,4.7203348418297,0.54412131218651,0.034339382852549,0.145716218238,0.32815106372612,0.43803370736583,0.46050645028912,0.41218019240003,0.44264011523500013,False,False,True
418,2,5,2025-09-30,Weitere Themen: binF,1,performanz,2.0864958050995,1,3.9909291971125,0.50686404877188,0.033885703813723,0.13418955811809,0.37059932669004,0.40085263899891,0.52280821682502,0.39060672750351,-0.7294056447172004,False,True,True
419,2,5,2025-09-30,Weitere Themen: binF,1,regulation,1.9411488061702,1,3.6709941375368,0.43631034728331,0.1180046765747,0.10514865737317,0.42125288148312,0.36060760730328,0.44446342445796,0.52877870289535,-0.3199350595757,False,True,True
420,2,5,2025-09-30,Weitere Themen: binF,1,methodik,1.6923157810732,1,3.4333342274091,0.45560273520211,0.048083977176934,0.071709281313335,0.3792497481292,0.49290594504422,0.4472213857957,0.44516561249039,-0.23765991012770016,False,True,True
411,2,5,2025-10-21,Algebra: Terme,1,performanz,2.1625397852702,1,4.5039203437359,0.43533203634603,0.17064144437225,0.24094742665989,0.42185314901355,0.37315321830169,0.48014503338796,0.41900448192064,1.0705861163268002,False,True,True
412,2,5,2025-10-21,Algebra: Terme,1,kognition,2.0311230831007,1,3.8229300313861,0.5312987037268,0.20795513229951,0.31164531269073,0.34246928522452,0.41648835124838,0.41913366222758,0.33305785235829,-0.6809903123498002,False,True,True
413,2,5,2025-10-21,Algebra: Terme,1,methodik,1.3071304723696,1,2.3428052989296,0.51447576205092,0.042683689169047,0.09160513239389,0.31116409404235,0.55793150786012,0.39453333050523,0.40165351508073,-1.4801247324565,False,True,True
414,2,5,2025-10-21,Algebra: Terme,1,kognition,1.3594756108737,1,2.0764094036694,0.65472110714788,0.0411942834592,0.14735318777538,0.20047884616811,0.51221333793673,0.35710134265216,0.34328569549333,-0.2663958952601999,False,True,True
415,2,5,2025-10-21,Algebra: Terme,1,kognition,2.1820491743331,1,4.4336617364237,0.49215397621954,0.1998670220788,0.11445072171214,0.39248883283008,0.46126862894737,0.42771883525212,0.39366803854352,2.3572523327542996,False,False,True
406,2,5,2025-10-28,Algebra: Terme,1,performanz,2.1524916087874,1,3.7834187822736,0.43529939562806,0.035551443866491,0.119184436252,0.4104201615304,0.35006848278279,0.56892616001453,0.42470070376623,-0.6502429541500998,False,True,True
407,2,5,2025-10-28,Algebra: Terme,1,kognition,2.0311230831007,1,3.8229300313861,0.5312987037268,0.20795513229951,0.31164531269073,0.34246928522452,0.41648835124838,0.41913366222758,0.33305785235829,0.039511249112500035,False,True,True
409,2,5,2025-10-28,Algebra: Terme,1,regulation,1.0959483968476,1,1.6538928464461,0.23508177141809,0.28196494490937,0.27712264868538,0.4160507871843,0.21827158758189,0.35858859808376,0.66264375758378,-0.42251655722330006,False,True,True
410,2,5,2025-10-28,Algebra: Terme,1,motivation,1.8151486855143,1,2.9587323352089,0.20418107569392,0.27982740008289,0.36160357600822,0.61348656958536,0.19574299446748,0.33674943419556,0.47027814781919,1.3048394887628,False,True,True
401,2,5,2025-11-04,Algebra: TermeBruchGl,1,kognition,2.2832192608297,1,3.6744837708226,0.62136974593878,0.027190698877438,0.14268191314304,0.2692631437537,0.4751857410169,0.4474561246316,0.30704335353319,0.7157514356136998,False,True,True
402,2,5,2025-11-04,Algebra: TermeBruchGl,1,kognition,1.8124059963247,1,2.7008782028216,0.67104073187158,0.0,0.13221920340388,0.18986342323182,0.46057081054162,0.46390437256253,0.26236264134944,-0.9736055680010001,False,False,True
403,2,5,2025-11-04,Algebra: TermeBruchGl,1,kognition,1.8497956426329,1,2.9898402914902,0.61869172777574,0.26165124118264,0.37511761181132,0.32912105809137,0.40496483599092,0.3576085578641,0.088533564626579,0.2889620886686002,False,False,True
404,2,5,2025-11-04,Algebra: TermeBruchGl,1,motivation,2.0519663720169,1,4.2418067613595,0.35687517920945,0.29880068688514,0.34641805694199,0.4837470563814,0.35222911961893,0.45040191257754,0.32001503204027,1.2519664698693003,False,True,True
405,2,5,2025-11-04,Algebra: TermeBruchGl,1,regulation,1.9603476546835,1,4.105530115666,0.40874243667907,0.052973024371062,0.031854050439072,0.42453459808445,0.46443239119492,0.45296988137695,0.47748836924115,-0.13627664569350006,False,True,True
1634,2,5,2025-11-11,Algebra: bin F,1,kognition,1.7348832013882,1,3.586103254132,0.48377814041128,0.21624124958158,0.25466237068262,0.40759703466828,0.38794169160328,0.41830305549323,0.40339606808647,-0.5194268615340003,False,True,True
1635,2,5,2025-11-11,Algebra: bin F,1,kognition,2.0025209823477,1,4.1753366045791,0.47960592784119,0.20384347683099,0.27356109825585,0.38796629419017,0.38566077691678,0.43325305356153,0.40819754744271,0.5892333504471003,False,False,True
1636,2,5,2025-11-11,Algebra: bin F,1,motivation,1.5116396645841,1,3.3246328476177,0.3977023216679,0.31262395917185,0.33641697348765,0.45467730937394,0.3353124678607,0.40522116227552,0.38411799052906,-0.8507037569614004,False,True,True
1637,2,5,2025-11-11,Algebra: bin F,1,kognition,2.2147698359634,1,4.5051999610504,0.49160191314302,0.062345305630295,0.07325617380748,0.40938129345955,0.38284523733197,0.45825543665079,0.47424482196104,1.1805671134327005,False,True,True
1638,2,5,2025-11-11,Algebra: bin F,1,performanz,1.6514653847318,1,3.1819690767104,0.46303540907394,0.052306337430451,0.18165981882267,0.37481530099105,0.44958792227474,0.51900573351321,0.37131243005745,-1.3232308843400005,False,True,True
1629,6,5,2025-11-12,Weitere Themen: VorbLK,1,kognition,2.5299323006465,1,4.4248015064122,0.57176046866182,0.052169000706233,0.13681307367429,0.33444133727735,0.45024896048661,0.45411408885347,0.36173372051404,1.2428324297017999,False,True,True
1630,6,5,2025-11-12,Weitere Themen: VorbLK,1,performanz,-1.7781209396438,-1,2.9238561433447,-0.25128913178248,-0.15374780174834,-0.28889999732454,-0.42599801146043,-0.2018020606664,-0.60814033627742,-0.48755747449881,-1.5009453630674998,True,True,True
1631,6,5,2025-11-12,Weitere Themen: VorbLK,1,kognition,1.8497956426329,1,2.9898402914902,0.61869172777574,0.26165124118264,0.37511761181132,0.32912105809137,0.40496483599092,0.3576085578641,0.088533564626579,0.06598414814550013,True,True,True
1632,6,5,2025-11-12,Weitere Themen: VorbLK,1,motivation,1.2459236375843,1,1.9935420942378,0.1924119840039,0.33536319260425,0.25723120973569,0.62497671427077,0.082253812699267,0.4466343056288,0.43299820303145,-0.9962981972524001,False,True,True
1633,6,5,2025-11-12,Weitere Themen: VorbLK,1,performanz,2.06132346452,1,3.8092753542734,0.46064846728107,0.033447451813805,0.14540012885798,0.38824406928337,0.41376980713662,0.54113128128023,0.38829864222467,1.8157332600356,False,True,True
1624,2,5,2025-11-18,Algebra: binF Vorb LK,1,performanz,1.5566689652548,1,2.5067581730363,0.26142891558259,0.011477205989188,-0.061471372040178,0.42662989407497,0.21000085495624,0.62098640871495,0.5621378322668,-1.3025171812371,False,False,True
1625,2,5,2025-11-18,Algebra: binF Vorb LK,1,kognition,1.6662193362077,1,3.0045876008173,0.55455656882455,0.13213083838315,0.2111204192588,0.25222496970111,0.43296993128715,0.41757439605066,0.45274848720097,0.4978294277809998,False,True,True
1626,2,5,2025-11-18,Algebra: binF Vorb LK,1,methodik,1.6923157810732,1,3.4333342274091,0.45560273520211,0.048083977176934,0.071709281313335,0.3792497481292,0.49290594504422,0.4472213857957,0.44516561249039,0.4287466265918001,False,True,True
1627,2,5,2025-11-18,Algebra: binF Vorb LK,1,kognition,2.1505046567471,1,3.4817423048328,0.61765009927963,0.2872117004452,0.15603886664661,0.2872117004452,0.50103511698974,0.35272549844014,0.23177984225927,0.048408077423700124,False,True,True
1628,2,5,2025-11-18,Algebra: binF Vorb LK,1,performanz,1.5410807252831,1,3.2610617527124,0.46727819350693,0.10274601857145,0.26333744255978,0.35239019234587,0.39118686035569,0.47256878785366,0.44856921128522,-0.22068055212039983,False,True,True
1619,2,5,2025-11-25,Gleichungen und Ungleichungen: Lös,1,performanz,2.034911587693,1,4.2375936204146,0.44755458964527,0.18471160900953,0.27647585423301,0.40997226864095,0.37266138334302,0.48020338143233,0.38933769139254,0.9765318677021999,False,False,True
1620,2,5,2025-11-25,Gleichungen und Ungleichungen: Lös,1,performanz,-1.4552652158942,-1,2.4366088452089,-0.21141108626145,-0.15707180025819,-0.29598138611071,-0.37273403427469,-0.25021502605258,-0.59724778816174,-0.53364545639735,-1.8009847752057002,True,False,True
1621,2,5,2025-11-25,Gleichungen und Ungleichungen: Lös,1,motivation,0.292,1,0.47720959755646,0.42538068645846,0.16763770894915,0.25145656342372,0.61187763766439,0.0,0.52386784046609,0.28079316248982,-1.9593992476524398,True,True,True
1622,2,5,2025-11-25,Gleichungen und Ungleichungen: Lös,1,kognition,1.8497956426329,1,2.9898402914902,0.61869172777574,0.26165124118264,0.37511761181132,0.32912105809137,0.40496483599092,0.3576085578641,0.088533564626579,2.51263069393374,False,True,True
1623,2,5,2025-11-25,Gleichungen und Ungleichungen: Lös,1,performanz,1.5570911828289,1,2.5553402422033,0.44652012702407,0.031112132778026,0.17952669910686,0.37349850335762,0.31353891804787,0.60934550462497,0.39787487959923,-0.4345000492869002,False,True,True
1615,6,5,2025-11-26,Gleichungen und Ungleichungen: VorbLK,1,motivation,1.2951057303566,1,2.3852489463375,0.40565905338819,0.24468740597332,0.41380304731485,0.54296231960275,0.27823500908808,0.41439758935696,0.2457219894991,-0.17009129586579963,False,True,True
1616,6,5,2025-11-26,Gleichungen und Ungleichungen: VorbLK,1,kognition,2.2069589158005,1,3.916840808544,0.5634523814352,0.076723644298226,0.31177537024684,0.31845471584113,0.42787289584912,0.43423975906972,0.32614892186079,1.5315918622064997,False,True,True
1617,6,5,2025-11-26,Gleichungen und Ungleichungen: VorbLK,1,kognition,1.65799276022,1,2.5548891531968,0.64894645964613,0.0,0.26242424293343,0.17143533804532,0.43067955000217,0.53294810871909,0.10528791309176,-1.3619516553472,False,False,True
1618,6,5,2025-11-26,Gleichungen und Ungleichungen: VorbLK,1,motivation,1.1703145985009,1,2.4432470610431,0.44437182473032,0.24030060576985,0.041446093194493,0.47899773509764,0.34897610469763,0.45089482456345,0.43420506806927,-0.11164209215370002,False,True,True
1610,2,5,2025-12-02,Weitere Themen: HA,1,performanz,0.91608656017512,1,1.5071006143225,0.14292479866915,0.019089968855412,-0.10224496962518,0.46647415268712,0.12229153288671,0.60784294893106,0.60556945605985,-0.9361464467205998,False,True,True
1611,2,5,2025-12-02,Weitere Themen: HA,1,performanz,1.8608741963844,1,3.0556171049096,0.55550638970887,0.0,0.29078875442313,0.25128473348535,0.3845063379814,0.60899911294624,0.15804728787018,1.5485164905870998,False,False,True
1612,2,5,2025-12-02,Weitere Themen: HA,1,kognition,1.9983364398439,1,3.4475065704142,0.57964520228655,0.17656477495722,0.28633515641049,0.33452481948389,0.42245213690023,0.39236938764407,0.32636834629356,0.39188946550460013,False,True,True
1613,2,5,2025-12-02,Weitere Themen: HA,1,motivation,2.0519663720169,1,4.2418067613595,0.35687517920945,0.29880068688514,0.34641805694199,0.4837470563814,0.35222911961893,0.45040191257754,0.32001503204027,0.7943001909453002,False,True,True
1614,2,5,2025-12-02,Weitere Themen: HA,1,performanz,-0.525,-1,0.84545051969349,-0.3775457192439,0.0,0.0,-0.36264259874743,-0.29868337328341,-0.62096335401957,-0.50111742669379,-3.3963562416660102,True,True,True
1605,6,5,2025-12-10,Weitere Themen: korrLK,1,performanz,1.0,1,1.6103819422733,0.37754784039823,0.0,0.0,0.36264463617198,0.29868505136768,0.62096684276024,0.50112024210752,0.7649314225798098,True,False,True
1606,6,5,2025-12-10,Weitere Themen: korrLK,1,performanz,2.3238211125165,1,4.8604079848911,0.47652082017042,0.045968410589216,0.15904505569559,0.36906918169985,0.45571026315801,0.47811137226062,0.41598194606199,3.2500260426178,False,False,True
1607,6,5,2025-12-10,Weitere Themen: korrLK,1,kognition,1.1189052304858,1,1.9430865721628,0.57583614037279,0.037054257123135,0.10772423750827,0.27012553442765,0.56098314839132,0.38233086139895,0.3486805595287,-2.9173214127283,False,True,True
1608,6,5,2025-12-10,Weitere Themen: korrLK,1,motivation,1.5116396645841,1,3.3246328476177,0.3977023216679,0.31262395917185,0.33641697348765,0.45467730937394,0.3353124678607,0.40522116227552,0.38411799052906,1.3815462754549,False,True,True
1600,6,5,2025-12-17,Lineare Funktion/Gleichung: Gleichungen lösen,23,kognition,1.8124059963247,1,2.7008782028216,0.67104073187158,0.0,0.13221920340388,0.18986342323182,0.46057081054162,0.46390437256253,0.26236264134944,1.3982943360343998,False,True,True
1601,6,5,2025-12-17,Lineare Funktion/Gleichung: Gleichungen lösen,23,performanz,1.8146533005108,1,2.9011619883243,0.48967516717457,0.0,0.17265110518826,0.31720137154232,0.35619597135299,0.62548973580807,0.33417546746929,0.20028378550269998,False,True,True
1602,6,5,2025-12-17,Lineare Funktion/Gleichung: Gleichungen lösen,23,kognition,2.3286846553298,1,4.8957032169324,0.47565789745932,0.17074892706981,0.16805093198274,0.40660069055794,0.39844650441423,0.45946383611046,0.42562708138808,1.9945412286081003,False,True,True
1603,6,5,2025-12-17,Lineare Funktion/Gleichung: Gleichungen lösen,23,performanz,1.8748588840797,1,2.6639588768902,0.42842360358618,0.0,0.29865626988534,0.31581381421945,0.3048058321461,0.70378407959044,0.19822499721326,-2.2317443400422,False,True,True
1604,6,5,2025-12-17,Lineare Funktion/Gleichung: Gleichungen lösen,23,performanz,1.7576385021604,1,3.4507597507663,0.44464530526223,0.098341955792704,0.27435660761333,0.36291912005201,0.37409352724782,0.50934679190639,0.43156883465415,0.7868008738760999,False,False,True
1594,2,5,2026-01-06,Gleichungen und Ungleichungen: Gleichungen lösen,23,kognition,1.919667488646,1,3.1988921097457,0.60010197961283,0.028359326892356,0.086449473354213,0.30337364378423,0.40429765756495,0.44207952411901,0.42504956153813,-0.2518676410206,False,True,True
1595,2,5,2026-01-06,Gleichungen und Ungleichungen: Gleichungen lösen,23,methodik,2.1410505413095,1,4.7299790770357,0.44419334632973,0.193543274998,0.0710246340135,0.41578844647734,0.45265443670988,0.44516430395875,0.42922862904441,1.5310869672899998,False,True,True
1596,2,5,2026-01-06,Gleichungen und Ungleichungen: Gleichungen lösen,23,kognition,1.7353345284312,1,2.9900649591247,0.58036489123308,0.10643085034257,0.28652846723075,0.23051807041907,0.42718416964422,0.47692739623724,0.32658716896938,-1.7399141179109998,False,True,True
1597,2,5,2026-01-06,Gleichungen und Ungleichungen: Gleichungen lösen,23,kognition,2.3286846553298,1,4.8957032169324,0.47565789745932,0.17074892706981,0.16805093198274,0.40660069055794,0.39844650441423,0.45946383611046,0.42562708138808,1.9056382578077002,False,False,True
1598,2,5,2026-01-06,Gleichungen und Ungleichungen: Gleichungen lösen,23,performanz,2.2329100933114,1,4.2154606819304,0.47702884675405,0.035858957413928,0.14440605365886,0.38564030488792,0.40772019219027,0.52969413424763,0.39340778595657,-0.6802425350019998,False,True,True
1599,2,5,2026-01-06,Gleichungen und Ungleichungen: Gleichungen lösen,23,motivation,-2.0341912534764,-1,3.8716960479575,-0.45208650665067,-0.24456106658026,-0.16821355621923,-0.52539919825513,-0.39535488180038,-0.39979270138466,-0.33959196821461,-0.34376463397290014,True,True,True
1589,6,5,2026-01-07,Gleichungssysteme: Gleichungssysteme mit CAS lösen,23,performanz,1.7803177442296,1,2.2792901074475,0.26065571282368,0.0,0.29833114483633,0.36911250485341,0.20746555360131,0.78108088461566,0.23167867253301,-1.5924059405100004,True,True,True
1590,6,5,2026-01-07,Gleichungssysteme: Gleichungssysteme mit CAS lösen,23,kognition,1.6662193362077,1,3.0045876008173,0.55455656882455,0.13213083838315,0.2111204192588,0.25222496970111,0.43296993128715,0.41757439605066,0.45274848720097,0.7252974933698,False,True,True
1591,6,5,2026-01-07,Gleichungssysteme: Gleichungssysteme mit CAS lösen,23,motivation,1.1890380162526,1,2.4979615897285,0.45322088579292,0.032025984734557,0.19487017010741,0.47600141696641,0.32757299551839,0.44325513016022,0.47458007600903,-0.5066260110887999,False,True,True
1592,6,5,2026-01-07,Gleichungssysteme: Gleichungssysteme mit CAS lösen,23,kognition,0.811,1,1.5644129889514,0.51840199596119,0.031960665595634,0.031960665595634,0.37330057415701,0.30746160303,0.4787707706226,0.51584514271354,-0.9335486007770999,False,True,True
1593,6,5,2026-01-07,Gleichungssysteme: Gleichungssysteme mit CAS lösen,23,performanz,1.5027873441929,1,2.7007217766683,0.25750189043573,-0.015244497819597,0.35323771183944,0.55304937693249,0.25680364577481,0.55643709500347,0.35671014668989,1.1363087877169,False,True,True
916,7,6,2024-12-06,Dezimalzahlen: Einheitenrechn. / Textaufgaben,1,motivation,1.5253623452812,1,2.8690389402521,0.35631398946369,0.023682522378818,0.20225855720297,0.53166131949884,0.34707557200714,0.46566451560681,0.45999492574892,1.3197592362082,False,True,True
915,0,6,2025-01-06,Zuordnungen: Proportionale Zuordnung,8,performanz,-1.0,-1,1.2396455138466,-0.24522941785392,0.0,-0.28233650081865,-0.35332396388163,-0.19360217198993,-0.80667571662473,-0.21699576777205,-1.6293934264055,True,True,True
914,3,6,2025-01-08,Koordinatensystem:,14,performanz,1.7643488696062,1,3.1461078895691,0.43832606661536,0.025428163472589,0.32368627692863,0.45993972708222,0.29234857048533,0.5608018934878,0.30155182302955,1.9064623757224999,True,False,True
913,7,6,2025-01-10,Zuordnungen: Porportionalität,8,sozial,2.0475921405152,1,3.3673681826531,0.20292797280367,0.60806717554425,0.18347546557776,0.54023159011659,0.21559009046064,0.33885349502664,0.31977243928136,0.2212602930840002,False,True,True
912,3,6,2025-01-15,Zuordnungen: Gruppenarbeit mit Zoey,14,regulation,2.4580611406538,1,5.3915605156174,0.34567866208011,0.22973111324606,0.32692307831842,0.45039516803553,0.36051377709271,0.42446343001538,0.45590818733312,2.0241923329642995,False,True,True
911,7,6,2025-03-21,weitere Themen: Korrektur LK,1,regulation,0.941,1,1.8277877338466,0.49896111758532,0.043768519086431,0.038297454200628,0.39884063017511,0.39446377826646,0.40978275994671,0.51482720575415,-3.5637727817707994,False,False,True
910,0,6,2025-03-27,Geometrie: Winkel messen und zeichnen,7,performanz,1.9822295053944,1,2.9786733781959,0.34681514388007,0.021778917795331,0.19227622665865,0.40718074078557,0.32339682743774,0.66547170468148,0.35921277763632,1.1508856443493,False,True,True
909,0,6,2025-06-02,Geometrie: Oberflächeninhalt und Volumen von verschiedenen Prismen,12,kognition,1.7320972701215,1,2.6798718191719,0.64633345311353,0.024003768990041,0.13329549030613,0.249982108482,0.4941178302569,0.4250637834785,0.27672916535662,-0.2988015590240001,False,True,True
904,0,6,2025-08-25,Weitere Themen: JahrAbschl,1,performanz,2.1625397852702,1,4.5039203437359,0.43533203634603,0.17064144437225,0.24094742665989,0.42185314901355,0.37315321830169,0.48014503338796,0.41900448192064,1.8240485245640001,False,True,True
905,0,6,2025-08-25,Weitere Themen: JahrAbschl,1,kognition,1.8124059963247,1,2.7008782028216,0.67104073187158,0.0,0.13221920340388,0.18986342323182,0.46057081054162,0.46390437256253,0.26236264134944,-1.8030421409143003,False,True,True
906,0,6,2025-08-25,Weitere Themen: JahrAbschl,1,kognition,1.8759903888504,1,3.4630972641871,0.54170727203588,0.3129745356665,0.08516789395408,0.37028327702736,0.34637143840003,0.43219758329334,0.39681632595585,0.7622190613655002,False,False,True
907,0,6,2025-08-25,Weitere Themen: JahrAbschl,1,motivation,1.8151486855143,1,2.9587323352089,0.20418107569392,0.27982740008289,0.36160357600822,0.61348656958536,0.19574299446748,0.33674943419556,0.47027814781919,-0.5043649289782,False,True,True
908,0,6,2025-08-25,Weitere Themen: JahrAbschl,1,regulation,1.8319677065092,1,3.9096314098023,0.46255600050836,0.047647478235413,0.088401420546268,0.37849837337598,0.46503960928608,0.44369421491831,0.46857691396354,0.9508990745934001,False,True,True
899,7,6,2025-08-29,Weitere Themen: VorbLK,1,performanz,1.0546278376074,1,2.0383290573272,0.42436159039773,0.070587328205849,0.083951372778933,0.46633964595264,0.35371936646566,0.5173956873447,0.44450947338743,-1.8713023524751002,False,True,True
900,7,6,2025-08-29,Weitere Themen: VorbLK,1,kognition,2.2069589158005,1,3.916840808544,0.5634523814352,0.076723644298226,0.31177537024684,0.31845471584113,0.42787289584912,0.43423975906972,0.32614892186079,1.8785117512168,False,True,True
901,7,6,2025-08-29,Weitere Themen: VorbLK,1,methodik,2.0534298272575,1,3.8995392280503,0.51572033646035,0.023111379596837,0.14713864022183,0.29720121974227,0.52658133214136,0.45873431996406,0.3684967432254,-0.01730158049370001,False,True,True
902,7,6,2025-08-29,Weitere Themen: VorbLK,1,performanz,1.6229270452087,1,3.4989761103282,0.39913283762435,0.20574122243346,0.31304974465119,0.41790252261595,0.33606865075675,0.46382780440831,0.44456358396692,-0.4005631177220996,False,True,True
903,7,6,2025-08-29,Weitere Themen: VorbLK,1,performanz,-1.4208154801294,-1,2.4266476899275,-0.20928205410567,-0.16359950628713,-0.29551362807447,-0.37210261836463,-0.25185081429813,-0.58550305056493,-0.54534086931492,-1.0723284204007002,True,False,True
895,0,6,2025-09-02,Weitere Themen: VorbLK,1,performanz,1.4253665391979,1,2.8935343055325,0.39737641086683,0.047325988210371,0.030414216433146,0.39703066566278,0.45471727313677,0.49260228587913,0.48152065627541,0.466886615605,True,False,True
896,0,6,2025-09-02,Weitere Themen: VorbLK,1,kognition,2.1149148429999,1,2.9207356266883,0.72410100478276,0.0,0.17470319108147,0.116754695985,0.4966933615981,0.39847706619926,0.16133739667791,0.027201321155799985,False,True,True
897,0,6,2025-09-02,Weitere Themen: VorbLK,1,methodik,1.3071304723696,1,2.3428052989296,0.51447576205092,0.042683689169047,0.09160513239389,0.31116409404235,0.55793150786012,0.39453333050523,0.40165351508073,-0.5779303277587,False,True,True
898,0,6,2025-09-02,Weitere Themen: VorbLK,1,kognition,1.8346238946577,1,3.050519966414,0.60141153008057,0.25796034376092,0.36992244687776,0.36833268059845,0.37038652482427,0.38425337642634,0.12002358492601,0.7077146674843999,False,True,True
890,3,6,2025-09-03,Algebra: VorbLK/DezZ,1,kognition,2.4207499997062,1,4.8013363108794,0.50418150305489,0.050987814741659,0.094859944650951,0.38810784929659,0.41463768278023,0.4438380933649,0.46330801454674,1.7508163444653997,False,False,True
891,3,6,2025-09-03,Algebra: VorbLK/DezZ,1,kognition,2.2176040705498,1,4.1959607750546,0.52850798764701,0.033057437189919,0.11991473533283,0.3111460283294,0.50972860238967,0.43980333406568,0.39387831994598,-0.6053755358247992,False,False,True
892,3,6,2025-09-03,Algebra: VorbLK/DezZ,1,performanz,-1.4208154801294,-1,2.4266476899275,-0.20928205410567,-0.16359950628713,-0.29551362807447,-0.37210261836463,-0.25185081429813,-0.58550305056493,-0.54534086931492,-1.7693130851271004,True,True,True
893,3,6,2025-09-03,Algebra: VorbLK/DezZ,1,kognition,1.8346726067272,1,3.2578547618,0.56315186199242,0.031352009134577,0.21853304168741,0.26739485678908,0.44746296860024,0.50787483501136,0.32319380690867,0.8312070718725,True,True,True
894,3,6,2025-09-03,Algebra: VorbLK/DezZ,1,kognition,2.0394510846843,1,3.6711574155037,0.55553202942244,0.032354320514258,0.074226292697439,0.34551688388747,0.37739297583051,0.48002239720989,0.43885475361522,0.4133026537036999,False,False,True
885,7,6,2025-09-05,Dezimalzahlen: vorblk,1,kognition,2.2414953024427,1,4.7653905687971,0.47036870669794,0.071220868695358,0.091961975579142,0.39006654587399,0.46307096173179,0.4334201960125,0.45910780175665,1.0942331532934002,False,False,True
886,7,6,2025-09-05,Dezimalzahlen: vorblk,1,kognition,1.752927244018,1,3.2645506643148,0.53695655381115,0.12160901291853,0.19430850592622,0.27023992750622,0.42310320660401,0.44252841115942,0.45961902581514,-1.5008399044823002,False,False,True
887,7,6,2025-09-05,Dezimalzahlen: vorblk,1,performanz,1.7185730315922,1,3.4752254188631,0.31877151424459,0.19146773728403,0.17310725067521,0.46890082280075,0.38408892483263,0.49451988842658,0.46883978948033,0.2106747545483003,False,True,True
888,7,6,2025-09-05,Dezimalzahlen: vorblk,1,motivation,1.6075723274489,1,3.178534159656,0.38863533897205,0.41489552577574,0.45227740105734,0.50575743066691,0.24074757899589,0.36817985403732,0.15151487029706,-0.29669125920710027,False,True,True
889,7,6,2025-09-05,Dezimalzahlen: vorblk,1,regulation,1.9791706721549,1,4.2157345291432,0.37487060772453,0.2035061245517,0.30634878400679,0.42635033914532,0.34151654325095,0.45320148723103,0.46947120691802,1.0372003694871998,False,True,True
880,3,6,2025-09-10,Weitere Themen: VorbLK,1,kognition,2.3310275582356,1,3.6813879930869,0.63319085918254,0.026149747064184,0.14669077169834,0.25844845876031,0.47775089783145,0.44131972317682,0.29505471879653,-0.5343465360563,False,True,True
881,3,6,2025-09-10,Weitere Themen: VorbLK,1,kognition,2.7431027601632,1,4.4247995695105,0.61993690735636,0.028768242753371,0.20958625007286,0.24606156155614,0.50280793819869,0.42502155926261,0.27733420685918,0.7434115764236005,False,False,True
882,3,6,2025-09-10,Weitere Themen: VorbLK,1,motivation,1.8151486855143,1,2.9587323352089,0.20418107569392,0.27982740008289,0.36160357600822,0.61348656958536,0.19574299446748,0.33674943419556,0.47027814781919,-1.4660672343016001,False,True,True
883,3,6,2025-09-10,Weitere Themen: VorbLK,1,kognition,1.628635644424,1,3.1766681938078,0.51268512107983,0.22387537947476,0.28929848813247,0.40637796246605,0.35743108585166,0.47592781995218,0.2897007950665,0.21793585859889975,False,True,True
884,3,6,2025-09-10,Weitere Themen: VorbLK,1,performanz,1.248509775387,1,2.2668578884517,0.52534354849009,0.023289622519174,0.15838434514459,0.33262090686677,0.42443862641764,0.55076424248072,0.32287963694482,-0.9098103053560997,False,True,True
875,7,6,2025-09-12,Geometrie: KreiseTangSehnen,1,regulation,1.8032788774168,1,3.5638921463643,0.42892954566546,0.068158107200648,0.053584339415261,0.41358022667357,0.42870104307606,0.44457128348317,0.50598439669744,1.2970342579125997,False,True,True
876,7,6,2025-09-12,Geometrie: KreiseTangSehnen,1,kognition,2.7452166646962,1,4.3522760147837,0.63075281711065,0.017768497628993,0.20207036591305,0.22177227983068,0.51367936615702,0.4188632863995,0.26926241499257,0.7883838684194004,False,True,True
877,7,6,2025-09-12,Geometrie: KreiseTangSehnen,1,performanz,1.5410807252831,1,3.2610617527124,0.46727819350693,0.10274601857145,0.26333744255978,0.35239019234587,0.39118686035569,0.47256878785366,0.44856921128522,-1.0912142620713001,False,True,True
878,7,6,2025-09-12,Geometrie: KreiseTangSehnen,1,motivation,1.2782388005983,1,2.726925290001,0.38912255341303,-0.36671203884696,0.35405227804109,0.46874555670068,0.33610681335805,0.35750598822114,0.35811290209975,-0.5341364627114,False,True,True
879,7,6,2025-09-12,Geometrie: KreiseTangSehnen,1,kognition,1.9207934795839,1,2.581090336861,0.74417621514084,0.017341980457166,0.11337281487846,0.15558292653975,0.47161091587224,0.34856207029875,0.25479688559567,-0.14583495314000006,False,True,True
871,7,6,2025-09-19,Geometrie: Tang/Thales,1,kognition,1.7309928114047,1,3.211982786319,0.53891553517106,0.035976939506018,0.095600382905333,0.34663014681735,0.46494090479967,0.46730541134064,0.38004367486155,0.6308924494579999,False,False,True
872,7,6,2025-09-19,Geometrie: Tang/Thales,1,motivation,1.2623925324906,1,2.6261746889041,0.41358193012077,0.4120300862581,0.035560809429602,0.48069449868637,0.29942201539725,0.42667263452277,0.39387653764832,-0.5858080974148998,False,True,True
873,7,6,2025-09-19,Geometrie: Tang/Thales,1,kognition,1.5952881354409,1,3.3002997303996,0.48337527861293,0.21561703878008,0.26496779853028,0.40634427469871,0.46243389864905,0.40165324601205,0.33069249779107,0.6741250414954996,False,True,True
874,7,6,2025-09-19,Geometrie: Tang/Thales,1,performanz,-2.0388068222149,-1,2.3550299151969,-0.23705421873288,0.052347929795269,-0.25194941853287,-0.31472485959214,-0.15417460338888,-0.86572070777171,-0.072691817151954,-0.9452698152026997,True,True,True
867,3,6,2025-09-24,Weitere Themen: Kreis/Tang,1,regulation,1.8743802397078,1,3.9112024651601,0.45233940182607,0.066292010281111,0.0696991169281,0.39598961153305,0.45694395266147,0.43687754544342,0.47923252863511,1.5561725499632,True,True,True
868,3,6,2025-09-24,Weitere Themen: Kreis/Tang,1,methodik,1.3071304723696,1,2.3428052989296,0.51447576205092,0.042683689169047,0.09160513239389,0.31116409404235,0.55793150786012,0.39453333050523,0.40165351508073,-1.5683971662305,False,True,True
869,3,6,2025-09-24,Weitere Themen: Kreis/Tang,1,kognition,1.6888048282246,1,2.9577030053811,0.57098333244371,0.12918868316988,0.18093008063565,0.24439236341089,0.45122094503958,0.30452175143757,0.51815479977421,0.6148977064515,False,True,True
870,3,6,2025-09-24,Weitere Themen: Kreis/Tang,1,kognition,1.5886973924518,1,2.9445628141972,0.5395340827681,0.052598074367706,0.11467923007214,0.30661232340432,0.48130894290842,0.41196951037113,0.44451097319058,-0.013140191183900196,False,False,True
862,0,6,2025-09-30,"Kreis: Winkel im Kreis, Satz Thales",19,regulation,2.277567118539,1,4.625382459712,0.41206440660338,0.076103306416224,0.056677556557064,0.41773809565796,0.4613570321833,0.43746573804472,0.49240516094084,1.6808196455148003,False,True,True
863,0,6,2025-09-30,"Kreis: Winkel im Kreis, Satz Thales",19,kognition,2.2176040705498,1,4.1959607750546,0.52850798764701,0.033057437189919,0.11991473533283,0.3111460283294,0.50972860238967,0.43980333406568,0.39387831994598,-0.4294216846573997,False,True,True
864,0,6,2025-09-30,"Kreis: Winkel im Kreis, Satz Thales",19,motivation,1.2052751378734,1,2.5677818078907,0.35414748083857,0.38945317322984,-0.016509864641924,0.46938195463106,0.38464361882541,0.39297273842287,0.44713277366814,-1.6281789671639002,False,True,True
865,0,6,2025-09-30,"Kreis: Winkel im Kreis, Satz Thales",19,motivation,1.771051310269,1,3.6940393184514,0.33295123459106,0.40703321573119,0.42321656646657,0.47943358563807,0.25647040025774,0.3617915443085,0.34325356467084,1.1262575105606998,False,False,True
866,0,6,2025-09-30,"Kreis: Winkel im Kreis, Satz Thales",19,performanz,-1.8674785612985,-1,2.1129969924978,-0.23666123224212,0.09973348232948,-0.23115913641968,-0.28495457071789,-0.12530584779423,-0.88380141094134,0.050941979720327,-1.5810423259536002,True,True,True
857,3,6,2025-10-01,Geometrie: PerWSatz,1,performanz,2.1834193470863,1,4.7272578340427,0.40939526234525,0.19494675496675,0.26216929806182,0.43140491422681,0.38087108066135,0.46187764766845,0.42561763210998,2.6142608415449,True,False,True
858,3,6,2025-10-01,Geometrie: PerWSatz,1,kognition,2.5676948589789,1,4.8411068993645,0.53039307092872,0.055075344692102,0.14096368902063,0.35448119397322,0.45919732605643,0.43721176125488,0.41000216890172,0.1138490653218005,False,True,True
859,3,6,2025-10-01,Geometrie: PerWSatz,1,motivation,1.8151486855143,1,2.9587323352089,0.20418107569392,0.27982740008289,0.36160357600822,0.61348656958536,0.19574299446748,0.33674943419556,0.47027814781919,-1.8823745641556,False,True,True
860,3,6,2025-10-01,Geometrie: PerWSatz,1,kognition,1.8515721846579,1,3.1492118583832,0.58794593328796,0.015904736151126,0.19002988281868,0.28714245259574,0.39675344827274,0.52855286700544,0.31419212553827,0.19047952317429973,False,True,True
852,3,6,2025-10-22,Weitere Themen: KorrLK,1,kognition,2.0304399710254,1,3.9010906605121,0.52047874374994,0.033873816621941,0.1396134641375,0.35482896355742,0.45153437351331,0.4908096880731,0.37118238371735,2.90967198003447,False,False,True
853,3,6,2025-10-22,Weitere Themen: KorrLK,1,kognition,2.5676948589789,1,4.8411068993645,0.53039307092872,0.055075344692102,0.14096368902063,0.35448119397322,0.45919732605643,0.43721176125488,0.41000216890172,0.9400162388524,False,False,True
854,3,6,2025-10-22,Weitere Themen: KorrLK,1,kognition,1.9983364398439,1,3.2196014696278,0.62067627062931,0.1092378370877,0.24481700074339,0.27686916012609,0.45235605473191,0.38942641856236,0.33158862872125,-1.6215054297367,False,False,True
856,3,6,2025-10-22,Weitere Themen: KorrLK,1,motivation,1.9323937282884,1,4.094843055123,0.3779217885154,0.27275714624174,0.33240350281161,0.47190795427221,0.3699431106647,0.45875909404899,0.31979174360427,2.8395904835326005,False,True,True
849,7,6,2025-10-24,Algebra: Terme,1,kognition,2.5684402293092,1,4.7203348418297,0.54412131218651,0.034339382852549,0.145716218238,0.32815106372612,0.43803370736583,0.46050645028912,0.41218019240003,0.6254917867067,False,True,True
850,7,6,2025-10-24,Algebra: Terme,1,kognition,2.2741683893754,1,4.4226026497114,0.51421378481424,0.20190670340455,0.2771769151546,0.38230209960267,0.45121813753943,0.41512604872008,0.30968364954078,-0.2977321921183007,False,False,True
851,7,6,2025-10-24,Algebra: Terme,1,kognition,2.1295291688058,1,3.8556634144117,0.55231056677312,-0.021358987959407,0.036605380928274,0.40032807212631,0.41533960674309,0.47642679138095,0.36523916628587,-0.5669392352996998,False,False,True
844,0,6,2025-10-28,Algebra: Rationale Zahlen,19,kognition,2.1266007185707,1,4.2434364120772,0.50114942244074,0.11396715072385,0.17824852421908,0.34183623305069,0.44985360536929,0.43478865646368,0.44251784498799,0.3877729976655,False,False,True
845,0,6,2025-10-28,Algebra: Rationale Zahlen,19,kognition,2.5699952975229,1,4.7439700181688,0.54173822142593,0.051012660441897,0.15625665870711,0.32683102774559,0.44699125626712,0.44159368688491,0.42174916774378,0.5005336060915999,False,False,True
846,0,6,2025-10-28,Algebra: Rationale Zahlen,19,methodik,1.3071304723696,1,2.3428052989296,0.51447576205092,0.042683689169047,0.09160513239389,0.31116409404235,0.55793150786012,0.39453333050523,0.40165351508073,-2.4011647192392,False,True,True
847,0,6,2025-10-28,Algebra: Rationale Zahlen,19,kognition,2.2238972144743,1,3.9546306929547,0.56235126959478,0.020922098272622,0.19218035228865,0.30745598822261,0.40913861330308,0.52329609560557,0.33259972485648,1.6118253940251002,False,True,True
848,0,6,2025-10-28,Algebra: Rationale Zahlen,19,performanz,1.8144280300528,1,3.648548811648,0.38885845163842,0.19199426251791,0.31575625939891,0.41583833205431,0.32791525199639,0.49729992682597,0.42949116716453,-0.30608188130670033,False,True,True
839,3,6,2025-10-29,Algebra: Terme,1,performanz,1.7146760432305,1,3.3685945007785,0.46692129171518,0.043118259161777,0.034712611149409,0.40662835417337,0.37420596681409,0.50901672868817,0.46307630734881,-0.27995431086949996,False,False,True
840,3,6,2025-10-29,Algebra: Terme,1,motivation,1.376852504409,1,2.4862506965683,0.25215758794377,0.31975729701126,0.30109151145213,0.55378444678366,0.18303761876473,0.51110202343942,0.37696474323594,-0.8823438042101999,False,True,True
841,3,6,2025-10-29,Algebra: Terme,1,kognition,1.7822209932404,1,3.3908447253838,0.5255963872173,-0.047136263280379,-0.0050573607560181,0.36222538038919,0.47999647595641,0.46056531224002,0.38440978831667,0.9045940288155001,False,True,True
842,3,6,2025-10-29,Algebra: Terme,1,regulation,1.4279047558095,1,3.0240571504654,0.33940662801459,0.35165369924952,-0.028935370103071,0.47015906248171,0.44061701743393,0.34950231383445,0.47218024096779,-0.3667875749184,False,True,True
843,3,6,2025-10-29,Algebra: Terme,1,regulation,-1.1929257382862,-1,2.0618806987405,-0.17055995305799,-0.16267001999957,-0.30053932657278,-0.31632416360643,-0.29693945333983,-0.57545588039336,-0.57855915399148,-0.9621764517249001,True,False,True
835,0,6,2025-11-04,Algebra: Rationale Zahlen,19,kognition,2.1928329711058,1,3.9028243912711,0.56185652560873,0.035514064351567,0.10716096158394,0.3336892807476,0.43935402011948,0.47241530936597,0.37948739649417,1.8409436925305998,True,True,True
836,0,6,2025-11-04,Algebra: Rationale Zahlen,19,kognition,1.752927244018,1,3.2645506643148,0.53695655381115,0.12160901291853,0.19430850592622,0.27023992750622,0.42310320660401,0.44252841115942,0.45961902581514,-0.6382737269562999,False,False,True
837,0,6,2025-11-04,Algebra: Rationale Zahlen,19,kognition,1.8497956426329,1,2.9898402914902,0.61869172777574,0.26165124118264,0.37511761181132,0.32912105809137,0.40496483599092,0.3576085578641,0.088533564626579,-0.27471037282459987,False,False,True
838,0,6,2025-11-04,Algebra: Rationale Zahlen,19,kognition,2.1505046567471,1,3.4817423048328,0.61765009927963,0.2872117004452,0.15603886664661,0.2872117004452,0.50103511698974,0.35272549844014,0.23177984225927,0.4919020133426,False,False,True
830,3,6,2025-11-05,Grundrechenarten: ratZ,1,kognition,2.3310275582356,1,3.6813879930869,0.63319085918254,0.026149747064184,0.14669077169834,0.25844845876031,0.47775089783145,0.44131972317682,0.29505471879653,0.19964568825409978,False,False,True
831,3,6,2025-11-05,Grundrechenarten: ratZ,1,kognition,2.5684402293092,1,4.7203348418297,0.54412131218651,0.034339382852549,0.145716218238,0.32815106372612,0.43803370736583,0.46050645028912,0.41218019240003,1.0389468487428006,False,False,True
832,3,6,2025-11-05,Grundrechenarten: ratZ,1,kognition,1.2999584535744,1,2.1790951612463,0.59655608948717,0.36482865266828,0.40980739984522,0.39460415496634,0.35073160358203,0.24677962783086,0.058688343660483,-2.5412396805834003,False,False,True
833,3,6,2025-11-05,Grundrechenarten: ratZ,1,motivation,1.4967807162732,1,3.0334590316781,0.40960998879063,0.27178769119693,0.29238363314321,0.4934221185852,0.341322519198,0.45002586477868,0.3322146862729,0.8543638704317997,False,True,True
834,3,6,2025-11-05,Grundrechenarten: ratZ,1,kognition,2.2147698359634,1,4.5051999610504,0.49160191314302,0.062345305630295,0.07325617380748,0.40938129345955,0.38284523733197,0.45825543665079,0.47424482196104,1.4717409293723005,False,True,True
825,7,6,2025-11-07,Grundrechenarten: ratZ,1,regulation,2.2831943720438,1,4.6221765003632,0.42028364349602,0.07674949586674,0.058605948586205,0.41798896030911,0.44907287797465,0.44005726793527,0.4939641383714,0.11697653931279994,False,True,True
826,7,6,2025-11-07,Grundrechenarten: ratZ,1,kognition,2.0311230831007,1,3.8229300313861,0.5312987037268,0.20795513229951,0.31164531269073,0.34246928522452,0.41648835124838,0.41913366222758,0.33305785235829,-0.7992464689771004,False,True,True
828,7,6,2025-11-07,Grundrechenarten: ratZ,1,kognition,2.2741683893754,1,4.4226026497114,0.51421378481424,0.20190670340455,0.2771769151546,0.38230209960267,0.45121813753943,0.41512604872008,0.30968364954078,2.7242602458314997,False,False,True
829,7,6,2025-11-07,Grundrechenarten: ratZ,1,kognition,1.5532170520458,1,2.833504268978,0.54815924841132,0.13802849658802,0.17587266318748,0.25622307486221,0.44259893374098,0.29678800696146,0.54763502369475,-1.5890983807333998,False,False,True
1444,0,6,2025-11-11,Algebra: Rationale Zahlen Addition,19,performanz,2.034911587693,1,4.2375936204146,0.44755458964527,0.18471160900953,0.27647585423301,0.40997226864095,0.37266138334302,0.48020338143233,0.38933769139254,1.4040893514366002,False,True,True
1445,0,6,2025-11-11,Algebra: Rationale Zahlen Addition,19,kognition,1.2999584535744,1,2.1790951612463,0.59655608948717,0.36482865266828,0.40980739984522,0.39460415496634,0.35073160358203,0.24677962783086,0.058688343660483,-2.0584984591683,False,True,True
1446,0,6,2025-11-11,Algebra: Rationale Zahlen Addition,19,performanz,1.3195872615143,1,1.7830001959488,0.38136155656562,0.022433971544799,0.21359046816581,0.36212796890268,0.22310986354917,0.74008957689225,0.28245480372957,-0.3960949652975001,False,True,True
1447,0,6,2025-11-11,Algebra: Rationale Zahlen Addition,19,methodik,2.0353585414423,1,4.1877424962358,0.39127593926563,0.06814420500992,0.046609447259146,0.42649716325555,0.48602646485718,0.43207738758716,0.48504625202663,2.4047423002870003,False,True,True
1439,3,6,2025-11-12,Grundrechenarten: ratZ AddSub,1,kognition,2.4207499997062,1,4.8013363108794,0.50418150305489,0.050987814741659,0.094859944650951,0.38810784929659,0.41463768278023,0.4438380933649,0.46330801454674,0.6135938146435995,False,True,True
1440,3,6,2025-11-12,Grundrechenarten: ratZ AddSub,1,kognition,2.7431027601632,1,4.4247995695105,0.61993690735636,0.028768242753371,0.20958625007286,0.24606156155614,0.50280793819869,0.42502155926261,0.27733420685918,-0.37653674136889936,False,False,True
1441,3,6,2025-11-12,Grundrechenarten: ratZ AddSub,1,performanz,1.5619583131048,1,2.7800794322758,0.4828625632128,0.016496962767111,0.21435825162725,0.32723127590326,0.36859184201213,0.56183743406635,0.40250886323243,-1.6447201372347005,False,True,True
1442,3,6,2025-11-12,Grundrechenarten: ratZ AddSub,1,kognition,1.9179730577314,1,2.5315625227324,0.75762121784339,0.017681259848529,0.099494978821222,0.14000273146105,0.47547292371446,0.32817787034038,0.24982860468211,-0.24851690954339967,False,True,True
1443,3,6,2025-11-12,Grundrechenarten: ratZ AddSub,1,regulation,1.6521674795534,1,3.5054604059233,0.41704868780184,0.057308012801041,0.04481777131057,0.43363810755397,0.44022910936058,0.4656113369475,0.47131120455665,0.9738978831909,False,True,True
1434,7,6,2025-11-14,Grundrechenarten: ratZ,1,performanz,2.1018406752718,1,4.0297451295107,0.50229795388456,0.030986423052732,0.16577460984972,0.36043056753727,0.43342058043781,0.52158024686899,0.35977892556151,0.5242847235874,False,True,True
1435,7,6,2025-11-14,Grundrechenarten: ratZ,1,kognition,1.752927244018,1,3.2645506643148,0.53695655381115,0.12160901291853,0.19430850592622,0.27023992750622,0.42310320660401,0.44252841115942,0.45961902581514,-0.7651944651959002,False,True,True
1436,7,6,2025-11-14,Grundrechenarten: ratZ,1,performanz,1.1621607342448,1,1.9833132042675,0.3065561874594,0.18136971887345,0.17110350837118,0.48505024760576,0.2425222469868,0.58596638800181,0.4543065523583,-1.2812374600473,False,True,True
1437,7,6,2025-11-14,Grundrechenarten: ratZ,1,regulation,0.585,1,0.78184916245079,0.1518879687075,0.29704198806344,0.26412045790024,0.32771886844279,0.27010619065719,0.28058122298184,0.74821659461824,-1.20146404181671,False,True,True
1438,7,6,2025-11-14,Grundrechenarten: ratZ,1,kognition,1.5532170520458,1,2.833504268978,0.54815924841132,0.13802849658802,0.17587266318748,0.25622307486221,0.44259893374098,0.29678800696146,0.54763502369475,2.05165510652721,False,True,True
1430,0,6,2025-11-18,Grundrechenarten: Rat.zahlen Addition subtr.,19,kognition,2.1118789605959,1,3.9754603937968,0.53122744012662,0.022266357176725,0.15845702965771,0.31305095472288,0.4683200092299,0.49369494887372,0.36211699940813,1.1419561248188002,False,False,True
1431,0,6,2025-11-18,Grundrechenarten: Rat.zahlen Addition subtr.,19,regulation,2.2355880295845,1,4.6868909949516,0.40716647962595,0.070692363472695,0.050021570961398,0.43339165642599,0.46902056006163,0.43747798125574,0.47698639932709,0.7114306011548002,False,True,True
1432,0,6,2025-11-18,Grundrechenarten: Rat.zahlen Addition subtr.,19,motivation,1.771051310269,1,3.6940393184514,0.33295123459106,0.40703321573119,0.42321656646657,0.47943358563807,0.25647040025774,0.3617915443085,0.34325356467084,-0.9928516765002002,False,True,True
1433,0,6,2025-11-18,Grundrechenarten: Rat.zahlen Addition subtr.,19,regulation,1.6593102589405,1,3.445161991689,0.35697457681494,0.30867452774446,-0.051124322883014,0.44905706607895,0.45666641004076,0.36400878395462,0.48163350420338,-0.24887732676240004,False,True,True
1426,0,6,2025-11-25,Grundrechenarten: Rationale zahlen multiplizieren.,19,kognition,2.5299323006465,1,4.4248015064122,0.57176046866182,0.052169000706233,0.13681307367429,0.33444133727735,0.45024896048661,0.45411408885347,0.36173372051404,0.9796395147231998,False,True,True
1427,0,6,2025-11-25,Grundrechenarten: Rationale zahlen multiplizieren.,19,performanz,1.4780206620485,1,3.1813676431278,0.43697363840821,0.31432923474525,0.046982968609961,0.43014855236104,0.39172434957001,0.46458510363938,0.39207451324792,-1.2434338632843995,False,True,True
1428,0,6,2025-11-25,Grundrechenarten: Rationale zahlen multiplizieren.,19,regulation,1.0748847029185,1,2.1705909655679,0.41016065224904,0.049968981073429,0.032170610827381,0.39633397743253,0.46323979442207,0.45970750767414,0.49520143037311,-1.0107766775599,False,True,True
1429,0,6,2025-11-25,Grundrechenarten: Rationale zahlen multiplizieren.,19,motivation,2.0818792519938,1,4.2766590717479,0.33209301290047,0.37841837691444,0.38256831241431,0.48679923956401,0.28414573900136,0.39297120036295,0.35778751746519,2.1060681061799995,False,True,True
1421,3,6,2025-11-26,Grundrechenarten: ratZ,1,kognition,2.2832192608297,1,3.6744837708226,0.62136974593878,0.027190698877438,0.14268191314304,0.2692631437537,0.4751857410169,0.4474561246316,0.30704335353319,-0.6021753009252997,False,True,True
1422,3,6,2025-11-26,Grundrechenarten: ratZ,1,kognition,2.2069589158005,1,3.916840808544,0.5634523814352,0.076723644298226,0.31177537024684,0.31845471584113,0.42787289584912,0.43423975906972,0.32614892186079,0.24235703772139994,False,False,True
1423,3,6,2025-11-26,Grundrechenarten: ratZ,1,kognition,0.811,1,0.99141868047763,0.81801143740294,0.0,0.17853023972912,0.0,0.48515844807745,0.25216135554961,0.0,-2.9254221280663697,False,False,True
1424,3,6,2025-11-26,Grundrechenarten: ratZ,1,regulation,1.4279047558095,1,3.0240571504654,0.33940662801459,0.35165369924952,-0.028935370103071,0.47015906248171,0.44061701743393,0.34950231383445,0.47218024096779,2.03263846998777,False,True,True
1425,3,6,2025-11-26,Grundrechenarten: ratZ,1,regulation,1.539769585776,1,2.8957199704337,0.47088581038576,0.15755269598282,0.14777939986544,0.33022333356776,0.43475917646087,0.38831659764443,0.5317379733254,-0.12833718003169992,False,False,True
1416,7,6,2025-11-28,Algebra: Terme,1,motivation,1.6401735572884,1,2.8880375884253,0.33503668365262,0.32038509609569,0.43729181778179,0.5679177738836,0.22979626349353,0.40213666852666,0.23837351162418,-0.007682382008400435,False,True,True
1417,7,6,2025-11-28,Algebra: Terme,1,kognition,2.0025209823477,1,4.1753366045791,0.47960592784119,0.20384347683099,0.27356109825585,0.38796629419017,0.38566077691678,0.43325305356153,0.40819754744271,1.2872990161538005,False,True,True
1418,7,6,2025-11-28,Algebra: Terme,1,regulation,2.3378029514569,1,4.1845300685627,0.38787318485344,0.19216826862418,0.17250246888137,0.41054464039032,0.35562121575469,0.41920331406745,0.55867620172171,0.00919346398359977,False,True,True
1419,7,6,2025-11-28,Algebra: Terme,1,regulation,1.539769585776,1,2.8957199704337,0.47088581038576,0.15755269598282,0.14777939986544,0.33022333356776,0.43475917646087,0.38831659764443,0.5317379733254,-1.2888100981289998,False,False,True
1420,7,6,2025-11-28,Algebra: Terme,1,kognition,1.9947276918836,1,3.6328672145636,0.54907655119392,-0.038482231806958,0.0054751174992369,0.39332409838053,0.42215120724975,0.47425318615247,0.37305094002933,0.7371472441298996,False,True,True
1411,3,6,2025-12-03,Zahlen darstellen: ratZ,1,performanz,0.874,1,1.7259800114717,0.41135811637437,0.040556434008741,0.034762657721778,0.4223662913196,0.41773127029003,0.50637604748057,0.46755774635791,-1.9068872030918997,False,True,True
1412,3,6,2025-12-03,Zahlen darstellen: ratZ,1,kognition,2.3459293201978,1,3.9453024964552,0.59461178862399,0.17052830396184,0.30842106960146,0.27913815177287,0.45862360065479,0.4018311838535,0.26926989756156,2.2193224849834996,False,True,True
1413,3,6,2025-12-03,Zahlen darstellen: ratZ,1,regulation,1.9611829425497,1,4.1066196583502,0.45479888547485,0.19603031562825,0.22223033496086,0.40278440644117,0.38328801363239,0.41003110509019,0.47756508516951,0.16131716189500045,False,True,True
1414,3,6,2025-12-03,Zahlen darstellen: ratZ,1,kognition,1.8346726067272,1,3.2578547618,0.56315186199242,0.031352009134577,0.21853304168741,0.26739485678908,0.44746296860024,0.50787483501136,0.32319380690867,-0.8487648965502004,False,True,True
1406,3,6,2025-12-10,Brüche: ErwKürz,1,kognition,2.5326051745112,1,4.0096002650977,0.63163375167823,0.015541942208395,0.17179344520515,0.22267654332557,0.47982510846894,0.45027324687481,0.29785281840573,2.3784446767058,False,False,True
1407,3,6,2025-12-10,Brüche: ErwKürz,1,kognition,2.0772518399554,1,3.5046583852388,0.59270995472911,0.037629046859325,0.10166548436159,0.31605277833603,0.40263592842087,0.44426987951362,0.42137466894537,-0.5049418798589,False,False,True
1408,3,6,2025-12-10,Brüche: ErwKürz,1,regulation,1.0748847029185,1,2.1705909655679,0.41016065224904,0.049968981073429,0.032170610827381,0.39633397743253,0.46323979442207,0.45970750767414,0.49520143037311,-1.3340674196709,False,True,True
1409,3,6,2025-12-10,Brüche: ErwKürz,1,kognition,1.7468429863796,1,4.0578127668032,0.43048774842273,0.28241639133245,0.31314652429469,0.41780346808517,0.36786569284546,0.40358753700582,0.40507752344252,1.8872218012352997,False,True,True
1410,3,6,2025-12-10,Brüche: ErwKürz,1,regulation,1.0,1,1.6261417527387,0.37388884461493,0.073793850910841,0.061494875759034,0.35913007443276,0.44337805422264,0.38372802473637,0.61494875759034,-2.4316710140644995,False,True,True
1401,7,6,2025-12-12,Wurzelfunktion/-rechnung: Wurzelrechnung,23,kognition,2.0829911382815,1,4.0637489057853,0.51257744038802,0.23013458756657,0.17127204180886,0.37232291210636,0.40439334712313,0.50538671650944,0.31207265509604,2.4376071530465993,False,True,True
1402,7,6,2025-12-12,Wurzelfunktion/-rechnung: Wurzelrechnung,23,performanz,1.8146533005108,1,2.9011619883243,0.48967516717457,0.0,0.17265110518826,0.31720137154232,0.35619597135299,0.62548973580807,0.33417546746929,-1.1625869174609997,False,True,True
1403,7,6,2025-12-12,Wurzelfunktion/-rechnung: Wurzelrechnung,23,motivation,1.7915442913418,1,3.3533597644884,0.41425099938255,0.29820749581207,0.29614522655344,0.53425193675745,0.28669873699374,0.4000688015956,0.35225572510267,0.45219777616410006,False,True,True
1404,7,6,2025-12-12,Wurzelfunktion/-rechnung: Wurzelrechnung,23,performanz,1.7572379628335,1,3.5902114839272,0.3971431744353,0.28653829345557,0.14590320911336,0.43892973840054,0.37136167279791,0.48945113016017,0.41079018024235,0.23685171943880023,False,True,True
1398,0,6,2025-12-16,Wurzelfunktion/-rechnung: Wurzelrechnung,19,regulation,2.1118642691366,1,4.2811452631136,0.39453157613398,0.32332874279512,0.17661961816267,0.40009041652994,0.39611788571106,0.38507715333138,0.49329308080285,1.8525923623202996,False,True,True
1399,0,6,2025-12-16,Wurzelfunktion/-rechnung: Wurzelrechnung,19,performanz,2.1257565680491,1,3.3833631186319,0.52299969028213,0.0,0.29892053573149,0.27568601845748,0.36872158033832,0.62829504565806,0.1743527374388,-0.8977821444816998,False,True,True
1400,0,6,2025-12-16,Wurzelfunktion/-rechnung: Wurzelrechnung,19,kognition,2.2935712438157,1,3.7898911954463,0.6051796934895,0.053692576620129,0.1662406082395,0.32704611640905,0.40483368072381,0.46350085312484,0.34285699153796,0.40652807681439995,False,True,True
1394,3,6,2025-12-17,Raumgeometrie: Flächen u. Rauminhalte,19,kognition,1.8124059963247,1,2.7008782028216,0.67104073187158,0.0,0.13221920340388,0.18986342323182,0.46057081054162,0.46390437256253,0.26236264134944,-1.0890129926247,False,False,True
1395,3,6,2025-12-17,Raumgeometrie: Flächen u. Rauminhalte,19,performanz,1.8146533005108,1,2.9011619883243,0.48967516717457,0.0,0.17265110518826,0.31720137154232,0.35619597135299,0.62548973580807,0.33417546746929,0.20028378550269998,False,True,True
1396,3,6,2025-12-17,Raumgeometrie: Flächen u. Rauminhalte,19,performanz,2.2224477744004,1,4.723590507544,0.42040962805,0.22593003878185,0.11044512960084,0.43942386871515,0.4051961049162,0.47049867380845,0.42586709149823,1.8224285192197005,False,False,True
1397,3,6,2025-12-17,Raumgeometrie: Flächen u. Rauminhalte,19,motivation,1.5369106333891,1,3.0257381219646,0.43790454460234,0.050987706223324,0.2277099374948,0.50794400969211,0.29084563611002,0.45239383196929,0.45444797044548,-1.6978523855794005,False,True,True
1389,3,6,2026-01-07,Brüche: Alle rechenarten (wdh),19,kognition,1.919667488646,1,3.1988921097457,0.60010197961283,0.028359326892356,0.086449473354213,0.30337364378423,0.40429765756495,0.44207952411901,0.42504956153813,0.17315398778110014,False,True,True
1390,3,6,2026-01-07,Brüche: Alle rechenarten (wdh),19,regulation,1.5887506947218,1,2.5500239990253,0.30106002388061,0.15568419877999,0.13842952687491,0.37101936000202,0.30931179423061,0.49442664870243,0.62303118128191,-0.6488681107203997,False,True,True
1391,3,6,2026-01-07,Brüche: Alle rechenarten (wdh),19,regulation,2.1507426574126,1,4.0230266961372,0.32285345704235,0.1940878730544,0.24341569490145,0.41164830638065,0.33607032387167,0.48024720787901,0.5346067709195,1.4730026971119,False,False,True
1392,3,6,2026-01-07,Brüche: Alle rechenarten (wdh),19,performanz,2.06132346452,1,3.8092753542734,0.46064846728107,0.033447451813805,0.14540012885798,0.38824406928337,0.41376980713662,0.54113128128023,0.38829864222467,-0.21375134186380018,False,True,True
1393,3,6,2026-01-07,Brüche: Alle rechenarten (wdh),19,motivation,1.2623925324906,1,2.6261746889041,0.41358193012077,0.4120300862581,0.035560809429602,0.48069449868637,0.29942201539725,0.42667263452277,0.39387653764832,-1.1831006653692997,False,True,True
1384,3,6,2026-01-14,Algebra: Division Dezimalzahlen,19,kognition,1.7348832013882,1,3.586103254132,0.48377814041128,0.21624124958158,0.25466237068262,0.40759703466828,0.38794169160328,0.41830305549323,0.40339606808647,0.9599285652278997,False,True,True
1385,3,6,2026-01-14,Algebra: Division Dezimalzahlen,19,performanz,1.6348496052309,1,2.5891291552071,0.50370779347505,0.0,0.19345833502926,0.30327613977023,0.35909799288386,0.6314259324158,0.29869401277169,-0.9969740989249001,False,True,True
1386,3,6,2026-01-14,Algebra: Division Dezimalzahlen,19,performanz,2.1602420544193,1,4.0730731755336,0.50793164389237,0.029806912452068,0.14201670599099,0.36940497938456,0.35646034890973,0.5303702284784,0.41967456397547,1.4839440203265002,False,False,True
1387,3,6,2026-01-14,Algebra: Division Dezimalzahlen,19,kognition,1.9152788377772,1,3.9488118876419,0.48502538029663,0.025324008741178,0.23795142617514,0.38678225946455,0.4546744260224,0.46868110841995,0.36261797767101,-0.12426128789169999,False,True,True
1388,3,6,2026-01-14,Algebra: Division Dezimalzahlen,19,kognition,2.1799360603504,1,3.9764145050982,0.54821512581354,0.051179220846702,0.10079022337517,0.36475957219993,0.41216140286162,0.44667430386721,0.42922332550946,0.02760261745629977,False,False,True
1380,7,6,2026-01-16,Grundrechenarten: ratZ,1,kognition,1.919667488646,1,3.1988921097457,0.60010197961283,0.028359326892356,0.086449473354213,0.30337364378423,0.40429765756495,0.44207952411901,0.42504956153813,-0.7775223953524999,False,False,True
1381,7,6,2026-01-16,Grundrechenarten: ratZ,1,performanz,2.3238211125165,1,4.8604079848911,0.47652082017042,0.045968410589216,0.15904505569559,0.36906918169985,0.45571026315801,0.47811137226062,0.41598194606199,1.6615158751453998,False,True,True
1382,7,6,2026-01-16,Grundrechenarten: ratZ,1,motivation,1.1646065491769,1,2.3654242772316,0.32899178951382,0.42911044764118,0.0065736010195556,0.49234365139069,0.36822892694217,0.37707320345214,0.432894842167,-2.4949837076595,False,True,True
1383,7,6,2026-01-16,Grundrechenarten: ratZ,1,kognition,0.79145876670185,1,1.4276822372013,0.55436231008257,0.43168241116266,0.30622236049729,0.47867660078127,0.3150439873821,0.098250484871224,0.27296414144226,-0.9377420400302998,False,True,True
1375,3,6,2026-01-21,Grundrechenarten: schMulDiv,1,performanz,2.1744618745086,1,4.4388621375364,0.46577705352531,0.21582431903798,0.15028280583915,0.40837051156953,0.4063458558203,0.48986810323295,0.37686600340078,3.0111799003351,False,True,True
1376,3,6,2026-01-21,Grundrechenarten: schMulDiv,1,kognition,2.3459293201978,1,3.9453024964552,0.59461178862399,0.17052830396184,0.30842106960146,0.27913815177287,0.45862360065479,0.4018311838535,0.26926989756156,-0.49355964108120043,False,True,True
1377,3,6,2026-01-21,Grundrechenarten: schMulDiv,1,performanz,1.9343789929705,1,3.7281985400685,0.40952297822629,0.23941046247707,0.13252961756498,0.43892855326055,0.39268182609114,0.51884946139171,0.37595484001876,-0.21710395638669988,False,True,True
1378,3,6,2026-01-21,Grundrechenarten: schMulDiv,1,regulation,1.9611829425497,1,4.1066196583502,0.45479888547485,0.19603031562825,0.22223033496086,0.40278440644117,0.38328801363239,0.41003110509019,0.47756508516951,0.37842111828170033,False,True,True
1379,3,6,2026-01-21,Grundrechenarten: schMulDiv,1,performanz,1.5511427607571,1,2.6677743582537,0.32130842266691,0.036953441487947,0.1513991513825,0.40364975331999,0.43700613516417,0.58143483597468,0.42484372043268,-1.4388453000965002,False,True,True
1372,7,6,2026-01-23,Gleichungssysteme: Gleichungen lösen,23,regulation,1.8479915181834,1,4.0789242581081,0.42043389351725,0.32285885538557,0.14942820404965,0.40847577548243,0.41016540084089,0.39536647425586,0.45305744129363,1.4111498998543999,False,True,True
1373,7,6,2026-01-23,Gleichungssysteme: Gleichungen lösen,23,regulation,2.0584483248078,1,3.7903140793782,0.43782915236789,0.20100650117379,0.23487362217918,0.31187955950307,0.38918849396145,0.41116778334824,0.54307976882693,-0.2886101787299,False,False,True
1374,7,6,2026-01-23,Gleichungssysteme: Gleichungen lösen,23,performanz,1.171031134971,1,2.3554216638968,0.19785571730366,0.33095686675477,0.41928909416486,0.49146919269571,0.22256410971708,0.4971620076779,0.37048889297316,-1.4348924154814,False,True,True
1367,3,6,2026-01-28,Gleichungssysteme: .. mit 1 unbekannten,19,kognition,1.0975708585606,1,1.3188111830917,0.83223629756051,0.040451612190433,-0.055684238052357,0.011670751455983,0.49099433864298,-0.035747667103451,0.24523655927177,-1.0366104808051,False,True,True
1368,3,6,2026-01-28,Gleichungssysteme: .. mit 1 unbekannten,19,regulation,0.61169791055793,1,0.78503971413289,-0.19646102355585,0.42330280908898,0.37958715950229,0.1645495532834,-0.04349476965984,0.044837282982806,0.77918366129661,-0.53377146895881,False,True,True
1369,3,6,2026-01-28,Gleichungssysteme: .. mit 1 unbekannten,19,motivation,1.2623925324906,1,2.6261746889041,0.41358193012077,0.4120300862581,0.035560809429602,0.48069449868637,0.29942201539725,0.42667263452277,0.39387653764832,1.8411349747712102,False,True,True
1370,3,6,2026-01-28,Gleichungssysteme: .. mit 1 unbekannten,19,kognition,1.6796194716121,1,3.2319097401701,0.51969714802499,0.053163455215556,0.10834893091988,0.32726944443377,0.47290981872877,0.42522985948093,0.45141269694771,0.6057350512659996,False,True,True
1371,3,6,2026-01-28,Gleichungssysteme: .. mit 1 unbekannten,19,performanz,1.5410807252831,1,3.2610617527124,0.46727819350693,0.10274601857145,0.26333744255978,0.35239019234587,0.39118686035569,0.47256878785366,0.44856921128522,0.029152012542300376,False,True,True
2001,2,7,2025-08-26,Wurzelfunktion/-rechnung: WursR,1,regulation,2.2831943720438,1,4.6221765003632,0.42028364349602,0.07674949586674,0.058605948586205,0.41798896030911,0.44907287797465,0.44005726793527,0.4939641383714,,False,False,True
2002,2,7,2025-08-26,Wurzelfunktion/-rechnung: WursR,1,kognition,2.189211103481,1,4.4107099279058,0.49633872457652,0.020069114607285,0.21068322682328,0.37723372686767,0.44311697942076,0.47270261859914,0.38307628077188,-0.2114665724574003,False,True,True
2003,2,7,2025-08-26,Wurzelfunktion/-rechnung: WursR,1,kognition,1.7575648543691,1,2.8941916929599,0.60727103388972,0.028928445867643,0.10674965943156,0.29884034758578,0.44607402462506,0.44638581037106,0.36253931618783,-1.5165182349459,False,False,True
2004,2,7,2025-08-26,Wurzelfunktion/-rechnung: WursR,1,regulation,1.9611829425497,1,4.1066196583502,0.45479888547485,0.19603031562825,0.22223033496086,0.40278440644117,0.38328801363239,0.41003110509019,0.47756508516951,1.2124279653903005,False,True,True
1997,2,7,2025-09-02,Wurzelfunktion/-rechnung: WFkt,1,kognition,1.9138365334644,1,3.2342344427424,0.59174146152093,0.038405650800278,0.099214849723068,0.31748586916428,0.39987967905516,0.44424680314885,0.42480704035474,-0.8723852156078005,False,True,True
1998,2,7,2025-09-02,Wurzelfunktion/-rechnung: WFkt,1,kognition,2.1149148429999,1,2.9207356266883,0.72410100478276,0.0,0.17470319108147,0.116754695985,0.4966933615981,0.39847706619926,0.16133739667791,-0.3134988160540999,False,False,True
1999,2,7,2025-09-02,Wurzelfunktion/-rechnung: WFkt,1,kognition,2.1046227351488,1,3.4246644235568,0.6145468079161,0.29199855995695,0.15229173432608,0.29199855995695,0.49927156175311,0.35186311417586,0.23564283788526,0.5039287968684998,False,False,True
2000,2,7,2025-09-02,Wurzelfunktion/-rechnung: WFkt,1,kognition,1.7575648543691,1,2.8941916929599,0.60727103388972,0.028928445867643,0.10674965943156,0.29884034758578,0.44607402462506,0.44638581037106,0.36253931618783,-0.5304727305968999,False,False,True
1992,4,7,2025-09-03,Wurzelfunktion/-rechnung: komplÜb,1,kognition,1.7348832013882,1,3.586103254132,0.48377814041128,0.21624124958158,0.25466237068262,0.40759703466828,0.38794169160328,0.41830305549323,0.40339606808647,0.6919115611721001,False,False,True
1993,4,7,2025-09-03,Wurzelfunktion/-rechnung: komplÜb,1,kognition,2.189211103481,1,4.4107099279058,0.49633872457652,0.020069114607285,0.21068322682328,0.37723372686767,0.44311697942076,0.47270261859914,0.38307628077188,0.8246066737738,False,False,True
1994,4,7,2025-09-03,Wurzelfunktion/-rechnung: komplÜb,1,regulation,1.9207031699987,1,3.3702834346193,0.34666187591488,0.15274841687258,0.12736758152662,0.39464371019655,0.43026513898873,0.41787129944916,0.56989197150297,-1.0404264932865002,False,True,True
1995,4,7,2025-09-03,Wurzelfunktion/-rechnung: komplÜb,1,performanz,1.8049843709444,1,3.2797650376075,0.51103466186798,0.021407769205401,0.22605758756772,0.31018699662224,0.44980613606563,0.55033785861762,0.29302535620085,-0.09051839701179976,False,True,True
1996,4,7,2025-09-03,Wurzelfunktion/-rechnung: komplÜb,1,kognition,1.4857859574845,1,2.1457730143001,0.69242134343632,0.19388741468756,0.33465663251254,0.2438835404875,0.43643824689855,0.34160572827989,0.065604672391137,-1.1339920233074001,False,True,True
1987,2,7,2025-09-09,Potenzfunktion/-rechnung: Üb,1,regulation,1.7810357015046,1,3.5846603474751,0.44499407838611,0.049847783190915,0.036900952175072,0.39802316963037,0.42437609028194,0.46125148062342,0.49684783504823,1.4388873331750003,False,True,True
1988,2,7,2025-09-09,Potenzfunktion/-rechnung: Üb,1,kognition,2.1149148429999,1,2.9207356266883,0.72410100478276,0.0,0.17470319108147,0.116754695985,0.4966933615981,0.39847706619926,0.16133739667791,-0.6639247207868002,False,True,True
1989,2,7,2025-09-09,Potenzfunktion/-rechnung: Üb,1,kognition,1.4758361358457,1,2.8006523873511,0.52695967300848,0.28386141920944,0.3913078160065,0.35705838894269,0.40277514975236,0.34038294450806,0.28814611987675,-0.1200832393372,False,False,True
1990,2,7,2025-09-09,Potenzfunktion/-rechnung: Üb,1,methodik,1.3071304723696,1,2.3428052989296,0.51447576205092,0.042683689169047,0.09160513239389,0.31116409404235,0.55793150786012,0.39453333050523,0.40165351508073,-0.4578470884215,False,True,True
1991,2,7,2025-09-09,Potenzfunktion/-rechnung: Üb,1,kognition,2.2688988134381,1,4.362368859302,0.52010586118627,0.19744656419101,0.27327195712571,0.37284289932841,0.46304826268623,0.41077008263379,0.30604741185795,2.0195635603724003,False,True,True
1982,4,7,2025-09-10,Wurzelfunktion/-rechnung: KorrLK,1,kognition,2.0304399710254,1,3.9010906605121,0.52047874374994,0.033873816621941,0.1396134641375,0.35482896355742,0.45153437351331,0.4908096880731,0.37118238371735,-0.4612781987899002,False,False,True
1983,4,7,2025-09-10,Wurzelfunktion/-rechnung: KorrLK,1,performanz,-1.7781209396438,-1,2.9238561433447,-0.25128913178248,-0.15374780174834,-0.28889999732454,-0.42599801146043,-0.2018020606664,-0.60814033627742,-0.48755747449881,-0.9772345171674002,True,True,True
1984,4,7,2025-09-10,Wurzelfunktion/-rechnung: KorrLK,1,methodik,1.8245750082058,1,3.8704021062177,0.40318994894425,0.20550689788914,0.23592235832602,0.39283588990937,0.47141621050499,0.37683145523507,0.47009044645486,0.946545962873,True,True,True
1985,4,7,2025-09-10,Wurzelfunktion/-rechnung: KorrLK,1,kognition,2.1618147661197,1,3.4205843904462,0.63199974020822,0.020464279598748,0.16954941851328,0.24201836080613,0.48963150677988,0.45771258717943,0.2521744981739,-0.44981771577149976,False,True,True
1986,4,7,2025-09-10,Wurzelfunktion/-rechnung: KorrLK,1,methodik,2.0534298272575,1,3.8995392280503,0.51572033646035,0.023111379596837,0.14713864022183,0.29720121974227,0.52658133214136,0.45873431996406,0.3684967432254,0.47895483760409974,False,True,True
1978,2,7,2025-09-16,Potenzfunktion/-rechnung: Üb,1,kognition,2.6228056368715,1,4.6361765459891,0.56572478498315,0.048988682338982,0.17044432813436,0.3147111289115,0.48920271513479,0.42441388016159,0.36056963398192,0.7366373179388002,False,True,True
1979,2,7,2025-09-16,Potenzfunktion/-rechnung: Üb,1,methodik,2.0534298272575,1,3.8995392280503,0.51572033646035,0.023111379596837,0.14713864022183,0.29720121974227,0.52658133214136,0.45873431996406,0.3684967432254,-0.7366373179388002,False,True,True
1980,2,7,2025-09-16,Potenzfunktion/-rechnung: Üb,1,regulation,1.6593102589405,1,3.445161991689,0.35697457681494,0.30867452774446,-0.051124322883014,0.44905706607895,0.45666641004076,0.36400878395462,0.48163350420338,-0.4543772363612999,False,True,True
1981,2,7,2025-09-16,Potenzfunktion/-rechnung: Üb,1,kognition,0.6297819547903,1,1.113032525307,0.56582020944489,0.05660161096057,0.095206734803645,0.27546117334144,0.48657904900639,0.36392488190348,0.47168009133809,-2.332129466382,False,True,True
1974,4,7,2025-09-24,Potenzfunktion/-rechnung: Üb,1,kognition,2.078940017929,1,3.0075822377954,0.69123067675319,0.0,0.25591478507693,0.12837894832579,0.46807332157981,0.46358479692794,0.078844605250314,1.8945497124884,False,False,True
1975,4,7,2025-09-24,Potenzfunktion/-rechnung: Üb,1,kognition,1.8346726067272,1,3.2578547618,0.56315186199242,0.031352009134577,0.21853304168741,0.26739485678908,0.44746296860024,0.50787483501136,0.32319380690867,0.2502725240046,False,False,True
1976,4,7,2025-09-24,Potenzfunktion/-rechnung: Üb,1,regulation,1.6521674795534,1,3.5054604059233,0.41704868780184,0.057308012801041,0.04481777131057,0.43363810755397,0.44022910936058,0.4656113369475,0.47131120455665,0.2476056441233001,False,True,True
1977,4,7,2025-09-24,Potenzfunktion/-rechnung: Üb,1,kognition,1.9947276918836,1,3.6328672145636,0.54907655119392,-0.038482231806958,0.0054751174992369,0.39332409838053,0.42215120724975,0.47425318615247,0.37305094002933,0.12740680864029974,False,True,True
1969,2,7,2025-09-30,Potenzfunktion/-rechnung: Üb,1,motivation,1.7470306227058,1,3.6941165863736,0.35861772438682,0.24073354711313,0.23271670472127,0.47292115791323,0.38161039047148,0.41343649431098,0.4680465381299,0.06124937181000023,False,True,True
1970,2,7,2025-09-30,Potenzfunktion/-rechnung: Üb,1,kognition,2.0025209823477,1,4.1753366045791,0.47960592784119,0.20384347683099,0.27356109825585,0.38796629419017,0.38566077691678,0.43325305356153,0.40819754744271,0.4812200182055002,False,True,True
1971,2,7,2025-09-30,Potenzfunktion/-rechnung: Üb,1,regulation,2.0107729389583,1,4.1826548987587,0.42262531457781,0.16192150458247,0.16866783506966,0.43524035966832,0.39405455354042,0.43691172839776,0.48073966899788,0.007318294179599505,False,True,True
1972,2,7,2025-09-30,Potenzfunktion/-rechnung: Üb,1,kognition,1.8888915756821,1,3.3233958757153,0.56836018419675,0.037237226112195,0.080792004910457,0.34461562095382,0.4123224685031,0.42860518859677,0.44336731060167,-0.8592590230433998,False,True,True
1973,2,7,2025-09-30,Potenzfunktion/-rechnung: Üb,1,kognition,2.1799360603504,1,3.9764145050982,0.54821512581354,0.051179220846702,0.10079022337517,0.36475957219993,0.41216140286162,0.44667430386721,0.42922332550946,0.6530186293828999,False,False,True
1964,2,7,2025-10-21,Wurzelfunktion/-rechnung: AB,1,motivation,1.7470306227058,1,3.6941165863736,0.35861772438682,0.24073354711313,0.23271670472127,0.47292115791323,0.38161039047148,0.41343649431098,0.4680465381299,-0.28229791872459975,False,True,True
1965,2,7,2025-10-21,Wurzelfunktion/-rechnung: AB,1,kognition,2.7431027601632,1,4.4247995695105,0.61993690735636,0.028768242753371,0.20958625007286,0.24606156155614,0.50280793819869,0.42502155926261,0.27733420685918,0.7306829831369002,False,True,True
1966,2,7,2025-10-21,Wurzelfunktion/-rechnung: AB,1,kognition,2.2035645934457,1,4.2358001921728,0.52022269494454,0.045510725452022,0.10306308108279,0.34884460310921,0.47727058198715,0.43904963315455,0.41764345474095,-0.18899937733770056,False,False,True
1968,2,7,2025-10-21,Wurzelfunktion/-rechnung: AB,1,motivation,1.7458338296571,1,3.5017444958452,0.34469658567642,0.26112979820776,0.24928452739593,0.49855974533009,0.35845155720786,0.43144183162675,0.43319235068464,1.0675596401337,False,True,True
1959,4,7,2025-10-22,Potenzfunktion/-rechnung: Üb,1,kognition,1.7348832013882,1,3.586103254132,0.48377814041128,0.21624124958158,0.25466237068262,0.40759703466828,0.38794169160328,0.41830305549323,0.40339606808647,0.08435875828679995,False,True,True
1960,4,7,2025-10-22,Potenzfunktion/-rechnung: Üb,1,kognition,2.5684402293092,1,4.7203348418297,0.54412131218651,0.034339382852549,0.145716218238,0.32815106372612,0.43803370736583,0.46050645028912,0.41218019240003,1.1342315876977005,False,False,True
1961,4,7,2025-10-22,Potenzfunktion/-rechnung: Üb,1,performanz,1.3195872615143,1,1.7830001959488,0.38136155656562,0.022433971544799,0.21359046816581,0.36212796890268,0.22310986354917,0.74008957689225,0.28245480372957,-2.9373346458809007,False,True,True
1962,4,7,2025-10-22,Potenzfunktion/-rechnung: Üb,1,performanz,1.7623605672214,1,3.1844962872024,0.35830210771604,0.21987884155731,0.30560875784078,0.47619592143151,0.25159370964146,0.55341720451418,0.36542762457524,1.4014960912535999,False,False,True
1963,4,7,2025-10-22,Potenzfunktion/-rechnung: Üb,1,kognition,2.1107934644134,1,3.6856067041269,0.5727110640805,0.23541902145029,0.25560735813441,0.39136333009483,0.38505679553671,0.38612816516834,0.31734905313491,0.5011104169245,False,True,True
1955,4,7,2025-10-29,Potenzfunktion/-rechnung: PotWurz,1,regulation,1.7810357015046,1,3.5846603474751,0.44499407838611,0.049847783190915,0.036900952175072,0.39802316963037,0.42437609028194,0.46125148062342,0.49684783504823,-0.10094635665179963,False,True,True
1956,4,7,2025-10-29,Potenzfunktion/-rechnung: PotWurz,1,kognition,1.0626342027733,1,2.420951563667,0.43893063761153,0.32838191730555,0.41683594525902,0.41305901547868,0.35964417566963,0.33862726222753,0.3333386254913,-1.1637087838081004,False,True,True
1957,4,7,2025-10-29,Potenzfunktion/-rechnung: PotWurz,1,motivation,1.4723886372156,1,2.9357228581996,0.34537482242209,0.24737373147556,0.23612830211317,0.50154040177844,0.36060494021354,0.43537354465557,0.43889663982322,0.5147712945326002,False,True,True
1958,4,7,2025-10-29,Potenzfunktion/-rechnung: PotWurz,1,kognition,1.884870137549,1,3.6334044341863,0.51876001807405,0.15340174444684,0.095149177439808,0.36402297008985,0.483195435891,0.42961310411021,0.38436845185597,0.6976815759866999,False,True,True
1950,4,7,2025-11-05,Wurzelfunktion/-rechnung: Üb,1,kognition,1.7348832013882,1,3.586103254132,0.48377814041128,0.21624124958158,0.25466237068262,0.40759703466828,0.38794169160328,0.41830305549323,0.40339606808647,-0.04730118005429995,False,False,True
1951,4,7,2025-11-05,Wurzelfunktion/-rechnung: Üb,1,kognition,2.0311230831007,1,3.8229300313861,0.5312987037268,0.20795513229951,0.31164531269073,0.34246928522452,0.41648835124838,0.41913366222758,0.33305785235829,0.23682677725409995,False,False,True
1952,4,7,2025-11-05,Wurzelfunktion/-rechnung: Üb,1,methodik,2.1006963532816,1,4.0258121877764,0.35511096938672,0.067184401701719,0.040745767506346,0.41140200825069,0.52180554810889,0.42027935861791,0.49954968560314,0.20288215639030005,False,True,True
1953,4,7,2025-11-05,Wurzelfunktion/-rechnung: Üb,1,kognition,2.2741683893754,1,4.4226026497114,0.51421378481424,0.20190670340455,0.2771769151546,0.38230209960267,0.45121813753943,0.41512604872008,0.30968364954078,0.3967904619349998,False,True,True
1954,4,7,2025-11-05,Wurzelfunktion/-rechnung: Üb,1,kognition,0.811,1,0.99141868047763,0.81801143740294,0.0,0.17853023972912,0.0,0.48515844807745,0.25216135554961,0.0,-3.4311839692337696,False,False,True
1945,4,7,2025-11-12,Weitere Themen: Korr LK,1,kognition,2.0249577812164,1,3.2284332079851,0.62722422256273,0.027607078164519,0.12304400854027,0.27572196662313,0.46075342934985,0.44961835806807,0.31655743152458,2.23701452750747,False,False,True
1946,4,7,2025-11-12,Weitere Themen: Korr LK,1,performanz,1.8608741963844,1,3.0556171049096,0.55550638970887,0.0,0.29078875442313,0.25128473348535,0.3845063379814,0.60899911294624,0.15804728787018,-0.17281610307550022,False,True,True
1947,4,7,2025-11-12,Weitere Themen: Korr LK,1,motivation,1.9323937282884,1,4.094843055123,0.3779217885154,0.27275714624174,0.33240350281161,0.47190795427221,0.3699431106647,0.45875909404899,0.31979174360427,1.0392259502134005,False,True,True
1948,4,7,2025-11-12,Weitere Themen: Korr LK,1,regulation,1.8273956846978,1,3.5207315255485,0.37132751512027,0.24240421836388,0.29100684058051,0.44055652320458,0.34593149871983,0.36811300371858,0.51903716062007,-0.5741115295745005,False,True,True
1949,4,7,2025-11-12,Weitere Themen: Korr LK,1,kognition,2.4036580249543,1,4.6452590913521,0.51744214978398,0.058805209392942,0.10773919193437,0.37190440664099,0.39890677270429,0.45305062017137,0.46312974922747,1.1245275658036005,False,True,True
1941,4,7,2025-11-26,Weitere Themen: Üb,1,performanz,1.5072340371522,1,3.0906410220045,0.46922370585666,0.077011763893507,0.23510808419298,0.4219273012279,0.34983980019771,0.48767525884388,0.42470969885431,-1.5546180693476002,False,True,True
1942,4,7,2025-11-26,Weitere Themen: Üb,1,kognition,2.1969604991137,1,3.9082087439743,0.56213857080057,0.033812121852611,0.13194589398309,0.32139828186305,0.47968884541538,0.45640853074794,0.35176006075289,0.8175677219697999,False,True,True
1943,4,7,2025-11-26,Weitere Themen: Üb,1,kognition,0.6297819547903,1,1.113032525307,0.56582020944489,0.05660161096057,0.095206734803645,0.27546117334144,0.48657904900639,0.36392488190348,0.47168009133809,-2.7951762186673,False,False,True
1944,4,7,2025-11-26,Weitere Themen: Üb,1,kognition,1.9788076577981,1,3.9084723722527,0.50628542470759,0.047586876996102,0.076347252476498,0.38277239334217,0.41463234038027,0.45983069878252,0.45353895477639,2.7954398469457002,False,False,True
1936,4,7,2025-12-10,Funktionen: Wertetabelle,1,kognition,2.2346674385594,1,4.3791276201609,0.51029851819942,0.047835451513698,0.084937158254073,0.37944766970326,0.4211062160057,0.47063511476347,0.4327584932677,0.4706552479082,False,False,True
1937,4,7,2025-12-10,Funktionen: Wertetabelle,1,kognition,1.6291639737569,1,2.6011908708907,0.62631225138682,0.017885899512245,0.12307583679251,0.21551127310514,0.58013916482116,0.36832679624498,0.2712683538319,-1.7779367492702,False,False,True
1939,4,7,2025-12-10,Funktionen: Wertetabelle,1,regulation,1.0,1,1.6261417527387,0.37388884461493,0.073793850910841,0.061494875759034,0.35913007443276,0.44337805422264,0.38372802473637,0.61494875759034,-0.7948098109282997,False,True,True
1940,4,7,2025-12-10,Funktionen: Wertetabelle,1,kognition,1.8702221947077,1,3.8832180547468,0.4816153386669,0.25004110096737,0.12597543181763,0.39902106190031,0.41894612832276,0.48031524461567,0.35244113427872,2.2570763020081,False,True,True
1931,4,7,2026-01-07,Gleichungssysteme: Gleichungssysteme mit CAS lösen,23,kognition,2.1928329711058,1,3.9028243912711,0.56185652560873,0.035514064351567,0.10716096158394,0.3336892807476,0.43935402011948,0.47241530936597,0.37948739649417,0.019606336524299994,False,False,True
1932,4,7,2026-01-07,Gleichungssysteme: Gleichungssysteme mit CAS lösen,23,regulation,1.9772187354812,1,3.5945149852943,0.44008146001926,0.21195562268381,0.24766753587711,0.30191198612596,0.39195609564178,0.39077811478869,0.55006398441248,-0.3083094059767997,False,True,True
1933,4,7,2026-01-07,Gleichungssysteme: Gleichungssysteme mit CAS lösen,23,kognition,1.3018227166532,1,2.0751661843285,0.627331176256,0.052068647061027,0.029085078991583,0.24818163278304,0.52498460728217,0.30337747879706,0.41671095063911,-1.5193488009658003,False,True,True
1934,4,7,2026-01-07,Gleichungssysteme: Gleichungssysteme mit CAS lösen,23,kognition,1.8796171795718,1,3.9646280613375,0.47409552914842,0.41406760217284,0.095995289892389,0.41406760217284,0.43806451980786,0.35846842256622,0.32048275638434,1.889461877009,False,False,True
1935,4,7,2026-01-07,Gleichungssysteme: Gleichungssysteme mit CAS lösen,23,motivation,0.69981913800531,1,1.3025838667872,0.36115172343753,0.5163664375442,0.47059949911277,0.53725044762523,0.18827947253543,0.22451528516508,0.083436058304641,-2.6620441945502997,False,True,True
1926,4,7,2026-01-14,Analysis: Potenzfunktionen,23,kognition,2.0532452617647,1,2.86636421726,0.71632142425822,0.0,0.24589649946494,0.10102785763875,0.48005379208708,0.42650143713645,0.062046789280422,1.5637803504728,False,True,True
1927,4,7,2026-01-14,Analysis: Potenzfunktionen,23,regulation,2.0584483248078,1,3.7903140793782,0.43782915236789,0.20100650117379,0.23487362217918,0.31187955950307,0.38918849396145,0.41116778334824,0.54307976882693,0.9239498621181998,False,True,True
1928,4,7,2026-01-14,Analysis: Potenzfunktionen,23,motivation,1.2052751378734,1,2.5677818078907,0.35414748083857,0.38945317322984,-0.016509864641924,0.46938195463106,0.38464361882541,0.39297273842287,0.44713277366814,-1.2225322714874998,False,True,True
1929,4,7,2026-01-14,Analysis: Potenzfunktionen,23,kognition,2.17271425264,1,3.961007449354,0.54852428206151,0.028144193203567,0.15231775143531,0.32706755945492,0.43173643708193,0.46775918359501,0.40367694556994,1.3932256414633,False,True,True
1930,4,7,2026-01-14,Analysis: Potenzfunktionen,23,kognition,2.3210201415921,1,3.3989502526716,0.68286180745059,0.01826365831898,0.17566245392676,0.19020295592194,0.51264892743446,0.39897867265262,0.21055388947738,-0.5620571966824004,False,False,True
1923,4,7,2026-01-21,Analysis: Potenzfunktionen,23,performanz,2.1524916087874,1,3.7834187822736,0.43529939562806,0.035551443866491,0.119184436252,0.4104201615304,0.35006848278279,0.56892616001453,0.42470070376623,0.38446852960200006,False,True,True
1924,4,7,2026-01-21,Analysis: Potenzfunktionen,23,regulation,2.0584483248078,1,3.7903140793782,0.43782915236789,0.20100650117379,0.23487362217918,0.31187955950307,0.38918849396145,0.41116778334824,0.54307976882693,0.006895297104600129,False,True,True
1925,4,7,2026-01-21,Analysis: Potenzfunktionen,23,kognition,2.3317185870149,1,3.9472334029979,0.59072075090275,0.036035643093624,0.11051648660271,0.31723657760352,0.43648255743814,0.44637104913987,0.38357304861061,0.15691932361970018,False,True,True
540,0,8,2025-01-30,weitere Themen: PHY: Vorb. LK,1,kognition,2.1556184500854,1,3.7194891481524,0.57954535388351,0.019090019174942,0.23022370636312,0.37130863824344,0.4392989921981,0.39799388816367,0.34857076402281,,False,False,True
539,0,8,2025-02-06,Lineare Funktion/Gleichung: Aufgabenblatt,7,regulation,1.0,1,1.4952397801022,0.33907378335502,0.033439229127714,0.080254149906513,0.39057019621169,0.3216853842086,0.41732157951387,0.66878458255427,-2.2242493680502,False,True,True
537,2,8,2025-02-18,Lineare Funktion/Gleichung: komplexe Übung,1,performanz,2.2620039579833,1,4.2485018611867,0.5065917477162,0.028063272496535,0.20162566570364,0.35212625749247,0.41368637626193,0.53242265336444,0.35116440074563,2.7532620810845,False,True,True
536,0,8,2025-02-20,Lineare Funktion/Gleichung: kompl. Ü.,1,,0.0,0,0.0,0.0,0.0,0.0,0.0,0.0,0.0,0.0,-4.2485018611867,True,True,True
535,2,8,2025-03-04,Lineare Funktion/Gleichung: Vorbereitung LK,1,kognition,1.5980585677535,1,2.8625021745655,0.55827136106279,0.04717658474498,0.023739912454604,0.30849241046925,0.51716630809025,0.37597500895057,0.42608816232289,2.8625021745655,True,True,True
534,0,8,2025-03-13,Lineare Funktion/Gleichung: Lineares Gleichungssystem,7,kognition,1.8144776230582,1,3.3666875653448,0.53894880304534,0.11902260533474,0.18715230414695,0.30285988424917,0.45694277284208,0.41623217229527,0.43193269527026,0.5041853907793001,False,False,True
533,2,8,2025-03-25,weitere Themen: Korr LK,1,,0.0,0,0.0,0.0,0.0,0.0,0.0,0.0,0.0,0.0,-3.3666875653448,True,True,True
532,0,8,2025-03-27,Geometrie: Kreis,7,kognition,1.4014261761902,1,2.1532236836758,0.65084722889801,0.023220888832951,0.098704668493712,0.27121998156886,0.40444345953194,0.43417517109523,0.37478514576382,2.1532236836758,True,True,True
531,0,8,2025-04-03,Geometrie: Kreis,7,,0.0,0,0.0,0.0,0.0,0.0,0.0,0.0,0.0,0.0,-2.1532236836758,True,True,True
530,2,8,2025-05-06,Geometrie: InnenAußenKr,1,kognition,1.7039846014093,1,2.9804439385841,0.57171982406773,0.50950609483976,0.10429210597286,0.31959374825077,0.33130173834638,0.38305826527894,0.2098136982994,2.9804439385841,True,True,True
529,0,8,2025-05-15,Geometrie: Umfang und Flächeninhalt vom Kreis,12,regulation,1.5628759588333,1,2.4564810708561,0.31636149321959,0.18681643735396,0.10786420183217,0.39532500409799,0.38424419058719,0.38035130705377,0.6362229349723,-0.5239628677280002,False,True,True
528,0,8,2025-06-12,Geometrie: Ähnlichkeiten,18,kognition,-0.811,-1,0.99141868047763,-0.81801143740294,0.0,-0.17853023972912,0.0,-0.48515844807745,-0.25216135554961,0.0,-1.4650623903784696,True,True,True
524,2,8,2025-08-26,Stochastik (Wahrscheinlichkeitsrechnung): komplÜb,1,kognition,2.078940017929,1,3.0075822377954,0.69123067675319,0.0,0.25591478507693,0.12837894832579,0.46807332157981,0.46358479692794,0.078844605250314,2.01616355731777,True,False,True
525,2,8,2025-08-26,Stochastik (Wahrscheinlichkeitsrechnung): komplÜb,1,kognition,2.1688746734496,1,3.1172442691244,0.69576444081953,0.0,0.16369007378504,0.15193693723741,0.48658802563816,0.43032265210642,0.20995395265513,0.10966203132899999,False,False,True
526,2,8,2025-08-26,Stochastik (Wahrscheinlichkeitsrechnung): komplÜb,1,kognition,2.1820491743331,1,4.4336617364237,0.49215397621954,0.1998670220788,0.11445072171214,0.39248883283008,0.46126862894737,0.42771883525212,0.39366803854352,1.3164174672992996,False,False,True
527,2,8,2025-08-26,Stochastik (Wahrscheinlichkeitsrechnung): komplÜb,1,kognition,1.8888915756821,1,3.3233958757153,0.56836018419675,0.037237226112195,0.080792004910457,0.34461562095382,0.4123224685031,0.42860518859677,0.44336731060167,-1.1102658607083997,False,False,True
519,0,8,2025-08-28,Stochastik (Wahrscheinlichkeitsrechnung): Wahrscheinlich.rechnung f.test,19,kognition,2.5299323006465,1,4.4248015064122,0.57176046866182,0.052169000706233,0.13681307367429,0.33444133727735,0.45024896048661,0.45411408885347,0.36173372051404,1.1014056306968998,False,False,True
520,0,8,2025-08-28,Stochastik (Wahrscheinlichkeitsrechnung): Wahrscheinlich.rechnung f.test,19,kognition,2.1969604991137,1,3.9082087439743,0.56213857080057,0.033812121852611,0.13194589398309,0.32139828186305,0.47968884541538,0.45640853074794,0.35176006075289,-0.5165927624378996,False,False,True
521,0,8,2025-08-28,Stochastik (Wahrscheinlichkeitsrechnung): Wahrscheinlich.rechnung f.test,19,kognition,1.9316956848234,1,3.8905038385904,0.49651428190865,0.053043559070364,0.10570725339821,0.35304187399171,0.46146449087851,0.44283837987998,0.45363742432729,-0.017704905383900016,False,False,True
522,0,8,2025-08-28,Stochastik (Wahrscheinlichkeitsrechnung): Wahrscheinlich.rechnung f.test,19,kognition,1.8029567262567,1,2.8302921275034,0.63701917499778,0.024644046485899,0.13359004791805,0.25665014126029,0.49405099557782,0.4301991766448,0.28411065020172,-1.0602117110870002,False,False,True
523,0,8,2025-08-28,Stochastik (Wahrscheinlichkeitsrechnung): Wahrscheinlich.rechnung f.test,19,kognition,2.4241953523872,1,3.6133900265862,0.67089038981313,0.0,0.27260700094581,0.12121547483737,0.48802215807,0.46603119948005,0.074445120390985,0.7830978990827999,False,False,True
516,2,8,2025-09-02,Stochastik (Wahrscheinlichkeitsrechnung): komplÜb,1,performanz,2.1018406752718,1,4.0297451295107,0.50229795388456,0.030986423052732,0.16577460984972,0.36043056753727,0.43342058043781,0.52158024686899,0.35977892556151,0.4163551029245003,False,True,True
517,2,8,2025-09-02,Stochastik (Wahrscheinlichkeitsrechnung): komplÜb,1,kognition,2.2069589158005,1,3.916840808544,0.5634523814352,0.076723644298226,0.31177537024684,0.31845471584113,0.42787289584912,0.43423975906972,0.32614892186079,-0.11290432096670022,False,True,True
518,2,8,2025-09-02,Stochastik (Wahrscheinlichkeitsrechnung): komplÜb,1,performanz,2.2329100933114,1,4.2154606819304,0.47702884675405,0.035858957413928,0.14440605365886,0.38564030488792,0.40772019219027,0.52969413424763,0.39340778595657,0.2986198733864005,False,True,True
511,0,8,2025-09-04,Stochastik (Wahrscheinlichkeitsrechnung): baumdiagr,1,kognition,1.919667488646,1,3.1988921097457,0.60010197961283,0.028359326892356,0.086449473354213,0.30337364378423,0.40429765756495,0.44207952411901,0.42504956153813,-1.0165685721847004,False,True,True
512,0,8,2025-09-04,Stochastik (Wahrscheinlichkeitsrechnung): baumdiagr,1,kognition,2.7682973486899,1,4.466581322438,0.6197785176323,0.02801118491248,0.21750641921344,0.23950031054412,0.50737318760695,0.42467013619691,0.2695250780338,1.2676892126923005,False,False,True
513,0,8,2025-09-04,Stochastik (Wahrscheinlichkeitsrechnung): baumdiagr,1,performanz,1.7011124840356,1,3.5863224441572,0.44140928068148,0.05461982512367,0.046057928264602,0.44525025198419,0.40530347089364,0.47433206779451,0.46101844996376,-0.8802588782808005,False,True,True
514,0,8,2025-09-04,Stochastik (Wahrscheinlichkeitsrechnung): baumdiagr,1,performanz,1.5905662396008,1,2.8317859427849,0.34456488256982,0.060358887711972,0.16437475016394,0.43433565860583,0.4076290773864,0.56168109275437,0.42463059971445,-0.7545365013723,False,False,True
515,0,8,2025-09-04,Stochastik (Wahrscheinlichkeitsrechnung): baumdiagr,1,regulation,2.3358286965014,1,4.766014081322,0.46034606997404,0.12046710266232,0.13530206615574,0.39610570126781,0.40717581938225,0.43859820175407,0.49010006173814,1.9342281385371,False,True,True
507,2,8,2025-09-09,Weitere Themen: JahrAb,1,kognition,2.1969604991137,1,3.9082087439743,0.56213857080057,0.033812121852611,0.13194589398309,0.32139828186305,0.47968884541538,0.45640853074794,0.35176006075289,-0.8578053373476999,False,True,True
508,2,8,2025-09-09,Weitere Themen: JahrAb,1,kognition,2.3317185870149,1,3.9472334029979,0.59072075090275,0.036035643093624,0.11051648660271,0.31723657760352,0.43648255743814,0.44637104913987,0.38357304861061,0.03902465902360008,False,False,True
509,2,8,2025-09-09,Weitere Themen: JahrAb,1,motivation,1.7887542255783,1,3.6925617798486,0.37799176392,0.29900821245121,0.11519354329811,0.48441962193939,0.33975715054035,0.47906625432386,0.41813822966906,-0.25467162314930025,False,True,True
510,2,8,2025-09-09,Weitere Themen: JahrAb,1,kognition,2.1462963786463,1,4.3406553652064,0.49446253006518,0.26550279432215,0.053552965854877,0.37877182858556,0.4109033095443,0.44109602015534,0.41864927793105,0.6480935853578003,False,True,True
502,0,8,2025-09-11,Statistik: Übungsaufgaben zur Arbeit mit Statistiken,18,performanz,2.3109789539464,1,4.2267654246527,0.47677827225107,0.029101673612821,0.18876931920107,0.37123620550147,0.41495444348257,0.54674751359335,0.35673607896479,-0.11388994055370016,False,True,True
503,0,8,2025-09-11,Statistik: Übungsaufgaben zur Arbeit mit Statistiken,18,kognition,2.7431027601632,1,4.4247995695105,0.61993690735636,0.028768242753371,0.20958625007286,0.24606156155614,0.50280793819869,0.42502155926261,0.27733420685918,0.19803414485780024,False,True,True
504,0,8,2025-09-11,Statistik: Übungsaufgaben zur Arbeit mit Statistiken,18,motivation,1.8934141982597,1,3.6130190037089,0.39519609169617,0.022142086298747,0.27097533602843,0.52405175721425,0.30923960994252,0.43341160873097,0.4602082199323,-0.8117805658016004,False,True,True
505,0,8,2025-09-11,Statistik: Übungsaufgaben zur Arbeit mit Statistiken,18,motivation,1.7915442913418,1,3.3533597644884,0.41425099938255,0.29820749581207,0.29614522655344,0.53425193675745,0.28669873699374,0.4000688015956,0.35225572510267,-0.25965923922049994,False,False,True
506,0,8,2025-09-11,Statistik: Übungsaufgaben zur Arbeit mit Statistiken,18,kognition,2.509295155464,1,3.8411483190915,0.65326522548996,0.020984344791132,0.16805441832496,0.2240481499757,0.47451664831199,0.42970909557727,0.29076309654101,0.4877885546031,False,True,True
497,2,8,2025-09-16,Statistik: Üb,1,kognition,2.5299323006465,1,4.4248015064122,0.57176046866182,0.052169000706233,0.13681307367429,0.33444133727735,0.45024896048661,0.45411408885347,0.36173372051404,0.5836531873206998,False,False,True
498,2,8,2025-09-16,Statistik: Üb,1,kognition,2.5684402293092,1,4.7203348418297,0.54412131218651,0.034339382852549,0.145716218238,0.32815106372612,0.43803370736583,0.46050645028912,0.41218019240003,0.2955333354175007,False,False,True
499,2,8,2025-09-16,Statistik: Üb,1,kognition,2.1107934644134,1,3.6856067041269,0.5727110640805,0.23541902145029,0.25560735813441,0.39136333009483,0.38505679553671,0.38612816516834,0.31734905313491,-1.0347281377028006,False,False,True
500,2,8,2025-09-16,Statistik: Üb,1,kognition,1.9179730577314,1,2.5315625227324,0.75762121784339,0.017681259848529,0.099494978821222,0.14000273146105,0.47547292371446,0.32817787034038,0.24982860468211,-1.1540441813944997,False,False,True
501,2,8,2025-09-16,Statistik: Üb,1,motivation,1.4967807162732,1,3.0334590316781,0.40960998879063,0.27178769119693,0.29238363314321,0.4934221185852,0.341322519198,0.45002586477868,0.3322146862729,0.5018965089456997,False,True,True
491,0,8,2025-09-18,Statistik: Modalwerte uzw.,20,performanz,2.1625397852702,1,4.5039203437359,0.43533203634603,0.17064144437225,0.24094742665989,0.42185314901355,0.37315321830169,0.48014503338796,0.41900448192064,1.4704613120578003,False,True,True
492,0,8,2025-09-18,Statistik: Modalwerte uzw.,20,kognition,1.752927244018,1,3.2645506643148,0.53695655381115,0.12160901291853,0.19430850592622,0.27023992750622,0.42310320660401,0.44252841115942,0.45961902581514,-1.2393696794211002,False,True,True
494,0,8,2025-09-18,Statistik: Modalwerte uzw.,20,regulation,-0.74858726918585,-1,0.96264977534088,0.021349624177684,-0.41239907407518,-0.085695451404158,-0.093673302237096,-0.18182046073475,0.41901596751576,-0.77762392110003,-1.49921118445872,True,True,True
495,0,8,2025-09-18,Statistik: Modalwerte uzw.,20,kognition,2.5899266221521,1,3.9616281763079,0.65375142981024,0.020188937491774,0.17795902621968,0.21551271160253,0.48286309892829,0.42735618451169,0.27980565003485,2.9989784009670197,True,True,True
496,0,8,2025-09-18,Statistik: Modalwerte uzw.,20,performanz,2.3873818978672,1,4.8132423847205,0.4773523869177,0.032963222544364,0.19838510195742,0.36681434058371,0.44252851796465,0.49600181063553,0.39406252672769,0.8516142084125997,False,True,True
486,2,8,2025-09-23,Stochastik (Wahrscheinlichkeitsrechnung): BaumD,1,performanz,2.1625397852702,1,4.5039203437359,0.43533203634603,0.17064144437225,0.24094742665989,0.42185314901355,0.37315321830169,0.48014503338796,0.41900448192064,-0.3093220409845996,False,False,True
487,2,8,2025-09-23,Stochastik (Wahrscheinlichkeitsrechnung): BaumD,1,kognition,2.2069589158005,1,3.916840808544,0.5634523814352,0.076723644298226,0.31177537024684,0.31845471584113,0.42787289584912,0.43423975906972,0.32614892186079,-0.5870795351919003,False,True,True
488,2,8,2025-09-23,Stochastik (Wahrscheinlichkeitsrechnung): BaumD,1,motivation,1.4967807162732,1,3.0334590316781,0.40960998879063,0.27178769119693,0.29238363314321,0.4934221185852,0.341322519198,0.45002586477868,0.3322146862729,-0.8833817768659,False,True,True
489,2,8,2025-09-23,Stochastik (Wahrscheinlichkeitsrechnung): BaumD,1,kognition,1.628635644424,1,3.1766681938078,0.51268512107983,0.22387537947476,0.28929848813247,0.40637796246605,0.35743108585166,0.47592781995218,0.2897007950665,0.14320916212970003,False,True,True
490,2,8,2025-09-23,Stochastik (Wahrscheinlichkeitsrechnung): BaumD,1,performanz,1.9966423536502,1,4.363566322741,0.38111368433806,0.2107779087295,0.2996903444672,0.41367887200184,0.37838787209203,0.45757016858961,0.44365312663578,1.1868981289332,False,True,True
481,0,8,2025-09-25,Statistik: Übung zu kommender Leistungskontrolle,18,kognition,2.2695603074222,1,4.6143522661946,0.49184701514428,0.066637240554422,0.10076650727626,0.3761711578146,0.46666900604633,0.43049909450131,0.44595246052161,0.25078594345360017,False,True,True
482,0,8,2025-09-25,Statistik: Übung zu kommender Leistungskontrolle,18,performanz,-1.4552652158942,-1,2.4366088452089,-0.21141108626145,-0.15707180025819,-0.29598138611071,-0.37273403427469,-0.25021502605258,-0.59724778816174,-0.53364545639735,-2.1777434209857,True,True,True
483,0,8,2025-09-25,Statistik: Übung zu kommender Leistungskontrolle,18,kognition,2.509295155464,1,3.8411483190915,0.65326522548996,0.020984344791132,0.16805441832496,0.2240481499757,0.47451664831199,0.42970909557727,0.29076309654101,1.4045394738826,True,True,True
484,0,8,2025-09-25,Statistik: Übung zu kommender Leistungskontrolle,18,kognition,1.7468429863796,1,4.0578127668032,0.43048774842273,0.28241639133245,0.31314652429469,0.41780346808517,0.36786569284546,0.40358753700582,0.40507752344252,0.2166644477116999,False,False,True
485,0,8,2025-09-25,Statistik: Übung zu kommender Leistungskontrolle,18,performanz,2.0572421247468,1,4.2232398182455,0.40026681249274,0.052532231378949,0.099371654040563,0.40918835544341,0.4443088960178,0.48712300083671,0.47435541413308,0.1654270514423004,False,True,True
476,2,8,2025-09-30,Kreis: Üb,1,performanz,1.5566689652548,1,2.5067581730363,0.26142891558259,0.011477205989188,-0.061471372040178,0.42662989407497,0.21000085495624,0.62098640871495,0.5621378322668,-1.7164816452092002,False,False,True
477,2,8,2025-09-30,Kreis: Üb,1,kognition,2.1688746734496,1,3.1172442691244,0.69576444081953,0.0,0.16369007378504,0.15193693723741,0.48658802563816,0.43032265210642,0.20995395265513,0.6104860960881,False,True,True
478,2,8,2025-09-30,Kreis: Üb,1,motivation,2.3227360396724,1,3.9750000629739,0.17941811396465,0.3064579482815,0.44170566749062,0.58433463132786,0.16092476683906,0.44557123444439,0.33601528429533,0.8577557938495,False,True,True
479,2,8,2025-09-30,Kreis: Üb,1,performanz,1.4379403300243,1,2.9937278924857,0.43599502753241,0.052052178841117,0.043996164065169,0.44115162458747,0.4076736139843,0.48031604023636,0.4623208124977,-0.9812721704882001,False,True,True
480,2,8,2025-09-30,Kreis: Üb,1,kognition,1.65799276022,1,2.5548891531968,0.64894645964613,0.0,0.26242424293343,0.17143533804532,0.43067955000217,0.53294810871909,0.10528791309176,-0.43883873928889994,False,True,True
473,0,8,2025-10-02,Prüfungsvorbereitung: Übungen zu linearen Gleichungen und Wdh. von Geometrie + Prozentrechnung,18,kognition,2.6228056368715,1,4.6361765459891,0.56572478498315,0.048988682338982,0.17044432813436,0.3147111289115,0.48920271513479,0.42441388016159,0.36056963398192,2.0812873927923,False,False,True
475,0,8,2025-10-02,Prüfungsvorbereitung: Übungen zu linearen Gleichungen und Wdh. von Geometrie + Prozentrechnung,18,performanz,1.8125938090566,1,3.4721038792412,0.39217224110269,0.21769801896299,0.29717024810151,0.46920701499411,0.33079089078195,0.52204330620997,0.32921959148461,1.2930087179949,False,True,True
468,2,8,2025-10-07,Statistik: komplÜ,1,performanz,1.7503923860708,1,3.2500733602901,0.38839016543615,0.042134255804933,0.11434696884422,0.40387347344296,0.423619496146,0.53856845872242,0.44908034483934,-0.22203051895110004,False,False,True
469,2,8,2025-10-07,Statistik: komplÜ,1,kognition,2.6228056368715,1,4.6361765459891,0.56572478498315,0.048988682338982,0.17044432813436,0.3147111289115,0.48920271513479,0.42441388016159,0.36056963398192,1.386103185699,False,True,True
470,2,8,2025-10-07,Statistik: komplÜ,1,performanz,-1.8674785612985,-1,2.1129969924978,-0.23666123224212,0.09973348232948,-0.23115913641968,-0.28495457071789,-0.12530584779423,-0.88380141094134,0.050941979720327,-2.5231795534913,True,True,True
471,2,8,2025-10-07,Statistik: komplÜ,1,kognition,1.7468429863796,1,4.0578127668032,0.43048774842273,0.28241639133245,0.31314652429469,0.41780346808517,0.36786569284546,0.40358753700582,0.40507752344252,1.9448157743054,True,True,True
472,2,8,2025-10-07,Statistik: komplÜ,1,performanz,2.3014253844218,1,4.5347833117075,0.41476969392919,0.051856732935361,0.10098465693496,0.42176385072412,0.42040859468173,0.50750392051611,0.45042902589896,0.4769705449043,False,True,True
463,0,8,2025-10-09,Stochastik (Wahrscheinlichkeitsrechnung): Wdh. von Wahrscheinlichkeitsrechnung,18,performanz,2.1524916087874,1,3.7834187822736,0.43529939562806,0.035551443866491,0.119184436252,0.4104201615304,0.35006848278279,0.56892616001453,0.42470070376623,-0.7513645294339,False,False,True
464,0,8,2025-10-09,Stochastik (Wahrscheinlichkeitsrechnung): Wdh. von Wahrscheinlichkeitsrechnung,18,kognition,2.1688746734496,1,3.1172442691244,0.69576444081953,0.0,0.16369007378504,0.15193693723741,0.48658802563816,0.43032265210642,0.20995395265513,-0.6661745131491998,False,True,True
465,0,8,2025-10-09,Stochastik (Wahrscheinlichkeitsrechnung): Wdh. von Wahrscheinlichkeitsrechnung,18,performanz,2.0560234558756,1,3.7592794149567,0.38312516016929,0.20106786940037,0.30305502307402,0.46025162147509,0.32355873327168,0.54691810843174,0.32449642541173,0.6420351458322999,False,True,True
466,0,8,2025-10-09,Stochastik (Wahrscheinlichkeitsrechnung): Wdh. von Wahrscheinlichkeitsrechnung,18,performanz,2.2176844063113,1,4.4959941585393,0.375599256091,0.19102751887718,0.30355711105251,0.41043602931968,0.36850416155279,0.49325675157556,0.42746583907391,0.7367147435826005,False,False,True
467,0,8,2025-10-09,Stochastik (Wahrscheinlichkeitsrechnung): Wdh. von Wahrscheinlichkeitsrechnung,18,kognition,2.509295155464,1,3.8411483190915,0.65326522548996,0.020984344791132,0.16805441832496,0.2240481499757,0.47451664831199,0.42970909557727,0.29076309654101,-0.6548458394478005,False,True,True
459,2,8,2025-10-21,Geometrie: Körper,1,performanz,2.0870902816588,1,4.4145152628884,0.43968804871547,0.17418202291411,0.23306809459268,0.42217648532543,0.37570820245601,0.47277796758904,0.42320341528376,0.5733669437968998,False,True,True
460,2,8,2025-10-21,Geometrie: Körper,1,kognition,1.8346726067272,1,3.2578547618,0.56315186199242,0.031352009134577,0.21853304168741,0.26739485678908,0.44746296860024,0.50787483501136,0.32319380690867,-1.1566605010883997,False,True,True
461,2,8,2025-10-21,Geometrie: Körper,1,kognition,1.7468429863796,1,4.0578127668032,0.43048774842273,0.28241639133245,0.31314652429469,0.41780346808517,0.36786569284546,0.40358753700582,0.40507752344252,0.7999580050031998,False,False,True
462,2,8,2025-10-21,Geometrie: Körper,1,kognition,1.8515721846579,1,3.1492118583832,0.58794593328796,0.015904736151126,0.19002988281868,0.28714245259574,0.39675344827274,0.52855286700544,0.31419212553827,-0.90860090842,False,False,True
455,0,8,2025-10-23,Weitere Themen: Übungsaufgaben zum Lösen linearer Gleichungen,18,performanz,1.5752921706211,1,3.3390173794307,0.4453971633637,0.10840822376021,0.24513638282625,0.41734687449694,0.34808714570617,0.47178174708159,0.46027176364271,0.18980552104750004,False,True,True
456,0,8,2025-10-23,Weitere Themen: Übungsaufgaben zum Lösen linearer Gleichungen,18,kognition,1.8124059963247,1,2.7008782028216,0.67104073187158,0.0,0.13221920340388,0.18986342323182,0.46057081054162,0.46390437256253,0.26236264134944,-0.6381391766091,False,True,True
457,0,8,2025-10-23,Weitere Themen: Übungsaufgaben zum Lösen linearer Gleichungen,18,performanz,1.7623605672214,1,3.1844962872024,0.35830210771604,0.21987884155731,0.30560875784078,0.47619592143151,0.25159370964146,0.55341720451418,0.36542762457524,0.4836180843808,False,True,True
458,0,8,2025-10-23,Weitere Themen: Übungsaufgaben zum Lösen linearer Gleichungen,18,regulation,1.0748847029185,1,2.1705909655679,0.41016065224904,0.049968981073429,0.032170610827381,0.39633397743253,0.46323979442207,0.45970750767414,0.49520143037311,-1.0139053216344998,False,True,True
451,0,8,2025-10-30,Weitere Themen: Selina wollte Physik eigenständig lernen,18,kognition,2.078940017929,1,3.0075822377954,0.69123067675319,0.0,0.25591478507693,0.12837894832579,0.46807332157981,0.46358479692794,0.078844605250314,0.8369912722274999,False,True,True
452,0,8,2025-10-30,Weitere Themen: Selina wollte Physik eigenständig lernen,18,kognition,2.1118789605959,1,3.9754603937968,0.53122744012662,0.022266357176725,0.15845702965771,0.31305095472288,0.4683200092299,0.49369494887372,0.36211699940813,0.9678781560014,False,False,True
454,0,8,2025-10-30,Weitere Themen: Selina wollte Physik eigenständig lernen,18,performanz,1.6514653847318,1,3.1819690767104,0.46303540907394,0.052306337430451,0.18165981882267,0.37481530099105,0.44958792227474,0.51900573351321,0.37131243005745,1.5596179124879999,False,True,True
446,2,8,2025-11-04,Algebra: TermeBinF,1,performanz,2.1018406752718,1,4.0297451295107,0.50229795388456,0.030986423052732,0.16577460984972,0.36043056753727,0.43342058043781,0.52158024686899,0.35977892556151,0.8477760528003002,False,False,True
447,2,8,2025-11-04,Algebra: TermeBinF,1,kognition,2.6228056368715,1,4.6361765459891,0.56572478498315,0.048988682338982,0.17044432813436,0.3147111289115,0.48920271513479,0.42441388016159,0.36056963398192,0.6064314164783999,False,True,True
448,2,8,2025-11-04,Algebra: TermeBinF,1,kognition,2.4241953523872,1,3.6133900265862,0.67089038981313,0.0,0.27260700094581,0.12121547483737,0.48802215807,0.46603119948005,0.074445120390985,-1.0227865194029002,False,False,True
449,2,8,2025-11-04,Algebra: TermeBinF,1,performanz,-1.4208154801294,-1,2.4266476899275,-0.20928205410567,-0.16359950628713,-0.29551362807447,-0.37210261836463,-0.25185081429813,-0.58550305056493,-0.54534086931492,-1.1867423366586998,True,True,True
450,2,8,2025-11-04,Algebra: TermeBinF,1,regulation,1.9126138920563,1,4.0164817262936,0.4588553814492,0.047909025290553,0.09026084042588,0.38084333672938,0.45894389366437,0.44336919087771,0.47619017351276,1.5898340363661,True,True,True
443,0,8,2025-11-06,Prüfungsvorbereitung: Vorbereitung auf eine Physik Arbeit,18,kognition,2.6228056368715,1,4.6361765459891,0.56572478498315,0.048988682338982,0.17044432813436,0.3147111289115,0.48920271513479,0.42441388016159,0.36056963398192,0.6196948196954999,False,True,True
444,0,8,2025-11-06,Prüfungsvorbereitung: Vorbereitung auf eine Physik Arbeit,18,motivation,1.7915442913418,1,3.3533597644884,0.41425099938255,0.29820749581207,0.29614522655344,0.53425193675745,0.28669873699374,0.4000688015956,0.35225572510267,-1.2828167815007,False,True,True
445,0,8,2025-11-06,Prüfungsvorbereitung: Vorbereitung auf eine Physik Arbeit,18,kognition,2.509295155464,1,3.8411483190915,0.65326522548996,0.020984344791132,0.16805441832496,0.2240481499757,0.47451664831199,0.42970909557727,0.29076309654101,0.4877885546031,False,True,True
1532,11,8,2025-11-13,Analytische Geometrie: Satz des Pythagoras,23,regulation,1.7810357015046,1,3.5846603474751,0.44499407838611,0.049847783190915,0.036900952175072,0.39802316963037,0.42437609028194,0.46125148062342,0.49684783504823,-0.2564879716163997,False,True,True
1533,11,8,2025-11-13,Analytische Geometrie: Satz des Pythagoras,23,motivation,1.376852504409,1,2.4862506965683,0.25215758794377,0.31975729701126,0.30109151145213,0.55378444678366,0.18303761876473,0.51110202343942,0.37696474323594,-1.0984096509068002,False,True,True
1534,11,8,2025-11-13,Analytische Geometrie: Satz des Pythagoras,23,performanz,1.7185730315922,1,3.4752254188631,0.31877151424459,0.19146773728403,0.17310725067521,0.46890082280075,0.38408892483263,0.49451988842658,0.46883978948033,0.9889747222948002,False,True,True
1535,11,8,2025-11-13,Analytische Geometrie: Satz des Pythagoras,23,methodik,1.8854957043321,1,3.7317859790821,0.37257320256638,0.065140373552156,0.042626149480566,0.41815824906125,0.50525155043332,0.42545974279615,0.4939353695448,0.256560560219,False,True,True
1536,11,8,2025-11-13,Analytische Geometrie: Satz des Pythagoras,23,kognition,1.8515721846579,1,3.1492118583832,0.58794593328796,0.015904736151126,0.19002988281868,0.28714245259574,0.39675344827274,0.52855286700544,0.31419212553827,-0.5825741206989004,False,True,True
1528,11,8,2025-11-20,Weitere Themen: Satz des Pythagoras,23,kognition,2.6228056368715,1,4.6361765459891,0.56572478498315,0.048988682338982,0.17044432813436,0.3147111289115,0.48920271513479,0.42441388016159,0.36056963398192,1.4869646876059002,False,False,True
1529,11,8,2025-11-20,Weitere Themen: Satz des Pythagoras,23,kognition,0.8988692056326,1,1.2686018126927,0.70854551143168,-0.47817808844851,0.094671007275107,-0.032339259882884,0.29739603894933,0.408019253052,0.066035343293338,-3.3675747332964,False,False,True
1530,11,8,2025-11-20,Weitere Themen: Satz des Pythagoras,23,regulation,1.8828031492309,1,3.8315882893206,0.34159194361358,0.050489890093849,0.13608916481414,0.46054549880966,0.48061125031933,0.42153089340279,0.4913884512577,2.5629864766279002,False,True,True
1531,11,8,2025-11-20,Weitere Themen: Satz des Pythagoras,23,kognition,1.2359670316972,1,2.3758776117239,0.52021275147791,0.063656182750363,0.10754018941885,0.2985663765112,0.48412729841353,0.38234554658149,0.49400813163894,-1.4557106775967,False,True,True
1524,2,8,2025-11-25,Geometrie: SdP,1,kognition,2.0311230831007,1,3.8229300313861,0.5312987037268,0.20795513229951,0.31164531269073,0.34246928522452,0.41648835124838,0.41913366222758,0.33305785235829,1.4470524196621999,False,False,True
1525,2,8,2025-11-25,Geometrie: SdP,1,performanz,2.3369126707959,1,4.6528861597638,0.45163227136925,0.21250462012127,0.1734894590181,0.40952500747516,0.40519201492762,0.50224904888369,0.3696238348482,0.8299561283777002,False,True,True
1526,2,8,2025-11-25,Geometrie: SdP,1,performanz,2.06132346452,1,3.8092753542734,0.46064846728107,0.033447451813805,0.14540012885798,0.38824406928337,0.41376980713662,0.54113128128023,0.38829864222467,-0.8436108054904001,False,False,True
1527,2,8,2025-11-25,Geometrie: SdP,1,kognition,1.7468429863796,1,4.0578127668032,0.43048774842273,0.28241639133245,0.31314652429469,0.41780346808517,0.36786569284546,0.40358753700582,0.40507752344252,0.24853741252979988,False,True,True
1519,11,8,2025-11-27,Trigonometrie: Einführung in die trigonometrischen Funktionen,18,regulation,1.7810357015046,1,3.5846603474751,0.44499407838611,0.049847783190915,0.036900952175072,0.39802316963037,0.42437609028194,0.46125148062342,0.49684783504823,-0.4731524193280996,False,True,True
1520,11,8,2025-11-27,Trigonometrie: Einführung in die trigonometrischen Funktionen,18,performanz,1.4780206620485,1,3.1813676431278,0.43697363840821,0.31432923474525,0.046982968609961,0.43014855236104,0.39172434957001,0.46458510363938,0.39207451324792,-0.4032927043473,False,True,True
1521,11,8,2025-11-27,Trigonometrie: Einführung in die trigonometrischen Funktionen,18,performanz,1.7816761805797,1,3.5517580419398,0.42323574484856,0.16129366203002,0.30455667553456,0.39291713687201,0.3511092726904,0.50163078206162,0.4156926989252,0.37039039881199987,False,False,True
1522,11,8,2025-11-27,Trigonometrie: Einführung in die trigonometrischen Funktionen,18,regulation,1.0748847029185,1,2.1705909655679,0.41016065224904,0.049968981073429,0.032170610827381,0.39633397743253,0.46323979442207,0.45970750767414,0.49520143037311,-1.3811670763719,False,True,True
1523,11,8,2025-11-27,Trigonometrie: Einführung in die trigonometrischen Funktionen,18,motivation,1.1140601570329,1,2.2244020276868,0.19364208074315,0.35739781573953,0.42969720372575,0.50083354305157,0.22503762744528,0.4494585996363,0.38292514080657,0.053811062118899855,False,True,True
1514,2,8,2025-12-02,Stochastik (Wahrscheinlichkeitsrechnung): BaumD,1,kognition,2.1928329711058,1,3.9028243912711,0.56185652560873,0.035514064351567,0.10716096158394,0.3336892807476,0.43935402011948,0.47241530936597,0.37948739649417,1.6784223635842999,False,True,True
1515,2,8,2025-12-02,Stochastik (Wahrscheinlichkeitsrechnung): BaumD,1,kognition,2.2375701027702,1,4.04857516276,0.55267951958922,0.19636489490517,0.31562955398473,0.31897353826335,0.43567210529291,0.4119372974083,0.30840327964697,0.14575077148889992,False,False,True
1516,2,8,2025-12-02,Stochastik (Wahrscheinlichkeitsrechnung): BaumD,1,motivation,1.1140601570329,1,2.2244020276868,0.19364208074315,0.35739781573953,0.42969720372575,0.50083354305157,0.22503762744528,0.4494585996363,0.38292514080657,-1.8241731350731998,False,True,True
1517,2,8,2025-12-02,Stochastik (Wahrscheinlichkeitsrechnung): BaumD,1,performanz,2.0864958050995,1,3.9909291971125,0.50686404877188,0.033885703813723,0.13418955811809,0.37059932669004,0.40085263899891,0.52280821682502,0.39060672750351,1.7665271694257,False,True,True
1518,2,8,2025-12-02,Stochastik (Wahrscheinlichkeitsrechnung): BaumD,1,motivation,0.292,1,0.47720959755646,0.42538068645846,0.16763770894915,0.25145656342372,0.61187763766439,0.0,0.52386784046609,0.28079316248982,-3.51371959955604,False,True,True
1509,11,8,2025-12-04,Geometrie: trigFk,1,kognition,2.1928329711058,1,3.9028243912711,0.56185652560873,0.035514064351567,0.10716096158394,0.3336892807476,0.43935402011948,0.47241530936597,0.37948739649417,3.4256147937146397,False,True,True
1510,11,8,2025-12-04,Geometrie: trigFk,1,performanz,1.8608741963844,1,3.0556171049096,0.55550638970887,0.0,0.29078875442313,0.25128473348535,0.3845063379814,0.60899911294624,0.15804728787018,-0.8472072863614999,False,True,True
1511,11,8,2025-12-04,Geometrie: trigFk,1,kognition,2.3317185870149,1,3.9472334029979,0.59072075090275,0.036035643093624,0.11051648660271,0.31723657760352,0.43648255743814,0.44637104913987,0.38357304861061,0.8916162980883002,False,True,True
1512,11,8,2025-12-04,Geometrie: trigFk,1,kognition,1.8796171795718,1,3.9646280613375,0.47409552914842,0.41406760217284,0.095995289892389,0.41406760217284,0.43806451980786,0.35846842256622,0.32048275638434,0.017394658339599633,False,False,True
1513,11,8,2025-12-04,Geometrie: trigFk,1,kognition,1.5684720974388,1,3.0254345195717,0.51842699057686,0.20645917289249,0.26341793863257,0.36536033774548,0.50138374535,0.37996826043006,0.29993787516034,-0.9391935417657997,False,False,True
1504,2,8,2025-12-09,Statistik: Üb,1,performanz,1.6203139294579,1,2.8371568730149,0.54845682023067,0.028021755359531,0.16693232310901,0.30201188330985,0.37207718972365,0.57110279443525,0.33871143059007,-0.1882776465567999,False,True,True
1505,2,8,2025-12-09,Statistik: Üb,1,regulation,1.9772187354812,1,3.5945149852943,0.44008146001926,0.21195562268381,0.24766753587711,0.30191198612596,0.39195609564178,0.39077811478869,0.55006398441248,0.7573581122794,False,True,True
1506,2,8,2025-12-09,Statistik: Üb,1,performanz,1.5618287758453,1,1.9879308952083,0.25799613514327,0.0,0.29557723419353,0.36640379277672,0.20507194513958,0.78565151489663,0.22914512287584,-1.6065840900860002,False,True,True
1507,2,8,2025-12-09,Statistik: Üb,1,kognition,2.1578157776495,1,4.3971375276988,0.49073081220424,0.060721922309847,0.069526878632361,0.41129175166939,0.38033388003918,0.45934695578322,0.47522962004667,2.4092066324905,False,True,True
1508,2,8,2025-12-09,Statistik: Üb,1,regulation,1.8319677065092,1,3.9096314098023,0.46255600050836,0.047647478235413,0.088401420546268,0.37849837337598,0.46503960928608,0.44369421491831,0.46857691396354,-0.4875061178964999,False,True,True
1499,11,8,2025-12-11,Trigonometrie: Rechnen mit den trigonometrischen Funktionen,18,performanz,2.1744618745086,1,4.4388621375364,0.46577705352531,0.21582431903798,0.15028280583915,0.40837051156953,0.4063458558203,0.48986810323295,0.37686600340078,0.5292307277341002,False,True,True
1500,11,8,2025-12-11,Trigonometrie: Rechnen mit den trigonometrischen Funktionen,18,performanz,1.8608741963844,1,3.0556171049096,0.55550638970887,0.0,0.29078875442313,0.25128473348535,0.3845063379814,0.60899911294624,0.15804728787018,-1.3832450326268004,False,False,True
1501,11,8,2025-12-11,Trigonometrie: Rechnen mit den trigonometrischen Funktionen,18,kognition,1.6541350767271,1,3.0157863397785,0.54849031246209,0.034992294572616,0.080687494641113,0.3468035879373,0.43129858901831,0.48014172008029,0.39317876350424,-0.039830765131100065,False,True,True
1502,11,8,2025-12-11,Trigonometrie: Rechnen mit den trigonometrischen Funktionen,18,kognition,1.8346238946577,1,3.050519966414,0.60141153008057,0.25796034376092,0.36992244687776,0.36833268059845,0.37038652482427,0.38425337642634,0.12002358492601,0.03473362663550006,False,False,True
1503,11,8,2025-12-11,Trigonometrie: Rechnen mit den trigonometrischen Funktionen,18,kognition,2.4036580249543,1,4.6452590913521,0.51744214978398,0.058805209392942,0.10773919193437,0.37190440664099,0.39890677270429,0.45305062017137,0.46312974922747,1.5947391249381004,False,False,True
1494,2,8,2025-12-16,Trigonometrie: Sachaufgaben zu den trigonometrischen Funktionen,18,performanz,1.9531896505829,1,3.2870701844949,0.41466224445206,0.031405075980467,0.13079068691856,0.40962322696175,0.34539700132505,0.59420200936871,0.41205624797762,-1.3581889068572002,False,True,True
1495,2,8,2025-12-16,Trigonometrie: Sachaufgaben zu den trigonometrischen Funktionen,18,performanz,1.8146533005108,1,2.9011619883243,0.48967516717457,0.0,0.17265110518826,0.31720137154232,0.35619597135299,0.62548973580807,0.33417546746929,-0.38590819617060035,False,False,True
1496,2,8,2025-12-16,Trigonometrie: Sachaufgaben zu den trigonometrischen Funktionen,18,performanz,1.7623605672214,1,3.1844962872024,0.35830210771604,0.21987884155731,0.30560875784078,0.47619592143151,0.25159370964146,0.55341720451418,0.36542762457524,0.2833342988781,False,False,True
1497,2,8,2025-12-16,Trigonometrie: Sachaufgaben zu den trigonometrischen Funktionen,18,performanz,1.8748588840797,1,2.6639588768902,0.42842360358618,0.0,0.29865626988534,0.31581381421945,0.3048058321461,0.70378407959044,0.19822499721326,-0.5205374103121998,False,False,True
1498,2,8,2025-12-16,Trigonometrie: Sachaufgaben zu den trigonometrischen Funktionen,18,performanz,2.103837143087,1,4.3987436305099,0.3675921905991,0.19479055899266,0.31301891969324,0.42537274394915,0.33522742992851,0.47828028569155,0.4548360099664,1.7347847536196999,False,False,True
1489,11,8,2025-12-18,Brüche: Wiederholung zum Rechnen mit Brüchen,18,performanz,1.5752921706211,1,3.3390173794307,0.4453971633637,0.10840822376021,0.24513638282625,0.41734687449694,0.34808714570617,0.47178174708159,0.46027176364271,-1.0597262510792,False,False,True
1490,11,8,2025-12-18,Brüche: Wiederholung zum Rechnen mit Brüchen,18,kognition,2.0025209823477,1,4.1753366045791,0.47960592784119,0.20384347683099,0.27356109825585,0.38796629419017,0.38566077691678,0.43325305356153,0.40819754744271,0.8363192251484004,False,True,True
1491,11,8,2025-12-18,Brüche: Wiederholung zum Rechnen mit Brüchen,18,kognition,1.6160311204744,1,2.912978125167,0.55476749339021,0.020477083484949,0.061832185488812,0.32328979936683,0.45084126492932,0.47490923951655,0.3932819676275,-1.2623584794121,False,False,True
1492,11,8,2025-12-18,Brüche: Wiederholung zum Rechnen mit Brüchen,18,performanz,1.2945417374836,1,2.2888856549031,0.21945057193054,0.18392997448974,0.30161300890777,0.37123476885487,0.26169585814646,0.56557481539648,0.54850452907291,-0.6240924702639004,False,True,True
1493,11,8,2025-12-18,Brüche: Wiederholung zum Rechnen mit Brüchen,18,sozial,1.5587443540156,1,2.8888755659315,0.37831587943523,0.53956597395126,0.029926290388881,0.46983040777715,0.25197936507438,0.39635197416013,0.35144565621995,0.5999899110284002,False,True,True
1485,2,8,2025-12-23,Stochastik (Wahrscheinlichkeitsrechnung): Mehrstufige ZE,25,kognition,2.3238080797438,1,3.9811293577573,0.58370427933294,0.031787812818187,0.1439895703798,0.30087943076752,0.48796067658826,0.44786952477039,0.3291195287609,1.0922537918258,False,True,True
1486,2,8,2025-12-23,Stochastik (Wahrscheinlichkeitsrechnung): Mehrstufige ZE,25,kognition,2.4094215925566,1,4.2594688496216,0.56566112372425,0.15795064898133,0.28567285882329,0.30089662149189,0.44599474773836,0.43175599614785,0.31241330937636,0.27833949186429985,False,False,True
1487,2,8,2025-12-23,Stochastik (Wahrscheinlichkeitsrechnung): Mehrstufige ZE,25,performanz,2.2864617340759,1,4.03765358036,0.43974113747622,0.030939032474943,0.17252081947192,0.39356353551596,0.3959268881027,0.56628336872782,0.37891280113976,-0.2218152692616,False,True,True
1488,2,8,2025-12-23,Stochastik (Wahrscheinlichkeitsrechnung): Mehrstufige ZE,25,regulation,1.0,1,1.6261417527387,0.37388884461493,0.073793850910841,0.061494875759034,0.35913007443276,0.44337805422264,0.38372802473637,0.61494875759034,-2.4115118276212995,False,True,True
1480,2,8,2026-01-06,Dreieck: Satz des Pythagoras,23,performanz,2.1744618745086,1,4.4388621375364,0.46577705352531,0.21582431903798,0.15028280583915,0.40837051156953,0.4063458558203,0.48986810323295,0.37686600340078,2.8127203847977,False,True,True
1481,2,8,2026-01-06,Dreieck: Satz des Pythagoras,23,regulation,2.0584483248078,1,3.7903140793782,0.43782915236789,0.20100650117379,0.23487362217918,0.31187955950307,0.38918849396145,0.41116778334824,0.54307976882693,-0.6485480581582004,False,True,True
1482,2,8,2026-01-06,Dreieck: Satz des Pythagoras,23,kognition,2.3210201415921,1,3.3989502526716,0.68286180745059,0.01826365831898,0.17566245392676,0.19020295592194,0.51264892743446,0.39897867265262,0.21055388947738,-0.3913638267066002,False,True,True
1483,2,8,2026-01-06,Dreieck: Satz des Pythagoras,23,performanz,2.0864958050995,1,3.9909291971125,0.50686404877188,0.033885703813723,0.13418955811809,0.37059932669004,0.40085263899891,0.52280821682502,0.39060672750351,0.5919789444409003,False,True,True
1484,2,8,2026-01-06,Dreieck: Satz des Pythagoras,23,regulation,2.5051943093294,1,4.9669401934215,0.3909448724847,0.12089807406911,0.11494805508238,0.41638689628016,0.45609554731063,0.42841057129645,0.50437274620701,0.9760109963090002,False,True,True
1475,11,8,2026-01-08,Trigonometrie: Tiefergehende Aufgaben zu den trigonometrischen Funktionen,18,kognition,2.4163555556782,1,4.8603582361414,0.49715483236647,0.05455158373708,0.089907259755098,0.39074852793277,0.41967516285658,0.46598299116922,0.44251775629924,-0.10658195728009989,False,True,True
1476,11,8,2026-01-08,Trigonometrie: Tiefergehende Aufgaben zu den trigonometrischen Funktionen,18,methodik,2.0727013696748,1,4.5727824075154,0.44268491679277,0.18727441622495,0.068362349170508,0.41678488063851,0.45326819697048,0.44694964326754,0.43052862189011,-0.2875758286260002,False,True,True
1477,11,8,2026-01-08,Trigonometrie: Tiefergehende Aufgaben zu den trigonometrischen Funktionen,18,performanz,-1.4208154801294,-1,2.4266476899275,-0.20928205410567,-0.16359950628713,-0.29551362807447,-0.37210261836463,-0.25185081429813,-0.58550305056493,-0.54534086931492,-2.1461347175879,True,True,True
1478,11,8,2026-01-08,Trigonometrie: Tiefergehende Aufgaben zu den trigonometrischen Funktionen,18,regulation,1.8976886923973,1,3.9225909597309,0.450203957025,0.19261550717586,0.21765521993499,0.40377985151042,0.38454350726066,0.40972996824294,0.48378326316616,1.4959432698034,True,True,True
1479,11,8,2026-01-08,Trigonometrie: Tiefergehende Aufgaben zu den trigonometrischen Funktionen,18,kognition,1.8346726067272,1,3.2578547618,0.56315186199242,0.031352009134577,0.21853304168741,0.26739485678908,0.44746296860024,0.50787483501136,0.32319380690867,-0.6647361979309001,False,True,True
1470,2,8,2026-01-13,Dreieck: Satz des Pythagoras,23,kognition,1.8124059963247,1,2.7008782028216,0.67104073187158,0.0,0.13221920340388,0.18986342323182,0.46057081054162,0.46390437256253,0.26236264134944,-0.5569765589784001,False,False,True
1471,2,8,2026-01-13,Dreieck: Satz des Pythagoras,23,regulation,2.0584483248078,1,3.7903140793782,0.43782915236789,0.20100650117379,0.23487362217918,0.31187955950307,0.38918849396145,0.41116778334824,0.54307976882693,1.0894358765566001,False,True,True
1472,2,8,2026-01-13,Dreieck: Satz des Pythagoras,23,performanz,1.7011124840356,1,3.5863224441572,0.44140928068148,0.05461982512367,0.046057928264602,0.44525025198419,0.40530347089364,0.47433206779451,0.46101844996376,-0.20399163522100006,False,True,True
1473,2,8,2026-01-13,Dreieck: Satz des Pythagoras,23,regulation,1.539769585776,1,2.8957199704337,0.47088581038576,0.15755269598282,0.14777939986544,0.33022333356776,0.43475917646087,0.38831659764443,0.5317379733254,-0.6906024737234997,False,True,True
1474,2,8,2026-01-13,Dreieck: Satz des Pythagoras,23,motivation,1.5369106333891,1,3.0257381219646,0.43790454460234,0.050987706223324,0.2277099374948,0.50794400969211,0.29084563611002,0.45239383196929,0.45444797044548,0.13001815153089957,False,True,True
1465,11,8,2026-01-15,"Trigonometrie: finale Wdh. Sinus, Cosinus, Tangens",18,kognition,2.1928329711058,1,3.9028243912711,0.56185652560873,0.035514064351567,0.10716096158394,0.3336892807476,0.43935402011948,0.47241530936597,0.37948739649417,0.8770862693065,False,True,True
1466,11,8,2026-01-15,"Trigonometrie: finale Wdh. Sinus, Cosinus, Tangens",18,kognition,1.8706043338075,1,3.4522478891995,0.54184953553435,0.028966549779741,0.10377305345183,0.30141773302564,0.50406736303315,0.44719022762149,0.38713011245978,-0.4505765020715997,False,False,True
1467,11,8,2026-01-15,"Trigonometrie: finale Wdh. Sinus, Cosinus, Tangens",18,performanz,2.3948877939416,1,5.1347917672217,0.4550965814422,0.18555233494289,0.18262346788491,0.41161163392981,0.39474618047525,0.46640316462253,0.42699134697623,1.6825438780222002,False,True,True
1468,11,8,2026-01-15,"Trigonometrie: finale Wdh. Sinus, Cosinus, Tangens",18,performanz,2.3969338314309,1,4.8647814867475,0.43636742711202,0.05887908540611,0.11008583245671,0.41821687591632,0.41539574353306,0.49271049703992,0.45141013196524,-0.2700102804742004,False,False,True
1469,11,8,2026-01-15,"Trigonometrie: finale Wdh. Sinus, Cosinus, Tangens",18,motivation,1.3731526696862,1,2.5027427502368,0.32393594064879,0.33971266398016,0.33330308238438,0.54865694166406,0.21347094334422,0.42808596573203,0.37243791298749,-2.3620387365107,False,True,True
1461,2,8,2026-01-20,Weitere Themen: Chemie Klausur Vorbereitung Salzen und Säuren,23,performanz,1.9531896505829,1,3.2870701844949,0.41466224445206,0.031405075980467,0.13079068691856,0.40962322696175,0.34539700132505,0.59420200936871,0.41205624797762,0.7843274342581004,False,True,True
1462,2,8,2026-01-20,Weitere Themen: Chemie Klausur Vorbereitung Salzen und Säuren,23,performanz,1.8146533005108,1,2.9011619883243,0.48967516717457,0.0,0.17265110518826,0.31720137154232,0.35619597135299,0.62548973580807,0.33417546746929,-0.38590819617060035,False,False,True
1464,2,8,2026-01-20,Weitere Themen: Chemie Klausur Vorbereitung Salzen und Säuren,23,kognition,1.7210596468562,1,3.2680013090368,0.52663821636637,0.059917132129427,0.10515379467749,0.32731466212845,0.43852952957493,0.41554212567743,0.48567519117027,0.7952653822955003,False,True,True
1457,11,8,2026-01-22,Geometrie: Umgang mit Körpern,18,kognition,1.8124059963247,1,2.7008782028216,0.67104073187158,0.0,0.13221920340388,0.18986342323182,0.46057081054162,0.46390437256253,0.26236264134944,-0.5671231062152002,False,False,True
1458,11,8,2026-01-22,Geometrie: Umgang mit Körpern,18,kognition,1.8706043338075,1,3.4522478891995,0.54184953553435,0.028966549779741,0.10377305345183,0.30141773302564,0.50406736303315,0.44719022762149,0.38713011245978,0.7513696863779002,False,False,True
1459,11,8,2026-01-22,Geometrie: Umgang mit Körpern,18,kognition,2.4036580249543,1,4.6452590913521,0.51744214978398,0.058805209392942,0.10773919193437,0.37190440664099,0.39890677270429,0.45305062017137,0.46312974922747,1.1930112021526003,False,False,True
1460,11,8,2026-01-22,Geometrie: Umgang mit Körpern,18,performanz,1.7576385021604,1,3.4507597507663,0.44464530526223,0.098341955792704,0.27435660761333,0.36291912005201,0.37409352724782,0.50934679190639,0.43156883465415,-1.1944993405858004,False,True,True
1453,2,8,2026-01-27,Geometrie: Umgang mit Körpern,23,performanz,2.071194181061,1,3.7362141348712,0.44069559892085,0.037355174638719,0.10658755293803,0.41158049147071,0.35829413188745,0.55435490652982,0.43352413115014,0.2854543841049,False,False,True
1454,2,8,2026-01-27,Geometrie: Umgang mit Körpern,23,performanz,1.8146533005108,1,2.9011619883243,0.48967516717457,0.0,0.17265110518826,0.31720137154232,0.35619597135299,0.62548973580807,0.33417546746929,-0.8350521465469001,False,False,True
1455,2,8,2026-01-27,Geometrie: Umgang mit Körpern,23,regulation,1.9611829425497,1,4.1066196583502,0.45479888547485,0.19603031562825,0.22223033496086,0.40278440644117,0.38328801363239,0.41003110509019,0.47756508516951,1.2054576700259005,False,True,True
1456,2,8,2026-01-27,Geometrie: Umgang mit Körpern,23,performanz,1.9659302386016,1,3.702637071267,0.47017325437901,0.18259732730411,0.27316223778375,0.42473426924758,0.31688346369353,0.5309526403036,0.32900954691659,-0.40398258708320034,False,True,True
1448,11,8,2026-01-29,Geometrie: Berechnung von Pyramiden,18,kognition,1.8124059963247,1,2.7008782028216,0.67104073187158,0.0,0.13221920340388,0.18986342323182,0.46057081054162,0.46390437256253,0.26236264134944,-1.0017588684454002,False,True,True
1449,11,8,2026-01-29,Geometrie: Berechnung von Pyramiden,18,kognition,2.0025209823477,1,4.1753366045791,0.47960592784119,0.20384347683099,0.27356109825585,0.38796629419017,0.38566077691678,0.43325305356153,0.40819754744271,1.4744584017575004,False,False,True
1450,11,8,2026-01-29,Geometrie: Berechnung von Pyramiden,18,kognition,2.2209564799031,1,4.2332441001739,0.52464520847256,0.057651067006785,0.12431452439003,0.36300826394135,0.46358746533329,0.45239334066434,0.39321350670068,0.05790749559480002,False,False,True
1451,11,8,2026-01-29,Geometrie: Berechnung von Pyramiden,18,regulation,1.0748847029185,1,2.1705909655679,0.41016065224904,0.049968981073429,0.032170610827381,0.39633397743253,0.46323979442207,0.45970750767414,0.49520143037311,-2.062653134606,False,True,True
1452,11,8,2026-01-29,Geometrie: Berechnung von Pyramiden,18,performanz,1.7623605672214,1,3.1844962872024,0.35830210771604,0.21987884155731,0.30560875784078,0.47619592143151,0.25159370964146,0.55341720451418,0.36542762457524,1.0139053216344998,False,True,True
607,2,9,2025-01-28,weitere Themen: Einführungsgespräch / Dezimalzahlen,1,regulation,-1.263710942149,-1,1.7726867202882,0.10849853438978,-0.074997223003202,0.055207155142918,-0.55733028917022,-0.31456385027744,-0.24856855490473,-0.71287486894184,-0.5363308078989002,True,True,True
606,5,9,2025-04-03,weitere Themen: Gleichungssysteme 2 Unb.,1,methodik,1.0,1,1.8333540301862,0.33163081089698,0.05454454126595,0.03272672475957,0.39762970582878,0.5454454126595,0.40853861408197,0.51326413331259,0.060667309897999955,True,True,True
605,2,9,2025-04-29,Prozent- und Zinsrechnung: einfAufg/Einführung,1,,0.0,0,0.0,0.0,0.0,0.0,0.0,0.0,0.0,0.0,-1.8333540301862,True,True,True
601,2,9,2025-08-26,Weitere Themen: Terme,1,performanz,1.5566689652548,1,2.5067581730363,0.26142891558259,0.011477205989188,-0.061471372040178,0.42662989407497,0.21000085495624,0.62098640871495,0.5621378322668,2.5067581730363,True,True,True
602,2,9,2025-08-26,Weitere Themen: Terme,1,kognition,2.0635169573234,1,3.5459767256588,0.5819302543892,0.025556217949941,0.16336965941252,0.27651007972838,0.44722713027514,0.40033995329892,0.44414723291951,1.0392185526225002,False,True,True
603,2,9,2025-08-26,Weitere Themen: Terme,1,performanz,1.8144280300528,1,3.648548811648,0.38885845163842,0.19199426251791,0.31575625939891,0.41583833205431,0.32791525199639,0.49729992682597,0.42949116716453,0.10257208598919965,False,True,True
604,2,9,2025-08-26,Weitere Themen: Terme,1,performanz,1.8125938090566,1,3.4721038792412,0.39217224110269,0.21769801896299,0.29717024810151,0.46920701499411,0.33079089078195,0.52204330620997,0.32921959148461,-0.17644493240679981,False,False,True
597,5,9,2025-08-28,Weitere Themen: bRr,1,kognition,2.1928329711058,1,3.9028243912711,0.56185652560873,0.035514064351567,0.10716096158394,0.3336892807476,0.43935402011948,0.47241530936597,0.37948739649417,0.4307205120298998,False,True,True
598,5,9,2025-08-28,Weitere Themen: bRr,1,performanz,1.4780206620485,1,3.1813676431278,0.43697363840821,0.31432923474525,0.046982968609961,0.43014855236104,0.39172434957001,0.46458510363938,0.39207451324792,-0.7214567481432996,False,True,True
599,5,9,2025-08-28,Weitere Themen: bRr,1,regulation,2.3358286965014,1,4.766014081322,0.46034606997404,0.12046710266232,0.13530206615574,0.39610570126781,0.40717581938225,0.43859820175407,0.49010006173814,1.5846464381941998,False,True,True
600,5,9,2025-08-28,Weitere Themen: bRr,1,performanz,1.1724972459399,1,1.8273455172678,0.54980820991586,0.0,0.27410678731762,0.23969063264431,0.36296970946299,0.64163608824894,0.14720726068794,-2.9386685640542,False,True,True
593,2,9,2025-09-02,Weitere Themen: Terme,1,performanz,2.1834193470863,1,4.7272578340427,0.40939526234525,0.19494675496675,0.26216929806182,0.43140491422681,0.38087108066135,0.46187764766845,0.42561763210998,2.8999123167748997,False,False,True
594,2,9,2025-09-02,Weitere Themen: Terme,1,kognition,1.752927244018,1,3.2645506643148,0.53695655381115,0.12160901291853,0.19430850592622,0.27023992750622,0.42310320660401,0.44252841115942,0.45961902581514,-1.4627071697278997,False,True,True
595,2,9,2025-09-02,Weitere Themen: Terme,1,kognition,2.4241953523872,1,3.6133900265862,0.67089038981313,0.0,0.27260700094581,0.12121547483737,0.48802215807,0.46603119948005,0.074445120390985,0.3488393622713999,False,False,True
596,2,9,2025-09-02,Weitere Themen: Terme,1,kognition,1.8941985677148,1,3.5717878102127,0.5303207707611,0.0025796929428273,0.21368847062502,0.26998418773395,0.48896612273076,0.52657343227264,0.289527119649,-0.0416022163734997,False,False,True
588,5,9,2025-09-04,Weitere Themen: dezz,1,kognition,2.1684041030201,1,3.7011651508002,0.58586908607967,0.031850875719515,0.1133674869774,0.31201643281213,0.45610778016662,0.4616490767318,0.35267111220798,0.12937734058749983,False,False,True
589,5,9,2025-09-04,Weitere Themen: dezz,1,performanz,1.5787926947118,1,2.9265661869219,0.28659557915233,0.27164848930045,0.25579104837216,0.52197291599618,0.21390104467077,0.53946748482647,0.41158186160399,-0.7745989638783,False,True,True
590,5,9,2025-09-04,Weitere Themen: dezz,1,kognition,2.2776056467846,1,3.6414353147212,0.62546748610422,0.27461623437192,0.16575805220749,0.27461623437192,0.50542814010508,0.35483813319295,0.22161530113814,0.7148691277993002,False,True,True
591,5,9,2025-09-04,Weitere Themen: dezz,1,motivation,1.8282533754185,1,3.5141486703425,0.38999155322217,0.42684469903398,0.26587937625879,0.52025350785892,0.25587316251426,0.38566410609745,0.33187507722202,-0.1272866443787004,False,True,True
592,5,9,2025-09-04,Weitere Themen: dezz,1,kognition,2.4427137214532,1,4.7245662545224,0.51702281640921,0.0716425600792,0.12221998272692,0.39657422898699,0.39719402606343,0.45360297474682,0.43797593701499,1.2104175841799,False,True,True
583,2,9,2025-09-09,Weitere Themen: Terme,1,kognition,2.078940017929,1,3.0075822377954,0.69123067675319,0.0,0.25591478507693,0.12837894832579,0.46807332157981,0.46358479692794,0.078844605250314,-1.7169840167269999,False,False,True
584,2,9,2025-09-09,Weitere Themen: Terme,1,kognition,2.1118789605959,1,3.9754603937968,0.53122744012662,0.022266357176725,0.15845702965771,0.31305095472288,0.4683200092299,0.49369494887372,0.36211699940813,0.9678781560014,False,False,True
585,2,9,2025-09-09,Weitere Themen: Terme,1,performanz,1.6514653847318,1,3.1819690767104,0.46303540907394,0.052306337430451,0.18165981882267,0.37481530099105,0.44958792227474,0.51900573351321,0.37131243005745,-0.7934913170864002,False,True,True
586,2,9,2025-09-09,Weitere Themen: Terme,1,kognition,1.8515721846579,1,3.1492118583832,0.58794593328796,0.015904736151126,0.19002988281868,0.28714245259574,0.39675344827274,0.52855286700544,0.31419212553827,-0.03275721832720002,False,True,True
587,2,9,2025-09-09,Weitere Themen: Terme,1,kognition,2.1908165769441,1,2.8268819818558,0.77499125930729,0.0,0.21266397870048,0.0,0.51818391271022,0.29264472978968,0.0,-0.32232987652739986,False,False,True
578,5,9,2025-09-11,Weitere Themen: RechtwDr,1,performanz,2.1524916087874,1,3.7834187822736,0.43529939562806,0.035551443866491,0.119184436252,0.4104201615304,0.35006848278279,0.56892616001453,0.42470070376623,0.9565368004177999,False,True,True
579,5,9,2025-09-11,Weitere Themen: RechtwDr,1,performanz,1.4780206620485,1,3.1813676431278,0.43697363840821,0.31432923474525,0.046982968609961,0.43014855236104,0.39172434957001,0.46458510363938,0.39207451324792,-0.6020511391457997,False,False,True
580,5,9,2025-09-11,Weitere Themen: RechtwDr,1,motivation,1.7915442913418,1,3.3533597644884,0.41425099938255,0.29820749581207,0.29614522655344,0.53425193675745,0.28669873699374,0.4000688015956,0.35225572510267,0.17199212136059971,False,True,True
581,5,9,2025-09-11,Weitere Themen: RechtwDr,1,performanz,1.5570911828289,1,2.5553402422033,0.44652012702407,0.031112132778026,0.17952669910686,0.37349850335762,0.31353891804787,0.60934550462497,0.39787487959923,-0.7980195222851001,False,True,True
582,5,9,2025-09-11,Weitere Themen: RechtwDr,1,kognition,1.2611174102,1,2.3952654381643,0.52650204235655,0.11634635597757,0.15877535207586,0.29265668669538,0.38319488600229,0.4197213856147,0.52477506057088,-0.16007480403899965,False,True,True
573,2,9,2025-09-16,Geometrie: rwDr,1,kognition,2.1266007185707,1,4.2434364120772,0.50114942244074,0.11396715072385,0.17824852421908,0.34183623305069,0.44985360536929,0.43478865646368,0.44251784498799,1.8481709739128998,False,False,True
574,2,9,2025-09-16,Geometrie: rwDr,1,kognition,2.0311230831007,1,3.8229300313861,0.5312987037268,0.20795513229951,0.31164531269073,0.34246928522452,0.41648835124838,0.41913366222758,0.33305785235829,-0.4205063806911,False,False,True
575,2,9,2025-09-16,Geometrie: rwDr,1,performanz,1.7185730315922,1,3.4752254188631,0.31877151424459,0.19146773728403,0.17310725067521,0.46890082280075,0.38408892483263,0.49451988842658,0.46883978948033,-0.34770461252299967,False,True,True
576,2,9,2025-09-16,Geometrie: rwDr,1,kognition,0.45160220709135,1,0.7559504857546,0.59738864081045,0.052912818531873,0.039684613898905,0.36343871056381,0.29323940926186,0.48794453536944,0.42726900609995,-2.7192749331085,False,True,True
577,2,9,2025-09-16,Geometrie: rwDr,1,performanz,1.5619583131048,1,2.7800794322758,0.4828625632128,0.016496962767111,0.21435825162725,0.32723127590326,0.36859184201213,0.56183743406635,0.40250886323243,2.0241289465212,False,True,True
568,5,9,2025-09-18,Weitere Themen: Treme,1,kognition,2.1928329711058,1,3.9028243912711,0.56185652560873,0.035514064351567,0.10716096158394,0.3336892807476,0.43935402011948,0.47241530936597,0.37948739649417,1.1227449589953,False,True,True
569,5,9,2025-09-18,Weitere Themen: Treme,1,performanz,1.8608741963844,1,3.0556171049096,0.55550638970887,0.0,0.29078875442313,0.25128473348535,0.3845063379814,0.60899911294624,0.15804728787018,-0.8472072863614999,False,True,True
570,5,9,2025-09-18,Weitere Themen: Treme,1,kognition,1.628635644424,1,3.1766681938078,0.51268512107983,0.22387537947476,0.28929848813247,0.40637796246605,0.35743108585166,0.47592781995218,0.2897007950665,0.12105108889819993,False,True,True
571,5,9,2025-09-18,Weitere Themen: Treme,1,kognition,1.8346238946577,1,3.050519966414,0.60141153008057,0.25796034376092,0.36992244687776,0.36833268059845,0.37038652482427,0.38425337642634,0.12002358492601,-0.12614822739379994,False,False,True
572,5,9,2025-09-18,Weitere Themen: Treme,1,kognition,2.1505046567471,1,3.4817423048328,0.61765009927963,0.2872117004452,0.15603886664661,0.2872117004452,0.50103511698974,0.35272549844014,0.23177984225927,0.4312223384188001,False,False,True
564,5,9,2025-09-25,Weitere Themen: binForm,1,kognition,2.1266007185707,1,4.2434364120772,0.50114942244074,0.11396715072385,0.17824852421908,0.34183623305069,0.44985360536929,0.43478865646368,0.44251784498799,0.7616941072443999,False,False,True
565,5,9,2025-09-25,Weitere Themen: binForm,1,kognition,1.9342871926371,1,3.1073267084519,0.62249037491684,0.0,0.11492455442266,0.23104024420111,0.44023969477505,0.50017229306716,0.31926280320256,-1.1361097036253,False,False,True
566,5,9,2025-09-25,Weitere Themen: binForm,1,kognition,2.0853285652008,1,4.4216046880607,0.4716215030748,0.36414660726771,0.047438255229545,0.39013128832792,0.38300780594584,0.42892530811935,0.39980141754522,1.3142779796088004,False,False,True
567,5,9,2025-09-25,Weitere Themen: binForm,1,performanz,1.1724972459399,1,1.8273455172678,0.54980820991586,0.0,0.27410678731762,0.23969063264431,0.36296970946299,0.64163608824894,0.14720726068794,-2.5942591707929004,False,True,True
562,2,9,2025-09-30,Weitere Themen: binF,1,kognition,2.1118789605959,1,3.9754603937968,0.53122744012662,0.022266357176725,0.15845702965771,0.31305095472288,0.4683200092299,0.49369494887372,0.36211699940813,2.148114876529,False,True,True
563,2,9,2025-09-30,Weitere Themen: binF,1,performanz,1.5905662396008,1,2.8317859427849,0.34456488256982,0.060358887711972,0.16437475016394,0.43433565860583,0.4076290773864,0.56168109275437,0.42463059971445,-1.1436744510119001,False,True,True
557,5,9,2025-10-02,Weitere Themen: binForm,1,kognition,2.1266007185707,1,4.2434364120772,0.50114942244074,0.11396715072385,0.17824852421908,0.34183623305069,0.44985360536929,0.43478865646368,0.44251784498799,1.4116504692923,False,True,True
558,5,9,2025-10-02,Weitere Themen: binForm,1,kognition,1.7594039781414,1,2.5582570097871,0.68773273915917,-0.020289100415568,0.11334436936152,0.13487771053507,0.48433041977542,0.44738733935134,0.24664526007838,-1.6851794022901,False,False,True
559,5,9,2025-10-02,Weitere Themen: binForm,1,performanz,1.8125938090566,1,3.4721038792412,0.39217224110269,0.21769801896299,0.29717024810151,0.46920701499411,0.33079089078195,0.52204330620997,0.32921959148461,0.9138468694541002,False,True,True
560,5,9,2025-10-02,Weitere Themen: binForm,1,kognition,1.7210596468562,1,3.2680013090368,0.52663821636637,0.059917132129427,0.10515379467749,0.32731466212845,0.43852952957493,0.41554212567743,0.48567519117027,-0.20410257020439992,False,True,True
553,2,9,2025-10-28,Weitere Themen: Terme,1,performanz,1.5566689652548,1,2.5067581730363,0.26142891558259,0.011477205989188,-0.061471372040178,0.42662989407497,0.21000085495624,0.62098640871495,0.5621378322668,0.4303487693668999,False,True,True
554,2,9,2025-10-28,Weitere Themen: Terme,1,performanz,1.4780206620485,1,3.1813676431278,0.43697363840821,0.31432923474525,0.046982968609961,0.43014855236104,0.39172434957001,0.46458510363938,0.39207451324792,0.6746094700915002,False,False,True
555,2,9,2025-10-28,Weitere Themen: Terme,1,performanz,-1.8674785612985,-1,2.1129969924978,-0.23666123224212,0.09973348232948,-0.23115913641968,-0.28495457071789,-0.12530584779423,-0.88380141094134,0.050941979720327,-1.0683706506300004,True,False,True
556,2,9,2025-10-28,Weitere Themen: Terme,1,kognition,0.811,1,0.99141868047763,0.81801143740294,0.0,0.17853023972912,0.0,0.48515844807745,0.25216135554961,0.0,-1.1215783120201697,True,True,True
548,5,9,2025-10-30,Weitere Themen: ProzR,1,regulation,2.2831943720438,1,4.6221765003632,0.42028364349602,0.07674949586674,0.058605948586205,0.41798896030911,0.44907287797465,0.44005726793527,0.4939641383714,3.63075781988557,False,True,True
549,5,9,2025-10-30,Weitere Themen: ProzR,1,motivation,1.376852504409,1,2.4862506965683,0.25215758794377,0.31975729701126,0.30109151145213,0.55378444678366,0.18303761876473,0.51110202343942,0.37696474323594,-2.1359258037949003,False,True,True
550,5,9,2025-10-30,Weitere Themen: ProzR,1,kognition,2.2238972144743,1,3.9546306929547,0.56235126959478,0.020922098272622,0.19218035228865,0.30745598822261,0.40913861330308,0.52329609560557,0.33259972485648,1.4683799963864002,False,True,True
551,5,9,2025-10-30,Weitere Themen: ProzR,1,performanz,1.7364678940513,1,3.5253302199341,0.45873591159058,0.17557733186734,0.29381275481814,0.38507725246167,0.43967873597745,0.49256746461871,0.29694741524276,-0.42930047302060004,False,True,True
552,5,9,2025-10-30,Weitere Themen: ProzR,1,performanz,-1.8674785612985,-1,2.1129969924978,-0.23666123224212,0.09973348232948,-0.23115913641968,-0.28495457071789,-0.12530584779423,-0.88380141094134,0.050941979720327,-1.4123332274363003,True,False,True
544,2,9,2025-11-04,Prozent- und Zinsrechnung: komplÜb,1,kognition,2.4410982889583,1,4.2776947265947,0.57065609830007,0.061680906507123,0.098417161158226,0.35536178558859,0.45537212052641,0.40162071683407,0.40732235788888,2.1646977340969005,True,True,True
545,2,9,2025-11-04,Prozent- und Zinsrechnung: komplÜb,1,kognition,2.0311230831007,1,3.8229300313861,0.5312987037268,0.20795513229951,0.31164531269073,0.34246928522452,0.41648835124838,0.41913366222758,0.33305785235829,-0.4547646952086004,False,False,True
546,2,9,2025-11-04,Prozent- und Zinsrechnung: komplÜb,1,regulation,1.9603476546835,1,4.105530115666,0.40874243667907,0.052973024371062,0.031854050439072,0.42453459808445,0.46443239119492,0.45296988137695,0.47748836924115,0.28260008427990035,False,True,True
547,2,9,2025-11-04,Prozent- und Zinsrechnung: komplÜb,1,kognition,1.4758361358457,1,2.8006523873511,0.52695967300848,0.28386141920944,0.3913078160065,0.35705838894269,0.40277514975236,0.34038294450806,0.28814611987675,-1.3048777283149002,False,True,True
541,5,9,2025-11-06,Weitere Themen: ProzR,1,kognition,2.0547114305757,1,4.0202243037138,0.51109245764048,0.032870016624614,0.15348776998845,0.35931223423551,0.44420521406901,0.50173089465934,0.36875892782791,1.2195719163626997,False,False,True
542,5,9,2025-11-06,Weitere Themen: ProzR,1,motivation,1.1140601570329,1,2.2244020276868,0.19364208074315,0.35739781573953,0.42969720372575,0.50083354305157,0.22503762744528,0.4494585996363,0.38292514080657,-1.7958222760269997,False,True,True
543,5,9,2025-11-06,Weitere Themen: ProzR,1,performanz,1.5570911828289,1,2.5553402422033,0.44652012702407,0.031112132778026,0.17952669910686,0.37349850335762,0.31353891804787,0.60934550462497,0.39787487959923,0.33093821451649985,False,True,True
1836,2,9,2025-11-11,Weitere Themen: Terme,1,performanz,2.1524916087874,1,3.7834187822736,0.43529939562806,0.035551443866491,0.119184436252,0.4104201615304,0.35006848278279,0.56892616001453,0.42470070376623,1.2280785400703,False,False,True
1837,2,9,2025-11-11,Weitere Themen: Terme,1,kognition,2.0025209823477,1,4.1753366045791,0.47960592784119,0.20384347683099,0.27356109825585,0.38796629419017,0.38566077691678,0.43325305356153,0.40819754744271,0.39191782230550043,False,True,True
1838,2,9,2025-11-11,Weitere Themen: Terme,1,regulation,1.539769585776,1,2.8957199704337,0.47088581038576,0.15755269598282,0.14777939986544,0.33022333356776,0.43475917646087,0.38831659764443,0.5317379733254,-1.2796166341454,False,True,True
1839,2,9,2025-11-11,Weitere Themen: Terme,1,regulation,2.3358286965014,1,4.766014081322,0.46034606997404,0.12046710266232,0.13530206615574,0.39610570126781,0.40717581938225,0.43859820175407,0.49010006173814,1.8702941108882998,False,False,True
1840,2,9,2025-11-11,Weitere Themen: Terme,1,regulation,1.9791706721549,1,4.2157345291432,0.37487060772453,0.2035061245517,0.30634878400679,0.42635033914532,0.34151654325095,0.45320148723103,0.46947120691802,-0.5502795521788002,False,False,True
1831,5,9,2025-11-13,Weitere Themen: StatDat,1,kognition,2.1928329711058,1,3.9028243912711,0.56185652560873,0.035514064351567,0.10716096158394,0.3336892807476,0.43935402011948,0.47241530936597,0.37948739649417,-0.3129101378721,False,True,True
1832,5,9,2025-11-13,Weitere Themen: StatDat,1,motivation,1.376852504409,1,2.4862506965683,0.25215758794377,0.31975729701126,0.30109151145213,0.55378444678366,0.18303761876473,0.51110202343942,0.37696474323594,-1.4165736947027998,False,True,True
1833,5,9,2025-11-13,Weitere Themen: StatDat,1,kognition,1.8346726067272,1,3.2578547618,0.56315186199242,0.031352009134577,0.21853304168741,0.26739485678908,0.44746296860024,0.50787483501136,0.32319380690867,0.7716040652317,False,True,True
1834,5,9,2025-11-13,Weitere Themen: StatDat,1,performanz,1.1724972459399,1,1.8273455172678,0.54980820991586,0.0,0.27410678731762,0.23969063264431,0.36296970946299,0.64163608824894,0.14720726068794,-1.4305092445322,False,True,True
1835,5,9,2025-11-13,Weitere Themen: StatDat,1,performanz,2.3369126707959,1,4.6528861597638,0.45163227136925,0.21250462012127,0.1734894590181,0.40952500747516,0.40519201492762,0.50224904888369,0.3696238348482,2.825540642496,False,False,True
1827,2,9,2025-11-18,Statistik: DateStat,1,kognition,2.1684041030201,1,3.7011651508002,0.58586908607967,0.031850875719515,0.1133674869774,0.31201643281213,0.45610778016662,0.4616490767318,0.35267111220798,-0.9517210089636001,False,True,True
1828,2,9,2025-11-18,Statistik: DateStat,1,kognition,2.1969604991137,1,3.9082087439743,0.56213857080057,0.033812121852611,0.13194589398309,0.32139828186305,0.47968884541538,0.45640853074794,0.35176006075289,0.20704359317410015,False,False,True
1829,2,9,2025-11-18,Statistik: DateStat,1,motivation,1.4967807162732,1,3.0334590316781,0.40960998879063,0.27178769119693,0.29238363314321,0.4934221185852,0.341322519198,0.45002586477868,0.3322146862729,-0.8747497122962002,False,True,True
1830,2,9,2025-11-18,Statistik: DateStat,1,regulation,1.9126138920563,1,4.0164817262936,0.4588553814492,0.047909025290553,0.09026084042588,0.38084333672938,0.45894389366437,0.44336919087771,0.47619017351276,0.9830226946155003,False,True,True
1822,5,9,2025-11-20,Weitere Themen: komplÜb,1,performanz,2.1834193470863,1,4.7272578340427,0.40939526234525,0.19494675496675,0.26216929806182,0.43140491422681,0.38087108066135,0.46187764766845,0.42561763210998,0.7107761077490995,False,True,True
1823,5,9,2025-11-20,Weitere Themen: komplÜb,1,kognition,2.1969604991137,1,3.9082087439743,0.56213857080057,0.033812121852611,0.13194589398309,0.32139828186305,0.47968884541538,0.45640853074794,0.35176006075289,-0.8190490900683995,False,True,True
1824,5,9,2025-11-20,Weitere Themen: komplÜb,1,kognition,1.512680856227,1,2.7153344123817,0.55708618373762,-0.077067209853772,-0.023311259048937,0.34116611055201,0.49480456333913,0.45950366325734,0.33285937163261,-1.1928743315926003,False,False,True
1825,5,9,2025-11-20,Weitere Themen: komplÜb,1,kognition,1.7197401550854,1,2.6745080662689,0.64300936186405,0.0086656749691408,0.11409784127781,0.22665812140119,0.51583615204378,0.42030259628855,0.28164331889844,-0.04082634611279978,False,False,True
1826,5,9,2025-11-20,Weitere Themen: komplÜb,1,kognition,1.7210596468562,1,3.2680013090368,0.52663821636637,0.059917132129427,0.10515379467749,0.32731466212845,0.43852952957493,0.41554212567743,0.48567519117027,0.5934932427679,False,False,True
1818,2,9,2025-11-25,Stochastik (Wahrscheinlichkeitsrechnung): komplÜb,1,kognition,2.4410982889583,1,4.2776947265947,0.57065609830007,0.061680906507123,0.098417161158226,0.35536178558859,0.45537212052641,0.40162071683407,0.40732235788888,1.0096934175579002,False,False,True
1819,2,9,2025-11-25,Stochastik (Wahrscheinlichkeitsrechnung): komplÜb,1,performanz,1.8608741963844,1,3.0556171049096,0.55550638970887,0.0,0.29078875442313,0.25128473348535,0.3845063379814,0.60899911294624,0.15804728787018,-1.2220776216851004,False,True,True
1820,2,9,2025-11-25,Stochastik (Wahrscheinlichkeitsrechnung): komplÜb,1,performanz,1.7185730315922,1,3.4752254188631,0.31877151424459,0.19146773728403,0.17310725067521,0.46890082280075,0.38408892483263,0.49451988842658,0.46883978948033,0.4196083139535003,False,False,True
1821,2,9,2025-11-25,Stochastik (Wahrscheinlichkeitsrechnung): komplÜb,1,kognition,1.7353345284312,1,2.9900649591247,0.58036489123308,0.10643085034257,0.28652846723075,0.23051807041907,0.42718416964422,0.47692739623724,0.32658716896938,-0.4851604597384003,False,True,True
1813,5,9,2025-11-27,Weitere Themen: Diagr,1,kognition,2.1684041030201,1,3.7011651508002,0.58586908607967,0.031850875719515,0.1133674869774,0.31201643281213,0.45610778016662,0.4616490767318,0.35267111220798,0.7111001916755,False,False,True
1814,5,9,2025-11-27,Weitere Themen: Diagr,1,methodik,1.3071304723696,1,2.3428052989296,0.51447576205092,0.042683689169047,0.09160513239389,0.31116409404235,0.55793150786012,0.39453333050523,0.40165351508073,-1.3583598518706,False,True,True
1815,5,9,2025-11-27,Weitere Themen: Diagr,1,kognition,1.8497956426329,1,2.9898402914902,0.61869172777574,0.26165124118264,0.37511761181132,0.32912105809137,0.40496483599092,0.3576085578641,0.088533564626579,0.6470349925606,False,True,True
1816,5,9,2025-11-27,Weitere Themen: Diagr,1,motivation,0.85188551646247,1,1.5890209998845,0.33406255970934,0.45645506608696,0.46047891028742,0.53610377426518,0.18684581263477,0.36274856741847,0.11871153327529,-1.4008192916057,False,True,True
1817,5,9,2025-11-27,Weitere Themen: Diagr,1,kognition,2.1505046567471,1,3.4817423048328,0.61765009927963,0.2872117004452,0.15603886664661,0.2872117004452,0.50103511698974,0.35272549844014,0.23177984225927,1.8927213049483,False,True,True
1808,2,9,2025-12-02,Stochastik (Wahrscheinlichkeitsrechnung): Baumd,1,kognition,2.0249577812164,1,3.2284332079851,0.62722422256273,0.027607078164519,0.12304400854027,0.27572196662313,0.46075342934985,0.44961835806807,0.31655743152458,-0.25330909684769987,False,False,True
1809,2,9,2025-12-02,Stochastik (Wahrscheinlichkeitsrechnung): Baumd,1,performanz,1.8608741963844,1,3.0556171049096,0.55550638970887,0.0,0.29078875442313,0.25128473348535,0.3845063379814,0.60899911294624,0.15804728787018,-0.17281610307550022,False,True,True
1810,2,9,2025-12-02,Stochastik (Wahrscheinlichkeitsrechnung): Baumd,1,motivation,1.2459236375843,1,1.9935420942378,0.1924119840039,0.33536319260425,0.25723120973569,0.62497671427077,0.082253812699267,0.4466343056288,0.43299820303145,-1.0620750106718,False,True,True
1811,2,9,2025-12-02,Stochastik (Wahrscheinlichkeitsrechnung): Baumd,1,performanz,1.8171380778151,1,3.771468009549,0.36111509572411,0.22685067187805,0.32978668596496,0.42468678617285,0.34745157352079,0.48181059871337,0.41969892040688,1.7779259153112,False,True,True
1812,2,9,2025-12-02,Stochastik (Wahrscheinlichkeitsrechnung): Baumd,1,regulation,2.3358286965014,1,4.766014081322,0.46034606997404,0.12046710266232,0.13530206615574,0.39610570126781,0.40717581938225,0.43859820175407,0.49010006173814,0.9945460717730001,False,True,True
1804,5,9,2025-12-04,Weitere Themen: Baumd,1,performanz,2.1744618745086,1,4.4388621375364,0.46577705352531,0.21582431903798,0.15028280583915,0.40837051156953,0.4063458558203,0.48986810323295,0.37686600340078,-0.32715194378559964,False,True,True
1805,5,9,2025-12-04,Weitere Themen: Baumd,1,kognition,2.0025209823477,1,4.1753366045791,0.47960592784119,0.20384347683099,0.27356109825585,0.38796629419017,0.38566077691678,0.43325305356153,0.40819754744271,-0.2635255329573001,False,True,True
1806,5,9,2025-12-04,Weitere Themen: Baumd,1,performanz,1.171031134971,1,2.3554216638968,0.19785571730366,0.33095686675477,0.41928909416486,0.49146919269571,0.22256410971708,0.4971620076779,0.37048889297316,-1.8199149406823003,False,True,True
1807,5,9,2025-12-04,Weitere Themen: Baumd,1,performanz,1.8125938090566,1,3.4721038792412,0.39217224110269,0.21769801896299,0.29717024810151,0.46920701499411,0.33079089078195,0.52204330620997,0.32921959148461,1.1166822153444,False,False,True
1799,2,9,2025-12-09,Statistik: Üb,1,performanz,1.9531896505829,1,3.2870701844949,0.41466224445206,0.031405075980467,0.13079068691856,0.40962322696175,0.34539700132505,0.59420200936871,0.41205624797762,-0.18503369474629983,False,False,True
1800,2,9,2025-12-09,Statistik: Üb,1,kognition,2.3459293201978,1,3.9453024964552,0.59461178862399,0.17052830396184,0.30842106960146,0.27913815177287,0.45862360065479,0.4018311838535,0.26926989756156,0.6582323119602997,False,True,True
1801,2,9,2025-12-09,Statistik: Üb,1,kognition,2.3317185870149,1,3.9472334029979,0.59072075090275,0.036035643093624,0.11051648660271,0.31723657760352,0.43648255743814,0.44637104913987,0.38357304861061,0.001930906542700228,False,False,True
1802,2,9,2025-12-09,Statistik: Üb,1,kognition,1.8346238946577,1,3.050519966414,0.60141153008057,0.25796034376092,0.36992244687776,0.36833268059845,0.37038652482427,0.38425337642634,0.12002358492601,-0.8967134365839002,False,False,True
1803,2,9,2025-12-09,Statistik: Üb,1,performanz,1.5511427607571,1,2.6677743582537,0.32130842266691,0.036953441487947,0.1513991513825,0.40364975331999,0.43700613516417,0.58143483597468,0.42484372043268,-0.3827456081602998,False,True,True
1795,5,9,2025-12-11,Weitere Themen: Terme,1,performanz,1.6203139294579,1,2.8371568730149,0.54845682023067,0.028021755359531,0.16693232310901,0.30201188330985,0.37207718972365,0.57110279443525,0.33871143059007,0.16938251476120003,False,False,True
1796,5,9,2025-12-11,Weitere Themen: Terme,1,methodik,2.1410505413095,1,4.7299790770357,0.44419334632973,0.193543274998,0.0710246340135,0.41578844647734,0.45265443670988,0.44516430395875,0.42922862904441,1.8928222040207996,False,True,True
1797,5,9,2025-12-11,Weitere Themen: Terme,1,performanz,2.2224477744004,1,4.723590507544,0.42040962805,0.22593003878185,0.11044512960084,0.43942386871515,0.4051961049162,0.47049867380845,0.42586709149823,-0.006388569491699414,False,True,True
1798,5,9,2025-12-11,Weitere Themen: Terme,1,kognition,2.4887495600728,1,4.8458292980034,0.51358483165098,0.061490211488883,0.10551649015658,0.3882399826205,0.41087257110398,0.45031579473172,0.44607269460341,0.12223879045939956,False,True,True
1790,2,9,2025-12-16,Stochastik (Wahrscheinlichkeitsrechnung): Übungen zu Baumdiagrammen,18,performanz,2.1625397852702,1,4.5039203437359,0.43533203634603,0.17064144437225,0.24094742665989,0.42185314901355,0.37315321830169,0.48014503338796,0.41900448192064,-0.3419089542674998,False,True,True
1791,2,9,2025-12-16,Stochastik (Wahrscheinlichkeitsrechnung): Übungen zu Baumdiagrammen,18,kognition,1.6291639737569,1,2.6011908708907,0.62631225138682,0.017885899512245,0.12307583679251,0.21551127310514,0.58013916482116,0.36832679624498,0.2712683538319,-1.9027294728452002,False,True,True
1792,2,9,2025-12-16,Stochastik (Wahrscheinlichkeitsrechnung): Übungen zu Baumdiagrammen,18,performanz,1.5511427607571,1,2.6677743582537,0.32130842266691,0.036953441487947,0.1513991513825,0.40364975331999,0.43700613516417,0.58143483597468,0.42484372043268,0.06658348736300024,False,True,True
1794,2,9,2025-12-16,Stochastik (Wahrscheinlichkeitsrechnung): Übungen zu Baumdiagrammen,18,kognition,1.2771822134312,1,2.1587129569032,0.59163785206759,0.36827328743493,0.41197527053745,0.39903167299848,0.34750634655043,0.2469901369355,0.060128901709216,0.3757127609544002,False,True,True
1785,5,9,2025-12-18,Weitere Themen: Diagramme,23,performanz,1.6203139294579,1,2.8371568730149,0.54845682023067,0.028021755359531,0.16693232310901,0.30201188330985,0.37207718972365,0.57110279443525,0.33871143059007,0.6784439161117,False,True,True
1786,5,9,2025-12-18,Weitere Themen: Diagramme,23,performanz,1.8608741963844,1,3.0556171049096,0.55550638970887,0.0,0.29078875442313,0.25128473348535,0.3845063379814,0.60899911294624,0.15804728787018,0.21846023189469976,False,False,True
1787,5,9,2025-12-18,Weitere Themen: Diagramme,23,regulation,1.9611829425497,1,4.1066196583502,0.45479888547485,0.19603031562825,0.22223033496086,0.40278440644117,0.38328801363239,0.41003110509019,0.47756508516951,1.0510025534406005,False,True,True
1788,5,9,2025-12-18,Weitere Themen: Diagramme,23,kognition,1.8644313920995,1,3.3659078131316,0.55391471081846,0.027419524844313,0.15221827542323,0.29709727428258,0.43315863907753,0.40624546152473,0.47783024759156,-0.7407118452186006,False,True,True
1789,5,9,2025-12-18,Weitere Themen: Diagramme,23,kognition,2.2688988134381,1,4.362368859302,0.52010586118627,0.19744656419101,0.27327195712571,0.37284289932841,0.46304826268623,0.41077008263379,0.30604741185795,0.9964610461704004,False,False,True
1780,2,9,2025-12-23,Stochastik (Wahrscheinlichkeitsrechnung): Mehrstufige ZE,25,performanz,2.1704766163445,1,2.7997959491403,0.26400718649651,0.0,0.30179924290111,0.3725176947635,0.21048401161646,0.77522394614918,0.23487264715563,-1.5625729101617,False,True,True
1781,2,9,2025-12-23,Stochastik (Wahrscheinlichkeitsrechnung): Mehrstufige ZE,25,methodik,2.3478293915917,1,4.8610905793176,0.47994405849977,0.055198548943196,0.10402802334362,0.36838272977433,0.48298309267266,0.43924951826585,0.44029789265196,2.0612946301773,False,True,True
1782,2,9,2025-12-23,Stochastik (Wahrscheinlichkeitsrechnung): Mehrstufige ZE,25,regulation,1.8985578898938,1,4.0585137007709,0.44377818223044,0.23049497365834,0.059328109741964,0.45693261902199,0.37722197303759,0.42010957971302,0.46779519595589,-0.8025768785467005,False,True,True
1783,2,9,2025-12-23,Stochastik (Wahrscheinlichkeitsrechnung): Mehrstufige ZE,25,kognition,1.4328351876114,1,1.7651284248868,0.81174097589727,0.03503427832638,0.20186096141735,0.048695442815562,0.52473018072417,0.13219765793973,0.062456221824181,-2.2933852758840994,False,True,True
1784,2,9,2025-12-23,Stochastik (Wahrscheinlichkeitsrechnung): Mehrstufige ZE,25,performanz,2.1704766163445,1,2.7997959491403,0.26400718649651,0.0,0.30179924290111,0.3725176947635,0.21048401161646,0.77522394614918,0.23487264715563,1.0346675242535002,False,True,True
1774,2,9,2026-01-06,Gleichungssysteme: Arbeitsblatt zur Gleichungen Lösen mit CAS,23,kognition,2.0532452617647,1,2.86636421726,0.71632142425822,0.0,0.24589649946494,0.10102785763875,0.48005379208708,0.42650143713645,0.062046789280422,0.06656826811969996,False,True,True
1775,2,9,2026-01-06,Gleichungssysteme: Arbeitsblatt zur Gleichungen Lösen mit CAS,23,kognition,2.0025209823477,1,4.1753366045791,0.47960592784119,0.20384347683099,0.27356109825585,0.38796629419017,0.38566077691678,0.43325305356153,0.40819754744271,1.3089723873191002,False,False,True
1776,2,9,2026-01-06,Gleichungssysteme: Arbeitsblatt zur Gleichungen Lösen mit CAS,23,regulation,1.553207951233,1,3.2346333289896,0.43733050150753,0.22603274082431,0.032045122263973,0.45206961184473,0.39443184375602,0.40755714823022,0.48017904704139,-0.9407032755895002,False,True,True
1777,2,9,2026-01-06,Gleichungssysteme: Arbeitsblatt zur Gleichungen Lösen mit CAS,23,regulation,2.6578468217074,1,4.5939307421391,0.33190216486452,-0.0032181844825733,0.076571162392784,0.42939803430211,0.44269501759978,0.41094501266628,0.57855487715102,1.3592974131494997,False,False,True
1778,2,9,2026-01-06,Gleichungssysteme: Arbeitsblatt zur Gleichungen Lösen mit CAS,23,performanz,1.6229270452087,1,3.4989761103282,0.39913283762435,0.20574122243346,0.31304974465119,0.41790252261595,0.33606865075675,0.46382780440831,0.44456358396692,-1.0949546318108996,False,True,True
1779,2,9,2026-01-06,Gleichungssysteme: Arbeitsblatt zur Gleichungen Lösen mit CAS,23,kognition,-0.811,-1,0.99141868047763,-0.81801143740294,0.0,-0.17853023972912,0.0,-0.48515844807745,-0.25216135554961,0.0,-2.50755742985057,True,True,True
1769,5,9,2026-01-08,Weitere Themen: Mathe Aufgabe zur Gleichungen,23,kognition,1.8124059963247,1,2.7008782028216,0.67104073187158,0.0,0.13221920340388,0.18986342323182,0.46057081054162,0.46390437256253,0.26236264134944,1.7094595223439697,True,False,True
1770,5,9,2026-01-08,Weitere Themen: Mathe Aufgabe zur Gleichungen,23,regulation,1.9772187354812,1,3.5945149852943,0.44008146001926,0.21195562268381,0.24766753587711,0.30191198612596,0.39195609564178,0.39077811478869,0.55006398441248,0.8936367824727003,False,True,True
1771,5,9,2026-01-08,Weitere Themen: Mathe Aufgabe zur Gleichungen,23,performanz,1.2088568683975,1,1.9527463174987,0.22768449948157,0.15287355723892,0.30282666445326,0.37380252504995,0.25326239678698,0.61905157216232,0.4959639051638,-1.6417686677956,False,True,True
1772,5,9,2026-01-08,Weitere Themen: Mathe Aufgabe zur Gleichungen,23,kognition,2.0061560441041,1,3.6624782597347,0.54775767233435,0.037845715107673,0.14946786415009,0.34196619651183,0.41905124282305,0.4683771687897,0.40529142004314,1.709731942236,False,True,True
1773,5,9,2026-01-08,Weitere Themen: Mathe Aufgabe zur Gleichungen,23,kognition,1.9103486640717,1,2.7335037657279,0.69886191466206,0.017332898938109,0.1636905901472,0.18050976179831,0.50952449450836,0.39033476381502,0.1998235634722,-0.9289744940068001,False,False,True
1764,2,9,2026-01-13,Weitere Themen: PHY Aufgaben,23,regulation,1.7810357015046,1,3.5846603474751,0.44499407838611,0.049847783190915,0.036900952175072,0.39802316963037,0.42437609028194,0.46125148062342,0.49684783504823,0.8511565817472002,False,True,True
1765,2,9,2026-01-13,Weitere Themen: PHY Aufgaben,23,kognition,2.0025209823477,1,4.1753366045791,0.47960592784119,0.20384347683099,0.27356109825585,0.38796629419017,0.38566077691678,0.43325305356153,0.40819754744271,0.5906762571040001,False,True,True
1766,2,9,2026-01-13,Weitere Themen: PHY Aufgaben,23,performanz,2.0460450165577,1,3.630178709223,0.53808152824107,0.013797503863005,0.2273321984769,0.31806243954262,0.3762702778278,0.56361946456377,0.31334090345997,-0.5451578953561005,False,True,True
1767,2,9,2026-01-13,Weitere Themen: PHY Aufgaben,23,kognition,2.1850763724237,1,3.5801295571611,0.61033273634628,0.02878655812403,0.12348325252983,0.29128066033205,0.45669495279361,0.44109123040304,0.35133375651135,-0.05004915206189997,False,True,True
1768,2,9,2026-01-13,Weitere Themen: PHY Aufgaben,23,sozial,1.0,1,1.9538462068443,0.25948685385546,0.51180839024746,0.0,0.51180839024746,0.36901384936842,0.31936843551441,0.4130293709297,-1.6262833503167997,False,True,True
1759,5,9,2026-01-15,Weitere Themen: Aufgaben zum Taschenrechner,23,performanz,1.7803177442296,1,2.2792901074475,0.26065571282368,0.0,0.29833114483633,0.36911250485341,0.20746555360131,0.78108088461566,0.23167867253301,0.3254439006031997,False,True,True
1760,5,9,2026-01-15,Weitere Themen: Aufgaben zum Taschenrechner,23,methodik,2.3478293915917,1,4.8610905793176,0.47994405849977,0.055198548943196,0.10402802334362,0.36838272977433,0.48298309267266,0.43924951826585,0.44029789265196,2.5818004718701,False,True,True
1761,5,9,2026-01-15,Weitere Themen: Aufgaben zum Taschenrechner,23,performanz,1.9343789929705,1,3.7281985400685,0.40952297822629,0.23941046247707,0.13252961756498,0.43892855326055,0.39268182609114,0.51884946139171,0.37595484001876,-1.1328920392491,False,True,True
1762,5,9,2026-01-15,Weitere Themen: Aufgaben zum Taschenrechner,23,kognition,1.7210596468562,1,3.2680013090368,0.52663821636637,0.059917132129427,0.10515379467749,0.32731466212845,0.43852952957493,0.41554212567743,0.48567519117027,-0.46019723103169996,False,True,True
1763,5,9,2026-01-15,Weitere Themen: Aufgaben zum Taschenrechner,23,kognition,2.1462963786463,1,4.3406553652064,0.49446253006518,0.26550279432215,0.053552965854877,0.37877182858556,0.4109033095443,0.44109602015534,0.41864927793105,1.0726540561696,False,False,True
1755,2,9,2026-01-20,Weitere Themen: CAS Aufgaben,23,kognition,2.1928329711058,1,3.9028243912711,0.56185652560873,0.035514064351567,0.10716096158394,0.3336892807476,0.43935402011948,0.47241530936597,0.37948739649417,-0.43783097393530035,False,False,True
1756,2,9,2026-01-20,Weitere Themen: CAS Aufgaben,23,kognition,1.6291639737569,1,2.6011908708907,0.62631225138682,0.017885899512245,0.12307583679251,0.21551127310514,0.58013916482116,0.36832679624498,0.2712683538319,-1.3016335203804,False,False,True
1757,2,9,2026-01-20,Weitere Themen: CAS Aufgaben,23,sozial,1.0,1,1.9538462068443,0.25948685385546,0.51180839024746,0.0,0.51180839024746,0.36901384936842,0.31936843551441,0.4130293709297,-0.6473446640463998,False,True,True
1758,2,9,2026-01-20,Weitere Themen: CAS Aufgaben,23,kognition,2.0386456472603,1,3.7892050143531,0.5380126594923,-0.14104168078453,0.06012504014222,0.28328564846942,0.48597911965339,0.41569139117888,0.44475108527832,1.8353588075087999,False,True,True
1750,5,9,2026-01-22,Weitere Themen: CAS Aufgabe,23,performanz,1.6203139294579,1,2.8371568730149,0.54845682023067,0.028021755359531,0.16693232310901,0.30201188330985,0.37207718972365,0.57110279443525,0.33871143059007,-0.9520481413381998,False,True,True
1751,5,9,2026-01-22,Weitere Themen: CAS Aufgabe,23,kognition,1.6572392084879,1,2.7485111833519,0.6029566803145,0.036207071392921,0.095577072626153,0.31056895785456,0.39725124495274,0.44300457099163,0.41889778835364,-0.08864568966300013,False,True,True
1752,5,9,2026-01-22,Weitere Themen: CAS Aufgabe,23,regulation,0.83995356903732,1,1.2723766120734,0.32816316889373,0.079216825552914,0.026147554981766,0.38552188435751,0.40842573301039,0.36621088545109,0.66014021294095,-1.4761345712785001,False,True,True
1753,5,9,2026-01-22,Weitere Themen: CAS Aufgabe,23,performanz,1.5583528329756,1,2.4727359267413,0.42450201381654,0.020128723815308,0.15990248555212,0.38637338240925,0.27902517895313,0.63021146496408,0.41171598220526,1.2003593146679,False,True,True
1754,5,9,2026-01-22,Weitere Themen: CAS Aufgabe,23,kognition,1.9163287574076,1,3.4981448019098,0.54781130793909,0.039250377891882,0.1024699522979,0.33116280566641,0.48098751768654,0.44968927694479,0.3802869028609,1.0254088751685,False,True,True
1746,2,9,2026-01-27,Prüfungsvorbereitung: CAS Aufgaben,23,regulation,1.7810357015046,1,3.5846603474751,0.44499407838611,0.049847783190915,0.036900952175072,0.39802316963037,0.42437609028194,0.46125148062342,0.49684783504823,0.08651554556530039,False,True,True
1747,2,9,2026-01-27,Prüfungsvorbereitung: CAS Aufgaben,23,kognition,1.6662193362077,1,3.0045876008173,0.55455656882455,0.13213083838315,0.2111204192588,0.25222496970111,0.43296993128715,0.41757439605066,0.45274848720097,-0.5800727466578004,False,True,True
1748,2,9,2026-01-27,Prüfungsvorbereitung: CAS Aufgaben,23,regulation,1.9611829425497,1,4.1066196583502,0.45479888547485,0.19603031562825,0.22223033496086,0.40278440644117,0.38328801363239,0.41003110509019,0.47756508516951,1.1020320575329006,False,True,True
1749,2,9,2026-01-27,Prüfungsvorbereitung: CAS Aufgaben,23,kognition,1.8346238946577,1,3.050519966414,0.60141153008057,0.25796034376092,0.36992244687776,0.36833268059845,0.37038652482427,0.38425337642634,0.12002358492601,-1.0560996919362005,False,True,True
1742,5,9,2026-01-29,Weitere Themen: Gleichungssysteme CAS,23,performanz,2.1524916087874,1,3.7834187822736,0.43529939562806,0.035551443866491,0.119184436252,0.4104201615304,0.35006848278279,0.56892616001453,0.42470070376623,0.7328988158595999,False,True,True
1743,5,9,2026-01-29,Weitere Themen: Gleichungssysteme CAS,23,regulation,2.0584483248078,1,3.7903140793782,0.43782915236789,0.20100650117379,0.23487362217918,0.31187955950307,0.38918849396145,0.41116778334824,0.54307976882693,0.006895297104600129,False,True,True
1744,5,9,2026-01-29,Weitere Themen: Gleichungssysteme CAS,23,performanz,1.5619583131048,1,2.7800794322758,0.4828625632128,0.016496962767111,0.21435825162725,0.32723127590326,0.36859184201213,0.56183743406635,0.40250886323243,-1.0102346471024002,False,True,True
1745,5,9,2026-01-29,Weitere Themen: Gleichungssysteme CAS,23,performanz,2.3969338314309,1,4.8647814867475,0.43636742711202,0.05887908540611,0.11008583245671,0.41821687591632,0.41539574353306,0.49271049703992,0.45141013196524,2.0847020544717,False,False,True
683,3,10,2025-04-30,Integralrechnung: komplÜbung best Int,1,motivation,1.4184783339891,1,2.7252941588692,0.40611119883658,0.017733295686681,0.20977608045136,0.52048441249129,0.2871279945039,0.45173629181326,0.48304626656427,2.7252941588692,True,True,True
679,3,10,2025-08-27,Weitere Themen: VorbABI,1,kognition,2.2414953024427,1,4.7653905687971,0.47036870669794,0.071220868695358,0.091961975579142,0.39006654587399,0.46307096173179,0.4334201960125,0.45910780175665,2.0400964099279,False,True,True
680,3,10,2025-08-27,Weitere Themen: VorbABI,1,kognition,2.1474646536876,1,4.1684033499006,0.51517555324469,0.021235716399355,0.17812047079192,0.32411661689531,0.4551826878565,0.51140647421908,0.35865310683844,-0.5969872188965004,False,False,True
681,3,10,2025-08-27,Weitere Themen: VorbABI,1,performanz,1.7349960417186,1,3.0088267944093,0.49568317504876,0.021792505626107,0.18265534692838,0.34599423350428,0.40517032831338,0.57663348339209,0.32260265823754,-1.1595765554912996,False,True,True
674,5,10,2025-08-28,Weitere Themen: VorbABI,1,kognition,2.2414953024427,1,4.7653905687971,0.47036870669794,0.071220868695358,0.091961975579142,0.39006654587399,0.46307096173179,0.4334201960125,0.45910780175665,2.6549104243436,False,True,True
675,5,10,2025-08-28,Weitere Themen: VorbABI,1,kognition,2.5185769006605,1,4.2184095375211,0.59704277354559,0.016534651562969,0.12575866513627,0.26327533872727,0.48086186581374,0.46726620709058,0.32949476873946,-0.5469810312760002,False,False,True
676,5,10,2025-08-28,Weitere Themen: VorbABI,1,performanz,1.9577799980576,1,3.7807537621279,0.51042066750317,0.03083949094383,0.14821465789205,0.36597314714407,0.37761274092899,0.5178265877569,0.41457772698257,-0.4376557753931998,False,True,True
677,5,10,2025-08-28,Weitere Themen: VorbABI,1,performanz,2.0572421247468,1,4.2232398182455,0.40026681249274,0.052532231378949,0.099371654040563,0.40918835544341,0.4443088960178,0.48712300083671,0.47435541413308,0.44248605611760006,False,False,True
678,5,10,2025-08-28,Weitere Themen: VorbABI,1,performanz,1.5441145590549,1,2.75996044218,0.43932164769612,0.042751448779437,0.18166522223245,0.34358458909564,0.39592187708246,0.5594677882982,0.42936068208789,-1.4632793760655,False,False,True
669,5,10,2025-09-11,Stochastik (Wahrscheinlichkeitsrechnung): UrnProbl,1,kognition,2.0547114305757,1,4.0202243037138,0.51109245764048,0.032870016624614,0.15348776998845,0.35931223423551,0.44420521406901,0.50173089465934,0.36875892782791,1.2602638615337995,False,True,True
670,5,10,2025-09-11,Stochastik (Wahrscheinlichkeitsrechnung): UrnProbl,1,performanz,1.7507822794422,1,3.5816981353789,0.43084191867104,0.27919639518428,0.041731643197581,0.42322013003075,0.38270708324899,0.48881210117278,0.41250483607193,-0.43852616833489977,False,True,True
671,5,10,2025-09-11,Stochastik (Wahrscheinlichkeitsrechnung): UrnProbl,1,performanz,1.5441145590549,1,2.75996044218,0.43932164769612,0.042751448779437,0.18166522223245,0.34358458909564,0.39592187708246,0.5594677882982,0.42936068208789,-0.8217376931988998,False,False,True
672,5,10,2025-09-11,Stochastik (Wahrscheinlichkeitsrechnung): UrnProbl,1,performanz,-1.8674785612985,-1,2.1129969924978,-0.23666123224212,0.09973348232948,-0.23115913641968,-0.28495457071789,-0.12530584779423,-0.88380141094134,0.050941979720327,-0.6469634496822003,True,False,True
673,5,10,2025-09-11,Stochastik (Wahrscheinlichkeitsrechnung): UrnProbl,1,kognition,1.7810481523429,1,3.4485985759833,0.51645413305136,0.19987339821091,0.26136553149895,0.38073011467188,0.4730752660784,0.39683639254655,0.31428213854986,1.3356015834855004,True,True,True
665,3,10,2025-09-17,Vektorrechnung: Üb,1,kognition,2.1982887533958,1,3.8014751741185,0.57827103163846,0.032586441728781,0.11160103015591,0.31828824440691,0.455066960453,0.4635561282402,0.35889142885283,0.3528765981351998,False,False,True
666,3,10,2025-09-17,Vektorrechnung: Üb,1,kognition,2.7682973486899,1,4.466581322438,0.6197785176323,0.02801118491248,0.21750641921344,0.23950031054412,0.50737318760695,0.42467013619691,0.2695250780338,0.6651061483195004,False,False,True
667,3,10,2025-09-17,Vektorrechnung: Üb,1,kognition,1.4758361358457,1,2.8006523873511,0.52695967300848,0.28386141920944,0.3913078160065,0.35705838894269,0.40277514975236,0.34038294450806,0.28814611987675,-1.6659289350869004,False,False,True
668,3,10,2025-09-17,Vektorrechnung: Üb,1,kognition,1.5921009565853,1,3.2676087905419,0.487235830934,0.3217676297975,0.077153240661545,0.42089421911035,0.40731311868329,0.40263476371624,0.3846263394302,0.4669564031908,False,False,True
660,5,10,2025-09-18,Vektorrechnung: alles,1,regulation,2.2831943720438,1,4.6221765003632,0.42028364349602,0.07674949586674,0.058605948586205,0.41798896030911,0.44907287797465,0.44005726793527,0.4939641383714,1.3545677098213003,False,True,True
661,5,10,2025-09-18,Vektorrechnung: alles,1,kognition,2.1969604991137,1,3.9082087439743,0.56213857080057,0.033812121852611,0.13194589398309,0.32139828186305,0.47968884541538,0.45640853074794,0.35176006075289,-0.7139677563889002,False,True,True
662,5,10,2025-09-18,Vektorrechnung: alles,1,kognition,2.3451113517338,1,4.4817017288967,0.523262425964,0.19873882290832,0.28092411061755,0.37361537614605,0.45456628790124,0.41330948442571,0.30121886733082,0.5734929849223995,False,False,True
663,5,10,2025-09-18,Vektorrechnung: alles,1,kognition,2.2751927109199,1,4.6187407804724,0.49259915051904,0.06617466978162,0.10089909085174,0.40721592465201,0.40255416401525,0.45714548989189,0.45379000660803,0.13703905157570073,False,False,True
664,5,10,2025-09-18,Vektorrechnung: alles,1,kognition,2.2238972144743,1,3.9546306929547,0.56235126959478,0.020922098272622,0.19218035228865,0.30745598822261,0.40913861330308,0.52329609560557,0.33259972485648,-0.6641100875177002,False,False,True
655,3,10,2025-09-24,Weitere Themen: VorbABI,1,kognition,2.1740412824802,1,3.5213129836393,0.61739331852865,0.0,0.30075818626489,0.29661220180336,0.44033243717446,0.45440135012021,0.20003070633707,-0.43331770931540037,False,False,True
656,3,10,2025-09-24,Weitere Themen: VorbABI,1,kognition,2.1969604991137,1,3.9082087439743,0.56213857080057,0.033812121852611,0.13194589398309,0.32139828186305,0.47968884541538,0.45640853074794,0.35176006075289,0.3868957603350003,False,False,True
657,3,10,2025-09-24,Weitere Themen: VorbABI,1,performanz,1.9111802555909,1,3.117768540124,0.43972064620846,0.013917339892429,0.2372152704984,0.34251535550551,0.34082601478504,0.6129942300247,0.37541110055815,-0.7904402038503,False,True,True
658,3,10,2025-09-24,Weitere Themen: VorbABI,1,kognition,1.7353345284312,1,2.9900649591247,0.58036489123308,0.10643085034257,0.28652846723075,0.23051807041907,0.42718416964422,0.47692739623724,0.32658716896938,-0.12770358099930013,False,True,True
659,3,10,2025-09-24,Weitere Themen: VorbABI,1,kognition,2.2009129520582,1,3.5655874874173,0.61726343476093,0.037799812012656,0.18382639127447,0.28178965695487,0.46623570321268,0.46595771324522,0.26431334205833,0.5755225282926002,False,False,True
650,5,10,2025-09-25,Prüfungsvorbereitung: ABI,1,performanz,2.1018406752718,1,4.0297451295107,0.50229795388456,0.030986423052732,0.16577460984972,0.36043056753727,0.43342058043781,0.52158024686899,0.35977892556151,0.46415764209339994,False,True,True
651,5,10,2025-09-25,Prüfungsvorbereitung: ABI,1,performanz,2.0727800937162,1,3.3171643288248,0.52909083961634,0.0,0.29748094803146,0.27124453844477,0.37170182269161,0.62486317818892,0.17138291539365,-0.7125808006859002,False,False,True
652,5,10,2025-09-25,Prüfungsvorbereitung: ABI,1,performanz,2.3369126707959,1,4.6528861597638,0.45163227136925,0.21250462012127,0.1734894590181,0.40952500747516,0.40519201492762,0.50224904888369,0.3696238348482,1.3357218309390002,False,False,True
653,5,10,2025-09-25,Prüfungsvorbereitung: ABI,1,kognition,1.8888915756821,1,3.3233958757153,0.56836018419675,0.037237226112195,0.080792004910457,0.34461562095382,0.4123224685031,0.42860518859677,0.44336731060167,-1.3294902840485001,False,True,True
654,5,10,2025-09-25,Prüfungsvorbereitung: ABI,1,motivation,1.8934141982597,1,3.6130190037089,0.39519609169617,0.022142086298747,0.27097533602843,0.52405175721425,0.30923960994252,0.43341160873097,0.4602082199323,0.2896231279935999,False,True,True
645,3,10,2025-10-01,Prüfungsvorbereitung: Abi,1,kognition,2.4288372368111,1,4.8378789214668,0.50204485391011,0.040005846394317,0.076637840807385,0.38218346905859,0.42487494657931,0.43935962291654,0.46995021198095,1.2248599177578998,False,True,True
646,3,10,2025-10-01,Prüfungsvorbereitung: Abi,1,performanz,1.8608741963844,1,3.0556171049096,0.55550638970887,0.0,0.29078875442313,0.25128473348535,0.3845063379814,0.60899911294624,0.15804728787018,-1.7822618165571997,False,True,True
647,3,10,2025-10-01,Prüfungsvorbereitung: Abi,1,performanz,2.3369126707959,1,4.6528861597638,0.45163227136925,0.21250462012127,0.1734894590181,0.40952500747516,0.40519201492762,0.50224904888369,0.3696238348482,1.5972690548542001,False,False,True
648,3,10,2025-10-01,Prüfungsvorbereitung: Abi,1,kognition,1.2611174102,1,2.3952654381643,0.52650204235655,0.11634635597757,0.15877535207586,0.29265668669538,0.38319488600229,0.4197213856147,0.52477506057088,-2.2576207215995,False,True,True
649,3,10,2025-10-01,Prüfungsvorbereitung: Abi,1,performanz,1.1328021183445,1,2.1104801444535,0.31412825053857,0.34939122617661,0.42360783221244,0.49973436518435,0.19421685685325,0.53674835740011,0.1557007351286,-0.28478529371079997,False,True,True
640,5,10,2025-10-02,Prüfungsvorbereitung: Abi,1,kognition,1.919667488646,1,3.1988921097457,0.60010197961283,0.028359326892356,0.086449473354213,0.30337364378423,0.40429765756495,0.44207952411901,0.42504956153813,1.0884119652921997,False,True,True
641,5,10,2025-10-02,Prüfungsvorbereitung: Abi,1,kognition,2.6228056368715,1,4.6361765459891,0.56572478498315,0.048988682338982,0.17044432813436,0.3147111289115,0.48920271513479,0.42441388016159,0.36056963398192,1.4372844362434,False,False,True
642,5,10,2025-10-02,Prüfungsvorbereitung: Abi,1,kognition,2.1505372732166,1,4.3283338502937,0.49684991479378,0.19556553202493,0.097634066164462,0.37783550029107,0.47902945724462,0.4207157962921,0.39512856874667,-0.3078426956953999,False,False,True
643,5,10,2025-10-02,Prüfungsvorbereitung: Abi,1,kognition,0.811,1,0.99141868047763,0.81801143740294,0.0,0.17853023972912,0.0,0.48515844807745,0.25216135554961,0.0,-3.33691516981607,False,False,True
644,5,10,2025-10-02,Prüfungsvorbereitung: Abi,1,motivation,1.5709381606312,1,3.1437365552397,0.41639422718857,0.25364958858365,0.2809104230657,0.49970254695402,0.3186249364815,0.46368490082326,0.34224630506538,2.15231787476207,False,True,True
635,3,10,2025-10-15,Prüfungsvorbereitung: ABI,1,performanz,1.5566689652548,1,2.5067581730363,0.26142891558259,0.011477205989188,-0.061471372040178,0.42662989407497,0.21000085495624,0.62098640871495,0.5621378322668,-0.6369783822034001,False,True,True
636,3,10,2025-10-15,Prüfungsvorbereitung: ABI,1,kognition,2.5185769006605,1,4.2184095375211,0.59704277354559,0.016534651562969,0.12575866513627,0.26327533872727,0.48086186581374,0.46726620709058,0.32949476873946,1.7116513644848,False,True,True
637,3,10,2025-10-15,Prüfungsvorbereitung: ABI,1,motivation,0.438,1,0.71581439633469,0.42538365772271,0.16763887989072,0.25145831983608,0.61188191160114,0.0,0.52387149965851,0.28079512381696,-3.50259514118641,False,True,True
638,3,10,2025-10-15,Prüfungsvorbereitung: ABI,1,regulation,1.9611829425497,1,4.1066196583502,0.45479888547485,0.19603031562825,0.22223033496086,0.40278440644117,0.38328801363239,0.41003110509019,0.47756508516951,3.3908052620155105,False,True,True
639,3,10,2025-10-15,Prüfungsvorbereitung: ABI,1,performanz,-1.4208154801294,-1,2.4266476899275,-0.20928205410567,-0.16359950628713,-0.29551362807447,-0.37210261836463,-0.25185081429813,-0.58550305056493,-0.54534086931492,-1.6799719684227004,True,True,True
631,3,10,2025-10-22,Prüfungsvorbereitung: ABI,1,kognition,1.919667488646,1,3.1988921097457,0.60010197961283,0.028359326892356,0.086449473354213,0.30337364378423,0.40429765756495,0.44207952411901,0.42504956153813,0.7722444198181999,True,True,True
632,3,10,2025-10-22,Prüfungsvorbereitung: ABI,1,regulation,-1.712806806005,-1,2.9653595495889,-0.20219386541625,-0.18069038041423,-0.29327587606756,-0.36969931156883,-0.2554656660155,-0.55216433394578,-0.57760315446769,-0.2335325601567999,True,True,True
633,3,10,2025-10-22,Prüfungsvorbereitung: ABI,1,performanz,1.908251777238,1,2.9201146689021,0.40790346033823,0.025206114320241,0.21220241072225,0.37614643107652,0.29412015978366,0.65348298227126,0.36456809048078,-0.045244880686800215,True,True,True
634,3,10,2025-10-22,Prüfungsvorbereitung: ABI,1,motivation,1.8934141982597,1,3.6130190037089,0.39519609169617,0.022142086298747,0.27097533602843,0.52405175721425,0.30923960994252,0.43341160873097,0.4602082199323,0.6929043348068,False,True,True
627,5,10,2025-10-23,Prüfungsvorbereitung: ABI,1,kognition,2.1474646536876,1,4.1684033499006,0.51517555324469,0.021235716399355,0.17812047079192,0.32411661689531,0.4551826878565,0.51140647421908,0.35865310683844,0.5553843461916999,False,True,True
628,5,10,2025-10-23,Prüfungsvorbereitung: ABI,1,kognition,1.8208837623008,1,3.6125069904342,0.50404849779874,0.43192844835675,0.076419758998382,0.38342669887468,0.31191938287969,0.4139357652498,0.37131503999192,-0.5558963594663995,False,False,True
629,5,10,2025-10-23,Prüfungsvorbereitung: ABI,1,kognition,2.1505372732166,1,4.3283338502937,0.49684991479378,0.19556553202493,0.097634066164462,0.37783550029107,0.47902945724462,0.4207157962921,0.39512856874667,0.7158268598594999,False,False,True
630,5,10,2025-10-23,Prüfungsvorbereitung: ABI,1,kognition,2.2009129520582,1,3.5655874874173,0.61726343476093,0.037799812012656,0.18382639127447,0.28178965695487,0.46623570321268,0.46595771324522,0.26431334205833,-0.7627463628764,False,False,True
623,3,10,2025-10-29,Prüfungsvorbereitung: ABI,1,kognition,1.919667488646,1,3.1988921097457,0.60010197961283,0.028359326892356,0.086449473354213,0.30337364378423,0.40429765756495,0.44207952411901,0.42504956153813,-0.3666953776716002,False,False,True
624,3,10,2025-10-29,Prüfungsvorbereitung: ABI,1,performanz,1.5787926947118,1,2.9265661869219,0.28659557915233,0.27164848930045,0.25579104837216,0.52197291599618,0.21390104467077,0.53946748482647,0.41158186160399,-0.27232592282379997,False,True,True
625,3,10,2025-10-29,Prüfungsvorbereitung: ABI,1,kognition,1.2619853833356,1,2.3594049822262,0.53487215807404,0.36236910510842,0.40841274818458,0.47035815064018,0.2806028766289,0.31984351964641,0.11625968920913,-0.5671612046957,False,True,True
626,3,10,2025-10-29,Prüfungsvorbereitung: ABI,1,kognition,1.8941985677148,1,3.5717878102127,0.5303207707611,0.0025796929428273,0.21368847062502,0.26998418773395,0.48896612273076,0.52657343227264,0.289527119649,1.2123828279865,False,False,True
618,5,10,2025-10-30,Prüfungsvorbereitung: ABI,1,performanz,2.1625397852702,1,4.5039203437359,0.43533203634603,0.17064144437225,0.24094742665989,0.42185314901355,0.37315321830169,0.48014503338796,0.41900448192064,0.9321325335232,False,True,True
619,5,10,2025-10-30,Prüfungsvorbereitung: ABI,1,kognition,2.1771334646017,1,3.8848123394548,0.56042034213261,0.034015755895922,0.12981774813661,0.3233339081433,0.47871788840694,0.45713074460057,0.35387854133091,-0.6191080042811001,False,True,True
620,5,10,2025-10-30,Prüfungsvorbereitung: ABI,1,motivation,2.0519663720169,1,4.2418067613595,0.35687517920945,0.29880068688514,0.34641805694199,0.4837470563814,0.35222911961893,0.45040191257754,0.32001503204027,0.3569944219047003,False,True,True
621,5,10,2025-10-30,Prüfungsvorbereitung: ABI,1,regulation,2.379207549172,1,4.6241622028906,0.44257607294418,0.14236324023998,0.13618855689336,0.39978706969418,0.37438959006296,0.44786624618177,0.51451534345645,0.3823554415311001,False,True,True
622,5,10,2025-10-30,Prüfungsvorbereitung: ABI,1,performanz,1.7623605672214,1,3.1844962872024,0.35830210771604,0.21987884155731,0.30560875784078,0.47619592143151,0.25159370964146,0.55341720451418,0.36542762457524,-1.4396659156882006,False,True,True
614,3,10,2025-11-05,Prüfungsvorbereitung: ABI,1,kognition,2.0758103279544,1,4.4037939267681,0.47136756369572,0.19326863389136,0.25936949549562,0.3896542953049,0.38321455826266,0.44758563467458,0.41733201464963,1.2192976395657,False,True,True
615,3,10,2025-11-05,Prüfungsvorbereitung: ABI,1,motivation,1.4042967874521,1,3.0085095799186,0.38993465082541,0.34466190214189,0.012694469744958,0.46677335817442,0.36212941365278,0.42615739411276,0.44538313761049,-1.3952843468495,False,True,True
616,3,10,2025-11-05,Prüfungsvorbereitung: ABI,1,motivation,1.8282533754185,1,3.5141486703425,0.38999155322217,0.42684469903398,0.26587937625879,0.52025350785892,0.25587316251426,0.38566410609745,0.33187507722202,0.5056390904238999,False,False,True
617,3,10,2025-11-05,Prüfungsvorbereitung: ABI,1,kognition,1.7810481523429,1,3.4485985759833,0.51645413305136,0.19987339821091,0.26136553149895,0.38073011467188,0.4730752660784,0.39683639254655,0.31428213854986,-0.06555009435919956,False,True,True
609,5,10,2025-11-06,Prüfungsvorbereitung: ABI,1,regulation,1.7810357015046,1,3.5846603474751,0.44499407838611,0.049847783190915,0.036900952175072,0.39802316963037,0.42437609028194,0.46125148062342,0.49684783504823,0.1360617714918,False,True,True
610,5,10,2025-11-06,Prüfungsvorbereitung: ABI,1,regulation,-1.712806806005,-1,2.9653595495889,-0.20219386541625,-0.18069038041423,-0.29327587606756,-0.36969931156883,-0.2554656660155,-0.55216433394578,-0.57760315446769,-0.6193007978862002,True,False,True
611,5,10,2025-11-06,Prüfungsvorbereitung: ABI,1,kognition,2.0547452775328,1,3.3898059952498,0.60615245205409,0.027585848067339,0.12662238019108,0.28728690344414,0.48514575550766,0.4435524343495,0.31802541986203,0.42444644566089984,True,True,True
612,5,10,2025-11-06,Prüfungsvorbereitung: ABI,1,kognition,1.8354146104148,1,3.4502216753528,0.5319685120064,0.029753252288982,0.24844271893018,0.39231877151853,0.43583042405199,0.39405584060302,0.39402091618366,0.060415680103000025,False,False,True
613,5,10,2025-11-06,Prüfungsvorbereitung: ABI,1,kognition,1.6983290877114,1,3.1029026024035,0.54733384575381,0.32087660148077,0.40553359103825,0.40361836664247,0.35652164517353,0.36221028318406,0.10857334062683,-0.3473190729493001,False,False,True
1159,3,10,2025-11-12,Prüfungsvorbereitung: ABI,1,performanz,1.7503923860708,1,3.2500733602901,0.38839016543615,0.042134255804933,0.11434696884422,0.40387347344296,0.423619496146,0.53856845872242,0.44908034483934,0.14717075788660017,False,True,True
1160,3,10,2025-11-12,Prüfungsvorbereitung: ABI,1,kognition,2.5726698491549,1,4.9706070017029,0.51757555415626,0.032610383914937,0.19331883115144,0.36955472910845,0.42609468091285,0.45090795231749,0.41500669646393,1.7205336414128003,False,True,True
1161,3,10,2025-11-12,Prüfungsvorbereitung: ABI,1,methodik,2.2962596473645,1,4.4380581662096,0.3593724028549,0.069620425540466,0.042296720632479,0.41380931436907,0.5174007161151,0.4223056357531,0.49691775344976,-0.5325488354933006,False,True,True
1162,3,10,2025-11-12,Prüfungsvorbereitung: ABI,1,kognition,2.5899266221521,1,3.9616281763079,0.65375142981024,0.020188937491774,0.17795902621968,0.21551271160253,0.48286309892829,0.42735618451169,0.27980565003485,-0.4764299899016997,False,True,True
1163,3,10,2025-11-12,Prüfungsvorbereitung: ABI,1,regulation,2.3390090902284,1,4.8932122880463,0.43253018094017,0.064933084152035,0.1075676768433,0.41294329007103,0.41188517043786,0.47797630582203,0.47800998044631,0.9315841117383998,False,True,True
1155,5,10,2025-11-13,Prüfungsvorbereitung: ABI,1,kognition,2.1740412824802,1,3.5213129836393,0.61739331852865,0.0,0.30075818626489,0.29661220180336,0.44033243717446,0.45440135012021,0.20003070633707,-1.371899304407,False,True,True
1156,5,10,2025-11-13,Prüfungsvorbereitung: ABI,1,kognition,2.1974997096348,1,4.0732908759393,0.53948867922213,0.2106865192039,0.34404772768952,0.30230585224852,0.42104245454618,0.41144436371381,0.32899447625457,0.5519778923,False,False,True
1157,5,10,2025-11-13,Prüfungsvorbereitung: ABI,1,performanz,2.0560234558756,1,3.7592794149567,0.38312516016929,0.20106786940037,0.30305502307402,0.46025162147509,0.32355873327168,0.54691810843174,0.32449642541173,-0.3140114609825999,False,True,True
1158,5,10,2025-11-13,Prüfungsvorbereitung: ABI,1,regulation,1.7816850647611,1,3.7945306446695,0.383394548246,0.288480981131,-0.019772135789809,0.45100262381218,0.4258566687896,0.40517518881483,0.46953906456739,0.035251229712800036,False,True,True
1150,5,10,2025-11-20,Prüfungsvorbereitung: ABI,1,regulation,1.7810357015046,1,3.5846603474751,0.44499407838611,0.049847783190915,0.036900952175072,0.39802316963037,0.42437609028194,0.46125148062342,0.49684783504823,-0.20987029719439976,False,False,True
1151,5,10,2025-11-20,Prüfungsvorbereitung: ABI,1,regulation,-1.712806806005,-1,2.9653595495889,-0.20219386541625,-0.18069038041423,-0.29327587606756,-0.36969931156883,-0.2554656660155,-0.55216433394578,-0.57760315446769,-0.6193007978862002,True,False,True
1152,5,10,2025-11-20,Prüfungsvorbereitung: ABI,1,kognition,2.0547452775328,1,3.3898059952498,0.60615245205409,0.027585848067339,0.12662238019108,0.28728690344414,0.48514575550766,0.4435524343495,0.31802541986203,0.42444644566089984,True,True,True
1153,5,10,2025-11-20,Prüfungsvorbereitung: ABI,1,regulation,1.9611829425497,1,4.1066196583502,0.45479888547485,0.19603031562825,0.22223033496086,0.40278440644117,0.38328801363239,0.41003110509019,0.47756508516951,0.7168136631004005,False,True,True
1154,5,10,2025-11-20,Prüfungsvorbereitung: ABI,1,performanz,1.8490362237485,1,3.7094848636328,0.4447525791376,0.057996141719878,0.17100853369173,0.35040530339462,0.42589653003669,0.49846038118992,0.46577655391603,-0.3971347947174002,False,True,True
1145,3,10,2025-11-26,Prüfungsvorbereitung: ABI,1,kognition,1.9138365334644,1,3.2342344427424,0.59174146152093,0.038405650800278,0.099214849723068,0.31748586916428,0.39987967905516,0.44424680314885,0.42480704035474,-0.47525042089040026,False,True,True
1146,3,10,2025-11-26,Prüfungsvorbereitung: ABI,1,kognition,2.1974997096348,1,4.0732908759393,0.53948867922213,0.2106865192039,0.34404772768952,0.30230585224852,0.42104245454618,0.41144436371381,0.32899447625457,0.8390564331968999,False,False,True
1147,3,10,2025-11-26,Prüfungsvorbereitung: ABI,1,kognition,1.7585656060637,1,2.671823563607,0.65818680849628,0.0,0.26073210457446,0.16393236688317,0.43710418257843,0.52031824382461,0.10067992395336,-1.4014673123322998,False,False,True
1148,3,10,2025-11-26,Prüfungsvorbereitung: ABI,1,regulation,2.0503520248393,1,3.788560861412,0.42305072816494,0.13650512716474,0.12174394568873,0.41804397309032,0.35861843602135,0.43738840144154,0.5411940543921,1.1167372978049999,False,True,True
1149,3,10,2025-11-26,Prüfungsvorbereitung: ABI,1,kognition,2.2751927109199,1,4.6187407804724,0.49259915051904,0.06617466978162,0.10089909085174,0.40721592465201,0.40255416401525,0.45714548989189,0.45379000660803,0.8301799190604005,False,True,True
1141,5,10,2025-11-27,Prüfungsvorbereitung: ABI,1,performanz,1.5787926947118,1,2.9265661869219,0.28659557915233,0.27164848930045,0.25579104837216,0.52197291599618,0.21390104467077,0.53946748482647,0.41158186160399,-1.6921745935505004,False,True,True
1142,5,10,2025-11-27,Prüfungsvorbereitung: ABI,1,motivation,1.771051310269,1,3.6940393184514,0.33295123459106,0.40703321573119,0.42321656646657,0.47943358563807,0.25647040025774,0.3617915443085,0.34325356467084,0.7674731315295,False,True,True
1143,5,10,2025-11-27,Prüfungsvorbereitung: ABI,1,regulation,2.1344317847662,1,4.481156302435,0.40371361538017,0.064633890320716,0.047700300764011,0.4285054849903,0.46642639801848,0.45001628533605,0.4763116654712,0.7871169839836001,False,True,True
1144,5,10,2025-11-27,Prüfungsvorbereitung: ABI,1,performanz,1.9577799980576,1,3.7807537621279,0.51042066750317,0.03083949094383,0.14821465789205,0.36597314714407,0.37761274092899,0.5178265877569,0.41457772698257,-0.7004025403070999,False,True,True
1137,3,10,2025-12-03,Prüfungsvorbereitung: ABI,1,kognition,2.1928329711058,1,3.9028243912711,0.56185652560873,0.035514064351567,0.10716096158394,0.3336892807476,0.43935402011948,0.47241530936597,0.37948739649417,0.12207062914319966,False,True,True
1138,3,10,2025-12-03,Prüfungsvorbereitung: ABI,1,kognition,2.4094215925566,1,4.2594688496216,0.56566112372425,0.15795064898133,0.28567285882329,0.30089662149189,0.44599474773836,0.43175599614785,0.31241330937636,0.35664445835049996,False,False,True
1139,3,10,2025-12-03,Prüfungsvorbereitung: ABI,1,motivation,1.4042967874521,1,3.0085095799186,0.38993465082541,0.34466190214189,0.012694469744958,0.46677335817442,0.36212941365278,0.42615739411276,0.44538313761049,-1.2509592697029999,False,True,True
1140,3,10,2025-12-03,Prüfungsvorbereitung: ABI,1,performanz,1.9111802555909,1,3.117768540124,0.43972064620846,0.013917339892429,0.2372152704984,0.34251535550551,0.34082601478504,0.6129942300247,0.37541110055815,0.10925896020540016,False,True,True
1132,5,10,2025-12-04,Differenzialrechnung: Üb,1,kognition,1.919667488646,1,3.1988921097457,0.60010197961283,0.028359326892356,0.086449473354213,0.30337364378423,0.40429765756495,0.44207952411901,0.42504956153813,0.08112356962169986,False,True,True
1133,5,10,2025-12-04,Differenzialrechnung: Üb,1,performanz,2.0715157223391,1,3.3551913013862,0.47299892341827,0.0,0.14928777892357,0.33177086180414,0.35211902286076,0.61740430342682,0.37246668539786,0.1562991916405001,False,True,True
1134,5,10,2025-12-04,Differenzialrechnung: Üb,1,kognition,2.4427137214532,1,4.7245662545224,0.51702281640921,0.0716425600792,0.12221998272692,0.39657422898699,0.39719402606343,0.45360297474682,0.43797593701499,1.3693749531361998,False,True,True
1135,5,10,2025-12-04,Differenzialrechnung: Üb,1,regulation,1.6141858635768,1,3.0338214008121,0.3545374139055,0.18922810367324,0.30090884868708,0.32942936709638,0.33229989732186,0.49588961171492,0.53206182227026,-1.6907448537102998,False,True,True
1136,5,10,2025-12-04,Differenzialrechnung: Üb,1,regulation,2.2605508511552,1,4.8393555759552,0.4201168151402,0.17088921990843,0.17749271054765,0.43435379947474,0.40323593862918,0.43969310456536,0.46711719039928,1.8055341751431002,False,False,True
1127,3,10,2025-12-10,Prüfungsvorbereitung: ABI,1,performanz,1.9531896505829,1,3.2870701844949,0.41466224445206,0.031405075980467,0.13079068691856,0.40962322696175,0.34539700132505,0.59420200936871,0.41205624797762,-1.5522853914603,False,True,True
1128,3,10,2025-12-10,Prüfungsvorbereitung: ABI,1,kognition,2.0758103279544,1,4.4037939267681,0.47136756369572,0.19326863389136,0.25936949549562,0.3896542953049,0.38321455826266,0.44758563467458,0.41733201464963,1.1167237422731997,False,True,True
1129,3,10,2025-12-10,Prüfungsvorbereitung: ABI,1,performanz,1.852974407335,1,3.5644284781675,0.35515845646034,0.13454313858654,0.20570055737495,0.42417701379472,0.33869124586579,0.51985029863319,0.49855797289642,-0.8393654486005997,False,True,True
1130,3,10,2025-12-10,Prüfungsvorbereitung: ABI,1,kognition,2.1720549921293,1,3.8472014927472,0.56457904542656,0.1000309248733,0.15572567578618,0.29054473212249,0.43221490104662,0.37690681439902,0.4834293351465,0.28277301457969983,False,True,True
1131,3,10,2025-12-10,Prüfungsvorbereitung: ABI,1,performanz,2.070230043039,1,3.7913177909615,0.40066003049603,0.14518123583831,0.31037324191651,0.39449229918019,0.33468306175801,0.54604353861843,0.39529312190918,-0.0558837017856999,False,True,True
1122,5,10,2025-12-11,Prüfungsvorbereitung: ABI,1,kognition,1.9342871926371,1,3.1073267084519,0.62249037491684,0.0,0.11492455442266,0.23104024420111,0.44023969477505,0.50017229306716,0.31926280320256,-0.6839910825096003,False,True,True
1123,5,10,2025-12-11,Prüfungsvorbereitung: ABI,1,regulation,2.1744905952745,1,4.075018922106,0.4344546344404,0.18696303660019,0.21846400670365,0.32405787520793,0.38522422652566,0.43635758921348,0.53361353669871,0.9676922136540997,False,True,True
1124,5,10,2025-12-11,Prüfungsvorbereitung: ABI,1,motivation,1.6,1,3.6556501828789,0.39767436486093,0.34795356689808,0.42070691469694,0.4376774426391,0.33972525503894,0.33474554401753,0.35320569620975,-0.4193687392270995,False,True,True
1125,5,10,2025-12-11,Prüfungsvorbereitung: ABI,1,motivation,2.0818792519938,1,4.2766590717479,0.33209301290047,0.37841837691444,0.38256831241431,0.48679923956401,0.28414573900136,0.39297120036295,0.35778751746519,0.6210088888689995,False,False,True
1126,5,10,2025-12-11,Prüfungsvorbereitung: ABI,1,kognition,2.1720549921293,1,3.8472014927472,0.56457904542656,0.1000309248733,0.15572567578618,0.29054473212249,0.43221490104662,0.37690681439902,0.4834293351465,-0.4294575790006996,False,True,True
1118,5,10,2026-01-08,Weitere Themen: ABI Vorbereitung - Aufgaben von Herr Thiele,23,performanz,2.034911587693,1,4.2375936204146,0.44755458964527,0.18471160900953,0.27647585423301,0.40997226864095,0.37266138334302,0.48020338143233,0.38933769139254,0.39039212766740006,False,True,True
1119,5,10,2026-01-08,Weitere Themen: ABI Vorbereitung - Aufgaben von Herr Thiele,23,regulation,1.5887506947218,1,2.5500239990253,0.30106002388061,0.15568419877999,0.13842952687491,0.37101936000202,0.30931179423061,0.49442664870243,0.62303118128191,-1.6875696213893,False,True,True
1120,5,10,2026-01-08,Weitere Themen: ABI Vorbereitung - Aufgaben von Herr Thiele,23,motivation,1.5369106333891,1,3.0257381219646,0.43790454460234,0.050987706223324,0.2277099374948,0.50794400969211,0.29084563611002,0.45239383196929,0.45444797044548,0.4757141229392996,False,True,True
1121,5,10,2026-01-08,Weitere Themen: ABI Vorbereitung - Aufgaben von Herr Thiele,23,regulation,1.6593102589405,1,3.445161991689,0.35697457681494,0.30867452774446,-0.051124322883014,0.44905706607895,0.45666641004076,0.36400878395462,0.48163350420338,0.41942386972440016,False,True,True
1114,3,10,2026-01-14,Weitere Themen: Vorbereitung ABI,23,kognition,1.919667488646,1,3.1988921097457,0.60010197961283,0.028359326892356,0.086449473354213,0.30337364378423,0.40429765756495,0.44207952411901,0.42504956153813,-0.24626988194330002,False,True,True
1115,3,10,2026-01-14,Weitere Themen: Vorbereitung ABI,23,performanz,1.8146533005108,1,2.9011619883243,0.48967516717457,0.0,0.17265110518826,0.31720137154232,0.35619597135299,0.62548973580807,0.33417546746929,-0.2977301214214001,False,True,True
1116,3,10,2026-01-14,Weitere Themen: Vorbereitung ABI,23,regulation,2.2148166874228,1,4.3093800800185,0.40373138078784,0.25987825762376,0.10320541471071,0.43241760359741,0.38661493539129,0.39775145632727,0.51395131243569,1.4082180916942004,False,True,True
1117,3,10,2026-01-14,Weitere Themen: Vorbereitung ABI,23,kognition,2.2688988134381,1,4.362368859302,0.52010586118627,0.19744656419101,0.27327195712571,0.37284289932841,0.46304826268623,0.41077008263379,0.30604741185795,0.05298877928349999,False,True,True
1109,3,10,2026-01-21,Weitere Themen: ABI vorbereitung,23,kognition,1.8124059963247,1,2.7008782028216,0.67104073187158,0.0,0.13221920340388,0.18986342323182,0.46057081054162,0.46390437256253,0.26236264134944,-1.6614906564804004,False,False,True
1110,3,10,2026-01-21,Weitere Themen: ABI vorbereitung,23,kognition,2.0772518399554,1,3.5046583852388,0.59270995472911,0.037629046859325,0.10166548436159,0.31605277833603,0.40263592842087,0.44426987951362,0.42137466894537,0.8037801824172002,False,False,True
1111,3,10,2026-01-21,Weitere Themen: ABI vorbereitung,23,kognition,2.0635169573234,1,3.5459767256588,0.5819302543892,0.025556217949941,0.16336965941252,0.27651007972838,0.44722713027514,0.40033995329892,0.44414723291951,0.041318340420000155,False,False,True
1112,3,10,2026-01-21,Weitere Themen: ABI vorbereitung,23,motivation,1.5369106333891,1,3.0257381219646,0.43790454460234,0.050987706223324,0.2277099374948,0.50794400969211,0.29084563611002,0.45239383196929,0.45444797044548,-0.5202386036942004,False,True,True
1113,3,10,2026-01-21,Weitere Themen: ABI vorbereitung,23,kognition,1.4328351876114,1,1.7651284248868,0.81174097589727,0.03503427832638,0.20186096141735,0.048695442815562,0.52473018072417,0.13219765793973,0.062456221824181,-1.2606096970777998,False,True,True
1104,5,10,2026-01-22,Weitere Themen: ABI Vorbereitung,23,performanz,1.0,1,1.6103819422733,0.37754784039823,0.0,0.0,0.36264463617198,0.29868505136768,0.62096684276024,0.50112024210752,-0.1547464826135001,False,True,True
1105,5,10,2026-01-22,Weitere Themen: ABI Vorbereitung,23,kognition,2.3459293201978,1,3.9453024964552,0.59461178862399,0.17052830396184,0.30842106960146,0.27913815177287,0.45862360065479,0.4018311838535,0.26926989756156,2.3349205541819,False,True,True
1106,5,10,2026-01-22,Weitere Themen: ABI Vorbereitung,23,performanz,-1.4208154801294,-1,2.4266476899275,-0.20928205410567,-0.16359950628713,-0.29551362807447,-0.37210261836463,-0.25185081429813,-0.58550305056493,-0.54534086931492,-1.5186548065277,True,True,True
1107,5,10,2026-01-22,Weitere Themen: ABI Vorbereitung,23,motivation,1.3731526696862,1,2.5027427502368,0.32393594064879,0.33971266398016,0.33330308238438,0.54865694166406,0.21347094334422,0.42808596573203,0.37243791298749,0.0760950603092998,True,True,True
1108,5,10,2026-01-22,Weitere Themen: ABI Vorbereitung,23,kognition,1.7468429863796,1,4.0578127668032,0.43048774842273,0.28241639133245,0.31314652429469,0.41780346808517,0.36786569284546,0.40358753700582,0.40507752344252,1.5550700165664,False,True,True
2935,3,10,2026-01-28,Prüfungsvorbereitung: ABI Aufgaben,23,performanz,2.1524916087874,1,3.7834187822736,0.43529939562806,0.035551443866491,0.119184436252,0.4104201615304,0.35006848278279,0.56892616001453,0.42470070376623,-0.27439398452959995,False,True,True
2936,3,10,2026-01-28,Prüfungsvorbereitung: ABI Aufgaben,23,regulation,2.0584483248078,1,3.7903140793782,0.43782915236789,0.20100650117379,0.23487362217918,0.31187955950307,0.38918849396145,0.41116778334824,0.54307976882693,0.006895297104600129,False,True,True
2937,3,10,2026-01-28,Prüfungsvorbereitung: ABI Aufgaben,23,kognition,2.1924851933349,1,4.1237246674791,0.53167465177268,0.043815676360963,0.10727253755029,0.34110917171388,0.48275403593977,0.44641375703799,0.39395156450003,0.33341058810089974,False,True,True
2938,3,10,2026-01-28,Prüfungsvorbereitung: ABI Aufgaben,23,regulation,2.5507887745069,1,5.0551648723269,0.38568540563395,0.14372256099515,0.13504874488232,0.41636045227922,0.45091607348817,0.42550729255688,0.50458962131469,0.9314402048478003,False,True,True
2939,3,10,2026-01-28,Prüfungsvorbereitung: ABI Aufgaben,23,kognition,1.9456574808789,1,3.7466053594377,0.51931070959227,0.05153438433853,0.11548013475006,0.33418177163828,0.47010747702158,0.43398948012493,0.43965239583273,-1.3085595128892002,False,True,True
2930,5,10,2026-01-29,Prüfungsvorbereitung: Abi aufgaben,23,regulation,-2.5959206681961,-1,4.9994922176415,-0.44712753209035,-0.036384085454313,-0.026747649730504,-0.37995063527886,-0.40111363555312,-0.47241216471738,-0.51923582692613,1.2528868582038006,True,True,True
2931,5,10,2026-01-29,Prüfungsvorbereitung: Abi aufgaben,23,regulation,1.5887506947218,1,2.5500239990253,0.30106002388061,0.15568419877999,0.13842952687491,0.37101936000202,0.30931179423061,0.49442664870243,0.62303118128191,-2.4494682186162002,True,False,True
2932,5,10,2026-01-29,Prüfungsvorbereitung: Abi aufgaben,23,regulation,1.7816850647611,1,3.7945306446695,0.383394548246,0.288480981131,-0.019772135789809,0.45100262381218,0.4258566687896,0.40517518881483,0.46953906456739,1.2445066456441998,False,False,True
2933,5,10,2026-01-29,Prüfungsvorbereitung: Abi aufgaben,23,performanz,2.0210934208702,1,3.8370595765555,0.38269704431487,0.26768682313805,0.17166888487344,0.43711531562113,0.35754246636842,0.52672837449158,0.39504698929506,0.04252893188599982,False,True,True
2934,5,10,2026-01-29,Prüfungsvorbereitung: Abi aufgaben,23,performanz,1.9064074525368,1,3.2130577432452,0.40734221030812,0.10932298363424,0.31214687444208,0.33282460089911,0.33426159741231,0.59332936771864,0.38747405602153,-0.6240018333102997,False,False,True
975,7,11,2024-10-25,Mathematik: Brüche,8,motivation,2.1630411928725,1,3.8026950158037,0.22049545955794,0.28858107535127,0.33972487441318,0.56881645667573,0.31220275959035,0.41027992322792,0.40414369434204,,False,False,True
974,3,11,2025-01-08,Koordinatensystem:,14,performanz,1.8907913490703,1,3.6666188113702,0.40010272270203,0.10391890839514,0.32815256508353,0.44440179534864,0.30483284618019,0.51567569185268,0.40631474525547,-0.1360762044335,False,True,True
973,3,11,2025-01-15,Zuordnungen:,14,motivation,2.4467691719205,1,5.6219840783918,0.35790242754263,0.25324581597129,0.35229654816458,0.43521375828635,0.35987938288441,0.42084755267266,0.43315025745398,1.9553652670216,False,True,True
972,7,11,2025-02-07,Koordinatensystem: lineare Abh. / Dreisatz,1,regulation,0.31802631376274,1,0.61575899987893,0.35513198825636,0.075047231912638,-0.49554284312758,0.19989307836172,0.4534835581553,-0.3321264651086,0.51647015979249,-5.00622507851287,False,True,True
971,7,11,2025-02-21,weitere Themen: GanzwertTA,1,motivation,1.0,1,1.5544150025009,0.2605465039152,0.0,0.34096209154335,0.64332470102519,0.23224021707009,0.40143461343972,0.43231419908893,0.93865600262197,False,True,True
969,7,11,2025-03-21,weitere Themen: Korrektur LK,1,regulation,0.941,1,1.8277877338466,0.49896111758532,0.043768519086431,0.038297454200628,0.39884063017511,0.39446377826646,0.40978275994671,0.51482720575415,0.27337273134569995,False,True,True
965,3,11,2025-08-27,Weitere Themen: JahrABI,1,kognition,1.7348832013882,1,3.586103254132,0.48377814041128,0.21624124958158,0.25466237068262,0.40759703466828,0.38794169160328,0.41830305549323,0.40339606808647,1.7583155202854,False,True,True
966,3,11,2025-08-27,Weitere Themen: JahrABI,1,kognition,2.1118789605959,1,3.9754603937968,0.53122744012662,0.022266357176725,0.15845702965771,0.31305095472288,0.4683200092299,0.49369494887372,0.36211699940813,0.3893571396648001,False,False,True
967,3,11,2025-08-27,Weitere Themen: JahrABI,1,kognition,2.1820491743331,1,4.4336617364237,0.49215397621954,0.1998670220788,0.11445072171214,0.39248883283008,0.46126862894737,0.42771883525212,0.39366803854352,0.4582013426268996,False,False,True
968,3,11,2025-08-27,Weitere Themen: JahrABI,1,motivation,1.4967807162732,1,3.0334590316781,0.40960998879063,0.27178769119693,0.29238363314321,0.4934221185852,0.341322519198,0.45002586477868,0.3322146862729,-1.4002027047455998,False,True,True
960,7,11,2025-08-29,Weitere Themen: VorbLK,1,performanz,1.0546278376074,1,2.0383290573272,0.42436159039773,0.070587328205849,0.083951372778933,0.46633964595264,0.35371936646566,0.5173956873447,0.44450947338743,-0.9951299743508999,False,True,True
961,7,11,2025-08-29,Weitere Themen: VorbLK,1,methodik,1.3071304723696,1,2.3428052989296,0.51447576205092,0.042683689169047,0.09160513239389,0.31116409404235,0.55793150786012,0.39453333050523,0.40165351508073,0.30447624160240006,False,True,True
962,7,11,2025-08-29,Weitere Themen: VorbLK,1,motivation,1.1120561318809,1,2.143214142819,0.40798100746037,0.017743924089354,0.20147339485859,0.51887066297143,0.28563167456092,0.45350028674155,0.48596405389779,-0.19959115611059985,False,True,True
963,7,11,2025-08-29,Weitere Themen: VorbLK,1,methodik,2.0534298272575,1,3.8995392280503,0.51572033646035,0.023111379596837,0.14713864022183,0.29720121974227,0.52658133214136,0.45873431996406,0.3684967432254,1.7563250852312997,False,True,True
964,7,11,2025-08-29,Weitere Themen: VorbLK,1,motivation,1.2623925324906,1,2.6261746889041,0.41358193012077,0.4120300862581,0.035560809429602,0.48069449868637,0.29942201539725,0.42667263452277,0.39387653764832,-1.2733645391461996,False,True,True
955,3,11,2025-09-03,Algebra: VorbLK/DezZ,1,kognition,1.7348832013882,1,3.586103254132,0.48377814041128,0.21624124958158,0.25466237068262,0.40759703466828,0.38794169160328,0.41830305549323,0.40339606808647,0.9599285652278997,False,True,True
956,3,11,2025-09-03,Algebra: VorbLK/DezZ,1,kognition,1.6662193362077,1,3.0045876008173,0.55455656882455,0.13213083838315,0.2111204192588,0.25222496970111,0.43296993128715,0.41757439605066,0.45274848720097,-0.5815156533147001,False,False,True
958,3,11,2025-09-03,Algebra: VorbLK/DezZ,1,kognition,1.8941985677148,1,3.5717878102127,0.5303207707611,0.0025796929428273,0.21368847062502,0.26998418773395,0.48896612273076,0.52657343227264,0.289527119649,2.4587552849057,False,False,True
959,3,11,2025-09-03,Algebra: VorbLK/DezZ,1,kognition,2.1820491743331,1,4.4336617364237,0.49215397621954,0.1998670220788,0.11445072171214,0.39248883283008,0.46126862894737,0.42771883525212,0.39366803854352,0.8618739262109996,False,False,True
951,7,11,2025-09-05,Dezimalzahlen: vorblk,1,kognition,2.2832192608297,1,3.6744837708226,0.62136974593878,0.027190698877438,0.14268191314304,0.2692631437537,0.4751857410169,0.4474561246316,0.30704335353319,-0.7591779656010997,False,False,True
952,7,11,2025-09-05,Dezimalzahlen: vorblk,1,motivation,1.376852504409,1,2.4862506965683,0.25215758794377,0.31975729701126,0.30109151145213,0.55378444678366,0.18303761876473,0.51110202343942,0.37696474323594,-1.1882330742543,False,True,True
953,7,11,2025-09-05,Dezimalzahlen: vorblk,1,kognition,1.476804441708,1,2.2750429610691,0.6491296980682,0.023747304322574,0.1296647252377,0.24731121215937,0.49460779137771,0.42484572162162,0.27377249411881,-0.21120773549920013,False,True,True
954,7,11,2025-09-05,Dezimalzahlen: vorblk,1,regulation,1.9603476546835,1,4.105530115666,0.40874243667907,0.052973024371062,0.031854050439072,0.42453459808445,0.46443239119492,0.45296988137695,0.47748836924115,1.8304871545969004,False,True,True
946,3,11,2025-09-10,Weitere Themen: VorbLK,1,kognition,1.9337706589825,1,3.566071840425,0.5422676050396,0.036960314653823,0.086908678366079,0.35172664771916,0.42484250428045,0.48238640067418,0.40015200260296,-0.5394582752410004,False,True,True
947,3,11,2025-09-10,Weitere Themen: VorbLK,1,kognition,2.0311230831007,1,3.8229300313861,0.5312987037268,0.20795513229951,0.31164531269073,0.34246928522452,0.41648835124838,0.41913366222758,0.33305785235829,0.2568581909611001,False,False,True
948,3,11,2025-09-10,Weitere Themen: VorbLK,1,motivation,1.1646065491769,1,2.3654242772316,0.32899178951382,0.42911044764118,0.0065736010195556,0.49234365139069,0.36822892694217,0.37707320345214,0.432894842167,-1.4575057541545,False,True,True
949,3,11,2025-09-10,Weitere Themen: VorbLK,1,performanz,2.260374675858,1,4.5339414150742,0.4388648454313,0.049012142319769,0.093902205182241,0.41400029487602,0.39896667426924,0.49854408857202,0.46589329515275,2.1685171378426005,False,True,True
950,3,11,2025-09-10,Weitere Themen: VorbLK,1,kognition,1.5952881354409,1,3.3002997303996,0.48337527861293,0.21561703878008,0.26496779853028,0.40634427469871,0.46243389864905,0.40165324601205,0.33069249779107,-1.2336416846746006,False,True,True
941,7,11,2025-09-12,Geometrie: KreisTangSehn,1,kognition,2.3310275582356,1,3.6813879930869,0.63319085918254,0.026149747064184,0.14669077169834,0.25844845876031,0.47775089783145,0.44131972317682,0.29505471879653,0.3810882626873,False,False,True
942,7,11,2025-09-12,Geometrie: KreisTangSehn,1,performanz,-1.7781209396438,-1,2.9238561433447,-0.25128913178248,-0.15374780174834,-0.28889999732454,-0.42599801146043,-0.2018020606664,-0.60814033627742,-0.48755747449881,-0.7575318497421999,True,True,True
943,7,11,2025-09-12,Geometrie: KreisTangSehn,1,kognition,2.1578157776495,1,4.3971375276988,0.49073081220424,0.060721922309847,0.069526878632361,0.41129175166939,0.38033388003918,0.45934695578322,0.47522962004667,1.4732813843541002,True,True,True
944,7,11,2025-09-12,Geometrie: KreisTangSehn,1,motivation,2.2556815328026,1,3.8951583485864,0.2391371841856,0.33938906522206,0.43956258028038,0.57909731517026,0.20940395236406,0.37115745117724,0.34270468881762,-0.5019791791124,False,True,True
945,7,11,2025-09-12,Geometrie: KreisTangSehn,1,kognition,1.5781787077165,1,3.1894406451554,0.494812079978,0.040859599288974,0.062449079861946,0.38402661474438,0.42341512107016,0.48963364934366,0.42788716300349,-0.705717703431,False,True,True
936,7,11,2025-09-19,Geometrie: Tang/Thales,1,performanz,0.91608656017512,1,1.5071006143225,0.14292479866915,0.019089968855412,-0.10224496962518,0.46647415268712,0.12229153288671,0.60784294893106,0.60556945605985,-1.6823400308329,False,True,True
937,7,11,2025-09-19,Geometrie: Tang/Thales,1,methodik,1.3071304723696,1,2.3428052989296,0.51447576205092,0.042683689169047,0.09160513239389,0.31116409404235,0.55793150786012,0.39453333050523,0.40165351508073,0.8357046846070999,False,True,True
938,7,11,2025-09-19,Geometrie: Tang/Thales,1,kognition,0.88114242044713,1,1.5052760208431,0.58536544433833,0.03587358100207,0.1082012486437,0.26151840550509,0.56386977692464,0.37953235863709,0.33757039722948,-0.8375292780865,False,True,True
939,7,11,2025-09-19,Geometrie: Tang/Thales,1,regulation,1.9411488061702,1,3.6709941375368,0.43631034728331,0.1180046765747,0.10514865737317,0.42125288148312,0.36060760730328,0.44446342445796,0.52877870289535,2.1657181166937,False,True,True
940,7,11,2025-09-19,Geometrie: Tang/Thales,1,motivation,1.7887542255783,1,3.6925617798486,0.37799176392,0.29900821245121,0.11519354329811,0.48441962193939,0.33975715054035,0.47906625432386,0.41813822966906,0.02156764231179986,False,True,True
931,3,11,2025-10-01,Geometrie: PerWSatz,1,kognition,1.7348832013882,1,3.586103254132,0.48377814041128,0.21624124958158,0.25466237068262,0.40759703466828,0.38794169160328,0.41830305549323,0.40339606808647,-0.10645852571659997,False,True,True
932,3,11,2025-10-01,Geometrie: PerWSatz,1,kognition,2.7431027601632,1,4.4247995695105,0.61993690735636,0.028768242753371,0.20958625007286,0.24606156155614,0.50280793819869,0.42502155926261,0.27733420685918,0.8386963153785003,False,False,True
933,3,11,2025-10-01,Geometrie: PerWSatz,1,motivation,1.2623925324906,1,2.6261746889041,0.41358193012077,0.4120300862581,0.035560809429602,0.48069449868637,0.29942201539725,0.42667263452277,0.39387653764832,-1.7986248806064,False,True,True
934,3,11,2025-10-01,Geometrie: PerWSatz,1,motivation,1.4967807162732,1,3.0334590316781,0.40960998879063,0.27178769119693,0.29238363314321,0.4934221185852,0.341322519198,0.45002586477868,0.3322146862729,0.4072843427739996,False,False,True
935,3,11,2025-10-01,Geometrie: PerWSatz,1,regulation,1.4279047558095,1,3.0240571504654,0.33940662801459,0.35165369924952,-0.028935370103071,0.47015906248171,0.44061701743393,0.34950231383445,0.47218024096779,-0.009401881212699692,False,True,True
927,3,11,2025-10-29,Algebra: Terme,1,kognition,2.0948512713766,1,3.7884548804964,0.55295517774528,0.034880927385185,0.1206814926599,0.33155772300408,0.47446783761412,0.46013366953007,0.36287924164045,0.7643977300309999,False,True,True
928,3,11,2025-10-29,Algebra: Terme,1,motivation,1.7887542255783,1,3.6925617798486,0.37799176392,0.29900821245121,0.11519354329811,0.48441962193939,0.33975715054035,0.47906625432386,0.41813822966906,-0.0958931006478001,False,True,True
929,3,11,2025-10-29,Algebra: Terme,1,regulation,0.585,1,0.78184916245079,0.1518879687075,0.29704198806344,0.26412045790024,0.32771886844279,0.27010619065719,0.28058122298184,0.74821659461824,-2.91071261739781,False,True,True
930,3,11,2025-10-29,Algebra: Terme,1,kognition,0.96842326368774,1,1.5461466113003,0.62634228422261,0.0,0.26055374335585,0.19263249131633,0.40112083755255,0.57253172951533,0.1183062560824,0.76429744884951,False,True,True
923,3,11,2025-11-05,Grundrechenarten: ratZ,1,kognition,2.1118789605959,1,3.9754603937968,0.53122744012662,0.022266357176725,0.15845702965771,0.31305095472288,0.4683200092299,0.49369494887372,0.36211699940813,1.747347448312,False,False,True
924,3,11,2025-11-05,Grundrechenarten: ratZ,1,kognition,1.6773866972735,1,3.1560062704863,0.53148860890222,-0.10413465233724,0.10965864089867,0.28633042712269,0.45612604479799,0.40500201161164,0.49049135214022,-0.8194541233104999,False,False,True
925,3,11,2025-11-05,Grundrechenarten: ratZ,1,kognition,2.1046227351488,1,3.4246644235568,0.6145468079161,0.29199855995695,0.15229173432608,0.29199855995695,0.49927156175311,0.35186311417586,0.23564283788526,0.2686581530704997,False,False,True
926,3,11,2025-11-05,Grundrechenarten: ratZ,1,kognition,2.0200886874742,1,3.6862887062023,0.54799918521941,0.049647831311821,0.095812291045437,0.35117805480328,0.39097030893601,0.45115770102989,0.45642029468141,0.2616242826455002,False,False,True
918,7,11,2025-11-07,Grundrechenarten: ratZ,1,kognition,2.0164952679339,1,3.535433115609,0.57036563791144,0.033016511423778,0.12199100767119,0.31734595650186,0.47925212650319,0.45533452674429,0.3478288343536,-0.1508555905933,False,False,True
919,7,11,2025-11-07,Grundrechenarten: ratZ,1,kognition,2.2069589158005,1,3.916840808544,0.5634523814352,0.076723644298226,0.31177537024684,0.31845471584113,0.42787289584912,0.43423975906972,0.32614892186079,0.3814076929349999,False,False,True
920,7,11,2025-11-07,Grundrechenarten: ratZ,1,kognition,1.9788076577981,1,3.9084723722527,0.50628542470759,0.047586876996102,0.076347252476498,0.38277239334217,0.41463234038027,0.45983069878252,0.45353895477639,-0.008368436291299908,False,False,True
1737,7,11,2025-11-14,Grundrechenarten: ratZ,1,kognition,2.2150745427188,1,4.219811570406,0.52492137540917,0.046539524378753,0.075483868838256,0.37324671046528,0.37467537002425,0.46781873578072,0.46694749062356,1.7579506106063998,False,False,True
1738,7,11,2025-11-14,Grundrechenarten: ratZ,1,kognition,2.0948512713766,1,3.7884548804964,0.55295517774528,0.034880927385185,0.1206814926599,0.33155772300408,0.47446783761412,0.46013366953007,0.36287924164045,-0.43135668990959974,False,False,True
1739,7,11,2025-11-14,Grundrechenarten: ratZ,1,kognition,1.4715099253264,1,3.1717247047363,0.46394483218568,0.33176316725944,0.067088640787702,0.43557636860106,0.3965925899591,0.40496890721905,0.39895981128356,-0.6167301757600998,False,False,True
1740,7,11,2025-11-14,Grundrechenarten: ratZ,1,kognition,1.7575648543691,1,2.8941916929599,0.60727103388972,0.028928445867643,0.10674965943156,0.29884034758578,0.44607402462506,0.44638581037106,0.36253931618783,-0.27753301177640033,False,False,True
1741,7,11,2025-11-14,Grundrechenarten: ratZ,1,regulation,2.0107729389583,1,4.1826548987587,0.42262531457781,0.16192150458247,0.16866783506966,0.43524035966832,0.39405455354042,0.43691172839776,0.48073966899788,1.2884632057988,False,True,True
1732,3,11,2025-11-26,Grundrechenarten: ratRat,1,kognition,2.4535826683356,1,4.2363572870877,0.57917137539373,0.037754160435361,0.10712831256553,0.31365049704185,0.4669931154683,0.44354444272148,0.37210625910124,0.05370238832900043,False,True,True
1733,3,11,2025-11-26,Grundrechenarten: ratRat,1,motivation,1.376852504409,1,2.4862506965683,0.25215758794377,0.31975729701126,0.30109151145213,0.55378444678366,0.18303761876473,0.51110202343942,0.37696474323594,-1.7501065905194002,False,True,True
1734,3,11,2025-11-26,Grundrechenarten: ratRat,1,kognition,1.9207934795839,1,2.581090336861,0.74417621514084,0.017341980457166,0.11337281487846,0.15558292653975,0.47161091587224,0.34856207029875,0.25479688559567,0.09483964029270009,False,True,True
1735,3,11,2025-11-26,Grundrechenarten: ratRat,1,regulation,1.539769585776,1,2.8957199704337,0.47088581038576,0.15755269598282,0.14777939986544,0.33022333356776,0.43475917646087,0.38831659764443,0.5317379733254,0.31462963357270013,False,True,True
1736,3,11,2025-11-26,Grundrechenarten: ratRat,1,motivation,1.5116396645841,1,3.3246328476177,0.3977023216679,0.31262395917185,0.33641697348765,0.45467730937394,0.3353124678607,0.40522116227552,0.38411799052906,0.4289128771839996,False,True,True
1728,7,11,2025-11-28,Algebra: Terme,1,regulation,1.8743802397078,1,3.9112024651601,0.45233940182607,0.066292010281111,0.0696991169281,0.39598961153305,0.45694395266147,0.43687754544342,0.47923252863511,0.5865696175424002,False,True,True
1729,7,11,2025-11-28,Algebra: Terme,1,kognition,2.011929137674,1,4.1616133039273,0.48344816210909,0.20080164681871,0.27099058310345,0.38581826094179,0.38712272450863,0.43259694091758,0.4082352552731,0.25041083876720016,False,True,True
1730,7,11,2025-11-28,Algebra: Terme,1,motivation,1.1120561318809,1,2.143214142819,0.40798100746037,0.017743924089354,0.20147339485859,0.51887066297143,0.28563167456092,0.45350028674155,0.48596405389779,-2.0183991611083,False,True,True
1731,7,11,2025-11-28,Algebra: Terme,1,performanz,1.6514653847318,1,3.1819690767104,0.46303540907394,0.052306337430451,0.18165981882267,0.37481530099105,0.44958792227474,0.51900573351321,0.37131243005745,1.0387549338913997,False,True,True
1723,3,11,2025-12-03,Zahlen darstellen: ratZ,1,kognition,2.5295856191585,1,3.8675391175028,0.65405390915676,0.016272106661563,0.18083399813396,0.2003135630572,0.48954619883787,0.43227188681286,0.26944871104439,0.6855700407924004,False,True,True
1724,3,11,2025-12-03,Zahlen darstellen: ratZ,1,kognition,1.6291639737569,1,2.6011908708907,0.62631225138682,0.017885899512245,0.12307583679251,0.21551127310514,0.58013916482116,0.36832679624498,0.2712683538319,-1.2663482466121003,False,False,True
1725,3,11,2025-12-03,Zahlen darstellen: ratZ,1,performanz,1.6232860077824,1,2.6936098309784,0.4050891182877,0.10651657305953,0.30870299490186,0.3289737167018,0.33165656026957,0.60264109623547,0.38452046861755,0.0924189600876999,False,True,True
1726,3,11,2025-12-03,Zahlen darstellen: ratZ,1,kognition,1.9152788377772,1,3.9488118876419,0.48502538029663,0.025324008741178,0.23795142617514,0.38678225946455,0.4546744260224,0.46868110841995,0.36261797767101,1.2552020566635003,False,True,True
1727,3,11,2025-12-03,Zahlen darstellen: ratZ,1,regulation,-1.1929257382862,-1,2.0618806987405,-0.17055995305799,-0.16267001999957,-0.30053932657278,-0.31632416360643,-0.29693945333983,-0.57545588039336,-0.57855915399148,-1.8869311889014,True,True,True
1719,3,11,2025-12-10,Brüche: ErwKürz,1,kognition,2.0829911382815,1,4.0637489057853,0.51257744038802,0.23013458756657,0.17127204180886,0.37232291210636,0.40439334712313,0.50538671650944,0.31207265509604,2.0018682070447995,True,True,True
1721,3,11,2025-12-10,Brüche: ErwKürz,1,regulation,1.539769585776,1,2.8957199704337,0.47088581038576,0.15755269598282,0.14777939986544,0.33022333356776,0.43475917646087,0.38831659764443,0.5317379733254,0.4782226960870002,False,True,True
1722,3,11,2025-12-10,Brüche: ErwKürz,1,kognition,1.3807910822945,1,1.7229179248308,0.80142126806034,0.039137726266037,0.19415880276327,0.085637230104267,0.52579057890913,0.14793460676579,0.11317607852982,-1.1728020456029002,False,True,True
1714,7,11,2025-12-12,Wurzelfunktion/-rechnung: Wirzelrechnung,23,kognition,2.4163555556782,1,4.8603582361414,0.49715483236647,0.05455158373708,0.089907259755098,0.39074852793277,0.41967516285658,0.46598299116922,0.44251775629924,3.1374403113106,False,False,True
1715,7,11,2025-12-12,Wurzelfunktion/-rechnung: Wirzelrechnung,23,kognition,2.0025209823477,1,4.1753366045791,0.47960592784119,0.20384347683099,0.27356109825585,0.38796629419017,0.38566077691678,0.43325305356153,0.40819754744271,-0.6850216315623001,False,False,True
1716,7,11,2025-12-12,Wurzelfunktion/-rechnung: Wirzelrechnung,23,performanz,1.5511427607571,1,2.6677743582537,0.32130842266691,0.036953441487947,0.1513991513825,0.40364975331999,0.43700613516417,0.58143483597468,0.42484372043268,-1.5075622463254001,False,True,True
1717,7,11,2025-12-12,Wurzelfunktion/-rechnung: Wirzelrechnung,23,kognition,2.1462963786463,1,4.3406553652064,0.49446253006518,0.26550279432215,0.053552965854877,0.37877182858556,0.4109033095443,0.44109602015534,0.41864927793105,1.6728810069527,False,True,True
1718,7,11,2025-12-12,Wurzelfunktion/-rechnung: Wirzelrechnung,23,performanz,1.9343789929705,1,3.7281985400685,0.40952297822629,0.23941046247707,0.13252961756498,0.43892855326055,0.39268182609114,0.51884946139171,0.37595484001876,-0.6124568251379001,False,True,True
1709,3,11,2025-12-17,Wurzelfunktion/-rechnung: Quadratwurzel,19,regulation,1.8479915181834,1,4.0789242581081,0.42043389351725,0.32285885538557,0.14942820404965,0.40847577548243,0.41016540084089,0.39536647425586,0.45305744129363,0.35072571803959995,False,True,True
1710,3,11,2025-12-17,Wurzelfunktion/-rechnung: Quadratwurzel,19,regulation,0.61169791055793,1,0.78503971413289,-0.19646102355585,0.42330280908898,0.37958715950229,0.1645495532834,-0.04349476965984,0.044837282982806,0.77918366129661,-3.29388454397521,False,False,True
1711,3,11,2025-12-17,Wurzelfunktion/-rechnung: Quadratwurzel,19,regulation,1.9791706721549,1,4.2157345291432,0.37487060772453,0.2035061245517,0.30634878400679,0.42635033914532,0.34151654325095,0.45320148723103,0.46947120691802,3.43069481501031,False,False,True
1712,3,11,2025-12-17,Wurzelfunktion/-rechnung: Quadratwurzel,19,kognition,2.3317185870149,1,3.9472334029979,0.59072075090275,0.036035643093624,0.11051648660271,0.31723657760352,0.43648255743814,0.44637104913987,0.38357304861061,-0.26850112614529964,False,True,True
1704,3,11,2026-01-07,Brüche: Alle rechenarten (wdh),19,kognition,1.919667488646,1,3.1988921097457,0.60010197961283,0.028359326892356,0.086449473354213,0.30337364378423,0.40429765756495,0.44207952411901,0.42504956153813,1.7027003237821998,False,False,True
1705,3,11,2026-01-07,Brüche: Alle rechenarten (wdh),19,performanz,2.3238211125165,1,4.8604079848911,0.47652082017042,0.045968410589216,0.15904505569559,0.36906918169985,0.45571026315801,0.47811137226062,0.41598194606199,1.6615158751453998,False,True,True
1706,3,11,2026-01-07,Brüche: Alle rechenarten (wdh),19,performanz,1.5399390735643,1,2.5074879048464,0.37305328524839,0.028718278910358,0.13735554249582,0.41621030612412,0.36013603341378,0.61413374287892,0.40130132079964,-2.3529200800447,False,False,True
1707,3,11,2026-01-07,Brüche: Alle rechenarten (wdh),19,performanz,1.8542435914099,1,3.1247370982285,0.40826567234631,0.018723816000282,0.11178319840243,0.39781778722095,0.36684700925044,0.59340597274611,0.4189275677597,0.6172491933821003,False,False,True
1708,3,11,2026-01-07,Brüche: Alle rechenarten (wdh),19,kognition,2.160530582695,1,3.8585181516088,0.55993645706438,0.029577758480892,0.056914427315972,0.32397529023664,0.38526227886118,0.486136350724,0.43890354430942,0.7337810533802998,False,True,True
1699,3,11,2026-01-14,Algebra: Division Dezimalzahlen,19,performanz,2.0870902816588,1,4.4145152628884,0.43968804871547,0.17418202291411,0.23306809459268,0.42217648532543,0.37570820245601,0.47277796758904,0.42320341528376,0.5559971112795998,False,True,True
1700,3,11,2026-01-14,Algebra: Division Dezimalzahlen,19,kognition,1.6291639737569,1,2.6011908708907,0.62631225138682,0.017885899512245,0.12307583679251,0.21551127310514,0.58013916482116,0.36832679624498,0.2712683538319,-1.8133243919976998,False,True,True
1701,3,11,2026-01-14,Algebra: Division Dezimalzahlen,19,motivation,1.7915442913418,1,3.3533597644884,0.41425099938255,0.29820749581207,0.29614522655344,0.53425193675745,0.28669873699374,0.4000688015956,0.35225572510267,0.7521688935977,False,True,True
1702,3,11,2026-01-14,Algebra: Division Dezimalzahlen,19,motivation,1.3391291752914,1,2.9438340136339,0.39013065463861,0.34771163703153,0.063474612705181,0.45489134923233,0.38828321190919,0.42472073090344,0.4298618126599,-0.4095257508544998,False,False,True
1703,3,11,2026-01-14,Algebra: Division Dezimalzahlen,19,kognition,1.6773866972735,1,3.1560062704863,0.53148860890222,-0.10413465233724,0.10965864089867,0.28633042712269,0.45612604479799,0.40500201161164,0.49049135214022,0.21217225685240004,False,True,True
1694,7,11,2026-01-16,Grundrechenarten: ratZ,1,regulation,1.7810357015046,1,3.5846603474751,0.44499407838611,0.049847783190915,0.036900952175072,0.39802316963037,0.42437609028194,0.46125148062342,0.49684783504823,0.4286540769888001,False,True,True
1696,7,11,2026-01-16,Grundrechenarten: ratZ,1,regulation,2.1691361649815,1,4.3694138446034,0.46718565713277,0.095051127239807,0.09500592495888,0.40013644918764,0.37702370687642,0.46364652240327,0.49643528348951,2.1783555353094,False,False,True
1697,7,11,2026-01-16,Grundrechenarten: ratZ,1,performanz,1.7803177442296,1,2.2792901074475,0.26065571282368,0.0,0.29833114483633,0.36911250485341,0.20746555360131,0.78108088461566,0.23167867253301,-2.0901237371559005,False,True,True
1698,7,11,2026-01-16,Grundrechenarten: ratZ,1,performanz,1.7623605672214,1,3.1844962872024,0.35830210771604,0.21987884155731,0.30560875784078,0.47619592143151,0.25159370964146,0.55341720451418,0.36542762457524,0.9052061797549,False,False,True
1689,3,11,2026-01-21,Grundrechenarten: schMulDiv,1,kognition,2.1266007185707,1,4.2434364120772,0.50114942244074,0.11396715072385,0.17824852421908,0.34183623305069,0.44985360536929,0.43478865646368,0.44251784498799,1.0589401248748,False,True,True
1690,3,11,2026-01-21,Grundrechenarten: schMulDiv,1,regulation,2.0584483248078,1,3.7903140793782,0.43782915236789,0.20100650117379,0.23487362217918,0.31187955950307,0.38918849396145,0.41116778334824,0.54307976882693,-0.45312233269899993,False,True,True
1691,3,11,2026-01-21,Grundrechenarten: schMulDiv,1,regulation,2.0107729389583,1,4.1826548987587,0.42262531457781,0.16192150458247,0.16866783506966,0.43524035966832,0.39405455354042,0.43691172839776,0.48073966899788,0.3923408193804998,False,False,True
1692,3,11,2026-01-21,Grundrechenarten: schMulDiv,1,performanz,-0.525,-1,0.84545051969349,-0.3775457192439,0.0,0.0,-0.36264259874743,-0.29868337328341,-0.62096335401957,-0.50111742669379,-3.3372043790652097,True,True,True
1684,7,11,2026-01-23,Gleichungssysteme: Gleichungen lösen,23,performanz,2.1524916087874,1,3.7834187822736,0.43529939562806,0.035551443866491,0.119184436252,0.4104201615304,0.35006848278279,0.56892616001453,0.42470070376623,1.6334715845446999,True,False,True
1685,7,11,2026-01-23,Gleichungssysteme: Gleichungen lösen,23,regulation,1.5887506947218,1,2.5500239990253,0.30106002388061,0.15568419877999,0.13842952687491,0.37101936000202,0.30931179423061,0.49442664870243,0.62303118128191,-1.2333947832482997,False,True,True
1686,7,11,2026-01-23,Gleichungssysteme: Gleichungen lösen,23,kognition,2.1462963786463,1,4.3406553652064,0.49446253006518,0.26550279432215,0.053552965854877,0.37877182858556,0.4109033095443,0.44109602015534,0.41864927793105,1.7906313661811,False,True,True
1687,7,11,2026-01-23,Gleichungssysteme: Gleichungen lösen,23,performanz,2.3969338314309,1,4.8647814867475,0.43636742711202,0.05887908540611,0.11008583245671,0.41821687591632,0.41539574353306,0.49271049703992,0.45141013196524,0.5241261215410997,False,True,True
1680,3,11,2026-01-28,Gleichungssysteme: ….mit 1 unbekannten,19,kognition,1.919667488646,1,3.1988921097457,0.60010197961283,0.028359326892356,0.086449473354213,0.30337364378423,0.40429765756495,0.44207952411901,0.42504956153813,0.7703392089523997,False,True,True
1681,3,11,2026-01-28,Gleichungssysteme: ….mit 1 unbekannten,19,kognition,2.0025209823477,1,4.1753366045791,0.47960592784119,0.20384347683099,0.27356109825585,0.38796629419017,0.38566077691678,0.43325305356153,0.40819754744271,0.9764444948334003,False,False,True
1682,3,11,2026-01-28,Gleichungssysteme: ….mit 1 unbekannten,19,kognition,2.2209564799031,1,4.2332441001739,0.52464520847256,0.057651067006785,0.12431452439003,0.36300826394135,0.46358746533329,0.45239334066434,0.39321350670068,0.05790749559480002,False,False,True
1683,3,11,2026-01-28,Gleichungssysteme: ….mit 1 unbekannten,19,motivation,1.2623925324906,1,2.6261746889041,0.41358193012077,0.4120300862581,0.035560809429602,0.48069449868637,0.29942201539725,0.42667263452277,0.39387653764832,-1.6070694112698,False,True,True
2428,0,12,2023-12-18,Mathematik: Brüche,36,performanz,2.1977749505879,1,4.5399062270388,0.43609340367748,0.10801265364629,0.16579159198732,0.39749260460336,0.39033655889312,0.48410033152117,0.47534032196209,2.1213350256966006,False,True,True
2427,4,12,2023-12-20,"Brüche: Erweitern ung Kürzen, Umwandeln",34,motivation,1.7203344127691,1,2.6245985521034,0.25775781148041,0.0,0.34367938602604,0.65546323522814,0.23292100262003,0.36084286211816,0.44871589311419,-1.9153076749354003,False,True,True
2424,0,12,2024-01-15,Brüche: Berechnung und umformen von Brüchen,37,performanz,1.7803177442296,1,2.2792901074475,0.26065571282368,0.0,0.29833114483633,0.36911250485341,0.20746555360131,0.78108088461566,0.23167867253301,-0.34530844465590027,False,True,True
2425,0,12,2024-01-15,Brüche: Berechnung und umformen von Brüchen,37,performanz,1.7014084514543,1,3.5064727634097,0.41400350183506,0.031892039670619,0.14998546556067,0.47834691418531,0.35730284348314,0.48521797089909,0.4616980432342,1.2271826559622,False,False,True
2426,0,12,2024-01-15,Brüche: Berechnung und umformen von Brüchen,37,kognition,0.811,1,0.99141868047763,0.81801143740294,0.0,0.17853023972912,0.0,0.48515844807745,0.25216135554961,0.0,-2.51505408293207,False,True,True
2423,0,12,2024-01-22,Brüche: Alle Grundrechenarten,41,performanz,1.1327465300685,1,1.881159988326,0.56819532922291,0.010365889377893,0.21380976872848,0.27546199709883,0.3693415489259,0.60215001148114,0.23757996421077,0.8897413078483699,False,True,True
2422,4,12,2024-01-24,Mathematik: Multiplikation von Dezimalzahlen,38,kognition,1.8432275404175,1,2.359810786534,0.78108793300561,0.018432213851836,0.086879610359002,0.11348578136332,0.48890229627607,0.27009925920707,0.23905494098143,0.47865079820800016,False,True,True
2420,0,12,2024-02-05,Dezimalzahlen: Multiplikation und Diffusion von Dezimalzahlen,37,motivation,1.951508717026,1,3.8990990731169,0.41622947646463,0.017426113109251,0.26359341583208,0.50050118640718,0.3659075078534,0.44217461455411,0.42077856838126,1.5392882865829,False,True,True
2419,0,12,2024-02-12,"Brüche: Nachtrag 29.01.: Umformen, alle Rechenarten",37,regulation,1.0,1,1.4952397801022,0.33907378335502,0.033439229127714,0.080254149906513,0.39057019621169,0.3216853842086,0.41732157951387,0.66878458255427,-0.0591752223987001,False,True,True
2416,0,12,2024-02-26,"Mathematik: Darstellung von Brüchen, GL + Begriffe der Mathematik",37,performanz,0.874,1,1.7259800114717,0.41135811637437,0.040556434008741,0.034762657721778,0.4223662913196,0.41773127029003,0.50637604748057,0.46755774635791,0.23074023136950017,False,True,True
2417,0,12,2024-02-26,"Mathematik: Darstellung von Brüchen, GL + Begriffe der Mathematik",37,kognition,-1.7869008735006,-1,2.2933299753064,-0.77916963587654,0.0085330206720468,-0.11735965542872,-0.1524054586047,-0.42342288084338,-0.41544662401847,0.062686515578417,0.5673499638346999,True,True,True
2418,0,12,2024-02-26,"Mathematik: Darstellung von Brüchen, GL + Begriffe der Mathematik",37,kognition,0.811,1,0.99141868047763,0.81801143740294,0.0,0.17853023972912,0.0,0.48515844807745,0.25216135554961,0.0,-1.3019112948287699,True,False,True
2415,0,12,2024-03-04,"Rechengesetze und Regeln: Klammern auflösen, Multiplikation von Brüchen, ""Punkt- vor Strich - Rechnung""",37,kognition,2.4410912603643,1,4.4732592640319,0.5457063092518,0.11850265963505,0.18961136185774,0.36676259100721,0.44033384902993,0.51258273229085,0.24709320094275,3.48184058355427,False,False,True
2413,0,12,2024-03-11,Gleichungssysteme: Berechnen einer Variablen,37,performanz,1.1589878308294,1,1.8453087816387,0.56613323994048,0.0,0.27178677515269,0.23058978976272,0.3713705654643,0.62806916743141,0.1416179302424,-2.6279504823932003,False,True,True
2414,0,12,2024-03-11,Gleichungssysteme: Berechnen einer Variablen,37,regulation,1.0,1,1.4952397801022,0.33907378335502,0.033439229127714,0.080254149906513,0.39057019621169,0.3216853842086,0.41732157951387,0.66878458255427,-0.3500690015365,False,True,True
2410,0,12,2024-03-25,Brüche: Berechnung von Brüchen und Wahrscheinlichkeiten/ Prozentanteil,37,performanz,1.969647522874,1,3.4230861640708,0.42711030066087,0.0,0.33083386705283,0.43220567483439,0.32052607427476,0.57539941283205,0.29579842272821,1.9278463839686002,False,True,True
2411,0,12,2024-03-25,Brüche: Berechnung von Brüchen und Wahrscheinlichkeiten/ Prozentanteil,37,motivation,1.438192856369,1,2.8666724029343,0.21369300666248,0.40595190964376,0.44749922972308,0.50169242846605,0.25219941984974,0.32328671687719,0.4116572205145,-0.5564137611365001,False,True,True
2412,0,12,2024-03-25,Brüche: Berechnung von Brüchen und Wahrscheinlichkeiten/ Prozentanteil,37,kognition,2.5713476380703,1,4.8153804373308,0.53398528562424,0.055624306044656,0.14961713019932,0.35334143352973,0.46452730929901,0.44341598134025,0.39002908875892,1.9487080343965002,False,True,True
2409,4,12,2024-03-27,"Brüche: Wiederholung,",34,regulation,-2.8193081778064,-1,5.235041784241,-0.35463519737792,-0.035948553345982,-0.11123618598031,-0.47967406001598,-0.37493589276418,-0.44706822447464,-0.53854446794457,0.41966134691019974,True,True,True
2407,0,12,2024-04-08,"Gleichungen und Ungleichungen: Variable in Gleichung berechnen, x Einsetzen zur Probe",37,performanz,-0.43263173633716,-1,0.58406932401162,0.24487831290449,0.045147567131966,-0.5608787473961,-0.17341843557411,0.033637705745528,-0.74070715834577,0.20862539315691,-4.65097246022938,False,True,True
2408,0,12,2024-04-08,"Gleichungen und Ungleichungen: Variable in Gleichung berechnen, x Einsetzen zur Probe",37,regulation,1.0,1,1.4952397801022,0.33907378335502,0.033439229127714,0.080254149906513,0.39057019621169,0.3216853842086,0.41732157951387,0.66878458255427,0.9111704560905799,True,True,True
2406,0,12,2024-04-22,"Mathematik: Zuordnungen (proportional, antiproportional)",36,motivation,1.0,1,1.5861547843764,0.0,0.5012089587606,0.47283864034019,0.63045152045358,0.0,0.31459530870634,0.16959145900201,0.09091500427419996,False,True,True
2405,4,12,2024-04-24,Zuordnungen: Hausaufgabe; schriftliches dividieren,34,sozial,-1.0,-1,1.22695346123,-0.1697910888066,-0.81502019546496,0.027529386378772,-0.062265748596401,0.010123454127805,-0.54656706326571,0.058513564885447,-0.35920132314639996,True,True,True
2404,0,12,2024-04-29,"Mathematik: Zuordnungen, proportionale Zuordnungen; Sachaufgaben",36,motivation,1.0,1,1.5861547843764,0.0,0.5012089587606,0.47283864034019,0.63045152045358,0.0,0.31459530870634,0.16959145900201,0.35920132314639996,True,True,True
2403,0,12,2024-05-06,Zuordnungen: Proportionalität,15,kognition,1.9786324172235,1,3.2827199566562,0.60273992784923,0.037134302497627,0.027653151443302,0.3168478514045,0.41593422321658,0.40889190195575,0.44041844559606,1.6965651722798003,False,True,True
2402,4,12,2024-05-15,Mathematik: Kreisdiagramm,34,regulation,1.53689315339,1,2.7989531423059,0.43323634607806,0.063293250266408,-0.062747518555323,0.38972551105851,0.51042301412223,0.30072290971758,0.54909374480861,-0.4837668143503002,False,True,True
2401,0,12,2024-05-27,Mathematik: Zuordnungen,10,kognition,0.811,1,0.99141868047763,0.81801143740294,0.0,0.17853023972912,0.0,0.48515844807745,0.25216135554961,0.0,-1.8075344618282698,False,True,True
2399,4,12,2024-06-12,Mathematik: Brüche,10,regulation,1.9720680414444,1,4.2682976181147,0.42123744044348,0.086383249056085,0.20650898079698,0.4477473853082,0.39851133620073,0.44686631738203,0.46202575303498,1.9314522722366,False,True,True
2398,0,12,2024-06-17,"Mathematik: Absolute und relative Häufigkeit, das große Einmaleins",15,performanz,2.1967430505563,1,4.4771884233715,0.47331007450077,0.040703445529487,0.14261561048078,0.38010243654032,0.42330490049926,0.49065126063858,0.43540046262524,0.20889080525679926,False,True,True
2397,4,12,2024-08-14,Mathematik: Geometrie,10,regulation,1.0,1,1.4952397801022,0.33907378335502,0.033439229127714,0.080254149906513,0.39057019621169,0.3216853842086,0.41732157951387,0.66878458255427,-2.9819486432692996,False,True,True
2395,0,12,2024-09-02,Mathematik: Dreiecksberechnung,8,kognition,0.72681123842791,1,1.0184943337936,0.71360642690717,-0.09878923743348,0.025281188122702,0.20496504585658,0.49562781589438,0.42898465921543,0.093071688912798,-0.47674544630859983,False,True,True
2394,4,12,2024-09-04,Geometrie: Quadrate,14,performanz,1.9566800665886,1,3.4851794616504,0.51255727471549,0.040590769864587,0.21549239702297,0.36252327303882,0.3869321673945,0.56142717293253,0.30472056319883,2.4666851278568,False,True,True
2393,4,12,2024-09-11,Mathematik: Geometrie,14,kognition,2.4529142600913,1,4.5700903552155,0.53673094011862,0.041290036498059,0.25133439154606,0.38428151257827,0.43332676323914,0.43507134259578,0.34972880974829,1.0849108935651,False,True,True
2392,4,12,2024-09-18,Mathematik: Geometrie,14,motivation,2.0837150189889,1,4.3582278272343,0.39323593743889,0.035920247585337,0.27848929516319,0.4781095253609,0.38989721222046,0.45812128262683,0.41956011829091,-0.2118625279812001,False,True,True
2391,4,12,2024-10-02,Mathematik: Geometrie,14,kognition,1.9073327182972,1,2.9378153560189,0.64923284646228,0.027231026458431,0.15799582819107,0.25922762223241,0.42078013428621,0.4812683605133,0.27732936453312,-1.4204124712153998,False,True,True
2390,4,12,2024-10-23,Mathematik: Geometrie Arbeit Vorbereitung,14,motivation,2.3543941247134,1,4.8206115680112,0.412055905652,0.052282238731221,0.22623987809287,0.48840052916344,0.36247337745448,0.44474130355365,0.45669575596432,1.8827962119923,False,True,True
2389,4,12,2024-10-30,Geometrie: Vierecke,14,motivation,1.0,1,1.5861547843764,0.0,0.5012089587606,0.47283864034019,0.63045152045358,0.0,0.31459530870634,0.16959145900201,-3.2344567836348004,False,False,True
2388,0,12,2024-11-11,weitere Themen: Physik: Kraft an der schrägen Ebene,8,kognition,1.4354708924276,1,2.3593873890246,0.60840573067729,-0.11099689691275,-0.046026072708122,0.30199080825102,0.48021443262253,0.44854694182111,0.30396804285796,0.7732326046482001,False,True,True
2384,4,12,2024-12-04,Quadratische Funktion/Gleichung: Rationale Zahlen multiplizieren,14,motivation,1.9790783396673,1,3.9927095643383,0.40337662562938,0.019782224546793,0.24192290677511,0.49567176150906,0.3029842619046,0.49035292332384,0.44769220679262,2.8842280002158,False,True,True
2385,4,12,2024-12-04,Quadratische Funktion/Gleichung: Rationale Zahlen,14,motivation,2.091062200259,1,3.6167522453966,0.28582249733326,0.0,0.36142643366918,0.57815860108594,0.25784061072966,0.46312367785018,0.4152568045519,-0.37595731894170026,False,False,True
2383,4,12,2025-01-15,Quadratische Funktion/Gleichung: Rationale Zahlen,14,kognition,0.811,1,1.5644129889514,0.51840199596119,0.031960665595634,0.031960665595634,0.37330057415701,0.30746160303,0.4787707706226,0.51584514271354,-2.0523392564452,False,True,True
2382,4,12,2025-01-22,Quadratische Funktion/Gleichung:,14,regulation,2.3590195619054,1,4.6663408056444,0.42940048918875,0.10031312215804,0.18742758799866,0.39351767463683,0.38472321188997,0.46041494080731,0.50553840895374,3.101927816693,False,True,True
2381,0,12,2025-03-03,: Quadratische Wurzeln lösen und vereinfachen,18,kognition,1.8756129384999,1,3.4253628007556,0.54756461488983,0.015180829365063,0.27581411984671,0.37439023429455,0.40665419031305,0.46382312271471,0.32124087576521,-1.2409780048888002,False,True,True
2380,0,12,2025-03-24,Prozent- und Zinsrechnung: prozentuale Erhöhung,18,performanz,1.1589878308294,1,1.8453087816387,0.56613323994048,0.0,0.27178677515269,0.23058978976272,0.3713705654643,0.62806916743141,0.1416179302424,-1.5800540191169,False,True,True
2379,0,12,2025-04-28,"Geometrie: Flächenberechnung, Übung für Englisch",18,motivation,0.875,1,1.5473173559422,0.26174164015434,0.0,0.34252609699211,0.56549119786432,0.23330551134745,0.56484492220962,0.34769630222972,-0.29799142569649995,False,True,True
2378,4,12,2025-04-30,Prozent- und Zinsrechnung: Zins und ZinsesZ Rech,1,motivation,1.4972891201799,1,2.8439705763106,0.35973552428409,0.02461338891801,0.19544287268531,0.52647656339563,0.3512943726504,0.46793301686985,0.4606874954331,1.2966532203683998,False,False,True
2377,0,12,2025-05-05,Prozent- und Zinsrechnung: Monats- und Tageszins,12,regulation,1.892760396549,1,3.9135514572177,0.48290780948926,0.11731649097598,0.12662994423003,0.34729939776507,0.45097294355673,0.42319516836709,0.48364141389889,1.0695808809071004,False,True,True
2376,0,12,2025-05-12,Prozent- und Zinsrechnung: Prozentrechnung,12,kognition,2.4418662631931,1,3.8926795210269,0.62729540848379,0.090561723482318,0.22717583235997,0.21605312167863,0.49577012117614,0.39124498306449,0.31803371973125,-0.020871936190800078,False,True,True
2375,0,12,2025-05-19,Prozent- und Zinsrechnung: Prozentwerte berechnen,12,regulation,1.9675111922216,1,3.6332058772968,0.36460133817623,0.14073107902661,0.12452320262745,0.41522702857721,0.39809856392654,0.45562450837578,0.54153434826599,-0.2594736437301002,False,True,True
2374,0,12,2025-05-26,Prozent- und Zinsrechnung: Prozentrechnung,12,performanz,2.1022287060364,1,3.6437448867909,0.48094905762344,0.011578306306002,0.1378347682621,0.35598328282003,0.35081221288435,0.57694020902922,0.40852995418407,0.010539009494100249,False,True,True
2373,0,12,2025-08-18,Brüche: Wiederholung Klasse 7 + Übung Grundrechenarten gemischte Brüche,12,kognition,2.9796031696704,1,4.9791815574595,0.59841103425848,0.076333183634341,0.15553733272238,0.25744224192988,0.48917452388565,0.40541565792172,0.37676454468877,1.3354366706686003,False,True,True
2368,0,12,2025-08-25,Prozent- und Zinsrechnung: Zinsrechnung,12,performanz,2.1834193470863,1,4.7272578340427,0.40939526234525,0.19494675496675,0.26216929806182,0.43140491422681,0.38087108066135,0.46187764766845,0.42561763210998,-0.2519237234168008,False,True,True
2369,0,12,2025-08-25,Prozent- und Zinsrechnung: Zinsrechnung,12,kognition,2.0339856327016,1,3.7777885891187,0.53840499558663,0.20501595204781,0.31038098396524,0.33358174359969,0.42191361623921,0.41611001111322,0.33062282175447,-0.9494692449239994,False,True,True
2370,0,12,2025-08-25,Prozent- und Zinsrechnung: Zinsrechnung,12,regulation,1.4279047558095,1,3.0240571504654,0.33940662801459,0.35165369924952,-0.028935370103071,0.47015906248171,0.44061701743393,0.34950231383445,0.47218024096779,-0.7537314386533001,False,True,True
2371,0,12,2025-08-25,Prozent- und Zinsrechnung: Zinsrechnung,12,motivation,0.85188551646247,1,1.5890209998845,0.33406255970934,0.45645506608696,0.46047891028742,0.53610377426518,0.18684581263477,0.36274856741847,0.11871153327529,-1.4350361505809002,False,True,True
2372,0,12,2025-08-25,Prozent- und Zinsrechnung: Zinsrechnung,12,regulation,1.5571762433389,1,2.3208408179343,0.2885285852229,0.17105795725093,0.087808235107792,0.35518519692206,0.3070362668932,0.45735000746242,0.67095059764542,0.7318198180497999,False,True,True
2363,4,12,2025-08-27,Weitere Themen: JahrAbschl,1,performanz,2.034911587693,1,4.2375936204146,0.44755458964527,0.18471160900953,0.27647585423301,0.40997226864095,0.37266138334302,0.48020338143233,0.38933769139254,1.9167528024803002,False,True,True
2364,4,12,2025-08-27,Weitere Themen: JahrAbschl,1,performanz,1.8608741963844,1,3.0556171049096,0.55550638970887,0.0,0.29078875442313,0.25128473348535,0.3845063379814,0.60899911294624,0.15804728787018,-1.1819765155050002,False,False,True
2365,4,12,2025-08-27,Weitere Themen: JahrAbschl,1,kognition,1.5921009565853,1,3.2676087905419,0.487235830934,0.3217676297975,0.077153240661545,0.42089421911035,0.40731311868329,0.40263476371624,0.3846263394302,0.2119916856323001,False,True,True
2366,4,12,2025-08-27,Weitere Themen: JahrAbschl,1,performanz,1.6514653847318,1,3.1819690767104,0.46303540907394,0.052306337430451,0.18165981882267,0.37481530099105,0.44958792227474,0.51900573351321,0.37131243005745,-0.08563971383150015,False,True,True
2367,4,12,2025-08-27,Weitere Themen: JahrAbschl,1,performanz,1.7011124840356,1,3.5863224441572,0.44140928068148,0.05461982512367,0.046057928264602,0.44525025198419,0.40530347089364,0.47433206779451,0.46101844996376,0.40435336744680006,False,False,True
2357,0,12,2025-09-01,Weitere Themen: Geografie,12,kognition,2.0164952679339,1,3.535433115609,0.57036563791144,0.033016511423778,0.12199100767119,0.31734595650186,0.47925212650319,0.45533452674429,0.3478288343536,-0.05088932854819994,False,True,True
2358,0,12,2025-09-01,Weitere Themen: Geografie,12,performanz,1.4780206620485,1,3.1813676431278,0.43697363840821,0.31432923474525,0.046982968609961,0.43014855236104,0.39172434957001,0.46458510363938,0.39207451324792,-0.3540654724811998,False,True,True
2359,0,12,2025-09-01,Weitere Themen: Geografie,12,methodik,2.0534298272575,1,3.8995392280503,0.51572033646035,0.023111379596837,0.14713864022183,0.29720121974227,0.52658133214136,0.45873431996406,0.3684967432254,0.7181715849224997,False,True,True
2360,0,12,2025-09-01,Weitere Themen: Geografie,12,kognition,1.8644313920995,1,3.3659078131316,0.55391471081846,0.027419524844313,0.15221827542323,0.29709727428258,0.43315863907753,0.40624546152473,0.47783024759156,-0.5336314149187,False,True,True
2361,0,12,2025-09-01,Weitere Themen: Geografie,12,motivation,1.1646065491769,1,2.3654242772316,0.32899178951382,0.42911044764118,0.0065736010195556,0.49234365139069,0.36822892694217,0.37707320345214,0.432894842167,-1.0004835359,False,True,True
2362,0,12,2025-09-01,Weitere Themen: Geografie,12,performanz,1.0,1,1.2396455138466,0.24522941785392,0.0,0.28233650081865,0.35332396388163,0.19360217198993,0.80667571662473,0.21699576777205,-1.1257787633849998,False,True,True
2353,4,12,2025-09-03,Dezimalzahlen: GRA,1,kognition,2.1928329711058,1,3.9028243912711,0.56185652560873,0.035514064351567,0.10716096158394,0.3336892807476,0.43935402011948,0.47241530936597,0.37948739649417,2.6631788774244995,False,True,True
2354,4,12,2025-09-03,Dezimalzahlen: GRA,1,performanz,1.4780206620485,1,3.1813676431278,0.43697363840821,0.31432923474525,0.046982968609961,0.43014855236104,0.39172434957001,0.46458510363938,0.39207451324792,-0.7214567481432996,False,True,True
2355,4,12,2025-09-03,Dezimalzahlen: GRA,1,kognition,1.5952881354409,1,3.3002997303996,0.48337527861293,0.21561703878008,0.26496779853028,0.40634427469871,0.46243389864905,0.40165324601205,0.33069249779107,0.1189320872717996,False,True,True
2356,4,12,2025-09-03,Dezimalzahlen: GRA,1,performanz,2.3369126707959,1,4.6528861597638,0.45163227136925,0.21250462012127,0.1734894590181,0.40952500747516,0.40519201492762,0.50224904888369,0.3696238348482,1.3525864293642003,False,True,True
2348,0,12,2025-09-08,Grundrechenarten: DezZ,1,performanz,2.1018406752718,1,4.0297451295107,0.50229795388456,0.030986423052732,0.16577460984972,0.36043056753727,0.43342058043781,0.52158024686899,0.35977892556151,-0.6231410302531,False,False,True
2349,0,12,2025-09-08,Grundrechenarten: DezZ,1,kognition,2.6228056368715,1,4.6361765459891,0.56572478498315,0.048988682338982,0.17044432813436,0.3147111289115,0.48920271513479,0.42441388016159,0.36056963398192,0.6064314164783999,False,True,True
2350,0,12,2025-09-08,Grundrechenarten: DezZ,1,kognition,1.9983364398439,1,3.4475065704142,0.57964520228655,0.17656477495722,0.28633515641049,0.33452481948389,0.42245213690023,0.39236938764407,0.32636834629356,-1.1886699755749,False,False,True
2351,0,12,2025-09-08,Grundrechenarten: DezZ,1,kognition,1.8346238946577,1,3.050519966414,0.60141153008057,0.25796034376092,0.36992244687776,0.36833268059845,0.37038652482427,0.38425337642634,0.12002358492601,-0.39698660400020014,False,False,True
2352,0,12,2025-09-08,Grundrechenarten: DezZ,1,performanz,2.1296617818885,1,4.1758633815523,0.43867325516652,0.04495104170913,0.097467221646455,0.41063104598145,0.38849258744244,0.50999194355286,0.46519286477064,1.1253434151382997,False,True,True
2344,4,12,2025-09-10,Prozent- und Zinsrechnung: PrR,1,kognition,1.6517086769815,1,3.1105149252108,0.53100641103836,0.037516048702287,0.13871477916169,0.36888022758025,0.4065452396975,0.52667608483763,0.34443746200904,-1.0653484563414994,False,True,True
2345,4,12,2025-09-10,Prozent- und Zinsrechnung: PrR,1,performanz,1.4780206620485,1,3.1813676431278,0.43697363840821,0.31432923474525,0.046982968609961,0.43014855236104,0.39172434957001,0.46458510363938,0.39207451324792,0.07085271791699999,False,True,True
2346,4,12,2025-09-10,Prozent- und Zinsrechnung: PrR,1,kognition,1.8888915756821,1,3.3233958757153,0.56836018419675,0.037237226112195,0.080792004910457,0.34461562095382,0.4123224685031,0.42860518859677,0.44336731060167,0.14202823258749975,False,True,True
2347,4,12,2025-09-10,Prozent- und Zinsrechnung: PrR,1,performanz,1.7576385021604,1,3.4507597507663,0.44464530526223,0.098341955792704,0.27435660761333,0.36291912005201,0.37409352724782,0.50934679190639,0.43156883465415,0.127363875051,False,True,True
2338,0,12,2025-09-15,Stochastik (Wahrscheinlichkeitsrechnung): Baumdiagramme,12,kognition,2.4410982889583,1,4.2776947265947,0.57065609830007,0.061680906507123,0.098417161158226,0.35536178558859,0.45537212052641,0.40162071683407,0.40732235788888,0.8269349758284004,False,True,True
2339,0,12,2025-09-15,Stochastik (Wahrscheinlichkeitsrechnung): Baumdiagramme,12,kognition,2.6228056368715,1,4.6361765459891,0.56572478498315,0.048988682338982,0.17044432813436,0.3147111289115,0.48920271513479,0.42441388016159,0.36056963398192,0.3584818193943997,False,False,True
2340,0,12,2025-09-15,Stochastik (Wahrscheinlichkeitsrechnung): Baumdiagramme,12,kognition,1.65799276022,1,2.5548891531968,0.64894645964613,0.0,0.26242424293343,0.17143533804532,0.43067955000217,0.53294810871909,0.10528791309176,-2.0812873927923,False,False,True
2341,0,12,2025-09-15,Stochastik (Wahrscheinlichkeitsrechnung): Baumdiagramme,12,performanz,1.7816761805797,1,3.5517580419398,0.42323574484856,0.16129366203002,0.30455667553456,0.39291713687201,0.3511092726904,0.50163078206162,0.4156926989252,0.9968688887430002,False,True,True
2342,0,12,2025-09-15,Stochastik (Wahrscheinlichkeitsrechnung): Baumdiagramme,12,motivation,1.2052751378734,1,2.5677818078907,0.35414748083857,0.38945317322984,-0.016509864641924,0.46938195463106,0.38464361882541,0.39297273842287,0.44713277366814,-0.9839762340490998,False,True,True
2343,0,12,2025-09-15,Stochastik (Wahrscheinlichkeitsrechnung): Baumdiagramme,12,performanz,-4.8289365008686,-1,8.2665624494096,-0.48243190746461,-0.021838398418002,-0.081585814298826,-0.335840333101,-0.3736696815313,-0.58415220218792,-0.40801019470689,5.6987806415188995,True,True,True
2335,4,12,2025-09-17,Grundrechenarten: Div,1,kognition,2.4410982889583,1,4.2776947265947,0.57065609830007,0.061680906507123,0.098417161158226,0.35536178558859,0.45537212052641,0.40162071683407,0.40732235788888,-3.9888677228148994,True,True,True
2336,4,12,2025-09-17,Grundrechenarten: Div,1,kognition,2.0025209823477,1,4.1753366045791,0.47960592784119,0.20384347683099,0.27356109825585,0.38796629419017,0.38566077691678,0.43325305356153,0.40819754744271,-0.10235812201560002,False,False,True
2337,4,12,2025-09-17,Grundrechenarten: Div,1,regulation,2.2512358666627,1,4.4663293792215,0.45753270277913,0.11422218802563,0.11169996622351,0.4002418412058,0.37619015962959,0.45756077737298,0.50404496289199,0.29099277464240014,False,True,True
2329,0,12,2025-09-22,Weitere Themen: GRW,12,kognition,2.4410982889583,1,4.2776947265947,0.57065609830007,0.061680906507123,0.098417161158226,0.35536178558859,0.45537212052641,0.40162071683407,0.40732235788888,-0.18863465262680013,False,True,True
2330,0,12,2025-09-22,Weitere Themen: GRW,12,kognition,2.7431027601632,1,4.4247995695105,0.61993690735636,0.028768242753371,0.20958625007286,0.24606156155614,0.50280793819869,0.42502155926261,0.27733420685918,0.14710484291579995,False,False,True
2331,0,12,2025-09-22,Weitere Themen: GRW,12,motivation,0.292,1,0.47720959755646,0.42538068645846,0.16763770894915,0.25145656342372,0.61187763766439,0.0,0.52386784046609,0.28079316248982,-3.94758997195404,False,True,True
2332,0,12,2025-09-22,Weitere Themen: GRW,12,performanz,2.0864958050995,1,3.9909291971125,0.50686404877188,0.033885703813723,0.13418955811809,0.37059932669004,0.40085263899891,0.52280821682502,0.39060672750351,3.51371959955604,False,True,True
2333,0,12,2025-09-22,Weitere Themen: GRW,12,regulation,1.6593102589405,1,3.445161991689,0.35697457681494,0.30867452774446,-0.051124322883014,0.44905706607895,0.45666641004076,0.36400878395462,0.48163350420338,-0.5457672054235001,False,True,True
2334,0,12,2025-09-22,Weitere Themen: GRW,12,motivation,-0.875,-1,1.5473173559422,-0.26174164015434,0.0,-0.34252609699211,-0.56549119786432,-0.23330551134745,-0.56484492220962,-0.34769630222972,-1.8978446357468,True,True,True
2323,0,12,2025-09-29,Potenzfunktion/-rechnung: binomische Formeln,12,kognition,1.6517086769815,1,3.1105149252108,0.53100641103836,0.037516048702287,0.13871477916169,0.36888022758025,0.4065452396975,0.52667608483763,0.34443746200904,1.5631975692686002,True,True,True
2324,0,12,2025-09-29,Potenzfunktion/-rechnung: binomische Formeln,12,kognition,2.1118789605959,1,3.9754603937968,0.53122744012662,0.022266357176725,0.15845702965771,0.31305095472288,0.4683200092299,0.49369494887372,0.36211699940813,0.8649454685859999,False,False,True
2326,0,12,2025-09-29,Potenzfunktion/-rechnung: binomische Formeln,12,performanz,1.7185730315922,1,3.4752254188631,0.31877151424459,0.19146773728403,0.17310725067521,0.46890082280075,0.38408892483263,0.49451988842658,0.46883978948033,1.0133644590635003,False,True,True
2328,0,12,2025-09-29,Potenzfunktion/-rechnung: binomische Formeln,12,performanz,1.5837821959966,1,2.841063020011,0.55022689874004,0.017598984485026,0.17699477617066,0.31911897982531,0.36269353678425,0.5574591659001,0.3485142733362,0.36832709326970026,False,False,True
2318,4,12,2025-10-01,Grundrechenarten: DezZ,1,performanz,2.1625397852702,1,4.5039203437359,0.43533203634603,0.17064144437225,0.24094742665989,0.42185314901355,0.37315321830169,0.48014503338796,0.41900448192064,1.6628573237249,False,False,True
2319,4,12,2025-10-01,Grundrechenarten: DezZ,1,motivation,1.376852504409,1,2.4862506965683,0.25215758794377,0.31975729701126,0.30109151145213,0.55378444678366,0.18303761876473,0.51110202343942,0.37696474323594,-2.0176696471676,False,True,True
2320,4,12,2025-10-01,Grundrechenarten: DezZ,1,kognition,1.7353345284312,1,2.9900649591247,0.58036489123308,0.10643085034257,0.28652846723075,0.23051807041907,0.42718416964422,0.47692739623724,0.32658716896938,0.5038142625563999,False,True,True
2321,4,12,2025-10-01,Grundrechenarten: DezZ,1,motivation,1.771051310269,1,3.6940393184514,0.33295123459106,0.40703321573119,0.42321656646657,0.47943358563807,0.25647040025774,0.3617915443085,0.34325356467084,0.7039743593267,False,True,True
2322,4,12,2025-10-01,Grundrechenarten: DezZ,1,performanz,2.1602420544193,1,4.0730731755336,0.50793164389237,0.029806912452068,0.14201670599099,0.36940497938456,0.35646034890973,0.5303702284784,0.41967456397547,0.37903385708220005,False,True,True
2313,4,12,2025-10-22,Weitere Themen: binF,1,regulation,2.2831943720438,1,4.6221765003632,0.42028364349602,0.07674949586674,0.058605948586205,0.41798896030911,0.44907287797465,0.44005726793527,0.4939641383714,0.5491033248296002,False,True,True
2314,4,12,2025-10-22,Weitere Themen: binF,1,performanz,1.4780206620485,1,3.1813676431278,0.43697363840821,0.31432923474525,0.046982968609961,0.43014855236104,0.39172434957001,0.46458510363938,0.39207451324792,-1.4408088572354,False,True,True
2315,4,12,2025-10-22,Weitere Themen: binF,1,regulation,1.8368648761565,1,4.1100040351697,0.41981738804784,0.2174398262812,0.25997503083373,0.40458725813174,0.44247009024899,0.38687142347094,0.446924234428,0.9286363920418998,False,True,True
2316,4,12,2025-10-22,Weitere Themen: binF,1,kognition,1.628635644424,1,3.1766681938078,0.51268512107983,0.22387537947476,0.28929848813247,0.40637796246605,0.35743108585166,0.47592781995218,0.2897007950665,-0.9333358413619002,False,True,True
2317,4,12,2025-10-22,Weitere Themen: binF,1,kognition,2.1908165769441,1,2.8268819818558,0.77499125930729,0.0,0.21266397870048,0.0,0.51818391271022,0.29264472978968,0.0,-0.3497862119519999,False,False,True
2307,0,12,2025-10-27,Weitere Themen: binomische Formeln,12,kognition,2.4326861730502,1,4.9394420737157,0.49250122012423,0.065627662434388,0.11087900069211,0.40607281181281,0.40499815995921,0.44606679359696,0.46145761870759,2.1125600918599,False,False,True
2308,0,12,2025-10-27,Weitere Themen: binomische Formeln,12,performanz,-1.4552652158942,-1,2.4366088452089,-0.21141108626145,-0.15707180025819,-0.29598138611071,-0.37273403427469,-0.25021502605258,-0.59724778816174,-0.53364545639735,-2.5028332285068,True,True,True
2309,0,12,2025-10-27,Weitere Themen: binomische Formeln,12,kognition,1.7128268811499,1,2.9393234666911,0.58272628830988,-0.065543238499284,-0.011082298640285,0.37659727764101,0.42827006722132,0.47536769214643,0.3237118046401,0.5027146214822,True,True,True
2310,0,12,2025-10-27,Weitere Themen: binomische Formeln,12,kognition,2.0461096300162,1,3.8838793061339,0.52681975945728,0.069481231038198,0.10297437976036,0.38799774098501,0.3506570616886,0.45990962201269,0.47117400700764,0.9445558394428,False,False,True
2311,0,12,2025-10-27,Weitere Themen: binomische Formeln,12,kognition,2.509295155464,1,3.8411483190915,0.65326522548996,0.020984344791132,0.16805441832496,0.2240481499757,0.47451664831199,0.42970909557727,0.29076309654101,-0.04273098704239997,False,False,True
2312,0,12,2025-10-27,Weitere Themen: binomische Formeln,12,kognition,0.811,1,0.99141868047763,0.81801143740294,0.0,0.17853023972912,0.0,0.48515844807745,0.25216135554961,0.0,-2.8497296386138697,False,False,True
2301,0,12,2025-11-03,Weitere Themen: binomische Formeln,12,kognition,2.2414953024427,1,4.7653905687971,0.47036870669794,0.071220868695358,0.091961975579142,0.39006654587399,0.46307096173179,0.4334201960125,0.45910780175665,3.77397188831947,False,False,True
2302,0,12,2025-11-03,Weitere Themen: binomische Formeln,12,kognition,2.4784503914436,1,3.9956993418333,0.62027794802174,0.017456248999166,0.13276811815846,0.24254013544875,0.49304966323876,0.45222844057314,0.30146959684203,-0.7696912269638001,False,False,True
2303,0,12,2025-11-03,Weitere Themen: binomische Formeln,12,kognition,1.8759903888504,1,3.4630972641871,0.54170727203588,0.3129745356665,0.08516789395408,0.37028327702736,0.34637143840003,0.43219758329334,0.39681632595585,-0.5326020776461999,False,False,True
2304,0,12,2025-11-03,Weitere Themen: binomische Formeln,12,kognition,2.2147698359634,1,4.5051999610504,0.49160191314302,0.062345305630295,0.07325617380748,0.40938129345955,0.38284523733197,0.45825543665079,0.47424482196104,1.0421026968633003,False,False,True
2305,0,12,2025-11-03,Weitere Themen: binomische Formeln,12,kognition,2.1820491743331,1,4.4336617364237,0.49215397621954,0.1998670220788,0.11445072171214,0.39248883283008,0.46126862894737,0.42771883525212,0.39366803854352,-0.07153822462670067,False,False,True
2306,0,12,2025-11-03,Weitere Themen: binomische Formeln,12,performanz,1.6957300889367,1,3.3757674034713,0.44488849347411,0.021080049692254,0.21963124294433,0.45607611170093,0.35462502257453,0.50232283893866,0.40901527065618,-1.0578943329523995,False,True,True
2297,4,12,2025-11-05,Brüche: BruchGl,1,kognition,2.0311230831007,1,3.8229300313861,0.5312987037268,0.20795513229951,0.31164531269073,0.34246928522452,0.41648835124838,0.41913366222758,0.33305785235829,0.44716262791479977,False,True,True
2298,4,12,2025-11-05,Brüche: BruchGl,1,kognition,1.8346238946577,1,3.050519966414,0.60141153008057,0.25796034376092,0.36992244687776,0.36833268059845,0.37038652482427,0.38425337642634,0.12002358492601,-0.7724100649721,False,False,True
2299,4,12,2025-11-05,Brüche: BruchGl,1,methodik,2.0353585414423,1,4.1877424962358,0.39127593926563,0.06814420500992,0.046609447259146,0.42649716325555,0.48602646485718,0.43207738758716,0.48504625202663,1.1372225298218002,False,True,True
2300,4,12,2025-11-05,Brüche: BruchGl,1,performanz,1.5441145590549,1,2.75996044218,0.43932164769612,0.042751448779437,0.18166522223245,0.34358458909564,0.39592187708246,0.5594677882982,0.42936068208789,-1.4277820540558,False,True,True
2293,0,12,2025-11-10,Weitere Themen: binomische Formeln,12,kognition,2.1928329711058,1,3.9028243912711,0.56185652560873,0.035514064351567,0.10716096158394,0.3336892807476,0.43935402011948,0.47241530936597,0.37948739649417,1.1428639490910997,False,True,True
2294,0,12,2025-11-10,Weitere Themen: binomische Formeln,12,kognition,1.5921009565853,1,3.2676087905419,0.487235830934,0.3217676297975,0.077153240661545,0.42089421911035,0.40731311868329,0.40263476371624,0.3846263394302,-0.6352156007291998,False,False,True
2295,0,12,2025-11-10,Weitere Themen: binomische Formeln,12,performanz,1.6514653847318,1,3.1819690767104,0.46303540907394,0.052306337430451,0.18165981882267,0.37481530099105,0.44958792227474,0.51900573351321,0.37131243005745,-0.08563971383150015,False,True,True
2296,0,12,2025-11-10,Weitere Themen: binomische Formeln,12,performanz,1.7185730315922,1,3.4752254188631,0.31877151424459,0.19146773728403,0.17310725067521,0.46890082280075,0.38408892483263,0.49451988842658,0.46883978948033,0.29325634215270036,False,False,True
2288,4,12,2025-11-12,Brüche: Üb,1,kognition,1.6517086769815,1,3.1105149252108,0.53100641103836,0.037516048702287,0.13871477916169,0.36888022758025,0.4065452396975,0.52667608483763,0.34443746200904,-0.3647104936523,False,True,True
2289,4,12,2025-11-12,Brüche: Üb,1,performanz,1.4780206620485,1,3.1813676431278,0.43697363840821,0.31432923474525,0.046982968609961,0.43014855236104,0.39172434957001,0.46458510363938,0.39207451324792,0.07085271791699999,False,True,True
2290,4,12,2025-11-12,Brüche: Üb,1,kognition,1.4758361358457,1,2.8006523873511,0.52695967300848,0.28386141920944,0.3913078160065,0.35705838894269,0.40277514975236,0.34038294450806,0.28814611987675,-0.3807152557767002,False,True,True
2291,4,12,2025-11-12,Brüche: Üb,1,regulation,2.2512358666627,1,4.4663293792215,0.45753270277913,0.11422218802563,0.11169996622351,0.4002418412058,0.37619015962959,0.45756077737298,0.50404496289199,1.6656769918704004,False,True,True
2292,4,12,2025-11-12,Brüche: Üb,1,performanz,1.7185730315922,1,3.4752254188631,0.31877151424459,0.19146773728403,0.17310725067521,0.46890082280075,0.38408892483263,0.49451988842658,0.46883978948033,-0.9911039603584002,False,True,True
2282,0,12,2025-11-17,Stochastik (Wahrscheinlichkeitsrechnung): Grundbegriffe,12,kognition,2.4410982889583,1,4.2776947265947,0.57065609830007,0.061680906507123,0.098417161158226,0.35536178558859,0.45537212052641,0.40162071683407,0.40732235788888,0.8024693077316001,False,True,True
2283,0,12,2025-11-17,Stochastik (Wahrscheinlichkeitsrechnung): Grundbegriffe,12,methodik,1.3071304723696,1,2.3428052989296,0.51447576205092,0.042683689169047,0.09160513239389,0.31116409404235,0.55793150786012,0.39453333050523,0.40165351508073,-1.9348894276651003,False,True,True
2284,0,12,2025-11-17,Stochastik (Wahrscheinlichkeitsrechnung): Grundbegriffe,12,motivation,1.8151486855143,1,2.9587323352089,0.20418107569392,0.27982740008289,0.36160357600822,0.61348656958536,0.19574299446748,0.33674943419556,0.47027814781919,0.6159270362793001,False,True,True
2285,0,12,2025-11-17,Stochastik (Wahrscheinlichkeitsrechnung): Grundbegriffe,12,performanz,1.8125938090566,1,3.4721038792412,0.39217224110269,0.21769801896299,0.29717024810151,0.46920701499411,0.33079089078195,0.52204330620997,0.32921959148461,0.5133715440322999,False,True,True
2286,0,12,2025-11-17,Stochastik (Wahrscheinlichkeitsrechnung): Grundbegriffe,12,performanz,1.7349960417186,1,3.0088267944093,0.49568317504876,0.021792505626107,0.18265534692838,0.34599423350428,0.40517032831338,0.57663348339209,0.32260265823754,-0.4632770848318999,False,False,True
2287,0,12,2025-11-17,Stochastik (Wahrscheinlichkeitsrechnung): Grundbegriffe,12,kognition,1.849922694321,1,3.2379606701601,0.5713216340621,0.12063015118021,0.19159993403518,0.2783530109129,0.41940988898627,0.40154469162218,0.45574121233897,0.2291338757507999,False,True,True
2278,0,12,2025-11-24,Stochastik (Wahrscheinlichkeitsrechnung): Vereinigungs- und Schnittmenge,12,kognition,2.2414953024427,1,4.7653905687971,0.47036870669794,0.071220868695358,0.091961975579142,0.39006654587399,0.46307096173179,0.4334201960125,0.45910780175665,1.527429898637,False,False,True
2279,0,12,2025-11-24,Stochastik (Wahrscheinlichkeitsrechnung): Vereinigungs- und Schnittmenge,12,kognition,2.2069589158005,1,3.916840808544,0.5634523814352,0.076723644298226,0.31177537024684,0.31845471584113,0.42787289584912,0.43423975906972,0.32614892186079,-0.8485497602531002,False,False,True
2280,0,12,2025-11-24,Stochastik (Wahrscheinlichkeitsrechnung): Vereinigungs- und Schnittmenge,12,regulation,1.6593102589405,1,3.445161991689,0.35697457681494,0.30867452774446,-0.051124322883014,0.44905706607895,0.45666641004076,0.36400878395462,0.48163350420338,-0.4716788168549999,False,True,True
2281,0,12,2025-11-24,Stochastik (Wahrscheinlichkeitsrechnung): Vereinigungs- und Schnittmenge,12,kognition,1.8941985677148,1,3.5717878102127,0.5303207707611,0.0025796929428273,0.21368847062502,0.26998418773395,0.48896612273076,0.52657343227264,0.289527119649,0.12662581852370014,False,True,True
2273,4,12,2025-11-26,Grundrechenarten: ratZ,1,performanz,2.034911587693,1,4.2375936204146,0.44755458964527,0.18471160900953,0.27647585423301,0.40997226864095,0.37266138334302,0.48020338143233,0.38933769139254,0.6658058102019,False,True,True
2274,4,12,2025-11-26,Grundrechenarten: ratZ,1,kognition,2.1688746734496,1,3.1172442691244,0.69576444081953,0.0,0.16369007378504,0.15193693723741,0.48658802563816,0.43032265210642,0.20995395265513,-1.1203493512902,False,True,True
2275,4,12,2025-11-26,Grundrechenarten: ratZ,1,kognition,2.1820491743331,1,4.4336617364237,0.49215397621954,0.1998670220788,0.11445072171214,0.39248883283008,0.46126862894737,0.42771883525212,0.39366803854352,1.3164174672992996,False,False,True
2276,4,12,2025-11-26,Grundrechenarten: ratZ,1,regulation,2.1995823178481,1,4.4022111192169,0.38015269720671,0.19096170639702,0.20959935680266,0.44100657534342,0.40273763842269,0.41078430713137,0.49965284756969,-0.03145061720679987,False,True,True
2277,4,12,2025-11-26,Grundrechenarten: ratZ,1,performanz,2.0572421247468,1,4.2232398182455,0.40026681249274,0.052532231378949,0.099371654040563,0.40918835544341,0.4443088960178,0.48712300083671,0.47435541413308,-0.17897130097139957,False,True,True
2268,0,12,2025-12-01,Stochastik (Wahrscheinlichkeitsrechnung): Baumdiagramme,12,performanz,2.034911587693,1,4.2375936204146,0.44755458964527,0.18471160900953,0.27647585423301,0.40997226864095,0.37266138334302,0.48020338143233,0.38933769139254,0.014353802169099872,False,False,True
2269,0,12,2025-12-01,Stochastik (Wahrscheinlichkeitsrechnung): Baumdiagramme,12,methodik,1.3071304723696,1,2.3428052989296,0.51447576205092,0.042683689169047,0.09160513239389,0.31116409404235,0.55793150786012,0.39453333050523,0.40165351508073,-1.894788321485,False,True,True
2270,0,12,2025-12-01,Stochastik (Wahrscheinlichkeitsrechnung): Baumdiagramme,12,motivation,0.292,1,0.47720959755646,0.42538068645846,0.16763770894915,0.25145656342372,0.61187763766439,0.0,0.52386784046609,0.28079316248982,-1.86559570137314,False,True,True
2271,0,12,2025-12-01,Stochastik (Wahrscheinlichkeitsrechnung): Baumdiagramme,12,performanz,1.7576385021604,1,3.4507597507663,0.44464530526223,0.098341955792704,0.27435660761333,0.36291912005201,0.37409352724782,0.50934679190639,0.43156883465415,2.97355015320984,False,True,True
2272,0,12,2025-12-01,Stochastik (Wahrscheinlichkeitsrechnung): Baumdiagramme,12,methodik,2.0534298272575,1,3.8995392280503,0.51572033646035,0.023111379596837,0.14713864022183,0.29720121974227,0.52658133214136,0.45873431996406,0.3684967432254,0.4487794772839999,False,True,True
2263,0,12,2025-12-08,Stochastik (Wahrscheinlichkeitsrechnung): Baumdiagramme,12,performanz,1.0,1,1.6103819422733,0.37754784039823,0.0,0.0,0.36264463617198,0.29868505136768,0.62096684276024,0.50112024210752,-2.2891572857769997,False,True,True
2264,0,12,2025-12-08,Stochastik (Wahrscheinlichkeitsrechnung): Baumdiagramme,12,regulation,1.5887506947218,1,2.5500239990253,0.30106002388061,0.15568419877999,0.13842952687491,0.37101936000202,0.30931179423061,0.49442664870243,0.62303118128191,0.9396420567520003,False,True,True
2265,0,12,2025-12-08,Stochastik (Wahrscheinlichkeitsrechnung): Baumdiagramme,12,performanz,2.1602420544193,1,4.0730731755336,0.50793164389237,0.029806912452068,0.14201670599099,0.36940497938456,0.35646034890973,0.5303702284784,0.41967456397547,1.5230491765082999,False,True,True
2266,0,12,2025-12-08,Stochastik (Wahrscheinlichkeitsrechnung): Baumdiagramme,12,motivation,1.2052751378734,1,2.5677818078907,0.35414748083857,0.38945317322984,-0.016509864641924,0.46938195463106,0.38464361882541,0.39297273842287,0.44713277366814,-1.5052913676428998,False,True,True
2267,0,12,2025-12-08,Stochastik (Wahrscheinlichkeitsrechnung): Baumdiagramme,12,kognition,2.3286846553298,1,4.8957032169324,0.47565789745932,0.17074892706981,0.16805093198274,0.40660069055794,0.39844650441423,0.45946383611046,0.42562708138808,2.3279214090417,False,True,True
2258,4,12,2025-12-10,Statistik: Baumdiagramme,1,performanz,1.5752921706211,1,3.3390173794307,0.4453971633637,0.10840822376021,0.24513638282625,0.41734687449694,0.34808714570617,0.47178174708159,0.46027176364271,-1.5566858375017003,False,True,True
2259,4,12,2025-12-10,Statistik: Baumdiagramme,1,kognition,2.3459293201978,1,3.9453024964552,0.59461178862399,0.17052830396184,0.30842106960146,0.27913815177287,0.45862360065479,0.4018311838535,0.26926989756156,0.6062851170245,False,True,True
2260,4,12,2025-12-10,Statistik: Baumdiagramme,1,kognition,1.628635644424,1,3.1766681938078,0.51268512107983,0.22387537947476,0.28929848813247,0.40637796246605,0.35743108585166,0.47592781995218,0.2897007950665,-0.7686343026474001,False,False,True
2261,4,12,2025-12-10,Statistik: Baumdiagramme,1,performanz,1.1897469705338,1,1.8970848998075,0.56653179159401,0.0,0.27198407691166,0.23087933030891,0.37193825747922,0.6271415155112,0.14179575308926,-1.2795832940002998,False,True,True
2262,4,12,2025-12-10,Statistik: Baumdiagramme,1,kognition,2.4036580249543,1,4.6452590913521,0.51744214978398,0.058805209392942,0.10773919193437,0.37190440664099,0.39890677270429,0.45305062017137,0.46312974922747,2.7481741915446003,False,True,True
2254,0,12,2025-12-15,Weitere Themen: Beschäftigung mit CAS-Rechner,12,performanz,2.034911587693,1,4.2375936204146,0.44755458964527,0.18471160900953,0.27647585423301,0.40997226864095,0.37266138334302,0.48020338143233,0.38933769139254,-0.4076654709375003,False,True,True
2255,0,12,2025-12-15,Weitere Themen: Beschäftigung mit CAS-Rechner,12,kognition,2.0025209823477,1,4.1753366045791,0.47960592784119,0.20384347683099,0.27356109825585,0.38796629419017,0.38566077691678,0.43325305356153,0.40819754744271,-0.06225701583549981,False,True,True
2256,0,12,2025-12-15,Weitere Themen: Beschäftigung mit CAS-Rechner,12,kognition,2.3210201415921,1,3.3989502526716,0.68286180745059,0.01826365831898,0.17566245392676,0.19020295592194,0.51264892743446,0.39897867265262,0.21055388947738,-0.7763863519075005,False,False,True
2257,0,12,2025-12-15,Weitere Themen: Beschäftigung mit CAS-Rechner,12,performanz,1.7572379628335,1,3.5902114839272,0.3971431744353,0.28653829345557,0.14590320911336,0.43892973840054,0.37136167279791,0.48945113016017,0.41079018024235,0.19126123125560035,False,True,True
2250,4,12,2025-12-17,Gleichungssysteme: Gleichungen lösen,23,performanz,1.8146533005108,1,2.9011619883243,0.48967516717457,0.0,0.17265110518826,0.31720137154232,0.35619597135299,0.62548973580807,0.33417546746929,1.1751819768525997,False,False,True
2251,4,12,2025-12-17,Gleichungssysteme: Gleichungen lösen,23,kognition,2.0024305811111,1,3.700079851345,0.54118431215479,0.10689917292218,0.1428571442414,0.30829942435736,0.41805401778194,0.37494993575965,0.51465851494907,0.7989178630207001,False,True,True
2252,4,12,2025-12-17,Gleichungssysteme: Gleichungen lösen,23,performanz,1.9577799980576,1,3.7807537621279,0.51042066750317,0.03083949094383,0.14821465789205,0.36597314714407,0.37761274092899,0.5178265877569,0.41457772698257,0.0806739107829002,False,True,True
2253,4,12,2025-12-17,Gleichungssysteme: Gleichungen lösen,23,kognition,1.8346726067272,1,3.2578547618,0.56315186199242,0.031352009134577,0.21853304168741,0.26739485678908,0.44746296860024,0.50787483501136,0.32319380690867,-0.5228990003279002,False,True,True
2246,0,12,2026-01-05,Stochastik (Wahrscheinlichkeitsrechnung): Baumdiagramme,12,performanz,1.5752921706211,1,3.3390173794307,0.4453971633637,0.10840822376021,0.24513638282625,0.41734687449694,0.34808714570617,0.47178174708159,0.46027176364271,0.08116261763069987,False,True,True
2247,0,12,2026-01-05,Stochastik (Wahrscheinlichkeitsrechnung): Baumdiagramme,12,kognition,2.0025209823477,1,4.1753366045791,0.47960592784119,0.20384347683099,0.27356109825585,0.38796629419017,0.38566077691678,0.43325305356153,0.40819754744271,0.8363192251484004,False,True,True
2248,0,12,2026-01-05,Stochastik (Wahrscheinlichkeitsrechnung): Baumdiagramme,12,kognition,1.7468429863796,1,4.0578127668032,0.43048774842273,0.28241639133245,0.31314652429469,0.41780346808517,0.36786569284546,0.40358753700582,0.40507752344252,-0.11752383777590047,False,False,True
2238,4,12,2026-01-07,Stochastik (Wahrscheinlichkeitsrechnung): Baummdiagram,23,performanz,1.8146533005108,1,2.9011619883243,0.48967516717457,0.0,0.17265110518826,0.31720137154232,0.35619597135299,0.62548973580807,0.33417546746929,0.4656173498313998,False,True,True
2239,4,12,2026-01-07,Stochastik (Wahrscheinlichkeitsrechnung): Baummdiagram,23,regulation,1.539769585776,1,2.8957199704337,0.47088581038576,0.15755269598282,0.14777939986544,0.33022333356776,0.43475917646087,0.38831659764443,0.5317379733254,-0.005442017890599615,False,True,True
2240,4,12,2026-01-07,Stochastik (Wahrscheinlichkeitsrechnung): Baummdiagram,23,regulation,1.9126138920563,1,4.0164817262936,0.4588553814492,0.047909025290553,0.09026084042588,0.38084333672938,0.45894389366437,0.44336919087771,0.47619017351276,1.1207617558599,False,False,True
2241,4,12,2026-01-07,Stochastik (Wahrscheinlichkeitsrechnung): Baummdiagram,23,performanz,1.9659302386016,1,3.702637071267,0.47017325437901,0.18259732730411,0.27316223778375,0.42473426924758,0.31688346369353,0.5309526403036,0.32900954691659,-0.3138446550266001,False,True,True
2242,4,12,2026-01-07,Stochastik (Wahrscheinlichkeitsrechnung): Aufgabe zum Baummdiagram,23,performanz,1.5752921706211,1,3.3390173794307,0.4453971633637,0.10840822376021,0.24513638282625,0.41734687449694,0.34808714570617,0.47178174708159,0.46027176364271,-0.36361969183630016,False,False,True
2243,4,12,2026-01-07,Stochastik (Wahrscheinlichkeitsrechnung): Aufgabe zum Baummdiagram,23,performanz,1.8608741963844,1,3.0556171049096,0.55550638970887,0.0,0.29078875442313,0.25128473348535,0.3845063379814,0.60899911294624,0.15804728787018,-0.28340027452109995,False,False,True
2244,4,12,2026-01-07,Stochastik (Wahrscheinlichkeitsrechnung): Aufgabe zum Baummdiagram,23,kognition,1.6541350767271,1,3.0157863397785,0.54849031246209,0.034992294572616,0.080687494641113,0.3468035879373,0.43129858901831,0.48014172008029,0.39317876350424,-0.039830765131100065,False,True,True
2245,4,12,2026-01-07,Stochastik (Wahrscheinlichkeitsrechnung): Aufgabe zum Baummdiagram,23,regulation,2.5051943093294,1,4.9669401934215,0.3909448724847,0.12089807406911,0.11494805508238,0.41638689628016,0.45609554731063,0.42841057129645,0.50437274620701,1.9511538536430004,False,True,True
2232,0,12,2026-01-12,Stochastik (Wahrscheinlichkeitsrechnung): Baumdiagramme,12,kognition,1.919667488646,1,3.1988921097457,0.60010197961283,0.028359326892356,0.086449473354213,0.30337364378423,0.40429765756495,0.44207952411901,0.42504956153813,-1.7680480836758004,False,True,True
2233,0,12,2026-01-12,Stochastik (Wahrscheinlichkeitsrechnung): Baumdiagramme,12,performanz,1.8146533005108,1,2.9011619883243,0.48967516717457,0.0,0.17265110518826,0.31720137154232,0.35619597135299,0.62548973580807,0.33417546746929,-0.2977301214214001,False,True,True
2234,0,12,2026-01-12,Stochastik (Wahrscheinlichkeitsrechnung): Baumdiagramme,12,regulation,1.9791706721549,1,4.2157345291432,0.37487060772453,0.2035061245517,0.30634878400679,0.42635033914532,0.34151654325095,0.45320148723103,0.46947120691802,1.3145725408189,False,True,True
2235,0,12,2026-01-12,Stochastik (Wahrscheinlichkeitsrechnung): Baumdiagramme,12,kognition,1.8796171795718,1,3.9646280613375,0.47409552914842,0.41406760217284,0.095995289892389,0.41406760217284,0.43806451980786,0.35846842256622,0.32048275638434,-0.2511064678057,False,True,True
2236,0,12,2026-01-12,Stochastik (Wahrscheinlichkeitsrechnung): Baumdiagramme,12,kognition,1.8346238946577,1,3.050519966414,0.60141153008057,0.25796034376092,0.36992244687776,0.36833268059845,0.37038652482427,0.38425337642634,0.12002358492601,-0.9141080949234999,False,False,True
2228,4,12,2026-01-14,Zufall: Baummdiagram,23,performanz,2.1625397852702,1,4.5039203437359,0.43533203634603,0.17064144437225,0.24094742665989,0.42185314901355,0.37315321830169,0.48014503338796,0.41900448192064,1.4534003773219002,False,True,True
2229,4,12,2026-01-14,Zufall: Baummdiagram,23,regulation,1.5887506947218,1,2.5500239990253,0.30106002388061,0.15568419877999,0.13842952687491,0.37101936000202,0.30931179423061,0.49442664870243,0.62303118128191,-1.9538963447106,False,True,True
2230,4,12,2026-01-14,Zufall: Baummdiagram,23,performanz,1.7011124840356,1,3.5863224441572,0.44140928068148,0.05461982512367,0.046057928264602,0.44525025198419,0.40530347089364,0.47433206779451,0.46101844996376,1.0362984451318997,False,True,True
2231,4,12,2026-01-14,Zufall: Baummdiagram,23,performanz,1.7816761805797,1,3.5517580419398,0.42323574484856,0.16129366203002,0.30455667553456,0.39291713687201,0.3511092726904,0.50163078206162,0.4156926989252,-0.03456440221739987,False,False,True
2224,0,12,2026-01-19,Stochastik (Wahrscheinlichkeitsrechnung): Baumdiagramme,12,performanz,1.5752921706211,1,3.3390173794307,0.4453971633637,0.10840822376021,0.24513638282625,0.41734687449694,0.34808714570617,0.47178174708159,0.46027176364271,-0.21274066250910018,False,False,True
2225,0,12,2026-01-19,Stochastik (Wahrscheinlichkeitsrechnung): Baumdiagramme,12,performanz,1.8146533005108,1,2.9011619883243,0.48967516717457,0.0,0.17265110518826,0.31720137154232,0.35619597135299,0.62548973580807,0.33417546746929,-0.43785539110640004,False,False,True
2227,0,12,2026-01-19,Stochastik (Wahrscheinlichkeitsrechnung): Baumdiagramme,12,kognition,1.2771822134312,1,2.1587129569032,0.59163785206759,0.36827328743493,0.41197527053745,0.39903167299848,0.34750634655043,0.2469901369355,0.060128901709216,-0.2698399438901,False,True,True
2219,4,12,2026-01-21,Zufall: Baummdiagram,23,kognition,2.4163555556782,1,4.8603582361414,0.49715483236647,0.05455158373708,0.089907259755098,0.39074852793277,0.41967516285658,0.46598299116922,0.44251775629924,2.7016452792382,False,False,True
2220,4,12,2026-01-21,Zufall: Baummdiagram,23,regulation,2.0584483248078,1,3.7903140793782,0.43782915236789,0.20100650117379,0.23487362217918,0.31187955950307,0.38918849396145,0.41116778334824,0.54307976882693,-1.0700441567632004,False,True,True
2221,4,12,2026-01-21,Zufall: Baummdiagram,23,kognition,2.17271425264,1,3.961007449354,0.54852428206151,0.028144193203567,0.15231775143531,0.32706755945492,0.43173643708193,0.46775918359501,0.40367694556994,0.1706933699758002,False,True,True
2222,4,12,2026-01-21,Zufall: Baummdiagram,23,regulation,1.9791706721549,1,4.2157345291432,0.37487060772453,0.2035061245517,0.30634878400679,0.42635033914532,0.34151654325095,0.45320148723103,0.46947120691802,0.2547270797891996,False,True,True
2223,4,12,2026-01-21,Zufall: Baummdiagram,23,kognition,1.7820560115872,1,3.4263674606991,0.52009915195497,0.057384238529672,0.01634967429508,0.32019729496019,0.47732956965011,0.41282654755967,0.47448412856735,-0.7893670684440997,False,True,True
2214,4,12,2026-01-28,Weitere Themen: Grundwert berechnen,23,performanz,2.1744618745086,1,4.4388621375364,0.46577705352531,0.21582431903798,0.15028280583915,0.40837051156953,0.4063458558203,0.48986810323295,0.37686600340078,1.0124946768373002,False,True,True
2215,4,12,2026-01-28,Weitere Themen: Grundwert berechnen,23,performanz,1.8146533005108,1,2.9011619883243,0.48967516717457,0.0,0.17265110518826,0.31720137154232,0.35619597135299,0.62548973580807,0.33417546746929,-1.5377001492121005,False,False,True
2216,4,12,2026-01-28,Weitere Themen: Grundwert berechnen,23,motivation,1.2459236375843,1,1.9935420942378,0.1924119840039,0.33536319260425,0.25723120973569,0.62497671427077,0.082253812699267,0.4466343056288,0.43299820303145,-0.9076198940864999,False,True,True
2217,4,12,2026-01-28,Weitere Themen: Grundwert berechnen,23,performanz,1.7576385021604,1,3.4507597507663,0.44464530526223,0.098341955792704,0.27435660761333,0.36291912005201,0.37409352724782,0.50934679190639,0.43156883465415,1.4572176565285,False,True,True
2218,4,12,2026-01-28,Weitere Themen: Grundwert berechnen,23,kognition,2.0318903529178,1,3.8938269022808,0.5218221522652,0.26818691882626,0.11186415844222,0.37523507366281,0.46558602370389,0.40539660056191,0.34833975080969,0.44306715151450016,False,True,True
214,4,13,2024-12-18,Stochastik (Wahrscheinlichkeitsrechnung):,14,performanz,1.9035003226453,1,3.0189322669501,0.46467488365463,0.0081088003132737,0.26810887118417,0.32671547679387,0.34395505327842,0.63051895476235,0.29919938913287,,False,False,True
208,0,13,2025-08-25,Weitere Themen: Dezimalzahlen und Kreise,12,performanz,2.1524916087874,1,3.7834187822736,0.43529939562806,0.035551443866491,0.119184436252,0.4104201615304,0.35006848278279,0.56892616001453,0.42470070376623,0.7644865153234996,False,False,True
209,0,13,2025-08-25,Weitere Themen: Dezimalzahlen und Kreise,12,kognition,2.7452166646962,1,4.3522760147837,0.63075281711065,0.017768497628993,0.20207036591305,0.22177227983068,0.51367936615702,0.4188632863995,0.26926241499257,0.5688572325101005,False,True,True
213,0,13,2025-08-25,Weitere Themen: Dezimalzahlen und Kreise,12,kognition,2.3046080868641,1,3.9560894930898,0.58254553276267,0.092729194618528,0.24497587808602,0.25983247038316,0.43843250355824,0.44776667135834,0.36303277755645,1.5219046373783,False,False,True
203,4,13,2025-08-27,Grundrechenarten: schrftlMul,1,kognition,2.1928329711058,1,3.9028243912711,0.56185652560873,0.035514064351567,0.10716096158394,0.3336892807476,0.43935402011948,0.47241530936597,0.37948739649417,-0.053265101818700256,False,False,True
204,4,13,2025-08-27,Grundrechenarten: schrftlMul,1,kognition,2.1149148429999,1,2.9207356266883,0.72410100478276,0.0,0.17470319108147,0.116754695985,0.4966933615981,0.39847706619926,0.16133739667791,-0.9820887645827998,False,False,True
205,4,13,2025-08-27,Grundrechenarten: schrftlMul,1,kognition,1.9788076577981,1,3.9084723722527,0.50628542470759,0.047586876996102,0.076347252476498,0.38277239334217,0.41463234038027,0.45983069878252,0.45353895477639,0.9877367455643999,False,False,True
206,4,13,2025-08-27,Grundrechenarten: schrftlMul,1,methodik,1.3450449190678,1,2.8592396576613,0.44326578033369,0.20248078555602,0.23555741484044,0.4244143804665,0.47041884414108,0.40987449510064,0.37095030926765,-1.0492327145913998,False,True,True
207,4,13,2025-08-27,Grundrechenarten: schrftlMul,1,regulation,1.9207031699987,1,3.3702834346193,0.34666187591488,0.15274841687258,0.12736758152662,0.39464371019655,0.43026513898873,0.41787129944916,0.56989197150297,0.5110437769579996,False,True,True
199,4,13,2025-09-03,Dezimalzahlen: GRA,1,kognition,2.0249577812164,1,3.2284332079851,0.62722422256273,0.027607078164519,0.12304400854027,0.27572196662313,0.46075342934985,0.44961835806807,0.31655743152458,-0.14185022663419966,False,True,True
200,4,13,2025-09-03,Dezimalzahlen: GRA,1,kognition,2.5676948589789,1,4.8411068993645,0.53039307092872,0.055075344692102,0.14096368902063,0.35448119397322,0.45919732605643,0.43721176125488,0.41000216890172,1.6126736913794,False,False,True
201,4,13,2025-09-03,Dezimalzahlen: GRA,1,kognition,2.0386456472603,1,3.7892050143531,0.5380126594923,-0.14104168078453,0.06012504014222,0.28328564846942,0.48597911965339,0.41569139117888,0.44475108527832,-1.0519018850114001,False,False,True
202,4,13,2025-09-03,Dezimalzahlen: GRA,1,performanz,2.260374675858,1,4.5339414150742,0.4388648454313,0.049012142319769,0.093902205182241,0.41400029487602,0.39896667426924,0.49854408857202,0.46589329515275,0.7447364007211004,False,True,True
194,4,13,2025-09-10,Geometrie: AufgLB,1,regulation,1.9959356940206,1,4.4551129975811,0.42712673188726,0.20932180483936,0.22463516220349,0.43490551633252,0.39802647975766,0.41833197494224,0.44800911110743,-0.07882841749310021,False,True,True
195,4,13,2025-09-10,Geometrie: AufgLB,1,kognition,2.011929137674,1,4.1616133039273,0.48344816210909,0.20080164681871,0.27099058310345,0.38581826094179,0.38712272450863,0.43259694091758,0.4082352552731,-0.2934996936537999,False,True,True
196,4,13,2025-09-10,Geometrie: AufgLB,1,kognition,2.1820491743331,1,4.4336617364237,0.49215397621954,0.1998670220788,0.11445072171214,0.39248883283008,0.46126862894737,0.42771883525212,0.39366803854352,0.27204843249639943,False,False,True
198,4,13,2025-09-10,Geometrie: AufgLB,1,performanz,1.6762732068379,1,3.3132936523222,0.39768288091272,0.22813252042111,0.29325108420768,0.47461271060734,0.33518556818639,0.5059219989279,0.33202106185352,0.8923420886552003,False,True,True
189,0,13,2025-09-22,Weitere Themen: KorrLK,1,kognition,1.919667488646,1,3.1988921097457,0.60010197961283,0.028359326892356,0.086449473354213,0.30337364378423,0.40429765756495,0.44207952411901,0.42504956153813,-0.11440154257650015,False,True,True
190,0,13,2025-09-22,Weitere Themen: KorrLK,1,kognition,2.1969604991137,1,3.9082087439743,0.56213857080057,0.033812121852611,0.13194589398309,0.32139828186305,0.47968884541538,0.45640853074794,0.35176006075289,0.7093166342286001,False,False,True
191,0,13,2025-09-22,Weitere Themen: KorrLK,1,kognition,2.1578157776495,1,4.3971375276988,0.49073081220424,0.060721922309847,0.069526878632361,0.41129175166939,0.38033388003918,0.45934695578322,0.47522962004667,0.4889287837245,False,False,True
192,0,13,2025-09-22,Weitere Themen: KorrLK,1,kognition,1.8497956426329,1,2.9898402914902,0.61869172777574,0.26165124118264,0.37511761181132,0.32912105809137,0.40496483599092,0.3576085578641,0.088533564626579,-1.4072972362086,False,False,True
193,0,13,2025-09-22,Weitere Themen: KorrLK,1,kognition,1.9207934795839,1,2.581090336861,0.74417621514084,0.017341980457166,0.11337281487846,0.15558292653975,0.47161091587224,0.34856207029875,0.25479688559567,-0.40874995462919994,False,False,True
184,4,13,2025-09-24,Weitere Themen: negZ/ZStr,1,kognition,1.919667488646,1,3.1988921097457,0.60010197961283,0.028359326892356,0.086449473354213,0.30337364378423,0.40429765756495,0.44207952411901,0.42504956153813,0.6178017728846998,False,False,True
185,4,13,2025-09-24,Weitere Themen: negZ/ZStr,1,kognition,2.200270088071,1,4.1990309356057,0.52399348370573,0.021963229774419,0.18362881266575,0.31281566223708,0.46688529305889,0.50392461571568,0.34849477471601,1.0001388258600001,False,False,True
187,4,13,2025-09-24,Weitere Themen: negZ/ZStr,1,kognition,1.8497956426329,1,2.9898402914902,0.61869172777574,0.26165124118264,0.37511761181132,0.32912105809137,0.40496483599092,0.3576085578641,0.088533564626579,0.8107451302438999,False,False,True
188,4,13,2025-09-24,Weitere Themen: negZ/ZStr,1,kognition,1.7020473372686,1,3.0619420948236,0.5558700085955,0.026897054304847,0.14877679899128,0.29506095325254,0.43181075558531,0.40551911041503,0.47976741306622,0.07210180333339977,False,False,True
180,2,13,2025-10-07,Weitere Themen: MatheOlymp,1,regulation,2.2831943720438,1,4.6221765003632,0.42028364349602,0.07674949586674,0.058605948586205,0.41798896030911,0.44907287797465,0.44005726793527,0.4939641383714,1.5602344055396005,False,True,True
181,2,13,2025-10-07,Weitere Themen: MatheOlymp,1,kognition,2.200270088071,1,4.1990309356057,0.52399348370573,0.021963229774419,0.18362881266575,0.31281566223708,0.46688529305889,0.50392461571568,0.34849477471601,-0.4231455647575002,False,True,True
182,2,13,2025-10-07,Weitere Themen: MatheOlymp,1,performanz,1.6229270452087,1,3.4989761103282,0.39913283762435,0.20574122243346,0.31304974465119,0.41790252261595,0.33606865075675,0.46382780440831,0.44456358396692,-0.7000548252774998,False,True,True
183,2,13,2025-10-07,Weitere Themen: MatheOlymp,1,regulation,1.9449987244184,1,3.8214492248625,0.4744640681703,-0.034227517275499,0.028363956548983,0.33962254037949,0.48124977980893,0.4085459507913,0.50896754615728,0.32247311453429983,False,True,True
177,4,13,2025-11-05,Grundrechenarten: ratZ,1,kognition,1.7309928114047,1,3.211982786319,0.53891553517106,0.035976939506018,0.095600382905333,0.34663014681735,0.46494090479967,0.46730541134064,0.38004367486155,-0.6094664385435,False,True,True
178,4,13,2025-11-05,Grundrechenarten: ratZ,1,performanz,-1.7781209396438,-1,2.9238561433447,-0.25128913178248,-0.15374780174834,-0.28889999732454,-0.42599801146043,-0.2018020606664,-0.60814033627742,-0.48755747449881,-0.28812664297430013,True,True,True
179,4,13,2025-11-05,Grundrechenarten: ratZ,1,performanz,1.7623605672214,1,3.1844962872024,0.35830210771604,0.21987884155731,0.30560875784078,0.47619592143151,0.25159370964146,0.55341720451418,0.36542762457524,0.26064014385769996,True,False,True
1675,4,13,2025-11-12,Grundrechenarten: retZ AddSub,1,motivation,1.2951057303566,1,2.3852489463375,0.40565905338819,0.24468740597332,0.41380304731485,0.54296231960275,0.27823500908808,0.41439758935696,0.2457219894991,-0.7992473408648997,False,True,True
1676,4,13,2025-11-12,Grundrechenarten: retZ AddSub,1,kognition,1.6662193362077,1,3.0045876008173,0.55455656882455,0.13213083838315,0.2111204192588,0.25222496970111,0.43296993128715,0.41757439605066,0.45274848720097,0.6193386544797996,False,True,True
1677,4,13,2025-11-12,Grundrechenarten: retZ AddSub,1,methodik,2.0534298272575,1,3.8995392280503,0.51572033646035,0.023111379596837,0.14713864022183,0.29720121974227,0.52658133214136,0.45873431996406,0.3684967432254,0.894951627233,False,True,True
1678,4,13,2025-11-12,Grundrechenarten: retZ AddSub,1,kognition,0.811,1,0.99141868047763,0.81801143740294,0.0,0.17853023972912,0.0,0.48515844807745,0.25216135554961,0.0,-2.9081205475726697,False,True,True
1679,4,13,2025-11-12,Grundrechenarten: retZ AddSub,1,methodik,1.3071304723696,1,2.3428052989296,0.51447576205092,0.042683689169047,0.09160513239389,0.31116409404235,0.55793150786012,0.39453333050523,0.40165351508073,1.3513866184519698,False,True,True
1670,0,13,2025-12-01,Algebra: Rechenregeln,1,regulation,1.8743802397078,1,3.9112024651601,0.45233940182607,0.066292010281111,0.0696991169281,0.39598961153305,0.45694395266147,0.43687754544342,0.47923252863511,1.5683971662305,False,True,True
1671,0,13,2025-12-01,Algebra: Rechenregeln,1,performanz,1.4230076958162,1,3.0867875408233,0.43587663176557,0.31619942378794,0.028515018362968,0.42115964537037,0.40539292304563,0.46099806579369,0.39366459733979,-0.8244149243368,False,True,True
1672,0,13,2025-12-01,Algebra: Rechenregeln,1,kognition,1.9983364398439,1,3.2196014696278,0.62067627062931,0.1092378370877,0.24481700074339,0.27686916012609,0.45235605473191,0.38942641856236,0.33158862872125,0.13281392880450005,False,True,True
1673,0,13,2025-12-01,Algebra: Rechenregeln,1,kognition,2.0386456472603,1,3.7892050143531,0.5380126594923,-0.14104168078453,0.06012504014222,0.28328564846942,0.48597911965339,0.41569139117888,0.44475108527832,0.5696035447252998,False,False,True
1674,0,13,2025-12-01,Algebra: Rechenregeln,1,kognition,2.5121830856213,1,3.7871671413033,0.66333920804053,0.0099062940681459,0.15823548746632,0.19922033617701,0.48493011934985,0.4232898110108,0.28428679681679,-0.0020378730498000763,False,False,True
1665,4,13,2025-12-10,Brüche: Negative Zahlen,19,kognition,2.5326051745112,1,4.0096002650977,0.63163375167823,0.015541942208395,0.17179344520515,0.22267654332557,0.47982510846894,0.45027324687481,0.29785281840573,0.22243312379440017,False,False,True
1666,4,13,2025-12-10,Brüche: Negative Zahlen,19,kognition,2.3459293201978,1,3.9453024964552,0.59461178862399,0.17052830396184,0.30842106960146,0.27913815177287,0.45862360065479,0.4018311838535,0.26926989756156,-0.06429776864250014,False,False,True
1667,4,13,2025-12-10,Brüche: Negative Zahlen,19,performanz,2.1258005341702,1,4.394137892334,0.44265694522037,0.05700232469907,0.052054882755001,0.41326966357026,0.42063172322444,0.4837799241757,0.46510797139994,0.4488353958788003,False,True,True
1668,4,13,2025-12-10,Brüche: Negative Zahlen,19,motivation,1.2459236375843,1,1.9935420942378,0.1924119840039,0.33536319260425,0.25723120973569,0.62497671427077,0.082253812699267,0.4466343056288,0.43299820303145,-2.4005957980962003,False,True,True
1669,4,13,2025-12-10,Brüche: Negative Zahlen,19,regulation,2.2148166874228,1,4.3093800800185,0.40373138078784,0.25987825762376,0.10320541471071,0.43241760359741,0.38661493539129,0.39775145632727,0.51395131243569,2.3158379857807003,False,True,True
1660,4,13,2025-12-17,Wurzelfunktion/-rechnung: Wurzelrechnung,23,regulation,1.7810357015046,1,3.5846603474751,0.44499407838611,0.049847783190915,0.036900952175072,0.39802316963037,0.42437609028194,0.46125148062342,0.49684783504823,-0.7247197325434,False,False,True
1661,4,13,2025-12-17,Wurzelfunktion/-rechnung: Wurzelrechnung,23,kognition,2.3459293201978,1,3.9453024964552,0.59461178862399,0.17052830396184,0.30842106960146,0.27913815177287,0.45862360065479,0.4018311838535,0.26926989756156,0.3606421489800997,False,True,True
1662,4,13,2025-12-17,Wurzelfunktion/-rechnung: Wurzelrechnung,23,performanz,1.8125938090566,1,3.4721038792412,0.39217224110269,0.21769801896299,0.29717024810151,0.46920701499411,0.33079089078195,0.52204330620997,0.32921959148461,-0.4731986172139999,False,True,True
1663,4,13,2025-12-17,Wurzelfunktion/-rechnung: Wurzelrechnung,23,kognition,1.6541350767271,1,3.0157863397785,0.54849031246209,0.034992294572616,0.080687494641113,0.3468035879373,0.43129858901831,0.48014172008029,0.39317876350424,-0.45631753946270015,False,True,True
1664,4,13,2025-12-17,Wurzelfunktion/-rechnung: Wurzelrechnung,23,kognition,2.3286846553298,1,4.8957032169324,0.47565789745932,0.17074892706981,0.16805093198274,0.40660069055794,0.39844650441423,0.45946383611046,0.42562708138808,1.8799168771539003,False,False,True
1654,4,13,2026-01-07,Gleichungssysteme: Gleichungen lösen,23,performanz,1.9531896505829,1,3.2870701844949,0.41466224445206,0.031405075980467,0.13079068691856,0.40962322696175,0.34539700132505,0.59420200936871,0.41205624797762,-1.6086330324375,False,True,True
1655,4,13,2026-01-07,Gleichungssysteme: Gleichungen lösen,23,kognition,1.8706043338075,1,3.4522478891995,0.54184953553435,0.028966549779741,0.10377305345183,0.30141773302564,0.50406736303315,0.44719022762149,0.38713011245978,0.16517770470459991,False,True,True
1656,4,13,2026-01-07,Gleichungssysteme: Gleichungen lösen,23,regulation,1.539769585776,1,2.8957199704337,0.47088581038576,0.15755269598282,0.14777939986544,0.33022333356776,0.43475917646087,0.38831659764443,0.5317379733254,-0.5565279187657999,False,True,True
1657,4,13,2026-01-07,Gleichungssysteme: Gleichungen lösen,23,performanz,1.3195872615143,1,1.7830001959488,0.38136155656562,0.022433971544799,0.21359046816581,0.36212796890268,0.22310986354917,0.74008957689225,0.28245480372957,-1.1127197744849002,False,True,True
1658,4,13,2026-01-07,Gleichungssysteme: Gleichungen lösen,23,performanz,1.5511427607571,1,2.6677743582537,0.32130842266691,0.036953441487947,0.1513991513825,0.40364975331999,0.43700613516417,0.58143483597468,0.42484372043268,0.8847741623049001,False,False,True
1659,4,13,2026-01-07,Gleichungssysteme: Gleichungen lösen,23,kognition,-0.811,-1,0.99141868047763,-0.81801143740294,0.0,-0.17853023972912,0.0,-0.48515844807745,-0.25216135554961,0.0,-1.67635567777607,True,True,True
1649,4,13,2026-01-14,Gleichungssysteme: Gleichungen lösen Aufgaben,23,kognition,2.0829911382815,1,4.0637489057853,0.51257744038802,0.23013458756657,0.17127204180886,0.37232291210636,0.40439334712313,0.50538671650944,0.31207265509604,3.0723302253076694,True,False,True
1650,4,13,2026-01-14,Gleichungssysteme: Gleichungen lösen Aufgaben,23,kognition,2.3459293201978,1,3.9453024964552,0.59461178862399,0.17052830396184,0.30842106960146,0.27913815177287,0.45862360065479,0.4018311838535,0.26926989756156,-0.11844640933009964,False,False,True
1651,4,13,2026-01-14,Gleichungssysteme: Gleichungen lösen Aufgaben,23,performanz,1.6859498552702,1,2.8674352088813,0.41373391072764,0.1011662724033,0.30642597316211,0.28072842674595,0.37441986092981,0.5879623610761,0.39998420555291,-1.0778672875738997,False,True,True
1652,4,13,2026-01-14,Gleichungssysteme: Gleichungen lösen Aufgaben,23,regulation,2.2512358666627,1,4.4663293792215,0.45753270277913,0.11422218802563,0.11169996622351,0.4002418412058,0.37619015962959,0.45756077737298,0.50404496289199,1.5988941703402002,False,True,True
1653,4,13,2026-01-14,Gleichungssysteme: Gleichungen lösen Aufgaben,23,methodik,1.6923157810732,1,3.4333342274091,0.45560273520211,0.048083977176934,0.071709281313335,0.3792497481292,0.49290594504422,0.4472213857957,0.44516561249039,-1.0329951518124005,False,True,True
1644,4,13,2026-01-21,Gleichungssysteme: Gleichungen,23,regulation,-2.5959206681961,-1,4.9994922176415,-0.44712753209035,-0.036384085454313,-0.026747649730504,-0.37995063527886,-0.40111363555312,-0.47241216471738,-0.51923582692613,1.5661579902324005,True,True,True
1645,4,13,2026-01-21,Gleichungssysteme: Gleichungen,23,regulation,1.4239005001997,1,2.191058309294,0.27821751197677,0.18119015199847,0.16110862381728,0.36687155021483,0.30532321749413,0.46223087885444,0.64986586413571,-2.8084339083475003,True,False,True
1646,4,13,2026-01-21,Gleichungssysteme: Gleichungen,23,performanz,2.2224477744004,1,4.723590507544,0.42040962805,0.22593003878185,0.11044512960084,0.43942386871515,0.4051961049162,0.47049867380845,0.42586709149823,2.53253219825,False,True,True
1647,4,13,2026-01-21,Gleichungssysteme: Gleichungen,23,kognition,2.1462963786463,1,4.3406553652064,0.49446253006518,0.26550279432215,0.053552965854877,0.37877182858556,0.4109033095443,0.44109602015534,0.41864927793105,-0.3829351423376002,False,True,True
1648,4,13,2026-01-21,Gleichungssysteme: Gleichungen,23,regulation,0.83995356903732,1,1.2723766120734,0.32816316889373,0.079216825552914,0.026147554981766,0.38552188435751,0.40842573301039,0.36621088545109,0.66014021294095,-3.0682787531330002,False,True,True
1639,4,13,2026-01-28,Gleichungssysteme: Gleichungssysteme lösen,23,performanz,1.7803177442296,1,2.2792901074475,0.26065571282368,0.0,0.29833114483633,0.36911250485341,0.20746555360131,0.78108088461566,0.23167867253301,1.0069134953741,False,True,True
1640,4,13,2026-01-28,Gleichungssysteme: Gleichungssysteme lösen,23,kognition,2.0025209823477,1,4.1753366045791,0.47960592784119,0.20384347683099,0.27356109825585,0.38796629419017,0.38566077691678,0.43325305356153,0.40819754744271,1.8960464971316005,False,True,True
1641,4,13,2026-01-28,Gleichungssysteme: Gleichungssysteme lösen,23,performanz,1.7572379628335,1,3.5902114839272,0.3971431744353,0.28653829345557,0.14590320911336,0.43892973840054,0.37136167279791,0.48945113016017,0.41079018024235,-0.5851251206519001,False,True,True
1643,4,13,2026-01-28,Gleichungssysteme: Gleichungssysteme lösen,23,regulation,2.1995823178481,1,4.4022111192169,0.38015269720671,0.19096170639702,0.20959935680266,0.44100657534342,0.40273763842269,0.41078430713137,0.49965284756969,2.0467894553201,False,True,True
3100,4,14,2025-08-27,Funktionen: ganzrFkt,1,performanz,1.5752921706211,1,3.3390173794307,0.4453971633637,0.10840822376021,0.24513638282625,0.41734687449694,0.34808714570617,0.47178174708159,0.46027176364271,3.3390173794307,True,True,True
3101,4,14,2025-08-27,Funktionen: ganzrFkt,1,kognition,2.1118789605959,1,3.9754603937968,0.53122744012662,0.022266357176725,0.15845702965771,0.31305095472288,0.4683200092299,0.49369494887372,0.36211699940813,0.6364430143661002,False,True,True
3102,4,14,2025-08-27,Funktionen: ganzrFkt,1,kognition,2.509295155464,1,3.8411483190915,0.65326522548996,0.020984344791132,0.16805441832496,0.2240481499757,0.47451664831199,0.42970909557727,0.29076309654101,-0.13431207470530016,False,False,True
3095,4,14,2025-09-03,Weitere Themen: VorbBLF,1,kognition,2.3289522253193,1,4.3258647160129,0.53837717876996,0.045037687757293,0.091400304366745,0.36030747239073,0.39133916782648,0.46224732450067,0.45069121706779,0.4847163969213999,False,False,True
3096,4,14,2025-09-03,Weitere Themen: VorbBLF,1,performanz,1.5787926947118,1,2.9265661869219,0.28659557915233,0.27164848930045,0.25579104837216,0.52197291599618,0.21390104467077,0.53946748482647,0.41158186160399,-1.3992985290909998,False,True,True
3097,4,14,2025-09-03,Weitere Themen: VorbBLF,1,kognition,1.8354146104148,1,3.4502216753528,0.5319685120064,0.029753252288982,0.24844271893018,0.39231877151853,0.43583042405199,0.39405584060302,0.39402091618366,0.5236554884308999,False,True,True
3098,4,14,2025-09-03,Weitere Themen: VorbBLF,1,motivation,1.6294014575425,1,3.4965039781999,0.44314978249296,0.30509532088616,0.34730960706809,0.46600741987634,0.30841816600965,0.45036942817978,0.27347418519816,0.0462823028471,False,True,True
3099,4,14,2025-09-03,Weitere Themen: VorbBLF,1,regulation,2.1344317847662,1,4.481156302435,0.40371361538017,0.064633890320716,0.047700300764011,0.4285054849903,0.46642639801848,0.45001628533605,0.4763116654712,0.9846523242351002,False,True,True
3090,4,14,2025-09-10,Weitere Themen: VorbBLF,1,kognition,2.4410982889583,1,4.2776947265947,0.57065609830007,0.061680906507123,0.098417161158226,0.35536178558859,0.45537212052641,0.40162071683407,0.40732235788888,-0.20346157584029978,False,True,True
3091,4,14,2025-09-10,Weitere Themen: VorbBLF,1,kognition,2.1090557744311,1,4.0923704304351,0.51536161172749,0.19426346438556,0.29112673216271,0.35014715282826,0.40945272192639,0.4409227615102,0.35670297519528,-0.18532429615960044,False,False,True
3092,4,14,2025-09-10,Weitere Themen: VorbBLF,1,kognition,2.509295155464,1,3.8411483190915,0.65326522548996,0.020984344791132,0.16805441832496,0.2240481499757,0.47451664831199,0.42970909557727,0.29076309654101,-0.25122211134359995,False,False,True
3093,4,14,2025-09-10,Weitere Themen: VorbBLF,1,kognition,1.512680856227,1,2.7153344123817,0.55708618373762,-0.077067209853772,-0.023311259048937,0.34116611055201,0.49480456333913,0.45950366325734,0.33285937163261,-1.1258139067098,False,False,True
3094,4,14,2025-09-10,Weitere Themen: VorbBLF,1,regulation,1.9126138920563,1,4.0164817262936,0.4588553814492,0.047909025290553,0.09026084042588,0.38084333672938,0.45894389366437,0.44336919087771,0.47619017351276,1.3011473139119003,False,True,True
3086,4,14,2025-09-17,Trigonometrie: Fkt,1,kognition,2.4326861730502,1,4.9394420737157,0.49250122012423,0.065627662434388,0.11087900069211,0.40607281181281,0.40499815995921,0.44606679359696,0.46145761870759,0.9229603474220998,False,True,True
3087,4,14,2025-09-17,Trigonometrie: Fkt,1,performanz,1.4780206620485,1,3.1813676431278,0.43697363840821,0.31432923474525,0.046982968609961,0.43014855236104,0.39172434957001,0.46458510363938,0.39207451324792,-1.7580744305878997,False,True,True
3088,4,14,2025-09-17,Trigonometrie: Fkt,1,regulation,1.6593102589405,1,3.445161991689,0.35697457681494,0.30867452774446,-0.051124322883014,0.44905706607895,0.45666641004076,0.36400878395462,0.48163350420338,0.26379434856119977,False,True,True
3089,4,14,2025-09-17,Trigonometrie: Fkt,1,kognition,1.7353345284312,1,2.9900649591247,0.58036489123308,0.10643085034257,0.28652846723075,0.23051807041907,0.42718416964422,0.47692739623724,0.32658716896938,-0.4550970325643,False,True,True
3082,4,14,2025-09-24,Weitere Themen: KorrLK,1,kognition,2.5299323006465,1,4.4248015064122,0.57176046866182,0.052169000706233,0.13681307367429,0.33444133727735,0.45024896048661,0.45411408885347,0.36173372051404,1.4347365472874998,False,False,True
3083,4,14,2025-09-24,Weitere Themen: KorrLK,1,performanz,1.5583528329756,1,2.4727359267413,0.42450201381654,0.020128723815308,0.15990248555212,0.38637338240925,0.27902517895313,0.63021146496408,0.41171598220526,-1.9520655796708999,False,True,True
3084,4,14,2025-09-24,Weitere Themen: KorrLK,1,kognition,2.5121830856213,1,3.7871671413033,0.66333920804053,0.0099062940681459,0.15823548746632,0.19922033617701,0.48493011934985,0.4232898110108,0.28428679681679,1.314431214562,False,True,True
3085,4,14,2025-09-24,Weitere Themen: KorrLK,1,kognition,1.65799276022,1,2.5548891531968,0.64894645964613,0.0,0.26242424293343,0.17143533804532,0.43067955000217,0.53294810871909,0.10528791309176,-1.2322779881065,False,False,True
3077,4,14,2025-10-01,Prüfungsvorbereitung: BLF,1,kognition,2.0547114305757,1,4.0202243037138,0.51109245764048,0.032870016624614,0.15348776998845,0.35931223423551,0.44420521406901,0.50173089465934,0.36875892782791,1.4653351505169998,False,False,True
3078,4,14,2025-10-01,Prüfungsvorbereitung: BLF,1,kognition,2.7431027601632,1,4.4247995695105,0.61993690735636,0.028768242753371,0.20958625007286,0.24606156155614,0.50280793819869,0.42502155926261,0.27733420685918,0.40457526579670056,False,False,True
3079,4,14,2025-10-01,Prüfungsvorbereitung: BLF,1,kognition,2.4241953523872,1,3.6133900265862,0.67089038981313,0.0,0.27260700094581,0.12121547483737,0.48802215807,0.46603119948005,0.074445120390985,-0.8114095429243005,False,False,True
3080,4,14,2025-10-01,Prüfungsvorbereitung: BLF,1,kognition,1.9316956848234,1,3.8905038385904,0.49651428190865,0.053043559070364,0.10570725339821,0.35304187399171,0.46146449087851,0.44283837987998,0.45363742432729,0.27711381200420027,False,False,True
3081,4,14,2025-10-01,Prüfungsvorbereitung: BLF,1,kognition,2.1107934644134,1,3.6856067041269,0.5727110640805,0.23541902145029,0.25560735813441,0.39136333009483,0.38505679553671,0.38612816516834,0.31734905313491,-0.20489713446350022,False,False,True
3072,4,14,2025-10-22,Prüfungsvorbereitung: BLF,1,performanz,2.1625397852702,1,4.5039203437359,0.43533203634603,0.17064144437225,0.24094742665989,0.42185314901355,0.37315321830169,0.48014503338796,0.41900448192064,0.8183136396090003,False,True,True
3073,4,14,2025-10-22,Prüfungsvorbereitung: BLF,1,motivation,1.376852504409,1,2.4862506965683,0.25215758794377,0.31975729701126,0.30109151145213,0.55378444678366,0.18303761876473,0.51110202343942,0.37696474323594,-2.0176696471676,False,True,True
3074,4,14,2025-10-22,Prüfungsvorbereitung: BLF,1,kognition,2.1820491743331,1,4.4336617364237,0.49215397621954,0.1998670220788,0.11445072171214,0.39248883283008,0.46126862894737,0.42771883525212,0.39366803854352,1.9474110398553997,False,True,True
3075,4,14,2025-10-22,Prüfungsvorbereitung: BLF,1,regulation,1.9126138920563,1,4.0164817262936,0.4588553814492,0.047909025290553,0.09026084042588,0.38084333672938,0.45894389366437,0.44336919087771,0.47619017351276,-0.41718001013009953,False,True,True
3076,4,14,2025-10-22,Prüfungsvorbereitung: BLF,1,motivation,0.292,1,0.47720959755646,0.42538068645846,0.16763770894915,0.25145656342372,0.61187763766439,0.0,0.52386784046609,0.28079316248982,-3.53927212873714,False,True,True
3067,4,14,2025-10-29,Weitere Themen: HA,1,performanz,2.1625397852702,1,4.5039203437359,0.43533203634603,0.17064144437225,0.24094742665989,0.42185314901355,0.37315321830169,0.48014503338796,0.41900448192064,4.0267107461794405,False,True,True
3068,4,14,2025-10-29,Weitere Themen: HA,1,kognition,2.7682973486899,1,4.466581322438,0.6197785176323,0.02801118491248,0.21750641921344,0.23950031054412,0.50737318760695,0.42467013619691,0.2695250780338,-0.03733902129789968,False,True,True
3069,4,14,2025-10-29,Weitere Themen: HA,1,sozial,1.5587443540156,1,2.8888755659315,0.37831587943523,0.53956597395126,0.029926290388881,0.46983040777715,0.25197936507438,0.39635197416013,0.35144565621995,-1.5777057565065005,False,True,True
3070,4,14,2025-10-29,Weitere Themen: HA,1,regulation,2.313833831872,1,4.9946265310618,0.41890779460302,0.17740135474721,0.18447467974737,0.43405868844984,0.40459236989813,0.43851444065215,0.46326370647438,2.1057509651303,False,True,True
3071,4,14,2025-10-29,Weitere Themen: HA,1,regulation,1.0748847029185,1,2.1705909655679,0.41016065224904,0.049968981073429,0.032170610827381,0.39633397743253,0.46323979442207,0.45970750767414,0.49520143037311,-2.8240355654939,False,False,True
3062,4,14,2025-11-05,Prüfungsvorbereitung: BLF,1,kognition,2.0547114305757,1,4.0202243037138,0.51109245764048,0.032870016624614,0.15348776998845,0.35931223423551,0.44420521406901,0.50173089465934,0.36875892782791,1.8496333381458996,False,True,True
3063,4,14,2025-11-05,Prüfungsvorbereitung: BLF,1,kognition,2.2176040705498,1,4.1959607750546,0.52850798764701,0.033057437189919,0.11991473533283,0.3111460283294,0.50972860238967,0.43980333406568,0.39387831994598,0.17573647134080073,False,False,True
3064,4,14,2025-11-05,Prüfungsvorbereitung: BLF,1,performanz,2.2329100933114,1,4.2154606819304,0.47702884675405,0.035858957413928,0.14440605365886,0.38564030488792,0.40772019219027,0.52969413424763,0.39340778595657,0.019499906875799944,False,True,True
3065,4,14,2025-11-05,Prüfungsvorbereitung: BLF,1,kognition,1.6888048282246,1,2.9577030053811,0.57098333244371,0.12918868316988,0.18093008063565,0.24439236341089,0.45122094503958,0.30452175143757,0.51815479977421,-1.2577576765493004,False,True,True
3066,4,14,2025-11-05,Prüfungsvorbereitung: BLF,1,performanz,1.5570911828289,1,2.5553402422033,0.44652012702407,0.031112132778026,0.17952669910686,0.37349850335762,0.31353891804787,0.60934550462497,0.39787487959923,-0.4023627631778002,False,True,True
3057,4,14,2025-11-26,Prüfungsvorbereitung: BLF,1,performanz,1.988922705534,1,4.1345309576921,0.35129292884059,0.21311434101394,0.27236711854315,0.45754424948293,0.35979991748407,0.48105042999603,0.43217430996179,1.5791907154887999,False,False,True
3058,4,14,2025-11-26,Prüfungsvorbereitung: BLF,1,performanz,-1.4552652158942,-1,2.4366088452089,-0.21141108626145,-0.15707180025819,-0.29598138611071,-0.37273403427469,-0.25021502605258,-0.59724778816174,-0.53364545639735,-1.6979221124831998,True,False,True
3059,4,14,2025-11-26,Prüfungsvorbereitung: BLF,1,regulation,1.9791706721549,1,4.2157345291432,0.37487060772453,0.2035061245517,0.30634878400679,0.42635033914532,0.34151654325095,0.45320148723103,0.46947120691802,1.7791256839343,True,True,True
3060,4,14,2025-11-26,Prüfungsvorbereitung: BLF,1,kognition,2.509295155464,1,3.8411483190915,0.65326522548996,0.020984344791132,0.16805441832496,0.2240481499757,0.47451664831199,0.42970909557727,0.29076309654101,-0.3745862100516999,False,True,True
3061,4,14,2025-11-26,Prüfungsvorbereitung: BLF,1,kognition,1.8497956426329,1,2.9898402914902,0.61869172777574,0.26165124118264,0.37511761181132,0.32912105809137,0.40496483599092,0.3576085578641,0.088533564626579,-0.8513080276012999,False,False,True
3052,4,14,2025-12-03,Prüfungsvorbereitung: BLF,1,performanz,2.1524916087874,1,3.7834187822736,0.43529939562806,0.035551443866491,0.119184436252,0.4104201615304,0.35006848278279,0.56892616001453,0.42470070376623,0.7935784907833998,False,True,True
3053,4,14,2025-12-03,Prüfungsvorbereitung: BLF,1,kognition,2.0025209823477,1,4.1753366045791,0.47960592784119,0.20384347683099,0.27356109825585,0.38796629419017,0.38566077691678,0.43325305356153,0.40819754744271,0.39191782230550043,False,True,True
3054,4,14,2025-12-03,Prüfungsvorbereitung: BLF,1,kognition,1.7353345284312,1,2.9900649591247,0.58036489123308,0.10643085034257,0.28652846723075,0.23051807041907,0.42718416964422,0.47692739623724,0.32658716896938,-1.1852716454544003,False,False,True
3055,4,14,2025-12-03,Prüfungsvorbereitung: BLF,1,performanz,2.4143754428081,1,4.4997329107928,0.50947910481707,0.03379630274003,0.17639907893204,0.35791044083201,0.36333508883705,0.53655853027006,0.40020050611167,1.5096679516681002,False,True,True
3056,4,14,2025-12-03,Prüfungsvorbereitung: BLF,1,motivation,0.85188551646247,1,1.5890209998845,0.33406255970934,0.45645506608696,0.46047891028742,0.53610377426518,0.18684581263477,0.36274856741847,0.11871153327529,-2.9107119109083,False,True,True
3047,4,14,2025-12-10,Prüfungsvorbereitung: BLF,1,performanz,1.6203139294579,1,2.8371568730149,0.54845682023067,0.028021755359531,0.16693232310901,0.30201188330985,0.37207718972365,0.57110279443525,0.33871143059007,1.2481358731304002,False,True,True
3048,4,14,2025-12-10,Prüfungsvorbereitung: BLF,1,performanz,1.8608741963844,1,3.0556171049096,0.55550638970887,0.0,0.29078875442313,0.25128473348535,0.3845063379814,0.60899911294624,0.15804728787018,0.21846023189469976,False,False,True
3049,4,14,2025-12-10,Prüfungsvorbereitung: BLF,1,regulation,1.539769585776,1,2.8957199704337,0.47088581038576,0.15755269598282,0.14777939986544,0.33022333356776,0.43475917646087,0.38831659764443,0.5317379733254,-0.1598971344758997,False,True,True
3050,4,14,2025-12-10,Prüfungsvorbereitung: BLF,1,performanz,1.0,1,1.2396455138466,0.24522941785392,0.0,0.28233650081865,0.35332396388163,0.19360217198993,0.80667571662473,0.21699576777205,-1.6560744565871002,False,True,True
3051,4,14,2025-12-10,Prüfungsvorbereitung: BLF,1,kognition,2.4887495600728,1,4.8458292980034,0.51358483165098,0.061490211488883,0.10551649015658,0.3882399826205,0.41087257110398,0.45031579473172,0.44607269460341,3.6061837841567996,False,True,True
3042,4,14,2025-12-17,Exponentialgleichung/-funktion: Aufgaben,23,kognition,1.919667488646,1,3.1988921097457,0.60010197961283,0.028359326892356,0.086449473354213,0.30337364378423,0.40429765756495,0.44207952411901,0.42504956153813,-1.6469371882577,False,False,True
3043,4,14,2025-12-17,Exponentialgleichung/-funktion: Aufgaben,23,methodik,2.1410505413095,1,4.7299790770357,0.44419334632973,0.193543274998,0.0710246340135,0.41578844647734,0.45265443670988,0.44516430395875,0.42922862904441,1.5310869672899998,False,True,True
3044,4,14,2025-12-17,Exponentialgleichung/-funktion: Aufgaben,23,regulation,2.5051943093294,1,4.9669401934215,0.3909448724847,0.12089807406911,0.11494805508238,0.41638689628016,0.45609554731063,0.42841057129645,0.50437274620701,0.23696111638580053,False,True,True
3045,4,14,2025-12-17,Exponentialgleichung/-funktion: Aufgaben,23,kognition,2.2147698359634,1,4.5051999610504,0.49160191314302,0.062345305630295,0.07325617380748,0.40938129345955,0.38284523733197,0.45825543665079,0.47424482196104,-0.46174023237109996,False,True,True
3036,4,14,2026-01-07,Exponentialgleichung/-funktion: Exponentielles wachstum,23,regulation,1.8479915181834,1,4.0789242581081,0.42043389351725,0.32285885538557,0.14942820404965,0.40847577548243,0.41016540084089,0.39536647425586,0.45305744129363,1.9202113012048998,False,True,True
3037,4,14,2026-01-07,Exponentialgleichung/-funktion: Exponentielles wachstum,23,regulation,2.0584483248078,1,3.7903140793782,0.43782915236789,0.20100650117379,0.23487362217918,0.31187955950307,0.38918849396145,0.41116778334824,0.54307976882693,-0.2886101787299,False,False,True
3038,4,14,2026-01-07,Exponentialgleichung/-funktion: Exponentielles wachstum,23,kognition,1.8346238946577,1,3.050519966414,0.60141153008057,0.25796034376092,0.36992244687776,0.36833268059845,0.37038652482427,0.38425337642634,0.12002358492601,-0.7397941129642001,False,True,True
3039,4,14,2026-01-07,Exponentialgleichung/-funktion: Exponentielles wachstum,23,regulation,2.2148166874228,1,4.3093800800185,0.40373138078784,0.25987825762376,0.10320541471071,0.43241760359741,0.38661493539129,0.39775145632727,0.51395131243569,1.2588601136045003,False,True,True
3040,4,14,2026-01-07,Exponentialgleichung/-funktion: Exponentielles wachstum,23,performanz,1.7185730315922,1,3.4752254188631,0.31877151424459,0.19146773728403,0.17310725067521,0.46890082280075,0.38408892483263,0.49451988842658,0.46883978948033,-0.8341546611554,False,True,True
3041,4,14,2026-01-07,Exponentialgleichung/-funktion: Exponentielles wachstum,23,kognition,1.5077030055439,1,1.876880842971,0.80329818390362,0.0,0.19026641213441,0.0,0.49757477048414,0.26630698833486,0.0,-1.5983445758921002,False,True,True
357,5,15,2025-05-15,Quadratische Funktion/Gleichung: quadratische Funktionen (p/q-Formel),12,regulation,1.9269331619492,1,3.681481728385,0.49405201253138,0.1252751710272,0.14791071927907,0.35160576895237,0.36752501007033,0.43090072193279,0.52341097145273,2.69006304790737,False,True,True
397,4,15,2025-08-26,Geometrie: rechtwDr,1,performanz,2.1524916087874,1,3.7834187822736,0.43529939562806,0.035551443866491,0.119184436252,0.4104201615304,0.35006848278279,0.56892616001453,0.42470070376623,0.10193705388859975,False,True,True
398,4,15,2025-08-26,Geometrie: rechtwDr,1,kognition,2.2375701027702,1,4.04857516276,0.55267951958922,0.19636489490517,0.31562955398473,0.31897353826335,0.43567210529291,0.4119372974083,0.30840327964697,0.2651563804863999,False,True,True
399,4,15,2025-08-26,Geometrie: rechtwDr,1,kognition,2.2009129520582,1,3.5655874874173,0.61726343476093,0.037799812012656,0.18382639127447,0.28178965695487,0.46623570321268,0.46595771324522,0.26431334205833,-0.4829876753426996,False,False,True
400,4,15,2025-08-26,Geometrie: rechtwDr,1,regulation,1.9126138920563,1,4.0164817262936,0.4588553814492,0.047909025290553,0.09026084042588,0.38084333672938,0.45894389366437,0.44336919087771,0.47619017351276,0.4508942388763,False,True,True
352,5,15,2025-08-28,Potenzfunktion/-rechnung: Potenzfunktionen,19,kognition,2.3310275582356,1,3.6813879930869,0.63319085918254,0.026149747064184,0.14669077169834,0.25844845876031,0.47775089783145,0.44131972317682,0.29505471879653,-0.33509373320670033,False,True,True
353,5,15,2025-08-28,Potenzfunktion/-rechnung: Potenzfunktionen,19,kognition,2.200270088071,1,4.1990309356057,0.52399348370573,0.021963229774419,0.18362881266575,0.31281566223708,0.46688529305889,0.50392461571568,0.34849477471601,0.5176429425188003,False,False,True
354,5,15,2025-08-28,Potenzfunktion/-rechnung: Potenzfunktionen,19,kognition,2.1748496362668,1,4.3416340508779,0.50092766951427,0.20638403343036,0.27166971543687,0.39457926822925,0.44629496304834,0.41754380294355,0.32164147663922,0.14260311527220004,False,False,True
355,5,15,2025-08-28,Potenzfunktion/-rechnung: Potenzfunktionen,19,motivation,1.2782388005983,1,2.726925290001,0.38912255341303,-0.36671203884696,0.35405227804109,0.46874555670068,0.33610681335805,0.35750598822114,0.35811290209975,-1.6147087608769,False,True,True
356,5,15,2025-08-28,Potenzfunktion/-rechnung: Potenzfunktionen,19,regulation,1.8273956846978,1,3.5207315255485,0.37132751512027,0.24240421836388,0.29100684058051,0.44055652320458,0.34593149871983,0.36811300371858,0.51903716062007,0.7938062355474997,False,True,True
392,4,15,2025-09-02,Weitere Themen: Terme,1,kognition,2.4326861730502,1,4.9394420737157,0.49250122012423,0.065627662434388,0.11087900069211,0.40607281181281,0.40499815995921,0.44606679359696,0.46145761870759,1.4187105481672,False,True,True
393,4,15,2025-09-02,Weitere Themen: Terme,1,kognition,2.6141570382954,1,4.7509591241489,0.55023658752227,0.028850685378498,0.14019568932654,0.32455234762618,0.43486249286301,0.46220706888315,0.41069855875331,-0.1884829495667999,False,False,True
394,4,15,2025-09-02,Weitere Themen: Terme,1,motivation,1.1140601570329,1,2.2244020276868,0.19364208074315,0.35739781573953,0.42969720372575,0.50083354305157,0.22503762744528,0.4494585996363,0.38292514080657,-2.5265570964621,False,True,True
395,4,15,2025-09-02,Weitere Themen: Terme,1,kognition,1.9983364398439,1,3.4475065704142,0.57964520228655,0.17656477495722,0.28633515641049,0.33452481948389,0.42245213690023,0.39236938764407,0.32636834629356,1.2231045427274,False,True,True
396,4,15,2025-09-02,Weitere Themen: Terme,1,kognition,1.9179730577314,1,2.5315625227324,0.75762121784339,0.017681259848529,0.099494978821222,0.14000273146105,0.47547292371446,0.32817787034038,0.24982860468211,-0.9159440476817999,False,False,True
347,5,15,2025-09-04,Potenzfunktion/-rechnung: komplÜb,1,regulation,2.2831943720438,1,4.6221765003632,0.42028364349602,0.07674949586674,0.058605948586205,0.41798896030911,0.44907287797465,0.44005726793527,0.4939641383714,2.0906139776308,False,True,True
348,5,15,2025-09-04,Potenzfunktion/-rechnung: komplÜb,1,kognition,2.2069589158005,1,3.916840808544,0.5634523814352,0.076723644298226,0.31177537024684,0.31845471584113,0.42787289584912,0.43423975906972,0.32614892186079,-0.7053356918192004,False,True,True
349,5,15,2025-09-04,Potenzfunktion/-rechnung: komplÜb,1,regulation,2.313833831872,1,4.9946265310618,0.41890779460302,0.17740135474721,0.18447467974737,0.43405868844984,0.40459236989813,0.43851444065215,0.46326370647438,1.0777857225178002,False,True,True
350,5,15,2025-09-04,Potenzfunktion/-rechnung: komplÜb,1,performanz,2.061049496361,1,4.1805161786248,0.49006663241819,0.040531893031969,0.13003042817653,0.36777609699608,0.43194466879972,0.49301198181686,0.41997963815352,-0.8141103524369999,False,True,True
351,5,15,2025-09-04,Potenzfunktion/-rechnung: komplÜb,1,kognition,1.473212922878,1,3.1443711090881,0.46852238064275,0.23827174473619,0.28124665024161,0.42298258717174,0.3350072408433,0.40654256773133,0.43380449033815,-1.0361450695367003,False,True,True
387,4,15,2025-09-09,Weitere Themen: Terme,1,kognition,2.4410982889583,1,4.2776947265947,0.57065609830007,0.061680906507123,0.098417161158226,0.35536178558859,0.45537212052641,0.40162071683407,0.40732235788888,1.1333236175066004,False,False,True
388,4,15,2025-09-09,Weitere Themen: Terme,1,motivation,1.376852504409,1,2.4862506965683,0.25215758794377,0.31975729701126,0.30109151145213,0.55378444678366,0.18303761876473,0.51110202343942,0.37696474323594,-1.7914440300264003,False,True,True
389,4,15,2025-09-09,Weitere Themen: Terme,1,performanz,-1.4208154801294,-1,2.4266476899275,-0.20928205410567,-0.16359950628713,-0.29551362807447,-0.37210261836463,-0.25185081429813,-0.58550305056493,-0.54534086931492,-0.05960300664079998,True,True,True
390,4,15,2025-09-09,Weitere Themen: Terme,1,performanz,1.5197445884373,1,3.4361783473499,0.43378832819198,0.20960916717409,0.30486789593503,0.39671769700491,0.36048769182062,0.44227627673826,0.43817441385638,1.0095306574224,True,False,True
391,4,15,2025-09-09,Weitere Themen: Terme,1,methodik,1.8245750082058,1,3.8704021062177,0.40318994894425,0.20550689788914,0.23592235832602,0.39283588990937,0.47141621050499,0.37683145523507,0.47009044645486,0.43422375886779996,False,True,True
342,5,15,2025-09-11,Weitere Themen: VorbBLF TA,1,kognition,1.9447651791729,1,3.3466330496577,0.58110923403433,0.046416962130248,0.043712270511339,0.33692203134747,0.47015395919109,0.36781222046947,0.43404349430382,-0.52376905656,False,True,True
343,5,15,2025-09-11,Weitere Themen: VorbBLF TA,1,performanz,-1.7781209396438,-1,2.9238561433447,-0.25128913178248,-0.15374780174834,-0.28889999732454,-0.42599801146043,-0.2018020606664,-0.60814033627742,-0.48755747449881,-0.422776906313,True,True,True
344,5,15,2025-09-11,Weitere Themen: VorbBLF TA,1,kognition,1.5532170520458,1,2.833504268978,0.54815924841132,0.13802849658802,0.17587266318748,0.25622307486221,0.44259893374098,0.29678800696146,0.54763502369475,-0.0903518743667,True,True,True
345,5,15,2025-09-11,Weitere Themen: VorbBLF TA,1,performanz,2.260374675858,1,4.5339414150742,0.4388648454313,0.049012142319769,0.093902205182241,0.41400029487602,0.39896667426924,0.49854408857202,0.46589329515275,1.7004371460962004,False,True,True
346,5,15,2025-09-11,Weitere Themen: VorbBLF TA,1,kognition,1.884870137549,1,3.6334044341863,0.51876001807405,0.15340174444684,0.095149177439808,0.36402297008985,0.483195435891,0.42961310411021,0.38436845185597,-0.9005369808879005,False,True,True
384,4,15,2025-09-16,Weitere Themen: VorbLK,1,kognition,1.752927244018,1,3.2645506643148,0.53695655381115,0.12160901291853,0.19430850592622,0.27023992750622,0.42310320660401,0.44252841115942,0.45961902581514,-0.3688537698715,False,False,True
385,4,15,2025-09-16,Weitere Themen: VorbLK,1,motivation,1.7887542255783,1,3.6925617798486,0.37799176392,0.29900821245121,0.11519354329811,0.48441962193939,0.33975715054035,0.47906625432386,0.41813822966906,0.4280111155338,False,True,True
386,4,15,2025-09-16,Weitere Themen: VorbLK,1,kognition,2.2741683893754,1,4.4226026497114,0.51421378481424,0.20190670340455,0.2771769151546,0.38230209960267,0.45121813753943,0.41512604872008,0.30968364954078,0.7300408698627998,False,True,True
337,5,15,2025-09-18,Lineare Funktion/Gleichung: Üb,1,kognition,2.0304399710254,1,3.9010906605121,0.52047874374994,0.033873816621941,0.1396134641375,0.35482896355742,0.45153437351331,0.4908096880731,0.37118238371735,-0.5215119891992996,False,False,True
338,5,15,2025-09-18,Lineare Funktion/Gleichung: Üb,1,motivation,1.376852504409,1,2.4862506965683,0.25215758794377,0.31975729701126,0.30109151145213,0.55378444678366,0.18303761876473,0.51110202343942,0.37696474323594,-1.4148399639438,False,True,True
340,5,15,2025-09-18,Lineare Funktion/Gleichung: Üb,1,methodik,2.0353585414423,1,4.1877424962358,0.39127593926563,0.06814420500992,0.046609447259146,0.42649716325555,0.48602646485718,0.43207738758716,0.48504625202663,1.8223182190042002,False,True,True
341,5,15,2025-09-18,Lineare Funktion/Gleichung: Üb,1,motivation,2.3227360396724,1,3.9750000629739,0.17941811396465,0.3064579482815,0.44170566749062,0.58433463132786,0.16092476683906,0.44557123444439,0.33601528429533,-0.21274243326190012,False,True,True
379,4,15,2025-09-23,Weitere Themen: FläUmf,1,kognition,2.3310275582356,1,3.6813879930869,0.63319085918254,0.026149747064184,0.14669077169834,0.25844845876031,0.47775089783145,0.44131972317682,0.29505471879653,-0.29361206988700017,False,True,True
380,4,15,2025-09-23,Weitere Themen: FläUmf,1,kognition,2.6228056368715,1,4.6361765459891,0.56572478498315,0.048988682338982,0.17044432813436,0.3147111289115,0.48920271513479,0.42441388016159,0.36056963398192,0.9547885529022002,False,False,True
381,4,15,2025-09-23,Weitere Themen: FläUmf,1,regulation,1.8368648761565,1,4.1100040351697,0.41981738804784,0.2174398262812,0.25997503083373,0.40458725813174,0.44247009024899,0.38687142347094,0.446924234428,-0.5261725108194,False,True,True
382,4,15,2025-09-23,Weitere Themen: FläUmf,1,methodik,2.0353585414423,1,4.1877424962358,0.39127593926563,0.06814420500992,0.046609447259146,0.42649716325555,0.48602646485718,0.43207738758716,0.48504625202663,0.07773846106610005,False,True,True
383,4,15,2025-09-23,Weitere Themen: FläUmf,1,kognition,1.9316956848234,1,3.8905038385904,0.49651428190865,0.053043559070364,0.10570725339821,0.35304187399171,0.46146449087851,0.44283837987998,0.45363742432729,-0.29723865764540003,False,True,True
333,5,15,2025-09-25,Weitere Themen: VorbLK,1,kognition,2.1928329711058,1,3.9028243912711,0.56185652560873,0.035514064351567,0.10716096158394,0.3336892807476,0.43935402011948,0.47241530936597,0.37948739649417,0.012320552680699759,False,False,True
334,5,15,2025-09-25,Weitere Themen: VorbLK,1,kognition,1.752927244018,1,3.2645506643148,0.53695655381115,0.12160901291853,0.19430850592622,0.27023992750622,0.42310320660401,0.44252841115942,0.45961902581514,-0.6382737269562999,False,False,True
335,5,15,2025-09-25,Weitere Themen: VorbLK,1,kognition,2.1107934644134,1,3.6856067041269,0.5727110640805,0.23541902145029,0.25560735813441,0.39136333009483,0.38505679553671,0.38612816516834,0.31734905313491,0.42105603981209994,False,False,True
336,5,15,2025-09-25,Weitere Themen: VorbLK,1,kognition,2.2737656651341,1,4.1458837301014,0.54843799989984,0.034286013102556,0.13553933049093,0.32831033288959,0.44885722494022,0.4471168507179,0.41290499410633,0.4602770259745004,False,False,True
374,4,15,2025-09-30,Weitere Themen: binF,1,kognition,2.4410982889583,1,4.2776947265947,0.57065609830007,0.061680906507123,0.098417161158226,0.35536178558859,0.45537212052641,0.40162071683407,0.40732235788888,0.13181099649330008,False,False,True
375,4,15,2025-09-30,Weitere Themen: binF,1,kognition,2.5684402293092,1,4.7203348418297,0.54412131218651,0.034339382852549,0.145716218238,0.32815106372612,0.43803370736583,0.46050645028912,0.41218019240003,0.44264011523500013,False,False,True
376,4,15,2025-09-30,Weitere Themen: binF,1,performanz,2.0864958050995,1,3.9909291971125,0.50686404877188,0.033885703813723,0.13418955811809,0.37059932669004,0.40085263899891,0.52280821682502,0.39060672750351,-0.7294056447172004,False,True,True
377,4,15,2025-09-30,Weitere Themen: binF,1,regulation,1.9411488061702,1,3.6709941375368,0.43631034728331,0.1180046765747,0.10514865737317,0.42125288148312,0.36060760730328,0.44446342445796,0.52877870289535,-0.3199350595757,False,True,True
378,4,15,2025-09-30,Weitere Themen: binF,1,methodik,1.6923157810732,1,3.4333342274091,0.45560273520211,0.048083977176934,0.071709281313335,0.3792497481292,0.49290594504422,0.4472213857957,0.44516561249039,-0.23765991012770016,False,True,True
328,5,15,2025-10-09,Gleichungen und Ungleichungen: Übungen zum Lösen linearer Gleichungen,18,kognition,2.078940017929,1,3.0075822377954,0.69123067675319,0.0,0.25591478507693,0.12837894832579,0.46807332157981,0.46358479692794,0.078844605250314,-0.42575198961369987,False,True,True
329,5,15,2025-10-09,Gleichungen und Ungleichungen: Übungen zum Lösen linearer Gleichungen,18,methodik,1.3071304723696,1,2.3428052989296,0.51447576205092,0.042683689169047,0.09160513239389,0.31116409404235,0.55793150786012,0.39453333050523,0.40165351508073,-0.6647769388658,False,True,True
330,5,15,2025-10-09,Gleichungen und Ungleichungen: Übungen zum Lösen linearer Gleichungen,18,kognition,1.6888048282246,1,2.9577030053811,0.57098333244371,0.12918868316988,0.18093008063565,0.24439236341089,0.45122094503958,0.30452175143757,0.51815479977421,0.6148977064515,False,True,True
331,5,15,2025-10-09,Gleichungen und Ungleichungen: Übungen zum Lösen linearer Gleichungen,18,kognition,1.7353345284312,1,2.9900649591247,0.58036489123308,0.10643085034257,0.28652846723075,0.23051807041907,0.42718416964422,0.47692739623724,0.32658716896938,0.03236195374359996,False,False,True
332,5,15,2025-10-09,Gleichungen und Ungleichungen: Übungen zum Lösen linearer Gleichungen,18,regulation,1.8368648761565,1,4.1100040351697,0.41981738804784,0.2174398262812,0.25997503083373,0.40458725813174,0.44247009024899,0.38687142347094,0.446924234428,1.119939076045,False,True,True
369,4,15,2025-10-21,Algebra: Terme,1,performanz,2.1625397852702,1,4.5039203437359,0.43533203634603,0.17064144437225,0.24094742665989,0.42185314901355,0.37315321830169,0.48014503338796,0.41900448192064,0.3939163085662001,False,True,True
370,4,15,2025-10-21,Algebra: Terme,1,kognition,2.0311230831007,1,3.8229300313861,0.5312987037268,0.20795513229951,0.31164531269073,0.34246928522452,0.41648835124838,0.41913366222758,0.33305785235829,-0.6809903123498002,False,True,True
371,4,15,2025-10-21,Algebra: Terme,1,methodik,1.3071304723696,1,2.3428052989296,0.51447576205092,0.042683689169047,0.09160513239389,0.31116409404235,0.55793150786012,0.39453333050523,0.40165351508073,-1.4801247324565,False,True,True
372,4,15,2025-10-21,Algebra: Terme,1,kognition,1.3594756108737,1,2.0764094036694,0.65472110714788,0.0411942834592,0.14735318777538,0.20047884616811,0.51221333793673,0.35710134265216,0.34328569549333,-0.2663958952601999,False,True,True
373,4,15,2025-10-21,Algebra: Terme,1,kognition,2.1820491743331,1,4.4336617364237,0.49215397621954,0.1998670220788,0.11445072171214,0.39248883283008,0.46126862894737,0.42771883525212,0.39366803854352,2.3572523327542996,False,False,True
323,5,15,2025-10-23,Algebra: GlSys,1,kognition,2.3289522253193,1,4.3258647160129,0.53837717876996,0.045037687757293,0.091400304366745,0.36030747239073,0.39133916782648,0.46224732450067,0.45069121706779,-0.10779702041079986,False,False,True
324,5,15,2025-10-23,Algebra: GlSys,1,kognition,2.4784503914436,1,3.9956993418333,0.62027794802174,0.017456248999166,0.13276811815846,0.24254013544875,0.49304966323876,0.45222844057314,0.30146959684203,-0.3301653741795998,False,False,True
326,5,15,2025-10-23,Algebra: GlSys,1,kognition,1.628635644424,1,3.1766681938078,0.51268512107983,0.22387537947476,0.28929848813247,0.40637796246605,0.35743108585166,0.47592781995218,0.2897007950665,1.5543170295853999,False,False,True
327,5,15,2025-10-23,Algebra: GlSys,1,kognition,1.6888048282246,1,2.9577030053811,0.57098333244371,0.12918868316988,0.18093008063565,0.24439236341089,0.45122094503958,0.30452175143757,0.51815479977421,-0.21896518842669987,False,False,True
364,4,15,2025-10-28,Algebra: Terme,1,performanz,2.1524916087874,1,3.7834187822736,0.43529939562806,0.035551443866491,0.119184436252,0.4104201615304,0.35006848278279,0.56892616001453,0.42470070376623,0.8257157768924999,False,True,True
365,4,15,2025-10-28,Algebra: Terme,1,kognition,2.0311230831007,1,3.8229300313861,0.5312987037268,0.20795513229951,0.31164531269073,0.34246928522452,0.41648835124838,0.41913366222758,0.33305785235829,0.039511249112500035,False,True,True
367,4,15,2025-10-28,Algebra: Terme,1,regulation,1.0959483968476,1,1.6538928464461,0.23508177141809,0.28196494490937,0.27712264868538,0.4160507871843,0.21827158758189,0.35858859808376,0.66264375758378,-0.42251655722330006,False,True,True
368,4,15,2025-10-28,Algebra: Terme,1,motivation,1.8151486855143,1,2.9587323352089,0.20418107569392,0.27982740008289,0.36160357600822,0.61348656958536,0.19574299446748,0.33674943419556,0.47027814781919,1.3048394887628,False,True,True
359,4,15,2025-11-04,Algebra: TermeBruchGl,1,kognition,2.2832192608297,1,3.6744837708226,0.62136974593878,0.027190698877438,0.14268191314304,0.2692631437537,0.4751857410169,0.4474561246316,0.30704335353319,0.7157514356136998,False,True,True
360,4,15,2025-11-04,Algebra: TermeBruchGl,1,kognition,1.8124059963247,1,2.7008782028216,0.67104073187158,0.0,0.13221920340388,0.18986342323182,0.46057081054162,0.46390437256253,0.26236264134944,-0.9736055680010001,False,False,True
361,4,15,2025-11-04,Algebra: TermeBruchGl,1,kognition,1.8497956426329,1,2.9898402914902,0.61869172777574,0.26165124118264,0.37511761181132,0.32912105809137,0.40496483599092,0.3576085578641,0.088533564626579,0.2889620886686002,False,False,True
362,4,15,2025-11-04,Algebra: TermeBruchGl,1,motivation,2.0519663720169,1,4.2418067613595,0.35687517920945,0.29880068688514,0.34641805694199,0.4837470563814,0.35222911961893,0.45040191257754,0.32001503204027,1.2519664698693003,False,True,True
363,4,15,2025-11-04,Algebra: TermeBruchGl,1,regulation,1.9603476546835,1,4.105530115666,0.40874243667907,0.052973024371062,0.031854050439072,0.42453459808445,0.46443239119492,0.45296988137695,0.47748836924115,-0.13627664569350006,False,True,True
318,0,15,2025-11-05,Geometrie: komplÜ,1,motivation,1.2951057303566,1,2.3852489463375,0.40565905338819,0.24468740597332,0.41380304731485,0.54296231960275,0.27823500908808,0.41439758935696,0.2457219894991,-1.7202811693285,False,True,True
319,0,15,2025-11-05,Geometrie: komplÜ,1,kognition,2.1688746734496,1,3.1172442691244,0.69576444081953,0.0,0.16369007378504,0.15193693723741,0.48658802563816,0.43032265210642,0.20995395265513,0.7319953227868998,False,True,True
321,0,15,2025-11-05,Geometrie: komplÜ,1,performanz,1.5570911828289,1,2.5553402422033,0.44652012702407,0.031112132778026,0.17952669910686,0.37349850335762,0.31353891804787,0.60934550462497,0.39787487959923,0.28029728113419994,False,True,True
322,0,15,2025-11-05,Geometrie: komplÜ,1,motivation,1.2052751378734,1,2.5677818078907,0.35414748083857,0.38945317322984,-0.016509864641924,0.46938195463106,0.38464361882541,0.39297273842287,0.44713277366814,0.012441565687400402,False,True,True
313,5,15,2025-11-06,Quadratische Funktion/Gleichung: Einfüh,1,performanz,1.4253665391979,1,2.8935343055325,0.39737641086683,0.047325988210371,0.030414216433146,0.39703066566278,0.45471727313677,0.49260228587913,0.48152065627541,0.3257524976417998,False,True,True
314,5,15,2025-11-06,Quadratische Funktion/Gleichung: Einfüh,1,kognition,2.7431027601632,1,4.4247995695105,0.61993690735636,0.028768242753371,0.20958625007286,0.24606156155614,0.50280793819869,0.42502155926261,0.27733420685918,1.5312652639780002,False,True,True
316,5,15,2025-11-06,Quadratische Funktion/Gleichung: Einfüh,1,performanz,2.0572421247468,1,4.2232398182455,0.40026681249274,0.052532231378949,0.099371654040563,0.40918835544341,0.4443088960178,0.48712300083671,0.47435541413308,1.8813862707460003,False,True,True
317,5,15,2025-11-06,Quadratische Funktion/Gleichung: Einfüh,1,kognition,1.497714368025,1,2.4666707187762,0.6071780415781,0.23205273209578,0.36177305619739,0.29189022905129,0.4386722049905,0.33686635392545,0.2355554148444,-1.7565690994693002,False,True,True
1328,4,15,2025-11-11,Quadratische Funktion/Gleichung: Üb,1,kognition,2.4410982889583,1,4.2776947265947,0.57065609830007,0.061680906507123,0.098417161158226,0.35536178558859,0.45537212052641,0.40162071683407,0.40732235788888,1.8110240078185003,False,False,True
1329,4,15,2025-11-11,Quadratische Funktion/Gleichung: Üb,1,kognition,1.8124059963247,1,2.7008782028216,0.67104073187158,0.0,0.13221920340388,0.18986342323182,0.46057081054162,0.46390437256253,0.26236264134944,-1.5768165237731004,False,False,True
1330,4,15,2025-11-11,Quadratische Funktion/Gleichung: Üb,1,motivation,1.8221612265061,1,3.8471321766507,0.44931392700607,0.17701400363727,0.32602070668933,0.47364020949505,0.33648039015515,0.45262291343093,0.34360840341141,1.1462539738291002,False,True,True
1331,4,15,2025-11-11,Quadratische Funktion/Gleichung: Üb,1,performanz,1.5197445884373,1,3.4361783473499,0.43378832819198,0.20960916717409,0.30486789593503,0.39671769700491,0.36048769182062,0.44227627673826,0.43817441385638,-0.41095382930080016,False,True,True
1324,5,15,2025-11-13,Quadratische Funktion/Gleichung: VorbLK,1,performanz,1.4253665391979,1,2.8935343055325,0.39737641086683,0.047325988210371,0.030414216433146,0.39703066566278,0.45471727313677,0.49260228587913,0.48152065627541,-0.5426440418173999,False,False,True
1325,5,15,2025-11-13,Quadratische Funktion/Gleichung: VorbLK,1,regulation,1.8319677065092,1,3.9096314098023,0.46255600050836,0.047647478235413,0.088401420546268,0.37849837337598,0.46503960928608,0.44369421491831,0.46857691396354,1.0160971042698002,False,True,True
1326,5,15,2025-11-13,Quadratische Funktion/Gleichung: VorbLK,1,regulation,1.539769585776,1,2.8957199704337,0.47088581038576,0.15755269598282,0.14777939986544,0.33022333356776,0.43475917646087,0.38831659764443,0.5317379733254,-1.0139114393686,False,False,True
1327,5,15,2025-11-13,Quadratische Funktion/Gleichung: VorbLK,1,performanz,1.5583528329756,1,2.4727359267413,0.42450201381654,0.020128723815308,0.15990248555212,0.38637338240925,0.27902517895313,0.63021146496408,0.41171598220526,-0.4229840436924004,False,True,True
1320,5,15,2025-11-20,Quadratische Funktion/Gleichung: Übung,1,kognition,2.1928329711058,1,3.9028243912711,0.56185652560873,0.035514064351567,0.10716096158394,0.3336892807476,0.43935402011948,0.47241530936597,0.37948739649417,1.4300884645298,False,True,True
1321,5,15,2025-11-20,Quadratische Funktion/Gleichung: Übung,1,kognition,2.0311230831007,1,3.8229300313861,0.5312987037268,0.20795513229951,0.31164531269073,0.34246928522452,0.41648835124838,0.41913366222758,0.33305785235829,-0.07989435988499993,False,False,True
1322,5,15,2025-11-20,Quadratische Funktion/Gleichung: Übung,1,regulation,1.9449987244184,1,3.8214492248625,0.4744640681703,-0.034227517275499,0.028363956548983,0.33962254037949,0.48124977980893,0.4085459507913,0.50896754615728,-0.0014808065235998313,False,True,True
1323,5,15,2025-11-20,Quadratische Funktion/Gleichung: Übung,1,kognition,1.7468429863796,1,4.0578127668032,0.43048774842273,0.28241639133245,0.31314652429469,0.41780346808517,0.36786569284546,0.40358753700582,0.40507752344252,0.23636354194069975,False,True,True
1315,4,15,2025-11-25,Quadratische Funktion/Gleichung: LösGl,1,kognition,2.1684041030201,1,3.7011651508002,0.58586908607967,0.031850875719515,0.1133674869774,0.31201643281213,0.45610778016662,0.4616490767318,0.35267111220798,-0.3566476160029999,False,False,True
1316,4,15,2025-11-25,Quadratische Funktion/Gleichung: LösGl,1,motivation,1.376852504409,1,2.4862506965683,0.25215758794377,0.31975729701126,0.30109151145213,0.55378444678366,0.18303761876473,0.51110202343942,0.37696474323594,-1.2149144542319,False,True,True
1317,4,15,2025-11-25,Quadratische Funktion/Gleichung: LösGl,1,performanz,1.8125938090566,1,3.4721038792412,0.39217224110269,0.21769801896299,0.29717024810151,0.46920701499411,0.33079089078195,0.52204330620997,0.32921959148461,0.9858531826729,False,True,True
1318,4,15,2025-11-25,Quadratische Funktion/Gleichung: LösGl,1,kognition,1.5952881354409,1,3.3002997303996,0.48337527861293,0.21561703878008,0.26496779853028,0.40634427469871,0.46243389864905,0.40165324601205,0.33069249779107,-0.17180414884160022,False,True,True
1319,4,15,2025-11-25,Quadratische Funktion/Gleichung: LösGl,1,kognition,1.9179730577314,1,2.5315625227324,0.75762121784339,0.017681259848529,0.099494978821222,0.14000273146105,0.47547292371446,0.32817787034038,0.24982860468211,-0.7687372076671997,False,False,True
1310,0,15,2025-12-10,Quadratische Funktion/Gleichung: Üb,1,performanz,2.0870902816588,1,4.4145152628884,0.43968804871547,0.17418202291411,0.23306809459268,0.42217648532543,0.37570820245601,0.47277796758904,0.42320341528376,1.8829527401559996,False,True,True
1311,0,15,2025-12-10,Quadratische Funktion/Gleichung: Üb,1,performanz,1.7655165425851,1,2.9398724507521,0.56855014888986,0.0,0.28719775025849,0.24098330966354,0.39075259553747,0.60053984203804,0.15117119147353,-1.4746428121362998,False,False,True
1312,0,15,2025-12-10,Quadratische Funktion/Gleichung: Üb,1,regulation,1.4279047558095,1,3.0240571504654,0.33940662801459,0.35165369924952,-0.028935370103071,0.47015906248171,0.44061701743393,0.34950231383445,0.47218024096779,0.08418469971330023,False,True,True
1313,0,15,2025-12-10,Quadratische Funktion/Gleichung: Üb,1,motivation,0.89333260568571,1,1.8402929878184,0.47383385347688,0.43199408209538,0.45138914676579,0.48542691697996,0.27378226051945,0.25749984446847,0.090539355888244,-1.1837641626470001,False,True,True
1314,0,15,2025-12-10,Quadratische Funktion/Gleichung: Üb,1,performanz,1.5618287758453,1,1.9879308952083,0.25799613514327,0.0,0.29557723419353,0.36640379277672,0.20507194513958,0.78565151489663,0.22914512287584,0.1476379073898999,False,True,True
1306,5,15,2025-12-11,Quadratische Funktion/Gleichung: Üb,1,kognition,2.5326051745112,1,4.0096002650977,0.63163375167823,0.015541942208395,0.17179344520515,0.22267654332557,0.47982510846894,0.45027324687481,0.29785281840573,2.0216693698894,False,True,True
1307,5,15,2025-12-11,Quadratische Funktion/Gleichung: Üb,1,kognition,2.0025209823477,1,4.1753366045791,0.47960592784119,0.20384347683099,0.27356109825585,0.38796629419017,0.38566077691678,0.43325305356153,0.40819754744271,0.1657363394814002,False,False,True
1308,5,15,2025-12-11,Quadratische Funktion/Gleichung: Üb,1,performanz,2.1602420544193,1,4.0730731755336,0.50793164389237,0.029806912452068,0.14201670599099,0.36940497938456,0.35646034890973,0.5303702284784,0.41967456397547,-0.10226342904550023,False,True,True
1309,5,15,2025-12-11,Quadratische Funktion/Gleichung: Üb,1,performanz,1.8144280300528,1,3.648548811648,0.38885845163842,0.19199426251791,0.31575625939891,0.41583833205431,0.32791525199639,0.49729992682597,0.42949116716453,-0.4245243638856002,False,False,True
1302,0,15,2025-12-12,Funktionen: Quadratische Funktionen,23,kognition,2.1928329711058,1,3.9028243912711,0.56185652560873,0.035514064351567,0.10716096158394,0.3336892807476,0.43935402011948,0.47241530936597,0.37948739649417,0.2542755796231,False,True,True
1303,0,15,2025-12-12,Funktionen: Quadratische Funktionen,23,regulation,2.0584483248078,1,3.7903140793782,0.43782915236789,0.20100650117379,0.23487362217918,0.31187955950307,0.38918849396145,0.41116778334824,0.54307976882693,-0.11251031189289984,False,True,True
1304,0,15,2025-12-12,Funktionen: Quadratische Funktionen,23,kognition,1.7353345284312,1,2.9900649591247,0.58036489123308,0.10643085034257,0.28652846723075,0.23051807041907,0.42718416964422,0.47692739623724,0.32658716896938,-0.8002491202535,False,True,True
1305,0,15,2025-12-12,Funktionen: Quadratische Funktionen,23,kognition,2.2688988134381,1,4.362368859302,0.52010586118627,0.19744656419101,0.27327195712571,0.37284289932841,0.46304826268623,0.41077008263379,0.30604741185795,1.3723039001773003,False,False,True
1297,5,15,2026-01-08,Funktionen: Quadratische Funktionen,23,kognition,1.8124059963247,1,2.7008782028216,0.67104073187158,0.0,0.13221920340388,0.18986342323182,0.46057081054162,0.46390437256253,0.26236264134944,-1.6614906564804004,False,False,True
1298,5,15,2026-01-08,Funktionen: Quadratische Funktionen,23,performanz,1.8146533005108,1,2.9011619883243,0.48967516717457,0.0,0.17265110518826,0.31720137154232,0.35619597135299,0.62548973580807,0.33417546746929,0.20028378550269998,False,True,True
1299,5,15,2026-01-08,Funktionen: Quadratische Funktionen,23,kognition,2.3286846553298,1,4.8957032169324,0.47565789745932,0.17074892706981,0.16805093198274,0.40660069055794,0.39844650441423,0.45946383611046,0.42562708138808,1.9945412286081003,False,True,True
1300,5,15,2026-01-08,Funktionen: Quadratische Funktionen,23,kognition,1.4758361358457,1,2.8006523873511,0.52695967300848,0.28386141920944,0.3913078160065,0.35705838894269,0.40277514975236,0.34038294450806,0.28814611987675,-2.0950508295813,False,False,True
1301,5,15,2026-01-08,Funktionen: Quadratische Funktionen,23,performanz,1.9343789929705,1,3.7281985400685,0.40952297822629,0.23941046247707,0.13252961756498,0.43892855326055,0.39268182609114,0.51884946139171,0.37595484001876,0.9275461527174,False,True,True
1292,5,15,2026-01-15,Weitere Themen: Ethik Aufgaben,23,performanz,2.1524916087874,1,3.7834187822736,0.43529939562806,0.035551443866491,0.119184436252,0.4104201615304,0.35006848278279,0.56892616001453,0.42470070376623,0.0552202422050998,False,False,True
1293,5,15,2026-01-15,Weitere Themen: Ethik Aufgaben,23,performanz,1.8608741963844,1,3.0556171049096,0.55550638970887,0.0,0.29078875442313,0.25128473348535,0.3845063379814,0.60899911294624,0.15804728787018,-0.7278016773639999,False,False,True
1294,5,15,2026-01-15,Weitere Themen: Ethik Aufgaben,23,performanz,1.7623605672214,1,3.1844962872024,0.35830210771604,0.21987884155731,0.30560875784078,0.47619592143151,0.25159370964146,0.55341720451418,0.36542762457524,0.12887918229279993,False,False,True
1295,5,15,2026-01-15,Weitere Themen: Ethik Aufgaben,23,performanz,2.0864958050995,1,3.9909291971125,0.50686404877188,0.033885703813723,0.13418955811809,0.37059932669004,0.40085263899891,0.52280821682502,0.39060672750351,0.8064329099101002,False,False,True
1296,5,15,2026-01-15,Weitere Themen: Ethik Aufgaben,23,kognition,2.0318903529178,1,3.8938269022808,0.5218221522652,0.26818691882626,0.11186415844222,0.37523507366281,0.46558602370389,0.40539660056191,0.34833975080969,-0.09710229483169996,False,True,True
1288,5,15,2026-01-22,Weitere Themen: Satz des Pythagoras/Exponentielles Wachstum,23,regulation,1.9772187354812,1,3.5945149852943,0.44008146001926,0.21195562268381,0.24766753587711,0.30191198612596,0.39195609564178,0.39077811478869,0.55006398441248,1.1589703468014,False,True,True
1289,5,15,2026-01-22,Weitere Themen: Satz des Pythagoras/Exponentielles Wachstum,23,performanz,1.2088568683975,1,1.9527463174987,0.22768449948157,0.15287355723892,0.30282666445326,0.37380252504995,0.25326239678698,0.61905157216232,0.4959639051638,-1.6417686677956,False,True,True
1290,5,15,2026-01-22,Weitere Themen: Satz des Pythagoras/Exponentielles Wachstum,23,regulation,1.9449987244184,1,3.8214492248625,0.4744640681703,-0.034227517275499,0.028363956548983,0.33962254037949,0.48124977980893,0.4085459507913,0.50896754615728,1.8687029073638,False,True,True
1291,5,15,2026-01-22,Weitere Themen: Satz des Pythagoras/Exponentielles Wachstum,23,regulation,2.2222110673045,1,4.4739160676748,0.43845556240379,0.17584430150684,0.19189650233571,0.39549184493662,0.41275973460124,0.40805491465743,0.49670267985885,0.6524668428122999,False,False,True
1282,5,15,2026-01-29,Funktionen: Graph aus eine Funktion schreiben,23,kognition,2.5326051745112,1,4.0096002650977,0.63163375167823,0.015541942208395,0.17179344520515,0.22267654332557,0.47982510846894,0.45027324687481,0.29785281840573,-0.4643158025770999,False,True,True
1283,5,15,2026-01-29,Funktionen: Graph aus eine Funktion schreiben,23,kognition,2.0025209823477,1,4.1753366045791,0.47960592784119,0.20384347683099,0.27356109825585,0.38796629419017,0.38566077691678,0.43325305356153,0.40819754744271,0.1657363394814002,False,False,True
1284,5,15,2026-01-29,Funktionen: Graph aus eine Funktion schreiben,23,performanz,-1.4208154801294,-1,2.4266476899275,-0.20928205410567,-0.16359950628713,-0.29551362807447,-0.37210261836463,-0.25185081429813,-0.58550305056493,-0.54534086931492,-1.7486889146516003,True,True,True
1285,5,15,2026-01-29,Funktionen: Graph aus eine Funktion schreiben,23,kognition,1.1870654375839,1,2.0864446589711,0.56893900496705,0.31084537955775,0.2342149818428,0.44684722184464,0.34818528325812,0.25257943204789,0.37432006980412,-0.3402030309563999,True,True,True
1286,5,15,2026-01-29,Funktionen: Graph aus eine Funktion schreiben,23,regulation,1.0748847029185,1,2.1705909655679,0.41016065224904,0.049968981073429,0.032170610827381,0.39633397743253,0.46323979442207,0.45970750767414,0.49520143037311,0.0841463065968,False,True,True
125,2,16,2025-09-01,Weitere Themen: VorbBLF,1,performanz,2.1018406752718,1,4.0297451295107,0.50229795388456,0.030986423052732,0.16577460984972,0.36043056753727,0.43342058043781,0.52158024686899,0.35977892556151,,False,False,True
126,2,16,2025-09-01,Weitere Themen: VorbBLF,1,kognition,2.7682973486899,1,4.466581322438,0.6197785176323,0.02801118491248,0.21750641921344,0.23950031054412,0.50737318760695,0.42467013619691,0.2695250780338,0.43683619292730036,False,True,True
127,2,16,2025-09-01,Weitere Themen: VorbBLF,1,regulation,1.9603476546835,1,4.105530115666,0.40874243667907,0.052973024371062,0.031854050439072,0.42453459808445,0.46443239119492,0.45296988137695,0.47748836924115,-0.3610512067720002,False,True,True
128,2,16,2025-09-01,Weitere Themen: VorbBLF,1,motivation,1.6294014575425,1,3.4965039781999,0.44314978249296,0.30509532088616,0.34730960706809,0.46600741987634,0.30841816600965,0.45036942817978,0.27347418519816,-0.6090261374661003,False,True,True
129,2,16,2025-09-01,Weitere Themen: VorbBLF,1,kognition,2.2238972144743,1,3.9546306929547,0.56235126959478,0.020922098272622,0.19218035228865,0.30745598822261,0.40913861330308,0.52329609560557,0.33259972485648,0.45812671475480027,False,True,True
121,6,16,2025-09-04,Weitere Themen: vorbblf,1,kognition,2.340692642289,1,4.0340534938675,0.58023197846223,0.023304726557337,0.19163855593931,0.29484982127906,0.44721093505122,0.49891575077313,0.30034394131757,0.07942280091279974,False,False,True
122,6,16,2025-09-04,Weitere Themen: vorbblf,1,kognition,1.7486687554314,1,2.7706068465565,0.63114781013649,0.025265131873792,0.13115957607232,0.26311830194278,0.49211854154324,0.43307440247141,0.29127087745929,-1.263446647311,False,False,True
123,6,16,2025-09-04,Weitere Themen: vorbblf,1,kognition,1.9983364398439,1,3.73654460792,0.53480723541635,0.23766947744919,0.32205417002549,0.38482504297687,0.38977370733012,0.39078727981567,0.31787048430686,0.9659377613635001,False,False,True
124,6,16,2025-09-04,Weitere Themen: vorbblf,1,performanz,1.6947054846306,1,2.8834559931561,0.20938802611679,0.27570985816615,0.39325417309746,0.46355451865265,0.21889705964359,0.58773208654202,0.34242842733975,-0.8530886147638999,False,True,True
116,2,16,2025-09-08,Weitere Themen: VorbBLF,1,kognition,2.3310275582356,1,3.6813879930869,0.63319085918254,0.026149747064184,0.14669077169834,0.25844845876031,0.47775089783145,0.44131972317682,0.29505471879653,0.7979319999307997,False,True,True
117,2,16,2025-09-08,Weitere Themen: VorbBLF,1,kognition,2.511166734315,1,4.5541230711521,0.55140389950875,0.05235998110521,0.14658400966966,0.3346361050355,0.47968001633742,0.42651733665845,0.3843561228171,0.8727350780652001,False,False,True
118,2,16,2025-09-08,Weitere Themen: VorbBLF,1,regulation,1.6593102589405,1,3.445161991689,0.35697457681494,0.30867452774446,-0.051124322883014,0.44905706607895,0.45666641004076,0.36400878395462,0.48163350420338,-1.1089610794631,False,True,True
119,2,16,2025-09-08,Weitere Themen: VorbBLF,1,performanz,1.8332802440652,1,3.7822012353849,0.42596625359233,0.22614590803016,0.32285068440771,0.43402771920681,0.38695083916709,0.48471122578075,0.30019483903688,0.3370392436959002,False,True,True
120,2,16,2025-09-08,Weitere Themen: VorbBLF,1,kognition,1.6566860222492,1,2.4618609597996,0.67293779783815,0.0,0.25562377022792,0.15425123718291,0.44110365154733,0.5044428994776,0.094734207310967,-1.3203402755853002,False,True,True
111,6,16,2025-09-11,Weitere Themen: VorbBLF,1,performanz,2.1018406752718,1,4.0297451295107,0.50229795388456,0.030986423052732,0.16577460984972,0.36043056753727,0.43342058043781,0.52158024686899,0.35977892556151,1.5678841697111001,False,True,True
112,6,16,2025-09-11,Weitere Themen: VorbBLF,1,kognition,1.8346726067272,1,3.2578547618,0.56315186199242,0.031352009134577,0.21853304168741,0.26739485678908,0.44746296860024,0.50787483501136,0.32319380690867,-0.7718903677107001,False,True,True
113,6,16,2025-09-11,Weitere Themen: VorbBLF,1,kognition,2.1462963786463,1,4.3406553652064,0.49446253006518,0.26550279432215,0.053552965854877,0.37877182858556,0.4109033095443,0.44109602015534,0.41864927793105,1.0828006034064002,False,False,True
114,6,16,2025-09-11,Weitere Themen: VorbBLF,1,kognition,1.7468429863796,1,4.0578127668032,0.43048774842273,0.28241639133245,0.31314652429469,0.41780346808517,0.36786569284546,0.40358753700582,0.40507752344252,-0.28284259840320036,False,False,True
115,6,16,2025-09-11,Weitere Themen: VorbBLF,1,performanz,1.5570911828289,1,2.5553402422033,0.44652012702407,0.031112132778026,0.17952669910686,0.37349850335762,0.31353891804787,0.60934550462497,0.39787487959923,-1.5024725245999,False,True,True
106,2,16,2025-09-15,Weitere Themen: VorbBLF,1,kognition,2.2832192608297,1,3.6744837708226,0.62136974593878,0.027190698877438,0.14268191314304,0.2692631437537,0.4751857410169,0.4474561246316,0.30704335353319,1.1191435286193,False,True,True
107,2,16,2025-09-15,Weitere Themen: VorbBLF,1,kognition,1.8346726067272,1,3.2578547618,0.56315186199242,0.031352009134577,0.21853304168741,0.26739485678908,0.44746296860024,0.50787483501136,0.32319380690867,-0.4166290090225999,False,False,True
108,2,16,2025-09-15,Weitere Themen: VorbBLF,1,performanz,1.7576385021604,1,3.4507597507663,0.44464530526223,0.098341955792704,0.27435660761333,0.36291912005201,0.37409352724782,0.50934679190639,0.43156883465415,0.19290498896629993,False,True,True
109,2,16,2025-09-15,Weitere Themen: VorbBLF,1,sozial,0.795,1,1.4232512033443,0.0039636150795586,0.558576316232,0.36537152837564,0.40072947443809,0.12637695648689,-0.49456527866831,0.36512507595214,-2.027508547422,False,True,True
110,2,16,2025-09-15,Weitere Themen: VorbBLF,1,kognition,1.512680856227,1,2.7153344123817,0.55708618373762,-0.077067209853772,-0.023311259048937,0.34116611055201,0.49480456333913,0.45950366325734,0.33285937163261,1.2920832090373997,False,True,True
102,2,16,2025-09-22,Weitere Themen: KorrLK,1,kognition,2.4410982889583,1,4.2776947265947,0.57065609830007,0.061680906507123,0.098417161158226,0.35536178558859,0.45537212052641,0.40162071683407,0.40732235788888,1.5623603142130005,False,False,True
103,2,16,2025-09-22,Weitere Themen: KorrLK,1,kognition,1.8346238946577,1,3.050519966414,0.60141153008057,0.25796034376092,0.36992244687776,0.36833268059845,0.37038652482427,0.38425337642634,0.12002358492601,-1.2271747601807004,False,False,True
104,2,16,2025-09-22,Weitere Themen: KorrLK,1,performanz,1.7648070047484,1,3.6133072357558,0.41658136104671,0.19356657060967,0.3074035795803,0.39676228733864,0.34750802257374,0.48841739863985,0.42161091406453,0.5627872693418001,False,True,True
105,2,16,2025-09-22,Weitere Themen: KorrLK,1,kognition,1.6983290877114,1,3.1029026024035,0.54733384575381,0.32087660148077,0.40553359103825,0.40361836664247,0.35652164517353,0.36221028318406,0.10857334062683,-0.5104046333523002,False,True,True
98,6,16,2025-09-25,Weitere Themen: VorbBLF,1,performanz,2.1524916087874,1,3.7834187822736,0.43529939562806,0.035551443866491,0.119184436252,0.4104201615304,0.35006848278279,0.56892616001453,0.42470070376623,0.6805161798701,False,True,True
99,6,16,2025-09-25,Weitere Themen: VorbBLF,1,regulation,2.3556487699433,1,4.8061660753965,0.41195645886382,0.11739574529303,0.15525898219208,0.4125302752567,0.39087145664052,0.47876083040477,0.49012951939113,1.0227472931229,False,True,True
100,6,16,2025-09-25,Weitere Themen: VorbBLF,1,kognition,1.8346726067272,1,3.2578547618,0.56315186199242,0.031352009134577,0.21853304168741,0.26739485678908,0.44746296860024,0.50787483501136,0.32319380690867,-1.5483113135964999,False,True,True
101,6,16,2025-09-25,Weitere Themen: VorbBLF,1,performanz,1.7816761805797,1,3.5517580419398,0.42323574484856,0.16129366203002,0.30455667553456,0.39291713687201,0.3511092726904,0.50163078206162,0.4156926989252,0.29390328013980005,False,True,True
93,2,16,2025-09-29,Prüfungsvorbereitung: BLF,1,kognition,2.1266007185707,1,4.2434364120772,0.50114942244074,0.11396715072385,0.17824852421908,0.34183623305069,0.44985360536929,0.43478865646368,0.44251784498799,0.6916783701373999,False,True,True
94,2,16,2025-09-29,Prüfungsvorbereitung: BLF,1,performanz,1.4780206620485,1,3.1813676431278,0.43697363840821,0.31432923474525,0.046982968609961,0.43014855236104,0.39172434957001,0.46458510363938,0.39207451324792,-1.0620687689493997,False,True,True
95,2,16,2025-09-29,Prüfungsvorbereitung: BLF,1,performanz,1.6514653847318,1,3.1819690767104,0.46303540907394,0.052306337430451,0.18165981882267,0.37481530099105,0.44958792227474,0.51900573351321,0.37131243005745,0.0006014335825996753,False,False,True
96,2,16,2025-09-29,Prüfungsvorbereitung: BLF,1,kognition,1.9179730577314,1,2.5315625227324,0.75762121784339,0.017681259848529,0.099494978821222,0.14000273146105,0.47547292371446,0.32817787034038,0.24982860468211,-0.6504065539779997,False,True,True
97,2,16,2025-09-29,Prüfungsvorbereitung: BLF,1,kognition,2.2147698359634,1,4.5051999610504,0.49160191314302,0.062345305630295,0.07325617380748,0.40938129345955,0.38284523733197,0.45825543665079,0.47424482196104,1.9736374383180002,False,False,True
89,6,16,2025-10-02,Prüfungsvorbereitung: BLF,1,kognition,1.8767956837469,1,3.644316435302,0.51499110111725,0.10893645425238,0.17406012234356,0.29083577198318,0.41050812492958,0.47090042463132,0.46665300140837,-0.8608835257484002,False,False,True
90,6,16,2025-10-02,Prüfungsvorbereitung: BLF,1,kognition,2.087175008948,1,3.8486190862208,0.54231648781657,0.27060638372208,0.28486391342113,0.41839279174371,0.36470321541785,0.38419604127948,0.30958812099086,0.20430265091879996,False,False,True
91,6,16,2025-10-02,Prüfungsvorbereitung: BLF,1,kognition,1.9983364398439,1,3.73654460792,0.53480723541635,0.23766947744919,0.32205417002549,0.38482504297687,0.38977370733012,0.39078727981567,0.31787048430686,-0.11207447830080008,False,False,True
84,2,16,2025-10-20,Weitere Themen: Wacstum,1,kognition,2.5299323006465,1,4.4248015064122,0.57176046866182,0.052169000706233,0.13681307367429,0.33444133727735,0.45024896048661,0.45411408885347,0.36173372051404,1.9590631891369998,False,False,True
85,2,16,2025-10-20,Weitere Themen: Wacstum,1,kognition,2.1118789605959,1,3.9754603937968,0.53122744012662,0.022266357176725,0.15845702965771,0.31305095472288,0.4683200092299,0.49369494887372,0.36211699940813,-0.44934111261539966,False,False,True
86,2,16,2025-10-20,Weitere Themen: Wacstum,1,kognition,1.9179730577314,1,2.5315625227324,0.75762121784339,0.017681259848529,0.099494978821222,0.14000273146105,0.47547292371446,0.32817787034038,0.24982860468211,-1.4438978710644,False,False,True
87,2,16,2025-10-20,Weitere Themen: Wacstum,1,regulation,1.8368648761565,1,4.1100040351697,0.41981738804784,0.2174398262812,0.25997503083373,0.40458725813174,0.44247009024899,0.38687142347094,0.446924234428,1.5784415124373,False,True,True
88,2,16,2025-10-20,Weitere Themen: Wacstum,1,performanz,1.8144280300528,1,3.648548811648,0.38885845163842,0.19199426251791,0.31575625939891,0.41583833205431,0.32791525199639,0.49729992682597,0.42949116716453,-0.4614552235217002,False,True,True
80,6,16,2025-10-23,Prüfungsvorbereitung: BLF,1,kognition,2.2414953024427,1,4.7653905687971,0.47036870669794,0.071220868695358,0.091961975579142,0.39006654587399,0.46307096173179,0.4334201960125,0.45910780175665,1.1168417571491003,False,True,True
81,6,16,2025-10-23,Prüfungsvorbereitung: BLF,1,kognition,2.2375701027702,1,4.04857516276,0.55267951958922,0.19636489490517,0.31562955398473,0.31897353826335,0.43567210529291,0.4119372974083,0.30840327964697,-0.7168154060371004,False,False,True
82,6,16,2025-10-23,Prüfungsvorbereitung: BLF,1,performanz,1.7816761805797,1,3.5517580419398,0.42323574484856,0.16129366203002,0.30455667553456,0.39291713687201,0.3511092726904,0.50163078206162,0.4156926989252,-0.4968171208201997,False,True,True
83,6,16,2025-10-23,Prüfungsvorbereitung: BLF,1,motivation,1.2459236375843,1,1.9935420942378,0.1924119840039,0.33536319260425,0.25723120973569,0.62497671427077,0.082253812699267,0.4466343056288,0.43299820303145,-1.5582159477020001,False,True,True
75,2,16,2025-10-27,Stochastik (Wahrscheinlichkeitsrechnung): komplÜ,1,kognition,2.3310275582356,1,3.6813879930869,0.63319085918254,0.026149747064184,0.14669077169834,0.25844845876031,0.47775089783145,0.44131972317682,0.29505471879653,1.6878458988490999,False,True,True
76,2,16,2025-10-27,Stochastik (Wahrscheinlichkeitsrechnung): komplÜ,1,kognition,1.9342871926371,1,3.1073267084519,0.62249037491684,0.0,0.11492455442266,0.23104024420111,0.44023969477505,0.50017229306716,0.31926280320256,-0.574061284635,False,False,True
77,2,16,2025-10-27,Stochastik (Wahrscheinlichkeitsrechnung): komplÜ,1,kognition,2.509295155464,1,3.8411483190915,0.65326522548996,0.020984344791132,0.16805441832496,0.2240481499757,0.47451664831199,0.42970909557727,0.29076309654101,0.7338216106396,False,False,True
78,2,16,2025-10-27,Stochastik (Wahrscheinlichkeitsrechnung): komplÜ,1,performanz,1.6514653847318,1,3.1819690767104,0.46303540907394,0.052306337430451,0.18165981882267,0.37481530099105,0.44958792227474,0.51900573351321,0.37131243005745,-0.6591792423811,False,True,True
72,6,16,2025-10-30,Weitere Themen: expW,1,performanz,1.5566689652548,1,2.5067581730363,0.26142891558259,0.011477205989188,-0.061471372040178,0.42662989407497,0.21000085495624,0.62098640871495,0.5621378322668,0.3962780285827998,False,False,True
73,6,16,2025-10-30,Weitere Themen: expW,1,performanz,1.7507822794422,1,3.5816981353789,0.43084191867104,0.27919639518428,0.041731643197581,0.42322013003075,0.38270708324899,0.48881210117278,0.41250483607193,1.0749399623426,False,False,True
74,6,16,2025-10-30,Weitere Themen: expW,1,kognition,2.2737656651341,1,4.1458837301014,0.54843799989984,0.034286013102556,0.13553933049093,0.32831033288959,0.44885722494022,0.4471168507179,0.41290499410633,0.5641855947225003,False,True,True
68,2,16,2025-11-03,Prüfungsvorbereitung: BLF,1,regulation,1.7810357015046,1,3.5846603474751,0.44499407838611,0.049847783190915,0.036900952175072,0.39802316963037,0.42437609028194,0.46125148062342,0.49684783504823,-0.5612233826263,False,True,True
69,2,16,2025-11-03,Prüfungsvorbereitung: BLF,1,kognition,2.2919360807261,1,4.2764814618867,0.5359384208182,0.18590005547427,0.29880876428253,0.32922973437561,0.42820464055857,0.43139081174337,0.33327220027853,0.6918211144115998,False,True,True
70,2,16,2025-11-03,Prüfungsvorbereitung: BLF,1,methodik,1.6923157810732,1,3.4333342274091,0.45560273520211,0.048083977176934,0.071709281313335,0.3792497481292,0.49290594504422,0.4472213857957,0.44516561249039,-0.8431472344776001,False,True,True
71,2,16,2025-11-03,Prüfungsvorbereitung: BLF,1,kognition,1.473212922878,1,3.1443711090881,0.46852238064275,0.23827174473619,0.28124665024161,0.42298258717174,0.3350072408433,0.40654256773133,0.43380449033815,-0.28896311832099997,False,True,True
64,6,16,2025-11-06,Prüfungsvorbereitung: BLF,1,regulation,1.7810357015046,1,3.5846603474751,0.44499407838611,0.049847783190915,0.036900952175072,0.39802316963037,0.42437609028194,0.46125148062342,0.49684783504823,0.4402892383870003,False,True,True
65,6,16,2025-11-06,Prüfungsvorbereitung: BLF,1,kognition,2.5185769006605,1,4.2184095375211,0.59704277354559,0.016534651562969,0.12575866513627,0.26327533872727,0.48086186581374,0.46726620709058,0.32949476873946,0.6337491900459997,False,True,True
66,6,16,2025-11-06,Prüfungsvorbereitung: BLF,1,regulation,1.539769585776,1,2.8957199704337,0.47088581038576,0.15755269598282,0.14777939986544,0.33022333356776,0.43475917646087,0.38831659764443,0.5317379733254,-1.3226895670873997,False,True,True
67,6,16,2025-11-06,Prüfungsvorbereitung: BLF,1,performanz,1.9111802555909,1,3.117768540124,0.43972064620846,0.013917339892429,0.2372152704984,0.34251535550551,0.34082601478504,0.6129942300247,0.37541110055815,0.22204856969029985,False,True,True
1058,2,16,2025-11-10,Prüfungsvorbereitung: BLF,1,kognition,2.340692642289,1,4.0340534938675,0.58023197846223,0.023304726557337,0.19163855593931,0.29484982127906,0.44721093505122,0.49891575077313,0.30034394131757,0.9162849537434998,False,True,True
1059,2,16,2025-11-10,Prüfungsvorbereitung: BLF,1,kognition,2.6141570382954,1,4.7509591241489,0.55023658752227,0.028850685378498,0.14019568932654,0.32455234762618,0.43486249286301,0.46220706888315,0.41069855875331,0.7169056302814001,False,False,True
1060,2,16,2025-11-10,Prüfungsvorbereitung: BLF,1,methodik,1.6923157810732,1,3.4333342274091,0.45560273520211,0.048083977176934,0.071709281313335,0.3792497481292,0.49290594504422,0.4472213857957,0.44516561249039,-1.3176248967398,False,True,True
1061,2,16,2025-11-10,Prüfungsvorbereitung: BLF,1,kognition,2.1820491743331,1,4.4336617364237,0.49215397621954,0.1998670220788,0.11445072171214,0.39248883283008,0.46126862894737,0.42771883525212,0.39366803854352,1.0003275090145998,False,True,True
1062,2,16,2025-11-10,Prüfungsvorbereitung: BLF,1,performanz,1.9966423536502,1,4.363566322741,0.38111368433806,0.2107779087295,0.2996903444672,0.41367887200184,0.37838787209203,0.45757016858961,0.44365312663578,-0.07009541368269989,False,True,True
1053,6,16,2025-11-13,Prüfungsvorbereitung: BLF,1,kognition,2.2414953024427,1,4.7653905687971,0.47036870669794,0.071220868695358,0.091961975579142,0.39006654587399,0.46307096173179,0.4334201960125,0.45910780175665,0.40182424605610034,False,True,True
1054,6,16,2025-11-13,Prüfungsvorbereitung: BLF,1,performanz,1.5787926947118,1,2.9265661869219,0.28659557915233,0.27164848930045,0.25579104837216,0.52197291599618,0.21390104467077,0.53946748482647,0.41158186160399,-1.8388243818752001,False,True,True
1055,6,16,2025-11-13,Prüfungsvorbereitung: BLF,1,performanz,2.06132346452,1,3.8092753542734,0.46064846728107,0.033447451813805,0.14540012885798,0.38824406928337,0.41376980713662,0.54113128128023,0.38829864222467,0.8827091673515,False,False,True
1056,6,16,2025-11-13,Prüfungsvorbereitung: BLF,1,performanz,1.908251777238,1,2.9201146689021,0.40790346033823,0.025206114320241,0.21220241072225,0.37614643107652,0.29412015978366,0.65348298227126,0.36456809048078,-0.8891606853713001,False,False,True
1057,6,16,2025-11-13,Prüfungsvorbereitung: BLF,1,motivation,0.85188551646247,1,1.5890209998845,0.33406255970934,0.45645506608696,0.46047891028742,0.53610377426518,0.18684581263477,0.36274856741847,0.11871153327529,-1.3310936690175998,False,True,True
1049,6,16,2025-11-20,Geometrie: Tetraeder,1,regulation,1.7810357015046,1,3.5846603474751,0.44499407838611,0.049847783190915,0.036900952175072,0.39802316963037,0.42437609028194,0.46125148062342,0.49684783504823,1.9956393475906002,False,True,True
1050,6,16,2025-11-20,Geometrie: Tetraeder,1,kognition,2.5684402293092,1,4.7203348418297,0.54412131218651,0.034339382852549,0.145716218238,0.32815106372612,0.43803370736583,0.46050645028912,0.41218019240003,1.1356744943546002,False,True,True
1052,6,16,2025-11-20,Geometrie: Tetraeder,1,kognition,1.5921009565853,1,3.2676087905419,0.487235830934,0.3217676297975,0.077153240661545,0.42089421911035,0.40731311868329,0.40263476371624,0.3846263394302,0.8057478307423,False,False,True
1044,2,16,2025-11-24,Prüfungsvorbereitung: BLF,1,kognition,2.0547114305757,1,4.0202243037138,0.51109245764048,0.032870016624614,0.15348776998845,0.35931223423551,0.44420521406901,0.50173089465934,0.36875892782791,0.7526155131718997,False,False,True
1045,2,16,2025-11-24,Prüfungsvorbereitung: BLF,1,kognition,2.0311230831007,1,3.8229300313861,0.5312987037268,0.20795513229951,0.31164531269073,0.34246928522452,0.41648835124838,0.41913366222758,0.33305785235829,-0.1972942723276998,False,False,True
1046,2,16,2025-11-24,Prüfungsvorbereitung: BLF,1,kognition,1.7197401550854,1,2.6745080662689,0.64300936186405,0.0086656749691408,0.11409784127781,0.22665812140119,0.51583615204378,0.42030259628855,0.28164331889844,-1.1484219651171998,False,False,True
1047,2,16,2025-11-24,Prüfungsvorbereitung: BLF,1,kognition,2.2009129520582,1,3.5655874874173,0.61726343476093,0.037799812012656,0.18382639127447,0.28178965695487,0.46623570321268,0.46595771324522,0.26431334205833,0.8910794211484001,False,False,True
1048,2,16,2025-11-24,Prüfungsvorbereitung: BLF,1,regulation,2.3358286965014,1,4.766014081322,0.46034606997404,0.12046710266232,0.13530206615574,0.39610570126781,0.40717581938225,0.43859820175407,0.49010006173814,1.2004265939046999,False,True,True
1040,6,16,2025-11-27,Prüfungsvorbereitung: BLF,1,kognition,2.3289522253193,1,4.3258647160129,0.53837717876996,0.045037687757293,0.091400304366745,0.36030747239073,0.39133916782648,0.46224732450067,0.45069121706779,-0.4401493653091002,False,True,True
1041,6,16,2025-11-27,Prüfungsvorbereitung: BLF,1,kognition,2.2375701027702,1,4.04857516276,0.55267951958922,0.19636489490517,0.31562955398473,0.31897353826335,0.43567210529291,0.4119372974083,0.30840327964697,-0.27728955325290006,False,False,True
1042,6,16,2025-11-27,Prüfungsvorbereitung: BLF,1,regulation,2.3358286965014,1,4.766014081322,0.46034606997404,0.12046710266232,0.13530206615574,0.39610570126781,0.40717581938225,0.43859820175407,0.49010006173814,0.7174389185620003,False,True,True
1043,6,16,2025-11-27,Prüfungsvorbereitung: BLF,1,kognition,1.7353345284312,1,2.9900649591247,0.58036489123308,0.10643085034257,0.28652846723075,0.23051807041907,0.42718416964422,0.47692739623724,0.32658716896938,-1.7759491221973,False,True,True
1035,2,16,2025-12-01,Exponentialgleichung/-funktion: expW Vorb LK,1,kognition,2.1928329711058,1,3.9028243912711,0.56185652560873,0.035514064351567,0.10716096158394,0.3336892807476,0.43935402011948,0.47241530936597,0.37948739649417,0.9127594321463999,False,False,True
1036,2,16,2025-12-01,Exponentialgleichung/-funktion: expW Vorb LK,1,performanz,1.8608741963844,1,3.0556171049096,0.55550638970887,0.0,0.29078875442313,0.25128473348535,0.3845063379814,0.60899911294624,0.15804728787018,-0.8472072863614999,False,True,True
1037,2,16,2025-12-01,Exponentialgleichung/-funktion: expW Vorb LK,1,regulation,2.3378029514569,1,4.1845300685627,0.38787318485344,0.19216826862418,0.17250246888137,0.41054464039032,0.35562121575469,0.41920331406745,0.55867620172171,1.1289129636531001,False,True,True
1038,2,16,2025-12-01,Exponentialgleichung/-funktion: expW Vorb LK,1,kognition,1.9983364398439,1,3.4475065704142,0.57964520228655,0.17656477495722,0.28633515641049,0.33452481948389,0.42245213690023,0.39236938764407,0.32636834629356,-0.7370234981485,False,True,True
1039,2,16,2025-12-01,Exponentialgleichung/-funktion: expW Vorb LK,1,performanz,1.7349960417186,1,3.0088267944093,0.49568317504876,0.021792505626107,0.18265534692838,0.34599423350428,0.40517032831338,0.57663348339209,0.32260265823754,-0.43867977600489994,False,True,True
1031,6,16,2025-12-04,Prüfungsvorbereitung: BLF,1,performanz,1.6203139294579,1,2.8371568730149,0.54845682023067,0.028021755359531,0.16693232310901,0.30201188330985,0.37207718972365,0.57110279443525,0.33871143059007,-0.17166992139439996,False,False,True
1032,6,16,2025-12-04,Prüfungsvorbereitung: BLF,1,performanz,2.1257565680491,1,3.3833631186319,0.52299969028213,0.0,0.29892053573149,0.27568601845748,0.36872158033832,0.62829504565806,0.1743527374388,0.5462062456169998,False,False,True
1033,6,16,2025-12-04,Prüfungsvorbereitung: BLF,1,kognition,1.8346238946577,1,3.050519966414,0.60141153008057,0.25796034376092,0.36992244687776,0.36833268059845,0.37038652482427,0.38425337642634,0.12002358492601,-0.33284315221790006,False,True,True
1034,6,16,2025-12-04,Prüfungsvorbereitung: BLF,1,performanz,1.6859498552702,1,2.8674352088813,0.41373391072764,0.1011662724033,0.30642597316211,0.28072842674595,0.37441986092981,0.5879623610761,0.39998420555291,-0.1830847575326997,False,True,True
1026,2,16,2025-12-08,Prüfungsvorbereitung: BLF,1,kognition,1.8124059963247,1,2.7008782028216,0.67104073187158,0.0,0.13221920340388,0.18986342323182,0.46057081054162,0.46390437256253,0.26236264134944,-0.16655700605970036,False,True,True
1027,2,16,2025-12-08,Prüfungsvorbereitung: BLF,1,regulation,1.5887506947218,1,2.5500239990253,0.30106002388061,0.15568419877999,0.13842952687491,0.37101936000202,0.30931179423061,0.49442664870243,0.62303118128191,-0.15085420379629966,False,True,True
1028,2,16,2025-12-08,Prüfungsvorbereitung: BLF,1,regulation,1.9791706721549,1,4.2157345291432,0.37487060772453,0.2035061245517,0.30634878400679,0.42635033914532,0.34151654325095,0.45320148723103,0.46947120691802,1.6657105301178996,False,False,True
1029,2,16,2025-12-08,Prüfungsvorbereitung: BLF,1,kognition,2.0318903529178,1,3.8938269022808,0.5218221522652,0.26818691882626,0.11186415844222,0.37523507366281,0.46558602370389,0.40539660056191,0.34833975080969,-0.3219076268623997,False,True,True
1021,2,16,2025-12-15,Prüfungsvorbereitung: BLF,19,kognition,1.9138365334644,1,3.2342344427424,0.59174146152093,0.038405650800278,0.099214849723068,0.31748586916428,0.39987967905516,0.44424680314885,0.42480704035474,1.1477897837712998,False,False,True
1022,2,16,2025-12-15,Prüfungsvorbereitung: BLF,19,regulation,1.8242509726105,1,3.0738135965562,0.32324516488627,0.12915510195341,0.11484068259333,0.37391761079268,0.31226835180067,0.52544546528663,0.59347939636299,-0.1604208461862,False,True,True
1023,2,16,2025-12-15,Prüfungsvorbereitung: BLF,19,kognition,2.2100250055279,1,3.2116067792933,0.68813471762165,0.017947294660663,0.17188078042915,0.18690825439461,0.51175848081102,0.3961785800166,0.20690666844507,0.13779318273709995,False,True,True
1024,2,16,2025-12-15,Prüfungsvorbereitung: BLF,19,sozial,1.5587443540156,1,2.8888755659315,0.37831587943523,0.53956597395126,0.029926290388881,0.46983040777715,0.25197936507438,0.39635197416013,0.35144565621995,-0.3227312133617999,False,True,True
1025,2,16,2025-12-15,Prüfungsvorbereitung: BLF,19,kognition,1.9970448372755,1,4.0755904428795,0.49000015218972,0.40279418911373,0.10713189113846,0.40279418911373,0.44400420092339,0.35999867772762,0.31175728626283,1.1867148769480003,False,True,True
1016,6,16,2026-01-08,"Prüfungsvorbereitung: BLS A-2025, B-1 2025",19,performanz,1.0,1,1.6103819422733,0.37754784039823,0.0,0.0,0.36264463617198,0.29868505136768,0.62096684276024,0.50112024210752,-2.4652085006062006,False,True,True
1017,6,16,2026-01-08,"Prüfungsvorbereitung: BLS A-2025, B-1 2025",19,kognition,2.0772518399554,1,3.5046583852388,0.59270995472911,0.037629046859325,0.10166548436159,0.31605277833603,0.40263592842087,0.44426987951362,0.42137466894537,1.8942764429655001,False,True,True
1018,6,16,2026-01-08,"Prüfungsvorbereitung: BLS A-2025, B-1 2025",19,kognition,2.1924851933349,1,4.1237246674791,0.53167465177268,0.043815676360963,0.10727253755029,0.34110917171388,0.48275403593977,0.44641375703799,0.39395156450003,0.6190662822402997,False,False,True
1019,6,16,2026-01-08,"Prüfungsvorbereitung: BLS A-2025, B-1 2025",19,regulation,2.1507426574126,1,4.0230266961372,0.32285345704235,0.1940878730544,0.24341569490145,0.41164830638065,0.33607032387167,0.48024720787901,0.5346067709195,-0.10069797134189962,False,True,True
1020,6,16,2026-01-08,"Prüfungsvorbereitung: BLS A-2025, B-1 2025",19,performanz,1.8125938090566,1,3.4721038792412,0.39217224110269,0.21769801896299,0.29717024810151,0.46920701499411,0.33079089078195,0.52204330620997,0.32921959148461,-0.5509228168960001,False,True,True
1012,1,16,2026-01-13,Weitere Themen: Mathe Aufgaben,23,kognition,2.0532452617647,1,2.86636421726,0.71632142425822,0.0,0.24589649946494,0.10102785763875,0.48005379208708,0.42650143713645,0.062046789280422,-0.6057396619811999,False,True,True
1013,1,16,2026-01-13,Weitere Themen: Mathe Aufgaben,23,performanz,1.8146533005108,1,2.9011619883243,0.48967516717457,0.0,0.17265110518826,0.31720137154232,0.35619597135299,0.62548973580807,0.33417546746929,0.03479777106429971,False,True,True
1014,1,16,2026-01-13,Weitere Themen: Mathe Aufgaben,23,performanz,1.5619583131048,1,2.7800794322758,0.4828625632128,0.016496962767111,0.21435825162725,0.32723127590326,0.36859184201213,0.56183743406635,0.40250886323243,-0.12108255604850005,False,False,True
1015,1,16,2026-01-13,Weitere Themen: Mathe Aufgaben,23,kognition,2.2209564799031,1,4.2332441001739,0.52464520847256,0.057651067006785,0.12431452439003,0.36300826394135,0.46358746533329,0.45239334066434,0.39321350670068,1.4531646678981005,False,True,True
1008,6,16,2026-01-15,Prüfungsvorbereitung: BLF,1,performanz,1.9531896505829,1,3.2870701844949,0.41466224445206,0.031405075980467,0.13079068691856,0.40962322696175,0.34539700132505,0.59420200936871,0.41205624797762,-0.9461739156790001,False,True,True
1009,6,16,2026-01-15,Prüfungsvorbereitung: BLF,1,performanz,1.8146533005108,1,2.9011619883243,0.48967516717457,0.0,0.17265110518826,0.31720137154232,0.35619597135299,0.62548973580807,0.33417546746929,-0.38590819617060035,False,False,True
1010,6,16,2026-01-15,Prüfungsvorbereitung: BLF,1,regulation,2.313833831872,1,4.9946265310618,0.41890779460302,0.17740135474721,0.18447467974737,0.43405868844984,0.40459236989813,0.43851444065215,0.46326370647438,2.0934645427375003,False,True,True
1011,6,16,2026-01-15,Prüfungsvorbereitung: BLF,1,performanz,1.7576385021604,1,3.4507597507663,0.44464530526223,0.098341955792704,0.27435660761333,0.36291912005201,0.37409352724782,0.50934679190639,0.43156883465415,-1.5438667802955002,False,True,True
1006,1,16,2026-01-20,Weitere Themen: BLF Prüfungsvorbereitung,23,performanz,1.8146533005108,1,2.9011619883243,0.48967516717457,0.0,0.17265110518826,0.31720137154232,0.35619597135299,0.62548973580807,0.33417546746929,1.290780046051,False,False,True
1007,1,16,2026-01-20,Weitere Themen: BLF Prüfungsvorbereitung,23,kognition,1.3807910822945,1,1.7229179248308,0.80142126806034,0.039137726266037,0.19415880276327,0.085637230104267,0.52579057890913,0.14793460676579,0.11317607852982,-1.1782440634934999,False,True,True
1000,6,16,2026-01-22,Prüfungsvorbereitung: BLF Aufgaben,18,kognition,2.5326051745112,1,4.0096002650977,0.63163375167823,0.015541942208395,0.17179344520515,0.22267654332557,0.47982510846894,0.45027324687481,0.29785281840573,2.2866823402669,False,False,True
1001,6,16,2026-01-22,Prüfungsvorbereitung: BLF Aufgaben,18,kognition,1.8706043338075,1,3.4522478891995,0.54184953553435,0.028966549779741,0.10377305345183,0.30141773302564,0.50406736303315,0.44719022762149,0.38713011245978,-0.5573523758982,False,False,True
1002,6,16,2026-01-22,Prüfungsvorbereitung: BLF Aufgaben,18,kognition,1.8644313920995,1,3.3659078131316,0.55391471081846,0.027419524844313,0.15221827542323,0.29709727428258,0.43315863907753,0.40624546152473,0.47783024759156,-0.08634007606790028,False,False,True
1004,6,16,2026-01-22,Prüfungsvorbereitung: BLF Aufgaben,18,kognition,2.1462963786463,1,4.3406553652064,0.49446253006518,0.26550279432215,0.053552965854877,0.37877182858556,0.4109033095443,0.44109602015534,0.41864927793105,2.6177374403756,False,False,True
2758,0,17,2025-01-06,Fragewörter: Fragen stellen und beantworten,8,kognition,-2.7859437623561,-1,3.5968627380227,-0.77454610303716,-0.013900964432644,-0.10575594061038,-0.16236326457328,-0.42348213249437,-0.36422267860218,-0.22436156594287,,False,False,True
2757,0,17,2025-01-27,Schreiben: Jobs,21,sozial,1.0,1,1.1460842028403,0.17712331106546,0.87252862593824,0.0,0.38216753816095,0.0,0.21813215648456,0.11691883587572,-2.4507785351824003,True,True,True
2756,6,17,2025-01-30,Dezimalzahlen: GrundRA,1,kognition,2.1063936922436,1,4.1556781897009,0.50687000469957,0.019323089641497,0.25821320346202,0.43699791258942,0.40202238021958,0.40841226296759,0.39577872489359,3.0095939868606,False,True,True
2755,0,17,2025-02-03,weitere Themen: Jobs und Haushalt,21,motivation,-0.3523524487628,-1,0.50974750570972,-0.2780161422658,0.0,-0.36192124708165,-0.69121581304082,-0.25707175903932,-0.09508927882189,-0.48864469827661,-3.64593068399118,True,True,True
2754,6,17,2025-02-06,Grundrechenarten: Wdhlg/Zahlwörter/Zehnerrechnung,1,regulation,0.69295973748828,1,1.1580677294205,0.58927459511577,0.043174994846865,-0.14214678301128,0.32285840156537,0.31059576723034,0.26816723591541,0.59837066190283,0.6483202237107799,True,True,True
2753,6,17,2025-02-20,weitere Themen: Zahlwörter,1,motivation,2.477326279731,1,4.2794722999141,0.29494245967888,0.0,0.36832408635619,0.57888457203824,0.26721888278764,0.41844288561889,0.44241825442017,3.1214045704936,False,True,True
2752,6,17,2025-04-03,Geometrie: Mittelsenkrechte; Parallelen,1,kognition,0.811,1,0.99141868047763,0.81801143740294,0.0,0.17853023972912,0.0,0.48515844807745,0.25216135554961,0.0,-3.28805361943647,False,True,True
2751,0,17,2025-08-18,Schreiben: Schulferien,22,kognition,1.4257236190517,1,2.5401091263291,0.56128218723036,0.016084792925969,0.24137819152092,0.37753829227306,0.44616417507623,0.42470208123368,0.32320703844968,1.5486904458514696,False,False,True
2748,6,17,2025-08-28,Weitere Themen: JahrAbschl,1,kognition,1.919667488646,1,3.1988921097457,0.60010197961283,0.028359326892356,0.086449473354213,0.30337364378423,0.40429765756495,0.44207952411901,0.42504956153813,0.6587829834166001,False,False,True
2749,6,17,2025-08-28,Weitere Themen: JahrAbschl,1,motivation,2.0519663720169,1,4.2418067613595,0.35687517920945,0.29880068688514,0.34641805694199,0.4837470563814,0.35222911961893,0.45040191257754,0.32001503204027,1.0429146516138004,False,True,True
2750,6,17,2025-08-28,Weitere Themen: JahrAbschl,1,kognition,1.7197401550854,1,2.6745080662689,0.64300936186405,0.0086656749691408,0.11409784127781,0.22665812140119,0.51583615204378,0.42030259628855,0.28164331889844,-1.5672986950906003,False,True,True
2743,0,17,2025-09-01,Wortschatz: Vokabeln lernen,22,performanz,1.5072340371522,1,3.0906410220045,0.46922370585666,0.077011763893507,0.23510808419298,0.4219273012279,0.34983980019771,0.48767525884388,0.42470969885431,0.41613295573560016,False,True,True
2744,0,17,2025-09-01,Wortschatz: Vokabeln lernen,22,kognition,1.8346726067272,1,3.2578547618,0.56315186199242,0.031352009134577,0.21853304168741,0.26739485678908,0.44746296860024,0.50787483501136,0.32319380690867,0.1672137397954998,False,True,True
2747,0,17,2025-09-01,Wortschatz: Vokabeln lernen,22,kognition,-1.9126518936947,-1,2.4565373790634,-0.77859352927436,-0.03745307909242,-0.11025332059147,-0.20454905694459,-0.34066290346013,-0.30991497395093,-0.35536829525995,0.18149441799430033,True,False,True
2738,6,17,2025-09-04,Weitere Themen: jahrabschl,1,performanz,1.4253665391979,1,2.8935343055325,0.39737641086683,0.047325988210371,0.030414216433146,0.39703066566278,0.45471727313677,0.49260228587913,0.48152065627541,0.4369969264690998,True,True,True
2739,6,17,2025-09-04,Weitere Themen: jahrabschl,1,kognition,2.2069589158005,1,3.916840808544,0.5634523814352,0.076723644298226,0.31177537024684,0.31845471584113,0.42787289584912,0.43423975906972,0.32614892186079,1.0233065030114998,False,True,True
2740,6,17,2025-09-04,Weitere Themen: jahrabschl,1,kognition,2.1820491743331,1,4.4336617364237,0.49215397621954,0.1998670220788,0.11445072171214,0.39248883283008,0.46126862894737,0.42771883525212,0.39366803854352,0.5168209278796998,False,False,True
2741,6,17,2025-09-04,Weitere Themen: jahrabschl,1,kognition,2.4241953523872,1,3.6133900265862,0.67089038981313,0.0,0.27260700094581,0.12121547483737,0.48802215807,0.46603119948005,0.074445120390985,-0.8202717098374999,False,False,True
2742,6,17,2025-09-04,Weitere Themen: jahrabschl,1,kognition,2.087175008948,1,3.8486190862208,0.54231648781657,0.27060638372208,0.28486391342113,0.41839279174371,0.36470321541785,0.38419604127948,0.30958812099086,0.23522905963460028,False,False,True
2733,6,17,2025-09-11,Prozent- und Zinsrechnung: Üb,1,kognition,1.9138365334644,1,3.2342344427424,0.59174146152093,0.038405650800278,0.099214849723068,0.31748586916428,0.39987967905516,0.44424680314885,0.42480704035474,-0.6143846434784002,False,False,True
2734,6,17,2025-09-11,Prozent- und Zinsrechnung: Üb,1,kognition,2.4503618349918,1,3.8454915842306,0.63720213899796,0.018138101277961,0.1379541259842,0.2262590984732,0.50167899874423,0.44001213438009,0.2795035344365,0.6112571414882,False,False,True
2735,6,17,2025-09-11,Prozent- und Zinsrechnung: Üb,1,regulation,-1.1929257382862,-1,2.0618806987405,-0.17055995305799,-0.16267001999957,-0.30053932657278,-0.31632416360643,-0.29693945333983,-0.57545588039336,-0.57855915399148,-1.7836108854900998,True,True,True
2736,6,17,2025-09-11,Prozent- und Zinsrechnung: Üb,1,regulation,1.9411488061702,1,3.6709941375368,0.43631034728331,0.1180046765747,0.10514865737317,0.42125288148312,0.36060760730328,0.44446342445796,0.52877870289535,1.6091134387963,True,False,True
2737,6,17,2025-09-11,Prozent- und Zinsrechnung: Üb,1,kognition,1.497714368025,1,2.4666707187762,0.6071780415781,0.23205273209578,0.36177305619739,0.29189022905129,0.4386722049905,0.33686635392545,0.2355554148444,-1.2043234187606,False,True,True
2728,0,17,2025-09-15,Wortschatz: Vokabeln: shops,22,performanz,1.5072340371522,1,3.0906410220045,0.46922370585666,0.077011763893507,0.23510808419298,0.4219273012279,0.34983980019771,0.48767525884388,0.42470969885431,0.6239703032283002,False,True,True
2729,0,17,2025-09-15,Wortschatz: Vokabeln: shops,22,kognition,2.5676948589789,1,4.8411068993645,0.53039307092872,0.055075344692102,0.14096368902063,0.35448119397322,0.45919732605643,0.43721176125488,0.41000216890172,1.75046587736,False,True,True
2730,0,17,2025-09-15,Wortschatz: Vokabeln: shops,22,kognition,0.93033640217641,1,1.2552525715904,0.74114884266617,-0.11966765199692,-0.027913566952979,0.20778690514458,0.37491300437891,0.48696766266451,0.12128595433586,-3.5858543277741,False,False,True
2732,0,17,2025-09-15,Wortschatz: Vokabeln: shops,22,kognition,2.1295291688058,1,3.8556634144117,0.55231056677312,-0.021358987959407,0.036605380928274,0.40032807212631,0.41533960674309,0.47642679138095,0.36523916628587,2.98235451609736,False,False,True
2723,6,17,2025-09-18,Prozent- und Zinsrechnung: Üb,1,kognition,2.4207499997062,1,4.8013363108794,0.50418150305489,0.050987814741659,0.094859944650951,0.38810784929659,0.41463768278023,0.4438380933649,0.46330801454674,0.9456728964676997,False,False,True
2724,6,17,2025-09-18,Prozent- und Zinsrechnung: Üb,1,kognition,2.6141570382954,1,4.7509591241489,0.55023658752227,0.028850685378498,0.14019568932654,0.32455234762618,0.43486249286301,0.46220706888315,0.41069855875331,-0.050377186730499623,False,False,True
2725,6,17,2025-09-18,Prozent- und Zinsrechnung: Üb,1,regulation,-1.1929257382862,-1,2.0618806987405,-0.17055995305799,-0.16267001999957,-0.30053932657278,-0.31632416360643,-0.29693945333983,-0.57545588039336,-0.57855915399148,-2.6890784254084,True,True,True
2726,6,17,2025-09-18,Prozent- und Zinsrechnung: Üb,1,kognition,1.8515721846579,1,3.1492118583832,0.58794593328796,0.015904736151126,0.19002988281868,0.28714245259574,0.39675344827274,0.52855286700544,0.31419212553827,1.0873311596426998,True,True,True
2727,6,17,2025-09-18,Prozent- und Zinsrechnung: Üb,1,performanz,1.1747864893517,1,2.2665231128549,0.32812578318177,0.044120246659023,0.10778287658255,0.40448367029649,0.48240136058159,0.51831869681886,0.46237270467917,-0.8826887455282999,False,True,True
2718,0,17,2025-09-22,Der Satz: Bildbeschreibung,45,motivation,-1.5377179137409,-1,2.4928934477927,0.13722164635556,-0.31578569243068,-0.39649595844729,-0.61683813510808,0.0543506684467,-0.53990662017343,-0.22201376041514,0.2263703349377999,True,True,True
2719,0,17,2025-09-22,Der Satz: Bildbeschreibung,45,kognition,2.2121390502788,1,3.8761674124937,0.57070118698608,0.025560535840583,0.13032942806574,0.27745936801483,0.50759136562589,0.44230701292828,0.3555104859237,1.383273964701,True,True,True
2720,0,17,2025-09-22,Der Satz: Bildbeschreibung,45,regulation,1.4279047558095,1,3.0240571504654,0.33940662801459,0.35165369924952,-0.028935370103071,0.47015906248171,0.44061701743393,0.34950231383445,0.47218024096779,-0.8521102620282996,False,True,True
2721,0,17,2025-09-22,Der Satz: Bildbeschreibung,45,motivation,1.1703145985009,1,2.4432470610431,0.44437182473032,0.24030060576985,0.041446093194493,0.47899773509764,0.34897610469763,0.45089482456345,0.43420506806927,-0.5808100894223003,False,True,True
2722,0,17,2025-09-22,Der Satz: Bildbeschreibung,45,kognition,2.2741683893754,1,4.4226026497114,0.51421378481424,0.20190670340455,0.2771769151546,0.38230209960267,0.45121813753943,0.41512604872008,0.30968364954078,1.9793555886682999,False,True,True
2713,6,17,2025-09-25,Prozent- und Zinsrechnung: Üb,1,performanz,1.7146760432305,1,3.3685945007785,0.46692129171518,0.043118259161777,0.034712611149409,0.40662835417337,0.37420596681409,0.50901672868817,0.46307630734881,-1.0540081489328998,False,True,True
2714,6,17,2025-09-25,Prozent- und Zinsrechnung: Üb,1,kognition,2.189211103481,1,4.4107099279058,0.49633872457652,0.020069114607285,0.21068322682328,0.37723372686767,0.44311697942076,0.47270261859914,0.38307628077188,1.0421154271273,False,True,True
2715,6,17,2025-09-25,Prozent- und Zinsrechnung: Üb,1,kognition,2.1618147661197,1,3.4205843904462,0.63199974020822,0.020464279598748,0.16954941851328,0.24201836080613,0.48963150677988,0.45771258717943,0.2521744981739,-0.9901255374595999,False,False,True
2716,6,17,2025-09-25,Prozent- und Zinsrechnung: Üb,1,motivation,0.292,1,0.47720959755646,0.42538068645846,0.16763770894915,0.25145656342372,0.61187763766439,0.0,0.52386784046609,0.28079316248982,-2.94337479288974,False,True,True
2717,6,17,2025-09-25,Prozent- und Zinsrechnung: Üb,1,kognition,2.1046227351488,1,3.4246644235568,0.6145468079161,0.29199855995695,0.15229173432608,0.29199855995695,0.49927156175311,0.35186311417586,0.23564283788526,2.9474548260003397,False,True,True
2708,0,17,2025-09-29,Allgemeiner Sprachgebrauch: Fragen,45,kognition,2.6141570382954,1,4.7509591241489,0.55023658752227,0.028850685378498,0.14019568932654,0.32455234762618,0.43486249286301,0.46220706888315,0.41069855875331,2.5700116686845,False,False,True
2709,0,17,2025-09-29,Allgemeiner Sprachgebrauch: Fragen,45,kognition,2.1578157776495,1,4.3971375276988,0.49073081220424,0.060721922309847,0.069526878632361,0.41129175166939,0.38033388003918,0.45934695578322,0.47522962004667,-0.3538215964500999,False,False,True
2710,0,17,2025-09-29,Allgemeiner Sprachgebrauch: Fragen,45,motivation,0.21024,1,0.34359091024065,0.42537722003598,0.16763634287132,0.25145451430698,0.61187265148032,0.0,0.52386357147288,0.28079087430946,-4.05354661745815,False,True,True
2711,0,17,2025-09-29,Allgemeiner Sprachgebrauch: Fragen,45,kognition,1.7030709153254,1,2.9181769345331,0.58360583250226,0.11697894103087,0.20933489739418,0.32029085943614,0.40748398865711,0.49288427169095,0.30054594635137,2.57458602429245,False,True,True
2712,0,17,2025-09-29,Allgemeiner Sprachgebrauch: Fragen,45,kognition,1.5905975306114,1,3.4212937730334,0.46490976426836,0.057082965955221,0.2017768472665,0.45016195207528,0.37508978184815,0.45039571684974,0.44009802882654,0.5031168385002998,False,False,True
2702,6,17,2025-10-02,Prozent- und Zinsrechnung: PrR,1,performanz,1.5072340371522,1,3.0906410220045,0.46922370585666,0.077011763893507,0.23510808419298,0.4219273012279,0.34983980019771,0.48767525884388,0.42470969885431,-0.3306527510288997,False,True,True
2703,6,17,2025-10-02,Prozent- und Zinsrechnung: PrR,1,kognition,2.0948512713766,1,3.7884548804964,0.55295517774528,0.034880927385185,0.1206814926599,0.33155772300408,0.47446783761412,0.46013366953007,0.36287924164045,0.6978138584918998,False,True,True
2704,6,17,2025-10-02,Prozent- und Zinsrechnung: PrR,1,performanz,1.7212648120425,1,3.276288313951,0.46878708785693,0.035244448496262,0.11504846158701,0.38690581511958,0.42418921959293,0.5253687689894,0.40013659534304,-0.5121665665454,False,True,True
2705,6,17,2025-10-02,Prozent- und Zinsrechnung: PrR,1,performanz,2.260374675858,1,4.5339414150742,0.4388648454313,0.049012142319769,0.093902205182241,0.41400029487602,0.39896667426924,0.49854408857202,0.46589329515275,1.2576531011232004,False,False,True
2706,6,17,2025-10-02,Prozent- und Zinsrechnung: PrR,1,kognition,2.0386456472603,1,3.7892050143531,0.5380126594923,-0.14104168078453,0.06012504014222,0.28328564846942,0.48597911965339,0.41569139117888,0.44475108527832,-0.7447364007211004,False,True,True
2698,0,17,2025-10-20,"Weitere Themen: Weg,- und Ortsbeschreibung",24,kognition,2.3310275582356,1,3.6813879930869,0.63319085918254,0.026149747064184,0.14669077169834,0.25844845876031,0.47775089783145,0.44131972317682,0.29505471879653,-0.10781702126620019,False,False,True
2699,0,17,2025-10-20,"Weitere Themen: Weg,- und Ortsbeschreibung",24,kognition,2.6228056368715,1,4.6361765459891,0.56572478498315,0.048988682338982,0.17044432813436,0.3147111289115,0.48920271513479,0.42441388016159,0.36056963398192,0.9547885529022002,False,False,True
2700,0,17,2025-10-20,"Weitere Themen: Weg,- und Ortsbeschreibung",24,kognition,2.1820491743331,1,4.4336617364237,0.49215397621954,0.1998670220788,0.11445072171214,0.39248883283008,0.46126862894737,0.42771883525212,0.39366803854352,-0.20251480956540036,False,False,True
2701,0,17,2025-10-20,"Weitere Themen: Weg,- und Ortsbeschreibung",24,kognition,2.2009129520582,1,3.5655874874173,0.61726343476093,0.037799812012656,0.18382639127447,0.28178965695487,0.46623570321268,0.46595771324522,0.26431334205833,-0.8680742490063995,False,False,True
2693,6,17,2025-10-23,Grundrechenarten: schrftlMulDiv,1,regulation,1.8032788774168,1,3.5638921463643,0.42892954566546,0.068158107200648,0.053584339415261,0.41358022667357,0.42870104307606,0.44457128348317,0.50598439669744,-0.0016953410530002877,False,True,True
2694,6,17,2025-10-23,Grundrechenarten: schrftlMulDiv,1,kognition,2.5676948589789,1,4.8411068993645,0.53039307092872,0.055075344692102,0.14096368902063,0.35448119397322,0.45919732605643,0.43721176125488,0.41000216890172,1.2772147530002003,False,True,True
2695,6,17,2025-10-23,Grundrechenarten: schrftlMulDiv,1,kognition,2.2147698359634,1,4.5051999610504,0.49160191314302,0.062345305630295,0.07325617380748,0.40938129345955,0.38284523733197,0.45825543665079,0.47424482196104,-0.3359069383140998,False,False,True
2696,6,17,2025-10-23,Grundrechenarten: schrftlMulDiv,1,kognition,2.1618147661197,1,3.4205843904462,0.63199974020822,0.020464279598748,0.16954941851328,0.24201836080613,0.48963150677988,0.45771258717943,0.2521744981739,-1.0846155706042002,False,False,True
2697,6,17,2025-10-23,Grundrechenarten: schrftlMulDiv,1,kognition,2.2741683893754,1,4.4226026497114,0.51421378481424,0.20190670340455,0.2771769151546,0.38230209960267,0.45121813753943,0.41512604872008,0.30968364954078,1.0020182592651996,False,False,True
2687,0,17,2025-10-27,Weitere Themen: Vokabelübungen,12,kognition,2.3289522253193,1,4.3258647160129,0.53837717876996,0.045037687757293,0.091400304366745,0.36030747239073,0.39133916782648,0.46224732450067,0.45069121706779,-0.09673793369849992,False,False,True
2688,0,17,2025-10-27,Weitere Themen: Vokabelübungen,12,performanz,1.4780206620485,1,3.1813676431278,0.43697363840821,0.31432923474525,0.046982968609961,0.43014855236104,0.39172434957001,0.46458510363938,0.39207451324792,-1.1444970728850996,False,True,True
2689,0,17,2025-10-27,Weitere Themen: Vokabelübungen,12,performanz,1.7576385021604,1,3.4507597507663,0.44464530526223,0.098341955792704,0.27435660761333,0.36291912005201,0.37409352724782,0.50934679190639,0.43156883465415,0.26939210763849974,False,False,True
2690,0,17,2025-10-27,Weitere Themen: Vokabelübungen,12,performanz,1.9966423536502,1,4.363566322741,0.38111368433806,0.2107779087295,0.2996903444672,0.41367887200184,0.37838787209203,0.45757016858961,0.44365312663578,0.9128065719746998,False,False,True
2691,0,17,2025-10-27,Weitere Themen: Vokabelübungen,12,performanz,-1.8674785612985,-1,2.1129969924978,-0.23666123224212,0.09973348232948,-0.23115913641968,-0.28495457071789,-0.12530584779423,-0.88380141094134,0.050941979720327,-2.2505693302432,True,False,True
2692,0,17,2025-10-27,Weitere Themen: Vokabelübungen,12,kognition,0.811,1,0.99141868047763,0.81801143740294,0.0,0.17853023972912,0.0,0.48515844807745,0.25216135554961,0.0,-1.1215783120201697,True,True,True
2682,6,17,2025-10-30,Weitere Themen: Überschlag,1,performanz,1.0546278376074,1,2.0383290573272,0.42436159039773,0.070587328205849,0.083951372778933,0.46633964595264,0.35371936646566,0.5173956873447,0.44450947338743,1.0469103768495698,False,True,True
2683,6,17,2025-10-30,Weitere Themen: Überschlag,1,performanz,-1.7781209396438,-1,2.9238561433447,-0.25128913178248,-0.15374780174834,-0.28889999732454,-0.42599801146043,-0.2018020606664,-0.60814033627742,-0.48755747449881,0.8855270860175,True,False,True
2684,6,17,2025-10-30,Weitere Themen: Überschlag,1,performanz,1.7576385021604,1,3.4507597507663,0.44464530526223,0.098341955792704,0.27435660761333,0.36291912005201,0.37409352724782,0.50934679190639,0.43156883465415,0.5269036074216,True,False,True
2685,6,17,2025-10-30,Weitere Themen: Überschlag,1,kognition,1.884870137549,1,3.6334044341863,0.51876001807405,0.15340174444684,0.095149177439808,0.36402297008985,0.483195435891,0.42961310411021,0.38436845185597,0.18264468341999995,False,True,True
2686,6,17,2025-10-30,Weitere Themen: Überschlag,1,kognition,1.8888915756821,1,3.3233958757153,0.56836018419675,0.037237226112195,0.080792004910457,0.34461562095382,0.4123224685031,0.42860518859677,0.44336731060167,-0.31000855847099995,False,False,True
2677,0,17,2025-11-03,Allgemeiner Sprachgebrauch: Richtungen,21,regulation,1.3247263976281,1,2.6784274275527,0.40780106074132,0.051126766031992,0.032856799961825,0.3974764455768,0.46749536741828,0.45698941814727,0.49458926462152,-0.6449684481625999,False,True,True
2678,0,17,2025-11-03,Allgemeiner Sprachgebrauch: Richtungen,21,kognition,2.200270088071,1,4.1990309356057,0.52399348370573,0.021963229774419,0.18362881266575,0.31281566223708,0.46688529305889,0.50392461571568,0.34849477471601,1.520603508053,False,True,True
2679,0,17,2025-11-03,Allgemeiner Sprachgebrauch: Richtungen,21,performanz,1.7364678940513,1,3.5253302199341,0.45873591159058,0.17557733186734,0.29381275481814,0.38507725246167,0.43967873597745,0.49256746461871,0.29694741524276,-0.6737007156716,False,True,True
2680,0,17,2025-11-03,Allgemeiner Sprachgebrauch: Richtungen,21,regulation,1.8319677065092,1,3.9096314098023,0.46255600050836,0.047647478235413,0.088401420546268,0.37849837337598,0.46503960928608,0.44369421491831,0.46857691396354,0.38430118986820005,False,True,True
2681,0,17,2025-11-03,Allgemeiner Sprachgebrauch: Richtungen,21,performanz,1.6514653847318,1,3.1819690767104,0.46303540907394,0.052306337430451,0.18165981882267,0.37481530099105,0.44958792227474,0.51900573351321,0.37131243005745,-0.7276623330919003,False,True,True
2672,6,17,2025-11-06,Grundrechenarten: ÜbRech,1,performanz,1.5072340371522,1,3.0906410220045,0.46922370585666,0.077011763893507,0.23510808419298,0.4219273012279,0.34983980019771,0.48767525884388,0.42470969885431,-0.09132805470589966,False,False,True
2673,6,17,2025-11-06,Grundrechenarten: ÜbRech,1,kognition,2.6141570382954,1,4.7509591241489,0.55023658752227,0.028850685378498,0.14019568932654,0.32455234762618,0.43486249286301,0.46220706888315,0.41069855875331,1.6603181021443998,False,True,True
2674,6,17,2025-11-06,Grundrechenarten: ÜbRech,1,methodik,2.1006963532816,1,4.0258121877764,0.35511096938672,0.067184401701719,0.040745767506346,0.41140200825069,0.52180554810889,0.42027935861791,0.49954968560314,-0.7251469363725,False,True,True
2675,6,17,2025-11-06,Grundrechenarten: ÜbRech,1,kognition,1.7810481523429,1,3.4485985759833,0.51645413305136,0.19987339821091,0.26136553149895,0.38073011467188,0.4730752660784,0.39683639254655,0.31428213854986,-0.5772136117930997,False,True,True
2676,6,17,2025-11-06,Grundrechenarten: ÜbRech,1,motivation,1.1646065491769,1,2.3654242772316,0.32899178951382,0.42911044764118,0.0065736010195556,0.49234365139069,0.36822892694217,0.37707320345214,0.432894842167,-1.0831742987517003,False,True,True
2668,6,17,2025-11-13,Prozent- und Zinsrechnung: Üb,1,kognition,1.9447651791729,1,3.3466330496577,0.58110923403433,0.046416962130248,0.043712270511339,0.33692203134747,0.47015395919109,0.36781222046947,0.43404349430382,0.9812087724261,False,True,True
2669,6,17,2025-11-13,Prozent- und Zinsrechnung: Üb,1,performanz,1.4780206620485,1,3.1813676431278,0.43697363840821,0.31432923474525,0.046982968609961,0.43014855236104,0.39172434957001,0.46458510363938,0.39207451324792,-0.16526540652989974,False,True,True
2670,6,17,2025-11-13,Prozent- und Zinsrechnung: Üb,1,kognition,2.0386456472603,1,3.7892050143531,0.5380126594923,-0.14104168078453,0.06012504014222,0.28328564846942,0.48597911965339,0.41569139117888,0.44475108527832,0.6078373712252998,False,True,True
2671,6,17,2025-11-13,Prozent- und Zinsrechnung: Üb,1,performanz,1.8049843709444,1,3.2797650376075,0.51103466186798,0.021407769205401,0.22605758756772,0.31018699662224,0.44980613606563,0.55033785861762,0.29302535620085,-0.5094399767455999,False,True,True
2664,0,17,2025-11-17,Sprechen: Aussprache,21,performanz,1.5752921706211,1,3.3390173794307,0.4453971633637,0.10840822376021,0.24513638282625,0.41734687449694,0.34808714570617,0.47178174708159,0.46027176364271,0.05925234182319983,False,False,True
2665,0,17,2025-11-17,Sprechen: Aussprache,21,kognition,2.1149148429999,1,2.9207356266883,0.72410100478276,0.0,0.17470319108147,0.116754695985,0.4966933615981,0.39847706619926,0.16133739667791,-0.41828175274239987,False,True,True
2666,0,17,2025-11-17,Sprechen: Aussprache,21,kognition,1.9179730577314,1,2.5315625227324,0.75762121784339,0.017681259848529,0.099494978821222,0.14000273146105,0.47547292371446,0.32817787034038,0.24982860468211,-0.3891731039558999,False,False,True
2667,0,17,2025-11-17,Sprechen: Aussprache,21,methodik,2.1006963532816,1,4.0258121877764,0.35511096938672,0.067184401701719,0.040745767506346,0.41140200825069,0.52180554810889,0.42027935861791,0.49954968560314,1.4942496650439998,False,True,True
2660,6,17,2025-11-20,Weitere Themen: EinhRech,1,performanz,1.5072340371522,1,3.0906410220045,0.46922370585666,0.077011763893507,0.23510808419298,0.4219273012279,0.34983980019771,0.48767525884388,0.42470969885431,-0.9351711657718997,False,True,True
2661,6,17,2025-11-20,Weitere Themen: EinhRech,1,kognition,1.8346726067272,1,3.2578547618,0.56315186199242,0.031352009134577,0.21853304168741,0.26739485678908,0.44746296860024,0.50787483501136,0.32319380690867,0.1672137397954998,False,True,True
2662,6,17,2025-11-20,Weitere Themen: EinhRech,1,performanz,1.6514653847318,1,3.1819690767104,0.46303540907394,0.052306337430451,0.18165981882267,0.37481530099105,0.44958792227474,0.51900573351321,0.37131243005745,-0.07588568508960014,False,True,True
2655,0,17,2025-11-24,Zeiten: Simple Past,21,kognition,1.9337706589825,1,3.566071840425,0.5422676050396,0.036960314653823,0.086908678366079,0.35172664771916,0.42484250428045,0.48238640067418,0.40015200260296,1.2992139519732997,False,True,True
2656,0,17,2025-11-24,Zeiten: Simple Past,21,kognition,2.4784503914436,1,3.9956993418333,0.62027794802174,0.017456248999166,0.13276811815846,0.24254013544875,0.49304966323876,0.45222844057314,0.30146959684203,0.4296275014083002,False,False,True
2657,0,17,2025-11-24,Zeiten: Simple Past,21,regulation,-1.5778553976281,-1,3.1343365456388,-0.40745386813153,-0.04432816909896,-0.028364726577879,-0.39059713741832,-0.4570831809565,-0.46507479001945,-0.50340808671061,-0.8613627961944998,True,True,True
2658,0,17,2025-11-24,Zeiten: Simple Past,21,kognition,1.5952881354409,1,3.3002997303996,0.48337527861293,0.21561703878008,0.26496779853028,0.40634427469871,0.46243389864905,0.40165324601205,0.33069249779107,0.16596318476079963,True,True,True
2659,0,17,2025-11-24,Zeiten: Simple Past,21,performanz,1.8490362237485,1,3.7094848636328,0.4447525791376,0.057996141719878,0.17100853369173,0.35040530339462,0.42589653003669,0.49846038118992,0.46577655391603,0.4091851332332004,False,True,True
2650,0,17,2025-12-01,Allgemeiner Sprachgebrauch: Sprechen,21,motivation,1.7470306227058,1,3.6941165863736,0.35861772438682,0.24073354711313,0.23271670472127,0.47292115791323,0.38161039047148,0.41343649431098,0.4680465381299,-0.015368277259200092,False,True,True
2651,0,17,2025-12-01,Allgemeiner Sprachgebrauch: Sprechen,21,kognition,2.4503618349918,1,3.8454915842306,0.63720213899796,0.018138101277961,0.1379541259842,0.2262590984732,0.50167899874423,0.44001213438009,0.2795035344365,0.15137499785699982,False,True,True
2652,0,17,2025-12-01,Allgemeiner Sprachgebrauch: Sprechen,21,kognition,2.0461096300162,1,3.8838793061339,0.52681975945728,0.069481231038198,0.10297437976036,0.38799774098501,0.3506570616886,0.45990962201269,0.47117400700764,0.038387721903299976,False,False,True
2653,0,17,2025-12-01,Allgemeiner Sprachgebrauch: Sprechen,21,motivation,1.2052751378734,1,2.5677818078907,0.35414748083857,0.38945317322984,-0.016509864641924,0.46938195463106,0.38464361882541,0.39297273842287,0.44713277366814,-1.3160974982431997,False,True,True
2654,0,17,2025-12-01,Allgemeiner Sprachgebrauch: Sprechen,21,kognition,2.3451113517338,1,4.4817017288967,0.523262425964,0.19873882290832,0.28092411061755,0.37361537614605,0.45456628790124,0.41330948442571,0.30121886733082,1.9139199210059994,False,True,True
2645,6,17,2025-12-04,Grundrechenarten: ratZ,1,kognition,1.7348832013882,1,3.586103254132,0.48377814041128,0.21624124958158,0.25466237068262,0.40759703466828,0.38794169160328,0.41830305549323,0.40339606808647,-0.8955984747646997,False,False,True
2646,6,17,2025-12-04,Grundrechenarten: ratZ,1,regulation,1.4239005001997,1,2.191058309294,0.27821751197677,0.18119015199847,0.16110862381728,0.36687155021483,0.30532321749413,0.46223087885444,0.64986586413571,-1.3950449448379998,False,True,True
2647,6,17,2025-12-04,Grundrechenarten: ratZ,1,motivation,1.8221612265061,1,3.8471321766507,0.44931392700607,0.17701400363727,0.32602070668933,0.47364020949505,0.33648039015515,0.45262291343093,0.34360840341141,1.6560738673567,False,True,True
2648,6,17,2025-12-04,Grundrechenarten: ratZ,1,regulation,1.539769585776,1,2.8957199704337,0.47088581038576,0.15755269598282,0.14777939986544,0.33022333356776,0.43475917646087,0.38831659764443,0.5317379733254,-0.9514122062169998,False,True,True
2649,6,17,2025-12-04,Grundrechenarten: ratZ,1,kognition,1.5562227666131,1,2.4841524395122,0.62645773153172,0.026934422112975,0.11048610191612,0.28196781380968,0.45186599898245,0.43956086873643,0.34308531216086,-0.41156753092150034,False,True,True
2641,0,17,2025-12-08,Allgemeiner Sprachgebrauch: Verneinung,21,kognition,2.0025209823477,1,4.1753366045791,0.47960592784119,0.20384347683099,0.27356109825585,0.38796629419017,0.38566077691678,0.43325305356153,0.40819754744271,1.7397919660862002,False,False,True
2642,0,17,2025-12-08,Allgemeiner Sprachgebrauch: Verneinung,21,kognition,2.3210201415921,1,3.3989502526716,0.68286180745059,0.01826365831898,0.17566245392676,0.19020295592194,0.51264892743446,0.39897867265262,0.21055388947738,-0.7763863519075005,False,False,True
2644,0,17,2025-12-08,Allgemeiner Sprachgebrauch: Verneinung,21,regulation,2.1507426574126,1,4.0230266961372,0.32285345704235,0.1940878730544,0.24341569490145,0.41164830638065,0.33607032387167,0.48024720787901,0.5346067709195,2.5225408159919,False,True,True
2635,6,17,2025-12-11,Grundrechenarten: ratZ,1,kognition,2.0164952679339,1,3.535433115609,0.57036563791144,0.033016511423778,0.12199100767119,0.31734595650186,0.47925212650319,0.45533452674429,0.3478288343536,-0.4875935805282001,False,True,True
2636,6,17,2025-12-11,Grundrechenarten: ratZ,1,kognition,2.3459293201978,1,3.9453024964552,0.59461178862399,0.17052830396184,0.30842106960146,0.27913815177287,0.45862360065479,0.4018311838535,0.26926989756156,0.40986938084619995,False,False,True
2637,6,17,2025-12-11,Grundrechenarten: ratZ,1,motivation,0.69981913800531,1,1.3025838667872,0.36115172343753,0.5163664375442,0.47059949911277,0.53725044762523,0.18827947253543,0.22451528516508,0.083436058304641,-2.642718629668,False,True,True
2638,6,17,2025-12-11,Grundrechenarten: ratZ,1,regulation,1.539769585776,1,2.8957199704337,0.47088581038576,0.15755269598282,0.14777939986544,0.33022333356776,0.43475917646087,0.38831659764443,0.5317379733254,1.5931361036465002,False,True,True
2639,6,17,2025-12-11,Grundrechenarten: ratZ,1,motivation,1.3731526696862,1,2.5027427502368,0.32393594064879,0.33971266398016,0.33330308238438,0.54865694166406,0.21347094334422,0.42808596573203,0.37243791298749,-0.3929772201969004,False,True,True
2630,0,17,2025-12-15,Hörverstehen: Übersetzen,21,regulation,1.8431158130951,1,3.8062665103397,0.45301736805624,0.066422624616704,0.065348142953673,0.42065754004588,0.39148897570872,0.47052305154077,0.48423066692298,1.3035237601029004,False,True,True
2632,0,17,2025-12-15,Hörverstehen: Übersetzen,21,performanz,1.5399390735643,1,2.5074879048464,0.37305328524839,0.028718278910358,0.13735554249582,0.41621030612412,0.36013603341378,0.61413374287892,0.40130132079964,0.3164295955523997,False,True,True
2633,0,17,2025-12-15,Hörverstehen: Übersetzen,21,kognition,1.497714368025,1,2.4666707187762,0.6071780415781,0.23205273209578,0.36177305619739,0.29189022905129,0.4386722049905,0.33686635392545,0.2355554148444,-0.040817186070199796,False,True,True
2634,0,17,2025-12-15,Hörverstehen: Übersetzen,21,regulation,1.553207951233,1,3.2346333289896,0.43733050150753,0.22603274082431,0.032045122263973,0.45206961184473,0.39443184375602,0.40755714823022,0.48017904704139,0.7679626102134001,False,True,True
2626,3,17,2025-12-17,Algebra: Rat.zahlen,19,kognition,0.44118140327121,1,0.76217331798458,0.57883896545757,0.024642229308857,0.015404501148902,0.33042660170835,0.22334056097015,0.55147721954348,0.44820174558608,-2.47246001100502,False,True,True
2628,3,17,2025-12-17,Algebra: Rat.zahlen,19,regulation,1.0,1,1.6261417527387,0.37388884461493,0.073793850910841,0.061494875759034,0.35913007443276,0.44337805422264,0.38372802473637,0.61494875759034,-0.7913555216079999,False,True,True
2629,3,17,2025-12-17,Algebra: Rat.zahlen,19,kognition,2.1462963786463,1,4.3406553652064,0.49446253006518,0.26550279432215,0.053552965854877,0.37877182858556,0.4109033095443,0.44109602015534,0.41864927793105,2.7145136124677,False,True,True
2621,0,17,2025-12-22,Allgemeiner Sprachgebrauch: There is und there are,21,kognition,1.9337706589825,1,3.566071840425,0.5422676050396,0.036960314653823,0.086908678366079,0.35172664771916,0.42484250428045,0.48238640067418,0.40015200260296,-0.7745835247814004,False,False,True
2622,0,17,2025-12-22,Allgemeiner Sprachgebrauch: There is und there are,21,regulation,2.0584483248078,1,3.7903140793782,0.43782915236789,0.20100650117379,0.23487362217918,0.31187955950307,0.38918849396145,0.41116778334824,0.54307976882693,0.22424223895320017,False,True,True
2623,0,17,2025-12-22,Allgemeiner Sprachgebrauch: There is und there are,21,performanz,1.8144280300528,1,3.648548811648,0.38885845163842,0.19199426251791,0.31575625939891,0.41583833205431,0.32791525199639,0.49729992682597,0.42949116716453,-0.14176526773020015,False,True,True
2624,0,17,2025-12-22,Allgemeiner Sprachgebrauch: There is und there are,21,regulation,2.0107729389583,1,4.1826548987587,0.42262531457781,0.16192150458247,0.16866783506966,0.43524035966832,0.39405455354042,0.43691172839776,0.48073966899788,0.5341060871107,False,True,True
2625,0,17,2025-12-22,Allgemeiner Sprachgebrauch: There is und there are,21,motivation,1.3731526696862,1,2.5027427502368,0.32393594064879,0.33971266398016,0.33330308238438,0.54865694166406,0.21347094334422,0.42808596573203,0.37243791298749,-1.6799121485219,False,True,True
2616,0,17,2026-01-05,Leseverstehen: Text lesen und dazu Fragen beantworten,24,kognition,2.5326051745112,1,4.0096002650977,0.63163375167823,0.015541942208395,0.17179344520515,0.22267654332557,0.47982510846894,0.45027324687481,0.29785281840573,1.5068575148609002,False,True,True
2617,0,17,2026-01-05,Leseverstehen: Text lesen und dazu Fragen beantworten,24,regulation,2.0584483248078,1,3.7903140793782,0.43782915236789,0.20100650117379,0.23487362217918,0.31187955950307,0.38918849396145,0.41116778334824,0.54307976882693,-0.2192861857195001,False,True,True
2618,0,17,2026-01-05,Leseverstehen: Text lesen und dazu Fragen beantworten,24,performanz,2.1602420544193,1,4.0730731755336,0.50793164389237,0.029806912452068,0.14201670599099,0.36940497938456,0.35646034890973,0.5303702284784,0.41967456397547,0.28275909615540007,False,True,True
2619,0,17,2026-01-05,Leseverstehen: Text lesen und dazu Fragen beantworten,24,regulation,2.313833831872,1,4.9946265310618,0.41890779460302,0.17740135474721,0.18447467974737,0.43405868844984,0.40459236989813,0.43851444065215,0.46326370647438,0.9215533555282001,False,True,True
2620,0,17,2026-01-05,Leseverstehen: Text lesen und dazu Fragen beantworten,24,performanz,1.2945417374836,1,2.2888856549031,0.21945057193054,0.18392997448974,0.30161300890777,0.37123476885487,0.26169585814646,0.56557481539648,0.54850452907291,-2.7057408761587003,False,True,True
2611,6,17,2026-01-08,Algebra: rat.Zahlen add + sub,19,kognition,2.1867464814939,1,3.2300083339717,0.6770074517828,0.0061475112419661,0.23475763320435,0.17138860779136,0.46567231500301,0.46383909807791,0.15853804381284,0.9411226790686,False,True,True
2612,6,17,2026-01-08,Algebra: rat.Zahlen add + sub,19,performanz,2.3238211125165,1,4.8604079848911,0.47652082017042,0.045968410589216,0.15904505569559,0.36906918169985,0.45571026315801,0.47811137226062,0.41598194606199,1.6303996509193999,False,True,True
2613,6,17,2026-01-08,Algebra: rat.Zahlen add + sub,19,kognition,0.93570925639273,1,1.5004858801453,0.62360001701712,0.0,0.24260501994395,0.17028068240827,0.39305027489902,0.59921816561108,0.098519311780762,-3.3599221047457997,False,True,True
2614,6,17,2026-01-08,Algebra: rat.Zahlen add + sub,19,performanz,1.7648070047484,1,3.6133072357558,0.41658136104671,0.19356657060967,0.3074035795803,0.39676228733864,0.34750802257374,0.48841739863985,0.42161091406453,2.1128213556105,False,True,True
2606,0,17,2026-01-12,Allgemeiner Sprachgebrauch: Übersetzen,21,kognition,1.9435674319259,1,3.7313954952578,0.52086738747529,0.23932520770493,0.02661409437125,0.39484263499938,0.44414344902299,0.38478142574485,0.41168687661556,1.9483952993090001,False,True,True
2607,0,17,2026-01-12,Allgemeiner Sprachgebrauch: Übersetzen,21,kognition,1.8706043338075,1,3.4522478891995,0.54184953553435,0.028966549779741,0.10377305345183,0.30141773302564,0.50406736303315,0.44719022762149,0.38713011245978,-0.2791476060583,False,False,True
2608,0,17,2026-01-12,Allgemeiner Sprachgebrauch: Übersetzen,21,regulation,1.0,1,1.6261417527387,0.37388884461493,0.073793850910841,0.061494875759034,0.35913007443276,0.44337805422264,0.38372802473637,0.61494875759034,-1.8261061364608,False,True,True
2609,0,17,2026-01-12,Allgemeiner Sprachgebrauch: Übersetzen,21,motivation,1.8221612265061,1,3.8471321766507,0.44931392700607,0.17701400363727,0.32602070668933,0.47364020949505,0.33648039015515,0.45262291343093,0.34360840341141,2.220990423912,False,True,True
2610,0,17,2026-01-12,Allgemeiner Sprachgebrauch: Übersetzen,21,kognition,1.9922358740197,1,3.8521527770518,0.51717333594725,0.2710882643526,0.10774851488301,0.37929450581954,0.46369413413706,0.40567374678804,0.35210821939154,0.005020600401099973,False,True,True
2602,6,17,2026-01-15,Grundrechenarten: schrftlDiv,1,performanz,2.0870902816588,1,4.4145152628884,0.43968804871547,0.17418202291411,0.23306809459268,0.42217648532543,0.37570820245601,0.47277796758904,0.42320341528376,0.5623624858365996,False,True,True
2603,6,17,2026-01-15,Grundrechenarten: schrftlDiv,1,kognition,1.6572392084879,1,2.7485111833519,0.6029566803145,0.036207071392921,0.095577072626153,0.31056895785456,0.39725124495274,0.44300457099163,0.41889778835364,-1.6660040795364996,False,True,True
2604,6,17,2026-01-15,Grundrechenarten: schrftlDiv,1,kognition,1.9163287574076,1,3.4981448019098,0.54781130793909,0.039250377891882,0.1024699522979,0.33116280566641,0.48098751768654,0.44968927694479,0.3802869028609,0.7496336185578998,False,False,True
2605,6,17,2026-01-15,Grundrechenarten: schrftlDiv,1,kognition,1.7210596468562,1,3.2680013090368,0.52663821636637,0.059917132129427,0.10515379467749,0.32731466212845,0.43852952957493,0.41554212567743,0.48567519117027,-0.23014349287299973,False,False,True
2597,0,17,2026-01-19,Aussprache und Intonation: Lesen,21,performanz,1.5072340371522,1,3.0906410220045,0.46922370585666,0.077011763893507,0.23510808419298,0.4219273012279,0.34983980019771,0.48767525884388,0.42470969885431,-0.1773602870322999,False,True,True
2598,0,17,2026-01-19,Aussprache und Intonation: Lesen,21,kognition,2.0772518399554,1,3.5046583852388,0.59270995472911,0.037629046859325,0.10166548436159,0.31605277833603,0.40263592842087,0.44426987951362,0.42137466894537,0.41401736323429983,False,True,True
2599,0,17,2026-01-19,Aussprache und Intonation: Lesen,21,regulation,1.7816850647611,1,3.7945306446695,0.383394548246,0.288480981131,-0.019772135789809,0.45100262381218,0.4258566687896,0.40517518881483,0.46953906456739,0.28987225943069994,False,True,True
2600,0,17,2026-01-19,Aussprache und Intonation: Lesen,21,motivation,1.5116396645841,1,3.3246328476177,0.3977023216679,0.31262395917185,0.33641697348765,0.45467730937394,0.3353124678607,0.40522116227552,0.38411799052906,-0.4698977970518001,False,True,True
2601,0,17,2026-01-19,Aussprache und Intonation: Lesen,21,performanz,1.7349960417186,1,3.0088267944093,0.49568317504876,0.021792505626107,0.18265534692838,0.34599423350428,0.40517032831338,0.57663348339209,0.32260265823754,-0.3158060532083997,False,True,True
2594,0,17,2026-01-26,Weitere Themen: Vokabeln,24,kognition,2.011929137674,1,4.1616133039273,0.48344816210909,0.20080164681871,0.27099058310345,0.38581826094179,0.38712272450863,0.43259694091758,0.4082352552731,2.5512313616540006,False,True,True
2595,0,17,2026-01-26,Weitere Themen: Vokabeln,24,motivation,1.2459236375843,1,1.9935420942378,0.1924119840039,0.33536319260425,0.25723120973569,0.62497671427077,0.082253812699267,0.4466343056288,0.43299820303145,-2.1680712096895003,False,True,True
2596,0,17,2026-01-26,Weitere Themen: Vokabeln,24,regulation,1.9126138920563,1,4.0164817262936,0.4588553814492,0.047909025290553,0.09026084042588,0.38084333672938,0.45894389366437,0.44336919087771,0.47619017351276,2.0229396320558,False,True,True
2588,6,17,2026-01-29,Grundrechenarten: GanzZ,1,performanz,0.874,1,1.7259800114717,0.41135811637437,0.040556434008741,0.034762657721778,0.4223662913196,0.41773127029003,0.50637604748057,0.46755774635791,-2.2905017148219002,False,True,True
2589,6,17,2026-01-29,Grundrechenarten: GanzZ,1,kognition,1.6291639737569,1,2.6011908708907,0.62631225138682,0.017885899512245,0.12307583679251,0.21551127310514,0.58013916482116,0.36832679624498,0.2712683538319,0.8752108594189998,False,True,True
2590,6,17,2026-01-29,Grundrechenarten: GanzZ,1,regulation,2.0107729389583,1,4.1826548987587,0.42262531457781,0.16192150458247,0.16866783506966,0.43524035966832,0.39405455354042,0.43691172839776,0.48073966899788,1.5814640278679999,False,True,True
2591,6,17,2026-01-29,Grundrechenarten: GanzZ,1,performanz,1.7576385021604,1,3.4507597507663,0.44464530526223,0.098341955792704,0.27435660761333,0.36291912005201,0.37409352724782,0.50934679190639,0.43156883465415,-0.7318951479923999,False,True,True
2592,6,17,2026-01-29,Grundrechenarten: GanzZ,1,regulation,2.5051943093294,1,4.9669401934215,0.3909448724847,0.12089807406911,0.11494805508238,0.41638689628016,0.45609554731063,0.42841057129645,0.50437274620701,1.5161804426552004,False,True,True
2587,0,18,2025-06-04,"Geometrie: Winkel, Dreieck",44,regulation,1.6100903208192,1,3.1414420380169,0.51169352786904,0.14016983318797,0.17502700982456,0.32722230156675,0.42043549326924,0.37596977100218,0.51253060729062,,False,False,True
2582,0,18,2025-08-27,Exponentialgleichung/-funktion: exponetielles Wachstum,19,kognition,2.0294192151397,1,2.7446347058328,0.7394105367543,0.0,0.23489096607892,0.07289685744171,0.49061495744207,0.38738826155345,0.044769987789543,-0.39680733218410014,False,True,True
2583,0,18,2025-08-27,Exponentialgleichung/-funktion: exponetielles Wachstum,19,kognition,2.1688746734496,1,3.1172442691244,0.69576444081953,0.0,0.16369007378504,0.15193693723741,0.48658802563816,0.43032265210642,0.20995395265513,0.3726095632916002,False,False,True
2584,0,18,2025-08-27,Exponentialgleichung/-funktion: exponetielles Wachstum,19,performanz,-1.8674785612985,-1,2.1129969924978,-0.23666123224212,0.09973348232948,-0.23115913641968,-0.28495457071789,-0.12530584779423,-0.88380141094134,0.050941979720327,-1.0042472766266002,True,True,True
2585,0,18,2025-08-27,Exponentialgleichung/-funktion: exponetielles Wachstum,19,kognition,1.6090114569035,1,2.2493462737248,0.71532085677077,0.0,0.2410501346206,0.11480071837591,0.46114762941452,0.44653628244911,0.070505464025387,0.13634928122699996,True,True,True
2586,0,18,2025-08-27,Exponentialgleichung/-funktion: exponetielles Wachstum,19,kognition,1.7844225085062,1,3.5602119659643,0.50121102716777,0.037668702913921,0.16495097469376,0.32758783400208,0.49672118204769,0.48384677579292,0.3633190185886,1.3108656922395001,False,False,True
2577,6,18,2025-08-28,Quadratische Funktion/Gleichung: komplÜb,1,kognition,2.5299323006465,1,4.4248015064122,0.57176046866182,0.052169000706233,0.13681307367429,0.33444133727735,0.45024896048661,0.45411408885347,0.36173372051404,0.8645895404478998,False,False,True
2578,6,18,2025-08-28,Quadratische Funktion/Gleichung: komplÜb,1,performanz,1.8608741963844,1,3.0556171049096,0.55550638970887,0.0,0.29078875442313,0.25128473348535,0.3845063379814,0.60899911294624,0.15804728787018,-1.3691844015025998,False,True,True
2579,6,18,2025-08-28,Quadratische Funktion/Gleichung: komplÜb,1,kognition,1.9788076577981,1,3.9084723722527,0.50628542470759,0.047586876996102,0.076347252476498,0.38277239334217,0.41463234038027,0.45983069878252,0.45353895477639,0.8528552673431,False,True,True
2580,6,18,2025-08-28,Quadratische Funktion/Gleichung: komplÜb,1,kognition,2.1107934644134,1,3.6856067041269,0.5727110640805,0.23541902145029,0.25560735813441,0.39136333009483,0.38505679553671,0.38612816516834,0.31734905313491,-0.2228656681258001,False,False,True
2581,6,18,2025-08-28,Quadratische Funktion/Gleichung: komplÜb,1,motivation,0.69981913800531,1,1.3025838667872,0.36115172343753,0.5163664375442,0.47059949911277,0.53725044762523,0.18827947253543,0.22451528516508,0.083436058304641,-2.3830228373396998,False,True,True
2574,0,18,2025-09-03,Exponentialgleichung/-funktion: expot.Wachstum Vorb. Test (Mo.),19,kognition,2.200270088071,1,4.1990309356057,0.52399348370573,0.021963229774419,0.18362881266575,0.31281566223708,0.46688529305889,0.50392461571568,0.34849477471601,2.8964470688185,False,True,True
2575,0,18,2025-09-03,Exponentialgleichung/-funktion: expot.Wachstum Vorb. Test (Mo.),19,performanz,1.8171380778151,1,3.771468009549,0.36111509572411,0.22685067187805,0.32978668596496,0.42468678617285,0.34745157352079,0.48181059871337,0.41969892040688,-0.4275629260567002,False,True,True
2576,0,18,2025-09-03,Exponentialgleichung/-funktion: expot.Wachstum Vorb. Test (Mo.),19,kognition,0.811,1,0.99141868047763,0.81801143740294,0.0,0.17853023972912,0.0,0.48515844807745,0.25216135554961,0.0,-2.7800493290713697,False,True,True
2569,6,18,2025-09-04,Weitere Themen: expwachs,1,regulation,1.7810357015046,1,3.5846603474751,0.44499407838611,0.049847783190915,0.036900952175072,0.39802316963037,0.42437609028194,0.46125148062342,0.49684783504823,2.59324166699747,False,True,True
2570,6,18,2025-09-04,Weitere Themen: expwachs,1,performanz,-1.7781209396438,-1,2.9238561433447,-0.25128913178248,-0.15374780174834,-0.28889999732454,-0.42599801146043,-0.2018020606664,-0.60814033627742,-0.48755747449881,-0.6608042041304003,True,True,True
2571,6,18,2025-09-04,Weitere Themen: expwachs,1,performanz,1.6514653847318,1,3.1819690767104,0.46303540907394,0.052306337430451,0.18165981882267,0.37481530099105,0.44958792227474,0.51900573351321,0.37131243005745,0.25811293336569996,True,False,True
2572,6,18,2025-09-04,Weitere Themen: expwachs,1,kognition,2.1107934644134,1,3.6856067041269,0.5727110640805,0.23541902145029,0.25560735813441,0.39136333009483,0.38505679553671,0.38612816516834,0.31734905313491,0.5036376274165,False,True,True
2573,6,18,2025-09-04,Weitere Themen: expwachs,1,motivation,1.5369106333891,1,3.0257381219646,0.43790454460234,0.050987706223324,0.2277099374948,0.50794400969211,0.29084563611002,0.45239383196929,0.45444797044548,-0.6598685821623,False,True,True
2564,0,18,2025-09-10,Prüfungsvorbereitung: BLF Teil B,19,kognition,2.1982887533958,1,3.8014751741185,0.57827103163846,0.032586441728781,0.11160103015591,0.31828824440691,0.455066960453,0.4635561282402,0.35889142885283,0.7757370521539002,False,True,True
2565,0,18,2025-09-10,Prüfungsvorbereitung: BLF Teil B,19,kognition,2.6228056368715,1,4.6361765459891,0.56572478498315,0.048988682338982,0.17044432813436,0.3147111289115,0.48920271513479,0.42441388016159,0.36056963398192,0.8347013718706,False,False,True
2566,0,18,2025-09-10,Prüfungsvorbereitung: BLF Teil B,19,kognition,2.1820491743331,1,4.4336617364237,0.49215397621954,0.1998670220788,0.11445072171214,0.39248883283008,0.46126862894737,0.42771883525212,0.39366803854352,-0.20251480956540036,False,False,True
2567,0,18,2025-09-10,Prüfungsvorbereitung: BLF Teil B,19,kognition,1.8888915756821,1,3.3233958757153,0.56836018419675,0.037237226112195,0.080792004910457,0.34461562095382,0.4123224685031,0.42860518859677,0.44336731060167,-1.1102658607083997,False,False,True
2559,6,18,2025-09-11,Exponentialgleichung/-funktion: expWachs,1,performanz,1.4253665391979,1,2.8935343055325,0.39737641086683,0.047325988210371,0.030414216433146,0.39703066566278,0.45471727313677,0.49260228587913,0.48152065627541,0.6441880318077002,False,True,True
2560,6,18,2025-09-11,Exponentialgleichung/-funktion: expWachs,1,kognition,1.752927244018,1,3.2645506643148,0.53695655381115,0.12160901291853,0.19430850592622,0.27023992750622,0.42310320660401,0.44252841115942,0.45961902581514,0.3710163587822999,False,True,True
2561,6,18,2025-09-11,Exponentialgleichung/-funktion: expWachs,1,kognition,2.1820491743331,1,4.4336617364237,0.49215397621954,0.1998670220788,0.11445072171214,0.39248883283008,0.46126862894737,0.42771883525212,0.39366803854352,1.1691110721088998,False,False,True
2562,6,18,2025-09-11,Exponentialgleichung/-funktion: expWachs,1,kognition,0.6297819547903,1,1.113032525307,0.56582020944489,0.05660161096057,0.095206734803645,0.27546117334144,0.48657904900639,0.36392488190348,0.47168009133809,-3.3206292111166995,False,False,True
2563,6,18,2025-09-11,Exponentialgleichung/-funktion: expWachs,1,performanz,1.8144280300528,1,3.648548811648,0.38885845163842,0.19199426251791,0.31575625939891,0.41583833205431,0.32791525199639,0.49729992682597,0.42949116716453,2.535516286341,False,True,True
2554,0,18,2025-09-17,Prüfungsvorbereitung: BLF Teil B,19,regulation,2.1828699354367,1,4.0126552337059,0.40179603336931,0.13542865712738,0.11567470439179,0.39819341752848,0.40238936371688,0.436380128858,0.54399502781864,0.3641064220578998,False,True,True
2555,0,18,2025-09-17,Prüfungsvorbereitung: BLF Teil B,19,performanz,-1.4552652158942,-1,2.4366088452089,-0.21141108626145,-0.15707180025819,-0.29598138611071,-0.37273403427469,-0.25021502605258,-0.59724778816174,-0.53364545639735,-1.5760463884969997,True,True,True
2556,0,18,2025-09-17,Prüfungsvorbereitung: BLF Teil B,19,kognition,1.5781787077165,1,3.1894406451554,0.494812079978,0.040859599288974,0.062449079861946,0.38402661474438,0.42341512107016,0.48963364934366,0.42788716300349,0.7528317999465002,True,True,True
2557,0,18,2025-09-17,Prüfungsvorbereitung: BLF Teil B,19,regulation,1.9207031699987,1,3.3702834346193,0.34666187591488,0.15274841687258,0.12736758152662,0.39464371019655,0.43026513898873,0.41787129944916,0.56989197150297,0.18084278946389976,False,True,True
2558,0,18,2025-09-17,Prüfungsvorbereitung: BLF Teil B,19,kognition,0.811,1,0.99141868047763,0.81801143740294,0.0,0.17853023972912,0.0,0.48515844807745,0.25216135554961,0.0,-2.3788647541416696,False,True,True
2549,0,18,2025-09-24,Exponentialgleichung/-funktion: exp.Funktionen & expon.Wachstum Vorbereitung auf Klassenarbeit,19,performanz,0.91608656017512,1,1.5071006143225,0.14292479866915,0.019089968855412,-0.10224496962518,0.46647415268712,0.12229153288671,0.60784294893106,0.60556945605985,0.51568193384487,False,True,True
2550,0,18,2025-09-24,Exponentialgleichung/-funktion: exp.Funktionen & expon.Wachstum Vorbereitung auf Klassenarbeit,19,kognition,1.6662193362077,1,3.0045876008173,0.55455656882455,0.13213083838315,0.2111204192588,0.25222496970111,0.43296993128715,0.41757439605066,0.45274848720097,1.4974869864947997,False,True,True
2551,0,18,2025-09-24,Exponentialgleichung/-funktion: exp.Funktionen & expon.Wachstum Vorbereitung auf Klassenarbeit,19,motivation,0.21024,1,0.34359091024065,0.42537722003598,0.16763634287132,0.25145451430698,0.61187265148032,0.0,0.52386357147288,0.28079087430946,-2.66099669057665,False,True,True
2552,0,18,2025-09-24,Exponentialgleichung/-funktion: exp.Funktionen & expon.Wachstum Vorbereitung auf Klassenarbeit,19,kognition,2.3317185870149,1,3.9472334029979,0.59072075090275,0.036035643093624,0.11051648660271,0.31723657760352,0.43648255743814,0.44637104913987,0.38357304861061,3.60364249275725,False,True,True
2553,0,18,2025-09-24,Exponentialgleichung/-funktion: exp.Funktionen & expon.Wachstum Vorbereitung auf Klassenarbeit,19,kognition,2.3451113517338,1,4.4817017288967,0.523262425964,0.19873882290832,0.28092411061755,0.37361537614605,0.45456628790124,0.41330948442571,0.30121886733082,0.5344683258987994,False,False,True
2544,6,18,2025-09-25,Exponentialgleichung/-funktion: Üb,1,kognition,2.3289522253193,1,4.3258647160129,0.53837717876996,0.045037687757293,0.091400304366745,0.36030747239073,0.39133916782648,0.46224732450067,0.45069121706779,-0.1558370128837998,False,False,True
2545,6,18,2025-09-25,Exponentialgleichung/-funktion: Üb,1,motivation,1.376852504409,1,2.4862506965683,0.25215758794377,0.31975729701126,0.30109151145213,0.55378444678366,0.18303761876473,0.51110202343942,0.37696474323594,-1.8396140194445998,False,True,True
2546,6,18,2025-09-25,Exponentialgleichung/-funktion: Üb,1,performanz,1.8490362237485,1,3.7094848636328,0.4447525791376,0.057996141719878,0.17100853369173,0.35040530339462,0.42589653003669,0.49846038118992,0.46577655391603,1.2232341670645002,False,True,True
2547,6,18,2025-09-25,Exponentialgleichung/-funktion: Üb,1,motivation,1.1646065491769,1,2.3654242772316,0.32899178951382,0.42911044764118,0.0065736010195556,0.49234365139069,0.36822892694217,0.37707320345214,0.432894842167,-1.3440605864012003,False,True,True
2548,6,18,2025-09-25,Exponentialgleichung/-funktion: Üb,1,methodik,1.9207781227253,1,3.6468173346965,0.35031339553152,0.064452005358857,0.039006272713196,0.40867614313034,0.52669840012734,0.41797943641156,0.50245923861579,1.2813930574649,False,True,True
2540,0,18,2025-10-01,Funktionen: BLF Aufgaben,19,performanz,1.5072340371522,1,3.0906410220045,0.46922370585666,0.077011763893507,0.23510808419298,0.4219273012279,0.34983980019771,0.48767525884388,0.42470969885431,-0.5561763126919996,False,True,True
2541,0,18,2025-10-01,Funktionen: BLF Aufgaben,19,performanz,1.5197445884373,1,3.4361783473499,0.43378832819198,0.20960916717409,0.30486789593503,0.39671769700491,0.36048769182062,0.44227627673826,0.43817441385638,0.3455373253453997,False,False,True
2542,0,18,2025-10-01,Funktionen: BLF Aufgaben,19,kognition,2.2009129520582,1,3.5655874874173,0.61726343476093,0.037799812012656,0.18382639127447,0.28178965695487,0.46623570321268,0.46595771324522,0.26431334205833,0.12940914006740023,False,True,True
2543,0,18,2025-10-01,Funktionen: BLF Aufgaben,19,performanz,2.0864958050995,1,3.9909291971125,0.50686404877188,0.033885703813723,0.13418955811809,0.37059932669004,0.40085263899891,0.52280821682502,0.39060672750351,0.4253417096951999,False,True,True
2537,6,18,2025-10-02,Prüfungsvorbereitung: BLF,1,kognition,2.2069589158005,1,3.916840808544,0.5634523814352,0.076723644298226,0.31177537024684,0.31845471584113,0.42787289584912,0.43423975906972,0.32614892186079,1.8785117512168,False,True,True
2538,6,18,2025-10-02,Prüfungsvorbereitung: BLF,1,kognition,1.8497956426329,1,2.9898402914902,0.61869172777574,0.26165124118264,0.37511761181132,0.32912105809137,0.40496483599092,0.3576085578641,0.088533564626579,-0.9270005170537998,False,False,True
2539,6,18,2025-10-02,Prüfungsvorbereitung: BLF,1,performanz,1.7816761805797,1,3.5517580419398,0.42323574484856,0.16129366203002,0.30455667553456,0.39291713687201,0.3511092726904,0.50163078206162,0.4156926989252,0.5619177504496,False,True,True
2532,6,18,2025-10-16,Prüfungsvorbereitung: Übungen zur BLF Teil A,18,kognition,1.919667488646,1,3.1988921097457,0.60010197961283,0.028359326892356,0.086449473354213,0.30337364378423,0.40429765756495,0.44207952411901,0.42504956153813,-0.3528659321941001,False,True,True
2533,6,18,2025-10-16,Prüfungsvorbereitung: Übungen zur BLF Teil A,18,methodik,1.3071304723696,1,2.3428052989296,0.51447576205092,0.042683689169047,0.09160513239389,0.31116409404235,0.55793150786012,0.39453333050523,0.40165351508073,-0.8560868108160999,False,True,True
2534,6,18,2025-10-16,Prüfungsvorbereitung: Übungen zur BLF Teil A,18,kognition,1.473212922878,1,3.1443711090881,0.46852238064275,0.23827174473619,0.28124665024161,0.42298258717174,0.3350072408433,0.40654256773133,0.43380449033815,0.8015658101584999,False,True,True
2535,6,18,2025-10-16,Prüfungsvorbereitung: Übungen zur BLF Teil A,18,regulation,1.539769585776,1,2.8957199704337,0.47088581038576,0.15755269598282,0.14777939986544,0.33022333356776,0.43475917646087,0.38831659764443,0.5317379733254,-0.2486511386543997,False,True,True
2527,0,18,2025-10-22,Stochastik (Wahrscheinlichkeitsrechnung): ABlatt,1,motivation,1.2951057303566,1,2.3852489463375,0.40565905338819,0.24468740597332,0.41380304731485,0.54296231960275,0.27823500908808,0.41439758935696,0.2457219894991,-0.5104710240962,False,True,True
2528,0,18,2025-10-22,Stochastik (Wahrscheinlichkeitsrechnung): ABlatt,1,kognition,2.5684402293092,1,4.7203348418297,0.54412131218651,0.034339382852549,0.145716218238,0.32815106372612,0.43803370736583,0.46050645028912,0.41218019240003,2.3350858954922002,False,True,True
2529,0,18,2025-10-22,Stochastik (Wahrscheinlichkeitsrechnung): ABlatt,1,kognition,1.6773866972735,1,3.1560062704863,0.53148860890222,-0.10413465233724,0.10965864089867,0.28633042712269,0.45612604479799,0.40500201161164,0.49049135214022,-1.5643285713434003,False,False,True
2530,0,18,2025-10-22,Stochastik (Wahrscheinlichkeitsrechnung): ABlatt,1,motivation,1.5116396645841,1,3.3246328476177,0.3977023216679,0.31262395917185,0.33641697348765,0.45467730937394,0.3353124678607,0.40522116227552,0.38411799052906,0.16862657713139972,False,True,True
2531,0,18,2025-10-22,Stochastik (Wahrscheinlichkeitsrechnung): ABlatt,1,motivation,1.7915442913418,1,3.3533597644884,0.41425099938255,0.29820749581207,0.29614522655344,0.53425193675745,0.28669873699374,0.4000688015956,0.35225572510267,0.02872691687070006,False,False,True
2522,6,18,2025-10-23,Prüfungsvorbereitung: BLF,1,regulation,1.8743802397078,1,3.9112024651601,0.45233940182607,0.066292010281111,0.0696991169281,0.39598961153305,0.45694395266147,0.43687754544342,0.47923252863511,0.5578427006717002,False,True,True
2523,6,18,2025-10-23,Prüfungsvorbereitung: BLF,1,kognition,2.200270088071,1,4.1990309356057,0.52399348370573,0.021963229774419,0.18362881266575,0.31281566223708,0.46688529305889,0.50392461571568,0.34849477471601,0.2878284704456,False,True,True
2524,6,18,2025-10-23,Prüfungsvorbereitung: BLF,1,kognition,2.1046227351488,1,3.4246644235568,0.6145468079161,0.29199855995695,0.15229173432608,0.29199855995695,0.49927156175311,0.35186311417586,0.23564283788526,-0.7743665120489003,False,False,True
2525,6,18,2025-10-23,Prüfungsvorbereitung: BLF,1,methodik,2.0353585414423,1,4.1877424962358,0.39127593926563,0.06814420500992,0.046609447259146,0.42649716325555,0.48602646485718,0.43207738758716,0.48504625202663,0.7630780726790003,False,True,True
2526,6,18,2025-10-23,Prüfungsvorbereitung: BLF,1,kognition,1.7197401550854,1,2.6745080662689,0.64300936186405,0.0086656749691408,0.11409784127781,0.22665812140119,0.51583615204378,0.42030259628855,0.28164331889844,-1.5132344299669,False,True,True
2517,0,18,2025-10-29,Stochastik (Wahrscheinlichkeitsrechnung): Vorbereitung auf Test,19,performanz,1.0546278376074,1,2.0383290573272,0.42436159039773,0.070587328205849,0.083951372778933,0.46633964595264,0.35371936646566,0.5173956873447,0.44450947338743,-0.6361790089417001,False,True,True
2518,0,18,2025-10-29,Stochastik (Wahrscheinlichkeitsrechnung): Vorbereitung auf Test,19,kognition,1.8346726067272,1,3.2578547618,0.56315186199242,0.031352009134577,0.21853304168741,0.26739485678908,0.44746296860024,0.50787483501136,0.32319380690867,1.2195257044728,False,True,True
2519,0,18,2025-10-29,Stochastik (Wahrscheinlichkeitsrechnung): Vorbereitung auf Test,19,motivation,1.9323937282884,1,4.094843055123,0.3779217885154,0.27275714624174,0.33240350281161,0.47190795427221,0.3699431106647,0.45875909404899,0.31979174360427,0.8369882933230004,False,True,True
2520,0,18,2025-10-29,Stochastik (Wahrscheinlichkeitsrechnung): Vorbereitung auf Test,19,kognition,2.325873120126,1,4.3741226535176,0.53173355825311,0.049170311392821,0.1010184804467,0.34044779048807,0.46657214061282,0.45197678151597,0.40835661658614,0.2792795983945995,False,True,True
2521,0,18,2025-10-29,Stochastik (Wahrscheinlichkeitsrechnung): Vorbereitung auf Test,19,kognition,2.2741683893754,1,4.4226026497114,0.51421378481424,0.20190670340455,0.2771769151546,0.38230209960267,0.45121813753943,0.41512604872008,0.30968364954078,0.048479996193799835,False,False,True
2513,6,18,2025-10-30,Prüfungsvorbereitung: BLF,1,performanz,2.0870902816588,1,4.4145152628884,0.43968804871547,0.17418202291411,0.23306809459268,0.42217648532543,0.37570820245601,0.47277796758904,0.42320341528376,-0.008087386823000031,False,True,True
2514,6,18,2025-10-30,Prüfungsvorbereitung: BLF,1,kognition,2.1688746734496,1,3.1172442691244,0.69576444081953,0.0,0.16369007378504,0.15193693723741,0.48658802563816,0.43032265210642,0.20995395265513,-1.2972709937639997,False,True,True
2515,6,18,2025-10-30,Prüfungsvorbereitung: BLF,1,performanz,1.7576385021604,1,3.4507597507663,0.44464530526223,0.098341955792704,0.27435660761333,0.36291912005201,0.37409352724782,0.50934679190639,0.43156883465415,0.3335154816418999,False,True,True
2516,6,18,2025-10-30,Prüfungsvorbereitung: BLF,1,motivation,1.2623925324906,1,2.6261746889041,0.41358193012077,0.4120300862581,0.035560809429602,0.48069449868637,0.29942201539725,0.42667263452277,0.39387653764832,-0.8245850618621997,False,True,True
2508,0,18,2025-11-05,Stochastik (Wahrscheinlichkeitsrechnung): Baumdiagramm,19,regulation,2.2831943720438,1,4.6221765003632,0.42028364349602,0.07674949586674,0.058605948586205,0.41798896030911,0.44907287797465,0.44005726793527,0.4939641383714,1.9960018114591,False,True,True
2509,0,18,2025-11-05,Stochastik (Wahrscheinlichkeitsrechnung): Baumdiagramm,19,kognition,1.6662193362077,1,3.0045876008173,0.55455656882455,0.13213083838315,0.2111204192588,0.25222496970111,0.43296993128715,0.41757439605066,0.45274848720097,-1.6175888995459005,False,True,True
2510,0,18,2025-11-05,Stochastik (Wahrscheinlichkeitsrechnung): Baumdiagramm,19,regulation,1.0959483968476,1,1.6538928464461,0.23508177141809,0.28196494490937,0.27712264868538,0.4160507871843,0.21827158758189,0.35858859808376,0.66264375758378,-1.3506947543711998,False,True,True
2511,0,18,2025-11-05,Stochastik (Wahrscheinlichkeitsrechnung): Baumdiagramm,19,kognition,2.1462963786463,1,4.3406553652064,0.49446253006518,0.26550279432215,0.053552965854877,0.37877182858556,0.4109033095443,0.44109602015534,0.41864927793105,2.6867625187603004,False,True,True
2512,0,18,2025-11-05,Stochastik (Wahrscheinlichkeitsrechnung): Baumdiagramm,19,kognition,1.8941985677148,1,3.5717878102127,0.5303207707611,0.0025796929428273,0.21368847062502,0.26998418773395,0.48896612273076,0.52657343227264,0.289527119649,-0.7688675549937001,False,False,True
2503,6,18,2025-11-06,Prüfungsvorbereitung: BLF,1,performanz,2.1834193470863,1,4.7272578340427,0.40939526234525,0.19494675496675,0.26216929806182,0.43140491422681,0.38087108066135,0.46187764766845,0.42561763210998,1.1554700238299995,False,True,True
2504,6,18,2025-11-06,Prüfungsvorbereitung: BLF,1,kognition,2.1118789605959,1,3.9754603937968,0.53122744012662,0.022266357176725,0.15845702965771,0.31305095472288,0.4683200092299,0.49369494887372,0.36211699940813,-0.7517974402458996,False,True,True
2505,6,18,2025-11-06,Prüfungsvorbereitung: BLF,1,kognition,1.9788076577981,1,3.9084723722527,0.50628542470759,0.047586876996102,0.076347252476498,0.38277239334217,0.41463234038027,0.45983069878252,0.45353895477639,-0.06698802154410011,False,False,True
2506,6,18,2025-11-06,Prüfungsvorbereitung: BLF,1,performanz,1.5410807252831,1,3.2610617527124,0.46727819350693,0.10274601857145,0.26333744255978,0.35239019234587,0.39118686035569,0.47256878785366,0.44856921128522,-0.6474106195402998,False,True,True
2507,6,18,2025-11-06,Prüfungsvorbereitung: BLF,1,kognition,1.9983364398439,1,3.4475065704142,0.57964520228655,0.17656477495722,0.28633515641049,0.33452481948389,0.42245213690023,0.39236938764407,0.32636834629356,0.18644481770179988,False,True,True
2498,0,18,2025-11-12,Funktionen: Sinusfunktion,19,motivation,1.6401735572884,1,2.8880375884253,0.33503668365262,0.32038509609569,0.43729181778179,0.5679177738836,0.22979626349353,0.40213666852666,0.23837351162418,-0.5594689819889003,False,True,True
2499,0,18,2025-11-12,Funktionen: Sinusfunktion,19,kognition,2.1688746734496,1,3.1172442691244,0.69576444081953,0.0,0.16369007378504,0.15193693723741,0.48658802563816,0.43032265210642,0.20995395265513,0.22920668069910022,False,True,True
2500,0,18,2025-11-12,Funktionen: Sinusfunktion,19,motivation,1.8282533754185,1,3.5141486703425,0.38999155322217,0.42684469903398,0.26587937625879,0.52025350785892,0.25587316251426,0.38566410609745,0.33187507722202,0.3969044012180998,False,True,True
2501,0,18,2025-11-12,Funktionen: Sinusfunktion,19,kognition,2.4241953523872,1,3.6133900265862,0.67089038981313,0.0,0.27260700094581,0.12121547483737,0.48802215807,0.46603119948005,0.074445120390985,0.09924135624370001,False,True,True
2502,0,18,2025-11-12,Funktionen: Sinusfunktion,19,kognition,2.509295155464,1,3.8411483190915,0.65326522548996,0.020984344791132,0.16805441832496,0.2240481499757,0.47451664831199,0.42970909557727,0.29076309654101,0.2277582925053001,False,False,True
2493,6,18,2025-11-13,Weitere Themen: HA,1,kognition,1.9447651791729,1,3.3466330496577,0.58110923403433,0.046416962130248,0.043712270511339,0.33692203134747,0.47015395919109,0.36781222046947,0.43404349430382,-0.4945152694338,False,False,True
2494,6,18,2025-11-13,Weitere Themen: HA,1,performanz,-1.7781209396438,-1,2.9238561433447,-0.25128913178248,-0.15374780174834,-0.28889999732454,-0.42599801146043,-0.2018020606664,-0.60814033627742,-0.48755747449881,-0.422776906313,True,True,True
2495,6,18,2025-11-13,Weitere Themen: HA,1,regulation,1.539769585776,1,2.8957199704337,0.47088581038576,0.15755269598282,0.14777939986544,0.33022333356776,0.43475917646087,0.38831659764443,0.5317379733254,-0.02813617291099968,True,True,True
2496,6,18,2025-11-13,Weitere Themen: HA,1,kognition,2.0461096300162,1,3.8838793061339,0.52681975945728,0.069481231038198,0.10297437976036,0.38799774098501,0.3506570616886,0.45990962201269,0.47117400700764,0.9881593357001996,False,True,True
2497,6,18,2025-11-13,Weitere Themen: HA,1,kognition,2.1820491743331,1,4.4336617364237,0.49215397621954,0.1998670220788,0.11445072171214,0.39248883283008,0.46126862894737,0.42771883525212,0.39366803854352,0.5497824302897998,False,False,True
2488,0,18,2025-11-26,Funktionen: Modif.sinusfunktion,19,kognition,2.2150745427188,1,4.219811570406,0.52492137540917,0.046539524378753,0.075483868838256,0.37324671046528,0.37467537002425,0.46781873578072,0.46694749062356,-0.2138501660176999,False,False,True
2489,0,18,2025-11-26,Funktionen: Modif.sinusfunktion,19,motivation,1.376852504409,1,2.4862506965683,0.25215758794377,0.31975729701126,0.30109151145213,0.55378444678366,0.18303761876473,0.51110202343942,0.37696474323594,-1.7335608738376997,False,True,True
2490,0,18,2025-11-26,Funktionen: Modif.sinusfunktion,19,regulation,1.539769585776,1,2.8957199704337,0.47088581038576,0.15755269598282,0.14777939986544,0.33022333356776,0.43475917646087,0.38831659764443,0.5317379733254,0.4094692738654002,False,True,True
2491,0,18,2025-11-26,Funktionen: Modif.sinusfunktion,19,performanz,1.5410807252831,1,3.2610617527124,0.46727819350693,0.10274601857145,0.26333744255978,0.35239019234587,0.39118686035569,0.47256878785366,0.44856921128522,0.36534178227869996,False,True,True
2492,0,18,2025-11-26,Funktionen: Modif.sinusfunktion,19,regulation,1.6593102589405,1,3.445161991689,0.35697457681494,0.30867452774446,-0.051124322883014,0.44905706607895,0.45666641004076,0.36400878395462,0.48163350420338,0.18410023897659977,False,True,True
2483,6,18,2025-11-27,Prüfungsvorbereitung: BLF,1,motivation,1.2951057303566,1,2.3852489463375,0.40565905338819,0.24468740597332,0.41380304731485,0.54296231960275,0.27823500908808,0.41439758935696,0.2457219894991,-1.0599130453514998,False,True,True
2484,6,18,2025-11-27,Prüfungsvorbereitung: BLF,1,kognition,2.7431027601632,1,4.4247995695105,0.61993690735636,0.028768242753371,0.20958625007286,0.24606156155614,0.50280793819869,0.42502155926261,0.27733420685918,2.039550623173,False,True,True
2485,6,18,2025-11-27,Prüfungsvorbereitung: BLF,1,kognition,1.7353345284312,1,2.9900649591247,0.58036489123308,0.10643085034257,0.28652846723075,0.23051807041907,0.42718416964422,0.47692739623724,0.32658716896938,-1.4347346103858003,False,False,True
2486,6,18,2025-11-27,Prüfungsvorbereitung: BLF,1,regulation,1.6521674795534,1,3.5054604059233,0.41704868780184,0.057308012801041,0.04481777131057,0.43363810755397,0.44022910936058,0.4656113369475,0.47131120455665,0.5153954467986002,False,True,True
2487,6,18,2025-11-27,Prüfungsvorbereitung: BLF,1,kognition,1.7822209932404,1,3.3908447253838,0.5255963872173,-0.047136263280379,-0.0050573607560181,0.36222538038919,0.47999647595641,0.46056531224002,0.38440978831667,-0.1146156805395,False,True,True
2478,0,18,2025-12-03,Funktionen: Sinusfunktion,19,performanz,1.7146760432305,1,3.3685945007785,0.46692129171518,0.043118259161777,0.034712611149409,0.40662835417337,0.37420596681409,0.50901672868817,0.46307630734881,-0.02225022460530024,False,True,True
2479,0,18,2025-12-03,Funktionen: Sinusfunktion,19,performanz,1.6348496052309,1,2.5891291552071,0.50370779347505,0.0,0.19345833502926,0.30327613977023,0.35909799288386,0.6314259324158,0.29869401277169,-0.7794653455714,False,False,True
2480,0,18,2025-12-03,Funktionen: Sinusfunktion,19,performanz,1.7185730315922,1,3.4752254188631,0.31877151424459,0.19146773728403,0.17310725067521,0.46890082280075,0.38408892483263,0.49451988842658,0.46883978948033,0.8860962636560004,False,False,True
2481,0,18,2025-12-03,Funktionen: Sinusfunktion,19,kognition,1.4758361358457,1,2.8006523873511,0.52695967300848,0.28386141920944,0.3913078160065,0.35705838894269,0.40277514975236,0.34038294450806,0.28814611987675,-0.6745730315120002,False,True,True
2482,0,18,2025-12-03,Funktionen: Sinusfunktion,19,kognition,1.8851814077083,1,3.3156558214794,0.56856797675319,0.015106330202057,0.18049052375597,0.29780903970136,0.39432792049408,0.54494398432497,0.32057871796178,0.5150034341283001,False,False,True
2473,6,18,2025-12-04,Prüfungsvorbereitung: BLF,1,kognition,2.1266007185707,1,4.2434364120772,0.50114942244074,0.11396715072385,0.17824852421908,0.34183623305069,0.44985360536929,0.43478865646368,0.44251784498799,0.9277805905977998,False,False,True
2474,6,18,2025-12-04,Prüfungsvorbereitung: BLF,1,kognition,2.011929137674,1,4.1616133039273,0.48344816210909,0.20080164681871,0.27099058310345,0.38581826094179,0.38712272450863,0.43259694091758,0.4082352552731,-0.08182310814989968,False,False,True
2475,6,18,2025-12-04,Prüfungsvorbereitung: BLF,1,motivation,2.2556815328026,1,3.8951583485864,0.2391371841856,0.33938906522206,0.43956258028038,0.57909731517026,0.20940395236406,0.37115745117724,0.34270468881762,-0.26645495534090013,False,True,True
2476,6,18,2025-12-04,Prüfungsvorbereitung: BLF,1,kognition,1.9163287574076,1,3.4981448019098,0.54781130793909,0.039250377891882,0.1024699522979,0.33116280566641,0.48098751768654,0.44968927694479,0.3802869028609,-0.39701354667660027,False,True,True
2477,6,18,2025-12-04,Prüfungsvorbereitung: BLF,1,regulation,0.83995356903732,1,1.2723766120734,0.32816316889373,0.079216825552914,0.026147554981766,0.38552188435751,0.40842573301039,0.36621088545109,0.66014021294095,-2.2257681898364,False,True,True
2469,0,18,2025-12-10,Funktionen: Sinusfunktion vorb. Klassenarbeit,19,performanz,1.7803177442296,1,2.2792901074475,0.26065571282368,0.0,0.29833114483633,0.36911250485341,0.20746555360131,0.78108088461566,0.23167867253301,1.0069134953741,False,True,True
2470,0,18,2025-12-10,Funktionen: Sinusfunktion vorb. Klassenarbeit,19,kognition,2.0772518399554,1,3.5046583852388,0.59270995472911,0.037629046859325,0.10166548436159,0.31605277833603,0.40263592842087,0.44426987951362,0.42137466894537,1.2253682777913002,False,True,True
2465,0,18,2025-12-17,Funktionen: Sinusfunktion für kl.arbeit,19,kognition,1.9435674319259,1,3.7313954952578,0.52086738747529,0.23932520770493,0.02661409437125,0.39484263499938,0.44414344902299,0.38478142574485,0.41168687661556,2.2352037092943,False,False,True
2466,0,18,2025-12-17,Funktionen: Sinusfunktion für kl.arbeit,19,kognition,2.0025209823477,1,4.1753366045791,0.47960592784119,0.20384347683099,0.27356109825585,0.38796629419017,0.38566077691678,0.43325305356153,0.40819754744271,0.44394110932130015,False,False,True
2467,0,18,2025-12-17,Funktionen: Sinusfunktion für kl.arbeit,19,performanz,1.6859498552702,1,2.8674352088813,0.41373391072764,0.1011662724033,0.30642597316211,0.28072842674595,0.37441986092981,0.5879623610761,0.39998420555291,-1.3079013956978,False,True,True
2468,0,18,2025-12-17,Funktionen: Sinusfunktion für kl.arbeit,19,performanz,1.6229270452087,1,3.4989761103282,0.39913283762435,0.20574122243346,0.31304974465119,0.41790252261595,0.33606865075675,0.46382780440831,0.44456358396692,0.6315409014469,False,False,True
2460,0,18,2026-01-07,Prüfungsvorbereitung: Blf a Teil 2014,19,kognition,2.1928329711058,1,3.9028243912711,0.56185652560873,0.035514064351567,0.10716096158394,0.3336892807476,0.43935402011948,0.47241530936597,0.37948739649417,0.4038482809428996,False,True,True
2461,0,18,2026-01-07,Prüfungsvorbereitung: Blf a Teil 2014,19,kognition,1.6662193362077,1,3.0045876008173,0.55455656882455,0.13213083838315,0.2111204192588,0.25222496970111,0.43296993128715,0.41757439605066,0.45274848720097,-0.8982367904538,False,False,True
2462,0,18,2026-01-07,Prüfungsvorbereitung: Blf a Teil 2014,19,kognition,2.0937472961032,1,3.79908591483,0.5511172507991,0.11131089761788,0.10944137314403,0.36503224718023,0.41527757291662,0.43089007792585,0.42488435847901,0.7944983140127002,False,False,True
2463,0,18,2026-01-07,Prüfungsvorbereitung: Blf a Teil 2014,19,regulation,2.1507426574126,1,4.0230266961372,0.32285345704235,0.1940878730544,0.24341569490145,0.41164830638065,0.33607032387167,0.48024720787901,0.5346067709195,0.22394078130720008,False,True,True
2464,0,18,2026-01-07,Prüfungsvorbereitung: Blf a Teil 2014,19,regulation,1.8976886923973,1,3.9225909597309,0.450203957025,0.19261550717586,0.21765521993499,0.40377985151042,0.38454350726066,0.40972996824294,0.48378326316616,-0.10043573640629999,False,False,True
2455,6,18,2026-01-08,Prüfungsvorbereitung: BLF 2025 A-Teil. B-1,19,performanz,2.1524916087874,1,3.7834187822736,0.43529939562806,0.035551443866491,0.119184436252,0.4104201615304,0.35006848278279,0.56892616001453,0.42470070376623,-0.13917217745730026,False,True,True
2456,6,18,2026-01-08,Prüfungsvorbereitung: BLF 2025 A-Teil. B-1,19,kognition,1.6662193362077,1,3.0045876008173,0.55455656882455,0.13213083838315,0.2111204192588,0.25222496970111,0.43296993128715,0.41757439605066,0.45274848720097,-0.7788311814563,False,True,True
2457,6,18,2026-01-08,Prüfungsvorbereitung: BLF 2025 A-Teil. B-1,19,regulation,1.539769585776,1,2.8957199704337,0.47088581038576,0.15755269598282,0.14777939986544,0.33022333356776,0.43475917646087,0.38831659764443,0.5317379733254,-0.10886763038359959,False,True,True
2458,6,18,2026-01-08,Prüfungsvorbereitung: BLF 2025 A-Teil. B-1,19,motivation,1.3391291752914,1,2.9438340136339,0.39013065463861,0.34771163703153,0.063474612705181,0.45489134923233,0.38828321190919,0.42472073090344,0.4298618126599,0.04811404320019985,False,True,True
2459,6,18,2026-01-08,Prüfungsvorbereitung: BLF 2025 A-Teil. B-1,19,methodik,1.6923157810732,1,3.4333342274091,0.45560273520211,0.048083977176934,0.071709281313335,0.3792497481292,0.49290594504422,0.4472213857957,0.44516561249039,0.4895002137751998,False,True,True
2450,0,18,2026-01-14,Prüfungsvorbereitung: 2024 A Teil u. B1,19,kognition,1.9435674319259,1,3.7313954952578,0.52086738747529,0.23932520770493,0.02661409437125,0.39484263499938,0.44414344902299,0.38478142574485,0.41168687661556,0.29806126784870024,False,True,True
2451,0,18,2026-01-14,Prüfungsvorbereitung: 2024 A Teil u. B1,19,performanz,1.7655165425851,1,2.9398724507521,0.56855014888986,0.0,0.28719775025849,0.24098330966354,0.39075259553747,0.60053984203804,0.15117119147353,-0.7915230445057002,False,True,True
2452,0,18,2026-01-14,Prüfungsvorbereitung: 2024 A Teil u. B1,19,regulation,0.83995356903732,1,1.2723766120734,0.32816316889373,0.079216825552914,0.026147554981766,0.38552188435751,0.40842573301039,0.36621088545109,0.66014021294095,-1.6674958386787,False,True,True
2453,0,18,2026-01-14,Prüfungsvorbereitung: 2024 A Teil u. B1,19,motivation,1.2459236375843,1,1.9935420942378,0.1924119840039,0.33536319260425,0.25723120973569,0.62497671427077,0.082253812699267,0.4466343056288,0.43299820303145,0.7211654821644,False,True,True
2454,0,18,2026-01-14,Prüfungsvorbereitung: 2024 A Teil u. B1,19,regulation,2.2148166874228,1,4.3093800800185,0.40373138078784,0.25987825762376,0.10320541471071,0.43241760359741,0.38661493539129,0.39775145632727,0.51395131243569,2.3158379857807003,False,True,True
2445,6,18,2026-01-15,Prüfungsvorbereitung: BLF,1,kognition,1.7348832013882,1,3.586103254132,0.48377814041128,0.21624124958158,0.25466237068262,0.40759703466828,0.38794169160328,0.41830305549323,0.40339606808647,-0.7232768258865003,False,True,True
2446,6,18,2026-01-15,Prüfungsvorbereitung: BLF,1,kognition,2.011929137674,1,4.1616133039273,0.48344816210909,0.20080164681871,0.27099058310345,0.38581826094179,0.38712272450863,0.43259694091758,0.4082352552731,0.5755100497953003,False,False,True
2447,6,18,2026-01-15,Prüfungsvorbereitung: BLF,1,kognition,1.6694111387101,1,3.175741530227,0.52567435544642,0.19379052075045,0.25925645608158,0.37789763957014,0.47348865304479,0.39795140409933,0.30582355661689,-0.9858717737003002,False,False,True
2448,6,18,2026-01-15,Prüfungsvorbereitung: BLF,1,kognition,1.8702221947077,1,3.8832180547468,0.4816153386669,0.25004110096737,0.12597543181763,0.39902106190031,0.41894612832276,0.48031524461567,0.35244113427872,0.7074765245197998,False,False,True
2449,6,18,2026-01-15,Prüfungsvorbereitung: BLF,1,kognition,1.6160311204744,1,2.912978125167,0.55476749339021,0.020477083484949,0.061832185488812,0.32328979936683,0.45084126492932,0.47490923951655,0.3932819676275,-0.9702399295797997,False,False,True
2440,0,18,2026-01-21,Prüfungsvorbereitung: BLF 2023 Ateil + B3,19,performanz,0.874,1,1.7259800114717,0.41135811637437,0.040556434008741,0.034762657721778,0.4223662913196,0.41773127029003,0.50637604748057,0.46755774635791,-1.1869981136953,False,True,True
2441,0,18,2026-01-21,Prüfungsvorbereitung: BLF 2023 Ateil + B3,19,performanz,1.6348496052309,1,2.5891291552071,0.50370779347505,0.0,0.19345833502926,0.30327613977023,0.35909799288386,0.6314259324158,0.29869401277169,0.8631491437353997,False,False,True
2442,0,18,2026-01-21,Prüfungsvorbereitung: BLF 2023 Ateil + B3,19,kognition,2.0061560441041,1,3.6624782597347,0.54775767233435,0.037845715107673,0.14946786415009,0.34196619651183,0.41905124282305,0.4683771687897,0.40529142004314,1.0733491045276002,False,True,True
2443,0,18,2026-01-21,Prüfungsvorbereitung: BLF 2023 Ateil + B3,19,kognition,1.7820560115872,1,3.4263674606991,0.52009915195497,0.057384238529672,0.01634967429508,0.32019729496019,0.47732956965011,0.41282654755967,0.47448412856735,-0.23611079903559995,False,False,True
2444,0,18,2026-01-21,Prüfungsvorbereitung: BLF 2023 Ateil + B3,19,regulation,1.9449987244184,1,3.8214492248625,0.4744640681703,-0.034227517275499,0.028363956548983,0.33962254037949,0.48124977980893,0.4085459507913,0.50896754615728,0.3950817641633999,False,True,True
2436,0,18,2026-01-28,Prüfungsvorbereitung: Blf 2020 A Teil,19,performanz,1.9531896505829,1,3.2870701844949,0.41466224445206,0.031405075980467,0.13079068691856,0.40962322696175,0.34539700132505,0.59420200936871,0.41205624797762,-0.5343790403675999,False,True,True
2437,0,18,2026-01-28,Prüfungsvorbereitung: Blf 2020 A Teil,19,kognition,2.011929137674,1,4.1616133039273,0.48344816210909,0.20080164681871,0.27099058310345,0.38581826094179,0.38712272450863,0.43259694091758,0.4082352552731,0.8745431194324,False,True,True
2438,0,18,2026-01-28,Prüfungsvorbereitung: Blf 2020 A Teil,19,kognition,2.17271425264,1,3.961007449354,0.54852428206151,0.028144193203567,0.15231775143531,0.32706755945492,0.43173643708193,0.46775918359501,0.40367694556994,-0.20060585457330005,False,False,True
2439,0,18,2026-01-28,Prüfungsvorbereitung: Blf 2020 A Teil,19,regulation,0.83995356903732,1,1.2723766120734,0.32816316889373,0.079216825552914,0.026147554981766,0.38552188435751,0.40842573301039,0.36621088545109,0.66014021294095,-2.6886308372806003,False,True,True
2431,6,18,2026-01-29,Prüfungsvorbereitung: BLF,1,performanz,1.0,1,1.6103819422733,0.37754784039823,0.0,0.0,0.36264463617198,0.29868505136768,0.62096684276024,0.50112024210752,0.3380053301999,False,True,True
2432,6,18,2026-01-29,Prüfungsvorbereitung: BLF,1,performanz,1.6348496052309,1,2.5891291552071,0.50370779347505,0.0,0.19345833502926,0.30327613977023,0.35909799288386,0.6314259324158,0.29869401277169,0.9787472129338,False,False,True
2433,6,18,2026-01-29,Prüfungsvorbereitung: BLF,1,regulation,1.9207031699987,1,3.3702834346193,0.34666187591488,0.15274841687258,0.12736758152662,0.39464371019655,0.43026513898873,0.41787129944916,0.56989197150297,0.7811542794122,False,True,True
2434,6,18,2026-01-29,Prüfungsvorbereitung: BLF,1,kognition,2.2209564799031,1,4.2332441001739,0.52464520847256,0.057651067006785,0.12431452439003,0.36300826394135,0.46358746533329,0.45239334066434,0.39321350670068,0.8629606655546005,False,True,True
2435,6,18,2026-01-29,Prüfungsvorbereitung: BLF,1,regulation,1.9449987244184,1,3.8214492248625,0.4744640681703,-0.034227517275499,0.028363956548983,0.33962254037949,0.48124977980893,0.4085459507913,0.50896754615728,-0.41179487531140024,False,True,True
3031,6,19,2025-08-28,Geometrie: Formen,1,kognition,1.9138365334644,1,3.2342344427424,0.59174146152093,0.038405650800278,0.099214849723068,0.31748586916428,0.39987967905516,0.44424680314885,0.42480704035474,,False,False,True
3032,6,19,2025-08-28,Geometrie: Formen,1,methodik,1.3071304723696,1,2.3428052989296,0.51447576205092,0.042683689169047,0.09160513239389,0.31116409404235,0.55793150786012,0.39453333050523,0.40165351508073,-0.8914291438127999,False,True,True
3033,6,19,2025-08-28,Geometrie: Formen,1,regulation,1.4279047558095,1,3.0240571504654,0.33940662801459,0.35165369924952,-0.028935370103071,0.47015906248171,0.44061701743393,0.34950231383445,0.47218024096779,0.6812518515358001,False,True,True
3034,6,19,2025-08-28,Geometrie: Formen,1,kognition,0.4788,1,0.87330889831434,0.54825333669542,0.048092397955738,0.072138596933607,0.35107450507689,0.36129413964248,0.4502650758606,0.48513206437851,-2.15074825215106,False,True,True
3035,6,19,2025-08-28,Geometrie: Formen,1,motivation,1.1120561318809,1,2.143214142819,0.40798100746037,0.017743924089354,0.20147339485859,0.51887066297143,0.28563167456092,0.45350028674155,0.48596405389779,1.2699052445046601,False,True,True
3026,6,19,2025-09-04,Geometrie: kreis,1,performanz,2.1834193470863,1,4.7272578340427,0.40939526234525,0.19494675496675,0.26216929806182,0.43140491422681,0.38087108066135,0.46187764766845,0.42561763210998,2.5840436912236995,False,True,True
3027,6,19,2025-09-04,Geometrie: kreis,1,kognition,2.0311230831007,1,3.8229300313861,0.5312987037268,0.20795513229951,0.31164531269073,0.34246928522452,0.41648835124838,0.41913366222758,0.33305785235829,-0.9043278026565997,False,True,True
3028,6,19,2025-09-04,Geometrie: kreis,1,kognition,2.2035645934457,1,4.2358001921728,0.52022269494454,0.045510725452022,0.10306308108279,0.34884460310921,0.47727058198715,0.43904963315455,0.41764345474095,0.4128701607866998,False,False,True
3029,6,19,2025-09-04,Geometrie: kreis,1,regulation,1.9603476546835,1,4.105530115666,0.40874243667907,0.052973024371062,0.031854050439072,0.42453459808445,0.46443239119492,0.45296988137695,0.47748836924115,-0.13027007650679945,False,True,True
3030,6,19,2025-09-04,Geometrie: kreis,1,motivation,1.7915442913418,1,3.3533597644884,0.41425099938255,0.29820749581207,0.29614522655344,0.53425193675745,0.28669873699374,0.4000688015956,0.35225572510267,-0.7521703511776003,False,True,True
3021,6,19,2025-09-11,Geometrie: MS/WH/RectEck,1,motivation,1.6401735572884,1,2.8880375884253,0.33503668365262,0.32038509609569,0.43729181778179,0.5679177738836,0.22979626349353,0.40213666852666,0.23837351162418,-0.4653221760631001,False,False,True
3022,6,19,2025-09-11,Geometrie: MS/WH/RectEck,1,kognition,1.8124059963247,1,2.7008782028216,0.67104073187158,0.0,0.13221920340388,0.18986342323182,0.46057081054162,0.46390437256253,0.26236264134944,-0.18715938560369993,False,True,True
3023,6,19,2025-09-11,Geometrie: MS/WH/RectEck,1,kognition,1.884870137549,1,3.6334044341863,0.51876001807405,0.15340174444684,0.095149177439808,0.36402297008985,0.483195435891,0.42961310411021,0.38436845185597,0.9325262313647,False,False,True
3024,6,19,2025-09-11,Geometrie: MS/WH/RectEck,1,regulation,1.539769585776,1,2.8957199704337,0.47088581038576,0.15755269598282,0.14777939986544,0.33022333356776,0.43475917646087,0.38831659764443,0.5317379733254,-0.7376844637525997,False,True,True
3025,6,19,2025-09-11,Geometrie: MS/WH/RectEck,1,kognition,2.4887495600728,1,4.8458292980034,0.51358483165098,0.061490211488883,0.10551649015658,0.3882399826205,0.41087257110398,0.45031579473172,0.44607269460341,1.9501093275696997,False,True,True
3017,6,19,2025-09-18,Geometrie: rwDr,1,kognition,2.1266007185707,1,4.2434364120772,0.50114942244074,0.11396715072385,0.17824852421908,0.34183623305069,0.44985360536929,0.43478865646368,0.44251784498799,-0.6023928859262,False,False,True
3018,6,19,2025-09-18,Geometrie: rwDr,1,performanz,2.260374675858,1,4.5339414150742,0.4388648454313,0.049012142319769,0.093902205182241,0.41400029487602,0.39896667426924,0.49854408857202,0.46589329515275,0.29050500299700044,False,True,True
3019,6,19,2025-09-18,Geometrie: rwDr,1,motivation,0.292,1,0.47720959755646,0.42538068645846,0.16763770894915,0.25145656342372,0.61187763766439,0.0,0.52386784046609,0.28079316248982,-4.056731817517741,False,True,True
3020,6,19,2025-09-18,Geometrie: rwDr,1,motivation,1.7915442913418,1,3.3533597644884,0.41425099938255,0.29820749581207,0.29614522655344,0.53425193675745,0.28669873699374,0.4000688015956,0.35225572510267,2.87615016693194,False,False,True
3012,6,19,2025-09-25,Gleichungssysteme: Terme,1,kognition,2.078940017929,1,3.0075822377954,0.69123067675319,0.0,0.25591478507693,0.12837894832579,0.46807332157981,0.46358479692794,0.078844605250314,-0.3457775266929999,False,True,True
3013,6,19,2025-09-25,Gleichungssysteme: Terme,1,kognition,1.752927244018,1,3.2645506643148,0.53695655381115,0.12160901291853,0.19430850592622,0.27023992750622,0.42310320660401,0.44252841115942,0.45961902581514,0.2569684265193999,False,False,True
3014,6,19,2025-09-25,Gleichungssysteme: Terme,1,regulation,1.9791706721549,1,4.2157345291432,0.37487060772453,0.2035061245517,0.30634878400679,0.42635033914532,0.34151654325095,0.45320148723103,0.46947120691802,0.9511838648283999,False,True,True
3015,6,19,2025-09-25,Gleichungssysteme: Terme,1,kognition,2.4241953523872,1,3.6133900265862,0.67089038981313,0.0,0.27260700094581,0.12121547483737,0.48802215807,0.46603119948005,0.074445120390985,-0.602344502557,False,True,True
3016,6,19,2025-09-25,Gleichungssysteme: Terme,1,performanz,1.7576385021604,1,3.4507597507663,0.44464530526223,0.098341955792704,0.27435660761333,0.36291912005201,0.37409352724782,0.50934679190639,0.43156883465415,-0.16263027581989986,False,True,True
3007,6,19,2025-10-02,Weitere Themen: Terme,1,kognition,1.919667488646,1,3.1988921097457,0.60010197961283,0.028359326892356,0.086449473354213,0.30337364378423,0.40429765756495,0.44207952411901,0.42504956153813,-0.2518676410206,False,True,True
3008,6,19,2025-10-02,Weitere Themen: Terme,1,kognition,1.8124059963247,1,2.7008782028216,0.67104073187158,0.0,0.13221920340388,0.18986342323182,0.46057081054162,0.46390437256253,0.26236264134944,-0.4980139069241001,False,False,True
3009,6,19,2025-10-02,Weitere Themen: Terme,1,kognition,2.2009129520582,1,3.5655874874173,0.61726343476093,0.037799812012656,0.18382639127447,0.28178965695487,0.46623570321268,0.46595771324522,0.26431334205833,0.8647092845957003,False,False,True
3010,6,19,2025-10-02,Weitere Themen: Terme,1,kognition,2.1908165769441,1,2.8268819818558,0.77499125930729,0.0,0.21266397870048,0.0,0.51818391271022,0.29264472978968,0.0,-0.7387055055615002,False,False,True
3011,6,19,2025-10-02,Weitere Themen: Terme,1,motivation,2.0818792519938,1,4.2766590717479,0.33209301290047,0.37841837691444,0.38256831241431,0.48679923956401,0.28414573900136,0.39297120036295,0.35778751746519,1.4497770898920996,False,True,True
3002,6,19,2025-10-09,Grundrechenarten: Übungen zum Rechnen mit den Grundrechenarten,18,kognition,2.0547114305757,1,4.0202243037138,0.51109245764048,0.032870016624614,0.15348776998845,0.35931223423551,0.44420521406901,0.50173089465934,0.36875892782791,-0.2564347680340999,False,True,True
3003,6,19,2025-10-09,Grundrechenarten: Übungen zum Rechnen mit den Grundrechenarten,18,kognition,2.2176040705498,1,4.1959607750546,0.52850798764701,0.033057437189919,0.11991473533283,0.3111460283294,0.50972860238967,0.43980333406568,0.39387831994598,0.17573647134080073,False,False,True
3004,6,19,2025-10-09,Grundrechenarten: Übungen zum Rechnen mit den Grundrechenarten,18,performanz,1.7364678940513,1,3.5253302199341,0.45873591159058,0.17557733186734,0.29381275481814,0.38507725246167,0.43967873597745,0.49256746461871,0.29694741524276,-0.6706305551205003,False,True,True
3005,6,19,2025-10-09,Grundrechenarten: Übungen zum Rechnen mit den Grundrechenarten,18,regulation,2.313833831872,1,4.9946265310618,0.41890779460302,0.17740135474721,0.18447467974737,0.43405868844984,0.40459236989813,0.43851444065215,0.46326370647438,1.4692963111277,False,True,True
3006,6,19,2025-10-09,Grundrechenarten: Übungen zum Rechnen mit den Grundrechenarten,18,kognition,1.8346238946577,1,3.050519966414,0.60141153008057,0.25796034376092,0.36992244687776,0.36833268059845,0.37038652482427,0.38425337642634,0.12002358492601,-1.9441065646478002,False,True,True
2999,6,19,2025-10-16,Grundrechenarten: Allgemeine Übungen zum Rechnen mit den Grundrechenarten,18,performanz,-1.4552652158942,-1,2.4366088452089,-0.21141108626145,-0.15707180025819,-0.29598138611071,-0.37273403427469,-0.25021502605258,-0.59724778816174,-0.53364545639735,-0.6139111212051,True,True,True
3000,6,19,2025-10-16,Grundrechenarten: Allgemeine Übungen zum Rechnen mit den Grundrechenarten,18,kognition,1.512680856227,1,2.7153344123817,0.55708618373762,-0.077067209853772,-0.023311259048937,0.34116611055201,0.49480456333913,0.45950366325734,0.33285937163261,0.27872556717279995,True,True,True
3001,6,19,2025-10-16,Grundrechenarten: Allgemeine Übungen zum Rechnen mit den Grundrechenarten,18,motivation,2.0519663720169,1,4.2418067613595,0.35687517920945,0.29880068688514,0.34641805694199,0.4837470563814,0.35222911961893,0.45040191257754,0.32001503204027,1.5264723489778005,False,True,True
2996,6,19,2025-10-23,Weitere Themen: Terme,1,regulation,2.2831943720438,1,4.6221765003632,0.42028364349602,0.07674949586674,0.058605948586205,0.41798896030911,0.44907287797465,0.44005726793527,0.4939641383714,0.38036973900369997,False,True,True
2997,6,19,2025-10-23,Weitere Themen: Terme,1,kognition,2.2176040705498,1,4.1959607750546,0.52850798764701,0.033057437189919,0.11991473533283,0.3111460283294,0.50972860238967,0.43980333406568,0.39387831994598,-0.42621572530859986,False,True,True
2998,6,19,2025-10-23,Weitere Themen: Terme,1,kognition,1.9788076577981,1,3.9084723722527,0.50628542470759,0.047586876996102,0.076347252476498,0.38277239334217,0.41463234038027,0.45983069878252,0.45353895477639,-0.28748840280190047,False,False,True
2992,6,19,2025-10-30,Algebra: Terme,1,kognition,2.2414953024427,1,4.7653905687971,0.47036870669794,0.071220868695358,0.091961975579142,0.39006654587399,0.46307096173179,0.4334201960125,0.45910780175665,0.8569181965444002,False,False,True
2993,6,19,2025-10-30,Algebra: Terme,1,kognition,2.2069589158005,1,3.916840808544,0.5634523814352,0.076723644298226,0.31177537024684,0.31845471584113,0.42787289584912,0.43423975906972,0.32614892186079,-0.8485497602531002,False,False,True
2994,6,19,2025-10-30,Algebra: Terme,1,kognition,0.811,1,0.99141868047763,0.81801143740294,0.0,0.17853023972912,0.0,0.48515844807745,0.25216135554961,0.0,-2.9254221280663697,False,False,True
2995,6,19,2025-10-30,Algebra: Terme,1,regulation,1.4279047558095,1,3.0240571504654,0.33940662801459,0.35165369924952,-0.028935370103071,0.47015906248171,0.44061701743393,0.34950231383445,0.47218024096779,2.03263846998777,False,True,True
2987,6,19,2025-11-06,Algebra: RatZ,1,kognition,1.919667488646,1,3.1988921097457,0.60010197961283,0.028359326892356,0.086449473354213,0.30337364378423,0.40429765756495,0.44207952411901,0.42504956153813,0.1748349592802998,False,True,True
2988,6,19,2025-11-06,Algebra: RatZ,1,kognition,2.1118789605959,1,3.9754603937968,0.53122744012662,0.022266357176725,0.15845702965771,0.31305095472288,0.4683200092299,0.49369494887372,0.36211699940813,0.7765682840511001,False,False,True
2989,6,19,2025-11-06,Algebra: RatZ,1,performanz,2.3014253844218,1,4.5347833117075,0.41476969392919,0.051856732935361,0.10098465693496,0.42176385072412,0.42040859468173,0.50750392051611,0.45042902589896,0.5593229179106998,False,True,True
2990,6,19,2025-11-06,Algebra: RatZ,1,kognition,2.2009129520582,1,3.5655874874173,0.61726343476093,0.037799812012656,0.18382639127447,0.28178965695487,0.46623570321268,0.46595771324522,0.26431334205833,-0.9691958242901997,False,True,True
2991,6,19,2025-11-06,Algebra: RatZ,1,kognition,1.9947276918836,1,3.6328672145636,0.54907655119392,-0.038482231806958,0.0054751174992369,0.39332409838053,0.42215120724975,0.47425318615247,0.37305094002933,0.0672797271462997,False,False,True
2982,6,19,2025-11-13,Grundrechenarten: ratZ,1,kognition,1.6517086769815,1,3.1105149252108,0.53100641103836,0.037516048702287,0.13871477916169,0.36888022758025,0.4065452396975,0.52667608483763,0.34443746200904,-0.5223522893527996,False,False,True
2983,6,19,2025-11-13,Grundrechenarten: ratZ,1,kognition,1.752927244018,1,3.2645506643148,0.53695655381115,0.12160901291853,0.19430850592622,0.27023992750622,0.42310320660401,0.44252841115942,0.45961902581514,0.1540357391039997,False,False,True
2984,6,19,2025-11-13,Grundrechenarten: ratZ,1,kognition,1.7468429863796,1,4.0578127668032,0.43048774842273,0.28241639133245,0.31314652429469,0.41780346808517,0.36786569284546,0.40358753700582,0.40507752344252,0.7932621024883999,False,False,True
2985,6,19,2025-11-13,Grundrechenarten: ratZ,1,kognition,1.5886973924518,1,2.9445628141972,0.5395340827681,0.052598074367706,0.11467923007214,0.30661232340432,0.48130894290842,0.41196951037113,0.44451097319058,-1.113249952606,False,False,True
2978,6,19,2025-11-20,Prüfungsvorbereitung: LK ratZ,1,kognition,2.4410982889583,1,4.2776947265947,0.57065609830007,0.061680906507123,0.098417161158226,0.35536178558859,0.45537212052641,0.40162071683407,0.40732235788888,3.28627604611707,False,False,True
2979,6,19,2025-11-20,Prüfungsvorbereitung: LK ratZ,1,performanz,1.4230076958162,1,3.0867875408233,0.43587663176557,0.31619942378794,0.028515018362968,0.42115964537037,0.40539292304563,0.46099806579369,0.39366459733979,-1.1909071857714002,False,True,True
2980,6,19,2025-11-20,Prüfungsvorbereitung: LK ratZ,1,performanz,1.5619583131048,1,2.7800794322758,0.4828625632128,0.016496962767111,0.21435825162725,0.32723127590326,0.36859184201213,0.56183743406635,0.40250886323243,-0.3067081085475003,False,False,True
2981,6,19,2025-11-20,Prüfungsvorbereitung: LK ratZ,1,regulation,2.3378029514569,1,4.1845300685627,0.38787318485344,0.19216826862418,0.17250246888137,0.41054464039032,0.35562121575469,0.41920331406745,0.55867620172171,1.4044506362869003,False,True,True
2973,6,19,2025-11-27,Grundrechenarten: ratZ,1,performanz,2.1018406752718,1,4.0297451295107,0.50229795388456,0.030986423052732,0.16577460984972,0.36043056753727,0.43342058043781,0.52158024686899,0.35977892556151,-0.15478493905199997,False,True,True
2974,6,19,2025-11-27,Grundrechenarten: ratZ,1,kognition,2.1969604991137,1,3.9082087439743,0.56213857080057,0.033812121852611,0.13194589398309,0.32139828186305,0.47968884541538,0.45640853074794,0.35176006075289,-0.1215363855364,False,True,True
2975,6,19,2025-11-27,Grundrechenarten: ratZ,1,regulation,1.6521674795534,1,3.5054604059233,0.41704868780184,0.057308012801041,0.04481777131057,0.43363810755397,0.44022910936058,0.4656113369475,0.47131120455665,-0.40274833805099997,False,True,True
2976,6,19,2025-11-27,Grundrechenarten: ratZ,1,kognition,2.2741683893754,1,4.4226026497114,0.51421378481424,0.20190670340455,0.2771769151546,0.38230209960267,0.45121813753943,0.41512604872008,0.30968364954078,0.9171422437880996,False,True,True
2977,6,19,2025-11-27,Grundrechenarten: ratZ,1,regulation,1.9449987244184,1,3.8214492248625,0.4744640681703,-0.034227517275499,0.028363956548983,0.33962254037949,0.48124977980893,0.4085459507913,0.50896754615728,-0.6011534248488997,False,True,True
2969,6,19,2025-12-04,Grundrechenarten: MulDivRatZ,1,kognition,1.8124059963247,1,2.7008782028216,0.67104073187158,0.0,0.13221920340388,0.18986342323182,0.46057081054162,0.46390437256253,0.26236264134944,-1.1205710220409002,False,True,True
2970,6,19,2025-12-04,Grundrechenarten: MulDivRatZ,1,kognition,2.3459293201978,1,3.9453024964552,0.59461178862399,0.17052830396184,0.30842106960146,0.27913815177287,0.45862360065479,0.4018311838535,0.26926989756156,1.2444242936336,False,False,True
2971,6,19,2025-12-04,Grundrechenarten: MulDivRatZ,1,motivation,0.85188551646247,1,1.5890209998845,0.33406255970934,0.45645506608696,0.46047891028742,0.53610377426518,0.18684581263477,0.36274856741847,0.11871153327529,-2.3562814965707,False,True,True
2972,6,19,2025-12-04,Grundrechenarten: MulDivRatZ,1,kognition,2.1462963786463,1,4.3406553652064,0.49446253006518,0.26550279432215,0.053552965854877,0.37877182858556,0.4109033095443,0.44109602015534,0.41864927793105,2.7516343653219,False,True,True
2964,6,19,2025-12-11,Grundrechenarten: ratZ,1,performanz,1.5752921706211,1,3.3390173794307,0.4453971633637,0.10840822376021,0.24513638282625,0.41734687449694,0.34808714570617,0.47178174708159,0.46027176364271,-1.0016379857757003,False,True,True
2965,6,19,2025-12-11,Grundrechenarten: ratZ,1,performanz,1.8608741963844,1,3.0556171049096,0.55550638970887,0.0,0.29078875442313,0.25128473348535,0.3845063379814,0.60899911294624,0.15804728787018,-0.28340027452109995,False,False,True
2966,6,19,2025-12-11,Grundrechenarten: ratZ,1,kognition,1.5684720974388,1,3.0254345195717,0.51842699057686,0.20645917289249,0.26341793863257,0.36536033774548,0.50138374535,0.37996826043006,0.29993787516034,-0.03018258533789986,False,True,True
2967,6,19,2025-12-11,Grundrechenarten: ratZ,1,kognition,1.9456574808789,1,3.7466053594377,0.51931070959227,0.05153438433853,0.11548013475006,0.33418177163828,0.47010747702158,0.43398948012493,0.43965239583273,0.7211708398659997,False,False,True
2968,6,19,2025-12-11,Grundrechenarten: ratZ,1,regulation,2.5051943093294,1,4.9669401934215,0.3909448724847,0.12089807406911,0.11494805508238,0.41638689628016,0.45609554731063,0.42841057129645,0.50437274620701,1.2203348339838005,False,True,True
2959,6,19,2025-12-18,"Weitere Themen: Übungen zu Wurzeln, Quadraten und Lösen linearer Gleichungen",18,performanz,1.5752921706211,1,3.3390173794307,0.4453971633637,0.10840822376021,0.24513638282625,0.41734687449694,0.34808714570617,0.47178174708159,0.46027176364271,-1.6279228139908004,False,True,True
2960,6,19,2025-12-18,"Weitere Themen: Übungen zu Wurzeln, Quadraten und Lösen linearer Gleichungen",18,kognition,2.0772518399554,1,3.5046583852388,0.59270995472911,0.037629046859325,0.10166548436159,0.31605277833603,0.40263592842087,0.44426987951362,0.42137466894537,0.16564100580810015,False,True,True
2961,6,19,2025-12-18,"Weitere Themen: Übungen zu Wurzeln, Quadraten und Lösen linearer Gleichungen",18,kognition,2.2209564799031,1,4.2332441001739,0.52464520847256,0.057651067006785,0.12431452439003,0.36300826394135,0.46358746533329,0.45239334066434,0.39321350670068,0.7285857149351003,False,False,True
2962,6,19,2025-12-18,"Weitere Themen: Übungen zu Wurzeln, Quadraten und Lösen linearer Gleichungen",18,kognition,2.0635169573234,1,3.5459767256588,0.5819302543892,0.025556217949941,0.16336965941252,0.27651007972838,0.44722713027514,0.40033995329892,0.44414723291951,-0.6872673745151001,False,False,True
2963,6,19,2025-12-18,"Weitere Themen: Übungen zu Wurzeln, Quadraten und Lösen linearer Gleichungen",18,motivation,1.7915442913418,1,3.3533597644884,0.41425099938255,0.29820749581207,0.29614522655344,0.53425193675745,0.28669873699374,0.4000688015956,0.35225572510267,-0.19261696117040028,False,True,True
2955,6,19,2026-01-08,Dezimalzahlen: Division,19,performanz,2.1524916087874,1,3.7834187822736,0.43529939562806,0.035551443866491,0.119184436252,0.4104201615304,0.35006848278279,0.56892616001453,0.42470070376623,0.43005901778519995,False,True,True
2956,6,19,2026-01-08,Dezimalzahlen: Division,19,kognition,1.9373026861825,1,2.4174972743467,0.80136374634324,-0.0276955660997,0.19326724765202,-0.13478508835187,0.45886239328623,0.19416465364535,-0.23079638416416,-1.3659215079268998,False,True,True
2957,6,19,2026-01-08,Dezimalzahlen: Division,19,performanz,1.9659302386016,1,3.702637071267,0.47017325437901,0.18259732730411,0.27316223778375,0.42473426924758,0.31688346369353,0.5309526403036,0.32900954691659,1.2851397969203,False,True,True
2958,6,19,2026-01-08,Dezimalzahlen: Division,19,kognition,2.1832057573786,1,4.0234239649558,0.54262249023953,0.038559193374943,0.16233508787185,0.34215879515,0.42094647658508,0.4701756065589,0.40296735825034,0.32078689368879987,False,True,True
2950,6,19,2026-01-15,Gleichungen und Ungleichungen: Gl lösen,1,regulation,1.7810357015046,1,3.5846603474751,0.44499407838611,0.049847783190915,0.036900952175072,0.39802316963037,0.42437609028194,0.46125148062342,0.49684783504823,-0.4387636174806997,False,True,True
2951,6,19,2026-01-15,Gleichungen und Ungleichungen: Gl lösen,1,kognition,1.6572392084879,1,2.7485111833519,0.6029566803145,0.036207071392921,0.095577072626153,0.31056895785456,0.39725124495274,0.44300457099163,0.41889778835364,-0.8361491641232002,False,True,True
2952,6,19,2026-01-15,Gleichungen und Ungleichungen: Gl lösen,1,motivation,1.7887542255783,1,3.6925617798486,0.37799176392,0.29900821245121,0.11519354329811,0.48441962193939,0.33975715054035,0.47906625432386,0.41813822966906,0.9440505964966999,False,True,True
2953,6,19,2026-01-15,Gleichungen und Ungleichungen: Gl lösen,1,kognition,1.8346238946577,1,3.050519966414,0.60141153008057,0.25796034376092,0.36992244687776,0.36833268059845,0.37038652482427,0.38425337642634,0.12002358492601,-0.6420418134346,False,True,True
2954,6,19,2026-01-15,Gleichungen und Ungleichungen: Gl lösen,1,performanz,1.2945417374836,1,2.2888856549031,0.21945057193054,0.18392997448974,0.30161300890777,0.37123476885487,0.26169585814646,0.56557481539648,0.54850452907291,-0.7616343115109001,False,True,True
2945,6,19,2026-01-22,Weitere Themen: Selbststudium,18,performanz,2.1744618745086,1,4.4388621375364,0.46577705352531,0.21582431903798,0.15028280583915,0.40837051156953,0.4063458558203,0.48986810323295,0.37686600340078,2.1499764826333005,False,False,True
2946,6,19,2026-01-22,Weitere Themen: Selbststudium,18,regulation,1.5887506947218,1,2.5500239990253,0.30106002388061,0.15568419877999,0.13842952687491,0.37101936000202,0.30931179423061,0.49442664870243,0.62303118128191,-1.8888381385111002,False,True,True
2947,6,19,2026-01-22,Weitere Themen: Selbststudium,18,performanz,1.9577799980576,1,3.7807537621279,0.51042066750317,0.03083949094383,0.14821465789205,0.36597314714407,0.37761274092899,0.5178265877569,0.41457772698257,1.2307297631026,False,True,True
2948,6,19,2026-01-22,Weitere Themen: Selbststudium,18,performanz,1.7816761805797,1,3.5517580419398,0.42323574484856,0.16129366203002,0.30455667553456,0.39291713687201,0.3511092726904,0.50163078206162,0.4156926989252,-0.2289957201881001,False,False,True
2949,6,19,2026-01-22,Weitere Themen: Selbststudium,18,kognition,2.1462963786463,1,4.3406553652064,0.49446253006518,0.26550279432215,0.053552965854877,0.37877182858556,0.4109033095443,0.44109602015534,0.41864927793105,0.7888973232666001,False,True,True
2940,6,19,2026-01-29,Grundrechenarten: GanzZ,1,performanz,2.1744618745086,1,4.4388621375364,0.46577705352531,0.21582431903798,0.15028280583915,0.40837051156953,0.4063458558203,0.48986810323295,0.37686600340078,0.09820677233000019,False,True,True
2941,6,19,2026-01-29,Grundrechenarten: GanzZ,1,regulation,2.0584483248078,1,3.7903140793782,0.43782915236789,0.20100650117379,0.23487362217918,0.31187955950307,0.38918849396145,0.41116778334824,0.54307976882693,-0.6485480581582004,False,True,True
2942,6,19,2026-01-29,Grundrechenarten: GanzZ,1,performanz,1.517734800859,1,2.4285529007933,0.4282299540693,0.020588307588684,0.15656159458602,0.38655508674269,0.28065007168787,0.6249518183627,0.41583817372042,-1.3617611785848998,False,True,True
2943,6,19,2026-01-29,Grundrechenarten: GanzZ,1,kognition,2.1832057573786,1,4.0234239649558,0.54262249023953,0.038559193374943,0.16233508787185,0.34215879515,0.42094647658508,0.4701756065589,0.40296735825034,1.5948710641624997,False,True,True
2944,6,19,2026-01-29,Grundrechenarten: GanzZ,1,kognition,1.6541350767271,1,3.0157863397785,0.54849031246209,0.034992294572616,0.080687494641113,0.3468035879373,0.43129858901831,0.48014172008029,0.39317876350424,-1.0076376251773,False,False,True
63,7,20,2024-11-15,weitere Themen: Berichtigung LK,1,regulation,1.6222063442055,1,3.2295298787113,0.38071383171431,0.24748655049747,0.10171932034048,0.50201075725974,0.40130785713418,0.34363302156544,0.50230262053703,,False,False,True
62,2,20,2025-03-03,weitere Themen: Magnetismus komplexe Aufg,6,kognition,0.811,1,0.99141868047763,0.81801143740294,0.0,0.17853023972912,0.0,0.48515844807745,0.25216135554961,0.0,-2.23811119823367,False,True,True
57,2,20,2025-09-01,Weitere Themen: quGl/quErg,1,performanz,1.7503923860708,1,3.2500733602901,0.38839016543615,0.042134255804933,0.11434696884422,0.40387347344296,0.423619496146,0.53856845872242,0.44908034483934,2.25865467981247,False,True,True
58,2,20,2025-09-01,Weitere Themen: quGl/quErg,1,kognition,2.2176040705498,1,4.1959607750546,0.52850798764701,0.033057437189919,0.11991473533283,0.3111460283294,0.50972860238967,0.43980333406568,0.39387831994598,0.9458874147645004,False,True,True
59,2,20,2025-09-01,Weitere Themen: quGl/quErg,1,performanz,2.1602420544193,1,4.0730731755336,0.50793164389237,0.029806912452068,0.14201670599099,0.36940497938456,0.35646034890973,0.5303702284784,0.41967456397547,-0.12288759952100037,False,True,True
60,2,20,2025-09-01,Weitere Themen: quGl/quErg,1,performanz,2.260374675858,1,4.5339414150742,0.4388648454313,0.049012142319769,0.093902205182241,0.41400029487602,0.39896667426924,0.49854408857202,0.46589329515275,0.4608682395406003,False,False,True
61,2,20,2025-09-01,Weitere Themen: quGl/quErg,1,kognition,1.8208837623008,1,3.6125069904342,0.50404849779874,0.43192844835675,0.076419758998382,0.38342669887468,0.31191938287969,0.4139357652498,0.37131503999192,-0.9214344246400001,False,True,True
52,7,20,2025-09-05,Weitere Themen: vorbblf,1,performanz,1.7503923860708,1,3.2500733602901,0.38839016543615,0.042134255804933,0.11434696884422,0.40387347344296,0.423619496146,0.53856845872242,0.44908034483934,-0.36243363014410024,False,True,True
53,7,20,2025-09-05,Weitere Themen: vorbblf,1,kognition,2.1090557744311,1,4.0923704304351,0.51536161172749,0.19426346438556,0.29112673216271,0.35014715282826,0.40945272192639,0.4409227615102,0.35670297519528,0.8422970701449999,False,True,True
54,7,20,2025-09-05,Weitere Themen: vorbblf,1,motivation,2.0519663720169,1,4.2418067613595,0.35687517920945,0.29880068688514,0.34641805694199,0.4837470563814,0.35222911961893,0.45040191257754,0.32001503204027,0.14943633092440045,False,True,True
55,7,20,2025-09-05,Weitere Themen: vorbblf,1,performanz,2.2329100933114,1,4.2154606819304,0.47702884675405,0.035858957413928,0.14440605365886,0.38564030488792,0.40772019219027,0.52969413424763,0.39340778595657,-0.026346079429099944,False,True,True
56,7,20,2025-09-05,Weitere Themen: vorbblf,1,kognition,1.512680856227,1,2.7153344123817,0.55708618373762,-0.077067209853772,-0.023311259048937,0.34116611055201,0.49480456333913,0.45950366325734,0.33285937163261,-1.5001262695487005,False,True,True
47,2,20,2025-09-08,Newtonsche Gesetze: VorbLK,1,performanz,2.1625397852702,1,4.5039203437359,0.43533203634603,0.17064144437225,0.24094742665989,0.42185314901355,0.37315321830169,0.48014503338796,0.41900448192064,1.7885859313542003,False,True,True
48,2,20,2025-09-08,Newtonsche Gesetze: VorbLK,1,kognition,2.4784503914436,1,3.9956993418333,0.62027794802174,0.017456248999166,0.13276811815846,0.24254013544875,0.49304966323876,0.45222844057314,0.30146959684203,-0.5082210019026001,False,True,True
49,2,20,2025-09-08,Newtonsche Gesetze: VorbLK,1,kognition,2.1820491743331,1,4.4336617364237,0.49215397621954,0.1998670220788,0.11445072171214,0.39248883283008,0.46126862894737,0.42771883525212,0.39366803854352,0.43796239459039965,False,False,True
51,2,20,2025-09-08,Newtonsche Gesetze: VorbLK,1,methodik,2.0534298272575,1,3.8995392280503,0.51572033646035,0.023111379596837,0.14713864022183,0.29720121974227,0.52658133214136,0.45873431996406,0.3684967432254,1.7204440668039997,False,True,True
44,7,20,2025-09-12,Quadratische Funktion/Gleichung: BLF T B,1,regulation,1.7810357015046,1,3.5846603474751,0.44499407838611,0.049847783190915,0.036900952175072,0.39802316963037,0.42437609028194,0.46125148062342,0.49684783504823,-0.31487888057519964,False,True,True
45,7,20,2025-09-12,Quadratische Funktion/Gleichung: BLF T B,1,kognition,2.1969604991137,1,3.9082087439743,0.56213857080057,0.033812121852611,0.13194589398309,0.32139828186305,0.47968884541538,0.45640853074794,0.35176006075289,0.32354839649919986,False,True,True
39,2,20,2025-09-15,Weitere Themen: VorbBLF,1,performanz,2.1524916087874,1,3.7834187822736,0.43529939562806,0.035551443866491,0.119184436252,0.4104201615304,0.35006848278279,0.56892616001453,0.42470070376623,2.1610676180511996,False,True,True
40,2,20,2025-09-15,Weitere Themen: VorbBLF,1,kognition,2.5684402293092,1,4.7203348418297,0.54412131218651,0.034339382852549,0.145716218238,0.32815106372612,0.43803370736583,0.46050645028912,0.41218019240003,0.9369160595561006,False,True,True
41,2,20,2025-09-15,Weitere Themen: VorbBLF,1,performanz,2.3369126707959,1,4.6528861597638,0.45163227136925,0.21250462012127,0.1734894590181,0.40952500747516,0.40519201492762,0.50224904888369,0.3696238348482,-0.06744868206590038,False,True,True
42,2,20,2025-09-15,Weitere Themen: VorbBLF,1,kognition,1.628635644424,1,3.1766681938078,0.51268512107983,0.22387537947476,0.28929848813247,0.40637796246605,0.35743108585166,0.47592781995218,0.2897007950665,-1.4762179659560002,False,True,True
43,2,20,2025-09-15,Weitere Themen: VorbBLF,1,regulation,1.9603476546835,1,4.105530115666,0.40874243667907,0.052973024371062,0.031854050439072,0.42453459808445,0.46443239119492,0.45296988137695,0.47748836924115,0.9288619218582004,False,True,True
34,7,20,2025-09-19,Trigonometrie: Üb,1,performanz,1.7503923860708,1,3.2500733602901,0.38839016543615,0.042134255804933,0.11434696884422,0.40387347344296,0.423619496146,0.53856845872242,0.44908034483934,-0.8554567553759003,False,True,True
35,7,20,2025-09-19,Trigonometrie: Üb,1,kognition,1.8346726067272,1,3.2578547618,0.56315186199242,0.031352009134577,0.21853304168741,0.26739485678908,0.44746296860024,0.50787483501136,0.32319380690867,0.007781401509900032,False,True,True
36,7,20,2025-09-19,Trigonometrie: Üb,1,kognition,2.3317185870149,1,3.9472334029979,0.59072075090275,0.036035643093624,0.11051648660271,0.31723657760352,0.43648255743814,0.44637104913987,0.38357304861061,0.6893786411979002,False,False,True
37,7,20,2025-09-19,Trigonometrie: Üb,1,kognition,1.9983364398439,1,3.73654460792,0.53480723541635,0.23766947744919,0.32205417002549,0.38482504297687,0.38977370733012,0.39078727981567,0.31787048430686,-0.21068879507790017,False,False,True
38,7,20,2025-09-19,Trigonometrie: Üb,1,kognition,1.7210596468562,1,3.2680013090368,0.52663821636637,0.059917132129427,0.10515379467749,0.32731466212845,0.43852952957493,0.41554212567743,0.48567519117027,-0.4685432988831999,False,False,True
31,2,20,2025-09-22,Weitere Themen: trigFkt,1,kognition,2.2375701027702,1,4.04857516276,0.55267951958922,0.19636489490517,0.31562955398473,0.31897353826335,0.43567210529291,0.4119372974083,0.30840327964697,0.7805738537231997,False,False,True
32,2,20,2025-09-22,Weitere Themen: trigFkt,1,kognition,2.1820491743331,1,4.4336617364237,0.49215397621954,0.1998670220788,0.11445072171214,0.39248883283008,0.46126862894737,0.42771883525212,0.39366803854352,0.3850865736636999,False,False,True
33,2,20,2025-09-22,Weitere Themen: trigFkt,1,performanz,2.061049496361,1,4.1805161786248,0.49006663241819,0.040531893031969,0.13003042817653,0.36777609699608,0.43194466879972,0.49301198181686,0.41997963815352,-0.25314555779889947,False,True,True
26,7,20,2025-09-26,Prüfungsvorbereitung: BLF,1,performanz,1.7503923860708,1,3.2500733602901,0.38839016543615,0.042134255804933,0.11434696884422,0.40387347344296,0.423619496146,0.53856845872242,0.44908034483934,-0.9304428183347002,False,False,True
27,7,20,2025-09-26,Prüfungsvorbereitung: BLF,1,kognition,2.2919360807261,1,4.2764814618867,0.5359384208182,0.18590005547427,0.29880876428253,0.32922973437561,0.42820464055857,0.43139081174337,0.33327220027853,1.0264081015966,False,True,True
28,7,20,2025-09-26,Prüfungsvorbereitung: BLF,1,kognition,0.811,1,0.99141868047763,0.81801143740294,0.0,0.17853023972912,0.0,0.48515844807745,0.25216135554961,0.0,-3.28506278140907,False,False,True
29,7,20,2025-09-26,Prüfungsvorbereitung: BLF,1,performanz,1.5905662396008,1,2.8317859427849,0.34456488256982,0.060358887711972,0.16437475016394,0.43433565860583,0.4076290773864,0.56168109275437,0.42463059971445,1.8403672623072698,False,True,True
30,7,20,2025-09-26,Prüfungsvorbereitung: BLF,1,performanz,1.7185730315922,1,3.4752254188631,0.31877151424459,0.19146773728403,0.17310725067521,0.46890082280075,0.38408892483263,0.49451988842658,0.46883978948033,0.6434394760782003,False,False,True
21,2,20,2025-09-29,Weitere Themen: BLF,1,performanz,1.844266143772,1,2.6788847117208,0.24224088438831,0.01073976314306,0.075934832213756,0.43885713583648,0.19729834265167,0.68844293719454,0.47953576244391,-0.7963407071423001,False,False,True
22,2,20,2025-09-29,Weitere Themen: BLF,1,kognition,2.7682973486899,1,4.466581322438,0.6197785176323,0.02801118491248,0.21750641921344,0.23950031054412,0.50737318760695,0.42467013619691,0.2695250780338,1.7876966107172003,False,True,True
23,2,20,2025-09-29,Weitere Themen: BLF,1,kognition,2.2688988134381,1,4.362368859302,0.52010586118627,0.19744656419101,0.27327195712571,0.37284289932841,0.46304826268623,0.41077008263379,0.30604741185795,-0.10421246313600019,False,False,True
24,2,20,2025-09-29,Weitere Themen: BLF,1,regulation,-2.2199674698438,-1,4.0162409249856,-0.51774848962593,-0.11215954428789,-0.18479456906514,-0.26602147683105,-0.41880394442131,-0.36539045547567,-0.55274620816968,-0.3461279343164003,True,True,True
25,2,20,2025-09-29,Weitere Themen: BLF,1,kognition,2.1046227351488,1,3.4246644235568,0.6145468079161,0.29199855995695,0.15229173432608,0.29199855995695,0.49927156175311,0.35186311417586,0.23564283788526,-0.5915765014288001,True,True,True
16,2,20,2025-10-20,Weitere Themen: quadrErg,1,kognition,2.4410982889583,1,4.2776947265947,0.57065609830007,0.061680906507123,0.098417161158226,0.35536178558859,0.45537212052641,0.40162071683407,0.40732235788888,0.8530303030379005,False,False,True
17,2,20,2025-10-20,Weitere Themen: quadrErg,1,kognition,2.0025209823477,1,4.1753366045791,0.47960592784119,0.20384347683099,0.27356109825585,0.38796629419017,0.38566077691678,0.43325305356153,0.40819754744271,-0.10235812201560002,False,False,True
18,2,20,2025-10-20,Weitere Themen: quadrErg,1,motivation,1.2052751378734,1,2.5677818078907,0.35414748083857,0.38945317322984,-0.016509864641924,0.46938195463106,0.38464361882541,0.39297273842287,0.44713277366814,-1.6075547966884,False,True,True
19,2,20,2025-10-20,Weitere Themen: quadrErg,1,kognition,2.4241953523872,1,3.6133900265862,0.67089038981313,0.0,0.27260700094581,0.12121547483737,0.48802215807,0.46603119948005,0.074445120390985,1.0456082186954996,False,True,True
20,2,20,2025-10-20,Weitere Themen: quadrErg,1,performanz,1.7185730315922,1,3.4752254188631,0.31877151424459,0.19146773728403,0.17310725067521,0.46890082280075,0.38408892483263,0.49451988842658,0.46883978948033,-0.13816460772309958,False,True,True
11,7,20,2025-10-24,Prüfungsvorbereitung: BLF,1,performanz,1.988922705534,1,4.1345309576921,0.35129292884059,0.21311434101394,0.27236711854315,0.45754424948293,0.35979991748407,0.48105042999603,0.43217430996179,0.6593055388289994,False,False,True
12,7,20,2025-10-24,Prüfungsvorbereitung: BLF,1,kognition,2.0758103279544,1,4.4037939267681,0.47136756369572,0.19326863389136,0.25936949549562,0.3896542953049,0.38321455826266,0.44758563467458,0.41733201464963,0.2692629690760002,False,True,True
13,7,20,2025-10-24,Prüfungsvorbereitung: BLF,1,sozial,1.5587443540156,1,2.8888755659315,0.37831587943523,0.53956597395126,0.029926290388881,0.46983040777715,0.25197936507438,0.39635197416013,0.35144565621995,-1.5149183608366,False,True,True
14,7,20,2025-10-24,Prüfungsvorbereitung: BLF,1,kognition,1.7353345284312,1,2.9900649591247,0.58036489123308,0.10643085034257,0.28652846723075,0.23051807041907,0.42718416964422,0.47692739623724,0.32658716896938,0.10118939319319997,False,True,True
15,7,20,2025-10-24,Prüfungsvorbereitung: BLF,1,performanz,2.061049496361,1,4.1805161786248,0.49006663241819,0.040531893031969,0.13003042817653,0.36777609699608,0.43194466879972,0.49301198181686,0.41997963815352,1.1904512195001002,False,True,True
6,2,20,2025-10-27,Weitere Themen: Stochastik Üb 2,1,kognition,2.1684041030201,1,3.7011651508002,0.58586908607967,0.031850875719515,0.1133674869774,0.31201643281213,0.45610778016662,0.4616490767318,0.35267111220798,-0.47935102782460026,False,True,True
7,2,20,2025-10-27,Weitere Themen: Stochastik Üb 2,1,kognition,1.8767956837469,1,3.644316435302,0.51499110111725,0.10893645425238,0.17406012234356,0.29083577198318,0.41050812492958,0.47090042463132,0.46665300140837,-0.05684871549819981,False,False,True
8,2,20,2025-10-27,Weitere Themen: Stochastik Üb 2,1,performanz,2.0873425430114,1,3.7431099554033,0.41363397339236,0.090449019194631,0.28763812668545,0.37418675529916,0.35005654217597,0.55764778256659,0.40553485172941,0.09879352010129994,False,True,True
9,2,20,2025-10-27,Weitere Themen: Stochastik Üb 2,1,kognition,1.512680856227,1,2.7153344123817,0.55708618373762,-0.077067209853772,-0.023311259048937,0.34116611055201,0.49480456333913,0.45950366325734,0.33285937163261,-1.0277755430216002,False,True,True
10,2,20,2025-10-27,Weitere Themen: Stochastik Üb 2,1,regulation,1.539769585776,1,2.8957199704337,0.47088581038576,0.15755269598282,0.14777939986544,0.33022333356776,0.43475917646087,0.38831659764443,0.5317379733254,0.1803855580520004,False,True,True
1,2,20,2025-11-03,Prüfungsvorbereitung: BLF,1,kognition,2.4207499997062,1,4.8013363108794,0.50418150305489,0.050987814741659,0.094859944650951,0.38810784929659,0.41463768278023,0.4438380933649,0.46330801454674,1.9056163404456994,False,True,True
2,2,20,2025-11-03,Prüfungsvorbereitung: BLF,1,kognition,2.2176040705498,1,4.1959607750546,0.52850798764701,0.033057437189919,0.11991473533283,0.3111460283294,0.50972860238967,0.43980333406568,0.39387831994598,-0.6053755358247992,False,False,True
3,2,20,2025-11-03,Prüfungsvorbereitung: BLF,1,performanz,2.0560234558756,1,3.7592794149567,0.38312516016929,0.20106786940037,0.30305502307402,0.46025162147509,0.32355873327168,0.54691810843174,0.32449642541173,-0.4366813600979005,False,True,True
4,2,20,2025-11-03,Prüfungsvorbereitung: BLF,1,kognition,1.512680856227,1,2.7153344123817,0.55708618373762,-0.077067209853772,-0.023311259048937,0.34116611055201,0.49480456333913,0.45950366325734,0.33285937163261,-1.0439450025750001,False,True,True
5,2,20,2025-11-03,Prüfungsvorbereitung: BLF,1,regulation,1.4279047558095,1,3.0240571504654,0.33940662801459,0.35165369924952,-0.028935370103071,0.47015906248171,0.44061701743393,0.34950231383445,0.47218024096779,0.3087227380837003,False,True,True
1584,2,20,2025-11-10,Prüfungsvorbereitung: BLF,1,kognition,2.1740412824802,1,3.5213129836393,0.61739331852865,0.0,0.30075818626489,0.29661220180336,0.44033243717446,0.45440135012021,0.20003070633707,0.49725583317389965,False,True,True
1585,2,20,2025-11-10,Prüfungsvorbereitung: BLF,1,kognition,2.0758103279544,1,4.4037939267681,0.47136756369572,0.19326863389136,0.25936949549562,0.3896542953049,0.38321455826266,0.44758563467458,0.41733201464963,0.8824809431288001,False,False,True
1586,2,20,2025-11-10,Prüfungsvorbereitung: BLF,1,kognition,0.811,1,0.99141868047763,0.81801143740294,0.0,0.17853023972912,0.0,0.48515844807745,0.25216135554961,0.0,-3.4123752462904697,False,False,True
1587,2,20,2025-11-10,Prüfungsvorbereitung: BLF,1,kognition,1.6983290877114,1,3.1029026024035,0.54733384575381,0.32087660148077,0.40553359103825,0.40361836664247,0.35652164517353,0.36221028318406,0.10857334062683,2.1114839219258696,False,False,True
1588,2,20,2025-11-10,Prüfungsvorbereitung: BLF,1,performanz,1.5905662396008,1,2.8317859427849,0.34456488256982,0.060358887711972,0.16437475016394,0.43433565860583,0.4076290773864,0.56168109275437,0.42463059971445,-0.2711166596185999,False,True,True
1579,7,20,2025-11-14,Weitere Themen: VorbLK komplTh,1,performanz,2.2037111148771,1,4.4186696153973,0.43739123441208,0.17677719718114,0.28673745068925,0.40933900610108,0.36513935384405,0.49872615955185,0.38157946340416,1.5868836726123998,False,False,True
1580,7,20,2025-11-14,Weitere Themen: VorbLK komplTh,1,kognition,2.0311230831007,1,3.8229300313861,0.5312987037268,0.20795513229951,0.31164531269073,0.34246928522452,0.41648835124838,0.41913366222758,0.33305785235829,-0.5957395840111999,False,True,True
1581,7,20,2025-11-14,Weitere Themen: VorbLK komplTh,1,performanz,2.070230043039,1,3.7913177909615,0.40066003049603,0.14518123583831,0.31037324191651,0.39449229918019,0.33468306175801,0.54604353861843,0.39529312190918,-0.03161224042459976,False,True,True
1582,7,20,2025-11-14,Weitere Themen: VorbLK komplTh,1,performanz,2.260374675858,1,4.5339414150742,0.4388648454313,0.049012142319769,0.093902205182241,0.41400029487602,0.39896667426924,0.49854408857202,0.46589329515275,0.7426236241127002,False,False,True
1583,7,20,2025-11-14,Weitere Themen: VorbLK komplTh,1,performanz,1.5441145590549,1,2.75996044218,0.43932164769612,0.042751448779437,0.18166522223245,0.34358458909564,0.39592187708246,0.5594677882982,0.42936068208789,-1.7739809728942002,False,False,True
1574,2,20,2025-11-17,Weitere Themen: ProzR,1,kognition,2.1740412824802,1,3.5213129836393,0.61739331852865,0.0,0.30075818626489,0.29661220180336,0.44033243717446,0.45440135012021,0.20003070633707,0.7613525414592996,False,True,True
1575,2,20,2025-11-17,Weitere Themen: ProzR,1,kognition,2.1771334646017,1,3.8848123394548,0.56042034213261,0.034015755895922,0.12981774813661,0.3233339081433,0.47871788840694,0.45713074460057,0.35387854133091,0.3634993558155002,False,False,True
1576,2,20,2025-11-17,Weitere Themen: ProzR,1,kognition,2.1007496204029,1,3.2329626409957,0.64978886420639,0.21997712788837,0.35515124084448,0.27670078979669,0.44026184334936,0.35680791519323,0.074432512455309,-0.6518496984590998,False,False,True
1577,2,20,2025-11-17,Weitere Themen: ProzR,1,kognition,1.7810481523429,1,3.4485985759833,0.51645413305136,0.19987339821091,0.26136553149895,0.38073011467188,0.4730752660784,0.39683639254655,0.31428213854986,0.21563593498760003,False,False,True
1578,2,20,2025-11-17,Weitere Themen: ProzR,1,performanz,2.2176844063113,1,4.4959941585393,0.375599256091,0.19102751887718,0.30355711105251,0.41043602931968,0.36850416155279,0.49325675157556,0.42746583907391,1.0473955825560002,False,True,True
1570,2,20,2025-11-24,Prüfungsvorbereitung: BLF,1,kognition,2.511166734315,1,4.5541230711521,0.55140389950875,0.05235998110521,0.14658400966966,0.3346361050355,0.47968001633742,0.42651733665845,0.3843561228171,0.05812891261279951,False,True,True
1571,2,20,2025-11-24,Prüfungsvorbereitung: BLF,1,regulation,1.0748847029185,1,2.1705909655679,0.41016065224904,0.049968981073429,0.032170610827381,0.39633397743253,0.46323979442207,0.45970750767414,0.49520143037311,-2.3835321055842,False,True,True
1572,2,20,2025-11-24,Prüfungsvorbereitung: BLF,1,kognition,1.8515721846579,1,3.1492118583832,0.58794593328796,0.015904736151126,0.19002988281868,0.28714245259574,0.39675344827274,0.52855286700544,0.31419212553827,0.9786208928152997,False,True,True
1573,2,20,2025-11-24,Prüfungsvorbereitung: BLF,1,performanz,2.3471781258477,1,4.2229338212973,0.48447594579984,0.027345134836385,0.17227891562572,0.37636054523989,0.34681638071395,0.55581561706086,0.40495762572439,1.0737219629141,False,True,True
1566,7,20,2025-11-28,Prüfungsvorbereitung: BLF,1,kognition,2.4410982889583,1,4.2776947265947,0.57065609830007,0.061680906507123,0.098417161158226,0.35536178558859,0.45537212052641,0.40162071683407,0.40732235788888,0.05476090529740052,False,True,True
1567,7,20,2025-11-28,Prüfungsvorbereitung: BLF,1,kognition,2.2069589158005,1,3.916840808544,0.5634523814352,0.076723644298226,0.31177537024684,0.31845471584113,0.42787289584912,0.43423975906972,0.32614892186079,-0.36085391805070044,False,False,True
1568,7,20,2025-11-28,Prüfungsvorbereitung: BLF,1,performanz,1.5570911828289,1,2.5553402422033,0.44652012702407,0.031112132778026,0.17952669910686,0.37349850335762,0.31353891804787,0.60934550462497,0.39787487959923,-1.3615005663407,False,True,True
1569,7,20,2025-11-28,Prüfungsvorbereitung: BLF,1,kognition,1.7468429863796,1,4.0578127668032,0.43048774842273,0.28241639133245,0.31314652429469,0.41780346808517,0.36786569284546,0.40358753700582,0.40507752344252,1.5024725245999,False,True,True
1561,2,20,2025-12-01,Prüfungsvorbereitung: BLF,1,performanz,1.844266143772,1,2.6788847117208,0.24224088438831,0.01073976314306,0.075934832213756,0.43885713583648,0.19729834265167,0.68844293719454,0.47953576244391,-1.3789280550823997,False,True,True
1562,2,20,2025-12-01,Prüfungsvorbereitung: BLF,1,kognition,2.1688746734496,1,3.1172442691244,0.69576444081953,0.0,0.16369007378504,0.15193693723741,0.48658802563816,0.43032265210642,0.20995395265513,0.4383595574035999,False,True,True
1563,2,20,2025-12-01,Prüfungsvorbereitung: BLF,1,kognition,2.2147698359634,1,4.5051999610504,0.49160191314302,0.062345305630295,0.07325617380748,0.40938129345955,0.38284523733197,0.45825543665079,0.47424482196104,1.3879556919260003,False,False,True
1564,2,20,2025-12-01,Prüfungsvorbereitung: BLF,1,performanz,2.3369126707959,1,4.6528861597638,0.45163227136925,0.21250462012127,0.1734894590181,0.40952500747516,0.40519201492762,0.50224904888369,0.3696238348482,0.14768619871339972,False,True,True
1565,2,20,2025-12-01,Prüfungsvorbereitung: BLF,1,kognition,1.628635644424,1,3.1766681938078,0.51268512107983,0.22387537947476,0.28929848813247,0.40637796246605,0.35743108585166,0.47592781995218,0.2897007950665,-1.4762179659560002,False,True,True
1556,2,20,2025-12-08,Prüfungsvorbereitung: BLF,1,kognition,2.5326051745112,1,4.0096002650977,0.63163375167823,0.015541942208395,0.17179344520515,0.22267654332557,0.47982510846894,0.45027324687481,0.29785281840573,0.8329320712899002,False,False,True
1557,2,20,2025-12-08,Prüfungsvorbereitung: BLF,1,kognition,2.0177356751246,1,3.9217345495925,0.5144995166333,0.025498856117589,0.091349994354582,0.32152827570838,0.47511997278933,0.47679603355376,0.41211194626164,-0.08786571550520028,False,False,True
1558,2,20,2025-12-08,Prüfungsvorbereitung: BLF,1,performanz,2.2864617340759,1,4.03765358036,0.43974113747622,0.030939032474943,0.17252081947192,0.39356353551596,0.3959268881027,0.56628336872782,0.37891280113976,0.11591903076749999,False,True,True
1559,2,20,2025-12-08,Prüfungsvorbereitung: BLF,1,regulation,2.1883510844683,1,4.6296399360136,0.3437522067968,0.25946795253019,0.26548788134884,0.47109083323561,0.36707130691702,0.40487862641862,0.47268176097837,0.5919863556536002,False,True,True
1560,2,20,2025-12-08,Prüfungsvorbereitung: BLF,1,performanz,2.070230043039,1,3.7913177909615,0.40066003049603,0.14518123583831,0.31037324191651,0.39449229918019,0.33468306175801,0.54604353861843,0.39529312190918,-0.8383221450520999,False,True,True
1552,7,20,2026-01-16,Prüfungsvorbereitung: BLF,1,performanz,1.6203139294579,1,2.8371568730149,0.54845682023067,0.028021755359531,0.16693232310901,0.30201188330985,0.37207718972365,0.57110279443525,0.33871143059007,-0.9541609179466,False,False,True
1553,7,20,2026-01-16,Prüfungsvorbereitung: BLF,1,methodik,2.1410505413095,1,4.7299790770357,0.44419334632973,0.193543274998,0.0710246340135,0.41578844647734,0.45265443670988,0.44516430395875,0.42922862904441,1.8928222040207996,False,True,True
1554,7,20,2026-01-16,Prüfungsvorbereitung: BLF,1,kognition,2.3210201415921,1,3.3989502526716,0.68286180745059,0.01826365831898,0.17566245392676,0.19020295592194,0.51264892743446,0.39897867265262,0.21055388947738,-1.3310288243641,False,True,True
1555,7,20,2026-01-16,Prüfungsvorbereitung: BLF,1,performanz,1.3195872615143,1,1.7830001959488,0.38136155656562,0.022433971544799,0.21359046816581,0.36212796890268,0.22310986354917,0.74008957689225,0.28245480372957,-1.6159500567227998,False,True,True
1547,0,20,2026-01-21,Prüfungsvorbereitung: BLF 2023 Ateil B3,19,kognition,1.9342871926371,1,3.1073267084519,0.62249037491684,0.0,0.11492455442266,0.23104024420111,0.44023969477505,0.50017229306716,0.31926280320256,1.3243265125030999,False,True,True
1548,0,20,2026-01-21,Prüfungsvorbereitung: BLF 2023 Ateil B3,19,kognition,2.0025209823477,1,4.1753366045791,0.47960592784119,0.20384347683099,0.27356109825585,0.38796629419017,0.38566077691678,0.43325305356153,0.40819754744271,1.0680098961272004,False,False,True
1549,0,20,2026-01-21,Prüfungsvorbereitung: BLF 2023 Ateil B3,19,performanz,2.0864958050995,1,3.9909291971125,0.50686404877188,0.033885703813723,0.13418955811809,0.37059932669004,0.40085263899891,0.52280821682502,0.39060672750351,-0.18440740746660023,False,True,True
1550,0,20,2026-01-21,Prüfungsvorbereitung: BLF 2023 Ateil B3,19,regulation,2.1995823178481,1,4.4022111192169,0.38015269720671,0.19096170639702,0.20959935680266,0.44100657534342,0.40273763842269,0.41078430713137,0.49965284756969,0.41128192210439973,False,True,True
1551,0,20,2026-01-21,Prüfungsvorbereitung: BLF 2023 Ateil B3,19,motivation,2.0818792519938,1,4.2766590717479,0.33209301290047,0.37841837691444,0.38256831241431,0.48679923956401,0.28414573900136,0.39297120036295,0.35778751746519,-0.12555204746900017,False,True,True
1542,7,20,2026-01-23,Zufall: Wkeiten,23,kognition,2.1266007185707,1,4.2434364120772,0.50114942244074,0.11396715072385,0.17824852421908,0.34183623305069,0.44985360536929,0.43478865646368,0.44251784498799,-0.033222659670699706,False,True,True
1543,7,20,2026-01-23,Zufall: Wkeiten,23,performanz,1.8146533005108,1,2.9011619883243,0.48967516717457,0.0,0.17265110518826,0.31720137154232,0.35619597135299,0.62548973580807,0.33417546746929,-1.3422744237529,False,True,True
1544,7,20,2026-01-23,Zufall: Wkeiten,23,kognition,2.2147698359634,1,4.5051999610504,0.49160191314302,0.062345305630295,0.07325617380748,0.40938129345955,0.38284523733197,0.45825543665079,0.47424482196104,1.6040379727261005,False,True,True
1545,7,20,2026-01-23,Zufall: Wkeiten,23,kognition,2.2688988134381,1,4.362368859302,0.52010586118627,0.19744656419101,0.27327195712571,0.37284289932841,0.46304826268623,0.41077008263379,0.30604741185795,-0.14283110174840008,False,False,True
1546,7,20,2026-01-23,Zufall: Wkeiten,23,performanz,1.3195872615143,1,1.7830001959488,0.38136155656562,0.022433971544799,0.21359046816581,0.36212796890268,0.22310986354917,0.74008957689225,0.28245480372957,-2.5793686633532005,False,True,True
1537,0,20,2026-01-28,Prüfungsvorbereitung: Blf 2020 ATeil und B1 und 2,19,kognition,1.9342871926371,1,3.1073267084519,0.62249037491684,0.0,0.11492455442266,0.23104024420111,0.44023969477505,0.50017229306716,0.31926280320256,1.3243265125030999,False,True,True
1538,0,20,2026-01-28,Prüfungsvorbereitung: Blf 2020 ATeil und B1 und 2,19,kognition,2.0177356751246,1,3.9217345495925,0.5144995166333,0.025498856117589,0.091349994354582,0.32152827570838,0.47511997278933,0.47679603355376,0.41211194626164,0.8144078411405999,False,False,True
1539,0,20,2026-01-28,Prüfungsvorbereitung: Blf 2020 ATeil und B1 und 2,19,kognition,1.9143876066936,1,3.7380877154002,0.51212882927236,0.068380993975131,0.13341396740815,0.36293621368387,0.44389234660528,0.44167008486147,0.43750187478944,-0.18364683419229966,False,False,True
1540,0,20,2026-01-28,Prüfungsvorbereitung: Blf 2020 ATeil und B1 und 2,19,performanz,2.238051769172,1,3.9438823807714,0.5276304910445,0.012700027765247,0.24396199182774,0.32263651643742,0.37701906244822,0.56747282965521,0.30603781146679,0.20579466537119995,False,True,True
1541,0,20,2026-01-28,Prüfungsvorbereitung: Blf 2020 ATeil und B1 und 2,19,kognition,2.1416923254118,1,4.0108469640926,0.53397374790112,0.26036234415329,0.12279005478786,0.364287280733,0.47043558172801,0.40450314641996,0.33817665111898,0.06696458332120026,False,True,True
176,2,21,2025-02-10,weitere Themen: Korr.LK / Defititbest.,1,performanz,2.0498076429998,1,3.1502063129415,0.47761862849177,0.014629898512974,0.18602975272762,0.32706881131361,0.31871613703402,0.65068790183676,0.3241978796819,,False,False,True
175,0,21,2025-03-04,weitere Themen: BLF,1,performanz,1.553411875812,1,2.676695890062,0.42460223526205,0.029554764657001,0.15432989391585,0.40312946844816,0.33986310739878,0.5803446249285,0.42449273951197,-0.47351042287949996,False,False,True
174,0,21,2025-04-01,weitere Themen: HA,1,kognition,1.114246137927,1,2.3851425920755,0.46715926755757,0.31714834091772,0.41008150150236,0.39892873071411,0.36929884023285,0.33739546972809,0.32193548568629,-0.2915532979865003,False,True,True
169,2,21,2025-08-25,Weitere Themen: ABIVorb,1,performanz,1.7503923860708,1,3.2500733602901,0.38839016543615,0.042134255804933,0.11434696884422,0.40387347344296,0.423619496146,0.53856845872242,0.44908034483934,0.8649307682146001,False,True,True
170,2,21,2025-08-25,Weitere Themen: ABIVorb,1,kognition,2.0311230831007,1,3.8229300313861,0.5312987037268,0.20795513229951,0.31164531269073,0.34246928522452,0.41648835124838,0.41913366222758,0.33305785235829,0.5728566710959999,False,True,True
171,2,21,2025-08-25,Weitere Themen: ABIVorb,1,performanz,2.3014253844218,1,4.5347833117075,0.41476969392919,0.051856732935361,0.10098465693496,0.42176385072412,0.42040859468173,0.50750392051611,0.45042902589896,0.7118532803213999,False,True,True
172,2,21,2025-08-25,Weitere Themen: ABIVorb,1,regulation,1.9126138920563,1,4.0164817262936,0.4588553814492,0.047909025290553,0.09026084042588,0.38084333672938,0.45894389366437,0.44336919087771,0.47619017351276,-0.5183015854138997,False,True,True
173,2,21,2025-08-25,Weitere Themen: ABIVorb,1,performanz,1.9966423536502,1,4.363566322741,0.38111368433806,0.2107779087295,0.2996903444672,0.41367887200184,0.37838787209203,0.45757016858961,0.44365312663578,0.34708459644739964,False,True,True
164,2,21,2025-09-01,Weitere Themen: JahrAbschl,1,regulation,1.7810357015046,1,3.5846603474751,0.44499407838611,0.049847783190915,0.036900952175072,0.39802316963037,0.42437609028194,0.46125148062342,0.49684783504823,-0.7789059752658996,False,True,True
165,2,21,2025-09-01,Weitere Themen: JahrAbschl,1,performanz,2.0727800937162,1,3.3171643288248,0.52909083961634,0.0,0.29748094803146,0.27124453844477,0.37170182269161,0.62486317818892,0.17138291539365,-0.26749601865030037,False,True,True
166,2,21,2025-09-01,Weitere Themen: JahrAbschl,1,kognition,1.473212922878,1,3.1443711090881,0.46852238064275,0.23827174473619,0.28124665024161,0.42298258717174,0.3350072408433,0.40654256773133,0.43380449033815,-0.17279321973669992,False,True,True
167,2,21,2025-09-01,Weitere Themen: JahrAbschl,1,kognition,2.2009129520582,1,3.5655874874173,0.61726343476093,0.037799812012656,0.18382639127447,0.28178965695487,0.46623570321268,0.46595771324522,0.26431334205833,0.4212163783292002,False,False,True
168,2,21,2025-09-01,Weitere Themen: JahrAbschl,1,regulation,2.3358286965014,1,4.766014081322,0.46034606997404,0.12046710266232,0.13530206615574,0.39610570126781,0.40717581938225,0.43859820175407,0.49010006173814,1.2004265939046999,False,True,True
159,2,21,2025-09-08,Weitere Themen: JahrAbschl,1,performanz,2.1524916087874,1,3.7834187822736,0.43529939562806,0.035551443866491,0.119184436252,0.4104201615304,0.35006848278279,0.56892616001453,0.42470070376623,-0.9825952990484002,False,True,True
160,2,21,2025-09-08,Weitere Themen: JahrAbschl,1,kognition,2.1688746734496,1,3.1172442691244,0.69576444081953,0.0,0.16369007378504,0.15193693723741,0.48658802563816,0.43032265210642,0.20995395265513,-0.6661745131491998,False,True,True
161,2,21,2025-09-08,Weitere Themen: JahrAbschl,1,kognition,1.8346238946577,1,3.050519966414,0.60141153008057,0.25796034376092,0.36992244687776,0.36833268059845,0.37038652482427,0.38425337642634,0.12002358492601,-0.06672430271040009,False,False,True
162,2,21,2025-09-08,Weitere Themen: JahrAbschl,1,performanz,1.9577799980576,1,3.7807537621279,0.51042066750317,0.03083949094383,0.14821465789205,0.36597314714407,0.37761274092899,0.5178265877569,0.41457772698257,0.7302337957139002,False,True,True
163,2,21,2025-09-08,Weitere Themen: JahrAbschl,1,performanz,1.7623605672214,1,3.1844962872024,0.35830210771604,0.21987884155731,0.30560875784078,0.47619592143151,0.25159370964146,0.55341720451418,0.36542762457524,-0.5962574749255003,False,False,True
154,2,21,2025-09-15,Weitere Themen: VorbLK,1,kognition,2.3310275582356,1,3.6813879930869,0.63319085918254,0.026149747064184,0.14669077169834,0.25844845876031,0.47775089783145,0.44131972317682,0.29505471879653,0.49689170588449993,False,True,True
155,2,21,2025-09-15,Weitere Themen: VorbLK,1,kognition,2.2176040705498,1,4.1959607750546,0.52850798764701,0.033057437189919,0.11991473533283,0.3111460283294,0.50972860238967,0.43980333406568,0.39387831994598,0.5145727819677006,False,False,True
156,2,21,2025-09-15,Weitere Themen: VorbLK,1,motivation,1.2459236375843,1,1.9935420942378,0.1924119840039,0.33536319260425,0.25723120973569,0.62497671427077,0.082253812699267,0.4466343056288,0.43299820303145,-2.2024186808168005,False,True,True
157,2,21,2025-09-15,Weitere Themen: VorbLK,1,performanz,0.36031573992149,1,0.64509368875739,0.45476826958888,0.023954914833706,-0.12224612210571,0.40066611377607,0.53025495302298,0.55853926461889,0.15481313276983,-1.34844840548041,False,True,True
158,2,21,2025-09-15,Weitere Themen: VorbLK,1,kognition,1.6566860222492,1,2.4618609597996,0.67293779783815,0.0,0.25562377022792,0.15425123718291,0.44110365154733,0.5044428994776,0.094734207310967,1.81676727104221,False,True,True
150,2,21,2025-09-22,Weitere Themen: KorrLK,1,performanz,1.988922705534,1,4.1345309576921,0.35129292884059,0.21311434101394,0.27236711854315,0.45754424948293,0.35979991748407,0.48105042999603,0.43217430996179,1.6726699978924997,False,True,True
151,2,21,2025-09-22,Weitere Themen: KorrLK,1,performanz,1.4780206620485,1,3.1813676431278,0.43697363840821,0.31432923474525,0.046982968609961,0.43014855236104,0.39172434957001,0.46458510363938,0.39207451324792,-0.9531633145642995,False,False,True
152,2,21,2025-09-22,Weitere Themen: KorrLK,1,regulation,1.9791706721549,1,4.2157345291432,0.37487060772453,0.2035061245517,0.30634878400679,0.42635033914532,0.34151654325095,0.45320148723103,0.46947120691802,1.0343668860153996,False,True,True
153,2,21,2025-09-22,Weitere Themen: KorrLK,1,regulation,2.313833831872,1,4.9946265310618,0.41890779460302,0.17740135474721,0.18447467974737,0.43405868844984,0.40459236989813,0.43851444065215,0.46326370647438,0.7788920019186003,False,False,True
145,2,21,2025-09-29,Weitere Themen: ÜBlatt,1,performanz,2.034911587693,1,4.2375936204146,0.44755458964527,0.18471160900953,0.27647585423301,0.40997226864095,0.37266138334302,0.48020338143233,0.38933769139254,-0.7570329106472,False,True,True
146,2,21,2025-09-29,Weitere Themen: ÜBlatt,1,kognition,2.7431027601632,1,4.4247995695105,0.61993690735636,0.028768242753371,0.20958625007286,0.24606156155614,0.50280793819869,0.42502155926261,0.27733420685918,0.18720594909590016,False,True,True
147,2,21,2025-09-29,Weitere Themen: ÜBlatt,1,motivation,2.0818792519938,1,4.2766590717479,0.33209301290047,0.37841837691444,0.38256831241431,0.48679923956401,0.28414573900136,0.39297120036295,0.35778751746519,-0.14814049776260063,False,True,True
148,2,21,2025-09-29,Weitere Themen: ÜBlatt,1,kognition,2.1505046567471,1,3.4817423048328,0.61765009927963,0.2872117004452,0.15603886664661,0.2872117004452,0.50103511698974,0.35272549844014,0.23177984225927,-0.7949167669150996,False,True,True
140,2,21,2025-10-20,Prüfungsvorbereitung: ABI,1,performanz,2.034911587693,1,4.2375936204146,0.44755458964527,0.18471160900953,0.27647585423301,0.40997226864095,0.37266138334302,0.48020338143233,0.38933769139254,1.7757326606150001,False,True,True
141,2,21,2025-10-20,Prüfungsvorbereitung: ABI,1,kognition,2.7431027601632,1,4.4247995695105,0.61993690735636,0.028768242753371,0.20958625007286,0.24606156155614,0.50280793819869,0.42502155926261,0.27733420685918,0.18720594909590016,False,True,True
142,2,21,2025-10-20,Prüfungsvorbereitung: ABI,1,regulation,1.539769585776,1,2.8957199704337,0.47088581038576,0.15755269598282,0.14777939986544,0.33022333356776,0.43475917646087,0.38831659764443,0.5317379733254,-1.5290795990768,False,True,True
143,2,21,2025-10-20,Prüfungsvorbereitung: ABI,1,performanz,1.6514653847318,1,3.1819690767104,0.46303540907394,0.052306337430451,0.18165981882267,0.37481530099105,0.44958792227474,0.51900573351321,0.37131243005745,0.28624910627669964,False,True,True
144,2,21,2025-10-20,Prüfungsvorbereitung: ABI,1,kognition,2.3437059350914,1,4.4032316710435,0.53226829463029,0.048845255544648,0.095115608315886,0.33850149905816,0.46567789684473,0.4561965200456,0.40706098943248,1.2212625943331,False,True,True
135,2,21,2025-10-27,Prüfungsvorbereitung: ABI,1,kognition,2.1684041030201,1,3.7011651508002,0.58586908607967,0.031850875719515,0.1133674869774,0.31201643281213,0.45610778016662,0.4616490767318,0.35267111220798,-0.7020665202432999,False,False,True
136,2,21,2025-10-27,Prüfungsvorbereitung: ABI,1,kognition,2.1474646536876,1,4.1684033499006,0.51517555324469,0.021235716399355,0.17812047079192,0.32411661689531,0.4551826878565,0.51140647421908,0.35865310683844,0.46723819910039976,False,False,True
137,2,21,2025-10-27,Prüfungsvorbereitung: ABI,1,kognition,1.8346238946577,1,3.050519966414,0.60141153008057,0.25796034376092,0.36992244687776,0.36833268059845,0.37038652482427,0.38425337642634,0.12002358492601,-1.1178833834865998,False,False,True
138,2,21,2025-10-27,Prüfungsvorbereitung: ABI,1,methodik,1.6923157810732,1,3.4333342274091,0.45560273520211,0.048083977176934,0.071709281313335,0.3792497481292,0.49290594504422,0.4472213857957,0.44516561249039,0.38281426099509996,False,True,True
139,2,21,2025-10-27,Prüfungsvorbereitung: ABI,1,kognition,0.811,1,0.99141868047763,0.81801143740294,0.0,0.17853023972912,0.0,0.48515844807745,0.25216135554961,0.0,-2.4419155469314697,False,True,True
130,2,21,2025-11-03,Weitere Themen: GrWBer,1,kognition,2.4410982889583,1,4.2776947265947,0.57065609830007,0.061680906507123,0.098417161158226,0.35536178558859,0.45537212052641,0.40162071683407,0.40732235788888,3.28627604611707,False,False,True
131,2,21,2025-11-03,Weitere Themen: GrWBer,1,kognition,1.8767956837469,1,3.644316435302,0.51499110111725,0.10893645425238,0.17406012234356,0.29083577198318,0.41050812492958,0.47090042463132,0.46665300140837,-0.6333782912927002,False,False,True
132,2,21,2025-11-03,Weitere Themen: GrWBer,1,kognition,2.1505046567471,1,3.4817423048328,0.61765009927963,0.2872117004452,0.15603886664661,0.2872117004452,0.50103511698974,0.35272549844014,0.23177984225927,-0.1625741304692001,False,False,True
133,2,21,2025-11-03,Weitere Themen: GrWBer,1,motivation,1.5709381606312,1,3.1437365552397,0.41639422718857,0.25364958858365,0.2809104230657,0.49970254695402,0.3186249364815,0.46368490082326,0.34224630506538,-0.3380057495930999,False,True,True
134,2,21,2025-11-03,Weitere Themen: GrWBer,1,kognition,1.8644313920995,1,3.3659078131316,0.55391471081846,0.027419524844313,0.15221827542323,0.29709727428258,0.43315863907753,0.40624546152473,0.47783024759156,0.22217125789189973,False,True,True
1100,2,21,2025-11-10,Prüfungsvorbereitung: ABI,1,kognition,2.1928329711058,1,3.9028243912711,0.56185652560873,0.035514064351567,0.10716096158394,0.3336892807476,0.43935402011948,0.47241530936597,0.37948739649417,0.5369165781395,False,False,True
1101,2,21,2025-11-10,Prüfungsvorbereitung: ABI,1,performanz,1.4780206620485,1,3.1813676431278,0.43697363840821,0.31432923474525,0.046982968609961,0.43014855236104,0.39172434957001,0.46458510363938,0.39207451324792,-0.7214567481432996,False,True,True
1102,2,21,2025-11-10,Prüfungsvorbereitung: ABI,1,kognition,1.4758361358457,1,2.8006523873511,0.52695967300848,0.28386141920944,0.3913078160065,0.35705838894269,0.40277514975236,0.34038294450806,0.28814611987675,-0.3807152557767002,False,True,True
1103,2,21,2025-11-10,Prüfungsvorbereitung: ABI,1,performanz,-1.8674785612985,-1,2.1129969924978,-0.23666123224212,0.09973348232948,-0.23115913641968,-0.28495457071789,-0.12530584779423,-0.88380141094134,0.050941979720327,-0.6876553948533002,True,True,True
1096,2,21,2025-11-17,Prüfungsvorbereitung: ABI,1,performanz,1.988922705534,1,4.1345309576921,0.35129292884059,0.21311434101394,0.27236711854315,0.45754424948293,0.35979991748407,0.48105042999603,0.43217430996179,2.0215339651943,True,False,True
1097,2,21,2025-11-17,Prüfungsvorbereitung: ABI,1,kognition,2.2375701027702,1,4.04857516276,0.55267951958922,0.19636489490517,0.31562955398473,0.31897353826335,0.43567210529291,0.4119372974083,0.30840327964697,-0.08595579493209993,False,True,True
1098,2,21,2025-11-17,Prüfungsvorbereitung: ABI,1,kognition,1.8497956426329,1,2.9898402914902,0.61869172777574,0.26165124118264,0.37511761181132,0.32912105809137,0.40496483599092,0.3576085578641,0.088533564626579,-1.0587348712697997,False,False,True
1099,2,21,2025-11-17,Prüfungsvorbereitung: ABI,1,kognition,2.1462963786463,1,4.3406553652064,0.49446253006518,0.26550279432215,0.053552965854877,0.37877182858556,0.4109033095443,0.44109602015534,0.41864927793105,1.3508150737162001,False,False,True
1092,2,21,2025-11-24,Weitere Themen: Polstellen,1,kognition,2.340692642289,1,4.0340534938675,0.58023197846223,0.023304726557337,0.19163855593931,0.29484982127906,0.44721093505122,0.49891575077313,0.30034394131757,-0.30660187133890027,False,False,True
1093,2,21,2025-11-24,Weitere Themen: Polstellen,1,kognition,2.4784503914436,1,3.9956993418333,0.62027794802174,0.017456248999166,0.13276811815846,0.24254013544875,0.49304966323876,0.45222844057314,0.30146959684203,-0.038354152034199895,False,False,True
1094,2,21,2025-11-24,Weitere Themen: Polstellen,1,performanz,1.5619583131048,1,2.7800794322758,0.4828625632128,0.016496962767111,0.21435825162725,0.32723127590326,0.36859184201213,0.56183743406635,0.40250886323243,-1.2156199095575002,False,True,True
1095,2,21,2025-11-24,Weitere Themen: Polstellen,1,motivation,1.7458338296571,1,3.5017444958452,0.34469658567642,0.26112979820776,0.24928452739593,0.49855974533009,0.35845155720786,0.43144183162675,0.43319235068464,0.7216650635694002,False,True,True
1087,2,21,2025-12-01,Weitere Themen: PolstFkt,1,motivation,1.6401735572884,1,2.8880375884253,0.33503668365262,0.32038509609569,0.43729181778179,0.5679177738836,0.22979626349353,0.40213666852666,0.23837351162418,-0.6137069074199002,False,False,True
1088,2,21,2025-12-01,Weitere Themen: PolstFkt,1,kognition,1.8124059963247,1,2.7008782028216,0.67104073187158,0.0,0.13221920340388,0.18986342323182,0.46057081054162,0.46390437256253,0.26236264134944,-0.18715938560369993,False,True,True
1089,2,21,2025-12-01,Weitere Themen: PolstFkt,1,performanz,1.9577799980576,1,3.7807537621279,0.51042066750317,0.03083949094383,0.14821465789205,0.36597314714407,0.37761274092899,0.5178265877569,0.41457772698257,1.0798755593063003,False,True,True
1090,2,21,2025-12-01,Weitere Themen: PolstFkt,1,motivation,1.7458338296571,1,3.5017444958452,0.34469658567642,0.26112979820776,0.24928452739593,0.49855974533009,0.35845155720786,0.43144183162675,0.43319235068464,-0.2790092662827002,False,True,True
1091,2,21,2025-12-01,Weitere Themen: PolstFkt,1,performanz,1.6514653847318,1,3.1819690767104,0.46303540907394,0.052306337430451,0.18165981882267,0.37481530099105,0.44958792227474,0.51900573351321,0.37131243005745,-0.3197754191348001,False,True,True
1082,2,21,2025-12-08,Prüfungsvorbereitung: ABI,1,kognition,2.0829911382815,1,4.0637489057853,0.51257744038802,0.23013458756657,0.17127204180886,0.37232291210636,0.40439334712313,0.50538671650944,0.31207265509604,0.8817798290748997,False,True,True
1083,2,21,2025-12-08,Prüfungsvorbereitung: ABI,1,kognition,2.3459293201978,1,3.9453024964552,0.59461178862399,0.17052830396184,0.30842106960146,0.27913815177287,0.45862360065479,0.4018311838535,0.26926989756156,-0.11844640933009964,False,False,True
1084,2,21,2025-12-08,Prüfungsvorbereitung: ABI,1,performanz,1.9659302386016,1,3.702637071267,0.47017325437901,0.18259732730411,0.27316223778375,0.42473426924758,0.31688346369353,0.5309526403036,0.32900954691659,-0.2426654251881999,False,True,True
1085,2,21,2025-12-08,Prüfungsvorbereitung: ABI,1,kognition,2.2209564799031,1,4.2332441001739,0.52464520847256,0.057651067006785,0.12431452439003,0.36300826394135,0.46358746533329,0.45239334066434,0.39321350670068,0.5306070289069003,False,True,True
1086,2,21,2025-12-08,Prüfungsvorbereitung: ABI,1,kognition,1.8346238946577,1,3.050519966414,0.60141153008057,0.25796034376092,0.36992244687776,0.36833268059845,0.37038652482427,0.38425337642634,0.12002358492601,-1.1827241337599004,False,False,True
1077,0,21,2025-12-16,Analysis: Übungen zu Ableitungen,18,kognition,2.1266007185707,1,4.2434364120772,0.50114942244074,0.11396715072385,0.17824852421908,0.34183623305069,0.44985360536929,0.43478865646368,0.44251784498799,1.1929164456632,False,False,True
1078,0,21,2025-12-16,Analysis: Übungen zu Ableitungen,18,regulation,1.5887506947218,1,2.5500239990253,0.30106002388061,0.15568419877999,0.13842952687491,0.37101936000202,0.30931179423061,0.49442664870243,0.62303118128191,-1.6934124130518997,False,True,True
1079,0,21,2025-12-16,Analysis: Übungen zu Ableitungen,18,regulation,1.9611829425497,1,4.1066196583502,0.45479888547485,0.19603031562825,0.22223033496086,0.40278440644117,0.38328801363239,0.41003110509019,0.47756508516951,1.5565956593249002,False,False,True
1080,0,21,2025-12-16,Analysis: Übungen zu Ableitungen,18,performanz,1.7185730315922,1,3.4752254188631,0.31877151424459,0.19146773728403,0.17310725067521,0.46890082280075,0.38408892483263,0.49451988842658,0.46883978948033,-0.6313942394871002,False,True,True
1081,0,21,2025-12-16,Analysis: Übungen zu Ableitungen,18,regulation,1.553207951233,1,3.2346333289896,0.43733050150753,0.22603274082431,0.032045122263973,0.45206961184473,0.39443184375602,0.40755714823022,0.48017904704139,-0.24059208987350011,False,True,True
1072,0,21,2026-01-06,Analysis: Ableitungen eigene Aufgaben,23,performanz,2.1524916087874,1,3.7834187822736,0.43529939562806,0.035551443866491,0.119184436252,0.4104201615304,0.35006848278279,0.56892616001453,0.42470070376623,0.5487854532839997,False,True,True
1073,0,21,2026-01-06,Analysis: Ableitungen eigene Aufgaben,23,kognition,2.0772518399554,1,3.5046583852388,0.59270995472911,0.037629046859325,0.10166548436159,0.31605277833603,0.40263592842087,0.44426987951362,0.42137466894537,-0.2787603970347998,False,True,True
1074,0,21,2026-01-06,Analysis: Ableitungen eigene Aufgaben,23,kognition,1.7210596468562,1,3.2680013090368,0.52663821636637,0.059917132129427,0.10515379467749,0.32731466212845,0.43852952957493,0.41554212567743,0.48567519117027,-0.23665707620199994,False,False,True
1075,0,21,2026-01-06,Analysis: Ableitungen eigene Aufgaben,23,performanz,2.4143754428081,1,4.4997329107928,0.50947910481707,0.03379630274003,0.17639907893204,0.35791044083201,0.36333508883705,0.53655853027006,0.40020050611167,1.231731601756,False,True,True
1076,0,21,2026-01-06,Analysis: Ableitungen eigene Aufgaben,23,performanz,1.1897469705338,1,1.8970848998075,0.56653179159401,0.0,0.27198407691166,0.23087933030891,0.37193825747922,0.6271415155112,0.14179575308926,-2.6026480109853,False,False,True
1068,0,21,2026-01-13,Analysis: Ableitungen,23,kognition,2.0532452617647,1,2.86636421726,0.71632142425822,0.0,0.24589649946494,0.10102785763875,0.48005379208708,0.42650143713645,0.062046789280422,0.9692793174525001,False,True,True
1069,0,21,2026-01-13,Analysis: Ableitungen,23,performanz,1.8608741963844,1,3.0556171049096,0.55550638970887,0.0,0.29078875442313,0.25128473348535,0.3845063379814,0.60899911294624,0.15804728787018,0.1892528876495998,False,True,True
1070,0,21,2026-01-13,Analysis: Ableitungen,23,kognition,2.17271425264,1,3.961007449354,0.54852428206151,0.028144193203567,0.15231775143531,0.32706755945492,0.43173643708193,0.46775918359501,0.40367694556994,0.9053903444444003,False,True,True
1071,0,21,2026-01-13,Analysis: Ableitungen,23,methodik,1.6923157810732,1,3.4333342274091,0.45560273520211,0.048083977176934,0.071709281313335,0.3792497481292,0.49290594504422,0.4472213857957,0.44516561249039,-0.5276732219449003,False,True,True
1063,0,21,2026-01-20,Analysis: Ableitungen,23,kognition,2.1266007185707,1,4.2434364120772,0.50114942244074,0.11396715072385,0.17824852421908,0.34183623305069,0.44985360536929,0.43478865646368,0.44251784498799,0.8101021846681,False,True,True
1064,0,21,2026-01-20,Analysis: Ableitungen,23,kognition,1.8706043338075,1,3.4522478891995,0.54184953553435,0.028966549779741,0.10377305345183,0.30141773302564,0.50406736303315,0.44719022762149,0.38713011245978,-0.7911885228776998,False,False,True
1065,0,21,2026-01-20,Analysis: Ableitungen,23,performanz,2.2329100933114,1,4.2154606819304,0.47702884675405,0.035858957413928,0.14440605365886,0.38564030488792,0.40772019219027,0.52969413424763,0.39340778595657,0.7632127927309003,False,True,True
1066,0,21,2026-01-20,Analysis: Ableitungen,23,performanz,1.9659302386016,1,3.702637071267,0.47017325437901,0.18259732730411,0.27316223778375,0.42473426924758,0.31688346369353,0.5309526403036,0.32900954691659,-0.5128236106634003,False,False,True
1067,0,21,2026-01-20,Analysis: Ableitungen,23,kognition,1.8796171795718,1,3.9646280613375,0.47409552914842,0.41406760217284,0.095995289892389,0.41406760217284,0.43806451980786,0.35846842256622,0.32048275638434,0.26199099007049975,False,True,True
2925,4,22,2025-08-27,Weitere Themen: Vorb LK,1,regulation,2.2831943720438,1,4.6221765003632,0.42028364349602,0.07674949586674,0.058605948586205,0.41798896030911,0.44907287797465,0.44005726793527,0.4939641383714,,False,False,True
2926,4,22,2025-08-27,Weitere Themen: Vorb LK,1,kognition,2.0311230831007,1,3.8229300313861,0.5312987037268,0.20795513229951,0.31164531269073,0.34246928522452,0.41648835124838,0.41913366222758,0.33305785235829,-0.7992464689771004,False,True,True
2927,4,22,2025-08-27,Weitere Themen: Vorb LK,1,kognition,1.7822209932404,1,3.3908447253838,0.5255963872173,-0.047136263280379,-0.0050573607560181,0.36222538038919,0.47999647595641,0.46056531224002,0.38440978831667,-0.4320853060022998,False,False,True
2928,4,22,2025-08-27,Weitere Themen: Vorb LK,1,kognition,2.1820491743331,1,4.4336617364237,0.49215397621954,0.1998670220788,0.11445072171214,0.39248883283008,0.46126862894737,0.42771883525212,0.39366803854352,1.0428170110398995,False,False,True
2929,4,22,2025-08-27,Weitere Themen: Vorb LK,1,performanz,2.0572421247468,1,4.2232398182455,0.40026681249274,0.052532231378949,0.099371654040563,0.40918835544341,0.4443088960178,0.48712300083671,0.47435541413308,-0.21042191817819944,False,True,True
2920,6,22,2025-08-28,Funktionen: Quadr. Funktionen weh.,19,regulation,1.7810357015046,1,3.5846603474751,0.44499407838611,0.049847783190915,0.036900952175072,0.39802316963037,0.42437609028194,0.46125148062342,0.49684783504823,-0.6385794707704,False,True,True
2921,6,22,2025-08-28,Funktionen: Quadr. Funktionen weh.,19,kognition,2.4410729735005,1,4.0672866920127,0.60017086491239,0.039084236050462,0.16920738651501,0.26177503922274,0.50156705623623,0.42079721715856,0.3353584909564,0.48262634453759956,False,True,True
2922,6,22,2025-08-28,Funktionen: Quadr. Funktionen weh.,19,performanz,-1.8674785612985,-1,2.1129969924978,-0.23666123224212,0.09973348232948,-0.23115913641968,-0.28495457071789,-0.12530584779423,-0.88380141094134,0.050941979720327,-1.9542896995149,True,True,True
2923,6,22,2025-08-28,Funktionen: Quadr. Funktionen weh.,19,kognition,1.3099250211841,1,1.6223511642224,0.80741887199446,-0.22053774378081,0.021828366465223,0.015987161275233,0.45547534456461,0.29937627667966,-0.040118943019373,-0.4906458282753998,True,True,True
2924,6,22,2025-08-28,Funktionen: Quadr. Funktionen weh.,19,performanz,1.6514653847318,1,3.1819690767104,0.46303540907394,0.052306337430451,0.18165981882267,0.37481530099105,0.44958792227474,0.51900573351321,0.37131243005745,1.5596179124879999,False,True,True
2915,4,22,2025-09-10,Weitere Themen: quadrFkt,1,kognition,1.9138365334644,1,3.2342344427424,0.59174146152093,0.038405650800278,0.099214849723068,0.31748586916428,0.39987967905516,0.44424680314885,0.42480704035474,0.05226536603200005,False,True,True
2916,4,22,2025-09-10,Weitere Themen: quadrFkt,1,kognition,2.2549263317718,1,4.0208828769976,0.56080238910905,0.19313389374648,0.31453082891362,0.31024803123641,0.43882592925357,0.40936450227283,0.30473600101233,0.7866484342552003,False,False,True
2917,4,22,2025-09-10,Weitere Themen: quadrFkt,1,regulation,2.034416095003,1,4.0768791896276,0.47545427649376,0.087027322442703,0.089011647561748,0.395227683451,0.37113026524007,0.46420475641485,0.49901186919158,0.0559963126299996,False,True,True
2918,4,22,2025-09-10,Weitere Themen: quadrFkt,1,kognition,2.4887495600728,1,4.8458292980034,0.51358483165098,0.061490211488883,0.10551649015658,0.3882399826205,0.41087257110398,0.45031579473172,0.44607269460341,0.7689501083758001,False,True,True
2919,4,22,2025-09-10,Weitere Themen: quadrFkt,1,motivation,1.1646065491769,1,2.3654242772316,0.32899178951382,0.42911044764118,0.0065736010195556,0.49234365139069,0.36822892694217,0.37707320345214,0.432894842167,-2.4804050207718,False,True,True
2911,6,22,2025-09-11,Analysis: Bestimmen des Definitionsbereichs und Nullstellen von Funktionen,18,kognition,1.8124059963247,1,2.7008782028216,0.67104073187158,0.0,0.13221920340388,0.18986342323182,0.46057081054162,0.46390437256253,0.26236264134944,0.3156292564840997,False,True,True
2912,6,22,2025-09-11,Analysis: Bestimmen des Definitionsbereichs und Nullstellen von Funktionen,18,kognition,2.4427137214532,1,4.7245662545224,0.51702281640921,0.0716425600792,0.12221998272692,0.39657422898699,0.39719402606343,0.45360297474682,0.43797593701499,2.0236880517008,False,False,True
2913,6,22,2025-09-11,Analysis: Bestimmen des Definitionsbereichs und Nullstellen von Funktionen,18,kognition,1.8515721846579,1,3.1492118583832,0.58794593328796,0.015904736151126,0.19002988281868,0.28714245259574,0.39675344827274,0.52855286700544,0.31419212553827,-1.5753543961392,False,False,True
2914,6,22,2025-09-11,Analysis: Bestimmen des Definitionsbereichs und Nullstellen von Funktionen,18,regulation,1.539769585776,1,2.8957199704337,0.47088581038576,0.15755269598282,0.14777939986544,0.33022333356776,0.43475917646087,0.38831659764443,0.5317379733254,-0.2534918879494996,False,True,True
2904,6,22,2025-09-18,Prüfungsvorbereitung: Quadratische Funktionen,20,performanz,2.1770409970906,1,4.2099561660691,0.49706707930076,0.031388653301531,0.17344519279507,0.36549739339926,0.43321524744832,0.51711603162915,0.36493602208882,1.3142361956353996,False,True,True
2905,6,22,2025-09-18,Prüfungsvorbereitung: Quadratische Funktionen,20,kognition,2.2069589158005,1,3.916840808544,0.5634523814352,0.076723644298226,0.31177537024684,0.31845471584113,0.42787289584912,0.43423975906972,0.32614892186079,-0.2931153575251,False,True,True
2906,6,22,2025-09-18,Prüfungsvorbereitung: Quadratische Funktionen,20,kognition,1.9983364398439,1,3.4475065704142,0.57964520228655,0.17656477495722,0.28633515641049,0.33452481948389,0.42245213690023,0.39236938764407,0.32636834629356,-0.4693342381297998,False,False,True
2907,6,22,2025-09-18,Prüfungsvorbereitung: Quadratische Funktionen,20,regulation,1.6593102589405,1,3.445161991689,0.35697457681494,0.30867452774446,-0.051124322883014,0.44905706607895,0.45666641004076,0.36400878395462,0.48163350420338,-0.0023445787252001082,False,True,True
2908,6,22,2025-09-18,Prüfungsvorbereitung: Quadratische Funktionen,20,performanz,2.070230043039,1,3.7913177909615,0.40066003049603,0.14518123583831,0.31037324191651,0.39449229918019,0.33468306175801,0.54604353861843,0.39529312190918,0.3461557992725002,False,True,True
2909,6,22,2025-09-18,Prüfungsvorbereitung: Quadratische Funktionen,20,kognition,2.3446530758785,1,3.6044778914108,0.65048160696161,-0.028351079207643,0.17562163433316,0.23072514216588,0.46986808124052,0.46194660301316,0.24045086650775,-0.18683989955070013,False,True,True
2899,4,22,2025-09-24,Newtonsche Gesetze: KräftePendel,1,kognition,2.078940017929,1,3.0075822377954,0.69123067675319,0.0,0.25591478507693,0.12837894832579,0.46807332157981,0.46358479692794,0.078844605250314,-0.5968956536154,False,False,True
2900,4,22,2025-09-24,Newtonsche Gesetze: KräftePendel,1,kognition,1.752927244018,1,3.2645506643148,0.53695655381115,0.12160901291853,0.19430850592622,0.27023992750622,0.42310320660401,0.44252841115942,0.45961902581514,0.2569684265193999,False,False,True
2901,4,22,2025-09-24,Newtonsche Gesetze: KräftePendel,1,performanz,2.061049496361,1,4.1805161786248,0.49006663241819,0.040531893031969,0.13003042817653,0.36777609699608,0.43194466879972,0.49301198181686,0.41997963815352,0.9159655143100003,False,True,True
2902,4,22,2025-09-24,Newtonsche Gesetze: KräftePendel,1,performanz,2.260374675858,1,4.5339414150742,0.4388648454313,0.049012142319769,0.093902205182241,0.41400029487602,0.39896667426924,0.49854408857202,0.46589329515275,0.35342523644940016,False,False,True
2903,4,22,2025-09-24,Newtonsche Gesetze: KräftePendel,1,kognition,1.8346726067272,1,3.2578547618,0.56315186199242,0.031352009134577,0.21853304168741,0.26739485678908,0.44746296860024,0.50787483501136,0.32319380690867,-1.2760866532742003,False,True,True
2894,6,22,2025-09-25,Analysis: Grenzwerte,18,kognition,2.2414953024427,1,4.7653905687971,0.47036870669794,0.071220868695358,0.091961975579142,0.39006654587399,0.46307096173179,0.4334201960125,0.45910780175665,1.5075358069971,False,False,True
2895,6,22,2025-09-25,Analysis: Grenzwerte,18,kognition,1.9342871926371,1,3.1073267084519,0.62249037491684,0.0,0.11492455442266,0.23104024420111,0.44023969477505,0.50017229306716,0.31926280320256,-1.6580638603452003,False,False,True
2896,6,22,2025-09-25,Analysis: Grenzwerte,18,regulation,2.313833831872,1,4.9946265310618,0.41890779460302,0.17740135474721,0.18447467974737,0.43405868844984,0.40459236989813,0.43851444065215,0.46326370647438,1.8872998226099003,False,True,True
2897,6,22,2025-09-25,Analysis: Grenzwerte,18,kognition,1.9983364398439,1,3.73654460792,0.53480723541635,0.23766947744919,0.32205417002549,0.38482504297687,0.38977370733012,0.39078727981567,0.31787048430686,-1.2580819231418001,False,True,True
2898,6,22,2025-09-25,Analysis: Grenzwerte,18,sozial,1.5587443540156,1,2.8888755659315,0.37831587943523,0.53956597395126,0.029926290388881,0.46983040777715,0.25197936507438,0.39635197416013,0.35144565621995,-0.8476690419885,False,True,True
2889,4,22,2025-10-01,Newtonsche Gesetze: Kraefte,1,performanz,0.91608656017512,1,1.5071006143225,0.14292479866915,0.019089968855412,-0.10224496962518,0.46647415268712,0.12229153288671,0.60784294893106,0.60556945605985,-1.3817749516089999,False,True,True
2890,4,22,2025-10-01,Newtonsche Gesetze: Kraefte,1,kognition,2.1474646536876,1,4.1684033499006,0.51517555324469,0.021235716399355,0.17812047079192,0.32411661689531,0.4551826878565,0.51140647421908,0.35865310683844,2.6613027355781,False,True,True
2891,4,22,2025-10-01,Newtonsche Gesetze: Kraefte,1,regulation,1.6593102589405,1,3.445161991689,0.35697457681494,0.30867452774446,-0.051124322883014,0.44905706607895,0.45666641004076,0.36400878395462,0.48163350420338,-0.7232413582115997,False,True,True
2892,4,22,2025-10-01,Newtonsche Gesetze: Kraefte,1,performanz,2.061049496361,1,4.1805161786248,0.49006663241819,0.040531893031969,0.13003042817653,0.36777609699608,0.43194466879972,0.49301198181686,0.41997963815352,0.7353541869358002,False,True,True
2893,4,22,2025-10-01,Newtonsche Gesetze: Kraefte,1,methodik,2.2962596473645,1,4.4380581662096,0.3593724028549,0.069620425540466,0.042296720632479,0.41380931436907,0.5174007161151,0.4223056357531,0.49691775344976,0.2575419875847995,False,True,True
2884,6,22,2025-10-02,Analysis: Stetigkeit und Unstetigkeit einer Funktion,18,performanz,1.7503923860708,1,3.2500733602901,0.38839016543615,0.042134255804933,0.11434696884422,0.40387347344296,0.423619496146,0.53856845872242,0.44908034483934,-1.1879848059194997,False,True,True
2885,6,22,2025-10-02,Analysis: Stetigkeit und Unstetigkeit einer Funktion,18,kognition,2.0311230831007,1,3.8229300313861,0.5312987037268,0.20795513229951,0.31164531269073,0.34246928522452,0.41648835124838,0.41913366222758,0.33305785235829,0.5728566710959999,False,True,True
2886,6,22,2025-10-02,Analysis: Stetigkeit und Unstetigkeit einer Funktion,18,regulation,2.1995823178481,1,4.4022111192169,0.38015269720671,0.19096170639702,0.20959935680266,0.44100657534342,0.40273763842269,0.41078430713137,0.49965284756969,0.5792810878307999,False,True,True
2887,6,22,2025-10-02,Analysis: Stetigkeit und Unstetigkeit einer Funktion,18,kognition,2.1820491743331,1,4.4336617364237,0.49215397621954,0.1998670220788,0.11445072171214,0.39248883283008,0.46126862894737,0.42771883525212,0.39366803854352,0.03145061720679987,False,True,True
2888,6,22,2025-10-02,Analysis: Stetigkeit und Unstetigkeit einer Funktion,18,kognition,1.4758361358457,1,2.8006523873511,0.52695967300848,0.28386141920944,0.3913078160065,0.35705838894269,0.40277514975236,0.34038294450806,0.28814611987675,-1.6330093490725996,False,False,True
2879,2,22,2025-10-07,Newtonsche Gesetze: komplÜ,1,regulation,1.7810357015046,1,3.5846603474751,0.44499407838611,0.049847783190915,0.036900952175072,0.39802316963037,0.42437609028194,0.46125148062342,0.49684783504823,0.7840079601240002,False,True,True
2880,2,22,2025-10-07,Newtonsche Gesetze: komplÜ,1,kognition,2.1118789605959,1,3.9754603937968,0.53122744012662,0.022266357176725,0.15845702965771,0.31305095472288,0.4683200092299,0.49369494887372,0.36211699940813,0.39080004632169985,False,True,True
2881,2,22,2025-10-07,Newtonsche Gesetze: komplÜ,1,performanz,1.8144280300528,1,3.648548811648,0.38885845163842,0.19199426251791,0.31575625939891,0.41583833205431,0.32791525199639,0.49729992682597,0.42949116716453,-0.32691158214880023,False,True,True
2882,2,22,2025-10-07,Newtonsche Gesetze: komplÜ,1,kognition,2.1820491743331,1,4.4336617364237,0.49215397621954,0.1998670220788,0.11445072171214,0.39248883283008,0.46126862894737,0.42771883525212,0.39366803854352,0.7851129247756998,False,True,True
2883,2,22,2025-10-07,Newtonsche Gesetze: komplÜ,1,performanz,1.5570911828289,1,2.5553402422033,0.44652012702407,0.031112132778026,0.17952669910686,0.37349850335762,0.31353891804787,0.60934550462497,0.39787487959923,-1.8783214942203998,False,True,True
2874,6,22,2025-10-09,Analysis: Übungen zur Stetigkeit einer Funktion,18,performanz,2.1524916087874,1,3.7834187822736,0.43529939562806,0.035551443866491,0.119184436252,0.4104201615304,0.35006848278279,0.56892616001453,0.42470070376623,1.2280785400703,False,False,True
2875,6,22,2025-10-09,Analysis: Übungen zur Stetigkeit einer Funktion,18,kognition,2.2375701027702,1,4.04857516276,0.55267951958922,0.19636489490517,0.31562955398473,0.31897353826335,0.43567210529291,0.4119372974083,0.30840327964697,0.2651563804863999,False,True,True
2876,6,22,2025-10-09,Analysis: Übungen zur Stetigkeit einer Funktion,18,performanz,1.9966423536502,1,4.363566322741,0.38111368433806,0.2107779087295,0.2996903444672,0.41367887200184,0.37838787209203,0.45757016858961,0.44365312663578,0.314991159981,False,True,True
2877,6,22,2025-10-09,Analysis: Übungen zur Stetigkeit einer Funktion,18,kognition,1.9316956848234,1,3.8905038385904,0.49651428190865,0.053043559070364,0.10570725339821,0.35304187399171,0.46146449087851,0.44283837987998,0.45363742432729,-0.4730624841505997,False,True,True
2878,6,22,2025-10-09,Analysis: Übungen zur Stetigkeit einer Funktion,18,performanz,2.0658163514687,1,3.8142796373613,0.50667974471114,0.022409062778034,0.23481270717957,0.3180050784504,0.44967993433559,0.54159923547331,0.30159942670511,-0.0762242012290999,False,True,True
2869,4,22,2025-10-15,Prüfungsvorbereitung: ph,1,performanz,1.5566689652548,1,2.5067581730363,0.26142891558259,0.011477205989188,-0.061471372040178,0.42662989407497,0.21000085495624,0.62098640871495,0.5621378322668,-1.3075214643250002,False,False,True
2870,4,22,2025-10-15,Prüfungsvorbereitung: ph,1,methodik,1.3071304723696,1,2.3428052989296,0.51447576205092,0.042683689169047,0.09160513239389,0.31116409404235,0.55793150786012,0.39453333050523,0.40165351508073,-0.1639528741067,False,True,True
2871,4,22,2025-10-15,Prüfungsvorbereitung: ph,1,kognition,2.3437059350914,1,4.4032316710435,0.53226829463029,0.048845255544648,0.095115608315886,0.33850149905816,0.46567789684473,0.4561965200456,0.40706098943248,2.0604263721139,False,True,True
2872,4,22,2025-10-15,Prüfungsvorbereitung: ph,1,methodik,2.0534298272575,1,3.8995392280503,0.51572033646035,0.023111379596837,0.14713864022183,0.29720121974227,0.52658133214136,0.45873431996406,0.3684967432254,-0.5036924429931999,False,True,True
2873,4,22,2025-10-15,Prüfungsvorbereitung: ph,1,regulation,1.539769585776,1,2.8957199704337,0.47088581038576,0.15755269598282,0.14777939986544,0.33022333356776,0.43475917646087,0.38831659764443,0.5317379733254,-1.0038192576165996,False,True,True
2864,6,22,2025-10-16,Analysis: übungen Grenzwerte,18,performanz,2.1524916087874,1,3.7834187822736,0.43529939562806,0.035551443866491,0.119184436252,0.4104201615304,0.35006848278279,0.56892616001453,0.42470070376623,0.8876988118398996,False,True,True
2865,6,22,2025-10-16,Analysis: übungen Grenzwerte,18,performanz,-1.4552652158942,-1,2.4366088452089,-0.21141108626145,-0.15707180025819,-0.29598138611071,-0.37273403427469,-0.25021502605258,-0.59724778816174,-0.53364545639735,-1.3468099370647,True,False,True
2866,6,22,2025-10-16,Analysis: übungen Grenzwerte,18,performanz,1.7364678940513,1,3.5253302199341,0.45873591159058,0.17557733186734,0.29381275481814,0.38507725246167,0.43967873597745,0.49256746461871,0.29694741524276,1.0887213747252003,True,False,True
2867,6,22,2025-10-16,Analysis: übungen Grenzwerte,18,kognition,2.509295155464,1,3.8411483190915,0.65326522548996,0.020984344791132,0.16805441832496,0.2240481499757,0.47451664831199,0.42970909557727,0.29076309654101,0.3158180991573998,False,True,True
2868,6,22,2025-10-16,Analysis: übungen Grenzwerte,18,kognition,1.8888915756821,1,3.3233958757153,0.56836018419675,0.037237226112195,0.080792004910457,0.34461562095382,0.4123224685031,0.42860518859677,0.44336731060167,-0.5177524433762,False,False,True
2859,4,22,2025-10-22,Newtonsche Gesetze: ReibKr,1,performanz,1.4253665391979,1,2.8935343055325,0.39737641086683,0.047325988210371,0.030414216433146,0.39703066566278,0.45471727313677,0.49260228587913,0.48152065627541,-0.4298615701827999,False,True,True
2860,4,22,2025-10-22,Newtonsche Gesetze: ReibKr,1,kognition,1.752927244018,1,3.2645506643148,0.53695655381115,0.12160901291853,0.19430850592622,0.27023992750622,0.42310320660401,0.44252841115942,0.45961902581514,0.3710163587822999,False,True,True
2861,4,22,2025-10-22,Newtonsche Gesetze: ReibKr,1,performanz,1.7349960417186,1,3.0088267944093,0.49568317504876,0.021792505626107,0.18265534692838,0.34599423350428,0.40517032831338,0.57663348339209,0.32260265823754,-0.2557238699054998,False,True,True
2862,4,22,2025-10-22,Newtonsche Gesetze: ReibKr,1,performanz,1.5905662396008,1,2.8317859427849,0.34456488256982,0.060358887711972,0.16437475016394,0.43433565860583,0.4076290773864,0.56168109275437,0.42463059971445,-0.1770408516244002,False,False,True
2863,4,22,2025-10-22,Newtonsche Gesetze: ReibKr,1,performanz,1.7212648120425,1,3.276288313951,0.46878708785693,0.035244448496262,0.11504846158701,0.38690581511958,0.42418921959293,0.5253687689894,0.40013659534304,0.44450237116610003,False,False,True
2849,6,22,2025-10-23,Weitere Themen: anderer Kurs,1,regulation,2.2831943720438,1,4.6221765003632,0.42028364349602,0.07674949586674,0.058605948586205,0.41798896030911,0.44907287797465,0.44005726793527,0.4939641383714,1.3458881864122003,False,True,True
2850,6,22,2025-10-23,Weitere Themen: anderer Kurs,1,performanz,1.8608741963844,1,3.0556171049096,0.55550638970887,0.0,0.29078875442313,0.25128473348535,0.3845063379814,0.60899911294624,0.15804728787018,-1.5665593954536003,False,True,True
2851,6,22,2025-10-23,Weitere Themen: anderer Kurs,1,methodik,1.6923157810732,1,3.4333342274091,0.45560273520211,0.048083977176934,0.071709281313335,0.3792497481292,0.49290594504422,0.4472213857957,0.44516561249039,0.37771712249949996,False,True,True
2852,6,22,2025-10-23,Weitere Themen: anderer Kurs,1,regulation,1.9126138920563,1,4.0164817262936,0.4588553814492,0.047909025290553,0.09026084042588,0.38084333672938,0.45894389366437,0.44336919087771,0.47619017351276,0.5831474988845002,False,True,True
2853,6,22,2025-10-23,Weitere Themen: anderer Kurs,1,regulation,2.1995823178481,1,4.4022111192169,0.38015269720671,0.19096170639702,0.20959935680266,0.44100657534342,0.40273763842269,0.41078430713137,0.49965284756969,0.38572939292329966,False,False,True
2854,6,22,2025-10-23,Analysis: Hausaufgaben zum Thema Anstieg einer Funktion,18,performanz,1.5752921706211,1,3.3390173794307,0.4453971633637,0.10840822376021,0.24513638282625,0.41734687449694,0.34808714570617,0.47178174708159,0.46027176364271,-1.0631937397862,False,True,True
2855,6,22,2025-10-23,Analysis: Hausaufgaben zum Thema Anstieg einer Funktion,18,kognition,1.752927244018,1,3.2645506643148,0.53695655381115,0.12160901291853,0.19430850592622,0.27023992750622,0.42310320660401,0.44252841115942,0.45961902581514,-0.07446671511589997,False,True,True
2856,6,22,2025-10-23,Analysis: Hausaufgaben zum Thema Anstieg einer Funktion,18,motivation,1.8151486855143,1,2.9587323352089,0.20418107569392,0.27982740008289,0.36160357600822,0.61348656958536,0.19574299446748,0.33674943419556,0.47027814781919,-0.3058183291058998,False,True,True
2857,6,22,2025-10-23,Analysis: Hausaufgaben zum Thema Anstieg einer Funktion,18,motivation,1.6075723274489,1,3.178534159656,0.38863533897205,0.41489552577574,0.45227740105734,0.50575743066691,0.24074757899589,0.36817985403732,0.15151487029706,0.21980182444709984,False,False,True
2858,6,22,2025-10-23,Analysis: Hausaufgaben zum Thema Anstieg einer Funktion,18,kognition,2.509295155464,1,3.8411483190915,0.65326522548996,0.020984344791132,0.16805441832496,0.2240481499757,0.47451664831199,0.42970909557727,0.29076309654101,0.6626141594355,False,True,True
2844,4,22,2025-10-29,Weitere Themen: hMetode,1,kognition,1.9447651791729,1,3.3466330496577,0.58110923403433,0.046416962130248,0.043712270511339,0.33692203134747,0.47015395919109,0.36781222046947,0.43404349430382,-0.4945152694338,False,False,True
2845,4,22,2025-10-29,Weitere Themen: hMetode,1,kognition,2.4503618349918,1,3.8454915842306,0.63720213899796,0.018138101277961,0.1379541259842,0.2262590984732,0.50167899874423,0.44001213438009,0.2795035344365,0.49885853457289997,False,False,True
2846,4,22,2025-10-29,Weitere Themen: hMetode,1,kognition,1.7468429863796,1,4.0578127668032,0.43048774842273,0.28241639133245,0.31314652429469,0.41780346808517,0.36786569284546,0.40358753700582,0.40507752344252,0.2123211825725999,False,False,True
2847,4,22,2025-10-29,Weitere Themen: hMetode,1,motivation,1.7915442913418,1,3.3533597644884,0.41425099938255,0.29820749581207,0.29614522655344,0.53425193675745,0.28669873699374,0.4000688015956,0.35225572510267,-0.7044530023147999,False,True,True
2848,4,22,2025-10-29,Weitere Themen: hMetode,1,performanz,1.5570911828289,1,2.5553402422033,0.44652012702407,0.031112132778026,0.17952669910686,0.37349850335762,0.31353891804787,0.60934550462497,0.39787487959923,-0.7980195222851001,False,True,True
2839,4,22,2025-11-05,Weitere Themen: DiffR,1,regulation,1.9959356940206,1,4.4551129975811,0.42712673188726,0.20932180483936,0.22463516220349,0.43490551633252,0.39802647975766,0.41833197494224,0.44800911110743,1.8997727553778003,False,True,True
2840,4,22,2025-11-05,Weitere Themen: DiffR,1,kognition,2.2549263317718,1,4.0208828769976,0.56080238910905,0.19313389374648,0.31453082891362,0.31024803123641,0.43882592925357,0.40936450227283,0.30473600101233,-0.43423012058349997,False,True,True
2841,4,22,2025-11-05,Weitere Themen: DiffR,1,kognition,1.8497956426329,1,2.9898402914902,0.61869172777574,0.26165124118264,0.37511761181132,0.32912105809137,0.40496483599092,0.3576085578641,0.088533564626579,-1.0310425855074001,False,False,True
2842,4,22,2025-11-05,Weitere Themen: DiffR,1,performanz,1.5583528329756,1,2.4727359267413,0.42450201381654,0.020128723815308,0.15990248555212,0.38637338240925,0.27902517895313,0.63021146496408,0.41171598220526,-0.5171043647489002,False,True,True
2843,4,22,2025-11-05,Weitere Themen: DiffR,1,kognition,1.9983364398439,1,3.4475065704142,0.57964520228655,0.17656477495722,0.28633515641049,0.33452481948389,0.42245213690023,0.39236938764407,0.32636834629356,0.9747706436729002,False,True,True
2834,6,22,2025-11-06,Differenzialrechnung: Einf,1,kognition,2.3310275582356,1,3.6813879930869,0.63319085918254,0.026149747064184,0.14669077169834,0.25844845876031,0.47775089783145,0.44131972317682,0.29505471879653,0.23388142267269973,False,False,True
2835,6,22,2025-11-06,Differenzialrechnung: Einf,1,kognition,2.5684402293092,1,4.7203348418297,0.54412131218651,0.034339382852549,0.145716218238,0.32815106372612,0.43803370736583,0.46050645028912,0.41218019240003,1.0389468487428006,False,False,True
2836,6,22,2025-11-06,Differenzialrechnung: Einf,1,kognition,1.7468429863796,1,4.0578127668032,0.43048774842273,0.28241639133245,0.31314652429469,0.41780346808517,0.36786569284546,0.40358753700582,0.40507752344252,-0.6625220750265006,False,False,True
2837,6,22,2025-11-06,Differenzialrechnung: Einf,1,performanz,1.1724972459399,1,1.8273455172678,0.54980820991586,0.0,0.27410678731762,0.23969063264431,0.36296970946299,0.64163608824894,0.14720726068794,-2.2304672495354,False,True,True
2838,6,22,2025-11-06,Differenzialrechnung: Einf,1,kognition,1.8346726067272,1,3.2578547618,0.56315186199242,0.031352009134577,0.21853304168741,0.26739485678908,0.44746296860024,0.50787483501136,0.32319380690867,1.4305092445322,False,True,True
2829,4,22,2025-11-12,Weitere Themen: DifR,1,performanz,1.5072340371522,1,3.0906410220045,0.46922370585666,0.077011763893507,0.23510808419298,0.4219273012279,0.34983980019771,0.48767525884388,0.42470969885431,-0.1672137397954998,False,True,True
2830,4,22,2025-11-12,Weitere Themen: DifR,1,kognition,2.4784503914436,1,3.9956993418333,0.62027794802174,0.017456248999166,0.13276811815846,0.24254013544875,0.49304966323876,0.45222844057314,0.30146959684203,0.9050583198287998,False,True,True
2831,4,22,2025-11-12,Weitere Themen: DifR,1,kognition,2.0461096300162,1,3.8838793061339,0.52681975945728,0.069481231038198,0.10297437976036,0.38799774098501,0.3506570616886,0.45990962201269,0.47117400700764,-0.11182003569940013,False,False,True
2832,4,22,2025-11-12,Weitere Themen: DifR,1,regulation,1.6521674795534,1,3.5054604059233,0.41704868780184,0.057308012801041,0.04481777131057,0.43363810755397,0.44022910936058,0.4656113369475,0.47131120455665,-0.37841890021059976,False,True,True
2833,4,22,2025-11-12,Weitere Themen: DifR,1,motivation,2.0519663720169,1,4.2418067613595,0.35687517920945,0.29880068688514,0.34641805694199,0.4837470563814,0.35222911961893,0.45040191257754,0.32001503204027,0.7363463554362002,False,True,True
2824,6,22,2025-11-13,Differenzialrechnung: DivKett,1,kognition,2.4410982889583,1,4.2776947265947,0.57065609830007,0.061680906507123,0.098417161158226,0.35536178558859,0.45537212052641,0.40162071683407,0.40732235788888,0.03588796523519999,False,True,True
2825,6,22,2025-11-13,Differenzialrechnung: DivKett,1,kognition,2.7431027601632,1,4.4247995695105,0.61993690735636,0.028768242753371,0.20958625007286,0.24606156155614,0.50280793819869,0.42502155926261,0.27733420685918,0.14710484291579995,False,False,True
2827,6,22,2025-11-13,Differenzialrechnung: DivKett,1,kognition,1.7353345284312,1,2.9900649591247,0.58036489123308,0.10643085034257,0.28652846723075,0.23051807041907,0.42718416964422,0.47692739623724,0.32658716896938,0.8109697978783998,False,False,True
2828,6,22,2025-11-13,Differenzialrechnung: DivKett,1,kognition,1.473212922878,1,3.1443711090881,0.46852238064275,0.23827174473619,0.28124665024161,0.42298258717174,0.3350072408433,0.40654256773133,0.43380449033815,0.15430614996339997,False,False,True
2820,6,22,2025-11-20,Differenzialrechnung: Üb,1,kognition,1.919667488646,1,3.1988921097457,0.60010197961283,0.028359326892356,0.086449473354213,0.30337364378423,0.40429765756495,0.44207952411901,0.42504956153813,0.054521000657600016,False,False,True
2821,6,22,2025-11-20,Differenzialrechnung: Üb,1,kognition,1.8124059963247,1,2.7008782028216,0.67104073187158,0.0,0.13221920340388,0.18986342323182,0.46057081054162,0.46390437256253,0.26236264134944,-0.4980139069241001,False,False,True
2822,6,22,2025-11-20,Differenzialrechnung: Üb,1,performanz,1.9577799980576,1,3.7807537621279,0.51042066750317,0.03083949094383,0.14821465789205,0.36597314714407,0.37761274092899,0.5178265877569,0.41457772698257,1.0798755593063003,False,True,True
2823,6,22,2025-11-20,Differenzialrechnung: Üb,1,kognition,2.1107934644134,1,3.6856067041269,0.5727110640805,0.23541902145029,0.25560735813441,0.39136333009483,0.38505679553671,0.38612816516834,0.31734905313491,-0.09514705800100032,False,True,True
2815,4,22,2025-11-26,Weitere Themen: VorbLK DiffR,1,performanz,1.7146760432305,1,3.3685945007785,0.46692129171518,0.043118259161777,0.034712611149409,0.40662835417337,0.37420596681409,0.50901672868817,0.46307630734881,-0.31701220334839997,False,True,True
2816,4,22,2025-11-26,Weitere Themen: VorbLK DiffR,1,kognition,1.8124059963247,1,2.7008782028216,0.67104073187158,0.0,0.13221920340388,0.18986342323182,0.46057081054162,0.46390437256253,0.26236264134944,-0.6677162979569,False,True,True
2817,4,22,2025-11-26,Weitere Themen: VorbLK DiffR,1,kognition,2.1046227351488,1,3.4246644235568,0.6145468079161,0.29199855995695,0.15229173432608,0.29199855995695,0.49927156175311,0.35186311417586,0.23564283788526,0.7237862207351999,False,False,True
2818,4,22,2025-11-26,Weitere Themen: VorbLK DiffR,1,motivation,1.2782388005983,1,2.726925290001,0.38912255341303,-0.36671203884696,0.35405227804109,0.46874555670068,0.33610681335805,0.35750598822114,0.35811290209975,-0.6977391335557996,False,True,True
2819,4,22,2025-11-26,Weitere Themen: VorbLK DiffR,1,regulation,1.9611829425497,1,4.1066196583502,0.45479888547485,0.19603031562825,0.22223033496086,0.40278440644117,0.38328801363239,0.41003110509019,0.47756508516951,1.3796943683492002,False,True,True
2810,4,22,2025-12-03,Weitere Themen: DiffR,1,performanz,2.1625397852702,1,4.5039203437359,0.43533203634603,0.17064144437225,0.24094742665989,0.42185314901355,0.37315321830169,0.48014503338796,0.41900448192064,0.39730068538569974,False,True,True
2811,4,22,2025-12-03,Weitere Themen: DiffR,1,kognition,2.3459293201978,1,3.9453024964552,0.59461178862399,0.17052830396184,0.30842106960146,0.27913815177287,0.45862360065479,0.4018311838535,0.26926989756156,-0.5586178472807002,False,True,True
2812,4,22,2025-12-03,Weitere Themen: DiffR,1,regulation,1.0748847029185,1,2.1705909655679,0.41016065224904,0.049968981073429,0.032170610827381,0.39633397743253,0.46323979442207,0.45970750767414,0.49520143037311,-1.7747115308872998,False,True,True
2813,4,22,2025-12-03,Weitere Themen: DiffR,1,kognition,1.3807910822945,1,1.7229179248308,0.80142126806034,0.039137726266037,0.19415880276327,0.085637230104267,0.52579057890913,0.14793460676579,0.11317607852982,-0.4476730407371001,False,True,True
2814,4,22,2025-12-03,Weitere Themen: DiffR,1,performanz,1.5511427607571,1,2.6677743582537,0.32130842266691,0.036953441487947,0.1513991513825,0.40364975331999,0.43700613516417,0.58143483597468,0.42484372043268,0.9448564334229002,False,True,True
2806,6,22,2025-12-04,Differenzialrechnung: Üb,1,performanz,1.5752921706211,1,3.3390173794307,0.4453971633637,0.10840822376021,0.24513638282625,0.41734687449694,0.34808714570617,0.47178174708159,0.46027176364271,0.6712430211769997,False,False,True
2807,6,22,2025-12-04,Differenzialrechnung: Üb,1,kognition,2.0025209823477,1,4.1753366045791,0.47960592784119,0.20384347683099,0.27356109825585,0.38796629419017,0.38566077691678,0.43325305356153,0.40819754744271,0.8363192251484004,False,True,True
2808,6,22,2025-12-04,Differenzialrechnung: Üb,1,kognition,1.8346238946577,1,3.050519966414,0.60141153008057,0.25796034376092,0.36992244687776,0.36833268059845,0.37038652482427,0.38425337642634,0.12002358492601,-1.1248166381651004,False,False,True
2809,6,22,2025-12-04,Differenzialrechnung: Üb,1,performanz,1.5583528329756,1,2.4727359267413,0.42450201381654,0.020128723815308,0.15990248555212,0.38637338240925,0.27902517895313,0.63021146496408,0.41171598220526,-0.5777840396727001,False,True,True
2802,4,22,2025-12-10,Weitere Themen: Terme,1,kognition,2.5326051745112,1,4.0096002650977,0.63163375167823,0.015541942208395,0.17179344520515,0.22267654332557,0.47982510846894,0.45027324687481,0.29785281840573,1.5368643383564002,False,True,True
2803,4,22,2025-12-10,Weitere Themen: Terme,1,kognition,2.0025209823477,1,4.1753366045791,0.47960592784119,0.20384347683099,0.27356109825585,0.38796629419017,0.38566077691678,0.43325305356153,0.40819754744271,0.1657363394814002,False,False,True
2804,4,22,2025-12-10,Weitere Themen: Terme,1,regulation,1.9126138920563,1,4.0164817262936,0.4588553814492,0.047909025290553,0.09026084042588,0.38084333672938,0.45894389366437,0.44336919087771,0.47619017351276,-0.15885487828550016,False,True,True
2805,4,22,2025-12-10,Weitere Themen: Terme,1,performanz,-1.4208154801294,-1,2.4266476899275,-0.20928205410567,-0.16359950628713,-0.29551362807447,-0.37210261836463,-0.25185081429813,-0.58550305056493,-0.54534086931492,-1.5898340363661,True,True,True
2797,6,22,2025-12-11,Differenzialrechnung: Üb,1,performanz,2.1524916087874,1,3.7834187822736,0.43529939562806,0.035551443866491,0.119184436252,0.4104201615304,0.35006848278279,0.56892616001453,0.42470070376623,1.3567710923460998,True,False,True
2798,6,22,2025-12-11,Differenzialrechnung: Üb,1,regulation,1.5887506947218,1,2.5500239990253,0.30106002388061,0.15568419877999,0.13842952687491,0.37101936000202,0.30931179423061,0.49442664870243,0.62303118128191,-1.2333947832482997,False,True,True
2799,6,22,2025-12-11,Differenzialrechnung: Üb,1,kognition,2.4887495600728,1,4.8458292980034,0.51358483165098,0.061490211488883,0.10551649015658,0.3882399826205,0.41087257110398,0.45031579473172,0.44607269460341,2.2958052989780997,False,True,True
2800,6,22,2025-12-11,Differenzialrechnung: Üb,1,regulation,2.1995823178481,1,4.4022111192169,0.38015269720671,0.19096170639702,0.20959935680266,0.44100657534342,0.40273763842269,0.41078430713137,0.49965284756969,-0.4436181787865001,False,True,True
2801,6,22,2025-12-11,Differenzialrechnung: Üb,1,kognition,2.1462963786463,1,4.3406553652064,0.49446253006518,0.26550279432215,0.053552965854877,0.37877182858556,0.4109033095443,0.44109602015534,0.41864927793105,-0.06155575401049962,False,True,True
2792,6,22,2025-12-18,Analysis: Nullstellen und Polstellen,23,regulation,1.8479915181834,1,4.0789242581081,0.42043389351725,0.32285885538557,0.14942820404965,0.40847577548243,0.41016540084089,0.39536647425586,0.45305744129363,-0.26173110709830016,False,True,True
2793,6,22,2025-12-18,Analysis: Nullstellen und Polstellen,23,kognition,2.0025209823477,1,4.1753366045791,0.47960592784119,0.20384347683099,0.27356109825585,0.38796629419017,0.38566077691678,0.43325305356153,0.40819754744271,0.09641234647100028,False,True,True
2794,6,22,2025-12-18,Analysis: Nullstellen und Polstellen,23,kognition,1.7210596468562,1,3.2680013090368,0.52663821636637,0.059917132129427,0.10515379467749,0.32731466212845,0.43852952957493,0.41554212567743,0.48567519117027,-0.9073352955423002,False,False,True
2795,6,22,2025-12-18,Analysis: Nullstellen und Polstellen,23,kognition,2.2688988134381,1,4.362368859302,0.52010586118627,0.19744656419101,0.27327195712571,0.37284289932841,0.46304826268623,0.41077008263379,0.30604741185795,1.0943675502652002,False,False,True
2796,6,22,2025-12-18,Analysis: Nullstellen und Polstellen,23,regulation,1.0748847029185,1,2.1705909655679,0.41016065224904,0.049968981073429,0.032170610827381,0.39633397743253,0.46323979442207,0.45970750767414,0.49520143037311,-2.1917778937341,False,True,True
2788,4,22,2026-01-07,Weitere Themen: Mathe Aufgaben - Differenzialrechnung,23,performanz,2.1625397852702,1,4.5039203437359,0.43533203634603,0.17064144437225,0.24094742665989,0.42185314901355,0.37315321830169,0.48014503338796,0.41900448192064,2.333329378168,False,True,True
2789,4,22,2026-01-07,Weitere Themen: Mathe Aufgaben - Differenzialrechnung,23,performanz,1.8146533005108,1,2.9011619883243,0.48967516717457,0.0,0.17265110518826,0.31720137154232,0.35619597135299,0.62548973580807,0.33417546746929,-1.6027583554116003,False,False,True
2790,4,22,2026-01-07,Weitere Themen: Mathe Aufgaben - Differenzialrechnung,23,motivation,1.7915442913418,1,3.3533597644884,0.41425099938255,0.29820749581207,0.29614522655344,0.53425193675745,0.28669873699374,0.4000688015956,0.35225572510267,0.45219777616410006,False,True,True
2791,4,22,2026-01-07,Weitere Themen: Mathe Aufgaben - Differenzialrechnung,23,motivation,1.2623925324906,1,2.6261746889041,0.41358193012077,0.4120300862581,0.035560809429602,0.48069449868637,0.29942201539725,0.42667263452277,0.39387653764832,-0.7271850755842997,False,False,True
2783,6,22,2026-01-08,Analysis: Bestimmung von Extrempunkten und Sattelpunkten,18,kognition,1.919667488646,1,3.1988921097457,0.60010197961283,0.028359326892356,0.086449473354213,0.30337364378423,0.40429765756495,0.44207952411901,0.42504956153813,0.5727174208415997,False,True,True
2784,6,22,2026-01-08,Analysis: Bestimmung von Extrempunkten und Sattelpunkten,18,performanz,2.1257565680491,1,3.3833631186319,0.52299969028213,0.0,0.29892053573149,0.27568601845748,0.36872158033832,0.62829504565806,0.1743527374388,0.18447100888620005,False,True,True
2785,6,22,2026-01-08,Analysis: Bestimmung von Extrempunkten und Sattelpunkten,18,kognition,1.8833162223165,1,3.2283750387732,0.58336171172202,0.03224989635459,0.099301522803928,0.31916876249417,0.44816390272014,0.46417273808412,0.36139473789538,-0.1549880798587,False,True,True
2786,6,22,2026-01-08,Analysis: Bestimmung von Extrempunkten und Sattelpunkten,18,performanz,1.7648070047484,1,3.6133072357558,0.41658136104671,0.19356657060967,0.3074035795803,0.39676228733864,0.34750802257374,0.48841739863985,0.42161091406453,0.38493219698260006,False,True,True
2787,6,22,2026-01-08,Analysis: Bestimmung von Extrempunkten und Sattelpunkten,18,performanz,1.6859498552702,1,2.8674352088813,0.41373391072764,0.1011662724033,0.30642597316211,0.28072842674595,0.37441986092981,0.5879623610761,0.39998420555291,-0.7458720268744998,False,False,True
2778,4,22,2026-01-14,Weitere Themen: Mathe-Differentialrechnung,23,performanz,1.5752921706211,1,3.3390173794307,0.4453971633637,0.10840822376021,0.24513638282625,0.41734687449694,0.34808714570617,0.47178174708159,0.46027176364271,0.47158217054939966,False,False,True
2779,4,22,2026-01-14,Weitere Themen: Mathe-Differentialrechnung,23,performanz,1.8608741963844,1,3.0556171049096,0.55550638970887,0.0,0.29078875442313,0.25128473348535,0.3845063379814,0.60899911294624,0.15804728787018,-0.28340027452109995,False,False,True
2780,4,22,2026-01-14,Weitere Themen: Mathe-Differentialrechnung,23,performanz,1.3941299453027,1,2.5726792369398,0.40931979092097,0.14876422035926,0.30155386371029,0.31573528605835,0.34742965228419,0.54189597611914,0.45314084537648,-0.48293786796979976,False,False,True
2781,4,22,2026-01-14,Weitere Themen: Mathe-Differentialrechnung,23,performanz,2.2329100933114,1,4.2154606819304,0.47702884675405,0.035858957413928,0.14440605365886,0.38564030488792,0.40772019219027,0.52969413424763,0.39340778595657,1.6427814449906002,False,False,True
2782,4,22,2026-01-14,Weitere Themen: Mathe-Differentialrechnung,23,performanz,1.7349960417186,1,3.0088267944093,0.49568317504876,0.021792505626107,0.18265534692838,0.34599423350428,0.40517032831338,0.57663348339209,0.32260265823754,-1.2066338875211002,False,False,True
2773,4,22,2026-01-21,Weitere Themen: Differentialrechnung,23,regulation,1.7810357015046,1,3.5846603474751,0.44499407838611,0.049847783190915,0.036900952175072,0.39802316963037,0.42437609028194,0.46125148062342,0.49684783504823,0.5758335530658001,False,True,True
2774,4,22,2026-01-21,Weitere Themen: Differentialrechnung,23,kognition,2.0025209823477,1,4.1753366045791,0.47960592784119,0.20384347683099,0.27356109825585,0.38796629419017,0.38566077691678,0.43325305356153,0.40819754744271,0.5906762571040001,False,True,True
2775,4,22,2026-01-21,Weitere Themen: Differentialrechnung,23,kognition,1.8346238946577,1,3.050519966414,0.60141153008057,0.25796034376092,0.36992244687776,0.36833268059845,0.37038652482427,0.38425337642634,0.12002358492601,-1.1248166381651004,False,False,True
2776,4,22,2026-01-21,Weitere Themen: Differentialrechnung,23,kognition,2.0318903529178,1,3.8938269022808,0.5218221522652,0.26818691882626,0.11186415844222,0.37523507366281,0.46558602370389,0.40539660056191,0.34833975080969,0.8433069358668002,False,False,True
2777,4,22,2026-01-21,Weitere Themen: Differentialrechnung,23,performanz,2.0864958050995,1,3.9909291971125,0.50686404877188,0.033885703813723,0.13418955811809,0.37059932669004,0.40085263899891,0.52280821682502,0.39060672750351,0.09710229483169996,False,True,True
2768,6,22,2026-01-22,Analysis: Lösen von Gleichungen,18,performanz,2.071194181061,1,3.7362141348712,0.44069559892085,0.037355174638719,0.10658755293803,0.41158049147071,0.35829413188745,0.55435490652982,0.43352413115014,-0.25471506224130014,False,False,True
2769,6,22,2026-01-22,Analysis: Lösen von Gleichungen,18,kognition,2.0025209823477,1,4.1753366045791,0.47960592784119,0.20384347683099,0.27356109825585,0.38796629419017,0.38566077691678,0.43325305356153,0.40819754744271,0.43912246970790036,False,True,True
2770,6,22,2026-01-22,Analysis: Lösen von Gleichungen,18,kognition,2.1462963786463,1,4.3406553652064,0.49446253006518,0.26550279432215,0.053552965854877,0.37877182858556,0.4109033095443,0.44109602015534,0.41864927793105,0.1653187606272999,False,False,True
2771,6,22,2026-01-22,Analysis: Lösen von Gleichungen,18,regulation,2.5051943093294,1,4.9669401934215,0.3909448724847,0.12089807406911,0.11494805508238,0.41638689628016,0.45609554731063,0.42841057129645,0.50437274620701,0.6262848282151001,False,True,True
2772,6,22,2026-01-22,Analysis: Lösen von Gleichungen,18,performanz,1.7576385021604,1,3.4507597507663,0.44464530526223,0.098341955792704,0.27435660761333,0.36291912005201,0.37409352724782,0.50934679190639,0.43156883465415,-1.5161804426552004,False,True,True
2765,4,22,2026-01-28,Weitere Themen: Mathe- Gleichungssysteme lösen,23,kognition,2.0772518399554,1,3.5046583852388,0.59270995472911,0.037629046859325,0.10166548436159,0.31605277833603,0.40263592842087,0.44426987951362,0.42137466894537,1.8942764429655001,False,True,True
2766,4,22,2026-01-28,Weitere Themen: Mathe- Gleichungssysteme lösen,23,performanz,2.1881851817843,1,3.9630517132152,0.39804980465075,0.21357376909659,0.16282875267136,0.43275848984903,0.37785426078498,0.55214511913544,0.36675109183635,0.45839332797639987,False,True,True
2767,4,22,2026-01-28,Weitere Themen: Mathe- Gleichungssysteme lösen,23,motivation,1.2623925324906,1,2.6261746889041,0.41358193012077,0.4120300862581,0.035560809429602,0.48069449868637,0.29942201539725,0.42667263452277,0.39387653764832,-1.3368770243110997,False,True,True
2759,6,22,2026-01-29,Gleichungssysteme: Add/ErsVerf,1,kognition,2.1266007185707,1,4.2434364120772,0.50114942244074,0.11396715072385,0.17824852421908,0.34183623305069,0.44985360536929,0.43478865646368,0.44251784498799,1.6172617231730997,False,True,True
2760,6,22,2026-01-29,Gleichungssysteme: Add/ErsVerf,1,kognition,2.0025209823477,1,4.1753366045791,0.47960592784119,0.20384347683099,0.27356109825585,0.38796629419017,0.38566077691678,0.43325305356153,0.40819754744271,-0.06809980749809963,False,False,True
2761,6,22,2026-01-29,Gleichungssysteme: Add/ErsVerf,1,kognition,2.4887495600728,1,4.8458292980034,0.51358483165098,0.061490211488883,0.10551649015658,0.3882399826205,0.41087257110398,0.45031579473172,0.44607269460341,0.6704926934242996,False,False,True
2762,6,22,2026-01-29,Gleichungssysteme: Add/ErsVerf,1,performanz,1.8542435914099,1,3.1247370982285,0.40826567234631,0.018723816000282,0.11178319840243,0.39781778722095,0.36684700925044,0.59340597274611,0.4189275677597,-1.7210921997748998,False,True,True
2763,6,22,2026-01-29,Gleichungssysteme: Add/ErsVerf,1,kognition,2.2688988134381,1,4.362368859302,0.52010586118627,0.19744656419101,0.27327195712571,0.37284289932841,0.46304826268623,0.41077008263379,0.30604741185795,1.2376317610735001,False,True,True
252,0,23,2025-02-04,Exponentialgleichung/-funktion: gerade/ungerade Exp.,1,methodik,1.0,1,1.8333540301862,0.33163081089698,0.05454454126595,0.03272672475957,0.39762970582878,0.5454454126595,0.40853861408197,0.51326413331259,1.8333540301862,True,True,True
251,2,23,2025-03-10,Analytische Geometrie: dreiecke,1,regulation,0.941,1,1.8277877338466,0.49896111758532,0.043768519086431,0.038297454200628,0.39884063017511,0.39446377826646,0.40978275994671,0.51482720575415,-0.00556629633959993,False,True,True
250,2,23,2025-04-28,Geometrie: SdP,1,,0.0,0,0.0,0.0,0.0,0.0,0.0,0.0,0.0,0.0,-1.8277877338466,True,True,True
245,2,23,2025-08-25,Weitere Themen: BLF/linGl,1,kognition,2.078940017929,1,3.0075822377954,0.69123067675319,0.0,0.25591478507693,0.12837894832579,0.46807332157981,0.46358479692794,0.078844605250314,3.0075822377954,True,True,True
246,2,23,2025-08-25,Weitere Themen: BLF/linGl,1,methodik,1.3071304723696,1,2.3428052989296,0.51447576205092,0.042683689169047,0.09160513239389,0.31116409404235,0.55793150786012,0.39453333050523,0.40165351508073,-0.6647769388658,False,True,True
247,2,23,2025-08-25,Weitere Themen: BLF/linGl,1,kognition,1.8497956426329,1,2.9898402914902,0.61869172777574,0.26165124118264,0.37511761181132,0.32912105809137,0.40496483599092,0.3576085578641,0.088533564626579,0.6470349925606,False,True,True
248,2,23,2025-08-25,Weitere Themen: BLF/linGl,1,performanz,1.6514653847318,1,3.1819690767104,0.46303540907394,0.052306337430451,0.18165981882267,0.37481530099105,0.44958792227474,0.51900573351321,0.37131243005745,0.19212878522019983,False,True,True
249,2,23,2025-08-25,Weitere Themen: BLF/linGl,1,regulation,1.6593102589405,1,3.445161991689,0.35697457681494,0.30867452774446,-0.051124322883014,0.44905706607895,0.45666641004076,0.36400878395462,0.48163350420338,0.2631929149786001,False,True,True
241,2,23,2025-09-01,Weitere Themen: Einheitskreis,1,performanz,2.1524916087874,1,3.7834187822736,0.43529939562806,0.035551443866491,0.119184436252,0.4104201615304,0.35006848278279,0.56892616001453,0.42470070376623,0.3382567905845999,False,True,True
242,2,23,2025-09-01,Weitere Themen: Einheitskreis,1,kognition,2.2069589158005,1,3.916840808544,0.5634523814352,0.076723644298226,0.31177537024684,0.31845471584113,0.42787289584912,0.43423975906972,0.32614892186079,0.1334220262704,False,True,True
243,2,23,2025-09-01,Weitere Themen: Einheitskreis,1,regulation,1.9603476546835,1,4.105530115666,0.40874243667907,0.052973024371062,0.031854050439072,0.42453459808445,0.46443239119492,0.45296988137695,0.47748836924115,0.18868930712200038,False,True,True
244,2,23,2025-09-01,Weitere Themen: Einheitskreis,1,performanz,1.7623605672214,1,3.1844962872024,0.35830210771604,0.21987884155731,0.30560875784078,0.47619592143151,0.25159370964146,0.55341720451418,0.36542762457524,-0.9210338284636004,False,True,True
236,2,23,2025-09-15,Weitere Themen: VorbBLF,1,motivation,1.6401735572884,1,2.8880375884253,0.33503668365262,0.32038509609569,0.43729181778179,0.5679177738836,0.22979626349353,0.40213666852666,0.23837351162418,-0.29645869877710007,False,True,True
237,2,23,2025-09-15,Weitere Themen: VorbBLF,1,kognition,2.6228056368715,1,4.6361765459891,0.56572478498315,0.048988682338982,0.17044432813436,0.3147111289115,0.48920271513479,0.42441388016159,0.36056963398192,1.7481389575638002,False,True,True
238,2,23,2025-09-15,Weitere Themen: VorbBLF,1,performanz,1.4379403300243,1,2.9937278924857,0.43599502753241,0.052052178841117,0.043996164065169,0.44115162458747,0.4076736139843,0.48031604023636,0.4623208124977,-1.6424486535034002,False,True,True
239,2,23,2025-09-15,Weitere Themen: VorbBLF,1,motivation,0.69981913800531,1,1.3025838667872,0.36115172343753,0.5163664375442,0.47059949911277,0.53725044762523,0.18827947253543,0.22451528516508,0.083436058304641,-1.6911440256984998,False,True,True
240,2,23,2025-09-15,Weitere Themen: VorbBLF,1,performanz,1.8125938090566,1,3.4721038792412,0.39217224110269,0.21769801896299,0.29717024810151,0.46920701499411,0.33079089078195,0.52204330620997,0.32921959148461,2.169520012454,False,True,True
231,2,23,2025-09-22,Prozent- und Zinsrechnung: Üb,1,kognition,2.3310275582356,1,3.6813879930869,0.63319085918254,0.026149747064184,0.14669077169834,0.25844845876031,0.47775089783145,0.44131972317682,0.29505471879653,0.20928411384569978,False,True,True
232,2,23,2025-09-22,Prozent- und Zinsrechnung: Üb,1,performanz,1.4780206620485,1,3.1813676431278,0.43697363840821,0.31432923474525,0.046982968609961,0.43014855236104,0.39172434957001,0.46458510363938,0.39207451324792,-0.5000203499590996,False,True,True
233,2,23,2025-09-22,Prozent- und Zinsrechnung: Üb,1,methodik,2.0353585414423,1,4.1877424962358,0.39127593926563,0.06814420500992,0.046609447259146,0.42649716325555,0.48602646485718,0.43207738758716,0.48504625202663,1.006374853108,False,True,True
234,2,23,2025-09-22,Prozent- und Zinsrechnung: Üb,1,motivation,1.8221612265061,1,3.8471321766507,0.44931392700607,0.17701400363727,0.32602070668933,0.47364020949505,0.33648039015515,0.45262291343093,0.34360840341141,-0.3406103195851,False,True,True
235,2,23,2025-09-22,Prozent- und Zinsrechnung: Üb,1,performanz,1.7816761805797,1,3.5517580419398,0.42323574484856,0.16129366203002,0.30455667553456,0.39291713687201,0.3511092726904,0.50163078206162,0.4156926989252,-0.2953741347109,False,True,True
226,2,23,2025-09-29,Trigonometrie: komplÜ,1,kognition,2.3289522253193,1,4.3258647160129,0.53837717876996,0.045037687757293,0.091400304366745,0.36030747239073,0.39133916782648,0.46224732450067,0.45069121706779,0.7741066740730997,False,True,True
227,2,23,2025-09-29,Trigonometrie: komplÜ,1,kognition,1.752927244018,1,3.2645506643148,0.53695655381115,0.12160901291853,0.19430850592622,0.27023992750622,0.42310320660401,0.44252841115942,0.45961902581514,-1.0613140516981,False,False,True
228,2,23,2025-09-29,Trigonometrie: komplÜ,1,kognition,1.7353345284312,1,2.9900649591247,0.58036489123308,0.10643085034257,0.28652846723075,0.23051807041907,0.42718416964422,0.47692739623724,0.32658716896938,-0.27448570519009996,False,False,True
229,2,23,2025-09-29,Trigonometrie: komplÜ,1,motivation,0.292,1,0.47720959755646,0.42538068645846,0.16763770894915,0.25145656342372,0.61187763766439,0.0,0.52386784046609,0.28079316248982,-2.51285536156824,False,True,True
230,2,23,2025-09-29,Trigonometrie: komplÜ,1,kognition,1.9179730577314,1,2.5315625227324,0.75762121784339,0.017681259848529,0.099494978821222,0.14000273146105,0.47547292371446,0.32817787034038,0.24982860468211,2.05435292517594,False,True,True
221,2,23,2025-10-20,Weitere Themen: Wachstum,1,kognition,2.1684041030201,1,3.7011651508002,0.58586908607967,0.031850875719515,0.1133674869774,0.31201643281213,0.45610778016662,0.4616490767318,0.35267111220798,1.1696026280677998,False,False,True
222,2,23,2025-10-20,Weitere Themen: Wachstum,1,kognition,2.2069589158005,1,3.916840808544,0.5634523814352,0.076723644298226,0.31177537024684,0.31845471584113,0.42787289584912,0.43423975906972,0.32614892186079,0.21567565774379993,False,False,True
223,2,23,2025-10-20,Weitere Themen: Wachstum,1,performanz,1.1724972459399,1,1.8273455172678,0.54980820991586,0.0,0.27410678731762,0.23969063264431,0.36296970946299,0.64163608824894,0.14720726068794,-2.0894952912762,False,True,True
224,2,23,2025-10-20,Weitere Themen: Wachstum,1,regulation,1.9611829425497,1,4.1066196583502,0.45479888547485,0.19603031562825,0.22223033496086,0.40278440644117,0.38328801363239,0.41003110509019,0.47756508516951,2.2792741410824005,False,True,True
225,2,23,2025-10-20,Weitere Themen: Wachstum,1,motivation,1.2052751378734,1,2.5677818078907,0.35414748083857,0.38945317322984,-0.016509864641924,0.46938195463106,0.38464361882541,0.39297273842287,0.44713277366814,-1.5388378504595002,False,True,True
217,2,23,2025-10-27,Stochastik (Wahrscheinlichkeitsrechnung): Üb T 2,1,performanz,-1.4552652158942,-1,2.4366088452089,-0.21141108626145,-0.15707180025819,-0.29598138611071,-0.37273403427469,-0.25021502605258,-0.59724778816174,-0.53364545639735,-0.13117296268180034,True,True,True
218,2,23,2025-10-27,Stochastik (Wahrscheinlichkeitsrechnung): Üb T 2,1,kognition,0.45160220709135,1,0.7559504857546,0.59738864081045,0.052912818531873,0.039684613898905,0.36343871056381,0.29323940926186,0.48794453536944,0.42726900609995,-1.6806583594542999,True,True,True
219,2,23,2025-10-27,Stochastik (Wahrscheinlichkeitsrechnung): Üb T 2,1,performanz,1.7185730315922,1,3.4752254188631,0.31877151424459,0.19146773728403,0.17310725067521,0.46890082280075,0.38408892483263,0.49451988842658,0.46883978948033,2.7192749331085,False,True,True
220,2,23,2025-10-27,Stochastik (Wahrscheinlichkeitsrechnung): Üb T 2,1,performanz,-1.8674785612985,-1,2.1129969924978,-0.23666123224212,0.09973348232948,-0.23115913641968,-0.28495457071789,-0.12530584779423,-0.88380141094134,0.050941979720327,-1.3622284263653004,True,False,True
215,2,23,2025-11-03,Prüfungsvorbereitung: BLF,1,regulation,2.2831943720438,1,4.6221765003632,0.42028364349602,0.07674949586674,0.058605948586205,0.41798896030911,0.44907287797465,0.44005726793527,0.4939641383714,2.5091795078654004,True,True,True
216,2,23,2025-11-03,Prüfungsvorbereitung: BLF,1,kognition,1.2611174102,1,2.3952654381643,0.52650204235655,0.11634635597757,0.15877535207586,0.29265668669538,0.38319488600229,0.4197213856147,0.52477506057088,-2.2269110621989,False,True,True
1872,2,23,2025-11-10,Prüfungsvorbereitung: BLF,1,performanz,2.1625397852702,1,4.5039203437359,0.43533203634603,0.17064144437225,0.24094742665989,0.42185314901355,0.37315321830169,0.48014503338796,0.41900448192064,2.1086549055716,False,True,True
1873,2,23,2025-11-10,Prüfungsvorbereitung: BLF,1,kognition,2.4784503914436,1,3.9956993418333,0.62027794802174,0.017456248999166,0.13276811815846,0.24254013544875,0.49304966323876,0.45222844057314,0.30146959684203,-0.5082210019026001,False,True,True
1874,2,23,2025-11-10,Prüfungsvorbereitung: BLF,1,motivation,1.2459236375843,1,1.9935420942378,0.1924119840039,0.33536319260425,0.25723120973569,0.62497671427077,0.082253812699267,0.4466343056288,0.43299820303145,-2.0021572475955,False,True,True
1875,2,23,2025-11-10,Prüfungsvorbereitung: BLF,1,performanz,1.7576385021604,1,3.4507597507663,0.44464530526223,0.098341955792704,0.27435660761333,0.36291912005201,0.37409352724782,0.50934679190639,0.43156883465415,1.4572176565285,False,True,True
1876,2,23,2025-11-10,Prüfungsvorbereitung: BLF,1,performanz,1.6514653847318,1,3.1819690767104,0.46303540907394,0.052306337430451,0.18165981882267,0.37481530099105,0.44958792227474,0.51900573351321,0.37131243005745,-0.26879067405590007,False,False,True
1867,2,23,2025-11-17,Prüfungsvorbereitung: BLF,1,kognition,2.2414953024427,1,4.7653905687971,0.47036870669794,0.071220868695358,0.091961975579142,0.39006654587399,0.46307096173179,0.4334201960125,0.45910780175665,1.5834214920867002,False,True,True
1868,2,23,2025-11-17,Prüfungsvorbereitung: BLF,1,kognition,1.8124059963247,1,2.7008782028216,0.67104073187158,0.0,0.13221920340388,0.18986342323182,0.46057081054162,0.46390437256253,0.26236264134944,-2.0645123659755003,False,False,True
1869,2,23,2025-11-17,Prüfungsvorbereitung: BLF,1,performanz,1.5441145590549,1,2.75996044218,0.43932164769612,0.042751448779437,0.18166522223245,0.34358458909564,0.39592187708246,0.5594677882982,0.42936068208789,0.05908223935840029,False,True,True
1870,2,23,2025-11-17,Prüfungsvorbereitung: BLF,1,kognition,2.4036580249543,1,4.6452590913521,0.51744214978398,0.058805209392942,0.10773919193437,0.37190440664099,0.39890677270429,0.45305062017137,0.46312974922747,1.8852986491721002,False,True,True
1871,2,23,2025-11-17,Prüfungsvorbereitung: BLF,1,regulation,2.3378029514569,1,4.1845300685627,0.38787318485344,0.19216826862418,0.17250246888137,0.41054464039032,0.35562121575469,0.41920331406745,0.55867620172171,-0.4607290227894003,False,True,True
1863,2,23,2025-11-24,Prüfungsvorbereitung: BLF,1,performanz,1.7503923860708,1,3.2500733602901,0.38839016543615,0.042134255804933,0.11434696884422,0.40387347344296,0.423619496146,0.53856845872242,0.44908034483934,-0.9344567082726001,False,True,True
1864,2,23,2025-11-24,Prüfungsvorbereitung: BLF,1,kognition,2.2176040705498,1,4.1959607750546,0.52850798764701,0.033057437189919,0.11991473533283,0.3111460283294,0.50972860238967,0.43980333406568,0.39387831994598,0.9458874147645004,False,True,True
1865,2,23,2025-11-24,Prüfungsvorbereitung: BLF,1,performanz,1.5583528329756,1,2.4727359267413,0.42450201381654,0.020128723815308,0.15990248555212,0.38637338240925,0.27902517895313,0.63021146496408,0.41171598220526,-1.7232248483133006,False,True,True
1866,2,23,2025-11-24,Prüfungsvorbereitung: BLF,1,regulation,1.0959483968476,1,1.6538928464461,0.23508177141809,0.28196494490937,0.27712264868538,0.4160507871843,0.21827158758189,0.35858859808376,0.66264375758378,-0.8188430802951998,False,True,True
1858,2,23,2025-12-08,Prüfungsvorbereitung: BLF,1,regulation,1.7810357015046,1,3.5846603474751,0.44499407838611,0.049847783190915,0.036900952175072,0.39802316963037,0.42437609028194,0.46125148062342,0.49684783504823,1.9307675010290002,False,False,True
1859,2,23,2025-12-08,Prüfungsvorbereitung: BLF,1,kognition,2.0772518399554,1,3.5046583852388,0.59270995472911,0.037629046859325,0.10166548436159,0.31605277833603,0.40263592842087,0.44426987951362,0.42137466894537,-0.08000196223630018,False,True,True
1860,2,23,2025-12-08,Prüfungsvorbereitung: BLF,1,kognition,1.7820560115872,1,3.4263674606991,0.52009915195497,0.057384238529672,0.01634967429508,0.32019729496019,0.47732956965011,0.41282654755967,0.47448412856735,-0.07829092453969988,False,False,True
1861,2,23,2025-12-08,Prüfungsvorbereitung: BLF,1,performanz,1.7816761805797,1,3.5517580419398,0.42323574484856,0.16129366203002,0.30455667553456,0.39291713687201,0.3511092726904,0.50163078206162,0.4156926989252,0.1253905812406999,False,True,True
1862,2,23,2025-12-08,Prüfungsvorbereitung: BLF,1,performanz,1.6859498552702,1,2.8674352088813,0.41373391072764,0.1011662724033,0.30642597316211,0.28072842674595,0.37441986092981,0.5879623610761,0.39998420555291,-0.6843228330584998,False,False,True
1853,2,23,2025-12-15,Prüfungsvorbereitung: BLF,19,kognition,2.5326051745112,1,4.0096002650977,0.63163375167823,0.015541942208395,0.17179344520515,0.22267654332557,0.47982510846894,0.45027324687481,0.29785281840573,1.1421650562163999,False,True,True
1854,2,23,2025-12-15,Prüfungsvorbereitung: BLF,19,kognition,2.0772518399554,1,3.5046583852388,0.59270995472911,0.037629046859325,0.10166548436159,0.31605277833603,0.40263592842087,0.44426987951362,0.42137466894537,-0.5049418798589,False,False,True
1855,2,23,2025-12-15,Prüfungsvorbereitung: BLF,19,motivation,0.85188551646247,1,1.5890209998845,0.33406255970934,0.45645506608696,0.46047891028742,0.53610377426518,0.18684581263477,0.36274856741847,0.11871153327529,-1.9156373853543,False,True,True
1856,2,23,2025-12-15,Prüfungsvorbereitung: BLF,19,kognition,2.1462963786463,1,4.3406553652064,0.49446253006518,0.26550279432215,0.053552965854877,0.37877182858556,0.4109033095443,0.44109602015534,0.41864927793105,2.7516343653219,False,True,True
1857,2,23,2025-12-15,Prüfungsvorbereitung: BLF,19,performanz,1.5511427607571,1,2.6677743582537,0.32130842266691,0.036953441487947,0.1513991513825,0.40364975331999,0.43700613516417,0.58143483597468,0.42484372043268,-1.6728810069527,False,True,True
1850,2,23,2026-01-05,Stochastik (Wahrscheinlichkeitsrechnung): Baumdiagramme,12,regulation,1.7810357015046,1,3.5846603474751,0.44499407838611,0.049847783190915,0.036900952175072,0.39802316963037,0.42437609028194,0.46125148062342,0.49684783504823,0.9168859892214001,False,True,True
1851,2,23,2026-01-05,Stochastik (Wahrscheinlichkeitsrechnung): Baumdiagramme,12,regulation,1.5887506947218,1,2.5500239990253,0.30106002388061,0.15568419877999,0.13842952687491,0.37101936000202,0.30931179423061,0.49442664870243,0.62303118128191,-1.0346363484498,False,False,True
1852,2,23,2026-01-05,Stochastik (Wahrscheinlichkeitsrechnung): Baumdiagramme,12,kognition,2.1462963786463,1,4.3406553652064,0.49446253006518,0.26550279432215,0.053552965854877,0.37877182858556,0.4109033095443,0.44109602015534,0.41864927793105,1.7906313661811,False,True,True
1845,2,23,2026-01-12,Prüfungsvorbereitung: Mittelwert und Standardabweichung,12,performanz,2.1744618745086,1,4.4388621375364,0.46577705352531,0.21582431903798,0.15028280583915,0.40837051156953,0.4063458558203,0.48986810323295,0.37686600340078,0.09820677233000019,False,True,True
1846,2,23,2026-01-12,Prüfungsvorbereitung: Mittelwert und Standardabweichung,12,performanz,1.8146533005108,1,2.9011619883243,0.48967516717457,0.0,0.17265110518826,0.31720137154232,0.35619597135299,0.62548973580807,0.33417546746929,-1.5377001492121005,False,False,True
1847,2,23,2026-01-12,Prüfungsvorbereitung: Mittelwert und Standardabweichung,12,performanz,2.06132346452,1,3.8092753542734,0.46064846728107,0.033447451813805,0.14540012885798,0.38824406928337,0.41376980713662,0.54113128128023,0.38829864222467,0.9081133659491001,False,False,True
1848,2,23,2026-01-12,Prüfungsvorbereitung: Mittelwert und Standardabweichung,12,performanz,1.9659302386016,1,3.702637071267,0.47017325437901,0.18259732730411,0.27316223778375,0.42473426924758,0.31688346369353,0.5309526403036,0.32900954691659,-0.10663828300639988,False,False,True
1849,2,23,2026-01-12,Prüfungsvorbereitung: Mittelwert und Standardabweichung,12,kognition,1.2771822134312,1,2.1587129569032,0.59163785206759,0.36827328743493,0.41197527053745,0.39903167299848,0.34750634655043,0.2469901369355,0.060128901709216,-1.5439241143637998,False,True,True
1841,2,23,2026-01-19,Stochastik (Wahrscheinlichkeitsrechnung): Baumdiagramme,12,performanz,2.071194181061,1,3.7362141348712,0.44069559892085,0.037355174638719,0.10658755293803,0.41158049147071,0.35829413188745,0.55435490652982,0.43352413115014,1.5775011779679997,False,True,True
1842,2,23,2026-01-19,Stochastik (Wahrscheinlichkeitsrechnung): Baumdiagramme,12,kognition,2.0025209823477,1,4.1753366045791,0.47960592784119,0.20384347683099,0.27356109825585,0.38796629419017,0.38566077691678,0.43325305356153,0.40819754744271,0.43912246970790036,False,True,True
1843,2,23,2026-01-19,Stochastik (Wahrscheinlichkeitsrechnung): Baumdiagramme,12,performanz,1.171031134971,1,2.3554216638968,0.19785571730366,0.33095686675477,0.41928909416486,0.49146919269571,0.22256410971708,0.4971620076779,0.37048889297316,-1.8199149406823003,False,True,True
2209,7,24,2025-09-19,Differenzialrechnung: AB,1,kognition,2.2832192608297,1,3.6744837708226,0.62136974593878,0.027190698877438,0.14268191314304,0.2692631437537,0.4751857410169,0.4474561246316,0.30704335353319,,False,False,True
2210,7,24,2025-09-19,Differenzialrechnung: AB,1,kognition,2.2549263317718,1,4.0208828769976,0.56080238910905,0.19313389374648,0.31453082891362,0.31024803123641,0.43882592925357,0.40936450227283,0.30473600101233,0.34639910617500025,False,False,True
2211,7,24,2025-09-19,Differenzialrechnung: AB,1,performanz,2.0864958050995,1,3.9909291971125,0.50686404877188,0.033885703813723,0.13418955811809,0.37059932669004,0.40085263899891,0.52280821682502,0.39060672750351,-0.029953679885100115,False,True,True
2212,7,24,2025-09-19,Differenzialrechnung: AB,1,regulation,1.9126138920563,1,4.0164817262936,0.4588553814492,0.047909025290553,0.09026084042588,0.38084333672938,0.45894389366437,0.44336919087771,0.47619017351276,0.02555252918110007,False,True,True
2204,7,24,2025-09-26,Differenzialrechnung: hMeth,1,performanz,2.1834193470863,1,4.7272578340427,0.40939526234525,0.19494675496675,0.26216929806182,0.43140491422681,0.38087108066135,0.46187764766845,0.42561763210998,3.0733649875966,False,True,True
2205,7,24,2025-09-26,Differenzialrechnung: hMeth,1,kognition,2.7452166646962,1,4.3522760147837,0.63075281711065,0.017768497628993,0.20207036591305,0.22177227983068,0.51367936615702,0.4188632863995,0.26926241499257,-0.3749818192589993,False,True,True
2206,7,24,2025-09-26,Differenzialrechnung: hMeth,1,kognition,1.8515721846579,1,3.1492118583832,0.58794593328796,0.015904736151126,0.19002988281868,0.28714245259574,0.39675344827274,0.52855286700544,0.31419212553827,-1.2030641564005005,False,False,True
2207,7,24,2025-09-26,Differenzialrechnung: hMeth,1,performanz,1.6514653847318,1,3.1819690767104,0.46303540907394,0.052306337430451,0.18165981882267,0.37481530099105,0.44958792227474,0.51900573351321,0.37131243005745,0.03275721832720002,False,True,True
2208,7,24,2025-09-26,Differenzialrechnung: hMeth,1,kognition,2.2009129520582,1,3.5655874874173,0.61726343476093,0.037799812012656,0.18382639127447,0.28178965695487,0.46623570321268,0.46595771324522,0.26431334205833,0.3836184107069003,False,True,True
2200,2,24,2025-09-30,Differenzialrechnung: h-Meth,1,kognition,2.078940017929,1,3.0075822377954,0.69123067675319,0.0,0.25591478507693,0.12837894832579,0.46807332157981,0.46358479692794,0.078844605250314,-0.5580052496219001,False,False,True
2201,2,24,2025-09-30,Differenzialrechnung: h-Meth,1,performanz,-1.7781209396438,-1,2.9238561433447,-0.25128913178248,-0.15374780174834,-0.28889999732454,-0.42599801146043,-0.2018020606664,-0.60814033627742,-0.48755747449881,-0.08372609445070012,True,True,True
2202,2,24,2025-09-30,Differenzialrechnung: h-Meth,1,performanz,1.8259587946393,1,3.8103753330437,0.46803622998287,0.052610536514526,0.020779115625813,0.40620269492539,0.40002868219035,0.47920581123504,0.47230859928416,0.8865191896989999,True,False,True
2203,2,24,2025-09-30,Differenzialrechnung: h-Meth,1,kognition,2.1107934644134,1,3.6856067041269,0.5727110640805,0.23541902145029,0.25560735813441,0.39136333009483,0.38505679553671,0.38612816516834,0.31734905313491,-0.12476862891679996,False,True,True
2196,7,24,2025-11-07,Algebra: ABI,1,kognition,2.3289522253193,1,4.3258647160129,0.53837717876996,0.045037687757293,0.091400304366745,0.36030747239073,0.39133916782648,0.46224732450067,0.45069121706779,0.640258011886,False,False,True
2197,7,24,2025-11-07,Algebra: ABI,1,kognition,2.5684402293092,1,4.7203348418297,0.54412131218651,0.034339382852549,0.145716218238,0.32815106372612,0.43803370736583,0.46050645028912,0.41218019240003,0.39447012581680063,False,False,True
2198,7,24,2025-11-07,Algebra: ABI,1,performanz,1.7185730315922,1,3.4752254188631,0.31877151424459,0.19146773728403,0.17310725067521,0.46890082280075,0.38408892483263,0.49451988842658,0.46883978948033,-1.2451094229666002,False,True,True
2199,7,24,2025-11-07,Algebra: ABI,1,kognition,2.1046227351488,1,3.4246644235568,0.6145468079161,0.29199855995695,0.15229173432608,0.29199855995695,0.49927156175311,0.35186311417586,0.23564283788526,-0.05056099530630043,False,True,True
2192,7,24,2025-11-14,Gleichungen und Ungleichungen: PolynomDiv,1,regulation,2.1828699354367,1,4.0126552337059,0.40179603336931,0.13542865712738,0.11567470439179,0.39819341752848,0.40238936371688,0.436380128858,0.54399502781864,0.5879908101490998,False,True,True
2193,7,24,2025-11-14,Gleichungen und Ungleichungen: PolynomDiv,1,motivation,1.8221612265061,1,3.8471321766507,0.44931392700607,0.17701400363727,0.32602070668933,0.47364020949505,0.33648039015515,0.45262291343093,0.34360840341141,-0.16552305705519954,False,True,True
2194,7,24,2025-11-14,Gleichungen und Ungleichungen: PolynomDiv,1,kognition,1.6090114569035,1,2.2493462737248,0.71532085677077,0.0,0.2410501346206,0.11480071837591,0.46114762941452,0.44653628244911,0.070505464025387,-1.5977859029259003,False,True,True
2195,7,24,2025-11-14,Gleichungen und Ungleichungen: PolynomDiv,1,performanz,1.6229270452087,1,3.4989761103282,0.39913283762435,0.20574122243346,0.31304974465119,0.41790252261595,0.33606865075675,0.46382780440831,0.44456358396692,1.2496298366034004,False,True,True
2187,7,24,2025-11-28,Prüfungsvorbereitung: ABI,1,regulation,1.7810357015046,1,3.5846603474751,0.44499407838611,0.049847783190915,0.036900952175072,0.39802316963037,0.42437609028194,0.46125148062342,0.49684783504823,0.08568423714689999,False,True,True
2188,7,24,2025-11-28,Prüfungsvorbereitung: ABI,1,kognition,2.011929137674,1,4.1616133039273,0.48344816210909,0.20080164681871,0.27099058310345,0.38581826094179,0.38712272450863,0.43259694091758,0.4082352552731,0.5769529564522,False,True,True
2189,7,24,2025-11-28,Prüfungsvorbereitung: ABI,1,kognition,2.325873120126,1,4.3741226535176,0.53173355825311,0.049170311392821,0.1010184804467,0.34044779048807,0.46657214061282,0.45197678151597,0.40835661658614,0.21250934959029966,False,False,True
2190,7,24,2025-11-28,Prüfungsvorbereitung: ABI,1,kognition,1.884870137549,1,3.6334044341863,0.51876001807405,0.15340174444684,0.095149177439808,0.36402297008985,0.483195435891,0.42961310411021,0.38436845185597,-0.7407182193313,False,False,True
2191,7,24,2025-11-28,Prüfungsvorbereitung: ABI,1,regulation,1.8273956846978,1,3.5207315255485,0.37132751512027,0.24240421836388,0.29100684058051,0.44055652320458,0.34593149871983,0.36811300371858,0.51903716062007,-0.1126729086378,False,True,True
2182,7,24,2025-12-12,Algebra: Mathe HA,23,performanz,1.5752921706211,1,3.3390173794307,0.4453971633637,0.10840822376021,0.24513638282625,0.41734687449694,0.34808714570617,0.47178174708159,0.46027176364271,-0.1817141461178,False,True,True
2183,7,24,2025-12-12,Algebra: Mathe HA,23,kognition,2.0025209823477,1,4.1753366045791,0.47960592784119,0.20384347683099,0.27356109825585,0.38796629419017,0.38566077691678,0.43325305356153,0.40819754744271,0.8363192251484004,False,True,True
2184,7,24,2025-12-12,Algebra: Mathe HA,23,kognition,1.2857650333892,1,1.6311555883919,0.78824923878926,-0.13747490283747,0.0012801070899289,0.11918167832075,0.41128673009797,0.41994762185723,0.0057303512066788,-2.5441810161872,False,False,True
2185,7,24,2025-12-12,Algebra: Mathe HA,23,performanz,1.6859498552702,1,2.8674352088813,0.41373391072764,0.1011662724033,0.30642597316211,0.28072842674595,0.37441986092981,0.5879623610761,0.39998420555291,1.2362796204894002,False,True,True
2186,7,24,2025-12-12,Algebra: Mathe HA,23,performanz,-1.4208154801294,-1,2.4266476899275,-0.20928205410567,-0.16359950628713,-0.29551362807447,-0.37210261836463,-0.25185081429813,-0.58550305056493,-0.54534086931492,-0.4407875189538002,True,False,True
2177,7,24,2026-01-09,Gleichungssysteme: Mit 2unbekannten (wdh),19,regulation,1.7698268321715,1,3.6067675548709,0.42298726033756,0.13606861824465,0.25340539460517,0.41214694504727,0.34559094889799,0.45636358068625,0.49069475598278,1.1801198649434,True,True,True
2178,7,24,2026-01-09,Gleichungssysteme: Mit 2unbekannten (wdh),19,kognition,2.4094215925566,1,4.2594688496216,0.56566112372425,0.15795064898133,0.28567285882329,0.30089662149189,0.44599474773836,0.43175599614785,0.31241330937636,0.6527012947506998,False,True,True
2179,7,24,2026-01-09,Gleichungssysteme: Mit 2unbekannten (wdh),19,kognition,1.9143876066936,1,3.7380877154002,0.51212882927236,0.068380993975131,0.13341396740815,0.36293621368387,0.44389234660528,0.44167008486147,0.43750187478944,-0.5213811342213996,False,False,True
2180,7,24,2026-01-09,Gleichungssysteme: Mit 2unbekannten (wdh),19,kognition,1.8833162223165,1,3.2283750387732,0.58336171172202,0.03224989635459,0.099301522803928,0.31916876249417,0.44816390272014,0.46417273808412,0.36139473789538,-0.5097126766270001,False,False,True
2181,7,24,2026-01-09,Gleichungssysteme: Mit 2unbekannten (wdh),19,kognition,2.3438973169655,1,4.7521063062711,0.49323231291127,0.065534077293939,0.080569901889334,0.40559050361539,0.38770445020273,0.45610739147379,0.47231250522212,1.5237312674979004,False,False,True
2172,7,24,2026-01-16,Lineare Funktion/Gleichung: Wdhlg,1,performanz,1.9531896505829,1,3.2870701844949,0.41466224445206,0.031405075980467,0.13079068691856,0.40962322696175,0.34539700132505,0.59420200936871,0.41205624797762,-1.4650361217762002,False,True,True
2173,7,24,2026-01-16,Lineare Funktion/Gleichung: Wdhlg,1,performanz,2.3238211125165,1,4.8604079848911,0.47652082017042,0.045968410589216,0.15904505569559,0.36906918169985,0.45571026315801,0.47811137226062,0.41598194606199,1.5733378003961995,False,False,True
2174,7,24,2026-01-16,Lineare Funktion/Gleichung: Wdhlg,1,kognition,1.2771822134312,1,2.1587129569032,0.59163785206759,0.36827328743493,0.41197527053745,0.39903167299848,0.34750634655043,0.2469901369355,0.060128901709216,-2.7016950279878995,False,True,True
2175,7,24,2026-01-16,Lineare Funktion/Gleichung: Wdhlg,1,kognition,1.6541350767271,1,3.0157863397785,0.54849031246209,0.034992294572616,0.080687494641113,0.3468035879373,0.43129858901831,0.48014172008029,0.39317876350424,0.8570733828752997,False,False,True
2168,7,24,2026-01-23,Lineare Funktion/Gleichung: Lineare Gleichungen,23,kognition,1.8124059963247,1,2.7008782028216,0.67104073187158,0.0,0.13221920340388,0.18986342323182,0.46057081054162,0.46390437256253,0.26236264134944,0.6144335438504998,False,False,True
2169,7,24,2026-01-23,Lineare Funktion/Gleichung: Lineare Gleichungen,23,methodik,2.1410505413095,1,4.7299790770357,0.44419334632973,0.193543274998,0.0710246340135,0.41578844647734,0.45265443670988,0.44516430395875,0.42922862904441,2.0291008742141,False,True,True
2170,7,24,2026-01-23,Lineare Funktion/Gleichung: Lineare Gleichungen,23,kognition,1.8796171795718,1,3.9646280613375,0.47409552914842,0.41406760217284,0.095995289892389,0.41406760217284,0.43806451980786,0.35846842256622,0.32048275638434,-0.7653510156982,False,True,True
2171,7,24,2026-01-23,Lineare Funktion/Gleichung: Lineare Gleichungen,23,performanz,2.2224477744004,1,4.723590507544,0.42040962805,0.22593003878185,0.11044512960084,0.43942386871515,0.4051961049162,0.47049867380845,0.42586709149823,0.7589624462065006,False,True,True
2164,0,40,2025-10-28,"Wortarten: Verben, Nomen, Adjektive, Präpositionen",28,performanz,2.1524916087874,1,3.7834187822736,0.43529939562806,0.035551443866491,0.119184436252,0.4104201615304,0.35006848278279,0.56892616001453,0.42470070376623,,False,False,True
2165,0,40,2025-10-28,"Wortarten: Verben, Nomen, Adjektive, Präpositionen",28,methodik,1.6923157810732,1,3.4333342274091,0.45560273520211,0.048083977176934,0.071709281313335,0.3792497481292,0.49290594504422,0.4472213857957,0.44516561249039,-0.35008455486449996,False,True,True
2166,0,40,2025-10-28,"Wortarten: Verben, Nomen, Adjektive, Präpositionen",28,kognition,1.8497956426329,1,2.9898402914902,0.61869172777574,0.26165124118264,0.37511761181132,0.32912105809137,0.40496483599092,0.3576085578641,0.088533564626579,-0.44349393591889985,False,True,True
2167,0,40,2025-10-28,"Wortarten: Verben, Nomen, Adjektive, Präpositionen",28,performanz,2.061049496361,1,4.1805161786248,0.49006663241819,0.040531893031969,0.13003042817653,0.36777609699608,0.43194466879972,0.49301198181686,0.41997963815352,1.1906758871346002,False,True,True
2159,1,40,2025-11-03,Weitere Themen: HausA,1,kognition,1.919667488646,1,3.1988921097457,0.60010197961283,0.028359326892356,0.086449473354213,0.30337364378423,0.40429765756495,0.44207952411901,0.42504956153813,-0.9816240688791003,False,True,True
2160,1,40,2025-11-03,Weitere Themen: HausA,1,kognition,2.0339856327016,1,3.7777885891187,0.53840499558663,0.20501595204781,0.31038098396524,0.33358174359969,0.42191361623921,0.41611001111322,0.33062282175447,0.5788964793730003,False,False,True
2161,1,40,2025-11-03,Weitere Themen: HausA,1,motivation,1.4723886372156,1,2.9357228581996,0.34537482242209,0.24737373147556,0.23612830211317,0.50154040177844,0.36060494021354,0.43537354465557,0.43889663982322,-0.8420657309191002,False,True,True
2162,1,40,2025-11-03,Weitere Themen: HausA,1,regulation,1.4279047558095,1,3.0240571504654,0.33940662801459,0.35165369924952,-0.028935370103071,0.47015906248171,0.44061701743393,0.34950231383445,0.47218024096779,0.08833429226580014,False,True,True
2163,1,40,2025-11-03,Weitere Themen: HausA,1,performanz,1.7212648120425,1,3.276288313951,0.46878708785693,0.035244448496262,0.11504846158701,0.38690581511958,0.42418921959293,0.5253687689894,0.40013659534304,0.2522311634855998,False,True,True
2153,0,40,2025-11-04,Weitere Themen: Wortschatz erweitern + festigen,30,kognition,2.340692642289,1,4.0340534938675,0.58023197846223,0.023304726557337,0.19163855593931,0.29484982127906,0.44721093505122,0.49891575077313,0.30034394131757,0.7577651799164999,False,True,True
2154,0,40,2025-11-04,Weitere Themen: Wortschatz erweitern + festigen,30,performanz,1.4780206620485,1,3.1813676431278,0.43697363840821,0.31432923474525,0.046982968609961,0.43014855236104,0.39172434957001,0.46458510363938,0.39207451324792,-0.8526858507396997,False,True,True
2155,0,40,2025-11-04,Weitere Themen: Wortschatz erweitern + festigen,30,kognition,1.8497956426329,1,2.9898402914902,0.61869172777574,0.26165124118264,0.37511761181132,0.32912105809137,0.40496483599092,0.3576085578641,0.088533564626579,-0.19152735163760015,False,True,True
2156,0,40,2025-11-04,Weitere Themen: Wortschatz erweitern + festigen,30,performanz,1.9577799980576,1,3.7807537621279,0.51042066750317,0.03083949094383,0.14821465789205,0.36597314714407,0.37761274092899,0.5178265877569,0.41457772698257,0.7909134706377001,False,True,True
2157,0,40,2025-11-04,Weitere Themen: Wortschatz erweitern + festigen,30,motivation,1.5369106333891,1,3.0257381219646,0.43790454460234,0.050987706223324,0.2277099374948,0.50794400969211,0.29084563611002,0.45239383196929,0.45444797044548,-0.7550156401633004,False,True,True
2158,0,40,2025-11-04,Weitere Themen: Wortschatz erweitern + festigen,30,motivation,2.0470047801265,1,4.0364103845869,0.33400601388743,0.31577740817535,0.31208331155083,0.50713369398862,0.35015210305383,0.42281670109217,0.36436056506073,1.0106722626223004,False,False,True
2149,1,40,2025-11-10,Brüche: MulDiv,1,kognition,2.5676948589789,1,4.8411068993645,0.53039307092872,0.055075344692102,0.14096368902063,0.35448119397322,0.45919732605643,0.43721176125488,0.41000216890172,0.8046965147776,False,True,True
2150,1,40,2025-11-10,Brüche: MulDiv,1,performanz,1.5197445884373,1,3.4361783473499,0.43378832819198,0.20960916717409,0.30486789593503,0.39671769700491,0.36048769182062,0.44227627673826,0.43817441385638,-1.4049285520146002,False,True,True
2151,1,40,2025-11-10,Brüche: MulDiv,1,kognition,1.9207934795839,1,2.581090336861,0.74417621514084,0.017341980457166,0.11337281487846,0.15558292653975,0.47161091587224,0.34856207029875,0.25479688559567,-0.8550880104888998,False,True,True
2152,1,40,2025-11-10,Brüche: MulDiv,1,performanz,1.5570911828289,1,2.5553402422033,0.44652012702407,0.031112132778026,0.17952669910686,0.37349850335762,0.31353891804787,0.60934550462497,0.39787487959923,-0.025750094657700284,False,True,True
2144,0,40,2025-11-11,"Der Satz: Satzarten, Wortarten, Wortarten umwandeln",28,performanz,2.1018406752718,1,4.0297451295107,0.50229795388456,0.030986423052732,0.16577460984972,0.36043056753727,0.43342058043781,0.52158024686899,0.35977892556151,1.4744048873074003,False,False,True
2145,0,40,2025-11-11,"Der Satz: Satzarten, Wortarten, Wortarten umwandeln",28,methodik,1.3071304723696,1,2.3428052989296,0.51447576205092,0.042683689169047,0.09160513239389,0.31116409404235,0.55793150786012,0.39453333050523,0.40165351508073,-1.6869398305811,False,True,True
2146,0,40,2025-11-11,"Der Satz: Satzarten, Wortarten, Wortarten umwandeln",28,regulation,2.2512358666627,1,4.4663293792215,0.45753270277913,0.11422218802563,0.11169996622351,0.4002418412058,0.37619015962959,0.45756077737298,0.50404496289199,2.1235240802919004,False,True,True
2147,0,40,2025-11-11,"Der Satz: Satzarten, Wortarten, Wortarten umwandeln",28,performanz,1.7623605672214,1,3.1844962872024,0.35830210771604,0.21987884155731,0.30560875784078,0.47619592143151,0.25159370964146,0.55341720451418,0.36542762457524,-1.2818330920191006,False,True,True
2148,0,40,2025-11-11,"Der Satz: Satzarten, Wortarten, Wortarten umwandeln",28,kognition,2.1820491743331,1,4.4336617364237,0.49215397621954,0.1998670220788,0.11445072171214,0.39248883283008,0.46126862894737,0.42771883525212,0.39366803854352,1.2491654492212998,False,True,True
2139,1,40,2025-11-24,Brüche: Wdh Bruchrechnung,12,kognition,2.3289522253193,1,4.3258647160129,0.53837717876996,0.045037687757293,0.091400304366745,0.36030747239073,0.39133916782648,0.46224732450067,0.45069121706779,-0.10779702041079986,False,False,True
2140,1,40,2025-11-24,Brüche: Wdh Bruchrechnung,12,kognition,1.8124059963247,1,2.7008782028216,0.67104073187158,0.0,0.13221920340388,0.18986342323182,0.46057081054162,0.46390437256253,0.26236264134944,-1.6249865131913,False,False,True
2141,1,40,2025-11-24,Brüche: Wdh Bruchrechnung,12,regulation,1.9603476546835,1,4.105530115666,0.40874243667907,0.052973024371062,0.031854050439072,0.42453459808445,0.46443239119492,0.45296988137695,0.47748836924115,1.4046519128444004,False,True,True
2142,1,40,2025-11-24,Brüche: Wdh Bruchrechnung,12,performanz,1.7011124840356,1,3.5863224441572,0.44140928068148,0.05461982512367,0.046057928264602,0.44525025198419,0.40530347089364,0.47433206779451,0.46101844996376,-0.5192076715088003,False,True,True
2143,1,40,2025-11-24,Brüche: Wdh Bruchrechnung,12,performanz,1.8171380778151,1,3.771468009549,0.36111509572411,0.22685067187805,0.32978668596496,0.42468678617285,0.34745157352079,0.48181059871337,0.41969892040688,0.18514556539179994,False,False,True
2134,0,40,2025-11-25,"Wortarten: Personalpronomen, Bericht schreiben",28,performanz,2.1625397852702,1,4.5039203437359,0.43533203634603,0.17064144437225,0.24094742665989,0.42185314901355,0.37315321830169,0.48014503338796,0.41900448192064,0.7324523341869003,False,False,True
2135,0,40,2025-11-25,"Wortarten: Personalpronomen, Bericht schreiben",28,kognition,2.5684402293092,1,4.7203348418297,0.54412131218651,0.034339382852549,0.145716218238,0.32815106372612,0.43803370736583,0.46050645028912,0.41218019240003,0.2164144980938003,False,True,True
2136,0,40,2025-11-25,"Wortarten: Personalpronomen, Bericht schreiben",28,kognition,1.65799276022,1,2.5548891531968,0.64894645964613,0.0,0.26242424293343,0.17143533804532,0.43067955000217,0.53294810871909,0.10528791309176,-2.1654456886329005,False,False,True
2137,0,40,2025-11-25,"Wortarten: Personalpronomen, Bericht schreiben",28,kognition,1.8497956426329,1,2.9898402914902,0.61869172777574,0.26165124118264,0.37511761181132,0.32912105809137,0.40496483599092,0.3576085578641,0.088533564626579,0.43495113829340015,False,False,True
2128,1,40,2025-12-01,Brüche: Bruchrechnung,12,kognition,2.4326861730502,1,4.9394420737157,0.49250122012423,0.065627662434388,0.11087900069211,0.40607281181281,0.40499815995921,0.44606679359696,0.46145761870759,3.9480233932380697,False,False,True
2129,1,40,2025-12-01,Brüche: Bruchrechnung,12,kognition,2.4784503914436,1,3.9956993418333,0.62027794802174,0.017456248999166,0.13276811815846,0.24254013544875,0.49304966323876,0.45222844057314,0.30146959684203,-0.9437427318823999,False,False,True
2130,1,40,2025-12-01,Brüche: Bruchrechnung,12,motivation,2.0519663720169,1,4.2418067613595,0.35687517920945,0.29880068688514,0.34641805694199,0.4837470563814,0.35222911961893,0.45040191257754,0.32001503204027,0.2461074195262003,False,True,True
2131,1,40,2025-12-01,Brüche: Bruchrechnung,12,kognition,2.509295155464,1,3.8411483190915,0.65326522548996,0.020984344791132,0.16805441832496,0.2240481499757,0.47451664831199,0.42970909557727,0.29076309654101,-0.4006584422680004,False,True,True
2132,1,40,2025-12-01,Brüche: Bruchrechnung,12,performanz,1.8171380778151,1,3.771468009549,0.36111509572411,0.22685067187805,0.32978668596496,0.42468678617285,0.34745157352079,0.48181059871337,0.41969892040688,-0.06968030954250004,False,True,True
2133,1,40,2025-12-01,Brüche: Bruchrechnung,12,motivation,1.0,1,1.5861547843764,0.0,0.5012089587606,0.47283864034019,0.63045152045358,0.0,0.31459530870634,0.16959145900201,-2.1853132251726,False,True,True
2124,0,40,2025-12-02,Berichten: Bericht schreiben,28,kognition,2.1266007185707,1,4.2434364120772,0.50114942244074,0.11396715072385,0.17824852421908,0.34183623305069,0.44985360536929,0.43478865646368,0.44251784498799,2.6572816277008,False,True,True
2125,0,40,2025-12-02,Berichten: Bericht schreiben,28,kognition,2.5676948589789,1,4.8411068993645,0.53039307092872,0.055075344692102,0.14096368902063,0.35448119397322,0.45919732605643,0.43721176125488,0.41000216890172,0.5976704872873002,False,False,True
2126,0,40,2025-12-02,Berichten: Bericht schreiben,28,performanz,1.6514653847318,1,3.1819690767104,0.46303540907394,0.052306337430451,0.18165981882267,0.37481530099105,0.44958792227474,0.51900573351321,0.37131243005745,-1.6591378226541003,False,True,True
2127,0,40,2025-12-02,Berichten: Bericht schreiben,28,motivation,1.7458338296571,1,3.5017444958452,0.34469658567642,0.26112979820776,0.24928452739593,0.49855974533009,0.35845155720786,0.43144183162675,0.43319235068464,0.3197754191348001,False,True,True
2120,1,40,2025-12-08,Brüche: Wiederholung komplett,12,performanz,0.874,1,1.7259800114717,0.41135811637437,0.040556434008741,0.034762657721778,0.4223662913196,0.41773127029003,0.50637604748057,0.46755774635791,-1.7757644843734999,False,True,True
2121,1,40,2025-12-08,Brüche: Wiederholung komplett,12,kognition,2.0025209823477,1,4.1753366045791,0.47960592784119,0.20384347683099,0.27356109825585,0.38796629419017,0.38566077691678,0.43325305356153,0.40819754744271,2.4493565931074004,False,True,True
2122,1,40,2025-12-08,Brüche: Wiederholung komplett,12,kognition,1.6541350767271,1,3.0157863397785,0.54849031246209,0.034992294572616,0.080687494641113,0.3468035879373,0.43129858901831,0.48014172008029,0.39317876350424,-1.1595502648006004,False,False,True
2123,1,40,2025-12-08,Brüche: Wiederholung komplett,12,kognition,2.1462963786463,1,4.3406553652064,0.49446253006518,0.26550279432215,0.053552965854877,0.37877182858556,0.4109033095443,0.44109602015534,0.41864927793105,1.3248690254279003,False,False,True
2116,0,40,2025-12-09,Groß- und Kleinschreibung: Substantivierung,28,kognition,1.919667488646,1,3.1988921097457,0.60010197961283,0.028359326892356,0.086449473354213,0.30337364378423,0.40429765756495,0.44207952411901,0.42504956153813,-1.1417632554607002,False,False,True
2117,0,40,2025-12-09,Groß- und Kleinschreibung: Substantivierung,28,regulation,1.9772187354812,1,3.5945149852943,0.44008146001926,0.21195562268381,0.24766753587711,0.30191198612596,0.39195609564178,0.39077811478869,0.55006398441248,0.3956228755486002,False,True,True
2118,0,40,2025-12-09,Groß- und Kleinschreibung: Substantivierung,28,kognition,2.0024305811111,1,3.700079851345,0.54118431215479,0.10689917292218,0.1428571442414,0.30829942435736,0.41805401778194,0.37494993575965,0.51465851494907,0.10556486605069981,False,True,True
2119,0,40,2025-12-09,Groß- und Kleinschreibung: Substantivierung,28,performanz,2.2329100933114,1,4.2154606819304,0.47702884675405,0.035858957413928,0.14440605365886,0.38564030488792,0.40772019219027,0.52969413424763,0.39340778595657,0.5153808305854004,False,True,True
2112,1,40,2025-12-15,Brüche: Grundrechenarten,12,performanz,1.6203139294579,1,2.8371568730149,0.54845682023067,0.028021755359531,0.16693232310901,0.30201188330985,0.37207718972365,0.57110279443525,0.33871143059007,-1.3783038089155002,False,False,True
2113,1,40,2025-12-15,Brüche: Grundrechenarten,12,kognition,2.0025209823477,1,4.1753366045791,0.47960592784119,0.20384347683099,0.27356109825585,0.38796629419017,0.38566077691678,0.43325305356153,0.40819754744271,1.3381797315642001,False,True,True
2114,1,40,2025-12-15,Brüche: Grundrechenarten,12,performanz,1.9343789929705,1,3.7281985400685,0.40952297822629,0.23941046247707,0.13252961756498,0.43892855326055,0.39268182609114,0.51884946139171,0.37595484001876,-0.44713806451060023,False,True,True
2115,1,40,2025-12-15,Brüche: Grundrechenarten,12,kognition,2.2688988134381,1,4.362368859302,0.52010586118627,0.19744656419101,0.27327195712571,0.37284289932841,0.46304826268623,0.41077008263379,0.30604741185795,0.6341703192335002,False,True,True
2107,0,40,2025-12-16,Lesen: Leseverstehen,28,kognition,2.1266007185707,1,4.2434364120772,0.50114942244074,0.11396715072385,0.17824852421908,0.34183623305069,0.44985360536929,0.43478865646368,0.44251784498799,-0.11893244722480034,False,False,True
2108,0,40,2025-12-16,Lesen: Leseverstehen,28,regulation,1.4239005001997,1,2.191058309294,0.27821751197677,0.18119015199847,0.16110862381728,0.36687155021483,0.30532321749413,0.46223087885444,0.64986586413571,-2.0523781027831998,False,True,True
2109,0,40,2025-12-16,Lesen: Leseverstehen,28,performanz,1.7185730315922,1,3.4752254188631,0.31877151424459,0.19146773728403,0.17310725067521,0.46890082280075,0.38408892483263,0.49451988842658,0.46883978948033,1.2841671095691,False,True,True
2110,0,40,2025-12-16,Lesen: Leseverstehen,28,performanz,1.7349960417186,1,3.0088267944093,0.49568317504876,0.021792505626107,0.18265534692838,0.34599423350428,0.40517032831338,0.57663348339209,0.32260265823754,-0.4663986244538001,False,False,True
2111,0,40,2025-12-16,Lesen: Leseverstehen,28,motivation,1.5369106333891,1,3.0257381219646,0.43790454460234,0.050987706223324,0.2277099374948,0.50794400969211,0.29084563611002,0.45239383196929,0.45444797044548,0.01691132755529967,False,True,True
2103,1,40,2025-12-22,Brüche: Grundrechenarten,19,regulation,1.7810357015046,1,3.5846603474751,0.44499407838611,0.049847783190915,0.036900952175072,0.39802316963037,0.42437609028194,0.46125148062342,0.49684783504823,0.5589222255105004,False,True,True
2104,1,40,2025-12-22,Brüche: Grundrechenarten,19,performanz,1.8146533005108,1,2.9011619883243,0.48967516717457,0.0,0.17265110518826,0.31720137154232,0.35619597135299,0.62548973580807,0.33417546746929,-0.6834983591508004,False,True,True
2105,1,40,2025-12-22,Brüche: Grundrechenarten,19,kognition,1.628635644424,1,3.1766681938078,0.51268512107983,0.22387537947476,0.28929848813247,0.40637796246605,0.35743108585166,0.47592781995218,0.2897007950665,0.2755062054835,False,True,True
2106,1,40,2025-12-22,Brüche: Grundrechenarten,19,kognition,1.8644313920995,1,3.3659078131316,0.55391471081846,0.027419524844313,0.15221827542323,0.29709727428258,0.43315863907753,0.40624546152473,0.47783024759156,0.18923961932379996,False,False,True
2098,0,40,2025-12-23,Weitere Themen: Rechtschreibung: Groß- und Kleinschreibung,29,regulation,2.1828699354367,1,4.0126552337059,0.40179603336931,0.13542865712738,0.11567470439179,0.39819341752848,0.40238936371688,0.436380128858,0.54399502781864,0.6467474205742998,False,True,True
2099,0,40,2025-12-23,Weitere Themen: Rechtschreibung: Groß- und Kleinschreibung,29,kognition,2.0025209823477,1,4.1753366045791,0.47960592784119,0.20384347683099,0.27356109825585,0.38796629419017,0.38566077691678,0.43325305356153,0.40819754744271,0.16268137087320067,False,True,True
2100,0,40,2025-12-23,Weitere Themen: Rechtschreibung: Groß- und Kleinschreibung,29,regulation,1.7816850647611,1,3.7945306446695,0.383394548246,0.288480981131,-0.019772135789809,0.45100262381218,0.4258566687896,0.40517518881483,0.46953906456739,-0.3808059599096003,False,True,True
2101,0,40,2025-12-23,Weitere Themen: Rechtschreibung: Groß- und Kleinschreibung,29,performanz,1.0,1,1.2396455138466,0.24522941785392,0.0,0.28233650081865,0.35332396388163,0.19360217198993,0.80667571662473,0.21699576777205,-2.5548851308228997,False,True,True
2102,0,40,2025-12-23,Weitere Themen: Rechtschreibung: Groß- und Kleinschreibung,29,performanz,1.6498111922597,1,3.2302945464038,0.36226536246909,0.27361000127206,0.29947819150488,0.41177877473494,0.30039482247985,0.51072930386591,0.42844458835726,1.9906490325572002,False,False,True
2092,1,40,2026-01-05,Brüche: Grundrechenarten,12,performanz,1.5752921706211,1,3.3390173794307,0.4453971633637,0.10840822376021,0.24513638282625,0.41734687449694,0.34808714570617,0.47178174708159,0.46027176364271,0.10872283302689967,False,False,True
2093,1,40,2026-01-05,Brüche: Grundrechenarten,12,kognition,2.0025209823477,1,4.1753366045791,0.47960592784119,0.20384347683099,0.27356109825585,0.38796629419017,0.38566077691678,0.43325305356153,0.40819754744271,0.8363192251484004,False,True,True
2094,1,40,2026-01-05,Brüche: Grundrechenarten,12,kognition,1.628635644424,1,3.1766681938078,0.51268512107983,0.22387537947476,0.28929848813247,0.40637796246605,0.35743108585166,0.47592781995218,0.2897007950665,-0.9986684107713004,False,False,True
2095,1,40,2026-01-05,Brüche: Grundrechenarten,12,kognition,2.2209564799031,1,4.2332441001739,0.52464520847256,0.057651067006785,0.12431452439003,0.36300826394135,0.46358746533329,0.45239334066434,0.39321350670068,1.0565759063661004,False,False,True
2096,1,40,2026-01-05,Brüche: Grundrechenarten,12,performanz,1.7011124840356,1,3.5863224441572,0.44140928068148,0.05461982512367,0.046057928264602,0.44525025198419,0.40530347089364,0.47433206779451,0.46101844996376,-0.6469216560167004,False,True,True
2097,1,40,2026-01-05,Brüche: Grundrechenarten,12,performanz,1.9579760747756,1,3.5550902558758,0.38159984513353,0.014064300976424,0.24737571950614,0.47872677373662,0.28006160566156,0.55075129640563,0.4266644629776,-0.031232188281399953,False,False,True
2086,1,40,2026-01-12,Geometrie: Winkel,12,regulation,1.8479915181834,1,4.0789242581081,0.42043389351725,0.32285885538557,0.14942820404965,0.40847577548243,0.41016540084089,0.39536647425586,0.45305744129363,0.5238340022323,False,True,True
2087,1,40,2026-01-12,Geometrie: Winkel,12,regulation,1.5887506947218,1,2.5500239990253,0.30106002388061,0.15568419877999,0.13842952687491,0.37101936000202,0.30931179423061,0.49442664870243,0.62303118128191,-1.5289002590827998,False,False,True
2088,1,40,2026-01-12,Geometrie: Winkel,12,performanz,1.6859498552702,1,2.8674352088813,0.41373391072764,0.1011662724033,0.30642597316211,0.28072842674595,0.37441986092981,0.5879623610761,0.39998420555291,0.317411209856,False,True,True
2089,1,40,2026-01-12,Geometrie: Winkel,12,kognition,1.6541350767271,1,3.0157863397785,0.54849031246209,0.034992294572616,0.080687494641113,0.3468035879373,0.43129858901831,0.48014172008029,0.39317876350424,0.14835113089719965,False,True,True
2090,1,40,2026-01-12,Geometrie: Winkel,12,kognition,2.4036580249543,1,4.6452590913521,0.51744214978398,0.058805209392942,0.10773919193437,0.37190440664099,0.39890677270429,0.45305062017137,0.46312974922747,1.6294727515736005,False,False,True
2091,1,40,2026-01-12,Geometrie: Winkel,12,regulation,1.0,1,1.4952397801022,0.33907378335502,0.033439229127714,0.080254149906513,0.39057019621169,0.3216853842086,0.41732157951387,0.66878458255427,-3.1500193112499004,False,True,True
2082,0,40,2026-01-13,Der Satz: Hauptsatz und Nebensatz,28,performanz,2.034911587693,1,4.2375936204146,0.44755458964527,0.18471160900953,0.27647585423301,0.40997226864095,0.37266138334302,0.48020338143233,0.38933769139254,2.7423538403124,False,True,True
2083,0,40,2026-01-13,Der Satz: Hauptsatz und Nebensatz,28,kognition,1.6662193362077,1,3.0045876008173,0.55455656882455,0.13213083838315,0.2111204192588,0.25222496970111,0.43296993128715,0.41757439605066,0.45274848720097,-1.2330060195973003,False,True,True
2084,0,40,2026-01-13,Der Satz: Hauptsatz und Nebensatz,28,regulation,2.2148166874228,1,4.3093800800185,0.40373138078784,0.25987825762376,0.10320541471071,0.43241760359741,0.38661493539129,0.39775145632727,0.51395131243569,1.3047924792012005,False,True,True
2085,0,40,2026-01-13,Der Satz: Hauptsatz und Nebensatz,28,kognition,1.9894645047371,1,3.101014243392,0.64155077438576,0.024655324999623,0.12196854610012,0.26450420856964,0.43157679678867,0.44924513864047,0.33893914004629,-1.2083658366265002,False,True,True
2077,1,40,2026-01-19,Weitere Themen: Eng. Reading Crompehension,12,kognition,1.8124059963247,1,2.7008782028216,0.67104073187158,0.0,0.13221920340388,0.18986342323182,0.46057081054162,0.46390437256253,0.26236264134944,-0.4001360405704002,False,False,True
2078,1,40,2026-01-19,Weitere Themen: Eng. Reading Crompehension,12,kognition,1.8706043338075,1,3.4522478891995,0.54184953553435,0.028966549779741,0.10377305345183,0.30141773302564,0.50406736303315,0.44719022762149,0.38713011245978,0.7513696863779002,False,False,True
2079,1,40,2026-01-19,Weitere Themen: Eng. Reading Crompehension,12,performanz,1.517734800859,1,2.4285529007933,0.4282299540693,0.020588307588684,0.15656159458602,0.38655508674269,0.28065007168787,0.6249518183627,0.41583817372042,-1.0236949884061999,False,True,True
2080,1,40,2026-01-19,Weitere Themen: Eng. Reading Crompehension,12,performanz,1.5511427607571,1,2.6677743582537,0.32130842266691,0.036953441487947,0.1513991513825,0.40364975331999,0.43700613516417,0.58143483597468,0.42484372043268,0.2392214574603999,False,False,True
2081,1,40,2026-01-19,Weitere Themen: Eng. Reading Crompehension,12,kognition,1.7210596468562,1,3.2680013090368,0.52663821636637,0.059917132129427,0.10515379467749,0.32731466212845,0.43852952957493,0.41554212567743,0.48567519117027,0.6002269507831,False,True,True
2073,0,40,2026-01-20,Der Satz: Hauptsatz und Nebensatz,28,performanz,1.0,1,1.6103819422733,0.37754784039823,0.0,0.0,0.36264463617198,0.29868505136768,0.62096684276024,0.50112024210752,-1.6576193667635002,False,True,True
2074,0,40,2026-01-20,Der Satz: Hauptsatz und Nebensatz,28,kognition,1.6662193362077,1,3.0045876008173,0.55455656882455,0.13213083838315,0.2111204192588,0.25222496970111,0.43296993128715,0.41757439605066,0.45274848720097,1.394205658544,False,True,True
2075,0,40,2026-01-20,Der Satz: Hauptsatz und Nebensatz,28,performanz,0.20548701615687,1,0.26647905802799,0.5333592278767,0.10563430511312,0.079225728834837,0.26076991717121,0.18795987672163,0.77108988142878,-0.010396765578008,-2.73810854278931,False,True,True
2076,0,40,2026-01-20,Der Satz: Hauptsatz und Nebensatz,28,performanz,-1.4208154801294,-1,2.4266476899275,-0.20928205410567,-0.16359950628713,-0.29551362807447,-0.37210261836463,-0.25185081429813,-0.58550305056493,-0.54534086931492,2.16016863189951,True,False,True
2068,1,40,2026-01-26,Geometrie: Innenwinkelsumme,12,kognition,1.8124059963247,1,2.7008782028216,0.67104073187158,0.0,0.13221920340388,0.18986342323182,0.46057081054162,0.46390437256253,0.26236264134944,0.27423051289409983,True,True,True
2069,1,40,2026-01-26,Geometrie: Innenwinkelsumme,12,performanz,1.8146533005108,1,2.9011619883243,0.48967516717457,0.0,0.17265110518826,0.31720137154232,0.35619597135299,0.62548973580807,0.33417546746929,0.20028378550269998,False,True,True
2070,1,40,2026-01-26,Geometrie: Innenwinkelsumme,12,kognition,2.0024305811111,1,3.700079851345,0.54118431215479,0.10689917292218,0.1428571442414,0.30829942435736,0.41805401778194,0.37494993575965,0.51465851494907,0.7989178630207001,False,True,True
2071,1,40,2026-01-26,Geometrie: Innenwinkelsumme,12,performanz,1.517734800859,1,2.4285529007933,0.4282299540693,0.020588307588684,0.15656159458602,0.38655508674269,0.28065007168787,0.6249518183627,0.41583817372042,-1.2715269505516997,False,True,True
2072,1,40,2026-01-26,Geometrie: Innenwinkelsumme,12,performanz,2.0864958050995,1,3.9909291971125,0.50686404877188,0.033885703813723,0.13418955811809,0.37059932669004,0.40085263899891,0.52280821682502,0.39060672750351,1.5623762963191998,False,False,True
2064,0,40,2026-01-27,Der Satz: Hauptsatz und Nebensatz (Konjunktionen),28,kognition,2.3459293201978,1,3.9453024964552,0.59461178862399,0.17052830396184,0.30842106960146,0.27913815177287,0.45862360065479,0.4018311838535,0.26926989756156,2.2193224849834996,False,True,True
2065,0,40,2026-01-27,Der Satz: Hauptsatz und Nebensatz (Konjunktionen),28,regulation,2.5051943093294,1,4.9669401934215,0.3909448724847,0.12089807406911,0.11494805508238,0.41638689628016,0.45609554731063,0.42841057129645,0.50437274620701,1.0216376969663004,False,True,True
2066,0,40,2026-01-27,Der Satz: Hauptsatz und Nebensatz (Konjunktionen),28,motivation,1.7887542255783,1,3.6925617798486,0.37799176392,0.29900821245121,0.11519354329811,0.48441962193939,0.33975715054035,0.47906625432386,0.41813822966906,-1.2743784135729004,False,True,True
2067,0,40,2026-01-27,Der Satz: Hauptsatz und Nebensatz (Konjunktionen),28,kognition,2.0061560441041,1,3.6624782597347,0.54775767233435,0.037845715107673,0.14946786415009,0.34196619651183,0.41905124282305,0.4683771687897,0.40529142004314,-0.03008352011389981,False,True,True
309,3,42,2025-10-07,Vektorrechnung: Ablatt,1,kognition,2.2150745427188,1,4.219811570406,0.52492137540917,0.046539524378753,0.075483868838256,0.37324671046528,0.37467537002425,0.46781873578072,0.46694749062356,,False,False,True
310,3,42,2025-10-07,Vektorrechnung: Ablatt,1,kognition,2.1149148429999,1,2.9207356266883,0.72410100478276,0.0,0.17470319108147,0.116754695985,0.4966933615981,0.39847706619926,0.16133739667791,-1.2990759437176997,False,False,True
312,3,42,2025-10-07,Vektorrechnung: Ablatt,1,motivation,1.7887542255783,1,3.6925617798486,0.37799176392,0.29900821245121,0.11519354329811,0.48441962193939,0.33975715054035,0.47906625432386,0.41813822966906,1.2716102161816,False,True,True
304,3,42,2025-10-21,Differenzialrechnung: VorbLK,1,performanz,1.5072340371522,1,3.0906410220045,0.46922370585666,0.077011763893507,0.23510808419298,0.4219273012279,0.34983980019771,0.48767525884388,0.42470969885431,-0.6019207578440997,False,True,True
305,3,42,2025-10-21,Differenzialrechnung: VorbLK,1,kognition,2.011929137674,1,4.1616133039273,0.48344816210909,0.20080164681871,0.27099058310345,0.38581826094179,0.38712272450863,0.43259694091758,0.4082352552731,1.0709722819228,False,True,True
306,3,42,2025-10-21,Differenzialrechnung: VorbLK,1,motivation,0.69981913800531,1,1.3025838667872,0.36115172343753,0.5163664375442,0.47059949911277,0.53725044762523,0.18827947253543,0.22451528516508,0.083436058304641,-2.8590294371401,False,True,True
307,3,42,2025-10-21,Differenzialrechnung: VorbLK,1,kognition,1.7575648543691,1,2.8941916929599,0.60727103388972,0.028928445867643,0.10674965943156,0.29884034758578,0.44607402462506,0.44638581037106,0.36253931618783,1.5916078261726998,False,True,True
308,3,42,2025-10-21,Differenzialrechnung: VorbLK,1,kognition,2.1107934644134,1,3.6856067041269,0.5727110640805,0.23541902145029,0.25560735813441,0.39136333009483,0.38505679553671,0.38612816516834,0.31734905313491,0.791415011167,False,False,True
299,3,42,2025-11-04,Differenzialrechnung: komplÜ,1,motivation,1.7470306227058,1,3.6941165863736,0.35861772438682,0.24073354711313,0.23271670472127,0.47292115791323,0.38161039047148,0.41343649431098,0.4680465381299,0.00850988224670024,False,True,True
300,3,42,2025-11-04,Differenzialrechnung: komplÜ,1,kognition,2.0948512713766,1,3.7884548804964,0.55295517774528,0.034880927385185,0.1206814926599,0.33155772300408,0.47446783761412,0.46013366953007,0.36287924164045,0.09433829412279993,False,True,True
301,3,42,2025-11-04,Differenzialrechnung: komplÜ,1,regulation,1.8273956846978,1,3.5207315255485,0.37132751512027,0.24240421836388,0.29100684058051,0.44055652320458,0.34593149871983,0.36811300371858,0.51903716062007,-0.2677233549479001,False,True,True
302,3,42,2025-11-04,Differenzialrechnung: komplÜ,1,kognition,2.2147698359634,1,4.5051999610504,0.49160191314302,0.062345305630295,0.07325617380748,0.40938129345955,0.38284523733197,0.45825543665079,0.47424482196104,0.9844684355019004,False,True,True
303,3,42,2025-11-04,Differenzialrechnung: komplÜ,1,methodik,2.0534298272575,1,3.8995392280503,0.51572033646035,0.023111379596837,0.14713864022183,0.29720121974227,0.52658133214136,0.45873431996406,0.3684967432254,-0.6056607330001005,False,True,True
995,3,42,2025-11-11,Differenzialrechnung: Üb,1,kognition,2.0164952679339,1,3.535433115609,0.57036563791144,0.033016511423778,0.12199100767119,0.31734595650186,0.47925212650319,0.45533452674429,0.3478288343536,-0.36410611244129987,False,True,True
996,3,42,2025-11-11,Differenzialrechnung: Üb,1,methodik,1.3071304723696,1,2.3428052989296,0.51447576205092,0.042683689169047,0.09160513239389,0.31116409404235,0.55793150786012,0.39453333050523,0.40165351508073,-1.1926278166794,False,True,True
997,3,42,2025-11-11,Differenzialrechnung: Üb,1,regulation,1.8319677065092,1,3.9096314098023,0.46255600050836,0.047647478235413,0.088401420546268,0.37849837337598,0.46503960928608,0.44369421491831,0.46857691396354,1.5668261108727002,False,True,True
998,3,42,2025-11-11,Differenzialrechnung: Üb,1,performanz,-0.525,-1,0.84545051969349,-0.3775457192439,0.0,0.0,-0.36264259874743,-0.29868337328341,-0.62096335401957,-0.50111742669379,-3.06418089010881,True,True,True
999,3,42,2025-11-11,Differenzialrechnung: Üb,1,kognition,1.7353345284312,1,2.9900649591247,0.58036489123308,0.10643085034257,0.28652846723075,0.23051807041907,0.42718416964422,0.47692739623724,0.32658716896938,2.14461443943121,True,True,True
990,0,42,2025-11-28,Vektorrechnung: Üb,1,performanz,1.0546278376074,1,2.0383290573272,0.42436159039773,0.070587328205849,0.083951372778933,0.46633964595264,0.35371936646566,0.5173956873447,0.44450947338743,-0.9517359017975,False,True,True
991,0,42,2025-11-28,Vektorrechnung: Üb,1,kognition,2.011929137674,1,4.1616133039273,0.48344816210909,0.20080164681871,0.27099058310345,0.38581826094179,0.38712272450863,0.43259694091758,0.4082352552731,2.1232842466001003,False,True,True
992,0,42,2025-11-28,Vektorrechnung: Üb,1,kognition,1.6888048282246,1,2.9577030053811,0.57098333244371,0.12918868316988,0.18093008063565,0.24439236341089,0.45122094503958,0.30452175143757,0.51815479977421,-1.2039102985462002,False,False,True
993,0,42,2025-11-28,Vektorrechnung: Üb,1,kognition,1.7197401550854,1,2.6745080662689,0.64300936186405,0.0086656749691408,0.11409784127781,0.22665812140119,0.51583615204378,0.42030259628855,0.28164331889844,-0.28319493911219995,False,False,True
985,0,42,2025-12-05,Vektorrechnung: PyrAufg,1,kognition,1.7348832013882,1,3.586103254132,0.48377814041128,0.21624124958158,0.25466237068262,0.40759703466828,0.38794169160328,0.41830305549323,0.40339606808647,1.1242422943324,False,False,True
986,0,42,2025-12-05,Vektorrechnung: PyrAufg,1,performanz,1.6348496052309,1,2.5891291552071,0.50370779347505,0.0,0.19345833502926,0.30327613977023,0.35909799288386,0.6314259324158,0.29869401277169,-0.9969740989249001,False,True,True
988,0,42,2025-12-05,Vektorrechnung: PyrAufg,1,regulation,1.9449987244184,1,3.8214492248625,0.4744640681703,-0.034227517275499,0.028363956548983,0.33962254037949,0.48124977980893,0.4085459507913,0.50896754615728,2.1556803900584,False,True,True
989,0,42,2025-12-05,Vektorrechnung: PyrAufg,1,performanz,1.5399390735643,1,2.5074879048464,0.37305328524839,0.028718278910358,0.13735554249582,0.41621030612412,0.36013603341378,0.61413374287892,0.40130132079964,-1.3139613200161002,False,True,True
981,3,42,2025-12-09,Vektorrechnung: Üb,1,kognition,1.7270891589061,1,2.4355446384929,0.70911534137244,0.0,0.1466233937092,0.15159418217587,0.47510097442793,0.42786103617929,0.2094803168081,-0.07194326635349979,False,True,True
982,3,42,2025-12-09,Vektorrechnung: Üb,1,kognition,1.6572392084879,1,2.7485111833519,0.6029566803145,0.036207071392921,0.095577072626153,0.31056895785456,0.39725124495274,0.44300457099163,0.41889778835364,0.312966544859,False,False,True
984,3,42,2025-12-09,Vektorrechnung: Üb,1,performanz,1.6229270452087,1,3.4989761103282,0.39913283762435,0.20574122243346,0.31304974465119,0.41790252261595,0.33606865075675,0.46382780440831,0.44456358396692,2.0027843243647,False,True,True
977,3,42,2025-12-16,Analytische Geometrie: Umgang mit Ebenen in verschiedenen Formen,18,performanz,1.8608741963844,1,3.0556171049096,0.55550638970887,0.0,0.29078875442313,0.25128473348535,0.3845063379814,0.60899911294624,0.15804728787018,1.3296370934378998,False,False,True
978,3,42,2025-12-16,Analytische Geometrie: Umgang mit Ebenen in verschiedenen Formen,18,performanz,1.5619583131048,1,2.7800794322758,0.4828625632128,0.016496962767111,0.21435825162725,0.32723127590326,0.36859184201213,0.56183743406635,0.40250886323243,-0.27553767263380013,False,False,True
979,3,42,2025-12-16,Analytische Geometrie: Umgang mit Ebenen in verschiedenen Formen,18,regulation,1.0748847029185,1,2.1705909655679,0.41016065224904,0.049968981073429,0.032170610827381,0.39633397743253,0.46323979442207,0.45970750767414,0.49520143037311,-0.6094884667078997,False,True,True
980,3,42,2025-12-16,Analytische Geometrie: Umgang mit Ebenen in verschiedenen Formen,18,motivation,1.2459236375843,1,1.9935420942378,0.1924119840039,0.33536319260425,0.25723120973569,0.62497671427077,0.082253812699267,0.4466343056288,0.43299820303145,-0.17704887133010017,False,True,True
1278,1,43,2025-11-03,Algebra: Terme,1,regulation,1.7810357015046,1,3.5846603474751,0.44499407838611,0.049847783190915,0.036900952175072,0.39802316963037,0.42437609028194,0.46125148062342,0.49684783504823,,False,False,True
1279,1,43,2025-11-03,Algebra: Terme,1,motivation,1.2801121571725,1,2.2824880971967,0.18999154155255,0.33325634858939,0.30542652944911,0.56083821438656,0.18777796587472,0.51301237346844,0.38284139084722,-1.3021722502784003,False,True,True
1280,1,43,2025-11-03,Algebra: Terme,1,kognition,2.2737656651341,1,4.1458837301014,0.54843799989984,0.034286013102556,0.13553933049093,0.32831033288959,0.44885722494022,0.4471168507179,0.41290499410633,1.8633956329047003,False,True,True
1281,1,43,2025-11-03,Algebra: Terme,1,kognition,0.811,1,0.99141868047763,0.81801143740294,0.0,0.17853023972912,0.0,0.48515844807745,0.25216135554961,0.0,-3.15446504962377,False,False,True
1273,1,43,2025-11-10,Grundrechenarten: ÜbMulDiv,1,motivation,1.6401735572884,1,2.8880375884253,0.33503668365262,0.32038509609569,0.43729181778179,0.5679177738836,0.22979626349353,0.40213666852666,0.23837351162418,1.8966189079476696,False,True,True
1274,1,43,2025-11-10,Grundrechenarten: ÜbMulDiv,1,kognition,2.6141570382954,1,4.7509591241489,0.55023658752227,0.028850685378498,0.14019568932654,0.32455234762618,0.43486249286301,0.46220706888315,0.41069855875331,1.8629215357236002,False,True,True
1275,1,43,2025-11-10,Grundrechenarten: ÜbMulDiv,1,kognition,0.45160220709135,1,0.7559504857546,0.59738864081045,0.052912818531873,0.039684613898905,0.36343871056381,0.29323940926186,0.48794453536944,0.42726900609995,-3.9950086383943,False,False,True
1276,1,43,2025-11-10,Grundrechenarten: ÜbMulDiv,1,methodik,1.8245750082058,1,3.8704021062177,0.40318994894425,0.20550689788914,0.23592235832602,0.39283588990937,0.47141621050499,0.37683145523507,0.47009044645486,3.1144516204631,False,True,True
1277,1,43,2025-11-10,Grundrechenarten: ÜbMulDiv,1,kognition,1.9788076577981,1,3.9084723722527,0.50628542470759,0.047586876996102,0.076347252476498,0.38277239334217,0.41463234038027,0.45983069878252,0.45353895477639,0.03807026603500008,False,True,True
1268,1,43,2025-11-17,Grundrechenarten: schr Mul,1,kognition,1.919667488646,1,3.1988921097457,0.60010197961283,0.028359326892356,0.086449473354213,0.30337364378423,0.40429765756495,0.44207952411901,0.42504956153813,-0.709580262507,False,False,True
1269,1,43,2025-11-17,Grundrechenarten: schr Mul,1,kognition,2.6141570382954,1,4.7509591241489,0.55023658752227,0.028850685378498,0.14019568932654,0.32455234762618,0.43486249286301,0.46220706888315,0.41069855875331,1.5520670144032,False,False,True
1270,1,43,2025-11-17,Grundrechenarten: schr Mul,1,kognition,1.2999584535744,1,2.1790951612463,0.59655608948717,0.36482865266828,0.40980739984522,0.39460415496634,0.35073160358203,0.24677962783086,0.058688343660483,-2.5718639629026,False,False,True
1271,1,43,2025-11-17,Grundrechenarten: schr Mul,1,regulation,1.9449987244184,1,3.8214492248625,0.4744640681703,-0.034227517275499,0.028363956548983,0.33962254037949,0.48124977980893,0.4085459507913,0.50896754615728,1.6423540636162,False,True,True
1272,1,43,2025-11-17,Grundrechenarten: schr Mul,1,performanz,2.260374675858,1,4.5339414150742,0.4388648454313,0.049012142319769,0.093902205182241,0.41400029487602,0.39896667426924,0.49854408857202,0.46589329515275,0.7124921902117003,False,True,True
1265,1,43,2025-11-24,Grundrechenarten: schrAddSub,1,performanz,1.7623605672214,1,3.1844962872024,0.35830210771604,0.21987884155731,0.30560875784078,0.47619592143151,0.25159370964146,0.55341720451418,0.36542762457524,1.1461672298752,False,False,True
1266,1,43,2025-11-24,Grundrechenarten: schrAddSub,1,regulation,2.0107729389583,1,4.1826548987587,0.42262531457781,0.16192150458247,0.16866783506966,0.43524035966832,0.39405455354042,0.43691172839776,0.48073966899788,0.9981586115562999,False,True,True
1267,1,43,2025-11-24,Grundrechenarten: schrAddSub,1,motivation,1.1646065491769,1,2.3654242772316,0.32899178951382,0.42911044764118,0.0065736010195556,0.49234365139069,0.36822892694217,0.37707320345214,0.432894842167,-1.8172306215271,False,True,True
1259,1,43,2025-12-01,Brüche: gemBrüche,1,regulation,1.9959356940206,1,4.4551129975811,0.42712673188726,0.20932180483936,0.22463516220349,0.43490551633252,0.39802647975766,0.41833197494224,0.44800911110743,2.0896887203495003,False,True,True
1260,1,43,2025-12-01,Brüche: gemBrüche,1,kognition,1.6662193362077,1,3.0045876008173,0.55455656882455,0.13213083838315,0.2111204192588,0.25222496970111,0.43296993128715,0.41757439605066,0.45274848720097,-1.4505253967638003,False,True,True
1261,1,43,2025-12-01,Brüche: gemBrüche,1,kognition,1.8702221947077,1,3.8832180547468,0.4816153386669,0.25004110096737,0.12597543181763,0.39902106190031,0.41894612832276,0.48031524461567,0.35244113427872,0.8786304539295,False,False,True
1262,1,43,2025-12-01,Brüche: gemBrüche,1,kognition,1.7519315898945,1,3.1175897136971,0.56194885513923,0.023399089428499,0.14768244637608,0.32496967513102,0.37312830986398,0.53523422793824,0.36130837596045,-0.7656283410497,False,False,True
1263,1,43,2025-12-01,Brüche: gemBrüche,1,motivation,1.1890380162526,1,2.4979615897285,0.45322088579292,0.032025984734557,0.19487017010741,0.47600141696641,0.32757299551839,0.44325513016022,0.47458007600903,-0.6196281239685999,False,True,True
1254,1,43,2025-12-08,Brüche: KürzErw,1,regulation,2.1828699354367,1,4.0126552337059,0.40179603336931,0.13542865712738,0.11567470439179,0.39819341752848,0.40238936371688,0.436380128858,0.54399502781864,1.5146936439773997,False,True,True
1255,1,43,2025-12-08,Brüche: KürzErw,1,performanz,1.7655165425851,1,2.9398724507521,0.56855014888986,0.0,0.28719775025849,0.24098330966354,0.39075259553747,0.60053984203804,0.15117119147353,-1.0727827829537997,False,True,True
1256,1,43,2025-12-08,Brüche: KürzErw,1,motivation,1.2782388005983,1,2.726925290001,0.38912255341303,-0.36671203884696,0.35405227804109,0.46874555670068,0.33610681335805,0.35750598822114,0.35811290209975,-0.21294716075109976,False,True,True
1257,1,43,2025-12-08,Brüche: KürzErw,1,regulation,1.8319677065092,1,3.9096314098023,0.46255600050836,0.047647478235413,0.088401420546268,0.37849837337598,0.46503960928608,0.44369421491831,0.46857691396354,1.1827061198013,False,True,True
1258,1,43,2025-12-08,Brüche: KürzErw,1,motivation,1.3391291752914,1,2.9438340136339,0.39013065463861,0.34771163703153,0.063474612705181,0.45489134923233,0.38828321190919,0.42472073090344,0.4298618126599,-0.9657973961684001,False,True,True
1250,1,43,2025-12-15,Brüche: Kürzen und Erweitern,12,kognition,2.1928329711058,1,3.9028243912711,0.56185652560873,0.035514064351567,0.10716096158394,0.3336892807476,0.43935402011948,0.47241530936597,0.37948739649417,0.9589903776371997,False,True,True
1251,1,43,2025-12-15,Brüche: Kürzen und Erweitern,12,regulation,2.0584483248078,1,3.7903140793782,0.43782915236789,0.20100650117379,0.23487362217918,0.31187955950307,0.38918849396145,0.41116778334824,0.54307976882693,-0.11251031189289984,False,True,True
1252,1,43,2025-12-15,Brüche: Kürzen und Erweitern,12,kognition,1.7820560115872,1,3.4263674606991,0.52009915195497,0.057384238529672,0.01634967429508,0.32019729496019,0.47732956965011,0.41282654755967,0.47448412856735,-0.36394661867909983,False,True,True
1253,1,43,2025-12-15,Brüche: Kürzen und Erweitern,12,regulation,2.313833831872,1,4.9946265310618,0.41890779460302,0.17740135474721,0.18447467974737,0.43405868844984,0.40459236989813,0.43851444065215,0.46326370647438,1.5682590703627,False,True,True
1246,1,43,2026-01-05,Brüche: Brüche erweitern und kürzen,24,performanz,2.1524916087874,1,3.7834187822736,0.43529939562806,0.035551443866491,0.119184436252,0.4104201615304,0.35006848278279,0.56892616001453,0.42470070376623,-1.2112077487882003,False,True,True
1247,1,43,2026-01-05,Brüche: Brüche erweitern und kürzen,24,kognition,2.0025209823477,1,4.1753366045791,0.47960592784119,0.20384347683099,0.27356109825585,0.38796629419017,0.38566077691678,0.43325305356153,0.40819754744271,0.39191782230550043,False,True,True
1248,1,43,2026-01-05,Brüche: Brüche erweitern und kürzen,24,kognition,1.8346238946577,1,3.050519966414,0.60141153008057,0.25796034376092,0.36992244687776,0.36833268059845,0.37038652482427,0.38425337642634,0.12002358492601,-1.1248166381651004,False,False,True
1249,1,43,2026-01-05,Brüche: Brüche erweitern und kürzen,24,regulation,1.8319677065092,1,3.9096314098023,0.46255600050836,0.047647478235413,0.088401420546268,0.37849837337598,0.46503960928608,0.44369421491831,0.46857691396354,0.8591114433883003,False,True,True
1241,1,43,2026-01-12,Brüche: Kürz/Erw,1,kognition,2.0164952679339,1,3.535433115609,0.57036563791144,0.033016511423778,0.12199100767119,0.31734595650186,0.47925212650319,0.45533452674429,0.3478288343536,-0.3741982941933002,False,True,True
1242,1,43,2026-01-12,Brüche: Kürz/Erw,1,methodik,2.3478293915917,1,4.8610905793176,0.47994405849977,0.055198548943196,0.10402802334362,0.36838272977433,0.48298309267266,0.43924951826585,0.44029789265196,1.3256574637086,False,True,True
1243,1,43,2026-01-12,Brüche: Kürz/Erw,1,performanz,2.1258005341702,1,4.394137892334,0.44265694522037,0.05700232469907,0.052054882755001,0.41326966357026,0.42063172322444,0.4837799241757,0.46510797139994,-0.4669526869835998,False,True,True
1244,1,43,2026-01-12,Brüche: Kürz/Erw,1,kognition,1.7210596468562,1,3.2680013090368,0.52663821636637,0.059917132129427,0.10515379467749,0.32731466212845,0.43852952957493,0.41554212567743,0.48567519117027,-1.1261365832972001,False,True,True
1245,1,43,2026-01-12,Brüche: Kürz/Erw,1,kognition,1.8346726067272,1,3.2578547618,0.56315186199242,0.031352009134577,0.21853304168741,0.26739485678908,0.44746296860024,0.50787483501136,0.32319380690867,-0.010146547236800085,False,False,True
1236,1,43,2026-01-19,Grundrechenarten: Kürzen,1,kognition,2.0164952679339,1,3.535433115609,0.57036563791144,0.033016511423778,0.12199100767119,0.31734595650186,0.47925212650319,0.45533452674429,0.3478288343536,0.277578353809,False,False,True
1237,1,43,2026-01-19,Grundrechenarten: Kürzen,1,kognition,2.0772518399554,1,3.5046583852388,0.59270995472911,0.037629046859325,0.10166548436159,0.31605277833603,0.40263592842087,0.44426987951362,0.42137466894537,-0.030774730370199954,False,False,True
1238,1,43,2026-01-19,Grundrechenarten: Kürzen,1,kognition,1.8346726067272,1,3.2578547618,0.56315186199242,0.031352009134577,0.21853304168741,0.26739485678908,0.44746296860024,0.50787483501136,0.32319380690867,-0.24680362343880002,False,False,True
1239,1,43,2026-01-19,Grundrechenarten: Kürzen,1,kognition,1.6913255113697,1,3.0923204142165,0.54694204202568,0.033702613173997,0.069128336892211,0.35004346753927,0.39276732926288,0.46970276956744,0.44442777379716,-0.16553434758349983,False,False,True
1240,1,43,2026-01-19,Grundrechenarten: Kürzen,1,regulation,1.9611829425497,1,4.1066196583502,0.45479888547485,0.19603031562825,0.22223033496086,0.40278440644117,0.38328801363239,0.41003110509019,0.47756508516951,1.0142992441337002,False,True,True
1232,1,43,2026-01-26,Brüche: Umwandlung Dezimalzahlen und Brüche,12,kognition,1.919667488646,1,3.1988921097457,0.60010197961283,0.028359326892356,0.086449473354213,0.30337364378423,0.40429765756495,0.44207952411901,0.42504956153813,-0.9077275486045004,False,True,True
1233,1,43,2026-01-26,Brüche: Umwandlung Dezimalzahlen und Brüche,12,methodik,2.1410505413095,1,4.7299790770357,0.44419334632973,0.193543274998,0.0710246340135,0.41578844647734,0.45265443670988,0.44516430395875,0.42922862904441,1.5310869672899998,False,True,True
1234,1,43,2026-01-26,Brüche: Umwandlung Dezimalzahlen und Brüche,12,kognition,1.7820560115872,1,3.4263674606991,0.52009915195497,0.057384238529672,0.01634967429508,0.32019729496019,0.47732956965011,0.41282654755967,0.47448412856735,-1.3036116163365996,False,True,True
1235,1,43,2026-01-26,Brüche: Umwandlung Dezimalzahlen und Brüche,12,kognition,1.7468429863796,1,4.0578127668032,0.43048774842273,0.28241639133245,0.31314652429469,0.41780346808517,0.36786569284546,0.40358753700582,0.40507752344252,0.6314453061040997,False,False,True
1919,4,45,2025-11-11,Newtonsche Gesetze: F=m*a,1,kognition,2.200270088071,1,4.1990309356057,0.52399348370573,0.021963229774419,0.18362881266575,0.31281566223708,0.46688529305889,0.50392461571568,0.34849477471601,,False,False,True
1920,4,45,2025-11-11,Newtonsche Gesetze: F=m*a,1,kognition,2.2147698359634,1,4.5051999610504,0.49160191314302,0.062345305630295,0.07325617380748,0.40938129345955,0.38284523733197,0.45825543665079,0.47424482196104,0.30616902544470026,False,False,True
1921,4,45,2025-11-11,Newtonsche Gesetze: F=m*a,1,kognition,1.6881957465781,1,2.7162244829902,0.62152062244629,0.092568161492674,0.27751697626973,0.20186313025228,0.44437859735167,0.45550285429934,0.28708240053792,-1.7889754780602005,False,False,True
1922,4,45,2025-11-11,Newtonsche Gesetze: F=m*a,1,kognition,1.9186500042458,1,3.5114257840699,0.546400424849,0.034306655982624,0.075273635629904,0.34928893148376,0.40299433472953,0.46783247946552,0.43740529588404,0.7952013010797003,False,False,True
1914,4,45,2025-11-18,Energieaufnahme und -abgabe: kin/potE Arb,1,kognition,2.5299323006465,1,4.4248015064122,0.57176046866182,0.052169000706233,0.13681307367429,0.33444133727735,0.45024896048661,0.45411408885347,0.36173372051404,0.9133757223422996,False,False,True
1915,4,45,2025-11-18,Energieaufnahme und -abgabe: kin/potE Arb,1,kognition,1.7594039781414,1,2.5582570097871,0.68773273915917,-0.020289100415568,0.11334436936152,0.13487771053507,0.48433041977542,0.44738733935134,0.24664526007838,-1.8665444966251,False,False,True
1916,4,45,2025-11-18,Energieaufnahme und -abgabe: kin/potE Arb,1,motivation,1.8221612265061,1,3.8471321766507,0.44931392700607,0.17701400363727,0.32602070668933,0.47364020949505,0.33648039015515,0.45262291343093,0.34360840341141,1.2888751668636003,False,True,True
1917,4,45,2025-11-18,Energieaufnahme und -abgabe: kin/potE Arb,1,kognition,2.1618147661197,1,3.4205843904462,0.63199974020822,0.020464279598748,0.16954941851328,0.24201836080613,0.48963150677988,0.45771258717943,0.2521744981739,-0.42654778620449996,False,True,True
1918,4,45,2025-11-18,Energieaufnahme und -abgabe: kin/potE Arb,1,methodik,1.8245750082058,1,3.8704021062177,0.40318994894425,0.20550689788914,0.23592235832602,0.39283588990937,0.47141621050499,0.37683145523507,0.47009044645486,0.44981771577149976,False,True,True
1909,4,45,2025-11-25,Weitere Themen: KepplGes,1,performanz,1.988922705534,1,4.1345309576921,0.35129292884059,0.21311434101394,0.27236711854315,0.45754424948293,0.35979991748407,0.48105042999603,0.43217430996179,0.2641288514743998,False,True,True
1910,4,45,2025-11-25,Weitere Themen: KepplGes,1,performanz,-1.4552652158942,-1,2.4366088452089,-0.21141108626145,-0.15707180025819,-0.29598138611071,-0.37273403427469,-0.25021502605258,-0.59724778816174,-0.53364545639735,-1.6979221124831998,True,False,True
1911,4,45,2025-11-25,Weitere Themen: KepplGes,1,kognition,2.1505046567471,1,3.4817423048328,0.61765009927963,0.2872117004452,0.15603886664661,0.2872117004452,0.50103511698974,0.35272549844014,0.23177984225927,1.0451334596239001,True,True,True
1912,4,45,2025-11-25,Weitere Themen: KepplGes,1,performanz,-1.8674785612985,-1,2.1129969924978,-0.23666123224212,0.09973348232948,-0.23115913641968,-0.28495457071789,-0.12530584779423,-0.88380141094134,0.050941979720327,-1.3687453123350002,True,True,True
1913,4,45,2025-11-25,Weitere Themen: KepplGes,1,methodik,2.0534298272575,1,3.8995392280503,0.51572033646035,0.023111379596837,0.14713864022183,0.29720121974227,0.52658133214136,0.45873431996406,0.3684967432254,1.7865422355525,True,True,True
1904,4,45,2025-12-02,Weitere Themen: Himmelsmech,1,performanz,1.5752921706211,1,3.3390173794307,0.4453971633637,0.10840822376021,0.24513638282625,0.41734687449694,0.34808714570617,0.47178174708159,0.46027176364271,-0.5605218486196,False,True,True
1905,4,45,2025-12-02,Weitere Themen: Himmelsmech,1,methodik,1.3071304723696,1,2.3428052989296,0.51447576205092,0.042683689169047,0.09160513239389,0.31116409404235,0.55793150786012,0.39453333050523,0.40165351508073,-0.9962120805010999,False,True,True
1906,4,45,2025-12-02,Weitere Themen: Himmelsmech,1,kognition,2.2688988134381,1,4.362368859302,0.52010586118627,0.19744656419101,0.27327195712571,0.37284289932841,0.46304826268623,0.41077008263379,0.30604741185795,2.0195635603724003,False,True,True
1907,4,45,2025-12-02,Weitere Themen: Himmelsmech,1,regulation,1.9611829425497,1,4.1066196583502,0.45479888547485,0.19603031562825,0.22223033496086,0.40278440644117,0.38328801363239,0.41003110509019,0.47756508516951,-0.25574920095179987,False,True,True
1908,4,45,2025-12-02,Weitere Themen: Himmelsmech,1,performanz,2.061049496361,1,4.1805161786248,0.49006663241819,0.040531893031969,0.13003042817653,0.36777609699608,0.43194466879972,0.49301198181686,0.41997963815352,0.07389652027459981,False,True,True
1899,4,45,2025-12-09,Magnetisches Feld: Üb,1,kognition,2.0164952679339,1,3.535433115609,0.57036563791144,0.033016511423778,0.12199100767119,0.31734595650186,0.47925212650319,0.45533452674429,0.3478288343536,-0.6450830630158002,False,True,True
1900,4,45,2025-12-09,Magnetisches Feld: Üb,1,kognition,2.011929137674,1,4.1616133039273,0.48344816210909,0.20080164681871,0.27099058310345,0.38581826094179,0.38712272450863,0.43259694091758,0.4082352552731,0.6261801883183002,False,False,True
1901,4,45,2025-12-09,Magnetisches Feld: Üb,1,kognition,1.6160311204744,1,2.912978125167,0.55476749339021,0.020477083484949,0.061832185488812,0.32328979936683,0.45084126492932,0.47490923951655,0.3932819676275,-1.2486351787603,False,False,True
1902,4,45,2025-12-09,Magnetisches Feld: Üb,1,motivation,1.1703145985009,1,2.4432470610431,0.44437182473032,0.24030060576985,0.041446093194493,0.47899773509764,0.34897610469763,0.45089482456345,0.43420506806927,-0.4697310641239003,False,True,True
1903,4,45,2025-12-09,Magnetisches Feld: Üb,1,performanz,1.1345478518331,1,1.6788805596284,0.50660964555951,0.0,0.27857362495465,0.26088657029374,0.33960180647693,0.67577236963213,0.16022485709821,-0.7643665014146999,False,True,True
1894,0,45,2026-01-05,Weitere Themen: Elektromagnetismus,26,performanz,1.5752921706211,1,3.3390173794307,0.4453971633637,0.10840822376021,0.24513638282625,0.41734687449694,0.34808714570617,0.47178174708159,0.46027176364271,1.6601368198022999,False,False,True
1895,0,45,2026-01-05,Weitere Themen: Elektromagnetismus,26,kognition,2.3459293201978,1,3.9453024964552,0.59461178862399,0.17052830396184,0.30842106960146,0.27913815177287,0.45862360065479,0.4018311838535,0.26926989756156,0.6062851170245,False,True,True
1896,0,45,2026-01-05,Weitere Themen: Elektromagnetismus,26,kognition,2.3317185870149,1,3.9472334029979,0.59072075090275,0.036035643093624,0.11051648660271,0.31723657760352,0.43648255743814,0.44637104913987,0.38357304861061,0.001930906542700228,False,False,True
1897,0,45,2026-01-05,Weitere Themen: Elektromagnetismus,26,performanz,1.9659302386016,1,3.702637071267,0.47017325437901,0.18259732730411,0.27316223778375,0.42473426924758,0.31688346369353,0.5309526403036,0.32900954691659,-0.24459633173090012,False,True,True
1898,0,45,2026-01-05,Weitere Themen: Elektromagnetismus,26,motivation,0.85188551646247,1,1.5890209998845,0.33406255970934,0.45645506608696,0.46047891028742,0.53610377426518,0.18684581263477,0.36274856741847,0.11871153327529,-2.1136160713825003,False,True,True
1888,0,45,2026-01-12,Elektrisches Feld: Allg. zum elekt. Feld,26,performanz,0.874,1,1.7259800114717,0.41135811637437,0.040556434008741,0.034762657721778,0.4223662913196,0.41773127029003,0.50637604748057,0.46755774635791,0.13695901158720014,False,True,True
1889,0,45,2026-01-12,Elektrisches Feld: Allg. zum elekt. Feld,26,kognition,1.8706043338075,1,3.4522478891995,0.54184953553435,0.028966549779741,0.10377305345183,0.30141773302564,0.50406736303315,0.44719022762149,0.38713011245978,1.7262678777278,False,True,True
1890,0,45,2026-01-12,Elektrisches Feld: Allg. zum elekt. Feld,26,performanz,1.852974407335,1,3.5644284781675,0.35515845646034,0.13454313858654,0.20570055737495,0.42417701379472,0.33869124586579,0.51985029863319,0.49855797289642,0.1121805889680001,False,True,True
1891,0,45,2026-01-12,Elektrisches Feld: Allg. zum elekt. Feld,26,performanz,2.3969338314309,1,4.8647814867475,0.43636742711202,0.05887908540611,0.11008583245671,0.41821687591632,0.41539574353306,0.49271049703992,0.45141013196524,1.3003530085799997,False,False,True
1892,0,45,2026-01-12,Elektrisches Feld: Allg. zum elekt. Feld,26,performanz,1.7816761805797,1,3.5517580419398,0.42323574484856,0.16129366203002,0.30455667553456,0.39291713687201,0.3511092726904,0.50163078206162,0.4156926989252,-1.3130234448076998,False,False,True
1893,0,45,2026-01-12,Elektrisches Feld: Allg. zum elekt. Feld,26,kognition,0.811,1,0.99141868047763,0.81801143740294,0.0,0.17853023972912,0.0,0.48515844807745,0.25216135554961,0.0,-2.56033936146217,False,True,True
1882,0,45,2026-01-19,Elektrische Feldstärke: Allgemeine Aufgaben,26,kognition,1.919667488646,1,3.1988921097457,0.60010197961283,0.028359326892356,0.086449473354213,0.30337364378423,0.40429765756495,0.44207952411901,0.42504956153813,2.2074734292680698,False,False,True
1883,0,45,2026-01-19,Elektrische Feldstärke: Allgemeine Aufgaben,26,performanz,2.3238211125165,1,4.8604079848911,0.47652082017042,0.045968410589216,0.15904505569559,0.36906918169985,0.45571026315801,0.47811137226062,0.41598194606199,1.6615158751453998,False,True,True
1884,0,45,2026-01-19,Elektrische Feldstärke: Allgemeine Aufgaben,26,performanz,1.8125938090566,1,3.4721038792412,0.39217224110269,0.21769801896299,0.29717024810151,0.46920701499411,0.33079089078195,0.52204330620997,0.32921959148461,-1.3883041056498997,False,False,True
1885,0,45,2026-01-19,Elektrische Feldstärke: Allgemeine Aufgaben,26,motivation,1.6437267601139,1,3.7096153046958,0.4341068845271,0.42973150642752,0.049903116246422,0.44309778619237,0.30202982519532,0.41974939035986,0.40079810211902,0.23751142545460002,False,True,True
1886,0,45,2026-01-19,Elektrische Feldstärke: Allgemeine Aufgaben,26,kognition,1.4758361358457,1,2.8006523873511,0.52695967300848,0.28386141920944,0.3913078160065,0.35705838894269,0.40277514975236,0.34038294450806,0.28814611987675,-0.9089629173447,False,True,True
1887,0,45,2026-01-19,Elektrische Feldstärke: Allgemeine Aufgaben,26,performanz,1.6509653848614,1,3.2190638023281,0.37193777926997,0.04491963392026,0.11783395726961,0.40817317442143,0.45057988890129,0.51286969055116,0.46161733536685,0.4184114149770002,False,True,True
1877,0,45,2026-01-26,Weitere Themen: Elektromagnetismus,26,regulation,1.8479915181834,1,4.0789242581081,0.42043389351725,0.32285885538557,0.14942820404965,0.40847577548243,0.41016540084089,0.39536647425586,0.45305744129363,0.8598604557799998,False,True,True
1878,0,45,2026-01-26,Weitere Themen: Elektromagnetismus,26,methodik,2.1410505413095,1,4.7299790770357,0.44419334632973,0.193543274998,0.0710246340135,0.41578844647734,0.45265443670988,0.44516430395875,0.42922862904441,0.6510548189275998,False,True,True
1879,0,45,2026-01-26,Weitere Themen: Elektromagnetismus,26,performanz,1.7349960417186,1,3.0088267944093,0.49568317504876,0.021792505626107,0.18265534692838,0.34599423350428,0.40517032831338,0.57663348339209,0.32260265823754,-1.7211522826263996,False,True,True
1880,0,45,2026-01-26,Weitere Themen: Elektromagnetismus,26,kognition,2.17271425264,1,3.961007449354,0.54852428206151,0.028144193203567,0.15231775143531,0.32706755945492,0.43173643708193,0.46775918359501,0.40367694556994,0.9521806549447001,False,True,True
1881,0,45,2026-01-26,Weitere Themen: Elektromagnetismus,26,performanz,1.2945417374836,1,2.2888856549031,0.21945057193054,0.18392997448974,0.30161300890777,0.37123476885487,0.26169585814646,0.56557481539648,0.54850452907291,-1.6721217944509004,False,True,True
2058,0,47,2025-10-30,Analysis: Übungen zum Ableiten,18,kognition,2.1266007185707,1,4.2434364120772,0.50114942244074,0.11396715072385,0.17824852421908,0.34183623305069,0.44985360536929,0.43478865646368,0.44251784498799,,False,False,True
2059,0,47,2025-10-30,Analysis: Übungen zum Ableiten,18,kognition,2.1118789605959,1,3.9754603937968,0.53122744012662,0.022266357176725,0.15845702965771,0.31305095472288,0.4683200092299,0.49369494887372,0.36211699940813,-0.26797601828039985,False,False,True
2060,0,47,2025-10-30,Analysis: Übungen zum Ableiten,18,performanz,2.0864958050995,1,3.9909291971125,0.50686404877188,0.033885703813723,0.13418955811809,0.37059932669004,0.40085263899891,0.52280821682502,0.39060672750351,0.015468803315699997,False,True,True
2061,0,47,2025-10-30,Analysis: Übungen zum Ableiten,18,regulation,2.3556487699433,1,4.8061660753965,0.41195645886382,0.11739574529303,0.15525898219208,0.4125302752567,0.39087145664052,0.47876083040477,0.49012951939113,0.8152368782839998,False,True,True
2062,0,47,2025-10-30,Analysis: Übungen zum Ableiten,18,kognition,1.4806866264604,1,2.2570557601137,0.65602281184123,0.035444248640753,0.12368329503102,0.25874301507749,0.43227934710977,0.41402942500553,0.35754385816359,-2.5491103152828,False,True,True
2053,0,47,2025-11-03,Schreiben: Bildanalyse,21,kognition,1.919667488646,1,3.1988921097457,0.60010197961283,0.028359326892356,0.086449473354213,0.30337364378423,0.40429765756495,0.44207952411901,0.42504956153813,0.9418363496320001,False,False,True
2054,0,47,2025-11-03,Schreiben: Bildanalyse,21,performanz,-1.4552652158942,-1,2.4366088452089,-0.21141108626145,-0.15707180025819,-0.29598138611071,-0.37273403427469,-0.25021502605258,-0.59724778816174,-0.53364545639735,-0.7622832645368001,True,True,True
2055,0,47,2025-11-03,Schreiben: Bildanalyse,21,performanz,1.7011124840356,1,3.5863224441572,0.44140928068148,0.05461982512367,0.046057928264602,0.44525025198419,0.40530347089364,0.47433206779451,0.46101844996376,1.1497135989483,True,False,True
2056,0,47,2025-11-03,Schreiben: Bildanalyse,21,regulation,1.6521674795534,1,3.5054604059233,0.41704868780184,0.057308012801041,0.04481777131057,0.43363810755397,0.44022910936058,0.4656113369475,0.47131120455665,-0.08086203823389981,False,True,True
2057,0,47,2025-11-03,Schreiben: Bildanalyse,21,performanz,1.8144280300528,1,3.648548811648,0.38885845163842,0.19199426251791,0.31575625939891,0.41583833205431,0.32791525199639,0.49729992682597,0.42949116716453,0.14308840572469972,False,True,True
2048,0,47,2025-11-06,Analysis: Verhalten im Unendlichen von Funktionen,18,kognition,2.4410982889583,1,4.2776947265947,0.57065609830007,0.061680906507123,0.098417161158226,0.35536178558859,0.45537212052641,0.40162071683407,0.40732235788888,0.6291459149467005,False,True,True
2049,0,47,2025-11-06,Analysis: Verhalten im Unendlichen von Funktionen,18,performanz,-1.4552652158942,-1,2.4366088452089,-0.21141108626145,-0.15707180025819,-0.29598138611071,-0.37273403427469,-0.25021502605258,-0.59724778816174,-0.53364545639735,-1.8410858813858004,True,True,True
2050,0,47,2025-11-06,Analysis: Verhalten im Unendlichen von Funktionen,18,kognition,2.0635169573234,1,3.5459767256588,0.5819302543892,0.025556217949941,0.16336965941252,0.27651007972838,0.44722713027514,0.40033995329892,0.44414723291951,1.1093678804499003,True,True,True
2051,0,47,2025-11-06,Analysis: Verhalten im Unendlichen von Funktionen,18,kognition,1.8941985677148,1,3.5717878102127,0.5303207707611,0.0025796929428273,0.21368847062502,0.26998418773395,0.48896612273076,0.52657343227264,0.289527119649,0.02581108455389991,False,False,True
2052,0,47,2025-11-06,Analysis: Verhalten im Unendlichen von Funktionen,18,regulation,-0.74858726918585,-1,0.96264977534088,0.021349624177684,-0.41239907407518,-0.085695451404158,-0.093673302237096,-0.18182046073475,0.41901596751576,-0.77762392110003,-2.60913803487182,True,True,True
2044,0,47,2025-11-10,Umgang mit Texten: Diskussion schreiben,21,kognition,2.1684041030201,1,3.7011651508002,0.58586908607967,0.031850875719515,0.1133674869774,0.31201643281213,0.45610778016662,0.4616490767318,0.35267111220798,2.73851537545932,True,True,True
2045,0,47,2025-11-10,Umgang mit Texten: Diskussion schreiben,21,kognition,2.189211103481,1,4.4107099279058,0.49633872457652,0.020069114607285,0.21068322682328,0.37723372686767,0.44311697942076,0.47270261859914,0.38307628077188,0.7095447771056,False,False,True
2046,0,47,2025-11-10,Umgang mit Texten: Diskussion schreiben,21,kognition,1.9316956848234,1,3.8905038385904,0.49651428190865,0.053043559070364,0.10570725339821,0.35304187399171,0.46146449087851,0.44283837987998,0.45363742432729,-0.5202060893153999,False,False,True
2047,0,47,2025-11-10,Umgang mit Texten: Diskussion schreiben,21,kognition,2.509295155464,1,3.8411483190915,0.65326522548996,0.020984344791132,0.16805441832496,0.2240481499757,0.47451664831199,0.42970909557727,0.29076309654101,-0.04935551949890016,False,False,True
2039,0,47,2025-11-13,Analysis: Waagerechter Asymptoten,23,kognition,2.4410982889583,1,4.2776947265947,0.57065609830007,0.061680906507123,0.098417161158226,0.35536178558859,0.45537212052641,0.40162071683407,0.40732235788888,0.4365464075032004,False,False,True
2040,0,47,2025-11-13,Analysis: Waagerechter Asymptoten,23,kognition,2.6228056368715,1,4.6361765459891,0.56572478498315,0.048988682338982,0.17044432813436,0.3147111289115,0.48920271513479,0.42441388016159,0.36056963398192,0.3584818193943997,False,False,True
2041,0,47,2025-11-13,Analysis: Waagerechter Asymptoten,23,kognition,2.0635169573234,1,3.5459767256588,0.5819302543892,0.025556217949941,0.16336965941252,0.27651007972838,0.44722713027514,0.40033995329892,0.44414723291951,-1.0901998203302998,False,False,True
2042,0,47,2025-11-13,Analysis: Waagerechter Asymptoten,23,performanz,2.2176844063113,1,4.4959941585393,0.375599256091,0.19102751887718,0.30355711105251,0.41043602931968,0.36850416155279,0.49325675157556,0.42746583907391,0.9500174328805002,False,True,True
2043,0,47,2025-11-13,Analysis: Waagerechter Asymptoten,23,kognition,2.4427137214532,1,4.7245662545224,0.51702281640921,0.0716425600792,0.12221998272692,0.39657422898699,0.39719402606343,0.45360297474682,0.43797593701499,0.22857209598309947,False,True,True
2034,0,47,2025-12-02,Differenzialrechnung: KorrLK,1,performanz,1.4253665391979,1,2.8935343055325,0.39737641086683,0.047325988210371,0.030414216433146,0.39703066566278,0.45471727313677,0.49260228587913,0.48152065627541,-1.8310319489898998,False,True,True
2035,0,47,2025-12-02,Differenzialrechnung: KorrLK,1,kognition,2.200270088071,1,4.1990309356057,0.52399348370573,0.021963229774419,0.18362881266575,0.31281566223708,0.46688529305889,0.50392461571568,0.34849477471601,1.3054966300732,False,True,True
2037,0,47,2025-12-02,Differenzialrechnung: KorrLK,1,performanz,2.260374675858,1,4.5339414150742,0.4388648454313,0.049012142319769,0.093902205182241,0.41400029487602,0.39896667426924,0.49854408857202,0.46589329515275,2.0672706962980003,False,True,True
2038,0,47,2025-12-02,Differenzialrechnung: KorrLK,1,regulation,1.6521674795534,1,3.5054604059233,0.41704868780184,0.057308012801041,0.04481777131057,0.43363810755397,0.44022910936058,0.4656113369475,0.47131120455665,-1.0284810091509002,False,True,True
2029,0,47,2025-12-04,Differenzialrechnung: Üb,1,performanz,2.1744618745086,1,4.4388621375364,0.46577705352531,0.21582431903798,0.15028280583915,0.40837051156953,0.4063458558203,0.48986810323295,0.37686600340078,0.9334017316131002,False,True,True
2030,0,47,2025-12-04,Differenzialrechnung: Üb,1,methodik,2.1410505413095,1,4.7299790770357,0.44419334632973,0.193543274998,0.0710246340135,0.41578844647734,0.45265443670988,0.44516430395875,0.42922862904441,0.2911169394992994,False,True,True
2031,0,47,2025-12-04,Differenzialrechnung: Üb,1,performanz,2.1602420544193,1,4.0730731755336,0.50793164389237,0.029806912452068,0.14201670599099,0.36940497938456,0.35646034890973,0.5303702284784,0.41967456397547,-0.6569059015020997,False,True,True
2032,0,47,2025-12-04,Differenzialrechnung: Üb,1,methodik,1.6923157810732,1,3.4333342274091,0.45560273520211,0.048083977176934,0.071709281313335,0.3792497481292,0.49290594504422,0.4472213857957,0.44516561249039,-0.6397389481245002,False,True,True
2033,0,47,2025-12-04,Differenzialrechnung: Üb,1,performanz,1.7185730315922,1,3.4752254188631,0.31877151424459,0.19146773728403,0.17310725067521,0.46890082280075,0.38408892483263,0.49451988842658,0.46883978948033,0.04189119145400033,False,True,True
2024,0,47,2025-12-09,Differenzialrechnung: Üb,1,kognition,2.5295856191585,1,3.8675391175028,0.65405390915676,0.016272106661563,0.18083399813396,0.2003135630572,0.48954619883787,0.43227188681286,0.26944871104439,0.3923136986397,False,True,True
2025,0,47,2025-12-09,Differenzialrechnung: Üb,1,performanz,1.7655165425851,1,2.9398724507521,0.56855014888986,0.0,0.28719775025849,0.24098330966354,0.39075259553747,0.60053984203804,0.15117119147353,-0.9276666667507003,False,True,True
2026,0,47,2025-12-09,Differenzialrechnung: Üb,1,performanz,1.6232860077824,1,2.6936098309784,0.4050891182877,0.10651657305953,0.30870299490186,0.3289737167018,0.33165656026957,0.60264109623547,0.38452046861755,-0.24626261977370012,False,False,True
2027,0,47,2025-12-09,Differenzialrechnung: Üb,1,performanz,1.5606138560581,1,2.8459524909515,0.52114544924771,0.02366139640158,0.1639427316354,0.33703110291362,0.42388124724307,0.54836065514564,0.32710644765614,0.15234265997310015,False,False,True
2028,0,47,2025-12-09,Differenzialrechnung: Üb,1,kognition,2.0937472961032,1,3.79908591483,0.5511172507991,0.11131089761788,0.10944137314403,0.36503224718023,0.41527757291662,0.43089007792585,0.42488435847901,0.9531334238785001,False,True,True
2019,0,47,2025-12-11,Analysis: Ableitungsregeln,18,kognition,2.4163555556782,1,4.8603582361414,0.49715483236647,0.05455158373708,0.089907259755098,0.39074852793277,0.41967516285658,0.46598299116922,0.44251775629924,1.0612723213114004,False,False,True
2020,0,47,2025-12-11,Analysis: Ableitungsregeln,18,performanz,1.8608741963844,1,3.0556171049096,0.55550638970887,0.0,0.29078875442313,0.25128473348535,0.3845063379814,0.60899911294624,0.15804728787018,-1.8047411312318005,False,True,True
2021,0,47,2025-12-11,Analysis: Ableitungsregeln,18,performanz,1.7349960417186,1,3.0088267944093,0.49568317504876,0.021792505626107,0.18265534692838,0.34599423350428,0.40517032831338,0.57663348339209,0.32260265823754,-0.0467903105002998,False,False,True
2022,0,47,2025-12-11,Analysis: Ableitungsregeln,18,performanz,1.7623605672214,1,3.1844962872024,0.35830210771604,0.21987884155731,0.30560875784078,0.47619592143151,0.25159370964146,0.55341720451418,0.36542762457524,0.17566949279309974,False,False,True
2023,0,47,2025-12-11,Analysis: Ableitungsregeln,18,kognition,1.7353345284312,1,2.9900649591247,0.58036489123308,0.10643085034257,0.28652846723075,0.23051807041907,0.42718416964422,0.47692739623724,0.32658716896938,-0.19443132807769992,False,True,True
2014,0,47,2026-01-08,Analysis: Lösen von Extremwertproblemen,18,performanz,2.1744618745086,1,4.4388621375364,0.46577705352531,0.21582431903798,0.15028280583915,0.40837051156953,0.4063458558203,0.48986810323295,0.37686600340078,1.4487971784117004,False,True,True
2015,0,47,2026-01-08,Analysis: Lösen von Extremwertproblemen,18,kognition,1.8706043338075,1,3.4522478891995,0.54184953553435,0.028966549779741,0.10377305345183,0.30141773302564,0.50406736303315,0.44719022762149,0.38713011245978,-0.9866142483369003,False,True,True
2016,0,47,2026-01-08,Analysis: Lösen von Extremwertproblemen,18,regulation,2.5507887745069,1,5.0551648723269,0.38568540563395,0.14372256099515,0.13504874488232,0.41636045227922,0.45091607348817,0.42550729255688,0.50458962131469,1.6029169831274,False,True,True
2017,0,47,2026-01-08,Analysis: Lösen von Extremwertproblemen,18,performanz,1.171031134971,1,2.3554216638968,0.19785571730366,0.33095686675477,0.41928909416486,0.49146919269571,0.22256410971708,0.4971620076779,0.37048889297316,-2.6997432084301,False,True,True
2018,0,47,2026-01-08,Analysis: Lösen von Extremwertproblemen,18,motivation,1.8934141982597,1,3.6130190037089,0.39519609169617,0.022142086298747,0.27097533602843,0.52405175721425,0.30923960994252,0.43341160873097,0.4602082199323,1.2575973398120999,False,True,True
2009,0,47,2026-01-22,Analysis: Aufgaben zu Kurvenscharen,18,performanz,2.1744618745086,1,4.4388621375364,0.46577705352531,0.21582431903798,0.15028280583915,0.40837051156953,0.4063458558203,0.48986810323295,0.37686600340078,0.8258431338275005,False,True,True
2010,0,47,2026-01-22,Analysis: Aufgaben zu Kurvenscharen,18,performanz,1.8146533005108,1,2.9011619883243,0.48967516717457,0.0,0.17265110518826,0.31720137154232,0.35619597135299,0.62548973580807,0.33417546746929,-1.5377001492121005,False,False,True
2011,0,47,2026-01-22,Analysis: Aufgaben zu Kurvenscharen,18,regulation,1.6593102589405,1,3.445161991689,0.35697457681494,0.30867452774446,-0.051124322883014,0.44905706607895,0.45666641004076,0.36400878395462,0.48163350420338,0.5440000033647001,False,True,True
2012,0,47,2026-01-22,Analysis: Aufgaben zu Kurvenscharen,18,kognition,1.628635644424,1,3.1766681938078,0.51268512107983,0.22387537947476,0.28929848813247,0.40637796246605,0.35743108585166,0.47592781995218,0.2897007950665,-0.2684937978812001,False,True,True
2013,0,47,2026-01-22,Analysis: Aufgaben zu Kurvenscharen,18,performanz,1.7349960417186,1,3.0088267944093,0.49568317504876,0.021792505626107,0.18265534692838,0.34599423350428,0.40517032831338,0.57663348339209,0.32260265823754,-0.16784139939849974,False,True,True
2006,0,47,2026-01-29,Analysis: Übungen zur Ableitung,18,kognition,2.0025209823477,1,4.1753366045791,0.47960592784119,0.20384347683099,0.27356109825585,0.38796629419017,0.38566077691678,0.43325305356153,0.40819754744271,2.5649546623058006,False,True,True
2007,0,47,2026-01-29,Analysis: Übungen zur Ableitung,18,kognition,2.3210201415921,1,3.3989502526716,0.68286180745059,0.01826365831898,0.17566245392676,0.19020295592194,0.51264892743446,0.39897867265262,0.21055388947738,-0.7763863519075005,False,False,True
2008,0,47,2026-01-29,Analysis: Übungen zur Ableitung,18,kognition,1.7820560115872,1,3.4263674606991,0.52009915195497,0.057384238529672,0.01634967429508,0.32019729496019,0.47732956965011,0.41282654755967,0.47448412856735,0.02741720802750036,False,False,True
