id,gruppe_id,teilnehmer_id,datum,thema,lehrkraft_id,dominante_dimension,dominante_dimension_wert,polaritaet_gesamt,d_semantisch,x_kognition,x_sozial,x_affektiv,x_motivation,x_methodik,x_performanz,x_regulation,delta_d_semantisch,polaritaetswechsel,dominanzwechsel,kipppunkt_kandidat
823,3,2,2025-01-08,Gleichungssysteme:,14,performanz,1.9510897771911,1,3.8760917266977,0.43424935009182,0.2714361452646,0.16084112390584,0.43977827835666,0.35670810228745,0.50336392457206,0.37128701717181,,False,False,True
822,1,2,2025-01-13,weitere Themen: Gleichungssysteme,8,kognition,-0.58392,-1,0.71382144994389,-0.8180082287575,0.0,-0.17852953944522,0.0,-0.48515654504606,-0.25216036644806,0.0,-3.16227027675381,True,True,True
821,3,2,2025-01-15,Lineare Funktion/Gleichung:,14,regulation,2.4350733036945,1,4.5772987610381,0.38717652016471,0.18900611280864,0.17742183846571,0.40387260131044,0.40340916167313,0.41716291578991,0.53198799356114,3.86347731109421,True,True,True
820,3,2,2025-01-22,Lineare Funktion/Gleichung:,14,kognition,1.1133431751098,1,2.2331327512708,0.49855441371863,0.2685905419827,0.24152203424276,0.4601119378958,0.32213179244245,0.38234467361214,0.39912583453127,-2.3441660097673,False,True,True
766,1,2,2025-10-13,Trigonometrie: Satz des Pythagoras und Co-/Sinus,12,kognition,1.6517086769815,1,3.1105149252108,0.53100641103836,0.037516048702287,0.13871477916169,0.36888022758025,0.4065452396975,0.52667608483763,0.34443746200904,0.8773821739400001,False,False,True
767,1,2,2025-10-13,Trigonometrie: Satz des Pythagoras und Co-/Sinus,12,kognition,2.1688746734496,1,3.1172442691244,0.69576444081953,0.0,0.16369007378504,0.15193693723741,0.48658802563816,0.43032265210642,0.20995395265513,0.006729343913599806,False,False,True
768,1,2,2025-10-13,Trigonometrie: Satz des Pythagoras und Co-/Sinus,12,kognition,1.8941985677148,1,3.5717878102127,0.5303207707611,0.0025796929428273,0.21368847062502,0.26998418773395,0.48896612273076,0.52657343227264,0.289527119649,0.4545435410883001,False,False,True
769,1,2,2025-10-13,Trigonometrie: Satz des Pythagoras und Co-/Sinus,12,performanz,1.8144280300528,1,3.648548811648,0.38885845163842,0.19199426251791,0.31575625939891,0.41583833205431,0.32791525199639,0.49729992682597,0.42949116716453,0.07676100143529974,False,True,True
1341,1,3,2026-01-06,Gleichungen und Ungleichungen: Zuordnungen,19,kognition,1.9138365334644,1,3.2342344427424,0.59174146152093,0.038405650800278,0.099214849723068,0.31748586916428,0.39987967905516,0.44424680314885,0.42480704035474,,False,False,True
1342,1,3,2026-01-06,Gleichungen und Ungleichungen: Zuordnungen,19,methodik,2.3478293915917,1,4.8610905793176,0.47994405849977,0.055198548943196,0.10402802334362,0.36838272977433,0.48298309267266,0.43924951826585,0.44029789265196,1.6268561365752001,False,True,True
1343,1,3,2026-01-06,Gleichungen und Ungleichungen: Zuordnungen,19,kognition,1.1102486082864,1,1.9518307068104,0.56882132051685,0.32907483161997,0.24524610837736,0.4529016046312,0.34467320129384,0.23152682345413,0.36120909593686,-2.9092598725072003,False,True,True
1344,1,3,2026-01-06,Gleichungen und Ungleichungen: Zuordnungen,19,performanz,2.0419955009538,1,3.3071324215857,0.45520654008634,0.018738803433432,0.21117659791171,0.3576062310987,0.37479611705478,0.61745012480432,0.31342504302348,1.3553017147753,False,True,True
1345,1,3,2026-01-06,Gleichungen und Ungleichungen: Zuordnungen,19,kognition,2.0635169573234,1,3.5459767256588,0.5819302543892,0.025556217949941,0.16336965941252,0.27651007972838,0.44722713027514,0.40033995329892,0.44414723291951,0.2388443040731003,False,True,True
1336,1,3,2026-01-13,Geometrie: Flächeninhalt Sachaufgaben,19,kognition,2.1928329711058,1,3.9028243912711,0.56185652560873,0.035514064351567,0.10716096158394,0.3336892807476,0.43935402011948,0.47241530936597,0.37948739649417,0.35684766561229964,False,False,True
1337,1,3,2026-01-13,Geometrie: Flächeninhalt Sachaufgaben,19,kognition,2.0025209823477,1,4.1753366045791,0.47960592784119,0.20384347683099,0.27356109825585,0.38796629419017,0.38566077691678,0.43325305356153,0.40819754744271,0.27251221330800046,False,False,True
1338,1,3,2026-01-13,Geometrie: Flächeninhalt Sachaufgaben,19,regulation,1.7816850647611,1,3.7945306446695,0.383394548246,0.288480981131,-0.019772135789809,0.45100262381218,0.4258566687896,0.40517518881483,0.46953906456739,-0.3808059599096003,False,True,True
1339,1,3,2026-01-13,Geometrie: Flächeninhalt Sachaufgaben,19,sozial,1.5587443540156,1,2.8888755659315,0.37831587943523,0.53956597395126,0.029926290388881,0.46983040777715,0.25197936507438,0.39635197416013,0.35144565621995,-0.905655078738,False,True,True
1340,1,3,2026-01-13,Geometrie: Flächeninhalt Sachaufgaben,19,performanz,2.3369126707959,1,4.6528861597638,0.45163227136925,0.21250462012127,0.1734894590181,0.40952500747516,0.40519201492762,0.50224904888369,0.3696238348482,1.7640105938323,False,True,True
1332,1,3,2026-01-27,Algebra: Dreisatz,19,kognition,2.1266007185707,1,4.2434364120772,0.50114942244074,0.11396715072385,0.17824852421908,0.34183623305069,0.44985360536929,0.43478865646368,0.44251784498799,-0.40944974768660014,False,True,True
1333,1,3,2026-01-27,Algebra: Dreisatz,19,kognition,1.8706043338075,1,3.4522478891995,0.54184953553435,0.028966549779741,0.10377305345183,0.30141773302564,0.50406736303315,0.44719022762149,0.38713011245978,-0.7911885228776998,False,False,True
1334,1,3,2026-01-27,Algebra: Dreisatz,19,regulation,1.6593102589405,1,3.445161991689,0.35697457681494,0.30867452774446,-0.051124322883014,0.44905706607895,0.45666641004076,0.36400878395462,0.48163350420338,-0.00708589751050015,False,True,True
1335,1,3,2026-01-27,Algebra: Dreisatz,19,performanz,1.6859498552702,1,2.8674352088813,0.41373391072764,0.1011662724033,0.30642597316211,0.28072842674595,0.37441986092981,0.5879623610761,0.39998420555291,-0.5777267828076997,False,True,True
729,0,4,2025-09-01,"Weitere Themen: Texproduktion, Vokabeln lernen",22,regulation,1.7810357015046,1,3.5846603474751,0.44499407838611,0.049847783190915,0.036900952175072,0.39802316963037,0.42437609028194,0.46125148062342,0.49684783504823,,False,False,True
730,0,4,2025-09-01,"Weitere Themen: Texproduktion, Vokabeln lernen",22,kognition,2.2430348647762,1,4.0951626757308,0.54772656549237,0.21051701906597,0.32274620042444,0.31662659543677,0.45281566211448,0.36797482837009,0.33287880879993,0.5105023282557002,False,True,True
731,0,4,2025-09-01,"Weitere Themen: Texproduktion, Vokabeln lernen",22,kognition,1.8941985677148,1,3.5717878102127,0.5303207707611,0.0025796929428273,0.21368847062502,0.26998418773395,0.48896612273076,0.52657343227264,0.289527119649,-0.5233748655181003,False,False,True
732,0,4,2025-09-01,"Weitere Themen: Texproduktion, Vokabeln lernen",22,motivation,1.8151486855143,1,2.9587323352089,0.20418107569392,0.27982740008289,0.36160357600822,0.61348656958536,0.19574299446748,0.33674943419556,0.47027814781919,-0.6130554750038,False,True,True
733,0,4,2025-09-01,"Weitere Themen: Texproduktion, Vokabeln lernen",22,kognition,1.8644313920995,1,3.3659078131316,0.55391471081846,0.027419524844313,0.15221827542323,0.29709727428258,0.43315863907753,0.40624546152473,0.47783024759156,0.4071754779226997,False,True,True
718,0,4,2025-09-16,Funktionen: Sinusfunktion,19,motivation,1.2951057303566,1,2.3852489463375,0.40565905338819,0.24468740597332,0.41380304731485,0.54296231960275,0.27823500908808,0.41439758935696,0.2457219894991,-0.9806588667940996,False,True,True
719,0,4,2025-09-16,Funktionen: Sinusfunktion,19,kognition,2.200270088071,1,4.1990309356057,0.52399348370573,0.021963229774419,0.18362881266575,0.31281566223708,0.46688529305889,0.50392461571568,0.34849477471601,1.8137819892682,False,True,True
720,0,4,2025-09-16,Funktionen: Sinusfunktion,19,methodik,1.3071304723696,1,2.3428052989296,0.51447576205092,0.042683689169047,0.09160513239389,0.31116409404235,0.55793150786012,0.39453333050523,0.40165351508073,-1.8562256366761,False,True,True
721,0,4,2025-09-16,Funktionen: Sinusfunktion,19,regulation,2.3556487699433,1,4.8061660753965,0.41195645886382,0.11739574529303,0.15525898219208,0.4125302752567,0.39087145664052,0.47876083040477,0.49012951939113,2.4633607764669,False,True,True
722,0,4,2025-09-16,Funktionen: Sinusfunktion,19,kognition,2.1820491743331,1,4.4336617364237,0.49215397621954,0.1998670220788,0.11445072171214,0.39248883283008,0.46126862894737,0.42771883525212,0.39366803854352,-0.3725043389728002,False,True,True
723,0,4,2025-09-16,Funktionen: Sinusfunktion,19,kognition,1.2976,1,1.5862698887642,0.81801453147773,0.0,0.17853091500809,0.0,0.48516028315757,0.25216230933346,0.0,-2.8473918476595,False,False,True
1164,0,4,2025-12-18,Exponentialgleichung/-funktion: Exponentielles Wachstum,23,regulation,1.7810357015046,1,3.5846603474751,0.44499407838611,0.049847783190915,0.036900952175072,0.39802316963037,0.42437609028194,0.46125148062342,0.49684783504823,1.9983904587109003,False,True,True
1165,0,4,2025-12-18,Exponentialgleichung/-funktion: Exponentielles Wachstum,23,regulation,2.0584483248078,1,3.7903140793782,0.43782915236789,0.20100650117379,0.23487362217918,0.31187955950307,0.38918849396145,0.41116778334824,0.54307976882693,0.20565373190309977,False,False,True
1166,0,4,2025-12-18,Exponentialgleichung/-funktion: Exponentielles Wachstum,23,kognition,2.0024305811111,1,3.700079851345,0.54118431215479,0.10689917292218,0.1428571442414,0.30829942435736,0.41805401778194,0.37494993575965,0.51465851494907,-0.09023422803320003,False,True,True
1167,0,4,2025-12-18,Exponentialgleichung/-funktion: Exponentielles Wachstum,23,motivation,1.2052751378734,1,2.5677818078907,0.35414748083857,0.38945317322984,-0.016509864641924,0.46938195463106,0.38464361882541,0.39297273842287,0.44713277366814,-1.1322980434542997,False,True,True
1600,6,5,2025-12-17,Lineare Funktion/Gleichung: Gleichungen lösen,23,kognition,1.8124059963247,1,2.7008782028216,0.67104073187158,0.0,0.13221920340388,0.18986342323182,0.46057081054162,0.46390437256253,0.26236264134944,,False,False,True
1601,6,5,2025-12-17,Lineare Funktion/Gleichung: Gleichungen lösen,23,performanz,1.8146533005108,1,2.9011619883243,0.48967516717457,0.0,0.17265110518826,0.31720137154232,0.35619597135299,0.62548973580807,0.33417546746929,0.20028378550269998,False,True,True
1602,6,5,2025-12-17,Lineare Funktion/Gleichung: Gleichungen lösen,23,kognition,2.3286846553298,1,4.8957032169324,0.47565789745932,0.17074892706981,0.16805093198274,0.40660069055794,0.39844650441423,0.45946383611046,0.42562708138808,1.9945412286081003,False,True,True
1603,6,5,2025-12-17,Lineare Funktion/Gleichung: Gleichungen lösen,23,performanz,1.8748588840797,1,2.6639588768902,0.42842360358618,0.0,0.29865626988534,0.31581381421945,0.3048058321461,0.70378407959044,0.19822499721326,-2.2317443400422,False,True,True
1604,6,5,2025-12-17,Lineare Funktion/Gleichung: Gleichungen lösen,23,performanz,1.7576385021604,1,3.4507597507663,0.44464530526223,0.098341955792704,0.27435660761333,0.36291912005201,0.37409352724782,0.50934679190639,0.43156883465415,0.7868008738760999,False,False,True
1594,2,5,2026-01-06,Gleichungen und Ungleichungen: Gleichungen lösen,23,kognition,1.919667488646,1,3.1988921097457,0.60010197961283,0.028359326892356,0.086449473354213,0.30337364378423,0.40429765756495,0.44207952411901,0.42504956153813,-0.2518676410206,False,True,True
1595,2,5,2026-01-06,Gleichungen und Ungleichungen: Gleichungen lösen,23,methodik,2.1410505413095,1,4.7299790770357,0.44419334632973,0.193543274998,0.0710246340135,0.41578844647734,0.45265443670988,0.44516430395875,0.42922862904441,1.5310869672899998,False,True,True
1596,2,5,2026-01-06,Gleichungen und Ungleichungen: Gleichungen lösen,23,kognition,1.7353345284312,1,2.9900649591247,0.58036489123308,0.10643085034257,0.28652846723075,0.23051807041907,0.42718416964422,0.47692739623724,0.32658716896938,-1.7399141179109998,False,True,True
1597,2,5,2026-01-06,Gleichungen und Ungleichungen: Gleichungen lösen,23,kognition,2.3286846553298,1,4.8957032169324,0.47565789745932,0.17074892706981,0.16805093198274,0.40660069055794,0.39844650441423,0.45946383611046,0.42562708138808,1.9056382578077002,False,False,True
1598,2,5,2026-01-06,Gleichungen und Ungleichungen: Gleichungen lösen,23,performanz,2.2329100933114,1,4.2154606819304,0.47702884675405,0.035858957413928,0.14440605365886,0.38564030488792,0.40772019219027,0.52969413424763,0.39340778595657,-0.6802425350019998,False,True,True
1599,2,5,2026-01-06,Gleichungen und Ungleichungen: Gleichungen lösen,23,motivation,-2.0341912534764,-1,3.8716960479575,-0.45208650665067,-0.24456106658026,-0.16821355621923,-0.52539919825513,-0.39535488180038,-0.39979270138466,-0.33959196821461,-0.34376463397290014,True,True,True
1589,6,5,2026-01-07,Gleichungssysteme: Gleichungssysteme mit CAS lösen,23,performanz,1.7803177442296,1,2.2792901074475,0.26065571282368,0.0,0.29833114483633,0.36911250485341,0.20746555360131,0.78108088461566,0.23167867253301,-1.5924059405100004,True,True,True
1590,6,5,2026-01-07,Gleichungssysteme: Gleichungssysteme mit CAS lösen,23,kognition,1.6662193362077,1,3.0045876008173,0.55455656882455,0.13213083838315,0.2111204192588,0.25222496970111,0.43296993128715,0.41757439605066,0.45274848720097,0.7252974933698,False,True,True
1591,6,5,2026-01-07,Gleichungssysteme: Gleichungssysteme mit CAS lösen,23,motivation,1.1890380162526,1,2.4979615897285,0.45322088579292,0.032025984734557,0.19487017010741,0.47600141696641,0.32757299551839,0.44325513016022,0.47458007600903,-0.5066260110887999,False,True,True
1592,6,5,2026-01-07,Gleichungssysteme: Gleichungssysteme mit CAS lösen,23,kognition,0.811,1,1.5644129889514,0.51840199596119,0.031960665595634,0.031960665595634,0.37330057415701,0.30746160303,0.4787707706226,0.51584514271354,-0.9335486007770999,False,True,True
1593,6,5,2026-01-07,Gleichungssysteme: Gleichungssysteme mit CAS lösen,23,performanz,1.5027873441929,1,2.7007217766683,0.25750189043573,-0.015244497819597,0.35323771183944,0.55304937693249,0.25680364577481,0.55643709500347,0.35671014668989,1.1363087877169,False,True,True
915,0,6,2025-01-06,Zuordnungen: Proportionale Zuordnung,8,performanz,-1.0,-1,1.2396455138466,-0.24522941785392,0.0,-0.28233650081865,-0.35332396388163,-0.19360217198993,-0.80667571662473,-0.21699576777205,-0.3096341901972999,True,False,True
914,3,6,2025-01-08,Koordinatensystem:,14,performanz,1.7643488696062,1,3.1461078895691,0.43832606661536,0.025428163472589,0.32368627692863,0.45993972708222,0.29234857048533,0.5608018934878,0.30155182302955,1.9064623757224999,True,False,True
913,7,6,2025-01-10,Zuordnungen: Porportionalität,8,sozial,2.0475921405152,1,3.3673681826531,0.20292797280367,0.60806717554425,0.18347546557776,0.54023159011659,0.21559009046064,0.33885349502664,0.31977243928136,0.2212602930840002,False,True,True
912,3,6,2025-01-15,Zuordnungen: Gruppenarbeit mit Zoey,14,regulation,2.4580611406538,1,5.3915605156174,0.34567866208011,0.22973111324606,0.32692307831842,0.45039516803553,0.36051377709271,0.42446343001538,0.45590818733312,2.0241923329642995,False,True,True
910,0,6,2025-03-27,Geometrie: Winkel messen und zeichnen,7,performanz,1.9822295053944,1,2.9786733781959,0.34681514388007,0.021778917795331,0.19227622665865,0.40718074078557,0.32339682743774,0.66547170468148,0.35921277763632,-2.4128871374214995,False,True,True
909,0,6,2025-06-02,Geometrie: Oberflächeninhalt und Volumen von verschiedenen Prismen,12,kognition,1.7320972701215,1,2.6798718191719,0.64633345311353,0.024003768990041,0.13329549030613,0.249982108482,0.4941178302569,0.4250637834785,0.27672916535662,-0.2988015590240001,False,True,True
862,0,6,2025-09-30,"Kreis: Winkel im Kreis, Satz Thales",19,regulation,2.277567118539,1,4.625382459712,0.41206440660338,0.076103306416224,0.056677556557064,0.41773809565796,0.4613570321833,0.43746573804472,0.49240516094084,1.9455106405401001,False,True,True
863,0,6,2025-09-30,"Kreis: Winkel im Kreis, Satz Thales",19,kognition,2.2176040705498,1,4.1959607750546,0.52850798764701,0.033057437189919,0.11991473533283,0.3111460283294,0.50972860238967,0.43980333406568,0.39387831994598,-0.4294216846573997,False,True,True
864,0,6,2025-09-30,"Kreis: Winkel im Kreis, Satz Thales",19,motivation,1.2052751378734,1,2.5677818078907,0.35414748083857,0.38945317322984,-0.016509864641924,0.46938195463106,0.38464361882541,0.39297273842287,0.44713277366814,-1.6281789671639002,False,True,True
865,0,6,2025-09-30,"Kreis: Winkel im Kreis, Satz Thales",19,motivation,1.771051310269,1,3.6940393184514,0.33295123459106,0.40703321573119,0.42321656646657,0.47943358563807,0.25647040025774,0.3617915443085,0.34325356467084,1.1262575105606998,False,False,True
866,0,6,2025-09-30,"Kreis: Winkel im Kreis, Satz Thales",19,performanz,-1.8674785612985,-1,2.1129969924978,-0.23666123224212,0.09973348232948,-0.23115913641968,-0.28495457071789,-0.12530584779423,-0.88380141094134,0.050941979720327,-1.5810423259536002,True,True,True
844,0,6,2025-10-28,Algebra: Rationale Zahlen,19,kognition,2.1266007185707,1,4.2434364120772,0.50114942244074,0.11396715072385,0.17824852421908,0.34183623305069,0.44985360536929,0.43478865646368,0.44251784498799,2.1304394195794,True,True,True
845,0,6,2025-10-28,Algebra: Rationale Zahlen,19,kognition,2.5699952975229,1,4.7439700181688,0.54173822142593,0.051012660441897,0.15625665870711,0.32683102774559,0.44699125626712,0.44159368688491,0.42174916774378,0.5005336060915999,False,False,True
846,0,6,2025-10-28,Algebra: Rationale Zahlen,19,methodik,1.3071304723696,1,2.3428052989296,0.51447576205092,0.042683689169047,0.09160513239389,0.31116409404235,0.55793150786012,0.39453333050523,0.40165351508073,-2.4011647192392,False,True,True
847,0,6,2025-10-28,Algebra: Rationale Zahlen,19,kognition,2.2238972144743,1,3.9546306929547,0.56235126959478,0.020922098272622,0.19218035228865,0.30745598822261,0.40913861330308,0.52329609560557,0.33259972485648,1.6118253940251002,False,True,True
848,0,6,2025-10-28,Algebra: Rationale Zahlen,19,performanz,1.8144280300528,1,3.648548811648,0.38885845163842,0.19199426251791,0.31575625939891,0.41583833205431,0.32791525199639,0.49729992682597,0.42949116716453,-0.30608188130670033,False,True,True
835,0,6,2025-11-04,Algebra: Rationale Zahlen,19,kognition,2.1928329711058,1,3.9028243912711,0.56185652560873,0.035514064351567,0.10716096158394,0.3336892807476,0.43935402011948,0.47241530936597,0.37948739649417,0.2542755796231,False,True,True
836,0,6,2025-11-04,Algebra: Rationale Zahlen,19,kognition,1.752927244018,1,3.2645506643148,0.53695655381115,0.12160901291853,0.19430850592622,0.27023992750622,0.42310320660401,0.44252841115942,0.45961902581514,-0.6382737269562999,False,False,True
837,0,6,2025-11-04,Algebra: Rationale Zahlen,19,kognition,1.8497956426329,1,2.9898402914902,0.61869172777574,0.26165124118264,0.37511761181132,0.32912105809137,0.40496483599092,0.3576085578641,0.088533564626579,-0.27471037282459987,False,False,True
838,0,6,2025-11-04,Algebra: Rationale Zahlen,19,kognition,2.1505046567471,1,3.4817423048328,0.61765009927963,0.2872117004452,0.15603886664661,0.2872117004452,0.50103511698974,0.35272549844014,0.23177984225927,0.4919020133426,False,False,True
1444,0,6,2025-11-11,Algebra: Rationale Zahlen Addition,19,performanz,2.034911587693,1,4.2375936204146,0.44755458964527,0.18471160900953,0.27647585423301,0.40997226864095,0.37266138334302,0.48020338143233,0.38933769139254,0.7558513155818001,False,True,True
1445,0,6,2025-11-11,Algebra: Rationale Zahlen Addition,19,kognition,1.2999584535744,1,2.1790951612463,0.59655608948717,0.36482865266828,0.40980739984522,0.39460415496634,0.35073160358203,0.24677962783086,0.058688343660483,-2.0584984591683,False,True,True
1446,0,6,2025-11-11,Algebra: Rationale Zahlen Addition,19,performanz,1.3195872615143,1,1.7830001959488,0.38136155656562,0.022433971544799,0.21359046816581,0.36212796890268,0.22310986354917,0.74008957689225,0.28245480372957,-0.3960949652975001,False,True,True
1447,0,6,2025-11-11,Algebra: Rationale Zahlen Addition,19,methodik,2.0353585414423,1,4.1877424962358,0.39127593926563,0.06814420500992,0.046609447259146,0.42649716325555,0.48602646485718,0.43207738758716,0.48504625202663,2.4047423002870003,False,True,True
1430,0,6,2025-11-18,Grundrechenarten: Rat.zahlen Addition subtr.,19,kognition,2.1118789605959,1,3.9754603937968,0.53122744012662,0.022266357176725,0.15845702965771,0.31305095472288,0.4683200092299,0.49369494887372,0.36211699940813,-0.21228210243900003,False,True,True
1431,0,6,2025-11-18,Grundrechenarten: Rat.zahlen Addition subtr.,19,regulation,2.2355880295845,1,4.6868909949516,0.40716647962595,0.070692363472695,0.050021570961398,0.43339165642599,0.46902056006163,0.43747798125574,0.47698639932709,0.7114306011548002,False,True,True
1432,0,6,2025-11-18,Grundrechenarten: Rat.zahlen Addition subtr.,19,motivation,1.771051310269,1,3.6940393184514,0.33295123459106,0.40703321573119,0.42321656646657,0.47943358563807,0.25647040025774,0.3617915443085,0.34325356467084,-0.9928516765002002,False,True,True
1433,0,6,2025-11-18,Grundrechenarten: Rat.zahlen Addition subtr.,19,regulation,1.6593102589405,1,3.445161991689,0.35697457681494,0.30867452774446,-0.051124322883014,0.44905706607895,0.45666641004076,0.36400878395462,0.48163350420338,-0.24887732676240004,False,True,True
1426,0,6,2025-11-25,Grundrechenarten: Rationale zahlen multiplizieren.,19,kognition,2.5299323006465,1,4.4248015064122,0.57176046866182,0.052169000706233,0.13681307367429,0.33444133727735,0.45024896048661,0.45411408885347,0.36173372051404,0.9796395147231998,False,True,True
1427,0,6,2025-11-25,Grundrechenarten: Rationale zahlen multiplizieren.,19,performanz,1.4780206620485,1,3.1813676431278,0.43697363840821,0.31432923474525,0.046982968609961,0.43014855236104,0.39172434957001,0.46458510363938,0.39207451324792,-1.2434338632843995,False,True,True
1428,0,6,2025-11-25,Grundrechenarten: Rationale zahlen multiplizieren.,19,regulation,1.0748847029185,1,2.1705909655679,0.41016065224904,0.049968981073429,0.032170610827381,0.39633397743253,0.46323979442207,0.45970750767414,0.49520143037311,-1.0107766775599,False,True,True
1429,0,6,2025-11-25,Grundrechenarten: Rationale zahlen multiplizieren.,19,motivation,2.0818792519938,1,4.2766590717479,0.33209301290047,0.37841837691444,0.38256831241431,0.48679923956401,0.28414573900136,0.39297120036295,0.35778751746519,2.1060681061799995,False,True,True
1401,7,6,2025-12-12,Wurzelfunktion/-rechnung: Wurzelrechnung,23,kognition,2.0829911382815,1,4.0637489057853,0.51257744038802,0.23013458756657,0.17127204180886,0.37232291210636,0.40439334712313,0.50538671650944,0.31207265509604,-0.21291016596260004,False,True,True
1402,7,6,2025-12-12,Wurzelfunktion/-rechnung: Wurzelrechnung,23,performanz,1.8146533005108,1,2.9011619883243,0.48967516717457,0.0,0.17265110518826,0.31720137154232,0.35619597135299,0.62548973580807,0.33417546746929,-1.1625869174609997,False,True,True
1403,7,6,2025-12-12,Wurzelfunktion/-rechnung: Wurzelrechnung,23,motivation,1.7915442913418,1,3.3533597644884,0.41425099938255,0.29820749581207,0.29614522655344,0.53425193675745,0.28669873699374,0.4000688015956,0.35225572510267,0.45219777616410006,False,True,True
1404,7,6,2025-12-12,Wurzelfunktion/-rechnung: Wurzelrechnung,23,performanz,1.7572379628335,1,3.5902114839272,0.3971431744353,0.28653829345557,0.14590320911336,0.43892973840054,0.37136167279791,0.48945113016017,0.41079018024235,0.23685171943880023,False,True,True
1398,0,6,2025-12-16,Wurzelfunktion/-rechnung: Wurzelrechnung,19,regulation,2.1118642691366,1,4.2811452631136,0.39453157613398,0.32332874279512,0.17661961816267,0.40009041652994,0.39611788571106,0.38507715333138,0.49329308080285,1.8525923623202996,False,True,True
1399,0,6,2025-12-16,Wurzelfunktion/-rechnung: Wurzelrechnung,19,performanz,2.1257565680491,1,3.3833631186319,0.52299969028213,0.0,0.29892053573149,0.27568601845748,0.36872158033832,0.62829504565806,0.1743527374388,-0.8977821444816998,False,True,True
1400,0,6,2025-12-16,Wurzelfunktion/-rechnung: Wurzelrechnung,19,kognition,2.2935712438157,1,3.7898911954463,0.6051796934895,0.053692576620129,0.1662406082395,0.32704611640905,0.40483368072381,0.46350085312484,0.34285699153796,0.40652807681439995,False,True,True
1394,3,6,2025-12-17,Raumgeometrie: Flächen u. Rauminhalte,19,kognition,1.8124059963247,1,2.7008782028216,0.67104073187158,0.0,0.13221920340388,0.18986342323182,0.46057081054162,0.46390437256253,0.26236264134944,-1.0890129926247,False,False,True
1395,3,6,2025-12-17,Raumgeometrie: Flächen u. Rauminhalte,19,performanz,1.8146533005108,1,2.9011619883243,0.48967516717457,0.0,0.17265110518826,0.31720137154232,0.35619597135299,0.62548973580807,0.33417546746929,0.20028378550269998,False,True,True
1396,3,6,2025-12-17,Raumgeometrie: Flächen u. Rauminhalte,19,performanz,2.2224477744004,1,4.723590507544,0.42040962805,0.22593003878185,0.11044512960084,0.43942386871515,0.4051961049162,0.47049867380845,0.42586709149823,1.8224285192197005,False,False,True
1397,3,6,2025-12-17,Raumgeometrie: Flächen u. Rauminhalte,19,motivation,1.5369106333891,1,3.0257381219646,0.43790454460234,0.050987706223324,0.2277099374948,0.50794400969211,0.29084563611002,0.45239383196929,0.45444797044548,-1.6978523855794005,False,True,True
1389,3,6,2026-01-07,Brüche: Alle rechenarten (wdh),19,kognition,1.919667488646,1,3.1988921097457,0.60010197961283,0.028359326892356,0.086449473354213,0.30337364378423,0.40429765756495,0.44207952411901,0.42504956153813,0.17315398778110014,False,True,True
1390,3,6,2026-01-07,Brüche: Alle rechenarten (wdh),19,regulation,1.5887506947218,1,2.5500239990253,0.30106002388061,0.15568419877999,0.13842952687491,0.37101936000202,0.30931179423061,0.49442664870243,0.62303118128191,-0.6488681107203997,False,True,True
1391,3,6,2026-01-07,Brüche: Alle rechenarten (wdh),19,regulation,2.1507426574126,1,4.0230266961372,0.32285345704235,0.1940878730544,0.24341569490145,0.41164830638065,0.33607032387167,0.48024720787901,0.5346067709195,1.4730026971119,False,False,True
1392,3,6,2026-01-07,Brüche: Alle rechenarten (wdh),19,performanz,2.06132346452,1,3.8092753542734,0.46064846728107,0.033447451813805,0.14540012885798,0.38824406928337,0.41376980713662,0.54113128128023,0.38829864222467,-0.21375134186380018,False,True,True
1393,3,6,2026-01-07,Brüche: Alle rechenarten (wdh),19,motivation,1.2623925324906,1,2.6261746889041,0.41358193012077,0.4120300862581,0.035560809429602,0.48069449868637,0.29942201539725,0.42667263452277,0.39387653764832,-1.1831006653692997,False,True,True
1384,3,6,2026-01-14,Algebra: Division Dezimalzahlen,19,kognition,1.7348832013882,1,3.586103254132,0.48377814041128,0.21624124958158,0.25466237068262,0.40759703466828,0.38794169160328,0.41830305549323,0.40339606808647,0.9599285652278997,False,True,True
1385,3,6,2026-01-14,Algebra: Division Dezimalzahlen,19,performanz,1.6348496052309,1,2.5891291552071,0.50370779347505,0.0,0.19345833502926,0.30327613977023,0.35909799288386,0.6314259324158,0.29869401277169,-0.9969740989249001,False,True,True
1386,3,6,2026-01-14,Algebra: Division Dezimalzahlen,19,performanz,2.1602420544193,1,4.0730731755336,0.50793164389237,0.029806912452068,0.14201670599099,0.36940497938456,0.35646034890973,0.5303702284784,0.41967456397547,1.4839440203265002,False,False,True
1387,3,6,2026-01-14,Algebra: Division Dezimalzahlen,19,kognition,1.9152788377772,1,3.9488118876419,0.48502538029663,0.025324008741178,0.23795142617514,0.38678225946455,0.4546744260224,0.46868110841995,0.36261797767101,-0.12426128789169999,False,True,True
1388,3,6,2026-01-14,Algebra: Division Dezimalzahlen,19,kognition,2.1799360603504,1,3.9764145050982,0.54821512581354,0.051179220846702,0.10079022337517,0.36475957219993,0.41216140286162,0.44667430386721,0.42922332550946,0.02760261745629977,False,False,True
1372,7,6,2026-01-23,Gleichungssysteme: Gleichungen lösen,23,regulation,1.8479915181834,1,4.0789242581081,0.42043389351725,0.32285885538557,0.14942820404965,0.40847577548243,0.41016540084089,0.39536647425586,0.45305744129363,0.10250975300990017,False,True,True
1373,7,6,2026-01-23,Gleichungssysteme: Gleichungen lösen,23,regulation,2.0584483248078,1,3.7903140793782,0.43782915236789,0.20100650117379,0.23487362217918,0.31187955950307,0.38918849396145,0.41116778334824,0.54307976882693,-0.2886101787299,False,False,True
1374,7,6,2026-01-23,Gleichungssysteme: Gleichungen lösen,23,performanz,1.171031134971,1,2.3554216638968,0.19785571730366,0.33095686675477,0.41928909416486,0.49146919269571,0.22256410971708,0.4971620076779,0.37048889297316,-1.4348924154814,False,True,True
1367,3,6,2026-01-28,Gleichungssysteme: .. mit 1 unbekannten,19,kognition,1.0975708585606,1,1.3188111830917,0.83223629756051,0.040451612190433,-0.055684238052357,0.011670751455983,0.49099433864298,-0.035747667103451,0.24523655927177,-1.0366104808051,False,True,True
1368,3,6,2026-01-28,Gleichungssysteme: .. mit 1 unbekannten,19,regulation,0.61169791055793,1,0.78503971413289,-0.19646102355585,0.42330280908898,0.37958715950229,0.1645495532834,-0.04349476965984,0.044837282982806,0.77918366129661,-0.53377146895881,False,True,True
1369,3,6,2026-01-28,Gleichungssysteme: .. mit 1 unbekannten,19,motivation,1.2623925324906,1,2.6261746889041,0.41358193012077,0.4120300862581,0.035560809429602,0.48069449868637,0.29942201539725,0.42667263452277,0.39387653764832,1.8411349747712102,False,True,True
1370,3,6,2026-01-28,Gleichungssysteme: .. mit 1 unbekannten,19,kognition,1.6796194716121,1,3.2319097401701,0.51969714802499,0.053163455215556,0.10834893091988,0.32726944443377,0.47290981872877,0.42522985948093,0.45141269694771,0.6057350512659996,False,True,True
1371,3,6,2026-01-28,Gleichungssysteme: .. mit 1 unbekannten,19,performanz,1.5410807252831,1,3.2610617527124,0.46727819350693,0.10274601857145,0.26333744255978,0.35239019234587,0.39118686035569,0.47256878785366,0.44856921128522,0.029152012542300376,False,True,True
1931,4,7,2026-01-07,Gleichungssysteme: Gleichungssysteme mit CAS lösen,23,kognition,2.1928329711058,1,3.9028243912711,0.56185652560873,0.035514064351567,0.10716096158394,0.3336892807476,0.43935402011948,0.47241530936597,0.37948739649417,,False,False,True
1932,4,7,2026-01-07,Gleichungssysteme: Gleichungssysteme mit CAS lösen,23,regulation,1.9772187354812,1,3.5945149852943,0.44008146001926,0.21195562268381,0.24766753587711,0.30191198612596,0.39195609564178,0.39077811478869,0.55006398441248,-0.3083094059767997,False,True,True
1933,4,7,2026-01-07,Gleichungssysteme: Gleichungssysteme mit CAS lösen,23,kognition,1.3018227166532,1,2.0751661843285,0.627331176256,0.052068647061027,0.029085078991583,0.24818163278304,0.52498460728217,0.30337747879706,0.41671095063911,-1.5193488009658003,False,True,True
1934,4,7,2026-01-07,Gleichungssysteme: Gleichungssysteme mit CAS lösen,23,kognition,1.8796171795718,1,3.9646280613375,0.47409552914842,0.41406760217284,0.095995289892389,0.41406760217284,0.43806451980786,0.35846842256622,0.32048275638434,1.889461877009,False,False,True
1935,4,7,2026-01-07,Gleichungssysteme: Gleichungssysteme mit CAS lösen,23,motivation,0.69981913800531,1,1.3025838667872,0.36115172343753,0.5163664375442,0.47059949911277,0.53725044762523,0.18827947253543,0.22451528516508,0.083436058304641,-2.6620441945502997,False,True,True
1926,4,7,2026-01-14,Analysis: Potenzfunktionen,23,kognition,2.0532452617647,1,2.86636421726,0.71632142425822,0.0,0.24589649946494,0.10102785763875,0.48005379208708,0.42650143713645,0.062046789280422,1.5637803504728,False,True,True
1927,4,7,2026-01-14,Analysis: Potenzfunktionen,23,regulation,2.0584483248078,1,3.7903140793782,0.43782915236789,0.20100650117379,0.23487362217918,0.31187955950307,0.38918849396145,0.41116778334824,0.54307976882693,0.9239498621181998,False,True,True
1928,4,7,2026-01-14,Analysis: Potenzfunktionen,23,motivation,1.2052751378734,1,2.5677818078907,0.35414748083857,0.38945317322984,-0.016509864641924,0.46938195463106,0.38464361882541,0.39297273842287,0.44713277366814,-1.2225322714874998,False,True,True
1929,4,7,2026-01-14,Analysis: Potenzfunktionen,23,kognition,2.17271425264,1,3.961007449354,0.54852428206151,0.028144193203567,0.15231775143531,0.32706755945492,0.43173643708193,0.46775918359501,0.40367694556994,1.3932256414633,False,True,True
1930,4,7,2026-01-14,Analysis: Potenzfunktionen,23,kognition,2.3210201415921,1,3.3989502526716,0.68286180745059,0.01826365831898,0.17566245392676,0.19020295592194,0.51264892743446,0.39897867265262,0.21055388947738,-0.5620571966824004,False,False,True
1923,4,7,2026-01-21,Analysis: Potenzfunktionen,23,performanz,2.1524916087874,1,3.7834187822736,0.43529939562806,0.035551443866491,0.119184436252,0.4104201615304,0.35006848278279,0.56892616001453,0.42470070376623,0.38446852960200006,False,True,True
1924,4,7,2026-01-21,Analysis: Potenzfunktionen,23,regulation,2.0584483248078,1,3.7903140793782,0.43782915236789,0.20100650117379,0.23487362217918,0.31187955950307,0.38918849396145,0.41116778334824,0.54307976882693,0.006895297104600129,False,True,True
1925,4,7,2026-01-21,Analysis: Potenzfunktionen,23,kognition,2.3317185870149,1,3.9472334029979,0.59072075090275,0.036035643093624,0.11051648660271,0.31723657760352,0.43648255743814,0.44637104913987,0.38357304861061,0.15691932361970018,False,True,True
534,0,8,2025-03-13,Lineare Funktion/Gleichung: Lineares Gleichungssystem,7,kognition,1.8144776230582,1,3.3666875653448,0.53894880304534,0.11902260533474,0.18715230414695,0.30285988424917,0.45694277284208,0.41623217229527,0.43193269527026,1.8714477852426001,False,True,True
531,0,8,2025-04-03,Geometrie: Kreis,7,,0.0,0,0.0,0.0,0.0,0.0,0.0,0.0,0.0,0.0,-2.1532236836758,True,True,True
529,0,8,2025-05-15,Geometrie: Umfang und Flächeninhalt vom Kreis,12,regulation,1.5628759588333,1,2.4564810708561,0.31636149321959,0.18681643735396,0.10786420183217,0.39532500409799,0.38424419058719,0.38035130705377,0.6362229349723,2.4564810708561,True,True,True
528,0,8,2025-06-12,Geometrie: Ähnlichkeiten,18,kognition,-0.811,-1,0.99141868047763,-0.81801143740294,0.0,-0.17853023972912,0.0,-0.48515844807745,-0.25216135554961,0.0,-1.4650623903784696,True,True,True
519,0,8,2025-08-28,Stochastik (Wahrscheinlichkeitsrechnung): Wahrscheinlich.rechnung f.test,19,kognition,2.5299323006465,1,4.4248015064122,0.57176046866182,0.052169000706233,0.13681307367429,0.33444133727735,0.45024896048661,0.45411408885347,0.36173372051404,3.4333828259345696,True,False,True
520,0,8,2025-08-28,Stochastik (Wahrscheinlichkeitsrechnung): Wahrscheinlich.rechnung f.test,19,kognition,2.1969604991137,1,3.9082087439743,0.56213857080057,0.033812121852611,0.13194589398309,0.32139828186305,0.47968884541538,0.45640853074794,0.35176006075289,-0.5165927624378996,False,False,True
521,0,8,2025-08-28,Stochastik (Wahrscheinlichkeitsrechnung): Wahrscheinlich.rechnung f.test,19,kognition,1.9316956848234,1,3.8905038385904,0.49651428190865,0.053043559070364,0.10570725339821,0.35304187399171,0.46146449087851,0.44283837987998,0.45363742432729,-0.017704905383900016,False,False,True
522,0,8,2025-08-28,Stochastik (Wahrscheinlichkeitsrechnung): Wahrscheinlich.rechnung f.test,19,kognition,1.8029567262567,1,2.8302921275034,0.63701917499778,0.024644046485899,0.13359004791805,0.25665014126029,0.49405099557782,0.4301991766448,0.28411065020172,-1.0602117110870002,False,False,True
523,0,8,2025-08-28,Stochastik (Wahrscheinlichkeitsrechnung): Wahrscheinlich.rechnung f.test,19,kognition,2.4241953523872,1,3.6133900265862,0.67089038981313,0.0,0.27260700094581,0.12121547483737,0.48802215807,0.46603119948005,0.074445120390985,0.7830978990827999,False,False,True
502,0,8,2025-09-11,Statistik: Übungsaufgaben zur Arbeit mit Statistiken,18,performanz,2.3109789539464,1,4.2267654246527,0.47677827225107,0.029101673612821,0.18876931920107,0.37123620550147,0.41495444348257,0.54674751359335,0.35673607896479,0.6133753980665002,False,True,True
503,0,8,2025-09-11,Statistik: Übungsaufgaben zur Arbeit mit Statistiken,18,kognition,2.7431027601632,1,4.4247995695105,0.61993690735636,0.028768242753371,0.20958625007286,0.24606156155614,0.50280793819869,0.42502155926261,0.27733420685918,0.19803414485780024,False,True,True
504,0,8,2025-09-11,Statistik: Übungsaufgaben zur Arbeit mit Statistiken,18,motivation,1.8934141982597,1,3.6130190037089,0.39519609169617,0.022142086298747,0.27097533602843,0.52405175721425,0.30923960994252,0.43341160873097,0.4602082199323,-0.8117805658016004,False,True,True
505,0,8,2025-09-11,Statistik: Übungsaufgaben zur Arbeit mit Statistiken,18,motivation,1.7915442913418,1,3.3533597644884,0.41425099938255,0.29820749581207,0.29614522655344,0.53425193675745,0.28669873699374,0.4000688015956,0.35225572510267,-0.25965923922049994,False,False,True
506,0,8,2025-09-11,Statistik: Übungsaufgaben zur Arbeit mit Statistiken,18,kognition,2.509295155464,1,3.8411483190915,0.65326522548996,0.020984344791132,0.16805441832496,0.2240481499757,0.47451664831199,0.42970909557727,0.29076309654101,0.4877885546031,False,True,True
491,0,8,2025-09-18,Statistik: Modalwerte uzw.,20,performanz,2.1625397852702,1,4.5039203437359,0.43533203634603,0.17064144437225,0.24094742665989,0.42185314901355,0.37315321830169,0.48014503338796,0.41900448192064,0.6627720246444002,False,True,True
492,0,8,2025-09-18,Statistik: Modalwerte uzw.,20,kognition,1.752927244018,1,3.2645506643148,0.53695655381115,0.12160901291853,0.19430850592622,0.27023992750622,0.42310320660401,0.44252841115942,0.45961902581514,-1.2393696794211002,False,True,True
494,0,8,2025-09-18,Statistik: Modalwerte uzw.,20,regulation,-0.74858726918585,-1,0.96264977534088,0.021349624177684,-0.41239907407518,-0.085695451404158,-0.093673302237096,-0.18182046073475,0.41901596751576,-0.77762392110003,-1.49921118445872,True,True,True
495,0,8,2025-09-18,Statistik: Modalwerte uzw.,20,kognition,2.5899266221521,1,3.9616281763079,0.65375142981024,0.020188937491774,0.17795902621968,0.21551271160253,0.48286309892829,0.42735618451169,0.27980565003485,2.9989784009670197,True,True,True
496,0,8,2025-09-18,Statistik: Modalwerte uzw.,20,performanz,2.3873818978672,1,4.8132423847205,0.4773523869177,0.032963222544364,0.19838510195742,0.36681434058371,0.44252851796465,0.49600181063553,0.39406252672769,0.8516142084125997,False,True,True
481,0,8,2025-09-25,Statistik: Übung zu kommender Leistungskontrolle,18,kognition,2.2695603074222,1,4.6143522661946,0.49184701514428,0.066637240554422,0.10076650727626,0.3761711578146,0.46666900604633,0.43049909450131,0.44595246052161,-0.19889011852589977,False,True,True
482,0,8,2025-09-25,Statistik: Übung zu kommender Leistungskontrolle,18,performanz,-1.4552652158942,-1,2.4366088452089,-0.21141108626145,-0.15707180025819,-0.29598138611071,-0.37273403427469,-0.25021502605258,-0.59724778816174,-0.53364545639735,-2.1777434209857,True,True,True
483,0,8,2025-09-25,Statistik: Übung zu kommender Leistungskontrolle,18,kognition,2.509295155464,1,3.8411483190915,0.65326522548996,0.020984344791132,0.16805441832496,0.2240481499757,0.47451664831199,0.42970909557727,0.29076309654101,1.4045394738826,True,True,True
484,0,8,2025-09-25,Statistik: Übung zu kommender Leistungskontrolle,18,kognition,1.7468429863796,1,4.0578127668032,0.43048774842273,0.28241639133245,0.31314652429469,0.41780346808517,0.36786569284546,0.40358753700582,0.40507752344252,0.2166644477116999,False,False,True
485,0,8,2025-09-25,Statistik: Übung zu kommender Leistungskontrolle,18,performanz,2.0572421247468,1,4.2232398182455,0.40026681249274,0.052532231378949,0.099371654040563,0.40918835544341,0.4443088960178,0.48712300083671,0.47435541413308,0.1654270514423004,False,True,True
473,0,8,2025-10-02,Prüfungsvorbereitung: Übungen zu linearen Gleichungen und Wdh. von Geometrie + Prozentrechnung,18,kognition,2.6228056368715,1,4.6361765459891,0.56572478498315,0.048988682338982,0.17044432813436,0.3147111289115,0.48920271513479,0.42441388016159,0.36056963398192,0.4129367277435998,False,True,True
475,0,8,2025-10-02,Prüfungsvorbereitung: Übungen zu linearen Gleichungen und Wdh. von Geometrie + Prozentrechnung,18,performanz,1.8125938090566,1,3.4721038792412,0.39217224110269,0.21769801896299,0.29717024810151,0.46920701499411,0.33079089078195,0.52204330620997,0.32921959148461,1.2930087179949,False,True,True
463,0,8,2025-10-09,Stochastik (Wahrscheinlichkeitsrechnung): Wdh. von Wahrscheinlichkeitsrechnung,18,performanz,2.1524916087874,1,3.7834187822736,0.43529939562806,0.035551443866491,0.119184436252,0.4104201615304,0.35006848278279,0.56892616001453,0.42470070376623,0.31131490303239984,False,False,True
464,0,8,2025-10-09,Stochastik (Wahrscheinlichkeitsrechnung): Wdh. von Wahrscheinlichkeitsrechnung,18,kognition,2.1688746734496,1,3.1172442691244,0.69576444081953,0.0,0.16369007378504,0.15193693723741,0.48658802563816,0.43032265210642,0.20995395265513,-0.6661745131491998,False,True,True
465,0,8,2025-10-09,Stochastik (Wahrscheinlichkeitsrechnung): Wdh. von Wahrscheinlichkeitsrechnung,18,performanz,2.0560234558756,1,3.7592794149567,0.38312516016929,0.20106786940037,0.30305502307402,0.46025162147509,0.32355873327168,0.54691810843174,0.32449642541173,0.6420351458322999,False,True,True
466,0,8,2025-10-09,Stochastik (Wahrscheinlichkeitsrechnung): Wdh. von Wahrscheinlichkeitsrechnung,18,performanz,2.2176844063113,1,4.4959941585393,0.375599256091,0.19102751887718,0.30355711105251,0.41043602931968,0.36850416155279,0.49325675157556,0.42746583907391,0.7367147435826005,False,False,True
467,0,8,2025-10-09,Stochastik (Wahrscheinlichkeitsrechnung): Wdh. von Wahrscheinlichkeitsrechnung,18,kognition,2.509295155464,1,3.8411483190915,0.65326522548996,0.020984344791132,0.16805441832496,0.2240481499757,0.47451664831199,0.42970909557727,0.29076309654101,-0.6548458394478005,False,True,True
455,0,8,2025-10-23,Weitere Themen: Übungsaufgaben zum Lösen linearer Gleichungen,18,performanz,1.5752921706211,1,3.3390173794307,0.4453971633637,0.10840822376021,0.24513638282625,0.41734687449694,0.34808714570617,0.47178174708159,0.46027176364271,-0.5021309396608,False,True,True
456,0,8,2025-10-23,Weitere Themen: Übungsaufgaben zum Lösen linearer Gleichungen,18,kognition,1.8124059963247,1,2.7008782028216,0.67104073187158,0.0,0.13221920340388,0.18986342323182,0.46057081054162,0.46390437256253,0.26236264134944,-0.6381391766091,False,True,True
457,0,8,2025-10-23,Weitere Themen: Übungsaufgaben zum Lösen linearer Gleichungen,18,performanz,1.7623605672214,1,3.1844962872024,0.35830210771604,0.21987884155731,0.30560875784078,0.47619592143151,0.25159370964146,0.55341720451418,0.36542762457524,0.4836180843808,False,True,True
458,0,8,2025-10-23,Weitere Themen: Übungsaufgaben zum Lösen linearer Gleichungen,18,regulation,1.0748847029185,1,2.1705909655679,0.41016065224904,0.049968981073429,0.032170610827381,0.39633397743253,0.46323979442207,0.45970750767414,0.49520143037311,-1.0139053216344998,False,True,True
451,0,8,2025-10-30,Weitere Themen: Selina wollte Physik eigenständig lernen,18,kognition,2.078940017929,1,3.0075822377954,0.69123067675319,0.0,0.25591478507693,0.12837894832579,0.46807332157981,0.46358479692794,0.078844605250314,0.8369912722274999,False,True,True
452,0,8,2025-10-30,Weitere Themen: Selina wollte Physik eigenständig lernen,18,kognition,2.1118789605959,1,3.9754603937968,0.53122744012662,0.022266357176725,0.15845702965771,0.31305095472288,0.4683200092299,0.49369494887372,0.36211699940813,0.9678781560014,False,False,True
454,0,8,2025-10-30,Weitere Themen: Selina wollte Physik eigenständig lernen,18,performanz,1.6514653847318,1,3.1819690767104,0.46303540907394,0.052306337430451,0.18165981882267,0.37481530099105,0.44958792227474,0.51900573351321,0.37131243005745,1.5596179124879999,False,True,True
443,0,8,2025-11-06,Prüfungsvorbereitung: Vorbereitung auf eine Physik Arbeit,18,kognition,2.6228056368715,1,4.6361765459891,0.56572478498315,0.048988682338982,0.17044432813436,0.3147111289115,0.48920271513479,0.42441388016159,0.36056963398192,1.4542074692787001,False,True,True
444,0,8,2025-11-06,Prüfungsvorbereitung: Vorbereitung auf eine Physik Arbeit,18,motivation,1.7915442913418,1,3.3533597644884,0.41425099938255,0.29820749581207,0.29614522655344,0.53425193675745,0.28669873699374,0.4000688015956,0.35225572510267,-1.2828167815007,False,True,True
445,0,8,2025-11-06,Prüfungsvorbereitung: Vorbereitung auf eine Physik Arbeit,18,kognition,2.509295155464,1,3.8411483190915,0.65326522548996,0.020984344791132,0.16805441832496,0.2240481499757,0.47451664831199,0.42970909557727,0.29076309654101,0.4877885546031,False,True,True
1532,11,8,2025-11-13,Analytische Geometrie: Satz des Pythagoras,23,regulation,1.7810357015046,1,3.5846603474751,0.44499407838611,0.049847783190915,0.036900952175072,0.39802316963037,0.42437609028194,0.46125148062342,0.49684783504823,-0.2564879716163997,False,True,True
1533,11,8,2025-11-13,Analytische Geometrie: Satz des Pythagoras,23,motivation,1.376852504409,1,2.4862506965683,0.25215758794377,0.31975729701126,0.30109151145213,0.55378444678366,0.18303761876473,0.51110202343942,0.37696474323594,-1.0984096509068002,False,True,True
1534,11,8,2025-11-13,Analytische Geometrie: Satz des Pythagoras,23,performanz,1.7185730315922,1,3.4752254188631,0.31877151424459,0.19146773728403,0.17310725067521,0.46890082280075,0.38408892483263,0.49451988842658,0.46883978948033,0.9889747222948002,False,True,True
1535,11,8,2025-11-13,Analytische Geometrie: Satz des Pythagoras,23,methodik,1.8854957043321,1,3.7317859790821,0.37257320256638,0.065140373552156,0.042626149480566,0.41815824906125,0.50525155043332,0.42545974279615,0.4939353695448,0.256560560219,False,True,True
1536,11,8,2025-11-13,Analytische Geometrie: Satz des Pythagoras,23,kognition,1.8515721846579,1,3.1492118583832,0.58794593328796,0.015904736151126,0.19002988281868,0.28714245259574,0.39675344827274,0.52855286700544,0.31419212553827,-0.5825741206989004,False,True,True
1528,11,8,2025-11-20,Weitere Themen: Satz des Pythagoras,23,kognition,2.6228056368715,1,4.6361765459891,0.56572478498315,0.048988682338982,0.17044432813436,0.3147111289115,0.48920271513479,0.42441388016159,0.36056963398192,1.4869646876059002,False,False,True
1529,11,8,2025-11-20,Weitere Themen: Satz des Pythagoras,23,kognition,0.8988692056326,1,1.2686018126927,0.70854551143168,-0.47817808844851,0.094671007275107,-0.032339259882884,0.29739603894933,0.408019253052,0.066035343293338,-3.3675747332964,False,False,True
1530,11,8,2025-11-20,Weitere Themen: Satz des Pythagoras,23,regulation,1.8828031492309,1,3.8315882893206,0.34159194361358,0.050489890093849,0.13608916481414,0.46054549880966,0.48061125031933,0.42153089340279,0.4913884512577,2.5629864766279002,False,True,True
1531,11,8,2025-11-20,Weitere Themen: Satz des Pythagoras,23,kognition,1.2359670316972,1,2.3758776117239,0.52021275147791,0.063656182750363,0.10754018941885,0.2985663765112,0.48412729841353,0.38234554658149,0.49400813163894,-1.4557106775967,False,True,True
1519,11,8,2025-11-27,Trigonometrie: Einführung in die trigonometrischen Funktionen,18,regulation,1.7810357015046,1,3.5846603474751,0.44499407838611,0.049847783190915,0.036900952175072,0.39802316963037,0.42437609028194,0.46125148062342,0.49684783504823,1.2087827357512002,False,True,True
1520,11,8,2025-11-27,Trigonometrie: Einführung in die trigonometrischen Funktionen,18,performanz,1.4780206620485,1,3.1813676431278,0.43697363840821,0.31432923474525,0.046982968609961,0.43014855236104,0.39172434957001,0.46458510363938,0.39207451324792,-0.4032927043473,False,True,True
1521,11,8,2025-11-27,Trigonometrie: Einführung in die trigonometrischen Funktionen,18,performanz,1.7816761805797,1,3.5517580419398,0.42323574484856,0.16129366203002,0.30455667553456,0.39291713687201,0.3511092726904,0.50163078206162,0.4156926989252,0.37039039881199987,False,False,True
1522,11,8,2025-11-27,Trigonometrie: Einführung in die trigonometrischen Funktionen,18,regulation,1.0748847029185,1,2.1705909655679,0.41016065224904,0.049968981073429,0.032170610827381,0.39633397743253,0.46323979442207,0.45970750767414,0.49520143037311,-1.3811670763719,False,True,True
1523,11,8,2025-11-27,Trigonometrie: Einführung in die trigonometrischen Funktionen,18,motivation,1.1140601570329,1,2.2244020276868,0.19364208074315,0.35739781573953,0.42969720372575,0.50083354305157,0.22503762744528,0.4494585996363,0.38292514080657,0.053811062118899855,False,True,True
1499,11,8,2025-12-11,Trigonometrie: Rechnen mit den trigonometrischen Funktionen,18,performanz,2.1744618745086,1,4.4388621375364,0.46577705352531,0.21582431903798,0.15028280583915,0.40837051156953,0.4063458558203,0.48986810323295,0.37686600340078,2.2144601098496004,False,True,True
1500,11,8,2025-12-11,Trigonometrie: Rechnen mit den trigonometrischen Funktionen,18,performanz,1.8608741963844,1,3.0556171049096,0.55550638970887,0.0,0.29078875442313,0.25128473348535,0.3845063379814,0.60899911294624,0.15804728787018,-1.3832450326268004,False,False,True
1501,11,8,2025-12-11,Trigonometrie: Rechnen mit den trigonometrischen Funktionen,18,kognition,1.6541350767271,1,3.0157863397785,0.54849031246209,0.034992294572616,0.080687494641113,0.3468035879373,0.43129858901831,0.48014172008029,0.39317876350424,-0.039830765131100065,False,True,True
1502,11,8,2025-12-11,Trigonometrie: Rechnen mit den trigonometrischen Funktionen,18,kognition,1.8346238946577,1,3.050519966414,0.60141153008057,0.25796034376092,0.36992244687776,0.36833268059845,0.37038652482427,0.38425337642634,0.12002358492601,0.03473362663550006,False,False,True
1503,11,8,2025-12-11,Trigonometrie: Rechnen mit den trigonometrischen Funktionen,18,kognition,2.4036580249543,1,4.6452590913521,0.51744214978398,0.058805209392942,0.10773919193437,0.37190440664099,0.39890677270429,0.45305062017137,0.46312974922747,1.5947391249381004,False,False,True
1494,2,8,2025-12-16,Trigonometrie: Sachaufgaben zu den trigonometrischen Funktionen,18,performanz,1.9531896505829,1,3.2870701844949,0.41466224445206,0.031405075980467,0.13079068691856,0.40962322696175,0.34539700132505,0.59420200936871,0.41205624797762,-1.3581889068572002,False,True,True
1495,2,8,2025-12-16,Trigonometrie: Sachaufgaben zu den trigonometrischen Funktionen,18,performanz,1.8146533005108,1,2.9011619883243,0.48967516717457,0.0,0.17265110518826,0.31720137154232,0.35619597135299,0.62548973580807,0.33417546746929,-0.38590819617060035,False,False,True
1496,2,8,2025-12-16,Trigonometrie: Sachaufgaben zu den trigonometrischen Funktionen,18,performanz,1.7623605672214,1,3.1844962872024,0.35830210771604,0.21987884155731,0.30560875784078,0.47619592143151,0.25159370964146,0.55341720451418,0.36542762457524,0.2833342988781,False,False,True
1497,2,8,2025-12-16,Trigonometrie: Sachaufgaben zu den trigonometrischen Funktionen,18,performanz,1.8748588840797,1,2.6639588768902,0.42842360358618,0.0,0.29865626988534,0.31581381421945,0.3048058321461,0.70378407959044,0.19822499721326,-0.5205374103121998,False,False,True
1498,2,8,2025-12-16,Trigonometrie: Sachaufgaben zu den trigonometrischen Funktionen,18,performanz,2.103837143087,1,4.3987436305099,0.3675921905991,0.19479055899266,0.31301891969324,0.42537274394915,0.33522742992851,0.47828028569155,0.4548360099664,1.7347847536196999,False,False,True
1489,11,8,2025-12-18,Brüche: Wiederholung zum Rechnen mit Brüchen,18,performanz,1.5752921706211,1,3.3390173794307,0.4453971633637,0.10840822376021,0.24513638282625,0.41734687449694,0.34808714570617,0.47178174708159,0.46027176364271,-1.0597262510792,False,False,True
1490,11,8,2025-12-18,Brüche: Wiederholung zum Rechnen mit Brüchen,18,kognition,2.0025209823477,1,4.1753366045791,0.47960592784119,0.20384347683099,0.27356109825585,0.38796629419017,0.38566077691678,0.43325305356153,0.40819754744271,0.8363192251484004,False,True,True
1491,11,8,2025-12-18,Brüche: Wiederholung zum Rechnen mit Brüchen,18,kognition,1.6160311204744,1,2.912978125167,0.55476749339021,0.020477083484949,0.061832185488812,0.32328979936683,0.45084126492932,0.47490923951655,0.3932819676275,-1.2623584794121,False,False,True
1492,11,8,2025-12-18,Brüche: Wiederholung zum Rechnen mit Brüchen,18,performanz,1.2945417374836,1,2.2888856549031,0.21945057193054,0.18392997448974,0.30161300890777,0.37123476885487,0.26169585814646,0.56557481539648,0.54850452907291,-0.6240924702639004,False,True,True
1493,11,8,2025-12-18,Brüche: Wiederholung zum Rechnen mit Brüchen,18,sozial,1.5587443540156,1,2.8888755659315,0.37831587943523,0.53956597395126,0.029926290388881,0.46983040777715,0.25197936507438,0.39635197416013,0.35144565621995,0.5999899110284002,False,True,True
1485,2,8,2025-12-23,Stochastik (Wahrscheinlichkeitsrechnung): Mehrstufige ZE,25,kognition,2.3238080797438,1,3.9811293577573,0.58370427933294,0.031787812818187,0.1439895703798,0.30087943076752,0.48796067658826,0.44786952477039,0.3291195287609,1.0922537918258,False,True,True
1486,2,8,2025-12-23,Stochastik (Wahrscheinlichkeitsrechnung): Mehrstufige ZE,25,kognition,2.4094215925566,1,4.2594688496216,0.56566112372425,0.15795064898133,0.28567285882329,0.30089662149189,0.44599474773836,0.43175599614785,0.31241330937636,0.27833949186429985,False,False,True
1487,2,8,2025-12-23,Stochastik (Wahrscheinlichkeitsrechnung): Mehrstufige ZE,25,performanz,2.2864617340759,1,4.03765358036,0.43974113747622,0.030939032474943,0.17252081947192,0.39356353551596,0.3959268881027,0.56628336872782,0.37891280113976,-0.2218152692616,False,True,True
1488,2,8,2025-12-23,Stochastik (Wahrscheinlichkeitsrechnung): Mehrstufige ZE,25,regulation,1.0,1,1.6261417527387,0.37388884461493,0.073793850910841,0.061494875759034,0.35913007443276,0.44337805422264,0.38372802473637,0.61494875759034,-2.4115118276212995,False,True,True
1480,2,8,2026-01-06,Dreieck: Satz des Pythagoras,23,performanz,2.1744618745086,1,4.4388621375364,0.46577705352531,0.21582431903798,0.15028280583915,0.40837051156953,0.4063458558203,0.48986810323295,0.37686600340078,2.8127203847977,False,True,True
1481,2,8,2026-01-06,Dreieck: Satz des Pythagoras,23,regulation,2.0584483248078,1,3.7903140793782,0.43782915236789,0.20100650117379,0.23487362217918,0.31187955950307,0.38918849396145,0.41116778334824,0.54307976882693,-0.6485480581582004,False,True,True
1482,2,8,2026-01-06,Dreieck: Satz des Pythagoras,23,kognition,2.3210201415921,1,3.3989502526716,0.68286180745059,0.01826365831898,0.17566245392676,0.19020295592194,0.51264892743446,0.39897867265262,0.21055388947738,-0.3913638267066002,False,True,True
1483,2,8,2026-01-06,Dreieck: Satz des Pythagoras,23,performanz,2.0864958050995,1,3.9909291971125,0.50686404877188,0.033885703813723,0.13418955811809,0.37059932669004,0.40085263899891,0.52280821682502,0.39060672750351,0.5919789444409003,False,True,True
1484,2,8,2026-01-06,Dreieck: Satz des Pythagoras,23,regulation,2.5051943093294,1,4.9669401934215,0.3909448724847,0.12089807406911,0.11494805508238,0.41638689628016,0.45609554731063,0.42841057129645,0.50437274620701,0.9760109963090002,False,True,True
1475,11,8,2026-01-08,Trigonometrie: Tiefergehende Aufgaben zu den trigonometrischen Funktionen,18,kognition,2.4163555556782,1,4.8603582361414,0.49715483236647,0.05455158373708,0.089907259755098,0.39074852793277,0.41967516285658,0.46598299116922,0.44251775629924,-0.10658195728009989,False,True,True
1476,11,8,2026-01-08,Trigonometrie: Tiefergehende Aufgaben zu den trigonometrischen Funktionen,18,methodik,2.0727013696748,1,4.5727824075154,0.44268491679277,0.18727441622495,0.068362349170508,0.41678488063851,0.45326819697048,0.44694964326754,0.43052862189011,-0.2875758286260002,False,True,True
1477,11,8,2026-01-08,Trigonometrie: Tiefergehende Aufgaben zu den trigonometrischen Funktionen,18,performanz,-1.4208154801294,-1,2.4266476899275,-0.20928205410567,-0.16359950628713,-0.29551362807447,-0.37210261836463,-0.25185081429813,-0.58550305056493,-0.54534086931492,-2.1461347175879,True,True,True
1478,11,8,2026-01-08,Trigonometrie: Tiefergehende Aufgaben zu den trigonometrischen Funktionen,18,regulation,1.8976886923973,1,3.9225909597309,0.450203957025,0.19261550717586,0.21765521993499,0.40377985151042,0.38454350726066,0.40972996824294,0.48378326316616,1.4959432698034,True,True,True
1479,11,8,2026-01-08,Trigonometrie: Tiefergehende Aufgaben zu den trigonometrischen Funktionen,18,kognition,1.8346726067272,1,3.2578547618,0.56315186199242,0.031352009134577,0.21853304168741,0.26739485678908,0.44746296860024,0.50787483501136,0.32319380690867,-0.6647361979309001,False,True,True
1470,2,8,2026-01-13,Dreieck: Satz des Pythagoras,23,kognition,1.8124059963247,1,2.7008782028216,0.67104073187158,0.0,0.13221920340388,0.18986342323182,0.46057081054162,0.46390437256253,0.26236264134944,-0.5569765589784001,False,False,True
1471,2,8,2026-01-13,Dreieck: Satz des Pythagoras,23,regulation,2.0584483248078,1,3.7903140793782,0.43782915236789,0.20100650117379,0.23487362217918,0.31187955950307,0.38918849396145,0.41116778334824,0.54307976882693,1.0894358765566001,False,True,True
1472,2,8,2026-01-13,Dreieck: Satz des Pythagoras,23,performanz,1.7011124840356,1,3.5863224441572,0.44140928068148,0.05461982512367,0.046057928264602,0.44525025198419,0.40530347089364,0.47433206779451,0.46101844996376,-0.20399163522100006,False,True,True
1473,2,8,2026-01-13,Dreieck: Satz des Pythagoras,23,regulation,1.539769585776,1,2.8957199704337,0.47088581038576,0.15755269598282,0.14777939986544,0.33022333356776,0.43475917646087,0.38831659764443,0.5317379733254,-0.6906024737234997,False,True,True
1474,2,8,2026-01-13,Dreieck: Satz des Pythagoras,23,motivation,1.5369106333891,1,3.0257381219646,0.43790454460234,0.050987706223324,0.2277099374948,0.50794400969211,0.29084563611002,0.45239383196929,0.45444797044548,0.13001815153089957,False,True,True
1465,11,8,2026-01-15,"Trigonometrie: finale Wdh. Sinus, Cosinus, Tangens",18,kognition,2.1928329711058,1,3.9028243912711,0.56185652560873,0.035514064351567,0.10716096158394,0.3336892807476,0.43935402011948,0.47241530936597,0.37948739649417,0.8770862693065,False,True,True
1466,11,8,2026-01-15,"Trigonometrie: finale Wdh. Sinus, Cosinus, Tangens",18,kognition,1.8706043338075,1,3.4522478891995,0.54184953553435,0.028966549779741,0.10377305345183,0.30141773302564,0.50406736303315,0.44719022762149,0.38713011245978,-0.4505765020715997,False,False,True
1467,11,8,2026-01-15,"Trigonometrie: finale Wdh. Sinus, Cosinus, Tangens",18,performanz,2.3948877939416,1,5.1347917672217,0.4550965814422,0.18555233494289,0.18262346788491,0.41161163392981,0.39474618047525,0.46640316462253,0.42699134697623,1.6825438780222002,False,True,True
1468,11,8,2026-01-15,"Trigonometrie: finale Wdh. Sinus, Cosinus, Tangens",18,performanz,2.3969338314309,1,4.8647814867475,0.43636742711202,0.05887908540611,0.11008583245671,0.41821687591632,0.41539574353306,0.49271049703992,0.45141013196524,-0.2700102804742004,False,False,True
1469,11,8,2026-01-15,"Trigonometrie: finale Wdh. Sinus, Cosinus, Tangens",18,motivation,1.3731526696862,1,2.5027427502368,0.32393594064879,0.33971266398016,0.33330308238438,0.54865694166406,0.21347094334422,0.42808596573203,0.37243791298749,-2.3620387365107,False,True,True
1461,2,8,2026-01-20,Weitere Themen: Chemie Klausur Vorbereitung Salzen und Säuren,23,performanz,1.9531896505829,1,3.2870701844949,0.41466224445206,0.031405075980467,0.13079068691856,0.40962322696175,0.34539700132505,0.59420200936871,0.41205624797762,0.7843274342581004,False,True,True
1462,2,8,2026-01-20,Weitere Themen: Chemie Klausur Vorbereitung Salzen und Säuren,23,performanz,1.8146533005108,1,2.9011619883243,0.48967516717457,0.0,0.17265110518826,0.31720137154232,0.35619597135299,0.62548973580807,0.33417546746929,-0.38590819617060035,False,False,True
1464,2,8,2026-01-20,Weitere Themen: Chemie Klausur Vorbereitung Salzen und Säuren,23,kognition,1.7210596468562,1,3.2680013090368,0.52663821636637,0.059917132129427,0.10515379467749,0.32731466212845,0.43852952957493,0.41554212567743,0.48567519117027,0.7952653822955003,False,True,True
1457,11,8,2026-01-22,Geometrie: Umgang mit Körpern,18,kognition,1.8124059963247,1,2.7008782028216,0.67104073187158,0.0,0.13221920340388,0.18986342323182,0.46057081054162,0.46390437256253,0.26236264134944,-0.5671231062152002,False,False,True
1458,11,8,2026-01-22,Geometrie: Umgang mit Körpern,18,kognition,1.8706043338075,1,3.4522478891995,0.54184953553435,0.028966549779741,0.10377305345183,0.30141773302564,0.50406736303315,0.44719022762149,0.38713011245978,0.7513696863779002,False,False,True
1459,11,8,2026-01-22,Geometrie: Umgang mit Körpern,18,kognition,2.4036580249543,1,4.6452590913521,0.51744214978398,0.058805209392942,0.10773919193437,0.37190440664099,0.39890677270429,0.45305062017137,0.46312974922747,1.1930112021526003,False,False,True
1460,11,8,2026-01-22,Geometrie: Umgang mit Körpern,18,performanz,1.7576385021604,1,3.4507597507663,0.44464530526223,0.098341955792704,0.27435660761333,0.36291912005201,0.37409352724782,0.50934679190639,0.43156883465415,-1.1944993405858004,False,True,True
1453,2,8,2026-01-27,Geometrie: Umgang mit Körpern,23,performanz,2.071194181061,1,3.7362141348712,0.44069559892085,0.037355174638719,0.10658755293803,0.41158049147071,0.35829413188745,0.55435490652982,0.43352413115014,0.2854543841049,False,False,True
1454,2,8,2026-01-27,Geometrie: Umgang mit Körpern,23,performanz,1.8146533005108,1,2.9011619883243,0.48967516717457,0.0,0.17265110518826,0.31720137154232,0.35619597135299,0.62548973580807,0.33417546746929,-0.8350521465469001,False,False,True
1455,2,8,2026-01-27,Geometrie: Umgang mit Körpern,23,regulation,1.9611829425497,1,4.1066196583502,0.45479888547485,0.19603031562825,0.22223033496086,0.40278440644117,0.38328801363239,0.41003110509019,0.47756508516951,1.2054576700259005,False,True,True
1456,2,8,2026-01-27,Geometrie: Umgang mit Körpern,23,performanz,1.9659302386016,1,3.702637071267,0.47017325437901,0.18259732730411,0.27316223778375,0.42473426924758,0.31688346369353,0.5309526403036,0.32900954691659,-0.40398258708320034,False,True,True
1448,11,8,2026-01-29,Geometrie: Berechnung von Pyramiden,18,kognition,1.8124059963247,1,2.7008782028216,0.67104073187158,0.0,0.13221920340388,0.18986342323182,0.46057081054162,0.46390437256253,0.26236264134944,-1.0017588684454002,False,True,True
1449,11,8,2026-01-29,Geometrie: Berechnung von Pyramiden,18,kognition,2.0025209823477,1,4.1753366045791,0.47960592784119,0.20384347683099,0.27356109825585,0.38796629419017,0.38566077691678,0.43325305356153,0.40819754744271,1.4744584017575004,False,False,True
1450,11,8,2026-01-29,Geometrie: Berechnung von Pyramiden,18,kognition,2.2209564799031,1,4.2332441001739,0.52464520847256,0.057651067006785,0.12431452439003,0.36300826394135,0.46358746533329,0.45239334066434,0.39321350670068,0.05790749559480002,False,False,True
1451,11,8,2026-01-29,Geometrie: Berechnung von Pyramiden,18,regulation,1.0748847029185,1,2.1705909655679,0.41016065224904,0.049968981073429,0.032170610827381,0.39633397743253,0.46323979442207,0.45970750767414,0.49520143037311,-2.062653134606,False,True,True
1452,11,8,2026-01-29,Geometrie: Berechnung von Pyramiden,18,performanz,1.7623605672214,1,3.1844962872024,0.35830210771604,0.21987884155731,0.30560875784078,0.47619592143151,0.25159370964146,0.55341720451418,0.36542762457524,1.0139053216344998,False,True,True
1790,2,9,2025-12-16,Stochastik (Wahrscheinlichkeitsrechnung): Übungen zu Baumdiagrammen,18,performanz,2.1625397852702,1,4.5039203437359,0.43533203634603,0.17064144437225,0.24094742665989,0.42185314901355,0.37315321830169,0.48014503338796,0.41900448192064,2.1949028155488,False,False,True
1791,2,9,2025-12-16,Stochastik (Wahrscheinlichkeitsrechnung): Übungen zu Baumdiagrammen,18,kognition,1.6291639737569,1,2.6011908708907,0.62631225138682,0.017885899512245,0.12307583679251,0.21551127310514,0.58013916482116,0.36832679624498,0.2712683538319,-1.9027294728452002,False,True,True
1792,2,9,2025-12-16,Stochastik (Wahrscheinlichkeitsrechnung): Übungen zu Baumdiagrammen,18,performanz,1.5511427607571,1,2.6677743582537,0.32130842266691,0.036953441487947,0.1513991513825,0.40364975331999,0.43700613516417,0.58143483597468,0.42484372043268,0.06658348736300024,False,True,True
1794,2,9,2025-12-16,Stochastik (Wahrscheinlichkeitsrechnung): Übungen zu Baumdiagrammen,18,kognition,1.2771822134312,1,2.1587129569032,0.59163785206759,0.36827328743493,0.41197527053745,0.39903167299848,0.34750634655043,0.2469901369355,0.060128901709216,0.3757127609544002,False,True,True
1785,5,9,2025-12-18,Weitere Themen: Diagramme,23,performanz,1.6203139294579,1,2.8371568730149,0.54845682023067,0.028021755359531,0.16693232310901,0.30201188330985,0.37207718972365,0.57110279443525,0.33871143059007,0.6784439161117,False,True,True
1786,5,9,2025-12-18,Weitere Themen: Diagramme,23,performanz,1.8608741963844,1,3.0556171049096,0.55550638970887,0.0,0.29078875442313,0.25128473348535,0.3845063379814,0.60899911294624,0.15804728787018,0.21846023189469976,False,False,True
1787,5,9,2025-12-18,Weitere Themen: Diagramme,23,regulation,1.9611829425497,1,4.1066196583502,0.45479888547485,0.19603031562825,0.22223033496086,0.40278440644117,0.38328801363239,0.41003110509019,0.47756508516951,1.0510025534406005,False,True,True
1788,5,9,2025-12-18,Weitere Themen: Diagramme,23,kognition,1.8644313920995,1,3.3659078131316,0.55391471081846,0.027419524844313,0.15221827542323,0.29709727428258,0.43315863907753,0.40624546152473,0.47783024759156,-0.7407118452186006,False,True,True
1789,5,9,2025-12-18,Weitere Themen: Diagramme,23,kognition,2.2688988134381,1,4.362368859302,0.52010586118627,0.19744656419101,0.27327195712571,0.37284289932841,0.46304826268623,0.41077008263379,0.30604741185795,0.9964610461704004,False,False,True
1780,2,9,2025-12-23,Stochastik (Wahrscheinlichkeitsrechnung): Mehrstufige ZE,25,performanz,2.1704766163445,1,2.7997959491403,0.26400718649651,0.0,0.30179924290111,0.3725176947635,0.21048401161646,0.77522394614918,0.23487264715563,-1.5625729101617,False,True,True
1781,2,9,2025-12-23,Stochastik (Wahrscheinlichkeitsrechnung): Mehrstufige ZE,25,methodik,2.3478293915917,1,4.8610905793176,0.47994405849977,0.055198548943196,0.10402802334362,0.36838272977433,0.48298309267266,0.43924951826585,0.44029789265196,2.0612946301773,False,True,True
1782,2,9,2025-12-23,Stochastik (Wahrscheinlichkeitsrechnung): Mehrstufige ZE,25,regulation,1.8985578898938,1,4.0585137007709,0.44377818223044,0.23049497365834,0.059328109741964,0.45693261902199,0.37722197303759,0.42010957971302,0.46779519595589,-0.8025768785467005,False,True,True
1783,2,9,2025-12-23,Stochastik (Wahrscheinlichkeitsrechnung): Mehrstufige ZE,25,kognition,1.4328351876114,1,1.7651284248868,0.81174097589727,0.03503427832638,0.20186096141735,0.048695442815562,0.52473018072417,0.13219765793973,0.062456221824181,-2.2933852758840994,False,True,True
1784,2,9,2025-12-23,Stochastik (Wahrscheinlichkeitsrechnung): Mehrstufige ZE,25,performanz,2.1704766163445,1,2.7997959491403,0.26400718649651,0.0,0.30179924290111,0.3725176947635,0.21048401161646,0.77522394614918,0.23487264715563,1.0346675242535002,False,True,True
1774,2,9,2026-01-06,Gleichungssysteme: Arbeitsblatt zur Gleichungen Lösen mit CAS,23,kognition,2.0532452617647,1,2.86636421726,0.71632142425822,0.0,0.24589649946494,0.10102785763875,0.48005379208708,0.42650143713645,0.062046789280422,0.06656826811969996,False,True,True
1775,2,9,2026-01-06,Gleichungssysteme: Arbeitsblatt zur Gleichungen Lösen mit CAS,23,kognition,2.0025209823477,1,4.1753366045791,0.47960592784119,0.20384347683099,0.27356109825585,0.38796629419017,0.38566077691678,0.43325305356153,0.40819754744271,1.3089723873191002,False,False,True
1776,2,9,2026-01-06,Gleichungssysteme: Arbeitsblatt zur Gleichungen Lösen mit CAS,23,regulation,1.553207951233,1,3.2346333289896,0.43733050150753,0.22603274082431,0.032045122263973,0.45206961184473,0.39443184375602,0.40755714823022,0.48017904704139,-0.9407032755895002,False,True,True
1777,2,9,2026-01-06,Gleichungssysteme: Arbeitsblatt zur Gleichungen Lösen mit CAS,23,regulation,2.6578468217074,1,4.5939307421391,0.33190216486452,-0.0032181844825733,0.076571162392784,0.42939803430211,0.44269501759978,0.41094501266628,0.57855487715102,1.3592974131494997,False,False,True
1778,2,9,2026-01-06,Gleichungssysteme: Arbeitsblatt zur Gleichungen Lösen mit CAS,23,performanz,1.6229270452087,1,3.4989761103282,0.39913283762435,0.20574122243346,0.31304974465119,0.41790252261595,0.33606865075675,0.46382780440831,0.44456358396692,-1.0949546318108996,False,True,True
1779,2,9,2026-01-06,Gleichungssysteme: Arbeitsblatt zur Gleichungen Lösen mit CAS,23,kognition,-0.811,-1,0.99141868047763,-0.81801143740294,0.0,-0.17853023972912,0.0,-0.48515844807745,-0.25216135554961,0.0,-2.50755742985057,True,True,True
1769,5,9,2026-01-08,Weitere Themen: Mathe Aufgabe zur Gleichungen,23,kognition,1.8124059963247,1,2.7008782028216,0.67104073187158,0.0,0.13221920340388,0.18986342323182,0.46057081054162,0.46390437256253,0.26236264134944,1.7094595223439697,True,False,True
1770,5,9,2026-01-08,Weitere Themen: Mathe Aufgabe zur Gleichungen,23,regulation,1.9772187354812,1,3.5945149852943,0.44008146001926,0.21195562268381,0.24766753587711,0.30191198612596,0.39195609564178,0.39077811478869,0.55006398441248,0.8936367824727003,False,True,True
1771,5,9,2026-01-08,Weitere Themen: Mathe Aufgabe zur Gleichungen,23,performanz,1.2088568683975,1,1.9527463174987,0.22768449948157,0.15287355723892,0.30282666445326,0.37380252504995,0.25326239678698,0.61905157216232,0.4959639051638,-1.6417686677956,False,True,True
1772,5,9,2026-01-08,Weitere Themen: Mathe Aufgabe zur Gleichungen,23,kognition,2.0061560441041,1,3.6624782597347,0.54775767233435,0.037845715107673,0.14946786415009,0.34196619651183,0.41905124282305,0.4683771687897,0.40529142004314,1.709731942236,False,True,True
1773,5,9,2026-01-08,Weitere Themen: Mathe Aufgabe zur Gleichungen,23,kognition,1.9103486640717,1,2.7335037657279,0.69886191466206,0.017332898938109,0.1636905901472,0.18050976179831,0.50952449450836,0.39033476381502,0.1998235634722,-0.9289744940068001,False,False,True
1764,2,9,2026-01-13,Weitere Themen: PHY Aufgaben,23,regulation,1.7810357015046,1,3.5846603474751,0.44499407838611,0.049847783190915,0.036900952175072,0.39802316963037,0.42437609028194,0.46125148062342,0.49684783504823,0.8511565817472002,False,True,True
1765,2,9,2026-01-13,Weitere Themen: PHY Aufgaben,23,kognition,2.0025209823477,1,4.1753366045791,0.47960592784119,0.20384347683099,0.27356109825585,0.38796629419017,0.38566077691678,0.43325305356153,0.40819754744271,0.5906762571040001,False,True,True
1766,2,9,2026-01-13,Weitere Themen: PHY Aufgaben,23,performanz,2.0460450165577,1,3.630178709223,0.53808152824107,0.013797503863005,0.2273321984769,0.31806243954262,0.3762702778278,0.56361946456377,0.31334090345997,-0.5451578953561005,False,True,True
1767,2,9,2026-01-13,Weitere Themen: PHY Aufgaben,23,kognition,2.1850763724237,1,3.5801295571611,0.61033273634628,0.02878655812403,0.12348325252983,0.29128066033205,0.45669495279361,0.44109123040304,0.35133375651135,-0.05004915206189997,False,True,True
1768,2,9,2026-01-13,Weitere Themen: PHY Aufgaben,23,sozial,1.0,1,1.9538462068443,0.25948685385546,0.51180839024746,0.0,0.51180839024746,0.36901384936842,0.31936843551441,0.4130293709297,-1.6262833503167997,False,True,True
1759,5,9,2026-01-15,Weitere Themen: Aufgaben zum Taschenrechner,23,performanz,1.7803177442296,1,2.2792901074475,0.26065571282368,0.0,0.29833114483633,0.36911250485341,0.20746555360131,0.78108088461566,0.23167867253301,0.3254439006031997,False,True,True
1760,5,9,2026-01-15,Weitere Themen: Aufgaben zum Taschenrechner,23,methodik,2.3478293915917,1,4.8610905793176,0.47994405849977,0.055198548943196,0.10402802334362,0.36838272977433,0.48298309267266,0.43924951826585,0.44029789265196,2.5818004718701,False,True,True
1761,5,9,2026-01-15,Weitere Themen: Aufgaben zum Taschenrechner,23,performanz,1.9343789929705,1,3.7281985400685,0.40952297822629,0.23941046247707,0.13252961756498,0.43892855326055,0.39268182609114,0.51884946139171,0.37595484001876,-1.1328920392491,False,True,True
1762,5,9,2026-01-15,Weitere Themen: Aufgaben zum Taschenrechner,23,kognition,1.7210596468562,1,3.2680013090368,0.52663821636637,0.059917132129427,0.10515379467749,0.32731466212845,0.43852952957493,0.41554212567743,0.48567519117027,-0.46019723103169996,False,True,True
1763,5,9,2026-01-15,Weitere Themen: Aufgaben zum Taschenrechner,23,kognition,2.1462963786463,1,4.3406553652064,0.49446253006518,0.26550279432215,0.053552965854877,0.37877182858556,0.4109033095443,0.44109602015534,0.41864927793105,1.0726540561696,False,False,True
1755,2,9,2026-01-20,Weitere Themen: CAS Aufgaben,23,kognition,2.1928329711058,1,3.9028243912711,0.56185652560873,0.035514064351567,0.10716096158394,0.3336892807476,0.43935402011948,0.47241530936597,0.37948739649417,-0.43783097393530035,False,False,True
1756,2,9,2026-01-20,Weitere Themen: CAS Aufgaben,23,kognition,1.6291639737569,1,2.6011908708907,0.62631225138682,0.017885899512245,0.12307583679251,0.21551127310514,0.58013916482116,0.36832679624498,0.2712683538319,-1.3016335203804,False,False,True
1757,2,9,2026-01-20,Weitere Themen: CAS Aufgaben,23,sozial,1.0,1,1.9538462068443,0.25948685385546,0.51180839024746,0.0,0.51180839024746,0.36901384936842,0.31936843551441,0.4130293709297,-0.6473446640463998,False,True,True
1758,2,9,2026-01-20,Weitere Themen: CAS Aufgaben,23,kognition,2.0386456472603,1,3.7892050143531,0.5380126594923,-0.14104168078453,0.06012504014222,0.28328564846942,0.48597911965339,0.41569139117888,0.44475108527832,1.8353588075087999,False,True,True
1750,5,9,2026-01-22,Weitere Themen: CAS Aufgabe,23,performanz,1.6203139294579,1,2.8371568730149,0.54845682023067,0.028021755359531,0.16693232310901,0.30201188330985,0.37207718972365,0.57110279443525,0.33871143059007,-0.9520481413381998,False,True,True
1751,5,9,2026-01-22,Weitere Themen: CAS Aufgabe,23,kognition,1.6572392084879,1,2.7485111833519,0.6029566803145,0.036207071392921,0.095577072626153,0.31056895785456,0.39725124495274,0.44300457099163,0.41889778835364,-0.08864568966300013,False,True,True
1752,5,9,2026-01-22,Weitere Themen: CAS Aufgabe,23,regulation,0.83995356903732,1,1.2723766120734,0.32816316889373,0.079216825552914,0.026147554981766,0.38552188435751,0.40842573301039,0.36621088545109,0.66014021294095,-1.4761345712785001,False,True,True
1753,5,9,2026-01-22,Weitere Themen: CAS Aufgabe,23,performanz,1.5583528329756,1,2.4727359267413,0.42450201381654,0.020128723815308,0.15990248555212,0.38637338240925,0.27902517895313,0.63021146496408,0.41171598220526,1.2003593146679,False,True,True
1754,5,9,2026-01-22,Weitere Themen: CAS Aufgabe,23,kognition,1.9163287574076,1,3.4981448019098,0.54781130793909,0.039250377891882,0.1024699522979,0.33116280566641,0.48098751768654,0.44968927694479,0.3802869028609,1.0254088751685,False,True,True
1746,2,9,2026-01-27,Prüfungsvorbereitung: CAS Aufgaben,23,regulation,1.7810357015046,1,3.5846603474751,0.44499407838611,0.049847783190915,0.036900952175072,0.39802316963037,0.42437609028194,0.46125148062342,0.49684783504823,0.08651554556530039,False,True,True
1747,2,9,2026-01-27,Prüfungsvorbereitung: CAS Aufgaben,23,kognition,1.6662193362077,1,3.0045876008173,0.55455656882455,0.13213083838315,0.2111204192588,0.25222496970111,0.43296993128715,0.41757439605066,0.45274848720097,-0.5800727466578004,False,True,True
1748,2,9,2026-01-27,Prüfungsvorbereitung: CAS Aufgaben,23,regulation,1.9611829425497,1,4.1066196583502,0.45479888547485,0.19603031562825,0.22223033496086,0.40278440644117,0.38328801363239,0.41003110509019,0.47756508516951,1.1020320575329006,False,True,True
1749,2,9,2026-01-27,Prüfungsvorbereitung: CAS Aufgaben,23,kognition,1.8346238946577,1,3.050519966414,0.60141153008057,0.25796034376092,0.36992244687776,0.36833268059845,0.37038652482427,0.38425337642634,0.12002358492601,-1.0560996919362005,False,True,True
1742,5,9,2026-01-29,Weitere Themen: Gleichungssysteme CAS,23,performanz,2.1524916087874,1,3.7834187822736,0.43529939562806,0.035551443866491,0.119184436252,0.4104201615304,0.35006848278279,0.56892616001453,0.42470070376623,0.7328988158595999,False,True,True
1743,5,9,2026-01-29,Weitere Themen: Gleichungssysteme CAS,23,regulation,2.0584483248078,1,3.7903140793782,0.43782915236789,0.20100650117379,0.23487362217918,0.31187955950307,0.38918849396145,0.41116778334824,0.54307976882693,0.006895297104600129,False,True,True
1744,5,9,2026-01-29,Weitere Themen: Gleichungssysteme CAS,23,performanz,1.5619583131048,1,2.7800794322758,0.4828625632128,0.016496962767111,0.21435825162725,0.32723127590326,0.36859184201213,0.56183743406635,0.40250886323243,-1.0102346471024002,False,True,True
1745,5,9,2026-01-29,Weitere Themen: Gleichungssysteme CAS,23,performanz,2.3969338314309,1,4.8647814867475,0.43636742711202,0.05887908540611,0.11008583245671,0.41821687591632,0.41539574353306,0.49271049703992,0.45141013196524,2.0847020544717,False,False,True
1118,5,10,2026-01-08,Weitere Themen: ABI Vorbereitung - Aufgaben von Herr Thiele,23,performanz,2.034911587693,1,4.2375936204146,0.44755458964527,0.18471160900953,0.27647585423301,0.40997226864095,0.37266138334302,0.48020338143233,0.38933769139254,,False,False,True
1119,5,10,2026-01-08,Weitere Themen: ABI Vorbereitung - Aufgaben von Herr Thiele,23,regulation,1.5887506947218,1,2.5500239990253,0.30106002388061,0.15568419877999,0.13842952687491,0.37101936000202,0.30931179423061,0.49442664870243,0.62303118128191,-1.6875696213893,False,True,True
1120,5,10,2026-01-08,Weitere Themen: ABI Vorbereitung - Aufgaben von Herr Thiele,23,motivation,1.5369106333891,1,3.0257381219646,0.43790454460234,0.050987706223324,0.2277099374948,0.50794400969211,0.29084563611002,0.45239383196929,0.45444797044548,0.4757141229392996,False,True,True
1121,5,10,2026-01-08,Weitere Themen: ABI Vorbereitung - Aufgaben von Herr Thiele,23,regulation,1.6593102589405,1,3.445161991689,0.35697457681494,0.30867452774446,-0.051124322883014,0.44905706607895,0.45666641004076,0.36400878395462,0.48163350420338,0.41942386972440016,False,True,True
1114,3,10,2026-01-14,Weitere Themen: Vorbereitung ABI,23,kognition,1.919667488646,1,3.1988921097457,0.60010197961283,0.028359326892356,0.086449473354213,0.30337364378423,0.40429765756495,0.44207952411901,0.42504956153813,-0.24626988194330002,False,True,True
1115,3,10,2026-01-14,Weitere Themen: Vorbereitung ABI,23,performanz,1.8146533005108,1,2.9011619883243,0.48967516717457,0.0,0.17265110518826,0.31720137154232,0.35619597135299,0.62548973580807,0.33417546746929,-0.2977301214214001,False,True,True
1116,3,10,2026-01-14,Weitere Themen: Vorbereitung ABI,23,regulation,2.2148166874228,1,4.3093800800185,0.40373138078784,0.25987825762376,0.10320541471071,0.43241760359741,0.38661493539129,0.39775145632727,0.51395131243569,1.4082180916942004,False,True,True
1117,3,10,2026-01-14,Weitere Themen: Vorbereitung ABI,23,kognition,2.2688988134381,1,4.362368859302,0.52010586118627,0.19744656419101,0.27327195712571,0.37284289932841,0.46304826268623,0.41077008263379,0.30604741185795,0.05298877928349999,False,True,True
1109,3,10,2026-01-21,Weitere Themen: ABI vorbereitung,23,kognition,1.8124059963247,1,2.7008782028216,0.67104073187158,0.0,0.13221920340388,0.18986342323182,0.46057081054162,0.46390437256253,0.26236264134944,-1.6614906564804004,False,False,True
1110,3,10,2026-01-21,Weitere Themen: ABI vorbereitung,23,kognition,2.0772518399554,1,3.5046583852388,0.59270995472911,0.037629046859325,0.10166548436159,0.31605277833603,0.40263592842087,0.44426987951362,0.42137466894537,0.8037801824172002,False,False,True
1111,3,10,2026-01-21,Weitere Themen: ABI vorbereitung,23,kognition,2.0635169573234,1,3.5459767256588,0.5819302543892,0.025556217949941,0.16336965941252,0.27651007972838,0.44722713027514,0.40033995329892,0.44414723291951,0.041318340420000155,False,False,True
1112,3,10,2026-01-21,Weitere Themen: ABI vorbereitung,23,motivation,1.5369106333891,1,3.0257381219646,0.43790454460234,0.050987706223324,0.2277099374948,0.50794400969211,0.29084563611002,0.45239383196929,0.45444797044548,-0.5202386036942004,False,True,True
1113,3,10,2026-01-21,Weitere Themen: ABI vorbereitung,23,kognition,1.4328351876114,1,1.7651284248868,0.81174097589727,0.03503427832638,0.20186096141735,0.048695442815562,0.52473018072417,0.13219765793973,0.062456221824181,-1.2606096970777998,False,True,True
1104,5,10,2026-01-22,Weitere Themen: ABI Vorbereitung,23,performanz,1.0,1,1.6103819422733,0.37754784039823,0.0,0.0,0.36264463617198,0.29868505136768,0.62096684276024,0.50112024210752,-0.1547464826135001,False,True,True
1105,5,10,2026-01-22,Weitere Themen: ABI Vorbereitung,23,kognition,2.3459293201978,1,3.9453024964552,0.59461178862399,0.17052830396184,0.30842106960146,0.27913815177287,0.45862360065479,0.4018311838535,0.26926989756156,2.3349205541819,False,True,True
1106,5,10,2026-01-22,Weitere Themen: ABI Vorbereitung,23,performanz,-1.4208154801294,-1,2.4266476899275,-0.20928205410567,-0.16359950628713,-0.29551362807447,-0.37210261836463,-0.25185081429813,-0.58550305056493,-0.54534086931492,-1.5186548065277,True,True,True
1107,5,10,2026-01-22,Weitere Themen: ABI Vorbereitung,23,motivation,1.3731526696862,1,2.5027427502368,0.32393594064879,0.33971266398016,0.33330308238438,0.54865694166406,0.21347094334422,0.42808596573203,0.37243791298749,0.0760950603092998,True,True,True
1108,5,10,2026-01-22,Weitere Themen: ABI Vorbereitung,23,kognition,1.7468429863796,1,4.0578127668032,0.43048774842273,0.28241639133245,0.31314652429469,0.41780346808517,0.36786569284546,0.40358753700582,0.40507752344252,1.5550700165664,False,True,True
2935,3,10,2026-01-28,Prüfungsvorbereitung: ABI Aufgaben,23,performanz,2.1524916087874,1,3.7834187822736,0.43529939562806,0.035551443866491,0.119184436252,0.4104201615304,0.35006848278279,0.56892616001453,0.42470070376623,-0.27439398452959995,False,True,True
2936,3,10,2026-01-28,Prüfungsvorbereitung: ABI Aufgaben,23,regulation,2.0584483248078,1,3.7903140793782,0.43782915236789,0.20100650117379,0.23487362217918,0.31187955950307,0.38918849396145,0.41116778334824,0.54307976882693,0.006895297104600129,False,True,True
2937,3,10,2026-01-28,Prüfungsvorbereitung: ABI Aufgaben,23,kognition,2.1924851933349,1,4.1237246674791,0.53167465177268,0.043815676360963,0.10727253755029,0.34110917171388,0.48275403593977,0.44641375703799,0.39395156450003,0.33341058810089974,False,True,True
2938,3,10,2026-01-28,Prüfungsvorbereitung: ABI Aufgaben,23,regulation,2.5507887745069,1,5.0551648723269,0.38568540563395,0.14372256099515,0.13504874488232,0.41636045227922,0.45091607348817,0.42550729255688,0.50458962131469,0.9314402048478003,False,True,True
2939,3,10,2026-01-28,Prüfungsvorbereitung: ABI Aufgaben,23,kognition,1.9456574808789,1,3.7466053594377,0.51931070959227,0.05153438433853,0.11548013475006,0.33418177163828,0.47010747702158,0.43398948012493,0.43965239583273,-1.3085595128892002,False,True,True
2930,5,10,2026-01-29,Prüfungsvorbereitung: Abi aufgaben,23,regulation,-2.5959206681961,-1,4.9994922176415,-0.44712753209035,-0.036384085454313,-0.026747649730504,-0.37995063527886,-0.40111363555312,-0.47241216471738,-0.51923582692613,1.2528868582038006,True,True,True
2931,5,10,2026-01-29,Prüfungsvorbereitung: Abi aufgaben,23,regulation,1.5887506947218,1,2.5500239990253,0.30106002388061,0.15568419877999,0.13842952687491,0.37101936000202,0.30931179423061,0.49442664870243,0.62303118128191,-2.4494682186162002,True,False,True
2932,5,10,2026-01-29,Prüfungsvorbereitung: Abi aufgaben,23,regulation,1.7816850647611,1,3.7945306446695,0.383394548246,0.288480981131,-0.019772135789809,0.45100262381218,0.4258566687896,0.40517518881483,0.46953906456739,1.2445066456441998,False,False,True
2933,5,10,2026-01-29,Prüfungsvorbereitung: Abi aufgaben,23,performanz,2.0210934208702,1,3.8370595765555,0.38269704431487,0.26768682313805,0.17166888487344,0.43711531562113,0.35754246636842,0.52672837449158,0.39504698929506,0.04252893188599982,False,True,True
2934,5,10,2026-01-29,Prüfungsvorbereitung: Abi aufgaben,23,performanz,1.9064074525368,1,3.2130577432452,0.40734221030812,0.10932298363424,0.31214687444208,0.33282460089911,0.33426159741231,0.59332936771864,0.38747405602153,-0.6240018333102997,False,False,True
975,7,11,2024-10-25,Mathematik: Brüche,8,motivation,2.1630411928725,1,3.8026950158037,0.22049545955794,0.28858107535127,0.33972487441318,0.56881645667573,0.31220275959035,0.41027992322792,0.40414369434204,,False,False,True
974,3,11,2025-01-08,Koordinatensystem:,14,performanz,1.8907913490703,1,3.6666188113702,0.40010272270203,0.10391890839514,0.32815256508353,0.44440179534864,0.30483284618019,0.51567569185268,0.40631474525547,-0.1360762044335,False,True,True
973,3,11,2025-01-15,Zuordnungen:,14,motivation,2.4467691719205,1,5.6219840783918,0.35790242754263,0.25324581597129,0.35229654816458,0.43521375828635,0.35987938288441,0.42084755267266,0.43315025745398,1.9553652670216,False,True,True
1714,7,11,2025-12-12,Wurzelfunktion/-rechnung: Wirzelrechnung,23,kognition,2.4163555556782,1,4.8603582361414,0.49715483236647,0.05455158373708,0.089907259755098,0.39074852793277,0.41967516285658,0.46598299116922,0.44251775629924,-0.7616258422503996,False,True,True
1715,7,11,2025-12-12,Wurzelfunktion/-rechnung: Wirzelrechnung,23,kognition,2.0025209823477,1,4.1753366045791,0.47960592784119,0.20384347683099,0.27356109825585,0.38796629419017,0.38566077691678,0.43325305356153,0.40819754744271,-0.6850216315623001,False,False,True
1716,7,11,2025-12-12,Wurzelfunktion/-rechnung: Wirzelrechnung,23,performanz,1.5511427607571,1,2.6677743582537,0.32130842266691,0.036953441487947,0.1513991513825,0.40364975331999,0.43700613516417,0.58143483597468,0.42484372043268,-1.5075622463254001,False,True,True
1717,7,11,2025-12-12,Wurzelfunktion/-rechnung: Wirzelrechnung,23,kognition,2.1462963786463,1,4.3406553652064,0.49446253006518,0.26550279432215,0.053552965854877,0.37877182858556,0.4109033095443,0.44109602015534,0.41864927793105,1.6728810069527,False,True,True
1718,7,11,2025-12-12,Wurzelfunktion/-rechnung: Wirzelrechnung,23,performanz,1.9343789929705,1,3.7281985400685,0.40952297822629,0.23941046247707,0.13252961756498,0.43892855326055,0.39268182609114,0.51884946139171,0.37595484001876,-0.6124568251379001,False,True,True
1709,3,11,2025-12-17,Wurzelfunktion/-rechnung: Quadratwurzel,19,regulation,1.8479915181834,1,4.0789242581081,0.42043389351725,0.32285885538557,0.14942820404965,0.40847577548243,0.41016540084089,0.39536647425586,0.45305744129363,0.35072571803959995,False,True,True
1710,3,11,2025-12-17,Wurzelfunktion/-rechnung: Quadratwurzel,19,regulation,0.61169791055793,1,0.78503971413289,-0.19646102355585,0.42330280908898,0.37958715950229,0.1645495532834,-0.04349476965984,0.044837282982806,0.77918366129661,-3.29388454397521,False,False,True
1711,3,11,2025-12-17,Wurzelfunktion/-rechnung: Quadratwurzel,19,regulation,1.9791706721549,1,4.2157345291432,0.37487060772453,0.2035061245517,0.30634878400679,0.42635033914532,0.34151654325095,0.45320148723103,0.46947120691802,3.43069481501031,False,False,True
1712,3,11,2025-12-17,Wurzelfunktion/-rechnung: Quadratwurzel,19,kognition,2.3317185870149,1,3.9472334029979,0.59072075090275,0.036035643093624,0.11051648660271,0.31723657760352,0.43648255743814,0.44637104913987,0.38357304861061,-0.26850112614529964,False,True,True
1704,3,11,2026-01-07,Brüche: Alle rechenarten (wdh),19,kognition,1.919667488646,1,3.1988921097457,0.60010197961283,0.028359326892356,0.086449473354213,0.30337364378423,0.40429765756495,0.44207952411901,0.42504956153813,1.7027003237821998,False,False,True
1705,3,11,2026-01-07,Brüche: Alle rechenarten (wdh),19,performanz,2.3238211125165,1,4.8604079848911,0.47652082017042,0.045968410589216,0.15904505569559,0.36906918169985,0.45571026315801,0.47811137226062,0.41598194606199,1.6615158751453998,False,True,True
1706,3,11,2026-01-07,Brüche: Alle rechenarten (wdh),19,performanz,1.5399390735643,1,2.5074879048464,0.37305328524839,0.028718278910358,0.13735554249582,0.41621030612412,0.36013603341378,0.61413374287892,0.40130132079964,-2.3529200800447,False,False,True
1707,3,11,2026-01-07,Brüche: Alle rechenarten (wdh),19,performanz,1.8542435914099,1,3.1247370982285,0.40826567234631,0.018723816000282,0.11178319840243,0.39781778722095,0.36684700925044,0.59340597274611,0.4189275677597,0.6172491933821003,False,False,True
1708,3,11,2026-01-07,Brüche: Alle rechenarten (wdh),19,kognition,2.160530582695,1,3.8585181516088,0.55993645706438,0.029577758480892,0.056914427315972,0.32397529023664,0.38526227886118,0.486136350724,0.43890354430942,0.7337810533802998,False,True,True
1699,3,11,2026-01-14,Algebra: Division Dezimalzahlen,19,performanz,2.0870902816588,1,4.4145152628884,0.43968804871547,0.17418202291411,0.23306809459268,0.42217648532543,0.37570820245601,0.47277796758904,0.42320341528376,0.5559971112795998,False,True,True
1700,3,11,2026-01-14,Algebra: Division Dezimalzahlen,19,kognition,1.6291639737569,1,2.6011908708907,0.62631225138682,0.017885899512245,0.12307583679251,0.21551127310514,0.58013916482116,0.36832679624498,0.2712683538319,-1.8133243919976998,False,True,True
1701,3,11,2026-01-14,Algebra: Division Dezimalzahlen,19,motivation,1.7915442913418,1,3.3533597644884,0.41425099938255,0.29820749581207,0.29614522655344,0.53425193675745,0.28669873699374,0.4000688015956,0.35225572510267,0.7521688935977,False,True,True
1702,3,11,2026-01-14,Algebra: Division Dezimalzahlen,19,motivation,1.3391291752914,1,2.9438340136339,0.39013065463861,0.34771163703153,0.063474612705181,0.45489134923233,0.38828321190919,0.42472073090344,0.4298618126599,-0.4095257508544998,False,False,True
1703,3,11,2026-01-14,Algebra: Division Dezimalzahlen,19,kognition,1.6773866972735,1,3.1560062704863,0.53148860890222,-0.10413465233724,0.10965864089867,0.28633042712269,0.45612604479799,0.40500201161164,0.49049135214022,0.21217225685240004,False,True,True
1684,7,11,2026-01-23,Gleichungssysteme: Gleichungen lösen,23,performanz,2.1524916087874,1,3.7834187822736,0.43529939562806,0.035551443866491,0.119184436252,0.4104201615304,0.35006848278279,0.56892616001453,0.42470070376623,0.6274125117872997,False,True,True
1685,7,11,2026-01-23,Gleichungssysteme: Gleichungen lösen,23,regulation,1.5887506947218,1,2.5500239990253,0.30106002388061,0.15568419877999,0.13842952687491,0.37101936000202,0.30931179423061,0.49442664870243,0.62303118128191,-1.2333947832482997,False,True,True
1686,7,11,2026-01-23,Gleichungssysteme: Gleichungen lösen,23,kognition,2.1462963786463,1,4.3406553652064,0.49446253006518,0.26550279432215,0.053552965854877,0.37877182858556,0.4109033095443,0.44109602015534,0.41864927793105,1.7906313661811,False,True,True
1687,7,11,2026-01-23,Gleichungssysteme: Gleichungen lösen,23,performanz,2.3969338314309,1,4.8647814867475,0.43636742711202,0.05887908540611,0.11008583245671,0.41821687591632,0.41539574353306,0.49271049703992,0.45141013196524,0.5241261215410997,False,True,True
1680,3,11,2026-01-28,Gleichungssysteme: ….mit 1 unbekannten,19,kognition,1.919667488646,1,3.1988921097457,0.60010197961283,0.028359326892356,0.086449473354213,0.30337364378423,0.40429765756495,0.44207952411901,0.42504956153813,0.7703392089523997,False,True,True
1681,3,11,2026-01-28,Gleichungssysteme: ….mit 1 unbekannten,19,kognition,2.0025209823477,1,4.1753366045791,0.47960592784119,0.20384347683099,0.27356109825585,0.38796629419017,0.38566077691678,0.43325305356153,0.40819754744271,0.9764444948334003,False,False,True
1682,3,11,2026-01-28,Gleichungssysteme: ….mit 1 unbekannten,19,kognition,2.2209564799031,1,4.2332441001739,0.52464520847256,0.057651067006785,0.12431452439003,0.36300826394135,0.46358746533329,0.45239334066434,0.39321350670068,0.05790749559480002,False,False,True
1683,3,11,2026-01-28,Gleichungssysteme: ….mit 1 unbekannten,19,motivation,1.2623925324906,1,2.6261746889041,0.41358193012077,0.4120300862581,0.035560809429602,0.48069449868637,0.29942201539725,0.42667263452277,0.39387653764832,-1.6070694112698,False,True,True
2428,0,12,2023-12-18,Mathematik: Brüche,36,performanz,2.1977749505879,1,4.5399062270388,0.43609340367748,0.10801265364629,0.16579159198732,0.39749260460336,0.39033655889312,0.48410033152117,0.47534032196209,2.1213350256966006,False,True,True
2427,4,12,2023-12-20,"Brüche: Erweitern ung Kürzen, Umwandeln",34,motivation,1.7203344127691,1,2.6245985521034,0.25775781148041,0.0,0.34367938602604,0.65546323522814,0.23292100262003,0.36084286211816,0.44871589311419,-1.9153076749354003,False,True,True
2424,0,12,2024-01-15,Brüche: Berechnung und umformen von Brüchen,37,performanz,1.7803177442296,1,2.2792901074475,0.26065571282368,0.0,0.29833114483633,0.36911250485341,0.20746555360131,0.78108088461566,0.23167867253301,-0.34530844465590027,False,True,True
2425,0,12,2024-01-15,Brüche: Berechnung und umformen von Brüchen,37,performanz,1.7014084514543,1,3.5064727634097,0.41400350183506,0.031892039670619,0.14998546556067,0.47834691418531,0.35730284348314,0.48521797089909,0.4616980432342,1.2271826559622,False,False,True
2426,0,12,2024-01-15,Brüche: Berechnung und umformen von Brüchen,37,kognition,0.811,1,0.99141868047763,0.81801143740294,0.0,0.17853023972912,0.0,0.48515844807745,0.25216135554961,0.0,-2.51505408293207,False,True,True
2423,0,12,2024-01-22,Brüche: Alle Grundrechenarten,41,performanz,1.1327465300685,1,1.881159988326,0.56819532922291,0.010365889377893,0.21380976872848,0.27546199709883,0.3693415489259,0.60215001148114,0.23757996421077,0.8897413078483699,False,True,True
2422,4,12,2024-01-24,Mathematik: Multiplikation von Dezimalzahlen,38,kognition,1.8432275404175,1,2.359810786534,0.78108793300561,0.018432213851836,0.086879610359002,0.11348578136332,0.48890229627607,0.27009925920707,0.23905494098143,0.47865079820800016,False,True,True
2420,0,12,2024-02-05,Dezimalzahlen: Multiplikation und Diffusion von Dezimalzahlen,37,motivation,1.951508717026,1,3.8990990731169,0.41622947646463,0.017426113109251,0.26359341583208,0.50050118640718,0.3659075078534,0.44217461455411,0.42077856838126,1.5392882865829,False,True,True
2419,0,12,2024-02-12,"Brüche: Nachtrag 29.01.: Umformen, alle Rechenarten",37,regulation,1.0,1,1.4952397801022,0.33907378335502,0.033439229127714,0.080254149906513,0.39057019621169,0.3216853842086,0.41732157951387,0.66878458255427,-0.0591752223987001,False,True,True
2416,0,12,2024-02-26,"Mathematik: Darstellung von Brüchen, GL + Begriffe der Mathematik",37,performanz,0.874,1,1.7259800114717,0.41135811637437,0.040556434008741,0.034762657721778,0.4223662913196,0.41773127029003,0.50637604748057,0.46755774635791,0.23074023136950017,False,True,True
2417,0,12,2024-02-26,"Mathematik: Darstellung von Brüchen, GL + Begriffe der Mathematik",37,kognition,-1.7869008735006,-1,2.2933299753064,-0.77916963587654,0.0085330206720468,-0.11735965542872,-0.1524054586047,-0.42342288084338,-0.41544662401847,0.062686515578417,0.5673499638346999,True,True,True
2418,0,12,2024-02-26,"Mathematik: Darstellung von Brüchen, GL + Begriffe der Mathematik",37,kognition,0.811,1,0.99141868047763,0.81801143740294,0.0,0.17853023972912,0.0,0.48515844807745,0.25216135554961,0.0,-1.3019112948287699,True,False,True
2415,0,12,2024-03-04,"Rechengesetze und Regeln: Klammern auflösen, Multiplikation von Brüchen, ""Punkt- vor Strich - Rechnung""",37,kognition,2.4410912603643,1,4.4732592640319,0.5457063092518,0.11850265963505,0.18961136185774,0.36676259100721,0.44033384902993,0.51258273229085,0.24709320094275,3.48184058355427,False,False,True
2413,0,12,2024-03-11,Gleichungssysteme: Berechnen einer Variablen,37,performanz,1.1589878308294,1,1.8453087816387,0.56613323994048,0.0,0.27178677515269,0.23058978976272,0.3713705654643,0.62806916743141,0.1416179302424,-2.6279504823932003,False,True,True
2414,0,12,2024-03-11,Gleichungssysteme: Berechnen einer Variablen,37,regulation,1.0,1,1.4952397801022,0.33907378335502,0.033439229127714,0.080254149906513,0.39057019621169,0.3216853842086,0.41732157951387,0.66878458255427,-0.3500690015365,False,True,True
2410,0,12,2024-03-25,Brüche: Berechnung von Brüchen und Wahrscheinlichkeiten/ Prozentanteil,37,performanz,1.969647522874,1,3.4230861640708,0.42711030066087,0.0,0.33083386705283,0.43220567483439,0.32052607427476,0.57539941283205,0.29579842272821,1.9278463839686002,False,True,True
2411,0,12,2024-03-25,Brüche: Berechnung von Brüchen und Wahrscheinlichkeiten/ Prozentanteil,37,motivation,1.438192856369,1,2.8666724029343,0.21369300666248,0.40595190964376,0.44749922972308,0.50169242846605,0.25219941984974,0.32328671687719,0.4116572205145,-0.5564137611365001,False,True,True
2412,0,12,2024-03-25,Brüche: Berechnung von Brüchen und Wahrscheinlichkeiten/ Prozentanteil,37,kognition,2.5713476380703,1,4.8153804373308,0.53398528562424,0.055624306044656,0.14961713019932,0.35334143352973,0.46452730929901,0.44341598134025,0.39002908875892,1.9487080343965002,False,True,True
2409,4,12,2024-03-27,"Brüche: Wiederholung,",34,regulation,-2.8193081778064,-1,5.235041784241,-0.35463519737792,-0.035948553345982,-0.11123618598031,-0.47967406001598,-0.37493589276418,-0.44706822447464,-0.53854446794457,0.41966134691019974,True,True,True
2407,0,12,2024-04-08,"Gleichungen und Ungleichungen: Variable in Gleichung berechnen, x Einsetzen zur Probe",37,performanz,-0.43263173633716,-1,0.58406932401162,0.24487831290449,0.045147567131966,-0.5608787473961,-0.17341843557411,0.033637705745528,-0.74070715834577,0.20862539315691,-4.65097246022938,False,True,True
2408,0,12,2024-04-08,"Gleichungen und Ungleichungen: Variable in Gleichung berechnen, x Einsetzen zur Probe",37,regulation,1.0,1,1.4952397801022,0.33907378335502,0.033439229127714,0.080254149906513,0.39057019621169,0.3216853842086,0.41732157951387,0.66878458255427,0.9111704560905799,True,True,True
2406,0,12,2024-04-22,"Mathematik: Zuordnungen (proportional, antiproportional)",36,motivation,1.0,1,1.5861547843764,0.0,0.5012089587606,0.47283864034019,0.63045152045358,0.0,0.31459530870634,0.16959145900201,0.09091500427419996,False,True,True
2405,4,12,2024-04-24,Zuordnungen: Hausaufgabe; schriftliches dividieren,34,sozial,-1.0,-1,1.22695346123,-0.1697910888066,-0.81502019546496,0.027529386378772,-0.062265748596401,0.010123454127805,-0.54656706326571,0.058513564885447,-0.35920132314639996,True,True,True
2404,0,12,2024-04-29,"Mathematik: Zuordnungen, proportionale Zuordnungen; Sachaufgaben",36,motivation,1.0,1,1.5861547843764,0.0,0.5012089587606,0.47283864034019,0.63045152045358,0.0,0.31459530870634,0.16959145900201,0.35920132314639996,True,True,True
2403,0,12,2024-05-06,Zuordnungen: Proportionalität,15,kognition,1.9786324172235,1,3.2827199566562,0.60273992784923,0.037134302497627,0.027653151443302,0.3168478514045,0.41593422321658,0.40889190195575,0.44041844559606,1.6965651722798003,False,True,True
2402,4,12,2024-05-15,Mathematik: Kreisdiagramm,34,regulation,1.53689315339,1,2.7989531423059,0.43323634607806,0.063293250266408,-0.062747518555323,0.38972551105851,0.51042301412223,0.30072290971758,0.54909374480861,-0.4837668143503002,False,True,True
2401,0,12,2024-05-27,Mathematik: Zuordnungen,10,kognition,0.811,1,0.99141868047763,0.81801143740294,0.0,0.17853023972912,0.0,0.48515844807745,0.25216135554961,0.0,-1.8075344618282698,False,True,True
2399,4,12,2024-06-12,Mathematik: Brüche,10,regulation,1.9720680414444,1,4.2682976181147,0.42123744044348,0.086383249056085,0.20650898079698,0.4477473853082,0.39851133620073,0.44686631738203,0.46202575303498,1.9314522722366,False,True,True
2398,0,12,2024-06-17,"Mathematik: Absolute und relative Häufigkeit, das große Einmaleins",15,performanz,2.1967430505563,1,4.4771884233715,0.47331007450077,0.040703445529487,0.14261561048078,0.38010243654032,0.42330490049926,0.49065126063858,0.43540046262524,0.20889080525679926,False,True,True
2397,4,12,2024-08-14,Mathematik: Geometrie,10,regulation,1.0,1,1.4952397801022,0.33907378335502,0.033439229127714,0.080254149906513,0.39057019621169,0.3216853842086,0.41732157951387,0.66878458255427,-2.9819486432692996,False,True,True
2395,0,12,2024-09-02,Mathematik: Dreiecksberechnung,8,kognition,0.72681123842791,1,1.0184943337936,0.71360642690717,-0.09878923743348,0.025281188122702,0.20496504585658,0.49562781589438,0.42898465921543,0.093071688912798,-0.47674544630859983,False,True,True
2394,4,12,2024-09-04,Geometrie: Quadrate,14,performanz,1.9566800665886,1,3.4851794616504,0.51255727471549,0.040590769864587,0.21549239702297,0.36252327303882,0.3869321673945,0.56142717293253,0.30472056319883,2.4666851278568,False,True,True
2393,4,12,2024-09-11,Mathematik: Geometrie,14,kognition,2.4529142600913,1,4.5700903552155,0.53673094011862,0.041290036498059,0.25133439154606,0.38428151257827,0.43332676323914,0.43507134259578,0.34972880974829,1.0849108935651,False,True,True
2392,4,12,2024-09-18,Mathematik: Geometrie,14,motivation,2.0837150189889,1,4.3582278272343,0.39323593743889,0.035920247585337,0.27848929516319,0.4781095253609,0.38989721222046,0.45812128262683,0.41956011829091,-0.2118625279812001,False,True,True
2391,4,12,2024-10-02,Mathematik: Geometrie,14,kognition,1.9073327182972,1,2.9378153560189,0.64923284646228,0.027231026458431,0.15799582819107,0.25922762223241,0.42078013428621,0.4812683605133,0.27732936453312,-1.4204124712153998,False,True,True
2390,4,12,2024-10-23,Mathematik: Geometrie Arbeit Vorbereitung,14,motivation,2.3543941247134,1,4.8206115680112,0.412055905652,0.052282238731221,0.22623987809287,0.48840052916344,0.36247337745448,0.44474130355365,0.45669575596432,1.8827962119923,False,True,True
2389,4,12,2024-10-30,Geometrie: Vierecke,14,motivation,1.0,1,1.5861547843764,0.0,0.5012089587606,0.47283864034019,0.63045152045358,0.0,0.31459530870634,0.16959145900201,-3.2344567836348004,False,False,True
2388,0,12,2024-11-11,weitere Themen: Physik: Kraft an der schrägen Ebene,8,kognition,1.4354708924276,1,2.3593873890246,0.60840573067729,-0.11099689691275,-0.046026072708122,0.30199080825102,0.48021443262253,0.44854694182111,0.30396804285796,0.7732326046482001,False,True,True
2384,4,12,2024-12-04,Quadratische Funktion/Gleichung: Rationale Zahlen multiplizieren,14,motivation,1.9790783396673,1,3.9927095643383,0.40337662562938,0.019782224546793,0.24192290677511,0.49567176150906,0.3029842619046,0.49035292332384,0.44769220679262,2.8842280002158,False,True,True
2385,4,12,2024-12-04,Quadratische Funktion/Gleichung: Rationale Zahlen,14,motivation,2.091062200259,1,3.6167522453966,0.28582249733326,0.0,0.36142643366918,0.57815860108594,0.25784061072966,0.46312367785018,0.4152568045519,-0.37595731894170026,False,False,True
2383,4,12,2025-01-15,Quadratische Funktion/Gleichung: Rationale Zahlen,14,kognition,0.811,1,1.5644129889514,0.51840199596119,0.031960665595634,0.031960665595634,0.37330057415701,0.30746160303,0.4787707706226,0.51584514271354,-2.0523392564452,False,True,True
2382,4,12,2025-01-22,Quadratische Funktion/Gleichung:,14,regulation,2.3590195619054,1,4.6663408056444,0.42940048918875,0.10031312215804,0.18742758799866,0.39351767463683,0.38472321188997,0.46041494080731,0.50553840895374,3.101927816693,False,True,True
2381,0,12,2025-03-03,: Quadratische Wurzeln lösen und vereinfachen,18,kognition,1.8756129384999,1,3.4253628007556,0.54756461488983,0.015180829365063,0.27581411984671,0.37439023429455,0.40665419031305,0.46382312271471,0.32124087576521,-1.2409780048888002,False,True,True
2380,0,12,2025-03-24,Prozent- und Zinsrechnung: prozentuale Erhöhung,18,performanz,1.1589878308294,1,1.8453087816387,0.56613323994048,0.0,0.27178677515269,0.23058978976272,0.3713705654643,0.62806916743141,0.1416179302424,-1.5800540191169,False,True,True
2379,0,12,2025-04-28,"Geometrie: Flächenberechnung, Übung für Englisch",18,motivation,0.875,1,1.5473173559422,0.26174164015434,0.0,0.34252609699211,0.56549119786432,0.23330551134745,0.56484492220962,0.34769630222972,-0.29799142569649995,False,True,True
2377,0,12,2025-05-05,Prozent- und Zinsrechnung: Monats- und Tageszins,12,regulation,1.892760396549,1,3.9135514572177,0.48290780948926,0.11731649097598,0.12662994423003,0.34729939776507,0.45097294355673,0.42319516836709,0.48364141389889,2.3662341012755004,False,True,True
2376,0,12,2025-05-12,Prozent- und Zinsrechnung: Prozentrechnung,12,kognition,2.4418662631931,1,3.8926795210269,0.62729540848379,0.090561723482318,0.22717583235997,0.21605312167863,0.49577012117614,0.39124498306449,0.31803371973125,-0.020871936190800078,False,True,True
2375,0,12,2025-05-19,Prozent- und Zinsrechnung: Prozentwerte berechnen,12,regulation,1.9675111922216,1,3.6332058772968,0.36460133817623,0.14073107902661,0.12452320262745,0.41522702857721,0.39809856392654,0.45562450837578,0.54153434826599,-0.2594736437301002,False,True,True
2374,0,12,2025-05-26,Prozent- und Zinsrechnung: Prozentrechnung,12,performanz,2.1022287060364,1,3.6437448867909,0.48094905762344,0.011578306306002,0.1378347682621,0.35598328282003,0.35081221288435,0.57694020902922,0.40852995418407,0.010539009494100249,False,True,True
2373,0,12,2025-08-18,Brüche: Wiederholung Klasse 7 + Übung Grundrechenarten gemischte Brüche,12,kognition,2.9796031696704,1,4.9791815574595,0.59841103425848,0.076333183634341,0.15553733272238,0.25744224192988,0.48917452388565,0.40541565792172,0.37676454468877,1.3354366706686003,False,True,True
2368,0,12,2025-08-25,Prozent- und Zinsrechnung: Zinsrechnung,12,performanz,2.1834193470863,1,4.7272578340427,0.40939526234525,0.19494675496675,0.26216929806182,0.43140491422681,0.38087108066135,0.46187764766845,0.42561763210998,-0.2519237234168008,False,True,True
2369,0,12,2025-08-25,Prozent- und Zinsrechnung: Zinsrechnung,12,kognition,2.0339856327016,1,3.7777885891187,0.53840499558663,0.20501595204781,0.31038098396524,0.33358174359969,0.42191361623921,0.41611001111322,0.33062282175447,-0.9494692449239994,False,True,True
2370,0,12,2025-08-25,Prozent- und Zinsrechnung: Zinsrechnung,12,regulation,1.4279047558095,1,3.0240571504654,0.33940662801459,0.35165369924952,-0.028935370103071,0.47015906248171,0.44061701743393,0.34950231383445,0.47218024096779,-0.7537314386533001,False,True,True
2371,0,12,2025-08-25,Prozent- und Zinsrechnung: Zinsrechnung,12,motivation,0.85188551646247,1,1.5890209998845,0.33406255970934,0.45645506608696,0.46047891028742,0.53610377426518,0.18684581263477,0.36274856741847,0.11871153327529,-1.4350361505809002,False,True,True
2372,0,12,2025-08-25,Prozent- und Zinsrechnung: Zinsrechnung,12,regulation,1.5571762433389,1,2.3208408179343,0.2885285852229,0.17105795725093,0.087808235107792,0.35518519692206,0.3070362668932,0.45735000746242,0.67095059764542,0.7318198180497999,False,True,True
2357,0,12,2025-09-01,Weitere Themen: Geografie,12,kognition,2.0164952679339,1,3.535433115609,0.57036563791144,0.033016511423778,0.12199100767119,0.31734595650186,0.47925212650319,0.45533452674429,0.3478288343536,1.2145922976747001,False,True,True
2358,0,12,2025-09-01,Weitere Themen: Geografie,12,performanz,1.4780206620485,1,3.1813676431278,0.43697363840821,0.31432923474525,0.046982968609961,0.43014855236104,0.39172434957001,0.46458510363938,0.39207451324792,-0.3540654724811998,False,True,True
2359,0,12,2025-09-01,Weitere Themen: Geografie,12,methodik,2.0534298272575,1,3.8995392280503,0.51572033646035,0.023111379596837,0.14713864022183,0.29720121974227,0.52658133214136,0.45873431996406,0.3684967432254,0.7181715849224997,False,True,True
2360,0,12,2025-09-01,Weitere Themen: Geografie,12,kognition,1.8644313920995,1,3.3659078131316,0.55391471081846,0.027419524844313,0.15221827542323,0.29709727428258,0.43315863907753,0.40624546152473,0.47783024759156,-0.5336314149187,False,True,True
2361,0,12,2025-09-01,Weitere Themen: Geografie,12,motivation,1.1646065491769,1,2.3654242772316,0.32899178951382,0.42911044764118,0.0065736010195556,0.49234365139069,0.36822892694217,0.37707320345214,0.432894842167,-1.0004835359,False,True,True
2362,0,12,2025-09-01,Weitere Themen: Geografie,12,performanz,1.0,1,1.2396455138466,0.24522941785392,0.0,0.28233650081865,0.35332396388163,0.19360217198993,0.80667571662473,0.21699576777205,-1.1257787633849998,False,True,True
2338,0,12,2025-09-15,Stochastik (Wahrscheinlichkeitsrechnung): Baumdiagramme,12,kognition,2.4410982889583,1,4.2776947265947,0.57065609830007,0.061680906507123,0.098417161158226,0.35536178558859,0.45537212052641,0.40162071683407,0.40732235788888,3.0380492127481,False,True,True
2339,0,12,2025-09-15,Stochastik (Wahrscheinlichkeitsrechnung): Baumdiagramme,12,kognition,2.6228056368715,1,4.6361765459891,0.56572478498315,0.048988682338982,0.17044432813436,0.3147111289115,0.48920271513479,0.42441388016159,0.36056963398192,0.3584818193943997,False,False,True
2340,0,12,2025-09-15,Stochastik (Wahrscheinlichkeitsrechnung): Baumdiagramme,12,kognition,1.65799276022,1,2.5548891531968,0.64894645964613,0.0,0.26242424293343,0.17143533804532,0.43067955000217,0.53294810871909,0.10528791309176,-2.0812873927923,False,False,True
2341,0,12,2025-09-15,Stochastik (Wahrscheinlichkeitsrechnung): Baumdiagramme,12,performanz,1.7816761805797,1,3.5517580419398,0.42323574484856,0.16129366203002,0.30455667553456,0.39291713687201,0.3511092726904,0.50163078206162,0.4156926989252,0.9968688887430002,False,True,True
2342,0,12,2025-09-15,Stochastik (Wahrscheinlichkeitsrechnung): Baumdiagramme,12,motivation,1.2052751378734,1,2.5677818078907,0.35414748083857,0.38945317322984,-0.016509864641924,0.46938195463106,0.38464361882541,0.39297273842287,0.44713277366814,-0.9839762340490998,False,True,True
2343,0,12,2025-09-15,Stochastik (Wahrscheinlichkeitsrechnung): Baumdiagramme,12,performanz,-4.8289365008686,-1,8.2665624494096,-0.48243190746461,-0.021838398418002,-0.081585814298826,-0.335840333101,-0.3736696815313,-0.58415220218792,-0.40801019470689,5.6987806415188995,True,True,True
2329,0,12,2025-09-22,Weitere Themen: GRW,12,kognition,2.4410982889583,1,4.2776947265947,0.57065609830007,0.061680906507123,0.098417161158226,0.35536178558859,0.45537212052641,0.40162071683407,0.40732235788888,-3.9888677228148994,True,True,True
2330,0,12,2025-09-22,Weitere Themen: GRW,12,kognition,2.7431027601632,1,4.4247995695105,0.61993690735636,0.028768242753371,0.20958625007286,0.24606156155614,0.50280793819869,0.42502155926261,0.27733420685918,0.14710484291579995,False,False,True
2331,0,12,2025-09-22,Weitere Themen: GRW,12,motivation,0.292,1,0.47720959755646,0.42538068645846,0.16763770894915,0.25145656342372,0.61187763766439,0.0,0.52386784046609,0.28079316248982,-3.94758997195404,False,True,True
2332,0,12,2025-09-22,Weitere Themen: GRW,12,performanz,2.0864958050995,1,3.9909291971125,0.50686404877188,0.033885703813723,0.13418955811809,0.37059932669004,0.40085263899891,0.52280821682502,0.39060672750351,3.51371959955604,False,True,True
2333,0,12,2025-09-22,Weitere Themen: GRW,12,regulation,1.6593102589405,1,3.445161991689,0.35697457681494,0.30867452774446,-0.051124322883014,0.44905706607895,0.45666641004076,0.36400878395462,0.48163350420338,-0.5457672054235001,False,True,True
2334,0,12,2025-09-22,Weitere Themen: GRW,12,motivation,-0.875,-1,1.5473173559422,-0.26174164015434,0.0,-0.34252609699211,-0.56549119786432,-0.23330551134745,-0.56484492220962,-0.34769630222972,-1.8978446357468,True,True,True
2323,0,12,2025-09-29,Potenzfunktion/-rechnung: binomische Formeln,12,kognition,1.6517086769815,1,3.1105149252108,0.53100641103836,0.037516048702287,0.13871477916169,0.36888022758025,0.4065452396975,0.52667608483763,0.34443746200904,1.5631975692686002,True,True,True
2324,0,12,2025-09-29,Potenzfunktion/-rechnung: binomische Formeln,12,kognition,2.1118789605959,1,3.9754603937968,0.53122744012662,0.022266357176725,0.15845702965771,0.31305095472288,0.4683200092299,0.49369494887372,0.36211699940813,0.8649454685859999,False,False,True
2326,0,12,2025-09-29,Potenzfunktion/-rechnung: binomische Formeln,12,performanz,1.7185730315922,1,3.4752254188631,0.31877151424459,0.19146773728403,0.17310725067521,0.46890082280075,0.38408892483263,0.49451988842658,0.46883978948033,1.0133644590635003,False,True,True
2328,0,12,2025-09-29,Potenzfunktion/-rechnung: binomische Formeln,12,performanz,1.5837821959966,1,2.841063020011,0.55022689874004,0.017598984485026,0.17699477617066,0.31911897982531,0.36269353678425,0.5574591659001,0.3485142733362,0.36832709326970026,False,False,True
2307,0,12,2025-10-27,Weitere Themen: binomische Formeln,12,kognition,2.4326861730502,1,4.9394420737157,0.49250122012423,0.065627662434388,0.11087900069211,0.40607281181281,0.40499815995921,0.44606679359696,0.46145761870759,2.0983790537047,False,True,True
2308,0,12,2025-10-27,Weitere Themen: binomische Formeln,12,performanz,-1.4552652158942,-1,2.4366088452089,-0.21141108626145,-0.15707180025819,-0.29598138611071,-0.37273403427469,-0.25021502605258,-0.59724778816174,-0.53364545639735,-2.5028332285068,True,True,True
2309,0,12,2025-10-27,Weitere Themen: binomische Formeln,12,kognition,1.7128268811499,1,2.9393234666911,0.58272628830988,-0.065543238499284,-0.011082298640285,0.37659727764101,0.42827006722132,0.47536769214643,0.3237118046401,0.5027146214822,True,True,True
2310,0,12,2025-10-27,Weitere Themen: binomische Formeln,12,kognition,2.0461096300162,1,3.8838793061339,0.52681975945728,0.069481231038198,0.10297437976036,0.38799774098501,0.3506570616886,0.45990962201269,0.47117400700764,0.9445558394428,False,False,True
2311,0,12,2025-10-27,Weitere Themen: binomische Formeln,12,kognition,2.509295155464,1,3.8411483190915,0.65326522548996,0.020984344791132,0.16805441832496,0.2240481499757,0.47451664831199,0.42970909557727,0.29076309654101,-0.04273098704239997,False,False,True
2312,0,12,2025-10-27,Weitere Themen: binomische Formeln,12,kognition,0.811,1,0.99141868047763,0.81801143740294,0.0,0.17853023972912,0.0,0.48515844807745,0.25216135554961,0.0,-2.8497296386138697,False,False,True
2301,0,12,2025-11-03,Weitere Themen: binomische Formeln,12,kognition,2.2414953024427,1,4.7653905687971,0.47036870669794,0.071220868695358,0.091961975579142,0.39006654587399,0.46307096173179,0.4334201960125,0.45910780175665,3.77397188831947,False,False,True
2302,0,12,2025-11-03,Weitere Themen: binomische Formeln,12,kognition,2.4784503914436,1,3.9956993418333,0.62027794802174,0.017456248999166,0.13276811815846,0.24254013544875,0.49304966323876,0.45222844057314,0.30146959684203,-0.7696912269638001,False,False,True
2303,0,12,2025-11-03,Weitere Themen: binomische Formeln,12,kognition,1.8759903888504,1,3.4630972641871,0.54170727203588,0.3129745356665,0.08516789395408,0.37028327702736,0.34637143840003,0.43219758329334,0.39681632595585,-0.5326020776461999,False,False,True
2304,0,12,2025-11-03,Weitere Themen: binomische Formeln,12,kognition,2.2147698359634,1,4.5051999610504,0.49160191314302,0.062345305630295,0.07325617380748,0.40938129345955,0.38284523733197,0.45825543665079,0.47424482196104,1.0421026968633003,False,False,True
2305,0,12,2025-11-03,Weitere Themen: binomische Formeln,12,kognition,2.1820491743331,1,4.4336617364237,0.49215397621954,0.1998670220788,0.11445072171214,0.39248883283008,0.46126862894737,0.42771883525212,0.39366803854352,-0.07153822462670067,False,False,True
2306,0,12,2025-11-03,Weitere Themen: binomische Formeln,12,performanz,1.6957300889367,1,3.3757674034713,0.44488849347411,0.021080049692254,0.21963124294433,0.45607611170093,0.35462502257453,0.50232283893866,0.40901527065618,-1.0578943329523995,False,True,True
2293,0,12,2025-11-10,Weitere Themen: binomische Formeln,12,kognition,2.1928329711058,1,3.9028243912711,0.56185652560873,0.035514064351567,0.10716096158394,0.3336892807476,0.43935402011948,0.47241530936597,0.37948739649417,0.5270569877997997,False,True,True
2294,0,12,2025-11-10,Weitere Themen: binomische Formeln,12,kognition,1.5921009565853,1,3.2676087905419,0.487235830934,0.3217676297975,0.077153240661545,0.42089421911035,0.40731311868329,0.40263476371624,0.3846263394302,-0.6352156007291998,False,False,True
2295,0,12,2025-11-10,Weitere Themen: binomische Formeln,12,performanz,1.6514653847318,1,3.1819690767104,0.46303540907394,0.052306337430451,0.18165981882267,0.37481530099105,0.44958792227474,0.51900573351321,0.37131243005745,-0.08563971383150015,False,True,True
2296,0,12,2025-11-10,Weitere Themen: binomische Formeln,12,performanz,1.7185730315922,1,3.4752254188631,0.31877151424459,0.19146773728403,0.17310725067521,0.46890082280075,0.38408892483263,0.49451988842658,0.46883978948033,0.29325634215270036,False,False,True
2282,0,12,2025-11-17,Stochastik (Wahrscheinlichkeitsrechnung): Grundbegriffe,12,kognition,2.4410982889583,1,4.2776947265947,0.57065609830007,0.061680906507123,0.098417161158226,0.35536178558859,0.45537212052641,0.40162071683407,0.40732235788888,0.8024693077316001,False,True,True
2283,0,12,2025-11-17,Stochastik (Wahrscheinlichkeitsrechnung): Grundbegriffe,12,methodik,1.3071304723696,1,2.3428052989296,0.51447576205092,0.042683689169047,0.09160513239389,0.31116409404235,0.55793150786012,0.39453333050523,0.40165351508073,-1.9348894276651003,False,True,True
2284,0,12,2025-11-17,Stochastik (Wahrscheinlichkeitsrechnung): Grundbegriffe,12,motivation,1.8151486855143,1,2.9587323352089,0.20418107569392,0.27982740008289,0.36160357600822,0.61348656958536,0.19574299446748,0.33674943419556,0.47027814781919,0.6159270362793001,False,True,True
2285,0,12,2025-11-17,Stochastik (Wahrscheinlichkeitsrechnung): Grundbegriffe,12,performanz,1.8125938090566,1,3.4721038792412,0.39217224110269,0.21769801896299,0.29717024810151,0.46920701499411,0.33079089078195,0.52204330620997,0.32921959148461,0.5133715440322999,False,True,True
2286,0,12,2025-11-17,Stochastik (Wahrscheinlichkeitsrechnung): Grundbegriffe,12,performanz,1.7349960417186,1,3.0088267944093,0.49568317504876,0.021792505626107,0.18265534692838,0.34599423350428,0.40517032831338,0.57663348339209,0.32260265823754,-0.4632770848318999,False,False,True
2287,0,12,2025-11-17,Stochastik (Wahrscheinlichkeitsrechnung): Grundbegriffe,12,kognition,1.849922694321,1,3.2379606701601,0.5713216340621,0.12063015118021,0.19159993403518,0.2783530109129,0.41940988898627,0.40154469162218,0.45574121233897,0.2291338757507999,False,True,True
2278,0,12,2025-11-24,Stochastik (Wahrscheinlichkeitsrechnung): Vereinigungs- und Schnittmenge,12,kognition,2.2414953024427,1,4.7653905687971,0.47036870669794,0.071220868695358,0.091961975579142,0.39006654587399,0.46307096173179,0.4334201960125,0.45910780175665,1.527429898637,False,False,True
2279,0,12,2025-11-24,Stochastik (Wahrscheinlichkeitsrechnung): Vereinigungs- und Schnittmenge,12,kognition,2.2069589158005,1,3.916840808544,0.5634523814352,0.076723644298226,0.31177537024684,0.31845471584113,0.42787289584912,0.43423975906972,0.32614892186079,-0.8485497602531002,False,False,True
2280,0,12,2025-11-24,Stochastik (Wahrscheinlichkeitsrechnung): Vereinigungs- und Schnittmenge,12,regulation,1.6593102589405,1,3.445161991689,0.35697457681494,0.30867452774446,-0.051124322883014,0.44905706607895,0.45666641004076,0.36400878395462,0.48163350420338,-0.4716788168549999,False,True,True
2281,0,12,2025-11-24,Stochastik (Wahrscheinlichkeitsrechnung): Vereinigungs- und Schnittmenge,12,kognition,1.8941985677148,1,3.5717878102127,0.5303207707611,0.0025796929428273,0.21368847062502,0.26998418773395,0.48896612273076,0.52657343227264,0.289527119649,0.12662581852370014,False,True,True
2268,0,12,2025-12-01,Stochastik (Wahrscheinlichkeitsrechnung): Baumdiagramme,12,performanz,2.034911587693,1,4.2375936204146,0.44755458964527,0.18471160900953,0.27647585423301,0.40997226864095,0.37266138334302,0.48020338143233,0.38933769139254,0.6658058102019,False,True,True
2269,0,12,2025-12-01,Stochastik (Wahrscheinlichkeitsrechnung): Baumdiagramme,12,methodik,1.3071304723696,1,2.3428052989296,0.51447576205092,0.042683689169047,0.09160513239389,0.31116409404235,0.55793150786012,0.39453333050523,0.40165351508073,-1.894788321485,False,True,True
2270,0,12,2025-12-01,Stochastik (Wahrscheinlichkeitsrechnung): Baumdiagramme,12,motivation,0.292,1,0.47720959755646,0.42538068645846,0.16763770894915,0.25145656342372,0.61187763766439,0.0,0.52386784046609,0.28079316248982,-1.86559570137314,False,True,True
2271,0,12,2025-12-01,Stochastik (Wahrscheinlichkeitsrechnung): Baumdiagramme,12,performanz,1.7576385021604,1,3.4507597507663,0.44464530526223,0.098341955792704,0.27435660761333,0.36291912005201,0.37409352724782,0.50934679190639,0.43156883465415,2.97355015320984,False,True,True
2272,0,12,2025-12-01,Stochastik (Wahrscheinlichkeitsrechnung): Baumdiagramme,12,methodik,2.0534298272575,1,3.8995392280503,0.51572033646035,0.023111379596837,0.14713864022183,0.29720121974227,0.52658133214136,0.45873431996406,0.3684967432254,0.4487794772839999,False,True,True
2263,0,12,2025-12-08,Stochastik (Wahrscheinlichkeitsrechnung): Baumdiagramme,12,performanz,1.0,1,1.6103819422733,0.37754784039823,0.0,0.0,0.36264463617198,0.29868505136768,0.62096684276024,0.50112024210752,-2.2891572857769997,False,True,True
2264,0,12,2025-12-08,Stochastik (Wahrscheinlichkeitsrechnung): Baumdiagramme,12,regulation,1.5887506947218,1,2.5500239990253,0.30106002388061,0.15568419877999,0.13842952687491,0.37101936000202,0.30931179423061,0.49442664870243,0.62303118128191,0.9396420567520003,False,True,True
2265,0,12,2025-12-08,Stochastik (Wahrscheinlichkeitsrechnung): Baumdiagramme,12,performanz,2.1602420544193,1,4.0730731755336,0.50793164389237,0.029806912452068,0.14201670599099,0.36940497938456,0.35646034890973,0.5303702284784,0.41967456397547,1.5230491765082999,False,True,True
2266,0,12,2025-12-08,Stochastik (Wahrscheinlichkeitsrechnung): Baumdiagramme,12,motivation,1.2052751378734,1,2.5677818078907,0.35414748083857,0.38945317322984,-0.016509864641924,0.46938195463106,0.38464361882541,0.39297273842287,0.44713277366814,-1.5052913676428998,False,True,True
2267,0,12,2025-12-08,Stochastik (Wahrscheinlichkeitsrechnung): Baumdiagramme,12,kognition,2.3286846553298,1,4.8957032169324,0.47565789745932,0.17074892706981,0.16805093198274,0.40660069055794,0.39844650441423,0.45946383611046,0.42562708138808,2.3279214090417,False,True,True
2254,0,12,2025-12-15,Weitere Themen: Beschäftigung mit CAS-Rechner,12,performanz,2.034911587693,1,4.2375936204146,0.44755458964527,0.18471160900953,0.27647585423301,0.40997226864095,0.37266138334302,0.48020338143233,0.38933769139254,-0.6581095965178001,False,True,True
2255,0,12,2025-12-15,Weitere Themen: Beschäftigung mit CAS-Rechner,12,kognition,2.0025209823477,1,4.1753366045791,0.47960592784119,0.20384347683099,0.27356109825585,0.38796629419017,0.38566077691678,0.43325305356153,0.40819754744271,-0.06225701583549981,False,True,True
2256,0,12,2025-12-15,Weitere Themen: Beschäftigung mit CAS-Rechner,12,kognition,2.3210201415921,1,3.3989502526716,0.68286180745059,0.01826365831898,0.17566245392676,0.19020295592194,0.51264892743446,0.39897867265262,0.21055388947738,-0.7763863519075005,False,False,True
2257,0,12,2025-12-15,Weitere Themen: Beschäftigung mit CAS-Rechner,12,performanz,1.7572379628335,1,3.5902114839272,0.3971431744353,0.28653829345557,0.14590320911336,0.43892973840054,0.37136167279791,0.48945113016017,0.41079018024235,0.19126123125560035,False,True,True
2250,4,12,2025-12-17,Gleichungssysteme: Gleichungen lösen,23,performanz,1.8146533005108,1,2.9011619883243,0.48967516717457,0.0,0.17265110518826,0.31720137154232,0.35619597135299,0.62548973580807,0.33417546746929,1.1751819768525997,False,False,True
2251,4,12,2025-12-17,Gleichungssysteme: Gleichungen lösen,23,kognition,2.0024305811111,1,3.700079851345,0.54118431215479,0.10689917292218,0.1428571442414,0.30829942435736,0.41805401778194,0.37494993575965,0.51465851494907,0.7989178630207001,False,True,True
2252,4,12,2025-12-17,Gleichungssysteme: Gleichungen lösen,23,performanz,1.9577799980576,1,3.7807537621279,0.51042066750317,0.03083949094383,0.14821465789205,0.36597314714407,0.37761274092899,0.5178265877569,0.41457772698257,0.0806739107829002,False,True,True
2253,4,12,2025-12-17,Gleichungssysteme: Gleichungen lösen,23,kognition,1.8346726067272,1,3.2578547618,0.56315186199242,0.031352009134577,0.21853304168741,0.26739485678908,0.44746296860024,0.50787483501136,0.32319380690867,-0.5228990003279002,False,True,True
2246,0,12,2026-01-05,Stochastik (Wahrscheinlichkeitsrechnung): Baumdiagramme,12,performanz,1.5752921706211,1,3.3390173794307,0.4453971633637,0.10840822376021,0.24513638282625,0.41734687449694,0.34808714570617,0.47178174708159,0.46027176364271,0.08116261763069987,False,True,True
2247,0,12,2026-01-05,Stochastik (Wahrscheinlichkeitsrechnung): Baumdiagramme,12,kognition,2.0025209823477,1,4.1753366045791,0.47960592784119,0.20384347683099,0.27356109825585,0.38796629419017,0.38566077691678,0.43325305356153,0.40819754744271,0.8363192251484004,False,True,True
2248,0,12,2026-01-05,Stochastik (Wahrscheinlichkeitsrechnung): Baumdiagramme,12,kognition,1.7468429863796,1,4.0578127668032,0.43048774842273,0.28241639133245,0.31314652429469,0.41780346808517,0.36786569284546,0.40358753700582,0.40507752344252,-0.11752383777590047,False,False,True
2238,4,12,2026-01-07,Stochastik (Wahrscheinlichkeitsrechnung): Baummdiagram,23,performanz,1.8146533005108,1,2.9011619883243,0.48967516717457,0.0,0.17265110518826,0.31720137154232,0.35619597135299,0.62548973580807,0.33417546746929,0.4656173498313998,False,True,True
2239,4,12,2026-01-07,Stochastik (Wahrscheinlichkeitsrechnung): Baummdiagram,23,regulation,1.539769585776,1,2.8957199704337,0.47088581038576,0.15755269598282,0.14777939986544,0.33022333356776,0.43475917646087,0.38831659764443,0.5317379733254,-0.005442017890599615,False,True,True
2240,4,12,2026-01-07,Stochastik (Wahrscheinlichkeitsrechnung): Baummdiagram,23,regulation,1.9126138920563,1,4.0164817262936,0.4588553814492,0.047909025290553,0.09026084042588,0.38084333672938,0.45894389366437,0.44336919087771,0.47619017351276,1.1207617558599,False,False,True
2241,4,12,2026-01-07,Stochastik (Wahrscheinlichkeitsrechnung): Baummdiagram,23,performanz,1.9659302386016,1,3.702637071267,0.47017325437901,0.18259732730411,0.27316223778375,0.42473426924758,0.31688346369353,0.5309526403036,0.32900954691659,-0.3138446550266001,False,True,True
2242,4,12,2026-01-07,Stochastik (Wahrscheinlichkeitsrechnung): Aufgabe zum Baummdiagram,23,performanz,1.5752921706211,1,3.3390173794307,0.4453971633637,0.10840822376021,0.24513638282625,0.41734687449694,0.34808714570617,0.47178174708159,0.46027176364271,-0.36361969183630016,False,False,True
2243,4,12,2026-01-07,Stochastik (Wahrscheinlichkeitsrechnung): Aufgabe zum Baummdiagram,23,performanz,1.8608741963844,1,3.0556171049096,0.55550638970887,0.0,0.29078875442313,0.25128473348535,0.3845063379814,0.60899911294624,0.15804728787018,-0.28340027452109995,False,False,True
2244,4,12,2026-01-07,Stochastik (Wahrscheinlichkeitsrechnung): Aufgabe zum Baummdiagram,23,kognition,1.6541350767271,1,3.0157863397785,0.54849031246209,0.034992294572616,0.080687494641113,0.3468035879373,0.43129858901831,0.48014172008029,0.39317876350424,-0.039830765131100065,False,True,True
2245,4,12,2026-01-07,Stochastik (Wahrscheinlichkeitsrechnung): Aufgabe zum Baummdiagram,23,regulation,2.5051943093294,1,4.9669401934215,0.3909448724847,0.12089807406911,0.11494805508238,0.41638689628016,0.45609554731063,0.42841057129645,0.50437274620701,1.9511538536430004,False,True,True
2232,0,12,2026-01-12,Stochastik (Wahrscheinlichkeitsrechnung): Baumdiagramme,12,kognition,1.919667488646,1,3.1988921097457,0.60010197961283,0.028359326892356,0.086449473354213,0.30337364378423,0.40429765756495,0.44207952411901,0.42504956153813,-1.7680480836758004,False,True,True
2233,0,12,2026-01-12,Stochastik (Wahrscheinlichkeitsrechnung): Baumdiagramme,12,performanz,1.8146533005108,1,2.9011619883243,0.48967516717457,0.0,0.17265110518826,0.31720137154232,0.35619597135299,0.62548973580807,0.33417546746929,-0.2977301214214001,False,True,True
2234,0,12,2026-01-12,Stochastik (Wahrscheinlichkeitsrechnung): Baumdiagramme,12,regulation,1.9791706721549,1,4.2157345291432,0.37487060772453,0.2035061245517,0.30634878400679,0.42635033914532,0.34151654325095,0.45320148723103,0.46947120691802,1.3145725408189,False,True,True
2235,0,12,2026-01-12,Stochastik (Wahrscheinlichkeitsrechnung): Baumdiagramme,12,kognition,1.8796171795718,1,3.9646280613375,0.47409552914842,0.41406760217284,0.095995289892389,0.41406760217284,0.43806451980786,0.35846842256622,0.32048275638434,-0.2511064678057,False,True,True
2236,0,12,2026-01-12,Stochastik (Wahrscheinlichkeitsrechnung): Baumdiagramme,12,kognition,1.8346238946577,1,3.050519966414,0.60141153008057,0.25796034376092,0.36992244687776,0.36833268059845,0.37038652482427,0.38425337642634,0.12002358492601,-0.9141080949234999,False,False,True
2228,4,12,2026-01-14,Zufall: Baummdiagram,23,performanz,2.1625397852702,1,4.5039203437359,0.43533203634603,0.17064144437225,0.24094742665989,0.42185314901355,0.37315321830169,0.48014503338796,0.41900448192064,1.4534003773219002,False,True,True
2229,4,12,2026-01-14,Zufall: Baummdiagram,23,regulation,1.5887506947218,1,2.5500239990253,0.30106002388061,0.15568419877999,0.13842952687491,0.37101936000202,0.30931179423061,0.49442664870243,0.62303118128191,-1.9538963447106,False,True,True
2230,4,12,2026-01-14,Zufall: Baummdiagram,23,performanz,1.7011124840356,1,3.5863224441572,0.44140928068148,0.05461982512367,0.046057928264602,0.44525025198419,0.40530347089364,0.47433206779451,0.46101844996376,1.0362984451318997,False,True,True
2231,4,12,2026-01-14,Zufall: Baummdiagram,23,performanz,1.7816761805797,1,3.5517580419398,0.42323574484856,0.16129366203002,0.30455667553456,0.39291713687201,0.3511092726904,0.50163078206162,0.4156926989252,-0.03456440221739987,False,False,True
2224,0,12,2026-01-19,Stochastik (Wahrscheinlichkeitsrechnung): Baumdiagramme,12,performanz,1.5752921706211,1,3.3390173794307,0.4453971633637,0.10840822376021,0.24513638282625,0.41734687449694,0.34808714570617,0.47178174708159,0.46027176364271,-0.21274066250910018,False,False,True
2225,0,12,2026-01-19,Stochastik (Wahrscheinlichkeitsrechnung): Baumdiagramme,12,performanz,1.8146533005108,1,2.9011619883243,0.48967516717457,0.0,0.17265110518826,0.31720137154232,0.35619597135299,0.62548973580807,0.33417546746929,-0.43785539110640004,False,False,True
2227,0,12,2026-01-19,Stochastik (Wahrscheinlichkeitsrechnung): Baumdiagramme,12,kognition,1.2771822134312,1,2.1587129569032,0.59163785206759,0.36827328743493,0.41197527053745,0.39903167299848,0.34750634655043,0.2469901369355,0.060128901709216,-0.2698399438901,False,True,True
2219,4,12,2026-01-21,Zufall: Baummdiagram,23,kognition,2.4163555556782,1,4.8603582361414,0.49715483236647,0.05455158373708,0.089907259755098,0.39074852793277,0.41967516285658,0.46598299116922,0.44251775629924,2.7016452792382,False,False,True
2220,4,12,2026-01-21,Zufall: Baummdiagram,23,regulation,2.0584483248078,1,3.7903140793782,0.43782915236789,0.20100650117379,0.23487362217918,0.31187955950307,0.38918849396145,0.41116778334824,0.54307976882693,-1.0700441567632004,False,True,True
2221,4,12,2026-01-21,Zufall: Baummdiagram,23,kognition,2.17271425264,1,3.961007449354,0.54852428206151,0.028144193203567,0.15231775143531,0.32706755945492,0.43173643708193,0.46775918359501,0.40367694556994,0.1706933699758002,False,True,True
2222,4,12,2026-01-21,Zufall: Baummdiagram,23,regulation,1.9791706721549,1,4.2157345291432,0.37487060772453,0.2035061245517,0.30634878400679,0.42635033914532,0.34151654325095,0.45320148723103,0.46947120691802,0.2547270797891996,False,True,True
2223,4,12,2026-01-21,Zufall: Baummdiagram,23,kognition,1.7820560115872,1,3.4263674606991,0.52009915195497,0.057384238529672,0.01634967429508,0.32019729496019,0.47732956965011,0.41282654755967,0.47448412856735,-0.7893670684440997,False,True,True
2214,4,12,2026-01-28,Weitere Themen: Grundwert berechnen,23,performanz,2.1744618745086,1,4.4388621375364,0.46577705352531,0.21582431903798,0.15028280583915,0.40837051156953,0.4063458558203,0.48986810323295,0.37686600340078,1.0124946768373002,False,True,True
2215,4,12,2026-01-28,Weitere Themen: Grundwert berechnen,23,performanz,1.8146533005108,1,2.9011619883243,0.48967516717457,0.0,0.17265110518826,0.31720137154232,0.35619597135299,0.62548973580807,0.33417546746929,-1.5377001492121005,False,False,True
2216,4,12,2026-01-28,Weitere Themen: Grundwert berechnen,23,motivation,1.2459236375843,1,1.9935420942378,0.1924119840039,0.33536319260425,0.25723120973569,0.62497671427077,0.082253812699267,0.4466343056288,0.43299820303145,-0.9076198940864999,False,True,True
2217,4,12,2026-01-28,Weitere Themen: Grundwert berechnen,23,performanz,1.7576385021604,1,3.4507597507663,0.44464530526223,0.098341955792704,0.27435660761333,0.36291912005201,0.37409352724782,0.50934679190639,0.43156883465415,1.4572176565285,False,True,True
2218,4,12,2026-01-28,Weitere Themen: Grundwert berechnen,23,kognition,2.0318903529178,1,3.8938269022808,0.5218221522652,0.26818691882626,0.11186415844222,0.37523507366281,0.46558602370389,0.40539660056191,0.34833975080969,0.44306715151450016,False,True,True
214,4,13,2024-12-18,Stochastik (Wahrscheinlichkeitsrechnung):,14,performanz,1.9035003226453,1,3.0189322669501,0.46467488365463,0.0081088003132737,0.26810887118417,0.32671547679387,0.34395505327842,0.63051895476235,0.29919938913287,,False,False,True
208,0,13,2025-08-25,Weitere Themen: Dezimalzahlen und Kreise,12,performanz,2.1524916087874,1,3.7834187822736,0.43529939562806,0.035551443866491,0.119184436252,0.4104201615304,0.35006848278279,0.56892616001453,0.42470070376623,0.7644865153234996,False,False,True
209,0,13,2025-08-25,Weitere Themen: Dezimalzahlen und Kreise,12,kognition,2.7452166646962,1,4.3522760147837,0.63075281711065,0.017768497628993,0.20207036591305,0.22177227983068,0.51367936615702,0.4188632863995,0.26926241499257,0.5688572325101005,False,True,True
213,0,13,2025-08-25,Weitere Themen: Dezimalzahlen und Kreise,12,kognition,2.3046080868641,1,3.9560894930898,0.58254553276267,0.092729194618528,0.24497587808602,0.25983247038316,0.43843250355824,0.44776667135834,0.36303277755645,1.5219046373783,False,False,True
1665,4,13,2025-12-10,Brüche: Negative Zahlen,19,kognition,2.5326051745112,1,4.0096002650977,0.63163375167823,0.015541942208395,0.17179344520515,0.22267654332557,0.47982510846894,0.45027324687481,0.29785281840573,0.0535107720079,False,False,True
1666,4,13,2025-12-10,Brüche: Negative Zahlen,19,kognition,2.3459293201978,1,3.9453024964552,0.59461178862399,0.17052830396184,0.30842106960146,0.27913815177287,0.45862360065479,0.4018311838535,0.26926989756156,-0.06429776864250014,False,False,True
1667,4,13,2025-12-10,Brüche: Negative Zahlen,19,performanz,2.1258005341702,1,4.394137892334,0.44265694522037,0.05700232469907,0.052054882755001,0.41326966357026,0.42063172322444,0.4837799241757,0.46510797139994,0.4488353958788003,False,True,True
1668,4,13,2025-12-10,Brüche: Negative Zahlen,19,motivation,1.2459236375843,1,1.9935420942378,0.1924119840039,0.33536319260425,0.25723120973569,0.62497671427077,0.082253812699267,0.4466343056288,0.43299820303145,-2.4005957980962003,False,True,True
1669,4,13,2025-12-10,Brüche: Negative Zahlen,19,regulation,2.2148166874228,1,4.3093800800185,0.40373138078784,0.25987825762376,0.10320541471071,0.43241760359741,0.38661493539129,0.39775145632727,0.51395131243569,2.3158379857807003,False,True,True
1660,4,13,2025-12-17,Wurzelfunktion/-rechnung: Wurzelrechnung,23,regulation,1.7810357015046,1,3.5846603474751,0.44499407838611,0.049847783190915,0.036900952175072,0.39802316963037,0.42437609028194,0.46125148062342,0.49684783504823,-0.7247197325434,False,False,True
1661,4,13,2025-12-17,Wurzelfunktion/-rechnung: Wurzelrechnung,23,kognition,2.3459293201978,1,3.9453024964552,0.59461178862399,0.17052830396184,0.30842106960146,0.27913815177287,0.45862360065479,0.4018311838535,0.26926989756156,0.3606421489800997,False,True,True
1662,4,13,2025-12-17,Wurzelfunktion/-rechnung: Wurzelrechnung,23,performanz,1.8125938090566,1,3.4721038792412,0.39217224110269,0.21769801896299,0.29717024810151,0.46920701499411,0.33079089078195,0.52204330620997,0.32921959148461,-0.4731986172139999,False,True,True
1663,4,13,2025-12-17,Wurzelfunktion/-rechnung: Wurzelrechnung,23,kognition,1.6541350767271,1,3.0157863397785,0.54849031246209,0.034992294572616,0.080687494641113,0.3468035879373,0.43129858901831,0.48014172008029,0.39317876350424,-0.45631753946270015,False,True,True
1664,4,13,2025-12-17,Wurzelfunktion/-rechnung: Wurzelrechnung,23,kognition,2.3286846553298,1,4.8957032169324,0.47565789745932,0.17074892706981,0.16805093198274,0.40660069055794,0.39844650441423,0.45946383611046,0.42562708138808,1.8799168771539003,False,False,True
1654,4,13,2026-01-07,Gleichungssysteme: Gleichungen lösen,23,performanz,1.9531896505829,1,3.2870701844949,0.41466224445206,0.031405075980467,0.13079068691856,0.40962322696175,0.34539700132505,0.59420200936871,0.41205624797762,-1.6086330324375,False,True,True
1655,4,13,2026-01-07,Gleichungssysteme: Gleichungen lösen,23,kognition,1.8706043338075,1,3.4522478891995,0.54184953553435,0.028966549779741,0.10377305345183,0.30141773302564,0.50406736303315,0.44719022762149,0.38713011245978,0.16517770470459991,False,True,True
1656,4,13,2026-01-07,Gleichungssysteme: Gleichungen lösen,23,regulation,1.539769585776,1,2.8957199704337,0.47088581038576,0.15755269598282,0.14777939986544,0.33022333356776,0.43475917646087,0.38831659764443,0.5317379733254,-0.5565279187657999,False,True,True
1657,4,13,2026-01-07,Gleichungssysteme: Gleichungen lösen,23,performanz,1.3195872615143,1,1.7830001959488,0.38136155656562,0.022433971544799,0.21359046816581,0.36212796890268,0.22310986354917,0.74008957689225,0.28245480372957,-1.1127197744849002,False,True,True
1658,4,13,2026-01-07,Gleichungssysteme: Gleichungen lösen,23,performanz,1.5511427607571,1,2.6677743582537,0.32130842266691,0.036953441487947,0.1513991513825,0.40364975331999,0.43700613516417,0.58143483597468,0.42484372043268,0.8847741623049001,False,False,True
1659,4,13,2026-01-07,Gleichungssysteme: Gleichungen lösen,23,kognition,-0.811,-1,0.99141868047763,-0.81801143740294,0.0,-0.17853023972912,0.0,-0.48515844807745,-0.25216135554961,0.0,-1.67635567777607,True,True,True
1649,4,13,2026-01-14,Gleichungssysteme: Gleichungen lösen Aufgaben,23,kognition,2.0829911382815,1,4.0637489057853,0.51257744038802,0.23013458756657,0.17127204180886,0.37232291210636,0.40439334712313,0.50538671650944,0.31207265509604,3.0723302253076694,True,False,True
1650,4,13,2026-01-14,Gleichungssysteme: Gleichungen lösen Aufgaben,23,kognition,2.3459293201978,1,3.9453024964552,0.59461178862399,0.17052830396184,0.30842106960146,0.27913815177287,0.45862360065479,0.4018311838535,0.26926989756156,-0.11844640933009964,False,False,True
1651,4,13,2026-01-14,Gleichungssysteme: Gleichungen lösen Aufgaben,23,performanz,1.6859498552702,1,2.8674352088813,0.41373391072764,0.1011662724033,0.30642597316211,0.28072842674595,0.37441986092981,0.5879623610761,0.39998420555291,-1.0778672875738997,False,True,True
1652,4,13,2026-01-14,Gleichungssysteme: Gleichungen lösen Aufgaben,23,regulation,2.2512358666627,1,4.4663293792215,0.45753270277913,0.11422218802563,0.11169996622351,0.4002418412058,0.37619015962959,0.45756077737298,0.50404496289199,1.5988941703402002,False,True,True
1653,4,13,2026-01-14,Gleichungssysteme: Gleichungen lösen Aufgaben,23,methodik,1.6923157810732,1,3.4333342274091,0.45560273520211,0.048083977176934,0.071709281313335,0.3792497481292,0.49290594504422,0.4472213857957,0.44516561249039,-1.0329951518124005,False,True,True
1644,4,13,2026-01-21,Gleichungssysteme: Gleichungen,23,regulation,-2.5959206681961,-1,4.9994922176415,-0.44712753209035,-0.036384085454313,-0.026747649730504,-0.37995063527886,-0.40111363555312,-0.47241216471738,-0.51923582692613,1.5661579902324005,True,True,True
1645,4,13,2026-01-21,Gleichungssysteme: Gleichungen,23,regulation,1.4239005001997,1,2.191058309294,0.27821751197677,0.18119015199847,0.16110862381728,0.36687155021483,0.30532321749413,0.46223087885444,0.64986586413571,-2.8084339083475003,True,False,True
1646,4,13,2026-01-21,Gleichungssysteme: Gleichungen,23,performanz,2.2224477744004,1,4.723590507544,0.42040962805,0.22593003878185,0.11044512960084,0.43942386871515,0.4051961049162,0.47049867380845,0.42586709149823,2.53253219825,False,True,True
1647,4,13,2026-01-21,Gleichungssysteme: Gleichungen,23,kognition,2.1462963786463,1,4.3406553652064,0.49446253006518,0.26550279432215,0.053552965854877,0.37877182858556,0.4109033095443,0.44109602015534,0.41864927793105,-0.3829351423376002,False,True,True
1648,4,13,2026-01-21,Gleichungssysteme: Gleichungen,23,regulation,0.83995356903732,1,1.2723766120734,0.32816316889373,0.079216825552914,0.026147554981766,0.38552188435751,0.40842573301039,0.36621088545109,0.66014021294095,-3.0682787531330002,False,True,True
1639,4,13,2026-01-28,Gleichungssysteme: Gleichungssysteme lösen,23,performanz,1.7803177442296,1,2.2792901074475,0.26065571282368,0.0,0.29833114483633,0.36911250485341,0.20746555360131,0.78108088461566,0.23167867253301,1.0069134953741,False,True,True
1640,4,13,2026-01-28,Gleichungssysteme: Gleichungssysteme lösen,23,kognition,2.0025209823477,1,4.1753366045791,0.47960592784119,0.20384347683099,0.27356109825585,0.38796629419017,0.38566077691678,0.43325305356153,0.40819754744271,1.8960464971316005,False,True,True
1641,4,13,2026-01-28,Gleichungssysteme: Gleichungssysteme lösen,23,performanz,1.7572379628335,1,3.5902114839272,0.3971431744353,0.28653829345557,0.14590320911336,0.43892973840054,0.37136167279791,0.48945113016017,0.41079018024235,-0.5851251206519001,False,True,True
1643,4,13,2026-01-28,Gleichungssysteme: Gleichungssysteme lösen,23,regulation,2.1995823178481,1,4.4022111192169,0.38015269720671,0.19096170639702,0.20959935680266,0.44100657534342,0.40273763842269,0.41078430713137,0.49965284756969,2.0467894553201,False,True,True
3042,4,14,2025-12-17,Exponentialgleichung/-funktion: Aufgaben,23,kognition,1.919667488646,1,3.1988921097457,0.60010197961283,0.028359326892356,0.086449473354213,0.30337364378423,0.40429765756495,0.44207952411901,0.42504956153813,,False,False,True
3043,4,14,2025-12-17,Exponentialgleichung/-funktion: Aufgaben,23,methodik,2.1410505413095,1,4.7299790770357,0.44419334632973,0.193543274998,0.0710246340135,0.41578844647734,0.45265443670988,0.44516430395875,0.42922862904441,1.5310869672899998,False,True,True
3044,4,14,2025-12-17,Exponentialgleichung/-funktion: Aufgaben,23,regulation,2.5051943093294,1,4.9669401934215,0.3909448724847,0.12089807406911,0.11494805508238,0.41638689628016,0.45609554731063,0.42841057129645,0.50437274620701,0.23696111638580053,False,True,True
3045,4,14,2025-12-17,Exponentialgleichung/-funktion: Aufgaben,23,kognition,2.2147698359634,1,4.5051999610504,0.49160191314302,0.062345305630295,0.07325617380748,0.40938129345955,0.38284523733197,0.45825543665079,0.47424482196104,-0.46174023237109996,False,True,True
3036,4,14,2026-01-07,Exponentialgleichung/-funktion: Exponentielles wachstum,23,regulation,1.8479915181834,1,4.0789242581081,0.42043389351725,0.32285885538557,0.14942820404965,0.40847577548243,0.41016540084089,0.39536647425586,0.45305744129363,1.9202113012048998,False,True,True
3037,4,14,2026-01-07,Exponentialgleichung/-funktion: Exponentielles wachstum,23,regulation,2.0584483248078,1,3.7903140793782,0.43782915236789,0.20100650117379,0.23487362217918,0.31187955950307,0.38918849396145,0.41116778334824,0.54307976882693,-0.2886101787299,False,False,True
3038,4,14,2026-01-07,Exponentialgleichung/-funktion: Exponentielles wachstum,23,kognition,1.8346238946577,1,3.050519966414,0.60141153008057,0.25796034376092,0.36992244687776,0.36833268059845,0.37038652482427,0.38425337642634,0.12002358492601,-0.7397941129642001,False,True,True
3039,4,14,2026-01-07,Exponentialgleichung/-funktion: Exponentielles wachstum,23,regulation,2.2148166874228,1,4.3093800800185,0.40373138078784,0.25987825762376,0.10320541471071,0.43241760359741,0.38661493539129,0.39775145632727,0.51395131243569,1.2588601136045003,False,True,True
3040,4,14,2026-01-07,Exponentialgleichung/-funktion: Exponentielles wachstum,23,performanz,1.7185730315922,1,3.4752254188631,0.31877151424459,0.19146773728403,0.17310725067521,0.46890082280075,0.38408892483263,0.49451988842658,0.46883978948033,-0.8341546611554,False,True,True
3041,4,14,2026-01-07,Exponentialgleichung/-funktion: Exponentielles wachstum,23,kognition,1.5077030055439,1,1.876880842971,0.80329818390362,0.0,0.19026641213441,0.0,0.49757477048414,0.26630698833486,0.0,-1.5983445758921002,False,True,True
357,5,15,2025-05-15,Quadratische Funktion/Gleichung: quadratische Funktionen (p/q-Formel),12,regulation,1.9269331619492,1,3.681481728385,0.49405201253138,0.1252751710272,0.14791071927907,0.35160576895237,0.36752501007033,0.43090072193279,0.52341097145273,2.69006304790737,False,True,True
352,5,15,2025-08-28,Potenzfunktion/-rechnung: Potenzfunktionen,19,kognition,2.3310275582356,1,3.6813879930869,0.63319085918254,0.026149747064184,0.14669077169834,0.25844845876031,0.47775089783145,0.44131972317682,0.29505471879653,-9.37352981003059e-05,False,True,True
353,5,15,2025-08-28,Potenzfunktion/-rechnung: Potenzfunktionen,19,kognition,2.200270088071,1,4.1990309356057,0.52399348370573,0.021963229774419,0.18362881266575,0.31281566223708,0.46688529305889,0.50392461571568,0.34849477471601,0.5176429425188003,False,False,True
354,5,15,2025-08-28,Potenzfunktion/-rechnung: Potenzfunktionen,19,kognition,2.1748496362668,1,4.3416340508779,0.50092766951427,0.20638403343036,0.27166971543687,0.39457926822925,0.44629496304834,0.41754380294355,0.32164147663922,0.14260311527220004,False,False,True
355,5,15,2025-08-28,Potenzfunktion/-rechnung: Potenzfunktionen,19,motivation,1.2782388005983,1,2.726925290001,0.38912255341303,-0.36671203884696,0.35405227804109,0.46874555670068,0.33610681335805,0.35750598822114,0.35811290209975,-1.6147087608769,False,True,True
356,5,15,2025-08-28,Potenzfunktion/-rechnung: Potenzfunktionen,19,regulation,1.8273956846978,1,3.5207315255485,0.37132751512027,0.24240421836388,0.29100684058051,0.44055652320458,0.34593149871983,0.36811300371858,0.51903716062007,0.7938062355474997,False,True,True
328,5,15,2025-10-09,Gleichungen und Ungleichungen: Übungen zum Lösen linearer Gleichungen,18,kognition,2.078940017929,1,3.0075822377954,0.69123067675319,0.0,0.25591478507693,0.12837894832579,0.46807332157981,0.46358479692794,0.078844605250314,-0.5131492877530999,False,True,True
329,5,15,2025-10-09,Gleichungen und Ungleichungen: Übungen zum Lösen linearer Gleichungen,18,methodik,1.3071304723696,1,2.3428052989296,0.51447576205092,0.042683689169047,0.09160513239389,0.31116409404235,0.55793150786012,0.39453333050523,0.40165351508073,-0.6647769388658,False,True,True
330,5,15,2025-10-09,Gleichungen und Ungleichungen: Übungen zum Lösen linearer Gleichungen,18,kognition,1.6888048282246,1,2.9577030053811,0.57098333244371,0.12918868316988,0.18093008063565,0.24439236341089,0.45122094503958,0.30452175143757,0.51815479977421,0.6148977064515,False,True,True
331,5,15,2025-10-09,Gleichungen und Ungleichungen: Übungen zum Lösen linearer Gleichungen,18,kognition,1.7353345284312,1,2.9900649591247,0.58036489123308,0.10643085034257,0.28652846723075,0.23051807041907,0.42718416964422,0.47692739623724,0.32658716896938,0.03236195374359996,False,False,True
332,5,15,2025-10-09,Gleichungen und Ungleichungen: Übungen zum Lösen linearer Gleichungen,18,regulation,1.8368648761565,1,4.1100040351697,0.41981738804784,0.2174398262812,0.25997503083373,0.40458725813174,0.44247009024899,0.38687142347094,0.446924234428,1.119939076045,False,True,True
1302,0,15,2025-12-12,Funktionen: Quadratische Funktionen,23,kognition,2.1928329711058,1,3.9028243912711,0.56185652560873,0.035514064351567,0.10716096158394,0.3336892807476,0.43935402011948,0.47241530936597,0.37948739649417,-0.20717964389860022,False,True,True
1303,0,15,2025-12-12,Funktionen: Quadratische Funktionen,23,regulation,2.0584483248078,1,3.7903140793782,0.43782915236789,0.20100650117379,0.23487362217918,0.31187955950307,0.38918849396145,0.41116778334824,0.54307976882693,-0.11251031189289984,False,True,True
1304,0,15,2025-12-12,Funktionen: Quadratische Funktionen,23,kognition,1.7353345284312,1,2.9900649591247,0.58036489123308,0.10643085034257,0.28652846723075,0.23051807041907,0.42718416964422,0.47692739623724,0.32658716896938,-0.8002491202535,False,True,True
1305,0,15,2025-12-12,Funktionen: Quadratische Funktionen,23,kognition,2.2688988134381,1,4.362368859302,0.52010586118627,0.19744656419101,0.27327195712571,0.37284289932841,0.46304826268623,0.41077008263379,0.30604741185795,1.3723039001773003,False,False,True
1297,5,15,2026-01-08,Funktionen: Quadratische Funktionen,23,kognition,1.8124059963247,1,2.7008782028216,0.67104073187158,0.0,0.13221920340388,0.18986342323182,0.46057081054162,0.46390437256253,0.26236264134944,-1.6614906564804004,False,False,True
1298,5,15,2026-01-08,Funktionen: Quadratische Funktionen,23,performanz,1.8146533005108,1,2.9011619883243,0.48967516717457,0.0,0.17265110518826,0.31720137154232,0.35619597135299,0.62548973580807,0.33417546746929,0.20028378550269998,False,True,True
1299,5,15,2026-01-08,Funktionen: Quadratische Funktionen,23,kognition,2.3286846553298,1,4.8957032169324,0.47565789745932,0.17074892706981,0.16805093198274,0.40660069055794,0.39844650441423,0.45946383611046,0.42562708138808,1.9945412286081003,False,True,True
1300,5,15,2026-01-08,Funktionen: Quadratische Funktionen,23,kognition,1.4758361358457,1,2.8006523873511,0.52695967300848,0.28386141920944,0.3913078160065,0.35705838894269,0.40277514975236,0.34038294450806,0.28814611987675,-2.0950508295813,False,False,True
1301,5,15,2026-01-08,Funktionen: Quadratische Funktionen,23,performanz,1.9343789929705,1,3.7281985400685,0.40952297822629,0.23941046247707,0.13252961756498,0.43892855326055,0.39268182609114,0.51884946139171,0.37595484001876,0.9275461527174,False,True,True
1292,5,15,2026-01-15,Weitere Themen: Ethik Aufgaben,23,performanz,2.1524916087874,1,3.7834187822736,0.43529939562806,0.035551443866491,0.119184436252,0.4104201615304,0.35006848278279,0.56892616001453,0.42470070376623,0.0552202422050998,False,False,True
1293,5,15,2026-01-15,Weitere Themen: Ethik Aufgaben,23,performanz,1.8608741963844,1,3.0556171049096,0.55550638970887,0.0,0.29078875442313,0.25128473348535,0.3845063379814,0.60899911294624,0.15804728787018,-0.7278016773639999,False,False,True
1294,5,15,2026-01-15,Weitere Themen: Ethik Aufgaben,23,performanz,1.7623605672214,1,3.1844962872024,0.35830210771604,0.21987884155731,0.30560875784078,0.47619592143151,0.25159370964146,0.55341720451418,0.36542762457524,0.12887918229279993,False,False,True
1295,5,15,2026-01-15,Weitere Themen: Ethik Aufgaben,23,performanz,2.0864958050995,1,3.9909291971125,0.50686404877188,0.033885703813723,0.13418955811809,0.37059932669004,0.40085263899891,0.52280821682502,0.39060672750351,0.8064329099101002,False,False,True
1296,5,15,2026-01-15,Weitere Themen: Ethik Aufgaben,23,kognition,2.0318903529178,1,3.8938269022808,0.5218221522652,0.26818691882626,0.11186415844222,0.37523507366281,0.46558602370389,0.40539660056191,0.34833975080969,-0.09710229483169996,False,True,True
1288,5,15,2026-01-22,Weitere Themen: Satz des Pythagoras/Exponentielles Wachstum,23,regulation,1.9772187354812,1,3.5945149852943,0.44008146001926,0.21195562268381,0.24766753587711,0.30191198612596,0.39195609564178,0.39077811478869,0.55006398441248,1.1589703468014,False,True,True
1289,5,15,2026-01-22,Weitere Themen: Satz des Pythagoras/Exponentielles Wachstum,23,performanz,1.2088568683975,1,1.9527463174987,0.22768449948157,0.15287355723892,0.30282666445326,0.37380252504995,0.25326239678698,0.61905157216232,0.4959639051638,-1.6417686677956,False,True,True
1290,5,15,2026-01-22,Weitere Themen: Satz des Pythagoras/Exponentielles Wachstum,23,regulation,1.9449987244184,1,3.8214492248625,0.4744640681703,-0.034227517275499,0.028363956548983,0.33962254037949,0.48124977980893,0.4085459507913,0.50896754615728,1.8687029073638,False,True,True
1291,5,15,2026-01-22,Weitere Themen: Satz des Pythagoras/Exponentielles Wachstum,23,regulation,2.2222110673045,1,4.4739160676748,0.43845556240379,0.17584430150684,0.19189650233571,0.39549184493662,0.41275973460124,0.40805491465743,0.49670267985885,0.6524668428122999,False,False,True
1282,5,15,2026-01-29,Funktionen: Graph aus eine Funktion schreiben,23,kognition,2.5326051745112,1,4.0096002650977,0.63163375167823,0.015541942208395,0.17179344520515,0.22267654332557,0.47982510846894,0.45027324687481,0.29785281840573,-0.4643158025770999,False,True,True
1283,5,15,2026-01-29,Funktionen: Graph aus eine Funktion schreiben,23,kognition,2.0025209823477,1,4.1753366045791,0.47960592784119,0.20384347683099,0.27356109825585,0.38796629419017,0.38566077691678,0.43325305356153,0.40819754744271,0.1657363394814002,False,False,True
1284,5,15,2026-01-29,Funktionen: Graph aus eine Funktion schreiben,23,performanz,-1.4208154801294,-1,2.4266476899275,-0.20928205410567,-0.16359950628713,-0.29551362807447,-0.37210261836463,-0.25185081429813,-0.58550305056493,-0.54534086931492,-1.7486889146516003,True,True,True
1285,5,15,2026-01-29,Funktionen: Graph aus eine Funktion schreiben,23,kognition,1.1870654375839,1,2.0864446589711,0.56893900496705,0.31084537955775,0.2342149818428,0.44684722184464,0.34818528325812,0.25257943204789,0.37432006980412,-0.3402030309563999,True,True,True
1286,5,15,2026-01-29,Funktionen: Graph aus eine Funktion schreiben,23,regulation,1.0748847029185,1,2.1705909655679,0.41016065224904,0.049968981073429,0.032170610827381,0.39633397743253,0.46323979442207,0.45970750767414,0.49520143037311,0.0841463065968,False,True,True
1021,2,16,2025-12-15,Prüfungsvorbereitung: BLF,19,kognition,1.9138365334644,1,3.2342344427424,0.59174146152093,0.038405650800278,0.099214849723068,0.31748586916428,0.39987967905516,0.44424680314885,0.42480704035474,,False,False,True
1022,2,16,2025-12-15,Prüfungsvorbereitung: BLF,19,regulation,1.8242509726105,1,3.0738135965562,0.32324516488627,0.12915510195341,0.11484068259333,0.37391761079268,0.31226835180067,0.52544546528663,0.59347939636299,-0.1604208461862,False,True,True
1023,2,16,2025-12-15,Prüfungsvorbereitung: BLF,19,kognition,2.2100250055279,1,3.2116067792933,0.68813471762165,0.017947294660663,0.17188078042915,0.18690825439461,0.51175848081102,0.3961785800166,0.20690666844507,0.13779318273709995,False,True,True
1024,2,16,2025-12-15,Prüfungsvorbereitung: BLF,19,sozial,1.5587443540156,1,2.8888755659315,0.37831587943523,0.53956597395126,0.029926290388881,0.46983040777715,0.25197936507438,0.39635197416013,0.35144565621995,-0.3227312133617999,False,True,True
1025,2,16,2025-12-15,Prüfungsvorbereitung: BLF,19,kognition,1.9970448372755,1,4.0755904428795,0.49000015218972,0.40279418911373,0.10713189113846,0.40279418911373,0.44400420092339,0.35999867772762,0.31175728626283,1.1867148769480003,False,True,True
1016,6,16,2026-01-08,"Prüfungsvorbereitung: BLS A-2025, B-1 2025",19,performanz,1.0,1,1.6103819422733,0.37754784039823,0.0,0.0,0.36264463617198,0.29868505136768,0.62096684276024,0.50112024210752,-2.4652085006062006,False,True,True
1017,6,16,2026-01-08,"Prüfungsvorbereitung: BLS A-2025, B-1 2025",19,kognition,2.0772518399554,1,3.5046583852388,0.59270995472911,0.037629046859325,0.10166548436159,0.31605277833603,0.40263592842087,0.44426987951362,0.42137466894537,1.8942764429655001,False,True,True
1018,6,16,2026-01-08,"Prüfungsvorbereitung: BLS A-2025, B-1 2025",19,kognition,2.1924851933349,1,4.1237246674791,0.53167465177268,0.043815676360963,0.10727253755029,0.34110917171388,0.48275403593977,0.44641375703799,0.39395156450003,0.6190662822402997,False,False,True
1019,6,16,2026-01-08,"Prüfungsvorbereitung: BLS A-2025, B-1 2025",19,regulation,2.1507426574126,1,4.0230266961372,0.32285345704235,0.1940878730544,0.24341569490145,0.41164830638065,0.33607032387167,0.48024720787901,0.5346067709195,-0.10069797134189962,False,True,True
1020,6,16,2026-01-08,"Prüfungsvorbereitung: BLS A-2025, B-1 2025",19,performanz,1.8125938090566,1,3.4721038792412,0.39217224110269,0.21769801896299,0.29717024810151,0.46920701499411,0.33079089078195,0.52204330620997,0.32921959148461,-0.5509228168960001,False,True,True
1012,1,16,2026-01-13,Weitere Themen: Mathe Aufgaben,23,kognition,2.0532452617647,1,2.86636421726,0.71632142425822,0.0,0.24589649946494,0.10102785763875,0.48005379208708,0.42650143713645,0.062046789280422,-0.6057396619811999,False,True,True
1013,1,16,2026-01-13,Weitere Themen: Mathe Aufgaben,23,performanz,1.8146533005108,1,2.9011619883243,0.48967516717457,0.0,0.17265110518826,0.31720137154232,0.35619597135299,0.62548973580807,0.33417546746929,0.03479777106429971,False,True,True
1014,1,16,2026-01-13,Weitere Themen: Mathe Aufgaben,23,performanz,1.5619583131048,1,2.7800794322758,0.4828625632128,0.016496962767111,0.21435825162725,0.32723127590326,0.36859184201213,0.56183743406635,0.40250886323243,-0.12108255604850005,False,False,True
1015,1,16,2026-01-13,Weitere Themen: Mathe Aufgaben,23,kognition,2.2209564799031,1,4.2332441001739,0.52464520847256,0.057651067006785,0.12431452439003,0.36300826394135,0.46358746533329,0.45239334066434,0.39321350670068,1.4531646678981005,False,True,True
1005,1,16,2026-01-20,Weitere Themen: BLF Prüfungsvorbereitung,23,performanz,1.0,1,1.6103819422733,0.37754784039823,0.0,0.0,0.36264463617198,0.29868505136768,0.62096684276024,0.50112024210752,-2.6228621579006006,False,True,True
1006,1,16,2026-01-20,Weitere Themen: BLF Prüfungsvorbereitung,23,performanz,1.8146533005108,1,2.9011619883243,0.48967516717457,0.0,0.17265110518826,0.31720137154232,0.35619597135299,0.62548973580807,0.33417546746929,1.290780046051,False,False,True
1007,1,16,2026-01-20,Weitere Themen: BLF Prüfungsvorbereitung,23,kognition,1.3807910822945,1,1.7229179248308,0.80142126806034,0.039137726266037,0.19415880276327,0.085637230104267,0.52579057890913,0.14793460676579,0.11317607852982,-1.1782440634934999,False,True,True
1000,6,16,2026-01-22,Prüfungsvorbereitung: BLF Aufgaben,18,kognition,2.5326051745112,1,4.0096002650977,0.63163375167823,0.015541942208395,0.17179344520515,0.22267654332557,0.47982510846894,0.45027324687481,0.29785281840573,2.2866823402669,False,False,True
1001,6,16,2026-01-22,Prüfungsvorbereitung: BLF Aufgaben,18,kognition,1.8706043338075,1,3.4522478891995,0.54184953553435,0.028966549779741,0.10377305345183,0.30141773302564,0.50406736303315,0.44719022762149,0.38713011245978,-0.5573523758982,False,False,True
1002,6,16,2026-01-22,Prüfungsvorbereitung: BLF Aufgaben,18,kognition,1.8644313920995,1,3.3659078131316,0.55391471081846,0.027419524844313,0.15221827542323,0.29709727428258,0.43315863907753,0.40624546152473,0.47783024759156,-0.08634007606790028,False,False,True
1004,6,16,2026-01-22,Prüfungsvorbereitung: BLF Aufgaben,18,kognition,2.1462963786463,1,4.3406553652064,0.49446253006518,0.26550279432215,0.053552965854877,0.37877182858556,0.4109033095443,0.44109602015534,0.41864927793105,2.6177374403756,False,False,True
2758,0,17,2025-01-06,Fragewörter: Fragen stellen und beantworten,8,kognition,-2.7859437623561,-1,3.5968627380227,-0.77454610303716,-0.013900964432644,-0.10575594061038,-0.16236326457328,-0.42348213249437,-0.36422267860218,-0.22436156594287,,False,False,True
2757,0,17,2025-01-27,Schreiben: Jobs,21,sozial,1.0,1,1.1460842028403,0.17712331106546,0.87252862593824,0.0,0.38216753816095,0.0,0.21813215648456,0.11691883587572,-2.4507785351824003,True,True,True
2755,0,17,2025-02-03,weitere Themen: Jobs und Haushalt,21,motivation,-0.3523524487628,-1,0.50974750570972,-0.2780161422658,0.0,-0.36192124708165,-0.69121581304082,-0.25707175903932,-0.09508927882189,-0.48864469827661,-0.6363366971305799,True,True,True
2751,0,17,2025-08-18,Schreiben: Schulferien,22,kognition,1.4257236190517,1,2.5401091263291,0.56128218723036,0.016084792925969,0.24137819152092,0.37753829227306,0.44616417507623,0.42470208123368,0.32320703844968,2.03036162061938,True,True,True
2743,0,17,2025-09-01,Wortschatz: Vokabeln lernen,22,performanz,1.5072340371522,1,3.0906410220045,0.46922370585666,0.077011763893507,0.23510808419298,0.4219273012279,0.34983980019771,0.48767525884388,0.42470969885431,0.5505318956754004,False,True,True
2744,0,17,2025-09-01,Wortschatz: Vokabeln lernen,22,kognition,1.8346726067272,1,3.2578547618,0.56315186199242,0.031352009134577,0.21853304168741,0.26739485678908,0.44746296860024,0.50787483501136,0.32319380690867,0.1672137397954998,False,True,True
2747,0,17,2025-09-01,Wortschatz: Vokabeln lernen,22,kognition,-1.9126518936947,-1,2.4565373790634,-0.77859352927436,-0.03745307909242,-0.11025332059147,-0.20454905694459,-0.34066290346013,-0.30991497395093,-0.35536829525995,0.18149441799430033,True,False,True
2728,0,17,2025-09-15,Wortschatz: Vokabeln: shops,22,performanz,1.5072340371522,1,3.0906410220045,0.46922370585666,0.077011763893507,0.23510808419298,0.4219273012279,0.34983980019771,0.48767525884388,0.42470969885431,0.6341036429411,True,True,True
2729,0,17,2025-09-15,Wortschatz: Vokabeln: shops,22,kognition,2.5676948589789,1,4.8411068993645,0.53039307092872,0.055075344692102,0.14096368902063,0.35448119397322,0.45919732605643,0.43721176125488,0.41000216890172,1.75046587736,False,True,True
2730,0,17,2025-09-15,Wortschatz: Vokabeln: shops,22,kognition,0.93033640217641,1,1.2552525715904,0.74114884266617,-0.11966765199692,-0.027913566952979,0.20778690514458,0.37491300437891,0.48696766266451,0.12128595433586,-3.5858543277741,False,False,True
2732,0,17,2025-09-15,Wortschatz: Vokabeln: shops,22,kognition,2.1295291688058,1,3.8556634144117,0.55231056677312,-0.021358987959407,0.036605380928274,0.40032807212631,0.41533960674309,0.47642679138095,0.36523916628587,2.98235451609736,False,False,True
2718,0,17,2025-09-22,Der Satz: Bildbeschreibung,45,motivation,-1.5377179137409,-1,2.4928934477927,0.13722164635556,-0.31578569243068,-0.39649595844729,-0.61683813510808,0.0543506684467,-0.53990662017343,-0.22201376041514,-1.362769966619,True,True,True
2719,0,17,2025-09-22,Der Satz: Bildbeschreibung,45,kognition,2.2121390502788,1,3.8761674124937,0.57070118698608,0.025560535840583,0.13032942806574,0.27745936801483,0.50759136562589,0.44230701292828,0.3555104859237,1.383273964701,True,True,True
2720,0,17,2025-09-22,Der Satz: Bildbeschreibung,45,regulation,1.4279047558095,1,3.0240571504654,0.33940662801459,0.35165369924952,-0.028935370103071,0.47015906248171,0.44061701743393,0.34950231383445,0.47218024096779,-0.8521102620282996,False,True,True
2721,0,17,2025-09-22,Der Satz: Bildbeschreibung,45,motivation,1.1703145985009,1,2.4432470610431,0.44437182473032,0.24030060576985,0.041446093194493,0.47899773509764,0.34897610469763,0.45089482456345,0.43420506806927,-0.5808100894223003,False,True,True
2722,0,17,2025-09-22,Der Satz: Bildbeschreibung,45,kognition,2.2741683893754,1,4.4226026497114,0.51421378481424,0.20190670340455,0.2771769151546,0.38230209960267,0.45121813753943,0.41512604872008,0.30968364954078,1.9793555886682999,False,True,True
2708,0,17,2025-09-29,Allgemeiner Sprachgebrauch: Fragen,45,kognition,2.6141570382954,1,4.7509591241489,0.55023658752227,0.028850685378498,0.14019568932654,0.32455234762618,0.43486249286301,0.46220706888315,0.41069855875331,2.5700116686845,False,False,True
2709,0,17,2025-09-29,Allgemeiner Sprachgebrauch: Fragen,45,kognition,2.1578157776495,1,4.3971375276988,0.49073081220424,0.060721922309847,0.069526878632361,0.41129175166939,0.38033388003918,0.45934695578322,0.47522962004667,-0.3538215964500999,False,False,True
2710,0,17,2025-09-29,Allgemeiner Sprachgebrauch: Fragen,45,motivation,0.21024,1,0.34359091024065,0.42537722003598,0.16763634287132,0.25145451430698,0.61187265148032,0.0,0.52386357147288,0.28079087430946,-4.05354661745815,False,True,True
2711,0,17,2025-09-29,Allgemeiner Sprachgebrauch: Fragen,45,kognition,1.7030709153254,1,2.9181769345331,0.58360583250226,0.11697894103087,0.20933489739418,0.32029085943614,0.40748398865711,0.49288427169095,0.30054594635137,2.57458602429245,False,True,True
2712,0,17,2025-09-29,Allgemeiner Sprachgebrauch: Fragen,45,kognition,1.5905975306114,1,3.4212937730334,0.46490976426836,0.057082965955221,0.2017768472665,0.45016195207528,0.37508978184815,0.45039571684974,0.44009802882654,0.5031168385002998,False,False,True
2698,0,17,2025-10-20,"Weitere Themen: Weg,- und Ortsbeschreibung",24,kognition,2.3310275582356,1,3.6813879930869,0.63319085918254,0.026149747064184,0.14669077169834,0.25844845876031,0.47775089783145,0.44131972317682,0.29505471879653,0.2600942200534999,False,False,True
2699,0,17,2025-10-20,"Weitere Themen: Weg,- und Ortsbeschreibung",24,kognition,2.6228056368715,1,4.6361765459891,0.56572478498315,0.048988682338982,0.17044432813436,0.3147111289115,0.48920271513479,0.42441388016159,0.36056963398192,0.9547885529022002,False,False,True
2700,0,17,2025-10-20,"Weitere Themen: Weg,- und Ortsbeschreibung",24,kognition,2.1820491743331,1,4.4336617364237,0.49215397621954,0.1998670220788,0.11445072171214,0.39248883283008,0.46126862894737,0.42771883525212,0.39366803854352,-0.20251480956540036,False,False,True
2701,0,17,2025-10-20,"Weitere Themen: Weg,- und Ortsbeschreibung",24,kognition,2.2009129520582,1,3.5655874874173,0.61726343476093,0.037799812012656,0.18382639127447,0.28178965695487,0.46623570321268,0.46595771324522,0.26431334205833,-0.8680742490063995,False,False,True
2687,0,17,2025-10-27,Weitere Themen: Vokabelübungen,12,kognition,2.3289522253193,1,4.3258647160129,0.53837717876996,0.045037687757293,0.091400304366745,0.36030747239073,0.39133916782648,0.46224732450067,0.45069121706779,0.7602772285955997,False,False,True
2688,0,17,2025-10-27,Weitere Themen: Vokabelübungen,12,performanz,1.4780206620485,1,3.1813676431278,0.43697363840821,0.31432923474525,0.046982968609961,0.43014855236104,0.39172434957001,0.46458510363938,0.39207451324792,-1.1444970728850996,False,True,True
2689,0,17,2025-10-27,Weitere Themen: Vokabelübungen,12,performanz,1.7576385021604,1,3.4507597507663,0.44464530526223,0.098341955792704,0.27435660761333,0.36291912005201,0.37409352724782,0.50934679190639,0.43156883465415,0.26939210763849974,False,False,True
2690,0,17,2025-10-27,Weitere Themen: Vokabelübungen,12,performanz,1.9966423536502,1,4.363566322741,0.38111368433806,0.2107779087295,0.2996903444672,0.41367887200184,0.37838787209203,0.45757016858961,0.44365312663578,0.9128065719746998,False,False,True
2691,0,17,2025-10-27,Weitere Themen: Vokabelübungen,12,performanz,-1.8674785612985,-1,2.1129969924978,-0.23666123224212,0.09973348232948,-0.23115913641968,-0.28495457071789,-0.12530584779423,-0.88380141094134,0.050941979720327,-2.2505693302432,True,False,True
2692,0,17,2025-10-27,Weitere Themen: Vokabelübungen,12,kognition,0.811,1,0.99141868047763,0.81801143740294,0.0,0.17853023972912,0.0,0.48515844807745,0.25216135554961,0.0,-1.1215783120201697,True,True,True
2677,0,17,2025-11-03,Allgemeiner Sprachgebrauch: Richtungen,21,regulation,1.3247263976281,1,2.6784274275527,0.40780106074132,0.051126766031992,0.032856799961825,0.3974764455768,0.46749536741828,0.45698941814727,0.49458926462152,1.6870087470750699,False,True,True
2678,0,17,2025-11-03,Allgemeiner Sprachgebrauch: Richtungen,21,kognition,2.200270088071,1,4.1990309356057,0.52399348370573,0.021963229774419,0.18362881266575,0.31281566223708,0.46688529305889,0.50392461571568,0.34849477471601,1.520603508053,False,True,True
2679,0,17,2025-11-03,Allgemeiner Sprachgebrauch: Richtungen,21,performanz,1.7364678940513,1,3.5253302199341,0.45873591159058,0.17557733186734,0.29381275481814,0.38507725246167,0.43967873597745,0.49256746461871,0.29694741524276,-0.6737007156716,False,True,True
2680,0,17,2025-11-03,Allgemeiner Sprachgebrauch: Richtungen,21,regulation,1.8319677065092,1,3.9096314098023,0.46255600050836,0.047647478235413,0.088401420546268,0.37849837337598,0.46503960928608,0.44369421491831,0.46857691396354,0.38430118986820005,False,True,True
2681,0,17,2025-11-03,Allgemeiner Sprachgebrauch: Richtungen,21,performanz,1.6514653847318,1,3.1819690767104,0.46303540907394,0.052306337430451,0.18165981882267,0.37481530099105,0.44958792227474,0.51900573351321,0.37131243005745,-0.7276623330919003,False,True,True
2664,0,17,2025-11-17,Sprechen: Aussprache,21,performanz,1.5752921706211,1,3.3390173794307,0.4453971633637,0.10840822376021,0.24513638282625,0.41734687449694,0.34808714570617,0.47178174708159,0.46027176364271,0.15704830272030001,False,False,True
2665,0,17,2025-11-17,Sprechen: Aussprache,21,kognition,2.1149148429999,1,2.9207356266883,0.72410100478276,0.0,0.17470319108147,0.116754695985,0.4966933615981,0.39847706619926,0.16133739667791,-0.41828175274239987,False,True,True
2666,0,17,2025-11-17,Sprechen: Aussprache,21,kognition,1.9179730577314,1,2.5315625227324,0.75762121784339,0.017681259848529,0.099494978821222,0.14000273146105,0.47547292371446,0.32817787034038,0.24982860468211,-0.3891731039558999,False,False,True
2667,0,17,2025-11-17,Sprechen: Aussprache,21,methodik,2.1006963532816,1,4.0258121877764,0.35511096938672,0.067184401701719,0.040745767506346,0.41140200825069,0.52180554810889,0.42027935861791,0.49954968560314,1.4942496650439998,False,True,True
2655,0,17,2025-11-24,Zeiten: Simple Past,21,kognition,1.9337706589825,1,3.566071840425,0.5422676050396,0.036960314653823,0.086908678366079,0.35172664771916,0.42484250428045,0.48238640067418,0.40015200260296,-0.4597403473514001,False,True,True
2656,0,17,2025-11-24,Zeiten: Simple Past,21,kognition,2.4784503914436,1,3.9956993418333,0.62027794802174,0.017456248999166,0.13276811815846,0.24254013544875,0.49304966323876,0.45222844057314,0.30146959684203,0.4296275014083002,False,False,True
2657,0,17,2025-11-24,Zeiten: Simple Past,21,regulation,-1.5778553976281,-1,3.1343365456388,-0.40745386813153,-0.04432816909896,-0.028364726577879,-0.39059713741832,-0.4570831809565,-0.46507479001945,-0.50340808671061,-0.8613627961944998,True,True,True
2658,0,17,2025-11-24,Zeiten: Simple Past,21,kognition,1.5952881354409,1,3.3002997303996,0.48337527861293,0.21561703878008,0.26496779853028,0.40634427469871,0.46243389864905,0.40165324601205,0.33069249779107,0.16596318476079963,True,True,True
2659,0,17,2025-11-24,Zeiten: Simple Past,21,performanz,1.8490362237485,1,3.7094848636328,0.4447525791376,0.057996141719878,0.17100853369173,0.35040530339462,0.42589653003669,0.49846038118992,0.46577655391603,0.4091851332332004,False,True,True
2650,0,17,2025-12-01,Allgemeiner Sprachgebrauch: Sprechen,21,motivation,1.7470306227058,1,3.6941165863736,0.35861772438682,0.24073354711313,0.23271670472127,0.47292115791323,0.38161039047148,0.41343649431098,0.4680465381299,-0.015368277259200092,False,True,True
2651,0,17,2025-12-01,Allgemeiner Sprachgebrauch: Sprechen,21,kognition,2.4503618349918,1,3.8454915842306,0.63720213899796,0.018138101277961,0.1379541259842,0.2262590984732,0.50167899874423,0.44001213438009,0.2795035344365,0.15137499785699982,False,True,True
2652,0,17,2025-12-01,Allgemeiner Sprachgebrauch: Sprechen,21,kognition,2.0461096300162,1,3.8838793061339,0.52681975945728,0.069481231038198,0.10297437976036,0.38799774098501,0.3506570616886,0.45990962201269,0.47117400700764,0.038387721903299976,False,False,True
2653,0,17,2025-12-01,Allgemeiner Sprachgebrauch: Sprechen,21,motivation,1.2052751378734,1,2.5677818078907,0.35414748083857,0.38945317322984,-0.016509864641924,0.46938195463106,0.38464361882541,0.39297273842287,0.44713277366814,-1.3160974982431997,False,True,True
2654,0,17,2025-12-01,Allgemeiner Sprachgebrauch: Sprechen,21,kognition,2.3451113517338,1,4.4817017288967,0.523262425964,0.19873882290832,0.28092411061755,0.37361537614605,0.45456628790124,0.41330948442571,0.30121886733082,1.9139199210059994,False,True,True
2641,0,17,2025-12-08,Allgemeiner Sprachgebrauch: Verneinung,21,kognition,2.0025209823477,1,4.1753366045791,0.47960592784119,0.20384347683099,0.27356109825585,0.38796629419017,0.38566077691678,0.43325305356153,0.40819754744271,1.7397919660862002,False,False,True
2642,0,17,2025-12-08,Allgemeiner Sprachgebrauch: Verneinung,21,kognition,2.3210201415921,1,3.3989502526716,0.68286180745059,0.01826365831898,0.17566245392676,0.19020295592194,0.51264892743446,0.39897867265262,0.21055388947738,-0.7763863519075005,False,False,True
2644,0,17,2025-12-08,Allgemeiner Sprachgebrauch: Verneinung,21,regulation,2.1507426574126,1,4.0230266961372,0.32285345704235,0.1940878730544,0.24341569490145,0.41164830638065,0.33607032387167,0.48024720787901,0.5346067709195,2.5225408159919,False,True,True
2630,0,17,2025-12-15,Hörverstehen: Übersetzen,21,regulation,1.8431158130951,1,3.8062665103397,0.45301736805624,0.066422624616704,0.065348142953673,0.42065754004588,0.39148897570872,0.47052305154077,0.48423066692298,-0.2167601857974999,False,False,True
2632,0,17,2025-12-15,Hörverstehen: Übersetzen,21,performanz,1.5399390735643,1,2.5074879048464,0.37305328524839,0.028718278910358,0.13735554249582,0.41621030612412,0.36013603341378,0.61413374287892,0.40130132079964,0.3164295955523997,False,True,True
2633,0,17,2025-12-15,Hörverstehen: Übersetzen,21,kognition,1.497714368025,1,2.4666707187762,0.6071780415781,0.23205273209578,0.36177305619739,0.29189022905129,0.4386722049905,0.33686635392545,0.2355554148444,-0.040817186070199796,False,True,True
2634,0,17,2025-12-15,Hörverstehen: Übersetzen,21,regulation,1.553207951233,1,3.2346333289896,0.43733050150753,0.22603274082431,0.032045122263973,0.45206961184473,0.39443184375602,0.40755714823022,0.48017904704139,0.7679626102134001,False,True,True
2626,3,17,2025-12-17,Algebra: Rat.zahlen,19,kognition,0.44118140327121,1,0.76217331798458,0.57883896545757,0.024642229308857,0.015404501148902,0.33042660170835,0.22334056097015,0.55147721954348,0.44820174558608,-2.47246001100502,False,True,True
2628,3,17,2025-12-17,Algebra: Rat.zahlen,19,regulation,1.0,1,1.6261417527387,0.37388884461493,0.073793850910841,0.061494875759034,0.35913007443276,0.44337805422264,0.38372802473637,0.61494875759034,-0.7913555216079999,False,True,True
2629,3,17,2025-12-17,Algebra: Rat.zahlen,19,kognition,2.1462963786463,1,4.3406553652064,0.49446253006518,0.26550279432215,0.053552965854877,0.37877182858556,0.4109033095443,0.44109602015534,0.41864927793105,2.7145136124677,False,True,True
2621,0,17,2025-12-22,Allgemeiner Sprachgebrauch: There is und there are,21,kognition,1.9337706589825,1,3.566071840425,0.5422676050396,0.036960314653823,0.086908678366079,0.35172664771916,0.42484250428045,0.48238640067418,0.40015200260296,-0.7745835247814004,False,False,True
2622,0,17,2025-12-22,Allgemeiner Sprachgebrauch: There is und there are,21,regulation,2.0584483248078,1,3.7903140793782,0.43782915236789,0.20100650117379,0.23487362217918,0.31187955950307,0.38918849396145,0.41116778334824,0.54307976882693,0.22424223895320017,False,True,True
2623,0,17,2025-12-22,Allgemeiner Sprachgebrauch: There is und there are,21,performanz,1.8144280300528,1,3.648548811648,0.38885845163842,0.19199426251791,0.31575625939891,0.41583833205431,0.32791525199639,0.49729992682597,0.42949116716453,-0.14176526773020015,False,True,True
2624,0,17,2025-12-22,Allgemeiner Sprachgebrauch: There is und there are,21,regulation,2.0107729389583,1,4.1826548987587,0.42262531457781,0.16192150458247,0.16866783506966,0.43524035966832,0.39405455354042,0.43691172839776,0.48073966899788,0.5341060871107,False,True,True
2625,0,17,2025-12-22,Allgemeiner Sprachgebrauch: There is und there are,21,motivation,1.3731526696862,1,2.5027427502368,0.32393594064879,0.33971266398016,0.33330308238438,0.54865694166406,0.21347094334422,0.42808596573203,0.37243791298749,-1.6799121485219,False,True,True
2616,0,17,2026-01-05,Leseverstehen: Text lesen und dazu Fragen beantworten,24,kognition,2.5326051745112,1,4.0096002650977,0.63163375167823,0.015541942208395,0.17179344520515,0.22267654332557,0.47982510846894,0.45027324687481,0.29785281840573,1.5068575148609002,False,True,True
2617,0,17,2026-01-05,Leseverstehen: Text lesen und dazu Fragen beantworten,24,regulation,2.0584483248078,1,3.7903140793782,0.43782915236789,0.20100650117379,0.23487362217918,0.31187955950307,0.38918849396145,0.41116778334824,0.54307976882693,-0.2192861857195001,False,True,True
2618,0,17,2026-01-05,Leseverstehen: Text lesen und dazu Fragen beantworten,24,performanz,2.1602420544193,1,4.0730731755336,0.50793164389237,0.029806912452068,0.14201670599099,0.36940497938456,0.35646034890973,0.5303702284784,0.41967456397547,0.28275909615540007,False,True,True
2619,0,17,2026-01-05,Leseverstehen: Text lesen und dazu Fragen beantworten,24,regulation,2.313833831872,1,4.9946265310618,0.41890779460302,0.17740135474721,0.18447467974737,0.43405868844984,0.40459236989813,0.43851444065215,0.46326370647438,0.9215533555282001,False,True,True
2620,0,17,2026-01-05,Leseverstehen: Text lesen und dazu Fragen beantworten,24,performanz,1.2945417374836,1,2.2888856549031,0.21945057193054,0.18392997448974,0.30161300890777,0.37123476885487,0.26169585814646,0.56557481539648,0.54850452907291,-2.7057408761587003,False,True,True
2611,6,17,2026-01-08,Algebra: rat.Zahlen add + sub,19,kognition,2.1867464814939,1,3.2300083339717,0.6770074517828,0.0061475112419661,0.23475763320435,0.17138860779136,0.46567231500301,0.46383909807791,0.15853804381284,0.9411226790686,False,True,True
2612,6,17,2026-01-08,Algebra: rat.Zahlen add + sub,19,performanz,2.3238211125165,1,4.8604079848911,0.47652082017042,0.045968410589216,0.15904505569559,0.36906918169985,0.45571026315801,0.47811137226062,0.41598194606199,1.6303996509193999,False,True,True
2613,6,17,2026-01-08,Algebra: rat.Zahlen add + sub,19,kognition,0.93570925639273,1,1.5004858801453,0.62360001701712,0.0,0.24260501994395,0.17028068240827,0.39305027489902,0.59921816561108,0.098519311780762,-3.3599221047457997,False,True,True
2614,6,17,2026-01-08,Algebra: rat.Zahlen add + sub,19,performanz,1.7648070047484,1,3.6133072357558,0.41658136104671,0.19356657060967,0.3074035795803,0.39676228733864,0.34750802257374,0.48841739863985,0.42161091406453,2.1128213556105,False,True,True
2606,0,17,2026-01-12,Allgemeiner Sprachgebrauch: Übersetzen,21,kognition,1.9435674319259,1,3.7313954952578,0.52086738747529,0.23932520770493,0.02661409437125,0.39484263499938,0.44414344902299,0.38478142574485,0.41168687661556,1.9483952993090001,False,True,True
2607,0,17,2026-01-12,Allgemeiner Sprachgebrauch: Übersetzen,21,kognition,1.8706043338075,1,3.4522478891995,0.54184953553435,0.028966549779741,0.10377305345183,0.30141773302564,0.50406736303315,0.44719022762149,0.38713011245978,-0.2791476060583,False,False,True
2608,0,17,2026-01-12,Allgemeiner Sprachgebrauch: Übersetzen,21,regulation,1.0,1,1.6261417527387,0.37388884461493,0.073793850910841,0.061494875759034,0.35913007443276,0.44337805422264,0.38372802473637,0.61494875759034,-1.8261061364608,False,True,True
2609,0,17,2026-01-12,Allgemeiner Sprachgebrauch: Übersetzen,21,motivation,1.8221612265061,1,3.8471321766507,0.44931392700607,0.17701400363727,0.32602070668933,0.47364020949505,0.33648039015515,0.45262291343093,0.34360840341141,2.220990423912,False,True,True
2610,0,17,2026-01-12,Allgemeiner Sprachgebrauch: Übersetzen,21,kognition,1.9922358740197,1,3.8521527770518,0.51717333594725,0.2710882643526,0.10774851488301,0.37929450581954,0.46369413413706,0.40567374678804,0.35210821939154,0.005020600401099973,False,True,True
2597,0,17,2026-01-19,Aussprache und Intonation: Lesen,21,performanz,1.5072340371522,1,3.0906410220045,0.46922370585666,0.077011763893507,0.23510808419298,0.4219273012279,0.34983980019771,0.48767525884388,0.42470969885431,-0.7615117550472998,False,True,True
2598,0,17,2026-01-19,Aussprache und Intonation: Lesen,21,kognition,2.0772518399554,1,3.5046583852388,0.59270995472911,0.037629046859325,0.10166548436159,0.31605277833603,0.40263592842087,0.44426987951362,0.42137466894537,0.41401736323429983,False,True,True
2599,0,17,2026-01-19,Aussprache und Intonation: Lesen,21,regulation,1.7816850647611,1,3.7945306446695,0.383394548246,0.288480981131,-0.019772135789809,0.45100262381218,0.4258566687896,0.40517518881483,0.46953906456739,0.28987225943069994,False,True,True
2600,0,17,2026-01-19,Aussprache und Intonation: Lesen,21,motivation,1.5116396645841,1,3.3246328476177,0.3977023216679,0.31262395917185,0.33641697348765,0.45467730937394,0.3353124678607,0.40522116227552,0.38411799052906,-0.4698977970518001,False,True,True
2601,0,17,2026-01-19,Aussprache und Intonation: Lesen,21,performanz,1.7349960417186,1,3.0088267944093,0.49568317504876,0.021792505626107,0.18265534692838,0.34599423350428,0.40517032831338,0.57663348339209,0.32260265823754,-0.3158060532083997,False,True,True
2594,0,17,2026-01-26,Weitere Themen: Vokabeln,24,kognition,2.011929137674,1,4.1616133039273,0.48344816210909,0.20080164681871,0.27099058310345,0.38581826094179,0.38712272450863,0.43259694091758,0.4082352552731,2.5512313616540006,False,True,True
2595,0,17,2026-01-26,Weitere Themen: Vokabeln,24,motivation,1.2459236375843,1,1.9935420942378,0.1924119840039,0.33536319260425,0.25723120973569,0.62497671427077,0.082253812699267,0.4466343056288,0.43299820303145,-2.1680712096895003,False,True,True
2596,0,17,2026-01-26,Weitere Themen: Vokabeln,24,regulation,1.9126138920563,1,4.0164817262936,0.4588553814492,0.047909025290553,0.09026084042588,0.38084333672938,0.45894389366437,0.44336919087771,0.47619017351276,2.0229396320558,False,True,True
2587,0,18,2025-06-04,"Geometrie: Winkel, Dreieck",44,regulation,1.6100903208192,1,3.1414420380169,0.51169352786904,0.14016983318797,0.17502700982456,0.32722230156675,0.42043549326924,0.37596977100218,0.51253060729062,,False,False,True
2582,0,18,2025-08-27,Exponentialgleichung/-funktion: exponetielles Wachstum,19,kognition,2.0294192151397,1,2.7446347058328,0.7394105367543,0.0,0.23489096607892,0.07289685744171,0.49061495744207,0.38738826155345,0.044769987789543,-0.39680733218410014,False,True,True
2583,0,18,2025-08-27,Exponentialgleichung/-funktion: exponetielles Wachstum,19,kognition,2.1688746734496,1,3.1172442691244,0.69576444081953,0.0,0.16369007378504,0.15193693723741,0.48658802563816,0.43032265210642,0.20995395265513,0.3726095632916002,False,False,True
2584,0,18,2025-08-27,Exponentialgleichung/-funktion: exponetielles Wachstum,19,performanz,-1.8674785612985,-1,2.1129969924978,-0.23666123224212,0.09973348232948,-0.23115913641968,-0.28495457071789,-0.12530584779423,-0.88380141094134,0.050941979720327,-1.0042472766266002,True,True,True
2585,0,18,2025-08-27,Exponentialgleichung/-funktion: exponetielles Wachstum,19,kognition,1.6090114569035,1,2.2493462737248,0.71532085677077,0.0,0.2410501346206,0.11480071837591,0.46114762941452,0.44653628244911,0.070505464025387,0.13634928122699996,True,True,True
2586,0,18,2025-08-27,Exponentialgleichung/-funktion: exponetielles Wachstum,19,kognition,1.7844225085062,1,3.5602119659643,0.50121102716777,0.037668702913921,0.16495097469376,0.32758783400208,0.49672118204769,0.48384677579292,0.3633190185886,1.3108656922395001,False,False,True
2574,0,18,2025-09-03,Exponentialgleichung/-funktion: expot.Wachstum Vorb. Test (Mo.),19,kognition,2.200270088071,1,4.1990309356057,0.52399348370573,0.021963229774419,0.18362881266575,0.31281566223708,0.46688529305889,0.50392461571568,0.34849477471601,0.6388189696414002,False,False,True
2575,0,18,2025-09-03,Exponentialgleichung/-funktion: expot.Wachstum Vorb. Test (Mo.),19,performanz,1.8171380778151,1,3.771468009549,0.36111509572411,0.22685067187805,0.32978668596496,0.42468678617285,0.34745157352079,0.48181059871337,0.41969892040688,-0.4275629260567002,False,True,True
2576,0,18,2025-09-03,Exponentialgleichung/-funktion: expot.Wachstum Vorb. Test (Mo.),19,kognition,0.811,1,0.99141868047763,0.81801143740294,0.0,0.17853023972912,0.0,0.48515844807745,0.25216135554961,0.0,-2.7800493290713697,False,True,True
2564,0,18,2025-09-10,Prüfungsvorbereitung: BLF Teil B,19,kognition,2.1982887533958,1,3.8014751741185,0.57827103163846,0.032586441728781,0.11160103015591,0.31828824440691,0.455066960453,0.4635561282402,0.35889142885283,2.81005649364087,False,False,True
2565,0,18,2025-09-10,Prüfungsvorbereitung: BLF Teil B,19,kognition,2.6228056368715,1,4.6361765459891,0.56572478498315,0.048988682338982,0.17044432813436,0.3147111289115,0.48920271513479,0.42441388016159,0.36056963398192,0.8347013718706,False,False,True
2566,0,18,2025-09-10,Prüfungsvorbereitung: BLF Teil B,19,kognition,2.1820491743331,1,4.4336617364237,0.49215397621954,0.1998670220788,0.11445072171214,0.39248883283008,0.46126862894737,0.42771883525212,0.39366803854352,-0.20251480956540036,False,False,True
2567,0,18,2025-09-10,Prüfungsvorbereitung: BLF Teil B,19,kognition,1.8888915756821,1,3.3233958757153,0.56836018419675,0.037237226112195,0.080792004910457,0.34461562095382,0.4123224685031,0.42860518859677,0.44336731060167,-1.1102658607083997,False,False,True
2554,0,18,2025-09-17,Prüfungsvorbereitung: BLF Teil B,19,regulation,2.1828699354367,1,4.0126552337059,0.40179603336931,0.13542865712738,0.11567470439179,0.39819341752848,0.40238936371688,0.436380128858,0.54399502781864,1.7633089599810998,False,True,True
2555,0,18,2025-09-17,Prüfungsvorbereitung: BLF Teil B,19,performanz,-1.4552652158942,-1,2.4366088452089,-0.21141108626145,-0.15707180025819,-0.29598138611071,-0.37273403427469,-0.25021502605258,-0.59724778816174,-0.53364545639735,-1.5760463884969997,True,True,True
2556,0,18,2025-09-17,Prüfungsvorbereitung: BLF Teil B,19,kognition,1.5781787077165,1,3.1894406451554,0.494812079978,0.040859599288974,0.062449079861946,0.38402661474438,0.42341512107016,0.48963364934366,0.42788716300349,0.7528317999465002,True,True,True
2557,0,18,2025-09-17,Prüfungsvorbereitung: BLF Teil B,19,regulation,1.9207031699987,1,3.3702834346193,0.34666187591488,0.15274841687258,0.12736758152662,0.39464371019655,0.43026513898873,0.41787129944916,0.56989197150297,0.18084278946389976,False,True,True
2558,0,18,2025-09-17,Prüfungsvorbereitung: BLF Teil B,19,kognition,0.811,1,0.99141868047763,0.81801143740294,0.0,0.17853023972912,0.0,0.48515844807745,0.25216135554961,0.0,-2.3788647541416696,False,True,True
2549,0,18,2025-09-24,Exponentialgleichung/-funktion: exp.Funktionen & expon.Wachstum Vorbereitung auf Klassenarbeit,19,performanz,0.91608656017512,1,1.5071006143225,0.14292479866915,0.019089968855412,-0.10224496962518,0.46647415268712,0.12229153288671,0.60784294893106,0.60556945605985,0.51568193384487,False,True,True
2550,0,18,2025-09-24,Exponentialgleichung/-funktion: exp.Funktionen & expon.Wachstum Vorbereitung auf Klassenarbeit,19,kognition,1.6662193362077,1,3.0045876008173,0.55455656882455,0.13213083838315,0.2111204192588,0.25222496970111,0.43296993128715,0.41757439605066,0.45274848720097,1.4974869864947997,False,True,True
2551,0,18,2025-09-24,Exponentialgleichung/-funktion: exp.Funktionen & expon.Wachstum Vorbereitung auf Klassenarbeit,19,motivation,0.21024,1,0.34359091024065,0.42537722003598,0.16763634287132,0.25145451430698,0.61187265148032,0.0,0.52386357147288,0.28079087430946,-2.66099669057665,False,True,True
2552,0,18,2025-09-24,Exponentialgleichung/-funktion: exp.Funktionen & expon.Wachstum Vorbereitung auf Klassenarbeit,19,kognition,2.3317185870149,1,3.9472334029979,0.59072075090275,0.036035643093624,0.11051648660271,0.31723657760352,0.43648255743814,0.44637104913987,0.38357304861061,3.60364249275725,False,True,True
2553,0,18,2025-09-24,Exponentialgleichung/-funktion: exp.Funktionen & expon.Wachstum Vorbereitung auf Klassenarbeit,19,kognition,2.3451113517338,1,4.4817017288967,0.523262425964,0.19873882290832,0.28092411061755,0.37361537614605,0.45456628790124,0.41330948442571,0.30121886733082,0.5344683258987994,False,False,True
2540,0,18,2025-10-01,Funktionen: BLF Aufgaben,19,performanz,1.5072340371522,1,3.0906410220045,0.46922370585666,0.077011763893507,0.23510808419298,0.4219273012279,0.34983980019771,0.48767525884388,0.42470969885431,-1.3910607068921994,False,True,True
2541,0,18,2025-10-01,Funktionen: BLF Aufgaben,19,performanz,1.5197445884373,1,3.4361783473499,0.43378832819198,0.20960916717409,0.30486789593503,0.39671769700491,0.36048769182062,0.44227627673826,0.43817441385638,0.3455373253453997,False,False,True
2542,0,18,2025-10-01,Funktionen: BLF Aufgaben,19,kognition,2.2009129520582,1,3.5655874874173,0.61726343476093,0.037799812012656,0.18382639127447,0.28178965695487,0.46623570321268,0.46595771324522,0.26431334205833,0.12940914006740023,False,True,True
2543,0,18,2025-10-01,Funktionen: BLF Aufgaben,19,performanz,2.0864958050995,1,3.9909291971125,0.50686404877188,0.033885703813723,0.13418955811809,0.37059932669004,0.40085263899891,0.52280821682502,0.39060672750351,0.4253417096951999,False,True,True
2532,6,18,2025-10-16,Prüfungsvorbereitung: Übungen zur BLF Teil A,18,kognition,1.919667488646,1,3.1988921097457,0.60010197961283,0.028359326892356,0.086449473354213,0.30337364378423,0.40429765756495,0.44207952411901,0.42504956153813,-0.7920370873668001,False,True,True
2533,6,18,2025-10-16,Prüfungsvorbereitung: Übungen zur BLF Teil A,18,methodik,1.3071304723696,1,2.3428052989296,0.51447576205092,0.042683689169047,0.09160513239389,0.31116409404235,0.55793150786012,0.39453333050523,0.40165351508073,-0.8560868108160999,False,True,True
2534,6,18,2025-10-16,Prüfungsvorbereitung: Übungen zur BLF Teil A,18,kognition,1.473212922878,1,3.1443711090881,0.46852238064275,0.23827174473619,0.28124665024161,0.42298258717174,0.3350072408433,0.40654256773133,0.43380449033815,0.8015658101584999,False,True,True
2535,6,18,2025-10-16,Prüfungsvorbereitung: Übungen zur BLF Teil A,18,regulation,1.539769585776,1,2.8957199704337,0.47088581038576,0.15755269598282,0.14777939986544,0.33022333356776,0.43475917646087,0.38831659764443,0.5317379733254,-0.2486511386543997,False,True,True
2517,0,18,2025-10-29,Stochastik (Wahrscheinlichkeitsrechnung): Vorbereitung auf Test,19,performanz,1.0546278376074,1,2.0383290573272,0.42436159039773,0.070587328205849,0.083951372778933,0.46633964595264,0.35371936646566,0.5173956873447,0.44450947338743,-0.8573909131065003,False,True,True
2518,0,18,2025-10-29,Stochastik (Wahrscheinlichkeitsrechnung): Vorbereitung auf Test,19,kognition,1.8346726067272,1,3.2578547618,0.56315186199242,0.031352009134577,0.21853304168741,0.26739485678908,0.44746296860024,0.50787483501136,0.32319380690867,1.2195257044728,False,True,True
2519,0,18,2025-10-29,Stochastik (Wahrscheinlichkeitsrechnung): Vorbereitung auf Test,19,motivation,1.9323937282884,1,4.094843055123,0.3779217885154,0.27275714624174,0.33240350281161,0.47190795427221,0.3699431106647,0.45875909404899,0.31979174360427,0.8369882933230004,False,True,True
2520,0,18,2025-10-29,Stochastik (Wahrscheinlichkeitsrechnung): Vorbereitung auf Test,19,kognition,2.325873120126,1,4.3741226535176,0.53173355825311,0.049170311392821,0.1010184804467,0.34044779048807,0.46657214061282,0.45197678151597,0.40835661658614,0.2792795983945995,False,True,True
2521,0,18,2025-10-29,Stochastik (Wahrscheinlichkeitsrechnung): Vorbereitung auf Test,19,kognition,2.2741683893754,1,4.4226026497114,0.51421378481424,0.20190670340455,0.2771769151546,0.38230209960267,0.45121813753943,0.41512604872008,0.30968364954078,0.048479996193799835,False,False,True
2508,0,18,2025-11-05,Stochastik (Wahrscheinlichkeitsrechnung): Baumdiagramm,19,regulation,2.2831943720438,1,4.6221765003632,0.42028364349602,0.07674949586674,0.058605948586205,0.41798896030911,0.44907287797465,0.44005726793527,0.4939641383714,0.19957385065180056,False,True,True
2509,0,18,2025-11-05,Stochastik (Wahrscheinlichkeitsrechnung): Baumdiagramm,19,kognition,1.6662193362077,1,3.0045876008173,0.55455656882455,0.13213083838315,0.2111204192588,0.25222496970111,0.43296993128715,0.41757439605066,0.45274848720097,-1.6175888995459005,False,True,True
2510,0,18,2025-11-05,Stochastik (Wahrscheinlichkeitsrechnung): Baumdiagramm,19,regulation,1.0959483968476,1,1.6538928464461,0.23508177141809,0.28196494490937,0.27712264868538,0.4160507871843,0.21827158758189,0.35858859808376,0.66264375758378,-1.3506947543711998,False,True,True
2511,0,18,2025-11-05,Stochastik (Wahrscheinlichkeitsrechnung): Baumdiagramm,19,kognition,2.1462963786463,1,4.3406553652064,0.49446253006518,0.26550279432215,0.053552965854877,0.37877182858556,0.4109033095443,0.44109602015534,0.41864927793105,2.6867625187603004,False,True,True
2512,0,18,2025-11-05,Stochastik (Wahrscheinlichkeitsrechnung): Baumdiagramm,19,kognition,1.8941985677148,1,3.5717878102127,0.5303207707611,0.0025796929428273,0.21368847062502,0.26998418773395,0.48896612273076,0.52657343227264,0.289527119649,-0.7688675549937001,False,False,True
2498,0,18,2025-11-12,Funktionen: Sinusfunktion,19,motivation,1.6401735572884,1,2.8880375884253,0.33503668365262,0.32038509609569,0.43729181778179,0.5679177738836,0.22979626349353,0.40213666852666,0.23837351162418,-0.6837502217874003,False,True,True
2499,0,18,2025-11-12,Funktionen: Sinusfunktion,19,kognition,2.1688746734496,1,3.1172442691244,0.69576444081953,0.0,0.16369007378504,0.15193693723741,0.48658802563816,0.43032265210642,0.20995395265513,0.22920668069910022,False,True,True
2500,0,18,2025-11-12,Funktionen: Sinusfunktion,19,motivation,1.8282533754185,1,3.5141486703425,0.38999155322217,0.42684469903398,0.26587937625879,0.52025350785892,0.25587316251426,0.38566410609745,0.33187507722202,0.3969044012180998,False,True,True
2501,0,18,2025-11-12,Funktionen: Sinusfunktion,19,kognition,2.4241953523872,1,3.6133900265862,0.67089038981313,0.0,0.27260700094581,0.12121547483737,0.48802215807,0.46603119948005,0.074445120390985,0.09924135624370001,False,True,True
2502,0,18,2025-11-12,Funktionen: Sinusfunktion,19,kognition,2.509295155464,1,3.8411483190915,0.65326522548996,0.020984344791132,0.16805441832496,0.2240481499757,0.47451664831199,0.42970909557727,0.29076309654101,0.2277582925053001,False,False,True
2488,0,18,2025-11-26,Funktionen: Modif.sinusfunktion,19,kognition,2.2150745427188,1,4.219811570406,0.52492137540917,0.046539524378753,0.075483868838256,0.37324671046528,0.37467537002425,0.46781873578072,0.46694749062356,0.37866325131449985,False,False,True
2489,0,18,2025-11-26,Funktionen: Modif.sinusfunktion,19,motivation,1.376852504409,1,2.4862506965683,0.25215758794377,0.31975729701126,0.30109151145213,0.55378444678366,0.18303761876473,0.51110202343942,0.37696474323594,-1.7335608738376997,False,True,True
2490,0,18,2025-11-26,Funktionen: Modif.sinusfunktion,19,regulation,1.539769585776,1,2.8957199704337,0.47088581038576,0.15755269598282,0.14777939986544,0.33022333356776,0.43475917646087,0.38831659764443,0.5317379733254,0.4094692738654002,False,True,True
2491,0,18,2025-11-26,Funktionen: Modif.sinusfunktion,19,performanz,1.5410807252831,1,3.2610617527124,0.46727819350693,0.10274601857145,0.26333744255978,0.35239019234587,0.39118686035569,0.47256878785366,0.44856921128522,0.36534178227869996,False,True,True
2492,0,18,2025-11-26,Funktionen: Modif.sinusfunktion,19,regulation,1.6593102589405,1,3.445161991689,0.35697457681494,0.30867452774446,-0.051124322883014,0.44905706607895,0.45666641004076,0.36400878395462,0.48163350420338,0.18410023897659977,False,True,True
2478,0,18,2025-12-03,Funktionen: Sinusfunktion,19,performanz,1.7146760432305,1,3.3685945007785,0.46692129171518,0.043118259161777,0.034712611149409,0.40662835417337,0.37420596681409,0.50901672868817,0.46307630734881,-0.07656749091050008,False,True,True
2479,0,18,2025-12-03,Funktionen: Sinusfunktion,19,performanz,1.6348496052309,1,2.5891291552071,0.50370779347505,0.0,0.19345833502926,0.30327613977023,0.35909799288386,0.6314259324158,0.29869401277169,-0.7794653455714,False,False,True
2480,0,18,2025-12-03,Funktionen: Sinusfunktion,19,performanz,1.7185730315922,1,3.4752254188631,0.31877151424459,0.19146773728403,0.17310725067521,0.46890082280075,0.38408892483263,0.49451988842658,0.46883978948033,0.8860962636560004,False,False,True
2481,0,18,2025-12-03,Funktionen: Sinusfunktion,19,kognition,1.4758361358457,1,2.8006523873511,0.52695967300848,0.28386141920944,0.3913078160065,0.35705838894269,0.40277514975236,0.34038294450806,0.28814611987675,-0.6745730315120002,False,True,True
2482,0,18,2025-12-03,Funktionen: Sinusfunktion,19,kognition,1.8851814077083,1,3.3156558214794,0.56856797675319,0.015106330202057,0.18049052375597,0.29780903970136,0.39432792049408,0.54494398432497,0.32057871796178,0.5150034341283001,False,False,True
2469,0,18,2025-12-10,Funktionen: Sinusfunktion vorb. Klassenarbeit,19,performanz,1.7803177442296,1,2.2792901074475,0.26065571282368,0.0,0.29833114483633,0.36911250485341,0.20746555360131,0.78108088461566,0.23167867253301,-1.0363657140319003,False,True,True
2470,0,18,2025-12-10,Funktionen: Sinusfunktion vorb. Klassenarbeit,19,kognition,2.0772518399554,1,3.5046583852388,0.59270995472911,0.037629046859325,0.10166548436159,0.31605277833603,0.40263592842087,0.44426987951362,0.42137466894537,1.2253682777913002,False,True,True
2465,0,18,2025-12-17,Funktionen: Sinusfunktion für kl.arbeit,19,kognition,1.9435674319259,1,3.7313954952578,0.52086738747529,0.23932520770493,0.02661409437125,0.39484263499938,0.44414344902299,0.38478142574485,0.41168687661556,2.2352037092943,False,False,True
2466,0,18,2025-12-17,Funktionen: Sinusfunktion für kl.arbeit,19,kognition,2.0025209823477,1,4.1753366045791,0.47960592784119,0.20384347683099,0.27356109825585,0.38796629419017,0.38566077691678,0.43325305356153,0.40819754744271,0.44394110932130015,False,False,True
2467,0,18,2025-12-17,Funktionen: Sinusfunktion für kl.arbeit,19,performanz,1.6859498552702,1,2.8674352088813,0.41373391072764,0.1011662724033,0.30642597316211,0.28072842674595,0.37441986092981,0.5879623610761,0.39998420555291,-1.3079013956978,False,True,True
2468,0,18,2025-12-17,Funktionen: Sinusfunktion für kl.arbeit,19,performanz,1.6229270452087,1,3.4989761103282,0.39913283762435,0.20574122243346,0.31304974465119,0.41790252261595,0.33606865075675,0.46382780440831,0.44456358396692,0.6315409014469,False,False,True
2460,0,18,2026-01-07,Prüfungsvorbereitung: Blf a Teil 2014,19,kognition,2.1928329711058,1,3.9028243912711,0.56185652560873,0.035514064351567,0.10716096158394,0.3336892807476,0.43935402011948,0.47241530936597,0.37948739649417,0.4038482809428996,False,True,True
2461,0,18,2026-01-07,Prüfungsvorbereitung: Blf a Teil 2014,19,kognition,1.6662193362077,1,3.0045876008173,0.55455656882455,0.13213083838315,0.2111204192588,0.25222496970111,0.43296993128715,0.41757439605066,0.45274848720097,-0.8982367904538,False,False,True
2462,0,18,2026-01-07,Prüfungsvorbereitung: Blf a Teil 2014,19,kognition,2.0937472961032,1,3.79908591483,0.5511172507991,0.11131089761788,0.10944137314403,0.36503224718023,0.41527757291662,0.43089007792585,0.42488435847901,0.7944983140127002,False,False,True
2463,0,18,2026-01-07,Prüfungsvorbereitung: Blf a Teil 2014,19,regulation,2.1507426574126,1,4.0230266961372,0.32285345704235,0.1940878730544,0.24341569490145,0.41164830638065,0.33607032387167,0.48024720787901,0.5346067709195,0.22394078130720008,False,True,True
2464,0,18,2026-01-07,Prüfungsvorbereitung: Blf a Teil 2014,19,regulation,1.8976886923973,1,3.9225909597309,0.450203957025,0.19261550717586,0.21765521993499,0.40377985151042,0.38454350726066,0.40972996824294,0.48378326316616,-0.10043573640629999,False,False,True
2455,6,18,2026-01-08,Prüfungsvorbereitung: BLF 2025 A-Teil. B-1,19,performanz,2.1524916087874,1,3.7834187822736,0.43529939562806,0.035551443866491,0.119184436252,0.4104201615304,0.35006848278279,0.56892616001453,0.42470070376623,-0.13917217745730026,False,True,True
2456,6,18,2026-01-08,Prüfungsvorbereitung: BLF 2025 A-Teil. B-1,19,kognition,1.6662193362077,1,3.0045876008173,0.55455656882455,0.13213083838315,0.2111204192588,0.25222496970111,0.43296993128715,0.41757439605066,0.45274848720097,-0.7788311814563,False,True,True
2457,6,18,2026-01-08,Prüfungsvorbereitung: BLF 2025 A-Teil. B-1,19,regulation,1.539769585776,1,2.8957199704337,0.47088581038576,0.15755269598282,0.14777939986544,0.33022333356776,0.43475917646087,0.38831659764443,0.5317379733254,-0.10886763038359959,False,True,True
2458,6,18,2026-01-08,Prüfungsvorbereitung: BLF 2025 A-Teil. B-1,19,motivation,1.3391291752914,1,2.9438340136339,0.39013065463861,0.34771163703153,0.063474612705181,0.45489134923233,0.38828321190919,0.42472073090344,0.4298618126599,0.04811404320019985,False,True,True
2459,6,18,2026-01-08,Prüfungsvorbereitung: BLF 2025 A-Teil. B-1,19,methodik,1.6923157810732,1,3.4333342274091,0.45560273520211,0.048083977176934,0.071709281313335,0.3792497481292,0.49290594504422,0.4472213857957,0.44516561249039,0.4895002137751998,False,True,True
2450,0,18,2026-01-14,Prüfungsvorbereitung: 2024 A Teil u. B1,19,kognition,1.9435674319259,1,3.7313954952578,0.52086738747529,0.23932520770493,0.02661409437125,0.39484263499938,0.44414344902299,0.38478142574485,0.41168687661556,0.29806126784870024,False,True,True
2451,0,18,2026-01-14,Prüfungsvorbereitung: 2024 A Teil u. B1,19,performanz,1.7655165425851,1,2.9398724507521,0.56855014888986,0.0,0.28719775025849,0.24098330966354,0.39075259553747,0.60053984203804,0.15117119147353,-0.7915230445057002,False,True,True
2452,0,18,2026-01-14,Prüfungsvorbereitung: 2024 A Teil u. B1,19,regulation,0.83995356903732,1,1.2723766120734,0.32816316889373,0.079216825552914,0.026147554981766,0.38552188435751,0.40842573301039,0.36621088545109,0.66014021294095,-1.6674958386787,False,True,True
2453,0,18,2026-01-14,Prüfungsvorbereitung: 2024 A Teil u. B1,19,motivation,1.2459236375843,1,1.9935420942378,0.1924119840039,0.33536319260425,0.25723120973569,0.62497671427077,0.082253812699267,0.4466343056288,0.43299820303145,0.7211654821644,False,True,True
2454,0,18,2026-01-14,Prüfungsvorbereitung: 2024 A Teil u. B1,19,regulation,2.2148166874228,1,4.3093800800185,0.40373138078784,0.25987825762376,0.10320541471071,0.43241760359741,0.38661493539129,0.39775145632727,0.51395131243569,2.3158379857807003,False,True,True
2440,0,18,2026-01-21,Prüfungsvorbereitung: BLF 2023 Ateil + B3,19,performanz,0.874,1,1.7259800114717,0.41135811637437,0.040556434008741,0.034762657721778,0.4223662913196,0.41773127029003,0.50637604748057,0.46755774635791,-2.5834000685468004,False,True,True
2441,0,18,2026-01-21,Prüfungsvorbereitung: BLF 2023 Ateil + B3,19,performanz,1.6348496052309,1,2.5891291552071,0.50370779347505,0.0,0.19345833502926,0.30327613977023,0.35909799288386,0.6314259324158,0.29869401277169,0.8631491437353997,False,False,True
2442,0,18,2026-01-21,Prüfungsvorbereitung: BLF 2023 Ateil + B3,19,kognition,2.0061560441041,1,3.6624782597347,0.54775767233435,0.037845715107673,0.14946786415009,0.34196619651183,0.41905124282305,0.4683771687897,0.40529142004314,1.0733491045276002,False,True,True
2443,0,18,2026-01-21,Prüfungsvorbereitung: BLF 2023 Ateil + B3,19,kognition,1.7820560115872,1,3.4263674606991,0.52009915195497,0.057384238529672,0.01634967429508,0.32019729496019,0.47732956965011,0.41282654755967,0.47448412856735,-0.23611079903559995,False,False,True
2444,0,18,2026-01-21,Prüfungsvorbereitung: BLF 2023 Ateil + B3,19,regulation,1.9449987244184,1,3.8214492248625,0.4744640681703,-0.034227517275499,0.028363956548983,0.33962254037949,0.48124977980893,0.4085459507913,0.50896754615728,0.3950817641633999,False,True,True
2436,0,18,2026-01-28,Prüfungsvorbereitung: Blf 2020 A Teil,19,performanz,1.9531896505829,1,3.2870701844949,0.41466224445206,0.031405075980467,0.13079068691856,0.40962322696175,0.34539700132505,0.59420200936871,0.41205624797762,-0.5343790403675999,False,True,True
2437,0,18,2026-01-28,Prüfungsvorbereitung: Blf 2020 A Teil,19,kognition,2.011929137674,1,4.1616133039273,0.48344816210909,0.20080164681871,0.27099058310345,0.38581826094179,0.38712272450863,0.43259694091758,0.4082352552731,0.8745431194324,False,True,True
2438,0,18,2026-01-28,Prüfungsvorbereitung: Blf 2020 A Teil,19,kognition,2.17271425264,1,3.961007449354,0.54852428206151,0.028144193203567,0.15231775143531,0.32706755945492,0.43173643708193,0.46775918359501,0.40367694556994,-0.20060585457330005,False,False,True
2439,0,18,2026-01-28,Prüfungsvorbereitung: Blf 2020 A Teil,19,regulation,0.83995356903732,1,1.2723766120734,0.32816316889373,0.079216825552914,0.026147554981766,0.38552188435751,0.40842573301039,0.36621088545109,0.66014021294095,-2.6886308372806003,False,True,True
3002,6,19,2025-10-09,Grundrechenarten: Übungen zum Rechnen mit den Grundrechenarten,18,kognition,2.0547114305757,1,4.0202243037138,0.51109245764048,0.032870016624614,0.15348776998845,0.35931223423551,0.44420521406901,0.50173089465934,0.36875892782791,,False,False,True
3003,6,19,2025-10-09,Grundrechenarten: Übungen zum Rechnen mit den Grundrechenarten,18,kognition,2.2176040705498,1,4.1959607750546,0.52850798764701,0.033057437189919,0.11991473533283,0.3111460283294,0.50972860238967,0.43980333406568,0.39387831994598,0.17573647134080073,False,False,True
3004,6,19,2025-10-09,Grundrechenarten: Übungen zum Rechnen mit den Grundrechenarten,18,performanz,1.7364678940513,1,3.5253302199341,0.45873591159058,0.17557733186734,0.29381275481814,0.38507725246167,0.43967873597745,0.49256746461871,0.29694741524276,-0.6706305551205003,False,True,True
3005,6,19,2025-10-09,Grundrechenarten: Übungen zum Rechnen mit den Grundrechenarten,18,regulation,2.313833831872,1,4.9946265310618,0.41890779460302,0.17740135474721,0.18447467974737,0.43405868844984,0.40459236989813,0.43851444065215,0.46326370647438,1.4692963111277,False,True,True
3006,6,19,2025-10-09,Grundrechenarten: Übungen zum Rechnen mit den Grundrechenarten,18,kognition,1.8346238946577,1,3.050519966414,0.60141153008057,0.25796034376092,0.36992244687776,0.36833268059845,0.37038652482427,0.38425337642634,0.12002358492601,-1.9441065646478002,False,True,True
2999,6,19,2025-10-16,Grundrechenarten: Allgemeine Übungen zum Rechnen mit den Grundrechenarten,18,performanz,-1.4552652158942,-1,2.4366088452089,-0.21141108626145,-0.15707180025819,-0.29598138611071,-0.37273403427469,-0.25021502605258,-0.59724778816174,-0.53364545639735,-0.6139111212051,True,True,True
3000,6,19,2025-10-16,Grundrechenarten: Allgemeine Übungen zum Rechnen mit den Grundrechenarten,18,kognition,1.512680856227,1,2.7153344123817,0.55708618373762,-0.077067209853772,-0.023311259048937,0.34116611055201,0.49480456333913,0.45950366325734,0.33285937163261,0.27872556717279995,True,True,True
3001,6,19,2025-10-16,Grundrechenarten: Allgemeine Übungen zum Rechnen mit den Grundrechenarten,18,motivation,2.0519663720169,1,4.2418067613595,0.35687517920945,0.29880068688514,0.34641805694199,0.4837470563814,0.35222911961893,0.45040191257754,0.32001503204027,1.5264723489778005,False,True,True
2959,6,19,2025-12-18,"Weitere Themen: Übungen zu Wurzeln, Quadraten und Lösen linearer Gleichungen",18,performanz,1.5752921706211,1,3.3390173794307,0.4453971633637,0.10840822376021,0.24513638282625,0.41734687449694,0.34808714570617,0.47178174708159,0.46027176364271,-0.9027893819288004,False,True,True
2960,6,19,2025-12-18,"Weitere Themen: Übungen zu Wurzeln, Quadraten und Lösen linearer Gleichungen",18,kognition,2.0772518399554,1,3.5046583852388,0.59270995472911,0.037629046859325,0.10166548436159,0.31605277833603,0.40263592842087,0.44426987951362,0.42137466894537,0.16564100580810015,False,True,True
2961,6,19,2025-12-18,"Weitere Themen: Übungen zu Wurzeln, Quadraten und Lösen linearer Gleichungen",18,kognition,2.2209564799031,1,4.2332441001739,0.52464520847256,0.057651067006785,0.12431452439003,0.36300826394135,0.46358746533329,0.45239334066434,0.39321350670068,0.7285857149351003,False,False,True
2962,6,19,2025-12-18,"Weitere Themen: Übungen zu Wurzeln, Quadraten und Lösen linearer Gleichungen",18,kognition,2.0635169573234,1,3.5459767256588,0.5819302543892,0.025556217949941,0.16336965941252,0.27651007972838,0.44722713027514,0.40033995329892,0.44414723291951,-0.6872673745151001,False,False,True
2963,6,19,2025-12-18,"Weitere Themen: Übungen zu Wurzeln, Quadraten und Lösen linearer Gleichungen",18,motivation,1.7915442913418,1,3.3533597644884,0.41425099938255,0.29820749581207,0.29614522655344,0.53425193675745,0.28669873699374,0.4000688015956,0.35225572510267,-0.19261696117040028,False,True,True
2955,6,19,2026-01-08,Dezimalzahlen: Division,19,performanz,2.1524916087874,1,3.7834187822736,0.43529939562806,0.035551443866491,0.119184436252,0.4104201615304,0.35006848278279,0.56892616001453,0.42470070376623,0.43005901778519995,False,True,True
2956,6,19,2026-01-08,Dezimalzahlen: Division,19,kognition,1.9373026861825,1,2.4174972743467,0.80136374634324,-0.0276955660997,0.19326724765202,-0.13478508835187,0.45886239328623,0.19416465364535,-0.23079638416416,-1.3659215079268998,False,True,True
2957,6,19,2026-01-08,Dezimalzahlen: Division,19,performanz,1.9659302386016,1,3.702637071267,0.47017325437901,0.18259732730411,0.27316223778375,0.42473426924758,0.31688346369353,0.5309526403036,0.32900954691659,1.2851397969203,False,True,True
2958,6,19,2026-01-08,Dezimalzahlen: Division,19,kognition,2.1832057573786,1,4.0234239649558,0.54262249023953,0.038559193374943,0.16233508787185,0.34215879515,0.42094647658508,0.4701756065589,0.40296735825034,0.32078689368879987,False,True,True
2945,6,19,2026-01-22,Weitere Themen: Selbststudium,18,performanz,2.1744618745086,1,4.4388621375364,0.46577705352531,0.21582431903798,0.15028280583915,0.40837051156953,0.4063458558203,0.48986810323295,0.37686600340078,0.41543817258060045,False,True,True
2946,6,19,2026-01-22,Weitere Themen: Selbststudium,18,regulation,1.5887506947218,1,2.5500239990253,0.30106002388061,0.15568419877999,0.13842952687491,0.37101936000202,0.30931179423061,0.49442664870243,0.62303118128191,-1.8888381385111002,False,True,True
2947,6,19,2026-01-22,Weitere Themen: Selbststudium,18,performanz,1.9577799980576,1,3.7807537621279,0.51042066750317,0.03083949094383,0.14821465789205,0.36597314714407,0.37761274092899,0.5178265877569,0.41457772698257,1.2307297631026,False,True,True
2948,6,19,2026-01-22,Weitere Themen: Selbststudium,18,performanz,1.7816761805797,1,3.5517580419398,0.42323574484856,0.16129366203002,0.30455667553456,0.39291713687201,0.3511092726904,0.50163078206162,0.4156926989252,-0.2289957201881001,False,False,True
2949,6,19,2026-01-22,Weitere Themen: Selbststudium,18,kognition,2.1462963786463,1,4.3406553652064,0.49446253006518,0.26550279432215,0.053552965854877,0.37877182858556,0.4109033095443,0.44109602015534,0.41864927793105,0.7888973232666001,False,True,True
1547,0,20,2026-01-21,Prüfungsvorbereitung: BLF 2023 Ateil B3,19,kognition,1.9342871926371,1,3.1073267084519,0.62249037491684,0.0,0.11492455442266,0.23104024420111,0.44023969477505,0.50017229306716,0.31926280320256,2.1159080279742697,False,False,True
1548,0,20,2026-01-21,Prüfungsvorbereitung: BLF 2023 Ateil B3,19,kognition,2.0025209823477,1,4.1753366045791,0.47960592784119,0.20384347683099,0.27356109825585,0.38796629419017,0.38566077691678,0.43325305356153,0.40819754744271,1.0680098961272004,False,False,True
1549,0,20,2026-01-21,Prüfungsvorbereitung: BLF 2023 Ateil B3,19,performanz,2.0864958050995,1,3.9909291971125,0.50686404877188,0.033885703813723,0.13418955811809,0.37059932669004,0.40085263899891,0.52280821682502,0.39060672750351,-0.18440740746660023,False,True,True
1550,0,20,2026-01-21,Prüfungsvorbereitung: BLF 2023 Ateil B3,19,regulation,2.1995823178481,1,4.4022111192169,0.38015269720671,0.19096170639702,0.20959935680266,0.44100657534342,0.40273763842269,0.41078430713137,0.49965284756969,0.41128192210439973,False,True,True
1551,0,20,2026-01-21,Prüfungsvorbereitung: BLF 2023 Ateil B3,19,motivation,2.0818792519938,1,4.2766590717479,0.33209301290047,0.37841837691444,0.38256831241431,0.48679923956401,0.28414573900136,0.39297120036295,0.35778751746519,-0.12555204746900017,False,True,True
1542,7,20,2026-01-23,Zufall: Wkeiten,23,kognition,2.1266007185707,1,4.2434364120772,0.50114942244074,0.11396715072385,0.17824852421908,0.34183623305069,0.44985360536929,0.43478865646368,0.44251784498799,-0.033222659670699706,False,True,True
1543,7,20,2026-01-23,Zufall: Wkeiten,23,performanz,1.8146533005108,1,2.9011619883243,0.48967516717457,0.0,0.17265110518826,0.31720137154232,0.35619597135299,0.62548973580807,0.33417546746929,-1.3422744237529,False,True,True
1544,7,20,2026-01-23,Zufall: Wkeiten,23,kognition,2.2147698359634,1,4.5051999610504,0.49160191314302,0.062345305630295,0.07325617380748,0.40938129345955,0.38284523733197,0.45825543665079,0.47424482196104,1.6040379727261005,False,True,True
1545,7,20,2026-01-23,Zufall: Wkeiten,23,kognition,2.2688988134381,1,4.362368859302,0.52010586118627,0.19744656419101,0.27327195712571,0.37284289932841,0.46304826268623,0.41077008263379,0.30604741185795,-0.14283110174840008,False,False,True
1546,7,20,2026-01-23,Zufall: Wkeiten,23,performanz,1.3195872615143,1,1.7830001959488,0.38136155656562,0.022433971544799,0.21359046816581,0.36212796890268,0.22310986354917,0.74008957689225,0.28245480372957,-2.5793686633532005,False,True,True
1537,0,20,2026-01-28,Prüfungsvorbereitung: Blf 2020 ATeil und B1 und 2,19,kognition,1.9342871926371,1,3.1073267084519,0.62249037491684,0.0,0.11492455442266,0.23104024420111,0.44023969477505,0.50017229306716,0.31926280320256,1.3243265125030999,False,True,True
1538,0,20,2026-01-28,Prüfungsvorbereitung: Blf 2020 ATeil und B1 und 2,19,kognition,2.0177356751246,1,3.9217345495925,0.5144995166333,0.025498856117589,0.091349994354582,0.32152827570838,0.47511997278933,0.47679603355376,0.41211194626164,0.8144078411405999,False,False,True
1539,0,20,2026-01-28,Prüfungsvorbereitung: Blf 2020 ATeil und B1 und 2,19,kognition,1.9143876066936,1,3.7380877154002,0.51212882927236,0.068380993975131,0.13341396740815,0.36293621368387,0.44389234660528,0.44167008486147,0.43750187478944,-0.18364683419229966,False,False,True
1540,0,20,2026-01-28,Prüfungsvorbereitung: Blf 2020 ATeil und B1 und 2,19,performanz,2.238051769172,1,3.9438823807714,0.5276304910445,0.012700027765247,0.24396199182774,0.32263651643742,0.37701906244822,0.56747282965521,0.30603781146679,0.20579466537119995,False,True,True
1541,0,20,2026-01-28,Prüfungsvorbereitung: Blf 2020 ATeil und B1 und 2,19,kognition,2.1416923254118,1,4.0108469640926,0.53397374790112,0.26036234415329,0.12279005478786,0.364287280733,0.47043558172801,0.40450314641996,0.33817665111898,0.06696458332120026,False,True,True
1077,0,21,2025-12-16,Analysis: Übungen zu Ableitungen,18,kognition,2.1266007185707,1,4.2434364120772,0.50114942244074,0.11396715072385,0.17824852421908,0.34183623305069,0.44985360536929,0.43478865646368,0.44251784498799,,False,False,True
1078,0,21,2025-12-16,Analysis: Übungen zu Ableitungen,18,regulation,1.5887506947218,1,2.5500239990253,0.30106002388061,0.15568419877999,0.13842952687491,0.37101936000202,0.30931179423061,0.49442664870243,0.62303118128191,-1.6934124130518997,False,True,True
1079,0,21,2025-12-16,Analysis: Übungen zu Ableitungen,18,regulation,1.9611829425497,1,4.1066196583502,0.45479888547485,0.19603031562825,0.22223033496086,0.40278440644117,0.38328801363239,0.41003110509019,0.47756508516951,1.5565956593249002,False,False,True
1080,0,21,2025-12-16,Analysis: Übungen zu Ableitungen,18,performanz,1.7185730315922,1,3.4752254188631,0.31877151424459,0.19146773728403,0.17310725067521,0.46890082280075,0.38408892483263,0.49451988842658,0.46883978948033,-0.6313942394871002,False,True,True
1081,0,21,2025-12-16,Analysis: Übungen zu Ableitungen,18,regulation,1.553207951233,1,3.2346333289896,0.43733050150753,0.22603274082431,0.032045122263973,0.45206961184473,0.39443184375602,0.40755714823022,0.48017904704139,-0.24059208987350011,False,True,True
1072,0,21,2026-01-06,Analysis: Ableitungen eigene Aufgaben,23,performanz,2.1524916087874,1,3.7834187822736,0.43529939562806,0.035551443866491,0.119184436252,0.4104201615304,0.35006848278279,0.56892616001453,0.42470070376623,0.5487854532839997,False,True,True
1073,0,21,2026-01-06,Analysis: Ableitungen eigene Aufgaben,23,kognition,2.0772518399554,1,3.5046583852388,0.59270995472911,0.037629046859325,0.10166548436159,0.31605277833603,0.40263592842087,0.44426987951362,0.42137466894537,-0.2787603970347998,False,True,True
1074,0,21,2026-01-06,Analysis: Ableitungen eigene Aufgaben,23,kognition,1.7210596468562,1,3.2680013090368,0.52663821636637,0.059917132129427,0.10515379467749,0.32731466212845,0.43852952957493,0.41554212567743,0.48567519117027,-0.23665707620199994,False,False,True
1075,0,21,2026-01-06,Analysis: Ableitungen eigene Aufgaben,23,performanz,2.4143754428081,1,4.4997329107928,0.50947910481707,0.03379630274003,0.17639907893204,0.35791044083201,0.36333508883705,0.53655853027006,0.40020050611167,1.231731601756,False,True,True
1076,0,21,2026-01-06,Analysis: Ableitungen eigene Aufgaben,23,performanz,1.1897469705338,1,1.8970848998075,0.56653179159401,0.0,0.27198407691166,0.23087933030891,0.37193825747922,0.6271415155112,0.14179575308926,-2.6026480109853,False,False,True
1068,0,21,2026-01-13,Analysis: Ableitungen,23,kognition,2.0532452617647,1,2.86636421726,0.71632142425822,0.0,0.24589649946494,0.10102785763875,0.48005379208708,0.42650143713645,0.062046789280422,0.9692793174525001,False,True,True
1069,0,21,2026-01-13,Analysis: Ableitungen,23,performanz,1.8608741963844,1,3.0556171049096,0.55550638970887,0.0,0.29078875442313,0.25128473348535,0.3845063379814,0.60899911294624,0.15804728787018,0.1892528876495998,False,True,True
1070,0,21,2026-01-13,Analysis: Ableitungen,23,kognition,2.17271425264,1,3.961007449354,0.54852428206151,0.028144193203567,0.15231775143531,0.32706755945492,0.43173643708193,0.46775918359501,0.40367694556994,0.9053903444444003,False,True,True
1071,0,21,2026-01-13,Analysis: Ableitungen,23,methodik,1.6923157810732,1,3.4333342274091,0.45560273520211,0.048083977176934,0.071709281313335,0.3792497481292,0.49290594504422,0.4472213857957,0.44516561249039,-0.5276732219449003,False,True,True
1063,0,21,2026-01-20,Analysis: Ableitungen,23,kognition,2.1266007185707,1,4.2434364120772,0.50114942244074,0.11396715072385,0.17824852421908,0.34183623305069,0.44985360536929,0.43478865646368,0.44251784498799,0.8101021846681,False,True,True
1064,0,21,2026-01-20,Analysis: Ableitungen,23,kognition,1.8706043338075,1,3.4522478891995,0.54184953553435,0.028966549779741,0.10377305345183,0.30141773302564,0.50406736303315,0.44719022762149,0.38713011245978,-0.7911885228776998,False,False,True
1065,0,21,2026-01-20,Analysis: Ableitungen,23,performanz,2.2329100933114,1,4.2154606819304,0.47702884675405,0.035858957413928,0.14440605365886,0.38564030488792,0.40772019219027,0.52969413424763,0.39340778595657,0.7632127927309003,False,True,True
1066,0,21,2026-01-20,Analysis: Ableitungen,23,performanz,1.9659302386016,1,3.702637071267,0.47017325437901,0.18259732730411,0.27316223778375,0.42473426924758,0.31688346369353,0.5309526403036,0.32900954691659,-0.5128236106634003,False,False,True
1067,0,21,2026-01-20,Analysis: Ableitungen,23,kognition,1.8796171795718,1,3.9646280613375,0.47409552914842,0.41406760217284,0.095995289892389,0.41406760217284,0.43806451980786,0.35846842256622,0.32048275638434,0.26199099007049975,False,True,True
2920,6,22,2025-08-28,Funktionen: Quadr. Funktionen weh.,19,regulation,1.7810357015046,1,3.5846603474751,0.44499407838611,0.049847783190915,0.036900952175072,0.39802316963037,0.42437609028194,0.46125148062342,0.49684783504823,,False,False,True
2921,6,22,2025-08-28,Funktionen: Quadr. Funktionen weh.,19,kognition,2.4410729735005,1,4.0672866920127,0.60017086491239,0.039084236050462,0.16920738651501,0.26177503922274,0.50156705623623,0.42079721715856,0.3353584909564,0.48262634453759956,False,True,True
2922,6,22,2025-08-28,Funktionen: Quadr. Funktionen weh.,19,performanz,-1.8674785612985,-1,2.1129969924978,-0.23666123224212,0.09973348232948,-0.23115913641968,-0.28495457071789,-0.12530584779423,-0.88380141094134,0.050941979720327,-1.9542896995149,True,True,True
2923,6,22,2025-08-28,Funktionen: Quadr. Funktionen weh.,19,kognition,1.3099250211841,1,1.6223511642224,0.80741887199446,-0.22053774378081,0.021828366465223,0.015987161275233,0.45547534456461,0.29937627667966,-0.040118943019373,-0.4906458282753998,True,True,True
2924,6,22,2025-08-28,Funktionen: Quadr. Funktionen weh.,19,performanz,1.6514653847318,1,3.1819690767104,0.46303540907394,0.052306337430451,0.18165981882267,0.37481530099105,0.44958792227474,0.51900573351321,0.37131243005745,1.5596179124879999,False,True,True
2910,6,22,2025-09-11,Analysis: Bestimmen des Definitionsbereichs und Nullstellen von Funktionen,18,motivation,1.2951057303566,1,2.3852489463375,0.40565905338819,0.24468740597332,0.41380304731485,0.54296231960275,0.27823500908808,0.41439758935696,0.2457219894991,-0.7967201303728997,False,True,True
2911,6,22,2025-09-11,Analysis: Bestimmen des Definitionsbereichs und Nullstellen von Funktionen,18,kognition,1.8124059963247,1,2.7008782028216,0.67104073187158,0.0,0.13221920340388,0.18986342323182,0.46057081054162,0.46390437256253,0.26236264134944,0.3156292564840997,False,True,True
2912,6,22,2025-09-11,Analysis: Bestimmen des Definitionsbereichs und Nullstellen von Funktionen,18,kognition,2.4427137214532,1,4.7245662545224,0.51702281640921,0.0716425600792,0.12221998272692,0.39657422898699,0.39719402606343,0.45360297474682,0.43797593701499,2.0236880517008,False,False,True
2913,6,22,2025-09-11,Analysis: Bestimmen des Definitionsbereichs und Nullstellen von Funktionen,18,kognition,1.8515721846579,1,3.1492118583832,0.58794593328796,0.015904736151126,0.19002988281868,0.28714245259574,0.39675344827274,0.52855286700544,0.31419212553827,-1.5753543961392,False,False,True
2914,6,22,2025-09-11,Analysis: Bestimmen des Definitionsbereichs und Nullstellen von Funktionen,18,regulation,1.539769585776,1,2.8957199704337,0.47088581038576,0.15755269598282,0.14777939986544,0.33022333356776,0.43475917646087,0.38831659764443,0.5317379733254,-0.2534918879494996,False,True,True
2904,6,22,2025-09-18,Prüfungsvorbereitung: Quadratische Funktionen,20,performanz,2.1770409970906,1,4.2099561660691,0.49706707930076,0.031388653301531,0.17344519279507,0.36549739339926,0.43321524744832,0.51711603162915,0.36493602208882,1.3142361956353996,False,True,True
2905,6,22,2025-09-18,Prüfungsvorbereitung: Quadratische Funktionen,20,kognition,2.2069589158005,1,3.916840808544,0.5634523814352,0.076723644298226,0.31177537024684,0.31845471584113,0.42787289584912,0.43423975906972,0.32614892186079,-0.2931153575251,False,True,True
2906,6,22,2025-09-18,Prüfungsvorbereitung: Quadratische Funktionen,20,kognition,1.9983364398439,1,3.4475065704142,0.57964520228655,0.17656477495722,0.28633515641049,0.33452481948389,0.42245213690023,0.39236938764407,0.32636834629356,-0.4693342381297998,False,False,True
2907,6,22,2025-09-18,Prüfungsvorbereitung: Quadratische Funktionen,20,regulation,1.6593102589405,1,3.445161991689,0.35697457681494,0.30867452774446,-0.051124322883014,0.44905706607895,0.45666641004076,0.36400878395462,0.48163350420338,-0.0023445787252001082,False,True,True
2908,6,22,2025-09-18,Prüfungsvorbereitung: Quadratische Funktionen,20,performanz,2.070230043039,1,3.7913177909615,0.40066003049603,0.14518123583831,0.31037324191651,0.39449229918019,0.33468306175801,0.54604353861843,0.39529312190918,0.3461557992725002,False,True,True
2909,6,22,2025-09-18,Prüfungsvorbereitung: Quadratische Funktionen,20,kognition,2.3446530758785,1,3.6044778914108,0.65048160696161,-0.028351079207643,0.17562163433316,0.23072514216588,0.46986808124052,0.46194660301316,0.24045086650775,-0.18683989955070013,False,True,True
2894,6,22,2025-09-25,Analysis: Grenzwerte,18,kognition,2.2414953024427,1,4.7653905687971,0.47036870669794,0.071220868695358,0.091961975579142,0.39006654587399,0.46307096173179,0.4334201960125,0.45910780175665,1.1609126773863,False,False,True
2895,6,22,2025-09-25,Analysis: Grenzwerte,18,kognition,1.9342871926371,1,3.1073267084519,0.62249037491684,0.0,0.11492455442266,0.23104024420111,0.44023969477505,0.50017229306716,0.31926280320256,-1.6580638603452003,False,False,True
2896,6,22,2025-09-25,Analysis: Grenzwerte,18,regulation,2.313833831872,1,4.9946265310618,0.41890779460302,0.17740135474721,0.18447467974737,0.43405868844984,0.40459236989813,0.43851444065215,0.46326370647438,1.8872998226099003,False,True,True
2897,6,22,2025-09-25,Analysis: Grenzwerte,18,kognition,1.9983364398439,1,3.73654460792,0.53480723541635,0.23766947744919,0.32205417002549,0.38482504297687,0.38977370733012,0.39078727981567,0.31787048430686,-1.2580819231418001,False,True,True
2898,6,22,2025-09-25,Analysis: Grenzwerte,18,sozial,1.5587443540156,1,2.8888755659315,0.37831587943523,0.53956597395126,0.029926290388881,0.46983040777715,0.25197936507438,0.39635197416013,0.35144565621995,-0.8476690419885,False,True,True
2884,6,22,2025-10-02,Analysis: Stetigkeit und Unstetigkeit einer Funktion,18,performanz,1.7503923860708,1,3.2500733602901,0.38839016543615,0.042134255804933,0.11434696884422,0.40387347344296,0.423619496146,0.53856845872242,0.44908034483934,0.3611977943586,False,True,True
2885,6,22,2025-10-02,Analysis: Stetigkeit und Unstetigkeit einer Funktion,18,kognition,2.0311230831007,1,3.8229300313861,0.5312987037268,0.20795513229951,0.31164531269073,0.34246928522452,0.41648835124838,0.41913366222758,0.33305785235829,0.5728566710959999,False,True,True
2886,6,22,2025-10-02,Analysis: Stetigkeit und Unstetigkeit einer Funktion,18,regulation,2.1995823178481,1,4.4022111192169,0.38015269720671,0.19096170639702,0.20959935680266,0.44100657534342,0.40273763842269,0.41078430713137,0.49965284756969,0.5792810878307999,False,True,True
2887,6,22,2025-10-02,Analysis: Stetigkeit und Unstetigkeit einer Funktion,18,kognition,2.1820491743331,1,4.4336617364237,0.49215397621954,0.1998670220788,0.11445072171214,0.39248883283008,0.46126862894737,0.42771883525212,0.39366803854352,0.03145061720679987,False,True,True
2888,6,22,2025-10-02,Analysis: Stetigkeit und Unstetigkeit einer Funktion,18,kognition,1.4758361358457,1,2.8006523873511,0.52695967300848,0.28386141920944,0.3913078160065,0.35705838894269,0.40277514975236,0.34038294450806,0.28814611987675,-1.6330093490725996,False,False,True
2874,6,22,2025-10-09,Analysis: Übungen zur Stetigkeit einer Funktion,18,performanz,2.1524916087874,1,3.7834187822736,0.43529939562806,0.035551443866491,0.119184436252,0.4104201615304,0.35006848278279,0.56892616001453,0.42470070376623,0.9827663949224998,False,True,True
2875,6,22,2025-10-09,Analysis: Übungen zur Stetigkeit einer Funktion,18,kognition,2.2375701027702,1,4.04857516276,0.55267951958922,0.19636489490517,0.31562955398473,0.31897353826335,0.43567210529291,0.4119372974083,0.30840327964697,0.2651563804863999,False,True,True
2876,6,22,2025-10-09,Analysis: Übungen zur Stetigkeit einer Funktion,18,performanz,1.9966423536502,1,4.363566322741,0.38111368433806,0.2107779087295,0.2996903444672,0.41367887200184,0.37838787209203,0.45757016858961,0.44365312663578,0.314991159981,False,True,True
2877,6,22,2025-10-09,Analysis: Übungen zur Stetigkeit einer Funktion,18,kognition,1.9316956848234,1,3.8905038385904,0.49651428190865,0.053043559070364,0.10570725339821,0.35304187399171,0.46146449087851,0.44283837987998,0.45363742432729,-0.4730624841505997,False,True,True
2878,6,22,2025-10-09,Analysis: Übungen zur Stetigkeit einer Funktion,18,performanz,2.0658163514687,1,3.8142796373613,0.50667974471114,0.022409062778034,0.23481270717957,0.3180050784504,0.44967993433559,0.54159923547331,0.30159942670511,-0.0762242012290999,False,True,True
2864,6,22,2025-10-16,Analysis: übungen Grenzwerte,18,performanz,2.1524916087874,1,3.7834187822736,0.43529939562806,0.035551443866491,0.119184436252,0.4104201615304,0.35006848278279,0.56892616001453,0.42470070376623,-0.030860855087700312,False,False,True
2865,6,22,2025-10-16,Analysis: übungen Grenzwerte,18,performanz,-1.4552652158942,-1,2.4366088452089,-0.21141108626145,-0.15707180025819,-0.29598138611071,-0.37273403427469,-0.25021502605258,-0.59724778816174,-0.53364545639735,-1.3468099370647,True,False,True
2866,6,22,2025-10-16,Analysis: übungen Grenzwerte,18,performanz,1.7364678940513,1,3.5253302199341,0.45873591159058,0.17557733186734,0.29381275481814,0.38507725246167,0.43967873597745,0.49256746461871,0.29694741524276,1.0887213747252003,True,False,True
2867,6,22,2025-10-16,Analysis: übungen Grenzwerte,18,kognition,2.509295155464,1,3.8411483190915,0.65326522548996,0.020984344791132,0.16805441832496,0.2240481499757,0.47451664831199,0.42970909557727,0.29076309654101,0.3158180991573998,False,True,True
2868,6,22,2025-10-16,Analysis: übungen Grenzwerte,18,kognition,1.8888915756821,1,3.3233958757153,0.56836018419675,0.037237226112195,0.080792004910457,0.34461562095382,0.4123224685031,0.42860518859677,0.44336731060167,-0.5177524433762,False,False,True
2854,6,22,2025-10-23,Analysis: Hausaufgaben zum Thema Anstieg einer Funktion,18,performanz,1.5752921706211,1,3.3390173794307,0.4453971633637,0.10840822376021,0.24513638282625,0.41734687449694,0.34808714570617,0.47178174708159,0.46027176364271,0.015621503715399943,False,True,True
2855,6,22,2025-10-23,Analysis: Hausaufgaben zum Thema Anstieg einer Funktion,18,kognition,1.752927244018,1,3.2645506643148,0.53695655381115,0.12160901291853,0.19430850592622,0.27023992750622,0.42310320660401,0.44252841115942,0.45961902581514,-0.07446671511589997,False,True,True
2856,6,22,2025-10-23,Analysis: Hausaufgaben zum Thema Anstieg einer Funktion,18,motivation,1.8151486855143,1,2.9587323352089,0.20418107569392,0.27982740008289,0.36160357600822,0.61348656958536,0.19574299446748,0.33674943419556,0.47027814781919,-0.3058183291058998,False,True,True
2857,6,22,2025-10-23,Analysis: Hausaufgaben zum Thema Anstieg einer Funktion,18,motivation,1.6075723274489,1,3.178534159656,0.38863533897205,0.41489552577574,0.45227740105734,0.50575743066691,0.24074757899589,0.36817985403732,0.15151487029706,0.21980182444709984,False,False,True
2858,6,22,2025-10-23,Analysis: Hausaufgaben zum Thema Anstieg einer Funktion,18,kognition,2.509295155464,1,3.8411483190915,0.65326522548996,0.020984344791132,0.16805441832496,0.2240481499757,0.47451664831199,0.42970909557727,0.29076309654101,0.6626141594355,False,True,True
2792,6,22,2025-12-18,Analysis: Nullstellen und Polstellen,23,regulation,1.8479915181834,1,4.0789242581081,0.42043389351725,0.32285885538557,0.14942820404965,0.40847577548243,0.41016540084089,0.39536647425586,0.45305744129363,0.2377759390166001,False,True,True
2793,6,22,2025-12-18,Analysis: Nullstellen und Polstellen,23,kognition,2.0025209823477,1,4.1753366045791,0.47960592784119,0.20384347683099,0.27356109825585,0.38796629419017,0.38566077691678,0.43325305356153,0.40819754744271,0.09641234647100028,False,True,True
2794,6,22,2025-12-18,Analysis: Nullstellen und Polstellen,23,kognition,1.7210596468562,1,3.2680013090368,0.52663821636637,0.059917132129427,0.10515379467749,0.32731466212845,0.43852952957493,0.41554212567743,0.48567519117027,-0.9073352955423002,False,False,True
2795,6,22,2025-12-18,Analysis: Nullstellen und Polstellen,23,kognition,2.2688988134381,1,4.362368859302,0.52010586118627,0.19744656419101,0.27327195712571,0.37284289932841,0.46304826268623,0.41077008263379,0.30604741185795,1.0943675502652002,False,False,True
2796,6,22,2025-12-18,Analysis: Nullstellen und Polstellen,23,regulation,1.0748847029185,1,2.1705909655679,0.41016065224904,0.049968981073429,0.032170610827381,0.39633397743253,0.46323979442207,0.45970750767414,0.49520143037311,-2.1917778937341,False,True,True
2788,4,22,2026-01-07,Weitere Themen: Mathe Aufgaben - Differenzialrechnung,23,performanz,2.1625397852702,1,4.5039203437359,0.43533203634603,0.17064144437225,0.24094742665989,0.42185314901355,0.37315321830169,0.48014503338796,0.41900448192064,2.333329378168,False,True,True
2789,4,22,2026-01-07,Weitere Themen: Mathe Aufgaben - Differenzialrechnung,23,performanz,1.8146533005108,1,2.9011619883243,0.48967516717457,0.0,0.17265110518826,0.31720137154232,0.35619597135299,0.62548973580807,0.33417546746929,-1.6027583554116003,False,False,True
2790,4,22,2026-01-07,Weitere Themen: Mathe Aufgaben - Differenzialrechnung,23,motivation,1.7915442913418,1,3.3533597644884,0.41425099938255,0.29820749581207,0.29614522655344,0.53425193675745,0.28669873699374,0.4000688015956,0.35225572510267,0.45219777616410006,False,True,True
2791,4,22,2026-01-07,Weitere Themen: Mathe Aufgaben - Differenzialrechnung,23,motivation,1.2623925324906,1,2.6261746889041,0.41358193012077,0.4120300862581,0.035560809429602,0.48069449868637,0.29942201539725,0.42667263452277,0.39387653764832,-0.7271850755842997,False,False,True
2783,6,22,2026-01-08,Analysis: Bestimmung von Extrempunkten und Sattelpunkten,18,kognition,1.919667488646,1,3.1988921097457,0.60010197961283,0.028359326892356,0.086449473354213,0.30337364378423,0.40429765756495,0.44207952411901,0.42504956153813,0.5727174208415997,False,True,True
2784,6,22,2026-01-08,Analysis: Bestimmung von Extrempunkten und Sattelpunkten,18,performanz,2.1257565680491,1,3.3833631186319,0.52299969028213,0.0,0.29892053573149,0.27568601845748,0.36872158033832,0.62829504565806,0.1743527374388,0.18447100888620005,False,True,True
2785,6,22,2026-01-08,Analysis: Bestimmung von Extrempunkten und Sattelpunkten,18,kognition,1.8833162223165,1,3.2283750387732,0.58336171172202,0.03224989635459,0.099301522803928,0.31916876249417,0.44816390272014,0.46417273808412,0.36139473789538,-0.1549880798587,False,True,True
2786,6,22,2026-01-08,Analysis: Bestimmung von Extrempunkten und Sattelpunkten,18,performanz,1.7648070047484,1,3.6133072357558,0.41658136104671,0.19356657060967,0.3074035795803,0.39676228733864,0.34750802257374,0.48841739863985,0.42161091406453,0.38493219698260006,False,True,True
2787,6,22,2026-01-08,Analysis: Bestimmung von Extrempunkten und Sattelpunkten,18,performanz,1.6859498552702,1,2.8674352088813,0.41373391072764,0.1011662724033,0.30642597316211,0.28072842674595,0.37441986092981,0.5879623610761,0.39998420555291,-0.7458720268744998,False,False,True
2778,4,22,2026-01-14,Weitere Themen: Mathe-Differentialrechnung,23,performanz,1.5752921706211,1,3.3390173794307,0.4453971633637,0.10840822376021,0.24513638282625,0.41734687449694,0.34808714570617,0.47178174708159,0.46027176364271,0.47158217054939966,False,False,True
2779,4,22,2026-01-14,Weitere Themen: Mathe-Differentialrechnung,23,performanz,1.8608741963844,1,3.0556171049096,0.55550638970887,0.0,0.29078875442313,0.25128473348535,0.3845063379814,0.60899911294624,0.15804728787018,-0.28340027452109995,False,False,True
2780,4,22,2026-01-14,Weitere Themen: Mathe-Differentialrechnung,23,performanz,1.3941299453027,1,2.5726792369398,0.40931979092097,0.14876422035926,0.30155386371029,0.31573528605835,0.34742965228419,0.54189597611914,0.45314084537648,-0.48293786796979976,False,False,True
2781,4,22,2026-01-14,Weitere Themen: Mathe-Differentialrechnung,23,performanz,2.2329100933114,1,4.2154606819304,0.47702884675405,0.035858957413928,0.14440605365886,0.38564030488792,0.40772019219027,0.52969413424763,0.39340778595657,1.6427814449906002,False,False,True
2782,4,22,2026-01-14,Weitere Themen: Mathe-Differentialrechnung,23,performanz,1.7349960417186,1,3.0088267944093,0.49568317504876,0.021792505626107,0.18265534692838,0.34599423350428,0.40517032831338,0.57663348339209,0.32260265823754,-1.2066338875211002,False,False,True
2773,4,22,2026-01-21,Weitere Themen: Differentialrechnung,23,regulation,1.7810357015046,1,3.5846603474751,0.44499407838611,0.049847783190915,0.036900952175072,0.39802316963037,0.42437609028194,0.46125148062342,0.49684783504823,0.5758335530658001,False,True,True
2774,4,22,2026-01-21,Weitere Themen: Differentialrechnung,23,kognition,2.0025209823477,1,4.1753366045791,0.47960592784119,0.20384347683099,0.27356109825585,0.38796629419017,0.38566077691678,0.43325305356153,0.40819754744271,0.5906762571040001,False,True,True
2775,4,22,2026-01-21,Weitere Themen: Differentialrechnung,23,kognition,1.8346238946577,1,3.050519966414,0.60141153008057,0.25796034376092,0.36992244687776,0.36833268059845,0.37038652482427,0.38425337642634,0.12002358492601,-1.1248166381651004,False,False,True
2776,4,22,2026-01-21,Weitere Themen: Differentialrechnung,23,kognition,2.0318903529178,1,3.8938269022808,0.5218221522652,0.26818691882626,0.11186415844222,0.37523507366281,0.46558602370389,0.40539660056191,0.34833975080969,0.8433069358668002,False,False,True
2777,4,22,2026-01-21,Weitere Themen: Differentialrechnung,23,performanz,2.0864958050995,1,3.9909291971125,0.50686404877188,0.033885703813723,0.13418955811809,0.37059932669004,0.40085263899891,0.52280821682502,0.39060672750351,0.09710229483169996,False,True,True
2768,6,22,2026-01-22,Analysis: Lösen von Gleichungen,18,performanz,2.071194181061,1,3.7362141348712,0.44069559892085,0.037355174638719,0.10658755293803,0.41158049147071,0.35829413188745,0.55435490652982,0.43352413115014,-0.25471506224130014,False,False,True
2769,6,22,2026-01-22,Analysis: Lösen von Gleichungen,18,kognition,2.0025209823477,1,4.1753366045791,0.47960592784119,0.20384347683099,0.27356109825585,0.38796629419017,0.38566077691678,0.43325305356153,0.40819754744271,0.43912246970790036,False,True,True
2770,6,22,2026-01-22,Analysis: Lösen von Gleichungen,18,kognition,2.1462963786463,1,4.3406553652064,0.49446253006518,0.26550279432215,0.053552965854877,0.37877182858556,0.4109033095443,0.44109602015534,0.41864927793105,0.1653187606272999,False,False,True
2771,6,22,2026-01-22,Analysis: Lösen von Gleichungen,18,regulation,2.5051943093294,1,4.9669401934215,0.3909448724847,0.12089807406911,0.11494805508238,0.41638689628016,0.45609554731063,0.42841057129645,0.50437274620701,0.6262848282151001,False,True,True
2772,6,22,2026-01-22,Analysis: Lösen von Gleichungen,18,performanz,1.7576385021604,1,3.4507597507663,0.44464530526223,0.098341955792704,0.27435660761333,0.36291912005201,0.37409352724782,0.50934679190639,0.43156883465415,-1.5161804426552004,False,True,True
2765,4,22,2026-01-28,Weitere Themen: Mathe- Gleichungssysteme lösen,23,kognition,2.0772518399554,1,3.5046583852388,0.59270995472911,0.037629046859325,0.10166548436159,0.31605277833603,0.40263592842087,0.44426987951362,0.42137466894537,1.8942764429655001,False,True,True
2766,4,22,2026-01-28,Weitere Themen: Mathe- Gleichungssysteme lösen,23,performanz,2.1881851817843,1,3.9630517132152,0.39804980465075,0.21357376909659,0.16282875267136,0.43275848984903,0.37785426078498,0.55214511913544,0.36675109183635,0.45839332797639987,False,True,True
2767,4,22,2026-01-28,Weitere Themen: Mathe- Gleichungssysteme lösen,23,motivation,1.2623925324906,1,2.6261746889041,0.41358193012077,0.4120300862581,0.035560809429602,0.48069449868637,0.29942201539725,0.42667263452277,0.39387653764832,-1.3368770243110997,False,True,True
1853,2,23,2025-12-15,Prüfungsvorbereitung: BLF,19,kognition,2.5326051745112,1,4.0096002650977,0.63163375167823,0.015541942208395,0.17179344520515,0.22267654332557,0.47982510846894,0.45027324687481,0.29785281840573,4.0096002650977,True,True,True
1854,2,23,2025-12-15,Prüfungsvorbereitung: BLF,19,kognition,2.0772518399554,1,3.5046583852388,0.59270995472911,0.037629046859325,0.10166548436159,0.31605277833603,0.40263592842087,0.44426987951362,0.42137466894537,-0.5049418798589,False,False,True
1855,2,23,2025-12-15,Prüfungsvorbereitung: BLF,19,motivation,0.85188551646247,1,1.5890209998845,0.33406255970934,0.45645506608696,0.46047891028742,0.53610377426518,0.18684581263477,0.36274856741847,0.11871153327529,-1.9156373853543,False,True,True
1856,2,23,2025-12-15,Prüfungsvorbereitung: BLF,19,kognition,2.1462963786463,1,4.3406553652064,0.49446253006518,0.26550279432215,0.053552965854877,0.37877182858556,0.4109033095443,0.44109602015534,0.41864927793105,2.7516343653219,False,True,True
1857,2,23,2025-12-15,Prüfungsvorbereitung: BLF,19,performanz,1.5511427607571,1,2.6677743582537,0.32130842266691,0.036953441487947,0.1513991513825,0.40364975331999,0.43700613516417,0.58143483597468,0.42484372043268,-1.6728810069527,False,True,True
1850,2,23,2026-01-05,Stochastik (Wahrscheinlichkeitsrechnung): Baumdiagramme,12,regulation,1.7810357015046,1,3.5846603474751,0.44499407838611,0.049847783190915,0.036900952175072,0.39802316963037,0.42437609028194,0.46125148062342,0.49684783504823,0.9168859892214001,False,True,True
1851,2,23,2026-01-05,Stochastik (Wahrscheinlichkeitsrechnung): Baumdiagramme,12,regulation,1.5887506947218,1,2.5500239990253,0.30106002388061,0.15568419877999,0.13842952687491,0.37101936000202,0.30931179423061,0.49442664870243,0.62303118128191,-1.0346363484498,False,False,True
1852,2,23,2026-01-05,Stochastik (Wahrscheinlichkeitsrechnung): Baumdiagramme,12,kognition,2.1462963786463,1,4.3406553652064,0.49446253006518,0.26550279432215,0.053552965854877,0.37877182858556,0.4109033095443,0.44109602015534,0.41864927793105,1.7906313661811,False,True,True
1845,2,23,2026-01-12,Prüfungsvorbereitung: Mittelwert und Standardabweichung,12,performanz,2.1744618745086,1,4.4388621375364,0.46577705352531,0.21582431903798,0.15028280583915,0.40837051156953,0.4063458558203,0.48986810323295,0.37686600340078,0.09820677233000019,False,True,True
1846,2,23,2026-01-12,Prüfungsvorbereitung: Mittelwert und Standardabweichung,12,performanz,1.8146533005108,1,2.9011619883243,0.48967516717457,0.0,0.17265110518826,0.31720137154232,0.35619597135299,0.62548973580807,0.33417546746929,-1.5377001492121005,False,False,True
1847,2,23,2026-01-12,Prüfungsvorbereitung: Mittelwert und Standardabweichung,12,performanz,2.06132346452,1,3.8092753542734,0.46064846728107,0.033447451813805,0.14540012885798,0.38824406928337,0.41376980713662,0.54113128128023,0.38829864222467,0.9081133659491001,False,False,True
1848,2,23,2026-01-12,Prüfungsvorbereitung: Mittelwert und Standardabweichung,12,performanz,1.9659302386016,1,3.702637071267,0.47017325437901,0.18259732730411,0.27316223778375,0.42473426924758,0.31688346369353,0.5309526403036,0.32900954691659,-0.10663828300639988,False,False,True
1849,2,23,2026-01-12,Prüfungsvorbereitung: Mittelwert und Standardabweichung,12,kognition,1.2771822134312,1,2.1587129569032,0.59163785206759,0.36827328743493,0.41197527053745,0.39903167299848,0.34750634655043,0.2469901369355,0.060128901709216,-1.5439241143637998,False,True,True
1841,2,23,2026-01-19,Stochastik (Wahrscheinlichkeitsrechnung): Baumdiagramme,12,performanz,2.071194181061,1,3.7362141348712,0.44069559892085,0.037355174638719,0.10658755293803,0.41158049147071,0.35829413188745,0.55435490652982,0.43352413115014,1.5775011779679997,False,True,True
1842,2,23,2026-01-19,Stochastik (Wahrscheinlichkeitsrechnung): Baumdiagramme,12,kognition,2.0025209823477,1,4.1753366045791,0.47960592784119,0.20384347683099,0.27356109825585,0.38796629419017,0.38566077691678,0.43325305356153,0.40819754744271,0.43912246970790036,False,True,True
1843,2,23,2026-01-19,Stochastik (Wahrscheinlichkeitsrechnung): Baumdiagramme,12,performanz,1.171031134971,1,2.3554216638968,0.19785571730366,0.33095686675477,0.41928909416486,0.49146919269571,0.22256410971708,0.4971620076779,0.37048889297316,-1.8199149406823003,False,True,True
2182,7,24,2025-12-12,Algebra: Mathe HA,23,performanz,1.5752921706211,1,3.3390173794307,0.4453971633637,0.10840822376021,0.24513638282625,0.41734687449694,0.34808714570617,0.47178174708159,0.46027176364271,,False,False,True
2183,7,24,2025-12-12,Algebra: Mathe HA,23,kognition,2.0025209823477,1,4.1753366045791,0.47960592784119,0.20384347683099,0.27356109825585,0.38796629419017,0.38566077691678,0.43325305356153,0.40819754744271,0.8363192251484004,False,True,True
2184,7,24,2025-12-12,Algebra: Mathe HA,23,kognition,1.2857650333892,1,1.6311555883919,0.78824923878926,-0.13747490283747,0.0012801070899289,0.11918167832075,0.41128673009797,0.41994762185723,0.0057303512066788,-2.5441810161872,False,False,True
2185,7,24,2025-12-12,Algebra: Mathe HA,23,performanz,1.6859498552702,1,2.8674352088813,0.41373391072764,0.1011662724033,0.30642597316211,0.28072842674595,0.37441986092981,0.5879623610761,0.39998420555291,1.2362796204894002,False,True,True
2186,7,24,2025-12-12,Algebra: Mathe HA,23,performanz,-1.4208154801294,-1,2.4266476899275,-0.20928205410567,-0.16359950628713,-0.29551362807447,-0.37210261836463,-0.25185081429813,-0.58550305056493,-0.54534086931492,-0.4407875189538002,True,False,True
2177,7,24,2026-01-09,Gleichungssysteme: Mit 2unbekannten (wdh),19,regulation,1.7698268321715,1,3.6067675548709,0.42298726033756,0.13606861824465,0.25340539460517,0.41214694504727,0.34559094889799,0.45636358068625,0.49069475598278,1.1801198649434,True,True,True
2178,7,24,2026-01-09,Gleichungssysteme: Mit 2unbekannten (wdh),19,kognition,2.4094215925566,1,4.2594688496216,0.56566112372425,0.15795064898133,0.28567285882329,0.30089662149189,0.44599474773836,0.43175599614785,0.31241330937636,0.6527012947506998,False,True,True
2179,7,24,2026-01-09,Gleichungssysteme: Mit 2unbekannten (wdh),19,kognition,1.9143876066936,1,3.7380877154002,0.51212882927236,0.068380993975131,0.13341396740815,0.36293621368387,0.44389234660528,0.44167008486147,0.43750187478944,-0.5213811342213996,False,False,True
2180,7,24,2026-01-09,Gleichungssysteme: Mit 2unbekannten (wdh),19,kognition,1.8833162223165,1,3.2283750387732,0.58336171172202,0.03224989635459,0.099301522803928,0.31916876249417,0.44816390272014,0.46417273808412,0.36139473789538,-0.5097126766270001,False,False,True
2181,7,24,2026-01-09,Gleichungssysteme: Mit 2unbekannten (wdh),19,kognition,2.3438973169655,1,4.7521063062711,0.49323231291127,0.065534077293939,0.080569901889334,0.40559050361539,0.38770445020273,0.45610739147379,0.47231250522212,1.5237312674979004,False,False,True
2168,7,24,2026-01-23,Lineare Funktion/Gleichung: Lineare Gleichungen,23,kognition,1.8124059963247,1,2.7008782028216,0.67104073187158,0.0,0.13221920340388,0.18986342323182,0.46057081054162,0.46390437256253,0.26236264134944,-2.0512281034495006,False,False,True
2169,7,24,2026-01-23,Lineare Funktion/Gleichung: Lineare Gleichungen,23,methodik,2.1410505413095,1,4.7299790770357,0.44419334632973,0.193543274998,0.0710246340135,0.41578844647734,0.45265443670988,0.44516430395875,0.42922862904441,2.0291008742141,False,True,True
2170,7,24,2026-01-23,Lineare Funktion/Gleichung: Lineare Gleichungen,23,kognition,1.8796171795718,1,3.9646280613375,0.47409552914842,0.41406760217284,0.095995289892389,0.41406760217284,0.43806451980786,0.35846842256622,0.32048275638434,-0.7653510156982,False,True,True
2171,7,24,2026-01-23,Lineare Funktion/Gleichung: Lineare Gleichungen,23,performanz,2.2224477744004,1,4.723590507544,0.42040962805,0.22593003878185,0.11044512960084,0.43942386871515,0.4051961049162,0.47049867380845,0.42586709149823,0.7589624462065006,False,True,True
2164,0,40,2025-10-28,"Wortarten: Verben, Nomen, Adjektive, Präpositionen",28,performanz,2.1524916087874,1,3.7834187822736,0.43529939562806,0.035551443866491,0.119184436252,0.4104201615304,0.35006848278279,0.56892616001453,0.42470070376623,,False,False,True
2165,0,40,2025-10-28,"Wortarten: Verben, Nomen, Adjektive, Präpositionen",28,methodik,1.6923157810732,1,3.4333342274091,0.45560273520211,0.048083977176934,0.071709281313335,0.3792497481292,0.49290594504422,0.4472213857957,0.44516561249039,-0.35008455486449996,False,True,True
2166,0,40,2025-10-28,"Wortarten: Verben, Nomen, Adjektive, Präpositionen",28,kognition,1.8497956426329,1,2.9898402914902,0.61869172777574,0.26165124118264,0.37511761181132,0.32912105809137,0.40496483599092,0.3576085578641,0.088533564626579,-0.44349393591889985,False,True,True
2167,0,40,2025-10-28,"Wortarten: Verben, Nomen, Adjektive, Präpositionen",28,performanz,2.061049496361,1,4.1805161786248,0.49006663241819,0.040531893031969,0.13003042817653,0.36777609699608,0.43194466879972,0.49301198181686,0.41997963815352,1.1906758871346002,False,True,True
2153,0,40,2025-11-04,Weitere Themen: Wortschatz erweitern + festigen,30,kognition,2.340692642289,1,4.0340534938675,0.58023197846223,0.023304726557337,0.19163855593931,0.29484982127906,0.44721093505122,0.49891575077313,0.30034394131757,-0.1464626847573003,False,True,True
2154,0,40,2025-11-04,Weitere Themen: Wortschatz erweitern + festigen,30,performanz,1.4780206620485,1,3.1813676431278,0.43697363840821,0.31432923474525,0.046982968609961,0.43014855236104,0.39172434957001,0.46458510363938,0.39207451324792,-0.8526858507396997,False,True,True
2155,0,40,2025-11-04,Weitere Themen: Wortschatz erweitern + festigen,30,kognition,1.8497956426329,1,2.9898402914902,0.61869172777574,0.26165124118264,0.37511761181132,0.32912105809137,0.40496483599092,0.3576085578641,0.088533564626579,-0.19152735163760015,False,True,True
2156,0,40,2025-11-04,Weitere Themen: Wortschatz erweitern + festigen,30,performanz,1.9577799980576,1,3.7807537621279,0.51042066750317,0.03083949094383,0.14821465789205,0.36597314714407,0.37761274092899,0.5178265877569,0.41457772698257,0.7909134706377001,False,True,True
2157,0,40,2025-11-04,Weitere Themen: Wortschatz erweitern + festigen,30,motivation,1.5369106333891,1,3.0257381219646,0.43790454460234,0.050987706223324,0.2277099374948,0.50794400969211,0.29084563611002,0.45239383196929,0.45444797044548,-0.7550156401633004,False,True,True
2158,0,40,2025-11-04,Weitere Themen: Wortschatz erweitern + festigen,30,motivation,2.0470047801265,1,4.0364103845869,0.33400601388743,0.31577740817535,0.31208331155083,0.50713369398862,0.35015210305383,0.42281670109217,0.36436056506073,1.0106722626223004,False,False,True
2144,0,40,2025-11-11,"Der Satz: Satzarten, Wortarten, Wortarten umwandeln",28,performanz,2.1018406752718,1,4.0297451295107,0.50229795388456,0.030986423052732,0.16577460984972,0.36043056753727,0.43342058043781,0.52158024686899,0.35977892556151,-0.006665255076200083,False,True,True
2145,0,40,2025-11-11,"Der Satz: Satzarten, Wortarten, Wortarten umwandeln",28,methodik,1.3071304723696,1,2.3428052989296,0.51447576205092,0.042683689169047,0.09160513239389,0.31116409404235,0.55793150786012,0.39453333050523,0.40165351508073,-1.6869398305811,False,True,True
2146,0,40,2025-11-11,"Der Satz: Satzarten, Wortarten, Wortarten umwandeln",28,regulation,2.2512358666627,1,4.4663293792215,0.45753270277913,0.11422218802563,0.11169996622351,0.4002418412058,0.37619015962959,0.45756077737298,0.50404496289199,2.1235240802919004,False,True,True
2147,0,40,2025-11-11,"Der Satz: Satzarten, Wortarten, Wortarten umwandeln",28,performanz,1.7623605672214,1,3.1844962872024,0.35830210771604,0.21987884155731,0.30560875784078,0.47619592143151,0.25159370964146,0.55341720451418,0.36542762457524,-1.2818330920191006,False,True,True
2148,0,40,2025-11-11,"Der Satz: Satzarten, Wortarten, Wortarten umwandeln",28,kognition,2.1820491743331,1,4.4336617364237,0.49215397621954,0.1998670220788,0.11445072171214,0.39248883283008,0.46126862894737,0.42771883525212,0.39366803854352,1.2491654492212998,False,True,True
2139,1,40,2025-11-24,Brüche: Wdh Bruchrechnung,12,kognition,2.3289522253193,1,4.3258647160129,0.53837717876996,0.045037687757293,0.091400304366745,0.36030747239073,0.39133916782648,0.46224732450067,0.45069121706779,-0.10779702041079986,False,False,True
2140,1,40,2025-11-24,Brüche: Wdh Bruchrechnung,12,kognition,1.8124059963247,1,2.7008782028216,0.67104073187158,0.0,0.13221920340388,0.18986342323182,0.46057081054162,0.46390437256253,0.26236264134944,-1.6249865131913,False,False,True
2141,1,40,2025-11-24,Brüche: Wdh Bruchrechnung,12,regulation,1.9603476546835,1,4.105530115666,0.40874243667907,0.052973024371062,0.031854050439072,0.42453459808445,0.46443239119492,0.45296988137695,0.47748836924115,1.4046519128444004,False,True,True
2142,1,40,2025-11-24,Brüche: Wdh Bruchrechnung,12,performanz,1.7011124840356,1,3.5863224441572,0.44140928068148,0.05461982512367,0.046057928264602,0.44525025198419,0.40530347089364,0.47433206779451,0.46101844996376,-0.5192076715088003,False,True,True
2143,1,40,2025-11-24,Brüche: Wdh Bruchrechnung,12,performanz,1.8171380778151,1,3.771468009549,0.36111509572411,0.22685067187805,0.32978668596496,0.42468678617285,0.34745157352079,0.48181059871337,0.41969892040688,0.18514556539179994,False,False,True
2134,0,40,2025-11-25,"Wortarten: Personalpronomen, Bericht schreiben",28,performanz,2.1625397852702,1,4.5039203437359,0.43533203634603,0.17064144437225,0.24094742665989,0.42185314901355,0.37315321830169,0.48014503338796,0.41900448192064,0.7324523341869003,False,False,True
2135,0,40,2025-11-25,"Wortarten: Personalpronomen, Bericht schreiben",28,kognition,2.5684402293092,1,4.7203348418297,0.54412131218651,0.034339382852549,0.145716218238,0.32815106372612,0.43803370736583,0.46050645028912,0.41218019240003,0.2164144980938003,False,True,True
2136,0,40,2025-11-25,"Wortarten: Personalpronomen, Bericht schreiben",28,kognition,1.65799276022,1,2.5548891531968,0.64894645964613,0.0,0.26242424293343,0.17143533804532,0.43067955000217,0.53294810871909,0.10528791309176,-2.1654456886329005,False,False,True
2137,0,40,2025-11-25,"Wortarten: Personalpronomen, Bericht schreiben",28,kognition,1.8497956426329,1,2.9898402914902,0.61869172777574,0.26165124118264,0.37511761181132,0.32912105809137,0.40496483599092,0.3576085578641,0.088533564626579,0.43495113829340015,False,False,True
2128,1,40,2025-12-01,Brüche: Bruchrechnung,12,kognition,2.4326861730502,1,4.9394420737157,0.49250122012423,0.065627662434388,0.11087900069211,0.40607281181281,0.40499815995921,0.44606679359696,0.46145761870759,3.9480233932380697,False,False,True
2129,1,40,2025-12-01,Brüche: Bruchrechnung,12,kognition,2.4784503914436,1,3.9956993418333,0.62027794802174,0.017456248999166,0.13276811815846,0.24254013544875,0.49304966323876,0.45222844057314,0.30146959684203,-0.9437427318823999,False,False,True
2130,1,40,2025-12-01,Brüche: Bruchrechnung,12,motivation,2.0519663720169,1,4.2418067613595,0.35687517920945,0.29880068688514,0.34641805694199,0.4837470563814,0.35222911961893,0.45040191257754,0.32001503204027,0.2461074195262003,False,True,True
2131,1,40,2025-12-01,Brüche: Bruchrechnung,12,kognition,2.509295155464,1,3.8411483190915,0.65326522548996,0.020984344791132,0.16805441832496,0.2240481499757,0.47451664831199,0.42970909557727,0.29076309654101,-0.4006584422680004,False,True,True
2132,1,40,2025-12-01,Brüche: Bruchrechnung,12,performanz,1.8171380778151,1,3.771468009549,0.36111509572411,0.22685067187805,0.32978668596496,0.42468678617285,0.34745157352079,0.48181059871337,0.41969892040688,-0.06968030954250004,False,True,True
2133,1,40,2025-12-01,Brüche: Bruchrechnung,12,motivation,1.0,1,1.5861547843764,0.0,0.5012089587606,0.47283864034019,0.63045152045358,0.0,0.31459530870634,0.16959145900201,-2.1853132251726,False,True,True
2124,0,40,2025-12-02,Berichten: Bericht schreiben,28,kognition,2.1266007185707,1,4.2434364120772,0.50114942244074,0.11396715072385,0.17824852421908,0.34183623305069,0.44985360536929,0.43478865646368,0.44251784498799,2.6572816277008,False,True,True
2125,0,40,2025-12-02,Berichten: Bericht schreiben,28,kognition,2.5676948589789,1,4.8411068993645,0.53039307092872,0.055075344692102,0.14096368902063,0.35448119397322,0.45919732605643,0.43721176125488,0.41000216890172,0.5976704872873002,False,False,True
2126,0,40,2025-12-02,Berichten: Bericht schreiben,28,performanz,1.6514653847318,1,3.1819690767104,0.46303540907394,0.052306337430451,0.18165981882267,0.37481530099105,0.44958792227474,0.51900573351321,0.37131243005745,-1.6591378226541003,False,True,True
2127,0,40,2025-12-02,Berichten: Bericht schreiben,28,motivation,1.7458338296571,1,3.5017444958452,0.34469658567642,0.26112979820776,0.24928452739593,0.49855974533009,0.35845155720786,0.43144183162675,0.43319235068464,0.3197754191348001,False,True,True
2120,1,40,2025-12-08,Brüche: Wiederholung komplett,12,performanz,0.874,1,1.7259800114717,0.41135811637437,0.040556434008741,0.034762657721778,0.4223662913196,0.41773127029003,0.50637604748057,0.46755774635791,-1.7757644843734999,False,True,True
2121,1,40,2025-12-08,Brüche: Wiederholung komplett,12,kognition,2.0025209823477,1,4.1753366045791,0.47960592784119,0.20384347683099,0.27356109825585,0.38796629419017,0.38566077691678,0.43325305356153,0.40819754744271,2.4493565931074004,False,True,True
2122,1,40,2025-12-08,Brüche: Wiederholung komplett,12,kognition,1.6541350767271,1,3.0157863397785,0.54849031246209,0.034992294572616,0.080687494641113,0.3468035879373,0.43129858901831,0.48014172008029,0.39317876350424,-1.1595502648006004,False,False,True
2123,1,40,2025-12-08,Brüche: Wiederholung komplett,12,kognition,2.1462963786463,1,4.3406553652064,0.49446253006518,0.26550279432215,0.053552965854877,0.37877182858556,0.4109033095443,0.44109602015534,0.41864927793105,1.3248690254279003,False,False,True
2116,0,40,2025-12-09,Groß- und Kleinschreibung: Substantivierung,28,kognition,1.919667488646,1,3.1988921097457,0.60010197961283,0.028359326892356,0.086449473354213,0.30337364378423,0.40429765756495,0.44207952411901,0.42504956153813,-1.1417632554607002,False,False,True
2117,0,40,2025-12-09,Groß- und Kleinschreibung: Substantivierung,28,regulation,1.9772187354812,1,3.5945149852943,0.44008146001926,0.21195562268381,0.24766753587711,0.30191198612596,0.39195609564178,0.39077811478869,0.55006398441248,0.3956228755486002,False,True,True
2118,0,40,2025-12-09,Groß- und Kleinschreibung: Substantivierung,28,kognition,2.0024305811111,1,3.700079851345,0.54118431215479,0.10689917292218,0.1428571442414,0.30829942435736,0.41805401778194,0.37494993575965,0.51465851494907,0.10556486605069981,False,True,True
2119,0,40,2025-12-09,Groß- und Kleinschreibung: Substantivierung,28,performanz,2.2329100933114,1,4.2154606819304,0.47702884675405,0.035858957413928,0.14440605365886,0.38564030488792,0.40772019219027,0.52969413424763,0.39340778595657,0.5153808305854004,False,True,True
2112,1,40,2025-12-15,Brüche: Grundrechenarten,12,performanz,1.6203139294579,1,2.8371568730149,0.54845682023067,0.028021755359531,0.16693232310901,0.30201188330985,0.37207718972365,0.57110279443525,0.33871143059007,-1.3783038089155002,False,False,True
2113,1,40,2025-12-15,Brüche: Grundrechenarten,12,kognition,2.0025209823477,1,4.1753366045791,0.47960592784119,0.20384347683099,0.27356109825585,0.38796629419017,0.38566077691678,0.43325305356153,0.40819754744271,1.3381797315642001,False,True,True
2114,1,40,2025-12-15,Brüche: Grundrechenarten,12,performanz,1.9343789929705,1,3.7281985400685,0.40952297822629,0.23941046247707,0.13252961756498,0.43892855326055,0.39268182609114,0.51884946139171,0.37595484001876,-0.44713806451060023,False,True,True
2115,1,40,2025-12-15,Brüche: Grundrechenarten,12,kognition,2.2688988134381,1,4.362368859302,0.52010586118627,0.19744656419101,0.27327195712571,0.37284289932841,0.46304826268623,0.41077008263379,0.30604741185795,0.6341703192335002,False,True,True
2107,0,40,2025-12-16,Lesen: Leseverstehen,28,kognition,2.1266007185707,1,4.2434364120772,0.50114942244074,0.11396715072385,0.17824852421908,0.34183623305069,0.44985360536929,0.43478865646368,0.44251784498799,-0.11893244722480034,False,False,True
2108,0,40,2025-12-16,Lesen: Leseverstehen,28,regulation,1.4239005001997,1,2.191058309294,0.27821751197677,0.18119015199847,0.16110862381728,0.36687155021483,0.30532321749413,0.46223087885444,0.64986586413571,-2.0523781027831998,False,True,True
2109,0,40,2025-12-16,Lesen: Leseverstehen,28,performanz,1.7185730315922,1,3.4752254188631,0.31877151424459,0.19146773728403,0.17310725067521,0.46890082280075,0.38408892483263,0.49451988842658,0.46883978948033,1.2841671095691,False,True,True
2110,0,40,2025-12-16,Lesen: Leseverstehen,28,performanz,1.7349960417186,1,3.0088267944093,0.49568317504876,0.021792505626107,0.18265534692838,0.34599423350428,0.40517032831338,0.57663348339209,0.32260265823754,-0.4663986244538001,False,False,True
2111,0,40,2025-12-16,Lesen: Leseverstehen,28,motivation,1.5369106333891,1,3.0257381219646,0.43790454460234,0.050987706223324,0.2277099374948,0.50794400969211,0.29084563611002,0.45239383196929,0.45444797044548,0.01691132755529967,False,True,True
2103,1,40,2025-12-22,Brüche: Grundrechenarten,19,regulation,1.7810357015046,1,3.5846603474751,0.44499407838611,0.049847783190915,0.036900952175072,0.39802316963037,0.42437609028194,0.46125148062342,0.49684783504823,0.5589222255105004,False,True,True
2104,1,40,2025-12-22,Brüche: Grundrechenarten,19,performanz,1.8146533005108,1,2.9011619883243,0.48967516717457,0.0,0.17265110518826,0.31720137154232,0.35619597135299,0.62548973580807,0.33417546746929,-0.6834983591508004,False,True,True
2105,1,40,2025-12-22,Brüche: Grundrechenarten,19,kognition,1.628635644424,1,3.1766681938078,0.51268512107983,0.22387537947476,0.28929848813247,0.40637796246605,0.35743108585166,0.47592781995218,0.2897007950665,0.2755062054835,False,True,True
2106,1,40,2025-12-22,Brüche: Grundrechenarten,19,kognition,1.8644313920995,1,3.3659078131316,0.55391471081846,0.027419524844313,0.15221827542323,0.29709727428258,0.43315863907753,0.40624546152473,0.47783024759156,0.18923961932379996,False,False,True
2098,0,40,2025-12-23,Weitere Themen: Rechtschreibung: Groß- und Kleinschreibung,29,regulation,2.1828699354367,1,4.0126552337059,0.40179603336931,0.13542865712738,0.11567470439179,0.39819341752848,0.40238936371688,0.436380128858,0.54399502781864,0.6467474205742998,False,True,True
2099,0,40,2025-12-23,Weitere Themen: Rechtschreibung: Groß- und Kleinschreibung,29,kognition,2.0025209823477,1,4.1753366045791,0.47960592784119,0.20384347683099,0.27356109825585,0.38796629419017,0.38566077691678,0.43325305356153,0.40819754744271,0.16268137087320067,False,True,True
2100,0,40,2025-12-23,Weitere Themen: Rechtschreibung: Groß- und Kleinschreibung,29,regulation,1.7816850647611,1,3.7945306446695,0.383394548246,0.288480981131,-0.019772135789809,0.45100262381218,0.4258566687896,0.40517518881483,0.46953906456739,-0.3808059599096003,False,True,True
2101,0,40,2025-12-23,Weitere Themen: Rechtschreibung: Groß- und Kleinschreibung,29,performanz,1.0,1,1.2396455138466,0.24522941785392,0.0,0.28233650081865,0.35332396388163,0.19360217198993,0.80667571662473,0.21699576777205,-2.5548851308228997,False,True,True
2102,0,40,2025-12-23,Weitere Themen: Rechtschreibung: Groß- und Kleinschreibung,29,performanz,1.6498111922597,1,3.2302945464038,0.36226536246909,0.27361000127206,0.29947819150488,0.41177877473494,0.30039482247985,0.51072930386591,0.42844458835726,1.9906490325572002,False,False,True
2092,1,40,2026-01-05,Brüche: Grundrechenarten,12,performanz,1.5752921706211,1,3.3390173794307,0.4453971633637,0.10840822376021,0.24513638282625,0.41734687449694,0.34808714570617,0.47178174708159,0.46027176364271,0.10872283302689967,False,False,True
2093,1,40,2026-01-05,Brüche: Grundrechenarten,12,kognition,2.0025209823477,1,4.1753366045791,0.47960592784119,0.20384347683099,0.27356109825585,0.38796629419017,0.38566077691678,0.43325305356153,0.40819754744271,0.8363192251484004,False,True,True
2094,1,40,2026-01-05,Brüche: Grundrechenarten,12,kognition,1.628635644424,1,3.1766681938078,0.51268512107983,0.22387537947476,0.28929848813247,0.40637796246605,0.35743108585166,0.47592781995218,0.2897007950665,-0.9986684107713004,False,False,True
2095,1,40,2026-01-05,Brüche: Grundrechenarten,12,kognition,2.2209564799031,1,4.2332441001739,0.52464520847256,0.057651067006785,0.12431452439003,0.36300826394135,0.46358746533329,0.45239334066434,0.39321350670068,1.0565759063661004,False,False,True
2096,1,40,2026-01-05,Brüche: Grundrechenarten,12,performanz,1.7011124840356,1,3.5863224441572,0.44140928068148,0.05461982512367,0.046057928264602,0.44525025198419,0.40530347089364,0.47433206779451,0.46101844996376,-0.6469216560167004,False,True,True
2097,1,40,2026-01-05,Brüche: Grundrechenarten,12,performanz,1.9579760747756,1,3.5550902558758,0.38159984513353,0.014064300976424,0.24737571950614,0.47872677373662,0.28006160566156,0.55075129640563,0.4266644629776,-0.031232188281399953,False,False,True
2086,1,40,2026-01-12,Geometrie: Winkel,12,regulation,1.8479915181834,1,4.0789242581081,0.42043389351725,0.32285885538557,0.14942820404965,0.40847577548243,0.41016540084089,0.39536647425586,0.45305744129363,0.5238340022323,False,True,True
2087,1,40,2026-01-12,Geometrie: Winkel,12,regulation,1.5887506947218,1,2.5500239990253,0.30106002388061,0.15568419877999,0.13842952687491,0.37101936000202,0.30931179423061,0.49442664870243,0.62303118128191,-1.5289002590827998,False,False,True
2088,1,40,2026-01-12,Geometrie: Winkel,12,performanz,1.6859498552702,1,2.8674352088813,0.41373391072764,0.1011662724033,0.30642597316211,0.28072842674595,0.37441986092981,0.5879623610761,0.39998420555291,0.317411209856,False,True,True
2089,1,40,2026-01-12,Geometrie: Winkel,12,kognition,1.6541350767271,1,3.0157863397785,0.54849031246209,0.034992294572616,0.080687494641113,0.3468035879373,0.43129858901831,0.48014172008029,0.39317876350424,0.14835113089719965,False,True,True
2090,1,40,2026-01-12,Geometrie: Winkel,12,kognition,2.4036580249543,1,4.6452590913521,0.51744214978398,0.058805209392942,0.10773919193437,0.37190440664099,0.39890677270429,0.45305062017137,0.46312974922747,1.6294727515736005,False,False,True
2091,1,40,2026-01-12,Geometrie: Winkel,12,regulation,1.0,1,1.4952397801022,0.33907378335502,0.033439229127714,0.080254149906513,0.39057019621169,0.3216853842086,0.41732157951387,0.66878458255427,-3.1500193112499004,False,True,True
2082,0,40,2026-01-13,Der Satz: Hauptsatz und Nebensatz,28,performanz,2.034911587693,1,4.2375936204146,0.44755458964527,0.18471160900953,0.27647585423301,0.40997226864095,0.37266138334302,0.48020338143233,0.38933769139254,2.7423538403124,False,True,True
2083,0,40,2026-01-13,Der Satz: Hauptsatz und Nebensatz,28,kognition,1.6662193362077,1,3.0045876008173,0.55455656882455,0.13213083838315,0.2111204192588,0.25222496970111,0.43296993128715,0.41757439605066,0.45274848720097,-1.2330060195973003,False,True,True
2084,0,40,2026-01-13,Der Satz: Hauptsatz und Nebensatz,28,regulation,2.2148166874228,1,4.3093800800185,0.40373138078784,0.25987825762376,0.10320541471071,0.43241760359741,0.38661493539129,0.39775145632727,0.51395131243569,1.3047924792012005,False,True,True
2085,0,40,2026-01-13,Der Satz: Hauptsatz und Nebensatz,28,kognition,1.9894645047371,1,3.101014243392,0.64155077438576,0.024655324999623,0.12196854610012,0.26450420856964,0.43157679678867,0.44924513864047,0.33893914004629,-1.2083658366265002,False,True,True
2077,1,40,2026-01-19,Weitere Themen: Eng. Reading Crompehension,12,kognition,1.8124059963247,1,2.7008782028216,0.67104073187158,0.0,0.13221920340388,0.18986342323182,0.46057081054162,0.46390437256253,0.26236264134944,-0.4001360405704002,False,False,True
2078,1,40,2026-01-19,Weitere Themen: Eng. Reading Crompehension,12,kognition,1.8706043338075,1,3.4522478891995,0.54184953553435,0.028966549779741,0.10377305345183,0.30141773302564,0.50406736303315,0.44719022762149,0.38713011245978,0.7513696863779002,False,False,True
2079,1,40,2026-01-19,Weitere Themen: Eng. Reading Crompehension,12,performanz,1.517734800859,1,2.4285529007933,0.4282299540693,0.020588307588684,0.15656159458602,0.38655508674269,0.28065007168787,0.6249518183627,0.41583817372042,-1.0236949884061999,False,True,True
2080,1,40,2026-01-19,Weitere Themen: Eng. Reading Crompehension,12,performanz,1.5511427607571,1,2.6677743582537,0.32130842266691,0.036953441487947,0.1513991513825,0.40364975331999,0.43700613516417,0.58143483597468,0.42484372043268,0.2392214574603999,False,False,True
2081,1,40,2026-01-19,Weitere Themen: Eng. Reading Crompehension,12,kognition,1.7210596468562,1,3.2680013090368,0.52663821636637,0.059917132129427,0.10515379467749,0.32731466212845,0.43852952957493,0.41554212567743,0.48567519117027,0.6002269507831,False,True,True
2073,0,40,2026-01-20,Der Satz: Hauptsatz und Nebensatz,28,performanz,1.0,1,1.6103819422733,0.37754784039823,0.0,0.0,0.36264463617198,0.29868505136768,0.62096684276024,0.50112024210752,-1.6576193667635002,False,True,True
2074,0,40,2026-01-20,Der Satz: Hauptsatz und Nebensatz,28,kognition,1.6662193362077,1,3.0045876008173,0.55455656882455,0.13213083838315,0.2111204192588,0.25222496970111,0.43296993128715,0.41757439605066,0.45274848720097,1.394205658544,False,True,True
2075,0,40,2026-01-20,Der Satz: Hauptsatz und Nebensatz,28,performanz,0.20548701615687,1,0.26647905802799,0.5333592278767,0.10563430511312,0.079225728834837,0.26076991717121,0.18795987672163,0.77108988142878,-0.010396765578008,-2.73810854278931,False,True,True
2076,0,40,2026-01-20,Der Satz: Hauptsatz und Nebensatz,28,performanz,-1.4208154801294,-1,2.4266476899275,-0.20928205410567,-0.16359950628713,-0.29551362807447,-0.37210261836463,-0.25185081429813,-0.58550305056493,-0.54534086931492,2.16016863189951,True,False,True
2068,1,40,2026-01-26,Geometrie: Innenwinkelsumme,12,kognition,1.8124059963247,1,2.7008782028216,0.67104073187158,0.0,0.13221920340388,0.18986342323182,0.46057081054162,0.46390437256253,0.26236264134944,0.27423051289409983,True,True,True
2069,1,40,2026-01-26,Geometrie: Innenwinkelsumme,12,performanz,1.8146533005108,1,2.9011619883243,0.48967516717457,0.0,0.17265110518826,0.31720137154232,0.35619597135299,0.62548973580807,0.33417546746929,0.20028378550269998,False,True,True
2070,1,40,2026-01-26,Geometrie: Innenwinkelsumme,12,kognition,2.0024305811111,1,3.700079851345,0.54118431215479,0.10689917292218,0.1428571442414,0.30829942435736,0.41805401778194,0.37494993575965,0.51465851494907,0.7989178630207001,False,True,True
2071,1,40,2026-01-26,Geometrie: Innenwinkelsumme,12,performanz,1.517734800859,1,2.4285529007933,0.4282299540693,0.020588307588684,0.15656159458602,0.38655508674269,0.28065007168787,0.6249518183627,0.41583817372042,-1.2715269505516997,False,True,True
2072,1,40,2026-01-26,Geometrie: Innenwinkelsumme,12,performanz,2.0864958050995,1,3.9909291971125,0.50686404877188,0.033885703813723,0.13418955811809,0.37059932669004,0.40085263899891,0.52280821682502,0.39060672750351,1.5623762963191998,False,False,True
2064,0,40,2026-01-27,Der Satz: Hauptsatz und Nebensatz (Konjunktionen),28,kognition,2.3459293201978,1,3.9453024964552,0.59461178862399,0.17052830396184,0.30842106960146,0.27913815177287,0.45862360065479,0.4018311838535,0.26926989756156,2.2193224849834996,False,True,True
2065,0,40,2026-01-27,Der Satz: Hauptsatz und Nebensatz (Konjunktionen),28,regulation,2.5051943093294,1,4.9669401934215,0.3909448724847,0.12089807406911,0.11494805508238,0.41638689628016,0.45609554731063,0.42841057129645,0.50437274620701,1.0216376969663004,False,True,True
2066,0,40,2026-01-27,Der Satz: Hauptsatz und Nebensatz (Konjunktionen),28,motivation,1.7887542255783,1,3.6925617798486,0.37799176392,0.29900821245121,0.11519354329811,0.48441962193939,0.33975715054035,0.47906625432386,0.41813822966906,-1.2743784135729004,False,True,True
2067,0,40,2026-01-27,Der Satz: Hauptsatz und Nebensatz (Konjunktionen),28,kognition,2.0061560441041,1,3.6624782597347,0.54775767233435,0.037845715107673,0.14946786415009,0.34196619651183,0.41905124282305,0.4683771687897,0.40529142004314,-0.03008352011389981,False,True,True
977,3,42,2025-12-16,Analytische Geometrie: Umgang mit Ebenen in verschiedenen Formen,18,performanz,1.8608741963844,1,3.0556171049096,0.55550638970887,0.0,0.29078875442313,0.25128473348535,0.3845063379814,0.60899911294624,0.15804728787018,1.3296370934378998,False,False,True
978,3,42,2025-12-16,Analytische Geometrie: Umgang mit Ebenen in verschiedenen Formen,18,performanz,1.5619583131048,1,2.7800794322758,0.4828625632128,0.016496962767111,0.21435825162725,0.32723127590326,0.36859184201213,0.56183743406635,0.40250886323243,-0.27553767263380013,False,False,True
979,3,42,2025-12-16,Analytische Geometrie: Umgang mit Ebenen in verschiedenen Formen,18,regulation,1.0748847029185,1,2.1705909655679,0.41016065224904,0.049968981073429,0.032170610827381,0.39633397743253,0.46323979442207,0.45970750767414,0.49520143037311,-0.6094884667078997,False,True,True
980,3,42,2025-12-16,Analytische Geometrie: Umgang mit Ebenen in verschiedenen Formen,18,motivation,1.2459236375843,1,1.9935420942378,0.1924119840039,0.33536319260425,0.25723120973569,0.62497671427077,0.082253812699267,0.4466343056288,0.43299820303145,-0.17704887133010017,False,True,True
1250,1,43,2025-12-15,Brüche: Kürzen und Erweitern,12,kognition,2.1928329711058,1,3.9028243912711,0.56185652560873,0.035514064351567,0.10716096158394,0.3336892807476,0.43935402011948,0.47241530936597,0.37948739649417,,False,False,True
1251,1,43,2025-12-15,Brüche: Kürzen und Erweitern,12,regulation,2.0584483248078,1,3.7903140793782,0.43782915236789,0.20100650117379,0.23487362217918,0.31187955950307,0.38918849396145,0.41116778334824,0.54307976882693,-0.11251031189289984,False,True,True
1252,1,43,2025-12-15,Brüche: Kürzen und Erweitern,12,kognition,1.7820560115872,1,3.4263674606991,0.52009915195497,0.057384238529672,0.01634967429508,0.32019729496019,0.47732956965011,0.41282654755967,0.47448412856735,-0.36394661867909983,False,True,True
1253,1,43,2025-12-15,Brüche: Kürzen und Erweitern,12,regulation,2.313833831872,1,4.9946265310618,0.41890779460302,0.17740135474721,0.18447467974737,0.43405868844984,0.40459236989813,0.43851444065215,0.46326370647438,1.5682590703627,False,True,True
1246,1,43,2026-01-05,Brüche: Brüche erweitern und kürzen,24,performanz,2.1524916087874,1,3.7834187822736,0.43529939562806,0.035551443866491,0.119184436252,0.4104201615304,0.35006848278279,0.56892616001453,0.42470070376623,-1.2112077487882003,False,True,True
1247,1,43,2026-01-05,Brüche: Brüche erweitern und kürzen,24,kognition,2.0025209823477,1,4.1753366045791,0.47960592784119,0.20384347683099,0.27356109825585,0.38796629419017,0.38566077691678,0.43325305356153,0.40819754744271,0.39191782230550043,False,True,True
1248,1,43,2026-01-05,Brüche: Brüche erweitern und kürzen,24,kognition,1.8346238946577,1,3.050519966414,0.60141153008057,0.25796034376092,0.36992244687776,0.36833268059845,0.37038652482427,0.38425337642634,0.12002358492601,-1.1248166381651004,False,False,True
1249,1,43,2026-01-05,Brüche: Brüche erweitern und kürzen,24,regulation,1.8319677065092,1,3.9096314098023,0.46255600050836,0.047647478235413,0.088401420546268,0.37849837337598,0.46503960928608,0.44369421491831,0.46857691396354,0.8591114433883003,False,True,True
1232,1,43,2026-01-26,Brüche: Umwandlung Dezimalzahlen und Brüche,12,kognition,1.919667488646,1,3.1988921097457,0.60010197961283,0.028359326892356,0.086449473354213,0.30337364378423,0.40429765756495,0.44207952411901,0.42504956153813,-0.7107393000566002,False,True,True
1233,1,43,2026-01-26,Brüche: Umwandlung Dezimalzahlen und Brüche,12,methodik,2.1410505413095,1,4.7299790770357,0.44419334632973,0.193543274998,0.0710246340135,0.41578844647734,0.45265443670988,0.44516430395875,0.42922862904441,1.5310869672899998,False,True,True
1234,1,43,2026-01-26,Brüche: Umwandlung Dezimalzahlen und Brüche,12,kognition,1.7820560115872,1,3.4263674606991,0.52009915195497,0.057384238529672,0.01634967429508,0.32019729496019,0.47732956965011,0.41282654755967,0.47448412856735,-1.3036116163365996,False,True,True
1235,1,43,2026-01-26,Brüche: Umwandlung Dezimalzahlen und Brüche,12,kognition,1.7468429863796,1,4.0578127668032,0.43048774842273,0.28241639133245,0.31314652429469,0.41780346808517,0.36786569284546,0.40358753700582,0.40507752344252,0.6314453061040997,False,False,True
1894,0,45,2026-01-05,Weitere Themen: Elektromagnetismus,26,performanz,1.5752921706211,1,3.3390173794307,0.4453971633637,0.10840822376021,0.24513638282625,0.41734687449694,0.34808714570617,0.47178174708159,0.46027176364271,,False,False,True
1895,0,45,2026-01-05,Weitere Themen: Elektromagnetismus,26,kognition,2.3459293201978,1,3.9453024964552,0.59461178862399,0.17052830396184,0.30842106960146,0.27913815177287,0.45862360065479,0.4018311838535,0.26926989756156,0.6062851170245,False,True,True
1896,0,45,2026-01-05,Weitere Themen: Elektromagnetismus,26,kognition,2.3317185870149,1,3.9472334029979,0.59072075090275,0.036035643093624,0.11051648660271,0.31723657760352,0.43648255743814,0.44637104913987,0.38357304861061,0.001930906542700228,False,False,True
1897,0,45,2026-01-05,Weitere Themen: Elektromagnetismus,26,performanz,1.9659302386016,1,3.702637071267,0.47017325437901,0.18259732730411,0.27316223778375,0.42473426924758,0.31688346369353,0.5309526403036,0.32900954691659,-0.24459633173090012,False,True,True
1898,0,45,2026-01-05,Weitere Themen: Elektromagnetismus,26,motivation,0.85188551646247,1,1.5890209998845,0.33406255970934,0.45645506608696,0.46047891028742,0.53610377426518,0.18684581263477,0.36274856741847,0.11871153327529,-2.1136160713825003,False,True,True
1888,0,45,2026-01-12,Elektrisches Feld: Allg. zum elekt. Feld,26,performanz,0.874,1,1.7259800114717,0.41135811637437,0.040556434008741,0.034762657721778,0.4223662913196,0.41773127029003,0.50637604748057,0.46755774635791,0.13695901158720014,False,True,True
1889,0,45,2026-01-12,Elektrisches Feld: Allg. zum elekt. Feld,26,kognition,1.8706043338075,1,3.4522478891995,0.54184953553435,0.028966549779741,0.10377305345183,0.30141773302564,0.50406736303315,0.44719022762149,0.38713011245978,1.7262678777278,False,True,True
1890,0,45,2026-01-12,Elektrisches Feld: Allg. zum elekt. Feld,26,performanz,1.852974407335,1,3.5644284781675,0.35515845646034,0.13454313858654,0.20570055737495,0.42417701379472,0.33869124586579,0.51985029863319,0.49855797289642,0.1121805889680001,False,True,True
1891,0,45,2026-01-12,Elektrisches Feld: Allg. zum elekt. Feld,26,performanz,2.3969338314309,1,4.8647814867475,0.43636742711202,0.05887908540611,0.11008583245671,0.41821687591632,0.41539574353306,0.49271049703992,0.45141013196524,1.3003530085799997,False,False,True
1892,0,45,2026-01-12,Elektrisches Feld: Allg. zum elekt. Feld,26,performanz,1.7816761805797,1,3.5517580419398,0.42323574484856,0.16129366203002,0.30455667553456,0.39291713687201,0.3511092726904,0.50163078206162,0.4156926989252,-1.3130234448076998,False,False,True
1893,0,45,2026-01-12,Elektrisches Feld: Allg. zum elekt. Feld,26,kognition,0.811,1,0.99141868047763,0.81801143740294,0.0,0.17853023972912,0.0,0.48515844807745,0.25216135554961,0.0,-2.56033936146217,False,True,True
1882,0,45,2026-01-19,Elektrische Feldstärke: Allgemeine Aufgaben,26,kognition,1.919667488646,1,3.1988921097457,0.60010197961283,0.028359326892356,0.086449473354213,0.30337364378423,0.40429765756495,0.44207952411901,0.42504956153813,2.2074734292680698,False,False,True
1883,0,45,2026-01-19,Elektrische Feldstärke: Allgemeine Aufgaben,26,performanz,2.3238211125165,1,4.8604079848911,0.47652082017042,0.045968410589216,0.15904505569559,0.36906918169985,0.45571026315801,0.47811137226062,0.41598194606199,1.6615158751453998,False,True,True
1884,0,45,2026-01-19,Elektrische Feldstärke: Allgemeine Aufgaben,26,performanz,1.8125938090566,1,3.4721038792412,0.39217224110269,0.21769801896299,0.29717024810151,0.46920701499411,0.33079089078195,0.52204330620997,0.32921959148461,-1.3883041056498997,False,False,True
1885,0,45,2026-01-19,Elektrische Feldstärke: Allgemeine Aufgaben,26,motivation,1.6437267601139,1,3.7096153046958,0.4341068845271,0.42973150642752,0.049903116246422,0.44309778619237,0.30202982519532,0.41974939035986,0.40079810211902,0.23751142545460002,False,True,True
1886,0,45,2026-01-19,Elektrische Feldstärke: Allgemeine Aufgaben,26,kognition,1.4758361358457,1,2.8006523873511,0.52695967300848,0.28386141920944,0.3913078160065,0.35705838894269,0.40277514975236,0.34038294450806,0.28814611987675,-0.9089629173447,False,True,True
1887,0,45,2026-01-19,Elektrische Feldstärke: Allgemeine Aufgaben,26,performanz,1.6509653848614,1,3.2190638023281,0.37193777926997,0.04491963392026,0.11783395726961,0.40817317442143,0.45057988890129,0.51286969055116,0.46161733536685,0.4184114149770002,False,True,True
1877,0,45,2026-01-26,Weitere Themen: Elektromagnetismus,26,regulation,1.8479915181834,1,4.0789242581081,0.42043389351725,0.32285885538557,0.14942820404965,0.40847577548243,0.41016540084089,0.39536647425586,0.45305744129363,0.8598604557799998,False,True,True
1878,0,45,2026-01-26,Weitere Themen: Elektromagnetismus,26,methodik,2.1410505413095,1,4.7299790770357,0.44419334632973,0.193543274998,0.0710246340135,0.41578844647734,0.45265443670988,0.44516430395875,0.42922862904441,0.6510548189275998,False,True,True
1879,0,45,2026-01-26,Weitere Themen: Elektromagnetismus,26,performanz,1.7349960417186,1,3.0088267944093,0.49568317504876,0.021792505626107,0.18265534692838,0.34599423350428,0.40517032831338,0.57663348339209,0.32260265823754,-1.7211522826263996,False,True,True
1880,0,45,2026-01-26,Weitere Themen: Elektromagnetismus,26,kognition,2.17271425264,1,3.961007449354,0.54852428206151,0.028144193203567,0.15231775143531,0.32706755945492,0.43173643708193,0.46775918359501,0.40367694556994,0.9521806549447001,False,True,True
1881,0,45,2026-01-26,Weitere Themen: Elektromagnetismus,26,performanz,1.2945417374836,1,2.2888856549031,0.21945057193054,0.18392997448974,0.30161300890777,0.37123476885487,0.26169585814646,0.56557481539648,0.54850452907291,-1.6721217944509004,False,True,True
2058,0,47,2025-10-30,Analysis: Übungen zum Ableiten,18,kognition,2.1266007185707,1,4.2434364120772,0.50114942244074,0.11396715072385,0.17824852421908,0.34183623305069,0.44985360536929,0.43478865646368,0.44251784498799,,False,False,True
2059,0,47,2025-10-30,Analysis: Übungen zum Ableiten,18,kognition,2.1118789605959,1,3.9754603937968,0.53122744012662,0.022266357176725,0.15845702965771,0.31305095472288,0.4683200092299,0.49369494887372,0.36211699940813,-0.26797601828039985,False,False,True
2060,0,47,2025-10-30,Analysis: Übungen zum Ableiten,18,performanz,2.0864958050995,1,3.9909291971125,0.50686404877188,0.033885703813723,0.13418955811809,0.37059932669004,0.40085263899891,0.52280821682502,0.39060672750351,0.015468803315699997,False,True,True
2061,0,47,2025-10-30,Analysis: Übungen zum Ableiten,18,regulation,2.3556487699433,1,4.8061660753965,0.41195645886382,0.11739574529303,0.15525898219208,0.4125302752567,0.39087145664052,0.47876083040477,0.49012951939113,0.8152368782839998,False,True,True
2062,0,47,2025-10-30,Analysis: Übungen zum Ableiten,18,kognition,1.4806866264604,1,2.2570557601137,0.65602281184123,0.035444248640753,0.12368329503102,0.25874301507749,0.43227934710977,0.41402942500553,0.35754385816359,-2.5491103152828,False,True,True
2053,0,47,2025-11-03,Schreiben: Bildanalyse,21,kognition,1.919667488646,1,3.1988921097457,0.60010197961283,0.028359326892356,0.086449473354213,0.30337364378423,0.40429765756495,0.44207952411901,0.42504956153813,0.9418363496320001,False,False,True
2054,0,47,2025-11-03,Schreiben: Bildanalyse,21,performanz,-1.4552652158942,-1,2.4366088452089,-0.21141108626145,-0.15707180025819,-0.29598138611071,-0.37273403427469,-0.25021502605258,-0.59724778816174,-0.53364545639735,-0.7622832645368001,True,True,True
2055,0,47,2025-11-03,Schreiben: Bildanalyse,21,performanz,1.7011124840356,1,3.5863224441572,0.44140928068148,0.05461982512367,0.046057928264602,0.44525025198419,0.40530347089364,0.47433206779451,0.46101844996376,1.1497135989483,True,False,True
2056,0,47,2025-11-03,Schreiben: Bildanalyse,21,regulation,1.6521674795534,1,3.5054604059233,0.41704868780184,0.057308012801041,0.04481777131057,0.43363810755397,0.44022910936058,0.4656113369475,0.47131120455665,-0.08086203823389981,False,True,True
2057,0,47,2025-11-03,Schreiben: Bildanalyse,21,performanz,1.8144280300528,1,3.648548811648,0.38885845163842,0.19199426251791,0.31575625939891,0.41583833205431,0.32791525199639,0.49729992682597,0.42949116716453,0.14308840572469972,False,True,True
2048,0,47,2025-11-06,Analysis: Verhalten im Unendlichen von Funktionen,18,kognition,2.4410982889583,1,4.2776947265947,0.57065609830007,0.061680906507123,0.098417161158226,0.35536178558859,0.45537212052641,0.40162071683407,0.40732235788888,0.6291459149467005,False,True,True
2049,0,47,2025-11-06,Analysis: Verhalten im Unendlichen von Funktionen,18,performanz,-1.4552652158942,-1,2.4366088452089,-0.21141108626145,-0.15707180025819,-0.29598138611071,-0.37273403427469,-0.25021502605258,-0.59724778816174,-0.53364545639735,-1.8410858813858004,True,True,True
2050,0,47,2025-11-06,Analysis: Verhalten im Unendlichen von Funktionen,18,kognition,2.0635169573234,1,3.5459767256588,0.5819302543892,0.025556217949941,0.16336965941252,0.27651007972838,0.44722713027514,0.40033995329892,0.44414723291951,1.1093678804499003,True,True,True
2051,0,47,2025-11-06,Analysis: Verhalten im Unendlichen von Funktionen,18,kognition,1.8941985677148,1,3.5717878102127,0.5303207707611,0.0025796929428273,0.21368847062502,0.26998418773395,0.48896612273076,0.52657343227264,0.289527119649,0.02581108455389991,False,False,True
2052,0,47,2025-11-06,Analysis: Verhalten im Unendlichen von Funktionen,18,regulation,-0.74858726918585,-1,0.96264977534088,0.021349624177684,-0.41239907407518,-0.085695451404158,-0.093673302237096,-0.18182046073475,0.41901596751576,-0.77762392110003,-2.60913803487182,True,True,True
2044,0,47,2025-11-10,Umgang mit Texten: Diskussion schreiben,21,kognition,2.1684041030201,1,3.7011651508002,0.58586908607967,0.031850875719515,0.1133674869774,0.31201643281213,0.45610778016662,0.4616490767318,0.35267111220798,2.73851537545932,True,True,True
2045,0,47,2025-11-10,Umgang mit Texten: Diskussion schreiben,21,kognition,2.189211103481,1,4.4107099279058,0.49633872457652,0.020069114607285,0.21068322682328,0.37723372686767,0.44311697942076,0.47270261859914,0.38307628077188,0.7095447771056,False,False,True
2046,0,47,2025-11-10,Umgang mit Texten: Diskussion schreiben,21,kognition,1.9316956848234,1,3.8905038385904,0.49651428190865,0.053043559070364,0.10570725339821,0.35304187399171,0.46146449087851,0.44283837987998,0.45363742432729,-0.5202060893153999,False,False,True
2047,0,47,2025-11-10,Umgang mit Texten: Diskussion schreiben,21,kognition,2.509295155464,1,3.8411483190915,0.65326522548996,0.020984344791132,0.16805441832496,0.2240481499757,0.47451664831199,0.42970909557727,0.29076309654101,-0.04935551949890016,False,False,True
2039,0,47,2025-11-13,Analysis: Waagerechter Asymptoten,23,kognition,2.4410982889583,1,4.2776947265947,0.57065609830007,0.061680906507123,0.098417161158226,0.35536178558859,0.45537212052641,0.40162071683407,0.40732235788888,0.4365464075032004,False,False,True
2040,0,47,2025-11-13,Analysis: Waagerechter Asymptoten,23,kognition,2.6228056368715,1,4.6361765459891,0.56572478498315,0.048988682338982,0.17044432813436,0.3147111289115,0.48920271513479,0.42441388016159,0.36056963398192,0.3584818193943997,False,False,True
2041,0,47,2025-11-13,Analysis: Waagerechter Asymptoten,23,kognition,2.0635169573234,1,3.5459767256588,0.5819302543892,0.025556217949941,0.16336965941252,0.27651007972838,0.44722713027514,0.40033995329892,0.44414723291951,-1.0901998203302998,False,False,True
2042,0,47,2025-11-13,Analysis: Waagerechter Asymptoten,23,performanz,2.2176844063113,1,4.4959941585393,0.375599256091,0.19102751887718,0.30355711105251,0.41043602931968,0.36850416155279,0.49325675157556,0.42746583907391,0.9500174328805002,False,True,True
2043,0,47,2025-11-13,Analysis: Waagerechter Asymptoten,23,kognition,2.4427137214532,1,4.7245662545224,0.51702281640921,0.0716425600792,0.12221998272692,0.39657422898699,0.39719402606343,0.45360297474682,0.43797593701499,0.22857209598309947,False,True,True
2019,0,47,2025-12-11,Analysis: Ableitungsregeln,18,kognition,2.4163555556782,1,4.8603582361414,0.49715483236647,0.05455158373708,0.089907259755098,0.39074852793277,0.41967516285658,0.46598299116922,0.44251775629924,0.13579198161900052,False,False,True
2020,0,47,2025-12-11,Analysis: Ableitungsregeln,18,performanz,1.8608741963844,1,3.0556171049096,0.55550638970887,0.0,0.29078875442313,0.25128473348535,0.3845063379814,0.60899911294624,0.15804728787018,-1.8047411312318005,False,True,True
2021,0,47,2025-12-11,Analysis: Ableitungsregeln,18,performanz,1.7349960417186,1,3.0088267944093,0.49568317504876,0.021792505626107,0.18265534692838,0.34599423350428,0.40517032831338,0.57663348339209,0.32260265823754,-0.0467903105002998,False,False,True
2022,0,47,2025-12-11,Analysis: Ableitungsregeln,18,performanz,1.7623605672214,1,3.1844962872024,0.35830210771604,0.21987884155731,0.30560875784078,0.47619592143151,0.25159370964146,0.55341720451418,0.36542762457524,0.17566949279309974,False,False,True
2023,0,47,2025-12-11,Analysis: Ableitungsregeln,18,kognition,1.7353345284312,1,2.9900649591247,0.58036489123308,0.10643085034257,0.28652846723075,0.23051807041907,0.42718416964422,0.47692739623724,0.32658716896938,-0.19443132807769992,False,True,True
2014,0,47,2026-01-08,Analysis: Lösen von Extremwertproblemen,18,performanz,2.1744618745086,1,4.4388621375364,0.46577705352531,0.21582431903798,0.15028280583915,0.40837051156953,0.4063458558203,0.48986810323295,0.37686600340078,1.4487971784117004,False,True,True
2015,0,47,2026-01-08,Analysis: Lösen von Extremwertproblemen,18,kognition,1.8706043338075,1,3.4522478891995,0.54184953553435,0.028966549779741,0.10377305345183,0.30141773302564,0.50406736303315,0.44719022762149,0.38713011245978,-0.9866142483369003,False,True,True
2016,0,47,2026-01-08,Analysis: Lösen von Extremwertproblemen,18,regulation,2.5507887745069,1,5.0551648723269,0.38568540563395,0.14372256099515,0.13504874488232,0.41636045227922,0.45091607348817,0.42550729255688,0.50458962131469,1.6029169831274,False,True,True
2017,0,47,2026-01-08,Analysis: Lösen von Extremwertproblemen,18,performanz,1.171031134971,1,2.3554216638968,0.19785571730366,0.33095686675477,0.41928909416486,0.49146919269571,0.22256410971708,0.4971620076779,0.37048889297316,-2.6997432084301,False,True,True
2018,0,47,2026-01-08,Analysis: Lösen von Extremwertproblemen,18,motivation,1.8934141982597,1,3.6130190037089,0.39519609169617,0.022142086298747,0.27097533602843,0.52405175721425,0.30923960994252,0.43341160873097,0.4602082199323,1.2575973398120999,False,True,True
2009,0,47,2026-01-22,Analysis: Aufgaben zu Kurvenscharen,18,performanz,2.1744618745086,1,4.4388621375364,0.46577705352531,0.21582431903798,0.15028280583915,0.40837051156953,0.4063458558203,0.48986810323295,0.37686600340078,0.8258431338275005,False,True,True
2010,0,47,2026-01-22,Analysis: Aufgaben zu Kurvenscharen,18,performanz,1.8146533005108,1,2.9011619883243,0.48967516717457,0.0,0.17265110518826,0.31720137154232,0.35619597135299,0.62548973580807,0.33417546746929,-1.5377001492121005,False,False,True
2011,0,47,2026-01-22,Analysis: Aufgaben zu Kurvenscharen,18,regulation,1.6593102589405,1,3.445161991689,0.35697457681494,0.30867452774446,-0.051124322883014,0.44905706607895,0.45666641004076,0.36400878395462,0.48163350420338,0.5440000033647001,False,True,True
2012,0,47,2026-01-22,Analysis: Aufgaben zu Kurvenscharen,18,kognition,1.628635644424,1,3.1766681938078,0.51268512107983,0.22387537947476,0.28929848813247,0.40637796246605,0.35743108585166,0.47592781995218,0.2897007950665,-0.2684937978812001,False,True,True
2013,0,47,2026-01-22,Analysis: Aufgaben zu Kurvenscharen,18,performanz,1.7349960417186,1,3.0088267944093,0.49568317504876,0.021792505626107,0.18265534692838,0.34599423350428,0.40517032831338,0.57663348339209,0.32260265823754,-0.16784139939849974,False,True,True
2006,0,47,2026-01-29,Analysis: Übungen zur Ableitung,18,kognition,2.0025209823477,1,4.1753366045791,0.47960592784119,0.20384347683099,0.27356109825585,0.38796629419017,0.38566077691678,0.43325305356153,0.40819754744271,2.5649546623058006,False,True,True
2007,0,47,2026-01-29,Analysis: Übungen zur Ableitung,18,kognition,2.3210201415921,1,3.3989502526716,0.68286180745059,0.01826365831898,0.17566245392676,0.19020295592194,0.51264892743446,0.39897867265262,0.21055388947738,-0.7763863519075005,False,False,True
2008,0,47,2026-01-29,Analysis: Übungen zur Ableitung,18,kognition,1.7820560115872,1,3.4263674606991,0.52009915195497,0.057384238529672,0.01634967429508,0.32019729496019,0.47732956965011,0.41282654755967,0.47448412856735,0.02741720802750036,False,False,True
