datum,lehrkraft_id,gruppe_id,teilnehmer_id,id_mtr_rueckkopplung_datenmaske,mtr_rueckkopplung_datenmaske_values_id,thema,interventions,delta_norm,delta_dichte,cosine_shift,dominanzwechsel,polaritaetswechsel,dominante_dimension_vorher,dominante_dimension_nachher,bemerkung,delta_kognition,delta_sozial,delta_affektiv,delta_motivation,delta_methodik,delta_performanz,delta_regulation
2025-09-01,12,0,12,1568,2935,Weitere Themen: Geografie,metakognition,0.3535325591780323,-0.3540654724811998,0.06249300839413263,1,0,kognition,performanz,"nutzt selten erlaubte Hilfsmittel zum Lösen von Aufgaben | Beteiligung am Unterricht hat sich verbessert | ist oft fähig, Aufgaben ohne direkte Anleitung zu beginnen | kann Aufmerksamkeit während des Lernens lange aufrechterhalten | gibt nur manchmal zu erkennen, wenn er etwas nicht verstanden hat | Felix hat heute einen Vortrag über die Vereinigten Arabischen Emirate für Geografie erstellt.",-0.13339199950323,0.281312723321472,-0.075008039061229,0.11280259585918001,-0.08752777693317998,0.009250576895090012,0.04424567889431996
2025-09-01,12,0,12,1568,2936,Weitere Themen: Geografie,metakognition,0.37079857345319844,0.7181715849224997,0.06874618341873506,1,0,performanz,methodik,"nutzt selten erlaubte Hilfsmittel zum Lösen von Aufgaben | Beteiligung am Unterricht hat sich verbessert | ist oft fähig, Aufgaben ohne direkte Anleitung zu beginnen | kann Aufmerksamkeit während des Lernens lange aufrechterhalten | gibt nur manchmal zu erkennen, wenn er etwas nicht verstanden hat | Felix hat heute einen Vortrag über die Vereinigten Arabischen Emirate für Geografie erstellt.",0.07874669805213996,-0.291217855148413,0.10015567161186902,-0.13294733261877,0.13485698257135004,-0.005850783675319993,-0.023577770022519984
2025-09-01,12,0,12,1568,2937,Weitere Themen: Geografie,metakognition,0.1579236488404015,-0.5336314149187,0.012470008457302173,1,0,methodik,kognition,"nutzt selten erlaubte Hilfsmittel zum Lösen von Aufgaben | Beteiligung am Unterricht hat sich verbessert | ist oft fähig, Aufgaben ohne direkte Anleitung zu beginnen | kann Aufmerksamkeit während des Lernens lange aufrechterhalten | gibt nur manchmal zu erkennen, wenn er etwas nicht verstanden hat | Felix hat heute einen Vortrag über die Vereinigten Arabischen Emirate für Geografie erstellt.",0.03819437435811002,0.004308145247475997,0.005079635201399979,-0.00010394545969000246,-0.09342269306383005,-0.05248885843932999,0.10933350436616002
2025-09-01,12,0,12,1568,2938,Weitere Themen: Geografie,metakognition,0.5276035592765752,-1.0004835359,0.139183759793997,1,0,kognition,motivation,"nutzt selten erlaubte Hilfsmittel zum Lösen von Aufgaben | Beteiligung am Unterricht hat sich verbessert | ist oft fähig, Aufgaben ohne direkte Anleitung zu beginnen | kann Aufmerksamkeit während des Lernens lange aufrechterhalten | gibt nur manchmal zu erkennen, wenn er etwas nicht verstanden hat | Felix hat heute einen Vortrag über die Vereinigten Arabischen Emirate für Geografie erstellt.",-0.22492292130463998,0.401690922796867,-0.1456446744036744,0.19524637710811,-0.06492971213535997,-0.029172258072589996,-0.04493540542455998
2025-09-15,12,0,12,1564,2915,Stochastik (Wahrscheinlichkeitsrechnung): Baumdiagramme,"lob, metakognition",0.4790154960856077,1.9122704493631004,0.11472867596525371,1,0,motivation,kognition,"ist überwiegend in der Lage, die Fehler einer fremden Lösung zu begründen und zu berichtigen | konnte in den vergangenen Wochen einige neue Lernstrategien durch die Nachhilfe entwickeln | bereitet sich meistens auf Aufgaben vor, die wahrscheinlich in einer Klassenarbeit oder Leistungskontrolle vorkommen | kann sich gut auf eine Aufgabe konzentrieren, auch wenn diese als zu leicht empfunden wird | gibt oft zu erkennen, wenn er etwas nicht verstanden hat | Da Felix in der 8. Klasse noch kein Matheunterricht hatte, haben wir angefangen, Themen aus Klasse 8 zu behandeln. Dies hat sehr gut geklappt nach anfänglicher Erklärung.",0.24166430878625,-0.367429541134057,0.0918435601386704,-0.13698186580209998,0.08714319358424,0.02454751338193001,-0.025572484278120033
2025-09-15,12,0,12,1564,2916,Stochastik (Wahrscheinlichkeitsrechnung): Baumdiagramme,"lob, metakognition",0.1042864022536135,0.3584818193943997,0.005437851288681572,0,0,kognition,kognition,"ist überwiegend in der Lage, die Fehler einer fremden Lösung zu begründen und zu berichtigen | konnte in den vergangenen Wochen einige neue Lernstrategien durch die Nachhilfe entwickeln | bereitet sich meistens auf Aufgaben vor, die wahrscheinlich in einer Klassenarbeit oder Leistungskontrolle vorkommen | kann sich gut auf eine Aufgabe konzentrieren, auch wenn diese als zu leicht empfunden wird | gibt oft zu erkennen, wenn er etwas nicht verstanden hat | Da Felix in der 8. Klasse noch kein Matheunterricht hatte, haben wir angefangen, Themen aus Klasse 8 zu behandeln. Dies hat sehr gut geklappt nach anfänglicher Erklärung.",-0.004931313316919983,-0.012692224168140996,0.072027166976134,-0.04065065667709,0.033830594608380005,0.02279316332751996,-0.04675272390696
2025-09-15,12,0,12,1564,2918,Stochastik (Wahrscheinlichkeitsrechnung): Baumdiagramme,"lob, metakognition",0.2337486952442514,-1.5427189814868,0.027319373502923572,1,0,kognition,performanz,"ist überwiegend in der Lage, die Fehler einer fremden Lösung zu begründen und zu berichtigen | konnte in den vergangenen Wochen einige neue Lernstrategien durch die Nachhilfe entwickeln | bereitet sich meistens auf Aufgaben vor, die wahrscheinlich in einer Klassenarbeit oder Leistungskontrolle vorkommen | kann sich gut auf eine Aufgabe konzentrieren, auch wenn diese als zu leicht empfunden wird | gibt oft zu erkennen, wenn er etwas nicht verstanden hat | Da Felix in der 8. Klasse noch kein Matheunterricht hatte, haben wir angefangen, Themen aus Klasse 8 zu behandeln. Dies hat sehr gut geklappt nach anfänglicher Erklärung.",-0.10958623689844005,0.038553307471633005,0.08922545220411998,0.04640262640546999,-0.12727240372426002,0.11082377634714002,0.050481605381359984
2025-09-15,12,0,12,1564,2919,Stochastik (Wahrscheinlichkeitsrechnung): Baumdiagramme,"lob, metakognition",0.4600074109460772,-0.5256757566115997,0.10580416312897134,1,0,performanz,motivation,"ist überwiegend in der Lage, die Fehler einer fremden Lösung zu begründen und zu berichtigen | konnte in den vergangenen Wochen einige neue Lernstrategien durch die Nachhilfe entwickeln | bereitet sich meistens auf Aufgaben vor, die wahrscheinlich in einer Klassenarbeit oder Leistungskontrolle vorkommen | kann sich gut auf eine Aufgabe konzentrieren, auch wenn diese als zu leicht empfunden wird | gibt oft zu erkennen, wenn er etwas nicht verstanden hat | Da Felix in der 8. Klasse noch kein Matheunterricht hatte, haben wir angefangen, Themen aus Klasse 8 zu behandeln. Dies hat sehr gut geklappt nach anfänglicher Erklärung.",-0.10199106724613999,0.301911183419225,-0.276179644980404,0.10826819931409004,0.02271330741487998,-0.14226491808586,0.03608153430486005
2025-09-15,12,0,12,1564,2920,Stochastik (Wahrscheinlichkeitsrechnung): Baumdiagramme,"lob, metakognition",1.9449229674075164,5.6987806415188995,1.8913723282927966,1,1,motivation,performanz,"ist überwiegend in der Lage, die Fehler einer fremden Lösung zu begründen und zu berichtigen | konnte in den vergangenen Wochen einige neue Lernstrategien durch die Nachhilfe entwickeln | bereitet sich meistens auf Aufgaben vor, die wahrscheinlich in einer Klassenarbeit oder Leistungskontrolle vorkommen | kann sich gut auf eine Aufgabe konzentrieren, auch wenn diese als zu leicht empfunden wird | gibt oft zu erkennen, wenn er etwas nicht verstanden hat | Da Felix in der 8. Klasse noch kein Matheunterricht hatte, haben wir angefangen, Themen aus Klasse 8 zu behandeln. Dies hat sehr gut geklappt nach anfänglicher Erklärung.",-0.83657938830318,-0.411291571647842,-0.065075949656902,-0.8052222877320601,-0.75831330035671,-0.97712494061079,-0.85514296837503
2025-09-22,12,0,12,1562,2905,Weitere Themen: GRW,metakognition,1.9874498713158884,-3.9888677228148994,1.9749855015412134,1,1,performanz,kognition,"ist überwiegend in der Lage, die Fehler einer fremden Lösung zu begründen und zu berichtigen | hat in letzter Zeit ein besseres Verständnis für die Anforderungen der Lehrkraft in der Schule entwickelt | ist zugänglich für spontane Wiederholungen | kann bereits erlerntes Wissen schnell aus dem Gedächtnis wieder abrufen | gibt oft zu erkennen, wenn er ein Problem mit einer Aufgabenstellung hat | Da Felix immernoch kein Mathe hatte, wollte Felix heut einen Vortrag für GRW vorbereiten.",1.05308800576468,0.08351930492512499,0.18000297545705202,0.69120211868959,0.8290418020577099,0.9857729190219899,0.81533255259577
2025-09-22,12,0,12,1562,2906,Weitere Themen: GRW,metakognition,0.21797160941963714,0.14710484291579995,0.02375592047864017,0,0,kognition,kognition,"ist überwiegend in der Lage, die Fehler einer fremden Lösung zu begründen und zu berichtigen | hat in letzter Zeit ein besseres Verständnis für die Anforderungen der Lehrkraft in der Schule entwickelt | ist zugänglich für spontane Wiederholungen | kann bereits erlerntes Wissen schnell aus dem Gedächtnis wieder abrufen | gibt oft zu erkennen, wenn er ein Problem mit einer Aufgabenstellung hat | Da Felix immernoch kein Mathe hatte, wollte Felix heut einen Vortrag für GRW vorbereiten.",0.049280809056289954,-0.032912663753752,0.11116908891463399,-0.10930022403244999,0.047435817672279945,0.02340084242853996,-0.12998815102970002
2025-09-22,12,0,12,1562,2908,Weitere Themen: GRW,metakognition,0.25844487463229715,-0.4338703723980002,0.033397035770554084,1,0,kognition,performanz,"ist überwiegend in der Lage, die Fehler einer fremden Lösung zu begründen und zu berichtigen | hat in letzter Zeit ein besseres Verständnis für die Anforderungen der Lehrkraft in der Schule entwickelt | ist zugänglich für spontane Wiederholungen | kann bereits erlerntes Wissen schnell aus dem Gedächtnis wieder abrufen | gibt oft zu erkennen, wenn er ein Problem mit einer Aufgabenstellung hat | Da Felix immernoch kein Mathe hatte, wollte Felix heut einen Vortrag für GRW vorbereiten.",-0.11307285858448002,0.005117461060352001,-0.07539669195477,0.12453776513389997,-0.10195529919977997,0.09778665756241,0.11327252064433002
2025-09-22,12,0,12,1562,2909,Weitere Themen: GRW,metakognition,0.4184386620721346,-0.5457672054235001,0.08754593043129777,1,0,performanz,regulation,"ist überwiegend in der Lage, die Fehler einer fremden Lösung zu begründen und zu berichtigen | hat in letzter Zeit ein besseres Verständnis für die Anforderungen der Lehrkraft in der Schule entwickelt | ist zugänglich für spontane Wiederholungen | kann bereits erlerntes Wissen schnell aus dem Gedächtnis wieder abrufen | gibt oft zu erkennen, wenn er ein Problem mit einer Aufgabenstellung hat | Da Felix immernoch kein Mathe hatte, wollte Felix heut einen Vortrag für GRW vorbereiten.",-0.14988947195693997,0.274788823930737,-0.185313881001104,0.07845773938891004,0.05581377104184998,-0.1587994328704,0.09102677669987003
2025-09-29,12,0,12,1560,2899,Potenzfunktion/-rechnung: binomische Formeln,"lob, regelhinweise",0.44054142445785005,-0.33464706647819975,0.09703896696700554,1,0,regulation,kognition,"kann effektiv Lösungsstrategien für komplexe Probleme entwickeln | Einfluss der Nachhilfe auf die gesamte schulische Entwicklung positiv | teilt sich die eigene Lernzeit angemessen ein | erreicht in der Regel vereinbarte Lernziele | kann gut Kerninformationen aus (Sach-)Texten entnehmen | Felix hat heute binomische Formeln geübt, das hat bereits gut geklappt.",0.17403183422342,-0.27115847904217305,0.189839102044704,-0.0801768384987,-0.05012117034325997,0.16266730088300996,-0.13719604219434
2025-09-29,12,0,12,1560,2900,Potenzfunktion/-rechnung: binomische Formeln,"lob, regelhinweise",0.09463461116742543,0.8649454685859999,0.004477880474799023,0,0,kognition,kognition,"kann effektiv Lösungsstrategien für komplexe Probleme entwickeln | Einfluss der Nachhilfe auf die gesamte schulische Entwicklung positiv | teilt sich die eigene Lernzeit angemessen ein | erreicht in der Regel vereinbarte Lernziele | kann gut Kerninformationen aus (Sach-)Texten entnehmen | Felix hat heute binomische Formeln geübt, das hat bereits gut geklappt.",0.00022102908826004963,-0.015249691525562003,0.019742250496019992,-0.055829272857369994,0.06177476953240002,-0.03298113596390995,0.017679537399090006
2025-09-29,12,0,12,1560,2902,Potenzfunktion/-rechnung: binomische Formeln,"lob, regelhinweise",0.341695402153964,-0.5002349749336998,0.05837818875548939,1,0,kognition,performanz,"kann effektiv Lösungsstrategien für komplexe Probleme entwickeln | Einfluss der Nachhilfe auf die gesamte schulische Entwicklung positiv | teilt sich die eigene Lernzeit angemessen ein | erreicht in der Regel vereinbarte Lernziele | kann gut Kerninformationen aus (Sach-)Texten entnehmen | Felix hat heute binomische Formeln geübt, das hat bereits gut geklappt.",-0.21245592588203005,0.16920138010730498,0.014650221017499993,0.15584986807787,-0.08423108439727,0.0008249395528600045,0.10672279007219998
2025-09-29,12,0,12,1560,2903,Potenzfunktion/-rechnung: binomische Formeln,"lob, regelhinweise",0.28325759356945984,-1.0024894921218004,0.04011770983457397,0,0,performanz,performanz,"kann effektiv Lösungsstrategien für komplexe Probleme entwickeln | Einfluss der Nachhilfe auf die gesamte schulische Entwicklung positiv | teilt sich die eigene Lernzeit angemessen ein | erreicht in der Regel vereinbarte Lernziele | kann gut Kerninformationen aus (Sach-)Texten entnehmen | Felix hat heute binomische Formeln geübt, das hat bereits gut geklappt.",0.10573049957195002,-0.171339013468722,-0.01320476512308999,-0.0825274403915,-0.10506374587950001,0.13569157653749997,-0.05712380727506999
2025-09-29,12,0,12,1560,2904,Potenzfunktion/-rechnung: binomische Formeln,"lob, regelhinweise",0.19213587499693632,0.36832709326970026,0.018458236845982023,0,0,performanz,performanz,"kann effektiv Lösungsstrategien für komplexe Probleme entwickeln | Einfluss der Nachhilfe auf die gesamte schulische Entwicklung positiv | teilt sich die eigene Lernzeit angemessen ein | erreicht in der Regel vereinbarte Lernziele | kann gut Kerninformationen aus (Sach-)Texten entnehmen | Felix hat heute binomische Formeln geübt, das hat bereits gut geklappt.",0.12572488492350004,-0.0025297393302819993,0.017092290618540007,-0.06725440258394,0.08366835783111998,-0.07275229906397995,-0.06320170886906001
2025-10-27,12,0,12,1557,2883,Weitere Themen: binomische Formeln,"aktivierungsfragen, regelhinweise, metakognition, emotionale_stuetzung",0.2110104584010886,2.0983790537047,0.022262830208139905,1,0,performanz,kognition,"stellt häufig Fragen, die ein tieferes Verständnis für das aktuelle Thema zeigen | Prüfungsangst des Schülers hat sich verringert | braucht selten Unterstützung bei der Anwendung neuer Lösungsansätze | versteht überwiegend, dass bestimmte Stoffeinheiten (z.B. das Einmaleins oder Vokabeln) besonders routiniertes Lernen erfordern | kann komplexe Informationen verständlich mit eigenen Worten erklären | Felix hat weiter binomische Formeln geübt. Hierbei wird er immer sicherer. Anschließend hat er sich noch auf sein Geschichtstest vorbereitet.",-0.05772567861581007,0.048028677949362,-0.06611577547855,0.08695383198750001,0.04230462317496003,-0.11139237230314003,0.11294334537139
2025-10-27,12,0,12,1557,2884,Weitere Themen: binomische Formeln,"aktivierungsfragen, regelhinweise, metakognition, emotionale_stuetzung",1.9558125752086342,-2.5028332285068,1.9126131362256202,1,1,kognition,performanz,"stellt häufig Fragen, die ein tieferes Verständnis für das aktuelle Thema zeigen | Prüfungsangst des Schülers hat sich verringert | braucht selten Unterstützung bei der Anwendung neuer Lösungsansätze | versteht überwiegend, dass bestimmte Stoffeinheiten (z.B. das Einmaleins oder Vokabeln) besonders routiniertes Lernen erfordern | kann komplexe Informationen verständlich mit eigenen Worten erklären | Felix hat weiter binomische Formeln geübt. Hierbei wird er immer sicherer. Anschließend hat er sich noch auf sein Geschichtstest vorbereitet.",-0.70391230638568,-0.222699462692578,-0.40686038680282,-0.7788068460875,-0.65521318601179,-1.0433145817587,-0.9951030751049399
2025-10-27,12,0,12,1557,2885,Weitere Themen: binomische Formeln,"aktivierungsfragen, regelhinweise, metakognition, emotionale_stuetzung",1.9046270017546063,0.5027146214822,1.8138156227065485,1,1,performanz,kognition,"stellt häufig Fragen, die ein tieferes Verständnis für das aktuelle Thema zeigen | Prüfungsangst des Schülers hat sich verringert | braucht selten Unterstützung bei der Anwendung neuer Lösungsansätze | versteht überwiegend, dass bestimmte Stoffeinheiten (z.B. das Einmaleins oder Vokabeln) besonders routiniertes Lernen erfordern | kann komplexe Informationen verständlich mit eigenen Worten erklären | Felix hat weiter binomische Formeln geübt. Hierbei wird er immer sicherer. Anschließend hat er sich noch auf sein Geschichtstest vorbereitet.",0.79413737457133,0.091528561758906,0.284899087470425,0.7493313119156999,0.6784850932738999,1.07261548030817,0.85735726103745
2025-10-27,12,0,12,1557,2886,Weitere Themen: binomische Formeln,"aktivierungsfragen, regelhinweise, metakognition, emotionale_stuetzung",0.25000775084312493,0.9445558394428,0.03125212453010473,0,0,kognition,kognition,"stellt häufig Fragen, die ein tieferes Verständnis für das aktuelle Thema zeigen | Prüfungsangst des Schülers hat sich verringert | braucht selten Unterstützung bei der Anwendung neuer Lösungsansätze | versteht überwiegend, dass bestimmte Stoffeinheiten (z.B. das Einmaleins oder Vokabeln) besonders routiniertes Lernen erfordern | kann komplexe Informationen verständlich mit eigenen Worten erklären | Felix hat weiter binomische Formeln geübt. Hierbei wird er immer sicherer. Anschließend hat er sich noch auf sein Geschichtstest vorbereitet.",-0.05590652885260006,0.135024469537482,0.114056678400645,0.011400463344000022,-0.07761300553271999,-0.01545807013374001,0.14746220236753999
2025-10-27,12,0,12,1557,2887,Weitere Themen: binomische Formeln,"aktivierungsfragen, regelhinweise, metakognition, emotionale_stuetzung",0.3134591668438878,-0.04273098704239997,0.049128579032582165,0,0,kognition,kognition,"stellt häufig Fragen, die ein tieferes Verständnis für das aktuelle Thema zeigen | Prüfungsangst des Schülers hat sich verringert | braucht selten Unterstützung bei der Anwendung neuer Lösungsansätze | versteht überwiegend, dass bestimmte Stoffeinheiten (z.B. das Einmaleins oder Vokabeln) besonders routiniertes Lernen erfordern | kann komplexe Informationen verständlich mit eigenen Worten erklären | Felix hat weiter binomische Formeln geübt. Hierbei wird er immer sicherer. Anschließend hat er sich noch auf sein Geschichtstest vorbereitet.",0.12644546603268003,-0.04849688624706601,0.06508003856459998,-0.16394959100931,0.12385958662338997,-0.030200526435419983,-0.18041091046663
2025-11-03,12,0,12,1555,2877,Weitere Themen: binomische Formeln,"lob, strukturierung, regelhinweise",0.3127486663788669,0.9242422497056002,0.048906094109156584,0,0,kognition,kognition,"kann meistens den Operatoren der Aufgabenstellung entsprechend eine Antwort formulieren | Geschwindigkeit beim Lösen von Aufgaben hat sich in den letzten Stunden ohne Qualitätsverlust erhöht | ist offen für neue Lehrmethoden oder -ansätze | ist interessiert daran, neue Themen zu erkunden und zu lernen | kann den eigenen Lösungsweg häufig nachvollziehbar mündlich präsentieren | Felix kann bereits gut die binomischen Formeln anwenden, jedoch macht er manchmal noch kleine Schusselfehler. | add | Fach		Thema",-0.18289651879202,0.050236523904226005,-0.07609244274581799,0.16601839589828998,-0.011445686580199954,0.003711100435229986,0.16834470521564
2025-11-03,12,0,12,1555,2878,Weitere Themen: binomische Formeln,"lob, strukturierung, regelhinweise",0.2736692789969565,-0.7696912269638001,0.03744760943492298,0,0,kognition,kognition,"kann meistens den Operatoren der Aufgabenstellung entsprechend eine Antwort formulieren | Geschwindigkeit beim Lösen von Aufgaben hat sich in den letzten Stunden ohne Qualitätsverlust erhöht | ist offen für neue Lehrmethoden oder -ansätze | ist interessiert daran, neue Themen zu erkunden und zu lernen | kann den eigenen Lösungsweg häufig nachvollziehbar mündlich präsentieren | Felix kann bereits gut die binomischen Formeln anwenden, jedoch macht er manchmal noch kleine Schusselfehler. | add | Fach		Thema",0.14990924132379996,-0.053764619696192,0.040806142579318014,-0.14752641042523998,0.029978701506969962,0.01880824456064001,-0.15763820491462
2025-11-03,12,0,12,1555,2879,Weitere Themen: binomische Formeln,"lob, strukturierung, regelhinweise",0.37827930961428563,-0.5326020776461999,0.07154800370322134,0,0,kognition,kognition,"kann meistens den Operatoren der Aufgabenstellung entsprechend eine Antwort formulieren | Geschwindigkeit beim Lösen von Aufgaben hat sich in den letzten Stunden ohne Qualitätsverlust erhöht | ist offen für neue Lehrmethoden oder -ansätze | ist interessiert daran, neue Themen zu erkunden und zu lernen | kann den eigenen Lösungsweg häufig nachvollziehbar mündlich präsentieren | Felix kann bereits gut die binomischen Formeln anwenden, jedoch macht er manchmal noch kleine Schusselfehler. | add | Fach		Thema",-0.07857067598585998,0.29551828666733404,-0.04760022420438001,0.12774314157861003,-0.14667822483873,-0.020030857279799974,0.09534672911381997
2025-11-03,12,0,12,1555,2880,Weitere Themen: binomische Formeln,"lob, strukturierung, regelhinweise",0.2774867075945176,0.9926600830199996,0.03849963402019663,0,0,kognition,kognition,"kann meistens den Operatoren der Aufgabenstellung entsprechend eine Antwort formulieren | Geschwindigkeit beim Lösen von Aufgaben hat sich in den letzten Stunden ohne Qualitätsverlust erhöht | ist offen für neue Lehrmethoden oder -ansätze | ist interessiert daran, neue Themen zu erkunden und zu lernen | kann den eigenen Lösungsweg häufig nachvollziehbar mündlich präsentieren | Felix kann bereits gut die binomischen Formeln anwenden, jedoch macht er manchmal noch kleine Schusselfehler. | add | Fach		Thema",-0.054683027018880004,-0.252113815615283,-0.014746036966992004,0.056598734963,0.03183827732715999,0.02291397481481,0.07407884227620004
2025-11-03,12,0,12,1555,2881,Weitere Themen: binomische Formeln,"lob, strukturierung, regelhinweise",0.18995702602966724,-0.022095610783400055,0.01804191705302982,0,0,kognition,kognition,"kann meistens den Operatoren der Aufgabenstellung entsprechend eine Antwort formulieren | Geschwindigkeit beim Lösen von Aufgaben hat sich in den letzten Stunden ohne Qualitätsverlust erhöht | ist offen für neue Lehrmethoden oder -ansätze | ist interessiert daran, neue Themen zu erkunden und zu lernen | kann den eigenen Lösungsweg häufig nachvollziehbar mündlich präsentieren | Felix kann bereits gut die binomischen Formeln anwenden, jedoch macht er manchmal noch kleine Schusselfehler. | add | Fach		Thema",0.005129731202540011,0.139006302027583,0.044028864725052005,-0.03439317916028001,0.08305891322018,-0.027392722856030005,-0.07722712968853002
2025-11-03,12,0,12,1555,2882,Weitere Themen: binomische Formeln,"lob, strukturierung, regelhinweise",0.2578356940281289,-1.0578943329523995,0.03323979599387583,1,0,kognition,performanz,"kann meistens den Operatoren der Aufgabenstellung entsprechend eine Antwort formulieren | Geschwindigkeit beim Lösen von Aufgaben hat sich in den letzten Stunden ohne Qualitätsverlust erhöht | ist offen für neue Lehrmethoden oder -ansätze | ist interessiert daran, neue Themen zu erkunden und zu lernen | kann den eigenen Lösungsweg häufig nachvollziehbar mündlich präsentieren | Felix kann bereits gut die binomischen Formeln anwenden, jedoch macht er manchmal noch kleine Schusselfehler. | add | Fach		Thema",-0.047265482745429965,-0.178786972386546,0.10518052123219,0.06358727887084997,-0.10664360637283998,0.07460400368654002,0.015347232112659981
2025-11-10,12,0,12,1553,2869,Weitere Themen: binomische Formeln,regelhinweise,0.22464042513171129,0.5270569877997997,0.025231799695014545,1,0,performanz,kognition,kann erlerntes Wissen weitgehend in eigenen Worten wiedergeben | Ausdauer hat sich erhöht | kann Feedback erfolgreich in den eigenen Lernprozess integrieren | hat geplante Zeit überwiegend sinnvoll genutzt | erreicht in der Regel vereinbarte Lernziele,0.11696803213461998,0.014434014659313002,-0.11247028136039,-0.12238683095332997,0.08472899754495,-0.02990752957269005,-0.02952787416200997
2025-11-10,12,0,12,1553,2870,Weitere Themen: binomische Formeln,regelhinweise,0.30353662820433275,-0.5553498286487999,0.04606749798464371,0,0,kognition,kognition,kann erlerntes Wissen weitgehend in eigenen Worten wiedergeben | Ausdauer hat sich erhöht | kann Feedback erfolgreich in den eigenen Lernprozess integrieren | hat geplante Zeit überwiegend sinnvoll genutzt | erreicht in der Regel vereinbarte Lernziele,-0.06446728881096003,0.278345946519313,-0.024618338039381002,0.07547862585345999,-0.02857474350079997,-0.05780890235114,-0.006365273408060035
2025-11-10,12,0,12,1553,2871,Weitere Themen: binomische Formeln,regelhinweise,0.3049646451988955,-0.16550548591190006,0.04650200246821301,1,0,kognition,performanz,kann erlerntes Wissen weitgehend in eigenen Worten wiedergeben | Ausdauer hat sich erhöht | kann Feedback erfolgreich in den eigenen Lernprozess integrieren | hat geplante Zeit überwiegend sinnvoll genutzt | erreicht in der Regel vereinbarte Lernziele,-0.03435382772383,-0.261553673440429,0.09911719527811098,-0.03435260561001002,0.03880864565605996,0.10439932649838002,-0.0018096930286599644
2025-11-10,12,0,12,1553,2872,Weitere Themen: binomische Formeln,regelhinweise,0.252000911720949,0.29325634215270036,0.031752420909732404,0,0,performanz,performanz,kann erlerntes Wissen weitgehend in eigenen Worten wiedergeben | Ausdauer hat sich erhöht | kann Feedback erfolgreich in den eigenen Lernprozess integrieren | hat geplante Zeit überwiegend sinnvoll genutzt | erreicht in der Regel vereinbarte Lernziele,-0.14426389482934998,0.139161399853579,-0.008552568147459999,0.09408552180970003,-0.06549899744210996,-0.024485845086629987,0.09752735942287999
2025-11-17,12,0,12,1551,2858,Stochastik (Wahrscheinlichkeitsrechnung): Grundbegriffe,"metakognition, emotionale_stuetzung",0.3409635347534045,0.8024693077316001,0.05812836916660191,1,0,performanz,kognition,"ist überwiegend in der Lage, die Fehler einer fremden Lösung zu begründen und zu berichtigen | geht schulische Herausforderungen motivierter an | kann seine Motivation normalerweise trotz den Fehlern, die er macht, aufrechterhalten | setzt Prioritäten bei Lernaufgaben sinnvoll | kann effektiv von einer Aufgabe zur anderen wechseln | Felix hat ein neues Thema in der Schule angefangen. Wir haben die wichtigsten Grundbegriffe wiederholt und dazu Aufgaben gelöst.",0.25188458405548003,-0.129786830776907,-0.07469008951698398,-0.11353903721216002,0.07128319569378,-0.09289917159250999,-0.06151743159145001
2025-11-17,12,0,12,1551,2859,Stochastik (Wahrscheinlichkeitsrechnung): Grundbegriffe,"metakognition, emotionale_stuetzung",0.12695573589083742,-1.9348894276651003,0.00805893267373059,1,0,kognition,methodik,"ist überwiegend in der Lage, die Fehler einer fremden Lösung zu begründen und zu berichtigen | geht schulische Herausforderungen motivierter an | kann seine Motivation normalerweise trotz den Fehlern, die er macht, aufrechterhalten | setzt Prioritäten bei Lernaufgaben sinnvoll | kann effektiv von einer Aufgabe zur anderen wechseln | Felix hat ein neues Thema in der Schule angefangen. Wir haben die wichtigsten Grundbegriffe wiederholt und dazu Aufgaben gelöst.",-0.056180336249149976,-0.018997217338075995,-0.006812028764336009,-0.04419769154623998,0.10255938733371,-0.00708738632884004,-0.005668842808149999
2025-11-17,12,0,12,1551,2860,Stochastik (Wahrscheinlichkeitsrechnung): Grundbegriffe,"metakognition, emotionale_stuetzung",0.6753123787587323,0.6159270362793001,0.22802514842684485,1,0,methodik,motivation,"ist überwiegend in der Lage, die Fehler einer fremden Lösung zu begründen und zu berichtigen | geht schulische Herausforderungen motivierter an | kann seine Motivation normalerweise trotz den Fehlern, die er macht, aufrechterhalten | setzt Prioritäten bei Lernaufgaben sinnvoll | kann effektiv von einer Aufgabe zur anderen wechseln | Felix hat ein neues Thema in der Schule angefangen. Wir haben die wichtigsten Grundbegriffe wiederholt und dazu Aufgaben gelöst.",-0.3102946863570001,0.23714371091384298,0.26999844361433,0.30232247554300995,-0.36218851339264,-0.05778389630966996,0.06862463273845998
2025-11-17,12,0,12,1551,2861,Stochastik (Wahrscheinlichkeitsrechnung): Grundbegriffe,"metakognition, emotionale_stuetzung",0.3696461165879126,0.5133715440322999,0.06831955342733753,1,0,motivation,performanz,"ist überwiegend in der Lage, die Fehler einer fremden Lösung zu begründen und zu berichtigen | geht schulische Herausforderungen motivierter an | kann seine Motivation normalerweise trotz den Fehlern, die er macht, aufrechterhalten | setzt Prioritäten bei Lernaufgaben sinnvoll | kann effektiv von einer Aufgabe zur anderen wechseln | Felix hat ein neues Thema in der Schule angefangen. Wir haben die wichtigsten Grundbegriffe wiederholt und dazu Aufgaben gelöst.",0.18799116540877,-0.06212938111989999,-0.06443332790671003,-0.14427955459124997,0.13504789631447,0.18529387201440994,-0.14105855633457998
2025-11-17,12,0,12,1551,2862,Stochastik (Wahrscheinlichkeitsrechnung): Grundbegriffe,"metakognition, emotionale_stuetzung",0.2931632782140201,-0.4632770848318999,0.04297262043246852,0,0,performanz,performanz,"ist überwiegend in der Lage, die Fehler einer fremden Lösung zu begründen und zu berichtigen | geht schulische Herausforderungen motivierter an | kann seine Motivation normalerweise trotz den Fehlern, die er macht, aufrechterhalten | setzt Prioritäten bei Lernaufgaben sinnvoll | kann effektiv von einer Aufgabe zur anderen wechseln | Felix hat ein neues Thema in der Schule angefangen. Wir haben die wichtigsten Grundbegriffe wiederholt und dazu Aufgaben gelöst.",0.10351093394607003,-0.195905513336883,-0.11451490117312998,-0.12321278148983,0.07437943753143,0.05459017718212,-0.006616933247070023
2025-11-17,12,0,12,1551,2863,Stochastik (Wahrscheinlichkeitsrechnung): Grundbegriffe,"metakognition, emotionale_stuetzung",0.2621643033911791,0.2291338757507999,0.0343652813325761,1,0,performanz,kognition,"ist überwiegend in der Lage, die Fehler einer fremden Lösung zu begründen und zu berichtigen | geht schulische Herausforderungen motivierter an | kann seine Motivation normalerweise trotz den Fehlern, die er macht, aufrechterhalten | setzt Prioritäten bei Lernaufgaben sinnvoll | kann effektiv von einer Aufgabe zur anderen wechseln | Felix hat ein neues Thema in der Schule angefangen. Wir haben die wichtigsten Grundbegriffe wiederholt und dazu Aufgaben gelöst.",0.07563845901333999,0.098837645554103,0.00894458710679999,-0.06764122259138,0.014239560672890006,-0.17508879176991,0.13313855410143005
2025-11-24,12,0,12,1550,2854,Stochastik (Wahrscheinlichkeitsrechnung): Vereinigungs- und Schnittmenge,emotionale_stuetzung,0.1948693879899694,1.527429898637,0.018987137669923215,0,0,kognition,kognition,"kann meistens den Operatoren der Aufgabenstellung entsprechend eine Antwort formulieren | Nachhilfe hat in letzter Zeit merklich zur Organisationsfähigkeit beigetragen | gibt oft zu erkennen, wenn er ein Problem mit einer Aufgabenstellung hat | ist oft fähig, Aufgaben ohne direkte Anleitung zu beenden | ist allgemein motiviert",-0.10095292736416,-0.049409282484852005,-0.099637958456038,0.11171353496108999,0.04366107274552,0.03187550439032,0.003366589417679977
2025-11-24,12,0,12,1550,2855,Stochastik (Wahrscheinlichkeitsrechnung): Vereinigungs- und Schnittmenge,emotionale_stuetzung,0.2847080486859604,-0.8485497602531002,0.04052952501730267,0,0,kognition,kognition,"kann meistens den Operatoren der Aufgabenstellung entsprechend eine Antwort formulieren | Nachhilfe hat in letzter Zeit merklich zur Organisationsfähigkeit beigetragen | gibt oft zu erkennen, wenn er ein Problem mit einer Aufgabenstellung hat | ist oft fähig, Aufgaben ohne direkte Anleitung zu beenden | ist allgemein motiviert",0.09308367473726004,0.005502775602867993,0.219813394667698,-0.07161183003285998,-0.03519806588266999,0.0008195630572200296,-0.13295887989586003
2025-11-24,12,0,12,1550,2856,Stochastik (Wahrscheinlichkeitsrechnung): Vereinigungs- und Schnittmenge,emotionale_stuetzung,0.5245229918364368,-0.4716788168549999,0.1375629349813685,1,0,kognition,regulation,"kann meistens den Operatoren der Aufgabenstellung entsprechend eine Antwort formulieren | Nachhilfe hat in letzter Zeit merklich zur Organisationsfähigkeit beigetragen | gibt oft zu erkennen, wenn er ein Problem mit einer Aufgabenstellung hat | ist oft fähig, Aufgaben ohne direkte Anleitung zu beenden | ist allgemein motiviert",-0.20647780462026005,0.23195088344623405,-0.362899693129854,0.13060235023782002,0.028793514191639946,-0.07023097511510001,0.15548458234259005
2025-11-24,12,0,12,1550,2857,Stochastik (Wahrscheinlichkeitsrechnung): Vereinigungs- und Schnittmenge,emotionale_stuetzung,0.5388054022755561,0.12662581852370014,0.1451564584885261,1,0,regulation,kognition,"kann meistens den Operatoren der Aufgabenstellung entsprechend eine Antwort formulieren | Nachhilfe hat in letzter Zeit merklich zur Organisationsfähigkeit beigetragen | gibt oft zu erkennen, wenn er ein Problem mit einer Aufgabenstellung hat | ist oft fähig, Aufgaben ohne direkte Anleitung zu beenden | ist allgemein motiviert",0.17334619394615997,-0.30609483480163274,0.264812793508034,-0.17907287834500002,0.03229971269000004,0.16256464831801998,-0.19210638455438
2025-12-01,12,0,12,1548,2844,Stochastik (Wahrscheinlichkeitsrechnung): Baumdiagramme,"lob, emotionale_stuetzung",0.2986642231231318,0.6658058102019,0.044600389203743096,1,0,kognition,performanz,"kann sein Wissen in Testsituationen bzw. unter Druck gut anwenden | geht schulische Herausforderungen motivierter an | ist zugänglich für spontane Wiederholungen | kann sich gut auf eine Aufgabe konzentrieren, auch wenn diese als langweilig empfunden wird | ist oft fähig, Aufgaben ohne direkte Anleitung zu beginnen",-0.08276618111582995,0.18213191606670268,0.06278738360799002,0.139988080907,-0.11630473938774,-0.046370050840309984,0.09981057174353997
2025-12-01,12,0,12,1548,2845,Stochastik (Wahrscheinlichkeitsrechnung): Baumdiagramme,"lob, emotionale_stuetzung",0.3322749895323726,-1.894788321485,0.05520370023278354,1,0,performanz,methodik,"kann sein Wissen in Testsituationen bzw. unter Druck gut anwenden | geht schulische Herausforderungen motivierter an | ist zugänglich für spontane Wiederholungen | kann sich gut auf eine Aufgabe konzentrieren, auch wenn diese als langweilig empfunden wird | ist oft fähig, Aufgaben ohne direkte Anleitung zu beginnen",0.06692117240565004,-0.142027919840483,-0.18487072183912,-0.09880817459859997,0.1852701245171,-0.0856700509271,0.012315823688190009
2025-12-01,12,0,12,1548,2847,Stochastik (Wahrscheinlichkeitsrechnung): Baumdiagramme,"lob, emotionale_stuetzung",0.30319017156021605,1.1079544518367,0.0459624694434565,1,0,methodik,performanz,"kann sein Wissen in Testsituationen bzw. unter Druck gut anwenden | geht schulische Herausforderungen motivierter an | ist zugänglich für spontane Wiederholungen | kann sich gut auf eine Aufgabe konzentrieren, auch wenn diese als langweilig empfunden wird | ist oft fähig, Aufgaben ohne direkte Anleitung zu beginnen",-0.06983045678869004,0.05565826662365699,0.18275147521943996,0.05175502600965998,-0.1838379806123,0.11481346140116,0.02991531957342003
2025-12-01,12,0,12,1548,2848,Stochastik (Wahrscheinlichkeitsrechnung): Baumdiagramme,"lob, emotionale_stuetzung",0.2469955363513309,0.4487794772839999,0.0305035641081719,1,0,performanz,methodik,"kann sein Wissen in Testsituationen bzw. unter Druck gut anwenden | geht schulische Herausforderungen motivierter an | ist zugänglich für spontane Wiederholungen | kann sich gut auf eine Aufgabe konzentrieren, auch wenn diese als langweilig empfunden wird | ist oft fähig, Aufgaben ohne direkte Anleitung zu beginnen",0.07107503119811998,-0.075230576195867,-0.12721796739149996,-0.06571790030974001,0.15248780489354002,-0.050612471942329984,-0.06307209142875003
2025-12-08,12,0,12,1547,2840,Stochastik (Wahrscheinlichkeitsrechnung): Baumdiagramme,"lob, metakognition",0.42713855276849033,-1.3495152290249997,0.09122426330158762,1,0,methodik,regulation,"hat sich stark in den zuvor als herausfordernd eingeschätzten Bereichen verbessert | das Zeitmanagement des Schülers hat sich verbessert | kann gut Zusammenhänge zwischen verschiedenen Informationen erkennen | gibt oft zu erkennen, wenn er etwas nicht verstanden hat | lernt weitgehend aus gemachten Fehlern und erkennt Fehler und Korrekturen während des Unterrichts weitgehend als Chance zum Lernen",-0.21466031257974,0.132572819183153,-0.008709113346920011,0.07381814025975003,-0.21726953791075004,0.03569232873837003,0.25453443805651005
2025-12-08,12,0,12,1547,2841,Stochastik (Wahrscheinlichkeitsrechnung): Baumdiagramme,"lob, metakognition",0.32175343571766246,1.5230491765082999,0.051762966771271124,1,0,regulation,performanz,"hat sich stark in den zuvor als herausfordernd eingeschätzten Bereichen verbessert | das Zeitmanagement des Schülers hat sich verbessert | kann gut Zusammenhänge zwischen verschiedenen Informationen erkennen | gibt oft zu erkennen, wenn er etwas nicht verstanden hat | lernt weitgehend aus gemachten Fehlern und erkennt Fehler und Korrekturen während des Unterrichts weitgehend als Chance zum Lernen",0.20687162001176002,-0.125877286327922,0.0035871791160800026,-0.0016143806174599984,0.04714855467911999,0.03594357977596996,-0.20335661730644006
2025-12-08,12,0,12,1547,2842,Stochastik (Wahrscheinlichkeitsrechnung): Baumdiagramme,"lob, metakognition",0.45666989295320165,-1.5052913676428998,0.10427435765704562,1,0,performanz,motivation,"hat sich stark in den zuvor als herausfordernd eingeschätzten Bereichen verbessert | das Zeitmanagement des Schülers hat sich verbessert | kann gut Zusammenhänge zwischen verschiedenen Informationen erkennen | gibt oft zu erkennen, wenn er etwas nicht verstanden hat | lernt weitgehend aus gemachten Fehlern und erkennt Fehler und Korrekturen während des Unterrichts weitgehend als Chance zum Lernen",-0.1537841630538,0.359646260777772,-0.158526570632914,0.09997697524650001,0.028183269915679987,-0.13739749005552998,0.027458209692670044
2025-12-08,12,0,12,1547,2843,Stochastik (Wahrscheinlichkeitsrechnung): Baumdiagramme,"lob, metakognition",0.3250762740155731,2.3279214090417,0.052837605658655584,1,0,motivation,kognition,"hat sich stark in den zuvor als herausfordernd eingeschätzten Bereichen verbessert | das Zeitmanagement des Schülers hat sich verbessert | kann gut Zusammenhänge zwischen verschiedenen Informationen erkennen | gibt oft zu erkennen, wenn er etwas nicht verstanden hat | lernt weitgehend aus gemachten Fehlern und erkennt Fehler und Korrekturen während des Unterrichts weitgehend als Chance zum Lernen",0.12151041662075002,-0.21870424616003,0.184560796624664,-0.06278126407312001,0.013802885588820035,0.06649109768758998,-0.02150569228006005
2025-12-15,12,0,12,1545,2830,Weitere Themen: Beschäftigung mit CAS-Rechner,lob,0.12314221346009344,-0.6581095965178001,0.007582035747202176,1,0,kognition,performanz,"kann sein Wissen in Testsituationen bzw. unter Druck gut anwenden | die Einstellung des Schülers zum Lernen hat sich in letzter Zeit verbessert | ist meistens in der Lage, Aufgaben ohne Hilfe zu bearbeiten | kann sich im Nachhilfeunterricht gut auf seine Aufgaben konzentrieren | bittet aktiv um Feedback",-0.028103307814050016,0.013962681939719973,0.10842492225027003,0.003371578083009974,-0.025785121071210004,0.02073954532187,-0.03628938999553999
2025-12-15,12,0,12,1545,2831,Weitere Themen: Beschäftigung mit CAS-Rechner,lob,0.06793443199965754,-0.06225701583549981,0.0023075544975853512,1,0,performanz,kognition,"kann sein Wissen in Testsituationen bzw. unter Druck gut anwenden | die Einstellung des Schülers zum Lernen hat sich in letzter Zeit verbessert | ist meistens in der Lage, Aufgaben ohne Hilfe zu bearbeiten | kann sich im Nachhilfeunterricht gut auf seine Aufgaben konzentrieren | bittet aktiv um Feedback",0.03205133819591999,0.019131867821460008,-0.0029147559771600107,-0.022005974450780008,0.01299939357376001,-0.0469503278708,0.018859856050169987
2025-12-15,12,0,12,1545,2832,Weitere Themen: Beschäftigung mit CAS-Rechner,lob,0.4252188180827794,-0.7763863519075005,0.09040600412977395,0,0,kognition,kognition,"kann sein Wissen in Testsituationen bzw. unter Druck gut anwenden | die Einstellung des Schülers zum Lernen hat sich in letzter Zeit verbessert | ist meistens in der Lage, Aufgaben ohne Hilfe zu bearbeiten | kann sich im Nachhilfeunterricht gut auf seine Aufgaben konzentrieren | bittet aktiv um Feedback",0.2032558796094,-0.18557981851201,-0.09789864432909001,-0.19776333826822998,0.12698815051767998,-0.034274380908909996,-0.19764365796532998
2025-12-15,12,0,12,1545,2833,Weitere Themen: Beschäftigung mit CAS-Rechner,lob,0.5334781796037392,0.19126123125560035,0.14230029906901231,1,0,kognition,performanz,"kann sein Wissen in Testsituationen bzw. unter Druck gut anwenden | die Einstellung des Schülers zum Lernen hat sich in letzter Zeit verbessert | ist meistens in der Lage, Aufgaben ohne Hilfe zu bearbeiten | kann sich im Nachhilfeunterricht gut auf seine Aufgaben konzentrieren | bittet aktiv um Feedback",-0.28571863301529,0.26827463513659,-0.029759244813400004,0.2487267824786,-0.14128725463655,0.09047245750755001,0.20023629076497
2026-01-05,12,0,12,1541,2822,Stochastik (Wahrscheinlichkeitsrechnung): Baumdiagramme,"lob, strukturierung, aktivierungsfragen, metakognition",0.21834410860409864,-0.25119410449650026,0.023837212665352547,0,0,performanz,performanz,"erkennt und korrigiert eigene Fehler meist selbstständig | die Einstellung des Schülers zum Lernen hat sich in letzter Zeit verbessert | strebt oftmals danach, Aufgaben selbstständig, also ohne Hilfe, zu lösen | antwortet auf spontane Fragen gut | geht strukturiert an Aufgaben heran",0.04825398892839999,-0.17813006969536002,0.09923317371289,-0.02158286390359998,-0.023274527091739994,-0.017669383078580014,0.04948158340036002
2026-01-05,12,0,12,1541,2823,Stochastik (Wahrscheinlichkeitsrechnung): Baumdiagramme,"lob, strukturierung, aktivierungsfragen, metakognition",0.13250385662966377,0.8363192251484004,0.008778683326804315,1,0,performanz,kognition,"erkennt und korrigiert eigene Fehler meist selbstständig | die Einstellung des Schülers zum Lernen hat sich in letzter Zeit verbessert | strebt oftmals danach, Aufgaben selbstständig, also ohne Hilfe, zu lösen | antwortet auf spontane Fragen gut | geht strukturiert an Aufgaben heran",0.034208764477489995,0.09543525307077999,0.02842471542960001,-0.029380580306770043,0.037573631210610026,-0.03852869352006,-0.05207421620000002
2026-01-05,12,0,12,1541,2824,Stochastik (Wahrscheinlichkeitsrechnung): Baumdiagramme,"lob, strukturierung, aktivierungsfragen, metakognition",0.1106797351945645,-0.11752383777590047,0.006125031655226931,0,0,kognition,kognition,"erkennt und korrigiert eigene Fehler meist selbstständig | die Einstellung des Schülers zum Lernen hat sich in letzter Zeit verbessert | strebt oftmals danach, Aufgaben selbstständig, also ohne Hilfe, zu lösen | antwortet auf spontane Fragen gut | geht strukturiert an Aufgaben heran",-0.04911817941845997,0.07857291450146,0.039585426038839966,0.029837173895000013,-0.017795084071320022,-0.02966551655570998,-0.003120024000189958
2026-01-12,12,0,12,1538,2808,Stochastik (Wahrscheinlichkeitsrechnung): Baumdiagramme,metakognition,0.40125742415526294,-0.8589206570574999,0.08050421027364274,0,0,kognition,kognition,versteht die Grundlagen des aktuellen Themas größtenteils | die Lernfortschritte des Schülers im Rahmen der Nachhilfe haben sich verbessert | kann sich nach einer unerwarteten Unterbrechung schnell wieder auf den Unterricht fokussieren | kommuniziert seine Gedanken im Nachhilfeunterricht verständlich und nachvollziehbar | zeigt überwiegend Geduld mit sich selbst und den eigenen Lernfortschritten,0.16961423119009994,-0.254057064440094,-0.22669705094047699,-0.11442982430094001,0.036431964719490006,0.03849198711319002,0.01997203809560999
2026-01-12,12,0,12,1538,2810,Stochastik (Wahrscheinlichkeitsrechnung): Baumdiagramme,metakognition,0.3884880886161777,1.0168424193974999,0.07546191239709532,1,0,kognition,regulation,versteht die Grundlagen des aktuellen Themas größtenteils | die Lernfortschritte des Schülers im Rahmen der Nachhilfe haben sich verbessert | kann sich nach einer unerwarteten Unterbrechung schnell wieder auf den Unterricht fokussieren | kommuniziert seine Gedanken im Nachhilfeunterricht verständlich und nachvollziehbar | zeigt überwiegend Geduld mit sich selbst und den eigenen Lernfortschritten,-0.22523137188829995,0.175146797659344,0.219899310652577,0.12297669536109002,-0.06278111431400002,0.011121963112019961,0.04442164537989002
2026-01-12,12,0,12,1538,2811,Stochastik (Wahrscheinlichkeitsrechnung): Baumdiagramme,metakognition,0.37292707425674393,-0.2511064678057,0.06953764169857368,1,0,regulation,kognition,versteht die Grundlagen des aktuellen Themas größtenteils | die Lernfortschritte des Schülers im Rahmen der Nachhilfe haben sich verbessert | kann sich nach einer unerwarteten Unterbrechung schnell wieder auf den Unterricht fokussieren | kommuniziert seine Gedanken im Nachhilfeunterricht verständlich und nachvollziehbar | zeigt überwiegend Geduld mit sich selbst und den eigenen Lernfortschritten,0.09922492142389,0.21056147762114,-0.21035349411440102,-0.012282736972480002,0.09654797655691,-0.09473306466480996,-0.14898845053368004
2026-01-12,12,0,12,1538,2812,Stochastik (Wahrscheinlichkeitsrechnung): Baumdiagramme,metakognition,0.40390056310937766,-0.9141080949234999,0.08156830556928363,0,0,kognition,kognition,versteht die Grundlagen des aktuellen Themas größtenteils | die Lernfortschritte des Schülers im Rahmen der Nachhilfe haben sich verbessert | kann sich nach einer unerwarteten Unterbrechung schnell wieder auf den Unterricht fokussieren | kommuniziert seine Gedanken im Nachhilfeunterricht verständlich und nachvollziehbar | zeigt überwiegend Geduld mit sich selbst und den eigenen Lernfortschritten,0.12731600093215,-0.15610725841192002,0.273927156985371,-0.04573492157439002,-0.06767799498359,0.025784953860119975,-0.20045917145832998
2026-01-19,12,0,12,1536,2799,Stochastik (Wahrscheinlichkeitsrechnung): Baumdiagramme,"lob, metakognition",0.4342897342816269,0.28849741301669996,0.0943043782218862,1,0,kognition,performanz,"erkennt und korrigiert eigene Fehler meist selbstständig | die Lernfortschritte des Schülers im Rahmen der Nachhilfe haben sich verbessert | findet eine ausgewogene Balance zwischen Arbeitsgeschwindigkeit und Sorgfalt | kann seine Wissenslücken gut darstellen | versucht sich meistens erneut an Aufgaben, mit denen es kurz zuvor Probleme gab",-0.15601436671687002,-0.14955212000070997,-0.12478606405150999,0.049014193898490044,-0.022299379118099982,0.08752837065524999,0.3402481787167
2026-01-19,12,0,12,1536,2801,Stochastik (Wahrscheinlichkeitsrechnung): Baumdiagramme,"lob, metakognition",0.2162957504391341,-0.9104644786373997,0.023392092205418158,0,0,performanz,performanz,"erkennt und korrigiert eigene Fehler meist selbstständig | die Lernfortschritte des Schülers im Rahmen der Nachhilfe haben sich verbessert | findet eine ausgewogene Balance zwischen Arbeitsgeschwindigkeit und Sorgfalt | kann seine Wissenslücken gut darstellen | versucht sich meistens erneut an Aufgaben, mit denen es kurz zuvor Probleme gab",-0.01716720929440002,-0.087819916171526,-0.08857478824022999,-0.03079178775425001,-0.06743707401830001,0.15317007128111,-0.04443358992229002
2026-01-19,12,0,12,1536,2803,Stochastik (Wahrscheinlichkeitsrechnung): Baumdiagramme,"lob, metakognition",0.6977339591255677,-0.2698399438901,0.24341846877262985,1,0,performanz,kognition,"erkennt und korrigiert eigene Fehler meist selbstständig | die Lernfortschritte des Schülers im Rahmen der Nachhilfe haben sich verbessert | findet eine ausgewogene Balance zwischen Arbeitsgeschwindigkeit und Sorgfalt | kann seine Wissenslücken gut darstellen | versucht sich meistens erneut an Aufgaben, mit denen es kurz zuvor Probleme gab",0.16340789799829003,0.34768497984624597,0.25541367595142994,0.012476586255790012,0.06685627486256002,-0.3779616814272,-0.355709272011204
2025-10-27,12,0,17,1792,3397,Weitere Themen: Vokabelübungen,"lob, metakognition, emotionale_stuetzung",0.3051111649664717,-1.1444970728850996,0.046546665403277454,1,0,kognition,performanz,"kann neue Themen weitgehend mit bereits erlerntem Wissen verknüpfen | Beteiligung am Unterricht hat sich verbessert | kann sich gut auf eine Aufgabe konzentrieren, auch wenn diese als uninteressant empfunden wird | kann gut mit Druck umgehen, wenn Aufgaben sich ändern | kann Frustration aufgrund von Fehlern und Rückschlägen normalerweise vermeiden | Maja hat sich für ein Vokabeltest vorbereitet und dazu eigenständig überprüft mit Aufgaben.",-0.10140354036175003,0.269291546987957,-0.044417335756784,0.06984107997030997,0.00038518174353002754,0.0023377791387099722,-0.05861670381987
2025-10-27,12,0,17,1792,3398,Weitere Themen: Vokabelübungen,"lob, metakognition, emotionale_stuetzung",0.32680603341964326,0.26939210763849974,0.053401414347661214,0,0,performanz,performanz,"kann neue Themen weitgehend mit bereits erlerntem Wissen verknüpfen | Beteiligung am Unterricht hat sich verbessert | kann sich gut auf eine Aufgabe konzentrieren, auch wenn diese als uninteressant empfunden wird | kann gut mit Druck umgehen, wenn Aufgaben sich ändern | kann Frustration aufgrund von Fehlern und Rückschlägen normalerweise vermeiden | Maja hat sich für ein Vokabeltest vorbereitet und dazu eigenständig überprüft mit Aufgaben.",0.007671666854019987,-0.215987278952546,0.227373639003369,-0.06722943230903,-0.017630822322189987,0.04476168826700999,0.03949432140623005
2025-10-27,12,0,17,1792,3399,Weitere Themen: Vokabelübungen,"lob, metakognition, emotionale_stuetzung",0.1508036844492642,0.9128065719746998,0.011370934632106589,0,0,performanz,performanz,"kann neue Themen weitgehend mit bereits erlerntem Wissen verknüpfen | Beteiligung am Unterricht hat sich verbessert | kann sich gut auf eine Aufgabe konzentrieren, auch wenn diese als uninteressant empfunden wird | kann gut mit Druck umgehen, wenn Aufgaben sich ändern | kann Frustration aufgrund von Fehlern und Rückschlägen normalerweise vermeiden | Maja hat sich für ein Vokabeltest vorbereitet und dazu eigenständig überprüft mit Aufgaben.",-0.06353162092417003,0.11243595293679601,0.025333736853870026,0.05075975194983001,0.004294344844209985,-0.05177662331677996,0.012084291981629969
2025-10-27,12,0,17,1792,3400,Weitere Themen: Vokabelübungen,"lob, metakognition, emotionale_stuetzung",1.8360483908580172,-2.2505693302432,1.685548686548017,0,1,performanz,performanz,"kann neue Themen weitgehend mit bereits erlerntem Wissen verknüpfen | Beteiligung am Unterricht hat sich verbessert | kann sich gut auf eine Aufgabe konzentrieren, auch wenn diese als uninteressant empfunden wird | kann gut mit Druck umgehen, wenn Aufgaben sich ändern | kann Frustration aufgrund von Fehlern und Rückschlägen normalerweise vermeiden | Maja hat sich für ein Vokabeltest vorbereitet und dazu eigenständig überprüft mit Aufgaben.",-0.61777491658018,-0.11104442640002,-0.53084948088688,-0.69863344271973,-0.50369371988626,-1.34137157953095,-0.392711146915453
2025-10-13,12,1,2,746,1146,Trigonometrie: Satz des Pythagoras und Co-/Sinus,lob,0.16257570040104127,0.4612728850018999,0.01321550866626442,0,0,kognition,kognition,"kann effektiv Lösungsstrategien für komplexe Probleme entwickeln | Vorbereitung auf anstehende Tests hat sich verbessert | ist oft fähig, Aufgaben ohne direkte Anleitung zu beenden | kann sich gut auf eine Aufgabe konzentrieren, auch wenn diese als schwierig empfunden wird | kann längeren Erklärungen gut folgen",-0.0006856402772600356,-0.034936355759459706,0.07497369146333,-0.09889603984630002,0.08242088303326,-0.0001026525649899801,-0.05491034236004
2025-10-13,12,1,2,746,1147,Trigonometrie: Satz des Pythagoras und Co-/Sinus,lob,0.36601227780207196,0.07676100143529974,0.06698286487023575,1,0,kognition,performanz,"kann effektiv Lösungsstrategien für komplexe Probleme entwickeln | Vorbereitung auf anstehende Tests hat sich verbessert | ist oft fähig, Aufgaben ohne direkte Anleitung zu beenden | kann sich gut auf eine Aufgabe konzentrieren, auch wenn diese als schwierig empfunden wird | kann längeren Erklärungen gut folgen",-0.14146231912267998,0.18941456957508268,0.10206778877389,0.14585414432035998,-0.16105087073437002,-0.029273505446669956,0.13996404751553
2025-12-01,12,1,40,1510,2703,Brüche: Bruchrechnung,"lob, aktivierungsfragen",0.2815255711840259,-0.9437427318823999,0.039628503021113204,0,0,kognition,kognition,"stellt häufig Fragen, die ein tieferes Verständnis für das aktuelle Thema zeigen | Geschwindigkeit beim Lösen von Aufgaben hat sich in den letzten Stunden ohne Qualitätsverlust erhöht | arbeitet konsequent auf langfristige Ziele hin, bei denen sofortige Erfolge gelegentlich ausbleiben | kann komplexe Informationen verständlich mit eigenen Worten erklären | kann gut mit Druck umgehen, wenn Aufgaben schwieriger werden | Dmytro arbeitet fleißig mit und kann mit anfänglicher Erklärung seine Aufgaben richtig Lösen.",0.12777672789751,-0.048171413435222,0.021889117466350014,-0.16353267636406002,0.08805150327954997,0.006161646976179991,-0.15998802186556
2025-12-01,12,1,40,1510,2704,Brüche: Bruchrechnung,"lob, aktivierungsfragen",0.522054098031963,0.2461074195262003,0.13627090293423683,1,0,kognition,motivation,"stellt häufig Fragen, die ein tieferes Verständnis für das aktuelle Thema zeigen | Geschwindigkeit beim Lösen von Aufgaben hat sich in den letzten Stunden ohne Qualitätsverlust erhöht | arbeitet konsequent auf langfristige Ziele hin, bei denen sofortige Erfolge gelegentlich ausbleiben | kann komplexe Informationen verständlich mit eigenen Worten erklären | kann gut mit Druck umgehen, wenn Aufgaben schwieriger werden | Dmytro arbeitet fleißig mit und kann mit anfänglicher Erklärung seine Aufgaben richtig Lösen.",-0.26340276881228997,0.281344437885974,0.21364993878353,0.24120692093264998,-0.14082054361982999,-0.0018265279956000136,0.01854543519823998
2025-12-01,12,1,40,1510,2705,Brüche: Bruchrechnung,"lob, aktivierungsfragen",0.5296453503216999,-0.4006584422680004,0.14026279438214517,1,0,motivation,kognition,"stellt häufig Fragen, die ein tieferes Verständnis für das aktuelle Thema zeigen | Geschwindigkeit beim Lösen von Aufgaben hat sich in den letzten Stunden ohne Qualitätsverlust erhöht | arbeitet konsequent auf langfristige Ziele hin, bei denen sofortige Erfolge gelegentlich ausbleiben | kann komplexe Informationen verständlich mit eigenen Worten erklären | kann gut mit Druck umgehen, wenn Aufgaben schwieriger werden | Dmytro arbeitet fleißig mit und kann mit anfänglicher Erklärung seine Aufgaben richtig Lösen.",0.29639004628051,-0.277816342094008,-0.17836363861703003,-0.2596989064057,0.12228752869305998,-0.02069281700026998,-0.029251935499259973
2025-12-01,12,1,40,1510,2706,Brüche: Bruchrechnung,"lob, aktivierungsfragen",0.4791976400382151,-0.06968030954250004,0.11481579244942164,1,0,kognition,performanz,"stellt häufig Fragen, die ein tieferes Verständnis für das aktuelle Thema zeigen | Geschwindigkeit beim Lösen von Aufgaben hat sich in den letzten Stunden ohne Qualitätsverlust erhöht | arbeitet konsequent auf langfristige Ziele hin, bei denen sofortige Erfolge gelegentlich ausbleiben | kann komplexe Informationen verständlich mit eigenen Worten erklären | kann gut mit Druck umgehen, wenn Aufgaben schwieriger werden | Dmytro arbeitet fleißig mit und kann mit anfänglicher Erklärung seine Aufgaben richtig Lösen.",-0.29215012976585003,0.205866327086918,0.16173226764000004,0.20063863619715,-0.1270650747912,0.052101503136100014,0.12893582386587
2026-01-12,12,1,40,1501,2660,Geometrie: Winkel,"lob, strukturierung, aktivierungsfragen, metakognition",0.24092876881881445,0.30745624855910014,0.0290234839318414,1,0,performanz,regulation,"nutz zielgerichtet die im Nachhilfeunterricht vorhandene Hilfsmittel wie Lehrbücher, Arbeitsblätter, Kira oder Tipps des Nachhilfelehrers zum Lösen der Aufgaben | das Zeitmanagement des Schülers hat sich verbessert | ist oft dazu fähig, Aufgaben selbstständig zu beenden | kann seinen Lösungsweg nachvollziehbar erklären | kann sein Vorwissen meistens reaktivieren, um neue Informationen besser zu verstehen | Wir haben heute verschiedene Dreiecke angeschaut und bestimmt. Anschließend haben wir uns auf das Winkel messen und zeichen konzentriert. Dies hat alles bereits gut geklappt.",0.05931879779314003,0.09600818350752002,-0.18035848191531004,-0.01621101069041997,0.0627138273201,-0.08644412445750999,0.03335852088675001
2026-01-12,12,1,40,1501,2661,Geometrie: Winkel,"lob, strukturierung, aktivierungsfragen, metakognition",0.3042973561119843,-1.5289002590827998,0.04629873553503694,0,0,regulation,regulation,"nutz zielgerichtet die im Nachhilfeunterricht vorhandene Hilfsmittel wie Lehrbücher, Arbeitsblätter, Kira oder Tipps des Nachhilfelehrers zum Lösen der Aufgaben | das Zeitmanagement des Schülers hat sich verbessert | ist oft dazu fähig, Aufgaben selbstständig zu beenden | kann seinen Lösungsweg nachvollziehbar erklären | kann sein Vorwissen meistens reaktivieren, um neue Informationen besser zu verstehen | Wir haben heute verschiedene Dreiecke angeschaut und bestimmt. Anschließend haben wir uns auf das Winkel messen und zeichen konzentriert. Dies hat alles bereits gut geklappt.",-0.11937386963664004,-0.16717465660558,-0.010998677174739985,-0.03745641548041001,-0.10085360661027998,0.09906017444657,0.16997373998828003
2026-01-12,12,1,40,1501,2662,Geometrie: Winkel,"lob, strukturierung, aktivierungsfragen, metakognition",0.33879316830098893,0.317411209856,0.057390830648127666,1,0,regulation,performanz,"nutz zielgerichtet die im Nachhilfeunterricht vorhandene Hilfsmittel wie Lehrbücher, Arbeitsblätter, Kira oder Tipps des Nachhilfelehrers zum Lösen der Aufgaben | das Zeitmanagement des Schülers hat sich verbessert | ist oft dazu fähig, Aufgaben selbstständig zu beenden | kann seinen Lösungsweg nachvollziehbar erklären | kann sein Vorwissen meistens reaktivieren, um neue Informationen besser zu verstehen | Wir haben heute verschiedene Dreiecke angeschaut und bestimmt. Anschließend haben wir uns auf das Winkel messen und zeichen konzentriert. Dies hat alles bereits gut geklappt.",0.11267388684703,-0.05451792637669001,0.1679964462872,-0.09029093325607002,0.0651080666992,0.09353571237366998,-0.22304697572900006
2026-01-12,12,1,40,1501,2663,Geometrie: Winkel,"lob, strukturierung, aktivierungsfragen, metakognition",0.30457981735003475,0.14835113089719965,0.04638474813723792,1,0,performanz,kognition,"nutz zielgerichtet die im Nachhilfeunterricht vorhandene Hilfsmittel wie Lehrbücher, Arbeitsblätter, Kira oder Tipps des Nachhilfelehrers zum Lösen der Aufgaben | das Zeitmanagement des Schülers hat sich verbessert | ist oft dazu fähig, Aufgaben selbstständig zu beenden | kann seinen Lösungsweg nachvollziehbar erklären | kann sein Vorwissen meistens reaktivieren, um neue Informationen besser zu verstehen | Wir haben heute verschiedene Dreiecke angeschaut und bestimmt. Anschließend haben wir uns auf das Winkel messen und zeichen konzentriert. Dies hat alles bereits gut geklappt.",0.13475640173445003,-0.066173977830684,-0.22573847852099702,0.06607516119134998,0.056878728088499975,-0.10782064099581001,-0.006805442048669952
2026-01-12,12,1,40,1501,2664,Geometrie: Winkel,"lob, strukturierung, aktivierungsfragen, metakognition",0.09782221938811159,1.6294727515736005,0.004784619467474993,0,0,kognition,kognition,"nutz zielgerichtet die im Nachhilfeunterricht vorhandene Hilfsmittel wie Lehrbücher, Arbeitsblätter, Kira oder Tipps des Nachhilfelehrers zum Lösen der Aufgaben | das Zeitmanagement des Schülers hat sich verbessert | ist oft dazu fähig, Aufgaben selbstständig zu beenden | kann seinen Lösungsweg nachvollziehbar erklären | kann sein Vorwissen meistens reaktivieren, um neue Informationen besser zu verstehen | Wir haben heute verschiedene Dreiecke angeschaut und bestimmt. Anschließend haben wir uns auf das Winkel messen und zeichen konzentriert. Dies hat alles bereits gut geklappt.",-0.03104816267811006,0.023812914820326,0.027051697293257,0.02510081870369002,-0.032391816314019994,-0.027091099908920002,0.06995098572323
2026-01-12,12,1,40,1501,2665,Geometrie: Winkel,"lob, strukturierung, aktivierungsfragen, metakognition",0.28826405254749304,-3.1500193112499004,0.04154844929679624,1,0,kognition,regulation,"nutz zielgerichtet die im Nachhilfeunterricht vorhandene Hilfsmittel wie Lehrbücher, Arbeitsblätter, Kira oder Tipps des Nachhilfelehrers zum Lösen der Aufgaben | das Zeitmanagement des Schülers hat sich verbessert | ist oft dazu fähig, Aufgaben selbstständig zu beenden | kann seinen Lösungsweg nachvollziehbar erklären | kann sein Vorwissen meistens reaktivieren, um neue Informationen besser zu verstehen | Wir haben heute verschiedene Dreiecke angeschaut und bestimmt. Anschließend haben wir uns auf das Winkel messen und zeichen konzentriert. Dies hat alles bereits gut geklappt.",-0.17836836642895998,-0.025365980265228003,-0.027485042027856996,0.018665789570699975,-0.07722138849568999,-0.03572904065749999,0.20565483332679996
2025-12-15,12,1,43,1167,1816,Brüche: Kürzen und Erweitern,"lob, aktivierungsfragen, metakognition, emotionale_stuetzung",0.3042811649098972,-0.11251031189289984,0.04629375441153982,1,0,kognition,regulation,kann erlerntes Wissen weitgehend in eigenen Worten wiedergeben | das selbstständige Lernverhalten hat sich in den letzten Wochen verbessert | zeigt sich meistens frustriert nach gemachten Fehlern und Rückschlägen | findet meistens Lösungen für unerwartete Fragen oder Aufgabenstellungen | kann den Ausführungen gut folgen,-0.12402737324084001,0.16549243682222298,0.12771266059524,-0.02180972124453001,-0.050165526158029994,-0.06124752601772998,0.16359237233275997
2025-12-15,12,1,43,1167,1817,Brüche: Kürzen und Erweitern,"lob, aktivierungsfragen, metakognition, emotionale_stuetzung",0.2961326903027536,-0.36394661867909983,0.043847528785907364,1,0,regulation,kognition,kann erlerntes Wissen weitgehend in eigenen Worten wiedergeben | das selbstständige Lernverhalten hat sich in den letzten Wochen verbessert | zeigt sich meistens frustriert nach gemachten Fehlern und Rückschlägen | findet meistens Lösungen für unerwartete Fragen oder Aufgabenstellungen | kann den Ausführungen gut folgen,0.08226999958708003,-0.14362226264411798,-0.2185239478841,0.008317735457120001,0.08814107568865998,0.0016587642114300194,-0.06859564025957998
2025-12-15,12,1,43,1167,1818,Brüche: Kürzen und Erweitern,"lob, aktivierungsfragen, metakognition, emotionale_stuetzung",0.2682362751845396,1.5682590703627,0.03597552668593251,1,0,kognition,regulation,kann erlerntes Wissen weitgehend in eigenen Worten wiedergeben | das selbstständige Lernverhalten hat sich in den letzten Wochen verbessert | zeigt sich meistens frustriert nach gemachten Fehlern und Rückschlägen | findet meistens Lösungen für unerwartete Fragen oder Aufgabenstellungen | kann den Ausführungen gut folgen,-0.10119135735195,0.120017116217538,0.16812500545229,0.11386139348965002,-0.07273719975197995,0.025687893092479985,-0.011220422092970028
2026-01-26,12,1,43,1163,1796,Brüche: Umwandlung Dezimalzahlen und Brüche,"lob, metakognition, emotionale_stuetzung",0.2884536328161314,-1.7957344213161002,0.04160296249067297,1,0,regulation,kognition,"versteht die Grundlagen des aktuellen Themas größtenteils | wendet meistens die in der Nachhilfe gelernten Lernstrategien auch außerhalb der Nachhilfestunde an | kann längeren Erklärungen gut folgen | zeigt sich meistens frustriert nach gemachten Fehlern und Rückschlägen | strebt oftmals danach, Aufgaben selbstständig, also ohne Hilfe, zu lösen",0.18119418500980994,-0.149042027854854,-0.098025206393157,-0.13068504466561004,-0.0002947123331800139,0.0035650834668600195,-0.03821414493624997
2026-01-26,12,1,43,1163,1797,Brüche: Umwandlung Dezimalzahlen und Brüche,"lob, metakognition, emotionale_stuetzung",0.25852197341491717,1.5310869672899998,0.03341698048151365,1,0,kognition,methodik,"versteht die Grundlagen des aktuellen Themas größtenteils | wendet meistens die in der Nachhilfe gelernten Lernstrategien auch außerhalb der Nachhilfestunde an | kann längeren Erklärungen gut folgen | zeigt sich meistens frustriert nach gemachten Fehlern und Rückschlägen | strebt oftmals danach, Aufgaben selbstständig, also ohne Hilfe, zu lösen",-0.15590863328309995,0.16518394810564402,-0.015424839340713009,0.11241480269311,0.04835677914492997,0.0030847798397399817,0.004179067506279999
2026-01-26,12,1,43,1163,1798,Brüche: Umwandlung Dezimalzahlen und Brüche,"lob, metakognition, emotionale_stuetzung",0.20032635103700375,-1.3036116163365996,0.0200654244427958,1,0,methodik,kognition,"versteht die Grundlagen des aktuellen Themas größtenteils | wendet meistens die in der Nachhilfe gelernten Lernstrategien auch außerhalb der Nachhilfestunde an | kann längeren Erklärungen gut folgen | zeigt sich meistens frustriert nach gemachten Fehlern und Rückschlägen | strebt oftmals danach, Aufgaben selbstständig, also ohne Hilfe, zu lösen",0.07590580562524002,-0.136159036468328,-0.05467495971842,-0.09559115151714997,0.024675132940229993,-0.03233775639907999,0.04525549952294
2026-01-26,12,1,43,1163,1799,Brüche: Umwandlung Dezimalzahlen und Brüche,"lob, metakognition, emotionale_stuetzung",0.41613697878936107,0.6314453061040997,0.08658545863897449,0,0,kognition,kognition,"versteht die Grundlagen des aktuellen Themas größtenteils | wendet meistens die in der Nachhilfe gelernten Lernstrategien auch außerhalb der Nachhilfestunde an | kann längeren Erklärungen gut folgen | zeigt sich meistens frustriert nach gemachten Fehlern und Rückschlägen | strebt oftmals danach, Aufgaben selbstständig, also ohne Hilfe, zu lösen",-0.08961140353224001,0.225032152802778,0.29679684999961,0.09760617312497999,-0.10946387680464997,-0.009239010553850013,-0.06940660512482999
2026-01-05,12,2,23,1420,2422,Stochastik (Wahrscheinlichkeitsrechnung): Baumdiagramme,"lob, metakognition",0.2705886860083915,-1.0346363484498,0.036609364188614824,0,0,regulation,regulation,"müssen ab und zu an grundlegende Vorgehensweisen des Faches MAT erinnert werden | das Zeitmanagement des Schülers hat sich verbessert | kann seine Wissenslücken gut darstellen | offen für neue Strategien oder Herangehensweisen beim Lernen, besonders nach Misserfolgen | ist offen für neue Lernmethoden",-0.1439340545055,0.10583641558907501,0.101528574699838,-0.027003809628349973,-0.11506429605133,0.03317516807901005,0.12618334623368005
2026-01-05,12,2,23,1420,2424,Stochastik (Wahrscheinlichkeitsrechnung): Baumdiagramme,"lob, metakognition",0.33416423962975306,1.7906313661811,0.05583321710097189,1,0,regulation,kognition,"müssen ab und zu an grundlegende Vorgehensweisen des Faches MAT erinnert werden | das Zeitmanagement des Schülers hat sich verbessert | kann seine Wissenslücken gut darstellen | offen für neue Strategien oder Herangehensweisen beim Lernen, besonders nach Misserfolgen | ist offen für neue Lernmethoden",0.19340250618457,0.10981859554216,-0.084876561020033,0.0077524685835400065,0.10159151531368998,-0.05333062854709003,-0.20438190335086004
2026-01-12,12,2,23,1419,2416,Prüfungsvorbereitung: Mittelwert und Standardabweichung,lob,0.13292433919826546,0.09820677233000019,0.00883448023095934,1,0,kognition,performanz,"der Schüler ist sicher nach der heutigen Nachhilfestunde im Umgang mit den behandelten Themen und Aufgaben | die Lernfortschritte des Schülers im Rahmen der Nachhilfe haben sich verbessert | kann die Vorgehensweise einer behandelten Beispielaufgabe zuverlässig auf andere Aufgaben übertragen | kann bereits erlernten Stoff gut spontan abrufen | versucht sich meistens erneut an Aufgaben, mit denen es kurz zuvor Probleme gab",-0.02868547653986997,-0.04967847528417002,0.096729839984273,0.029598682983970004,-0.004557453724000016,0.048772083077609996,-0.041783274530269976
2026-01-12,12,2,23,1419,2418,Prüfungsvorbereitung: Mittelwert und Standardabweichung,lob,0.19112894081248208,-0.6295867832630004,0.0182652251054376,0,0,performanz,performanz,"der Schüler ist sicher nach der heutigen Nachhilfestunde im Umgang mit den behandelten Themen und Aufgaben | die Lernfortschritte des Schülers im Rahmen der Nachhilfe haben sich verbessert | kann die Vorgehensweise einer behandelten Beispielaufgabe zuverlässig auf andere Aufgaben übertragen | kann bereits erlernten Stoff gut spontan abrufen | versucht sich meistens erneut an Aufgaben, mit denen es kurz zuvor Probleme gab",-0.005128586244240008,-0.182376867224175,-0.004882676981169981,-0.020126442286160007,0.00742395131632001,0.051263178047280034,0.011432638823889951
2026-01-12,12,2,23,1419,2419,Prüfungsvorbereitung: Mittelwert und Standardabweichung,lob,0.23021047586714427,-0.10663828300639988,0.02649857272896905,0,0,performanz,performanz,"der Schüler ist sicher nach der heutigen Nachhilfestunde im Umgang mit den behandelten Themen und Aufgaben | die Lernfortschritte des Schülers im Rahmen der Nachhilfe haben sich verbessert | kann die Vorgehensweise einer behandelten Beispielaufgabe zuverlässig auf andere Aufgaben übertragen | kann bereits erlernten Stoff gut spontan abrufen | versucht sich meistens erneut an Aufgaben, mit denen es kurz zuvor Probleme gab",0.009524787097939968,0.149149875490305,0.12776210892576997,0.03649019996420999,-0.09688634344309,-0.010178640976630016,-0.059289095308079964
2026-01-12,12,2,23,1419,2420,Prüfungsvorbereitung: Mittelwert und Standardabweichung,lob,0.47225857093233775,-1.5439241143637998,0.11151489666049352,1,0,performanz,kognition,"der Schüler ist sicher nach der heutigen Nachhilfestunde im Umgang mit den behandelten Themen und Aufgaben | die Lernfortschritte des Schülers im Rahmen der Nachhilfe haben sich verbessert | kann die Vorgehensweise einer behandelten Beispielaufgabe zuverlässig auf andere Aufgaben übertragen | kann bereits erlernten Stoff gut spontan abrufen | versucht sich meistens erneut an Aufgaben, mit denen es kurz zuvor Probleme gab",0.12146459768858003,0.18567596013082,0.1388130327537,-0.025702596249099985,0.030622882856900013,-0.2839625033681,-0.26888064520737404
2026-01-19,12,2,23,1418,2412,Stochastik (Wahrscheinlichkeitsrechnung): Baumdiagramme,"lob, emotionale_stuetzung",0.6780287363650156,1.5775011779679997,0.2298631637029831,1,0,kognition,performanz,kann erlerntes Wissen zuverlässig abrufen | die Einstellung des Schülers zum Lernen hat sich in letzter Zeit verbessert | kann sich schnell wieder motivieren nach Rückschlägen oder Misserfolgen weiterzuarbeiten | kann gut Kerninformationen aus (Sach-)Texten entnehmen | ist offen für neue Lösungsansätze,-0.15094225314674004,-0.330918112796211,-0.30538771759941996,0.012548818472229994,0.010787785337020017,0.30736476959432,0.373395229440924
2026-01-19,12,2,23,1418,2413,Stochastik (Wahrscheinlichkeitsrechnung): Baumdiagramme,"lob, emotionale_stuetzung",0.27152567375400155,0.43912246970790036,0.036863282706002476,1,0,performanz,kognition,kann erlerntes Wissen zuverlässig abrufen | die Einstellung des Schülers zum Lernen hat sich in letzter Zeit verbessert | kann sich schnell wieder motivieren nach Rückschlägen oder Misserfolgen weiterzuarbeiten | kann gut Kerninformationen aus (Sach-)Texten entnehmen | ist offen für neue Lösungsansätze,0.03891032892034002,0.166488302192271,0.16697354531782,-0.02361419728054004,0.027366645029330006,-0.12110185296829001,-0.025326583707430017
2026-01-19,12,2,23,1418,2414,Stochastik (Wahrscheinlichkeitsrechnung): Baumdiagramme,"lob, emotionale_stuetzung",0.3994963250348667,-1.8199149406823003,0.07979918676351949,1,0,kognition,performanz,kann erlerntes Wissen zuverlässig abrufen | die Einstellung des Schülers zum Lernen hat sich in letzter Zeit verbessert | kann sich schnell wieder motivieren nach Rückschlägen oder Misserfolgen weiterzuarbeiten | kann gut Kerninformationen aus (Sach-)Texten entnehmen | ist offen für neue Lösungsansätze,-0.28175021053753,0.12711338992378,0.14572799590900998,0.10350289850554001,-0.16309666719970004,0.06390895411636999,-0.03770865446954996
2026-01-19,12,2,23,1418,2415,Stochastik (Wahrscheinlichkeitsrechnung): Baumdiagramme,"lob, emotionale_stuetzung",0.49889768845281485,0.11731426284449986,0.12445048341353615,0,0,performanz,performanz,kann erlerntes Wissen zuverlässig abrufen | die Einstellung des Schülers zum Lernen hat sich in letzter Zeit verbessert | kann sich schnell wieder motivieren nach Rückschlägen oder Misserfolgen weiterzuarbeiten | kann gut Kerninformationen aus (Sach-)Texten entnehmen | ist offen für neue Lösungsansätze,0.22664629651288,-0.310828142939462,-0.25938660861274,-0.10509581028645998,0.056461069236050015,0.13304945728618,0.0412270892321
2025-09-11,18,0,8,449,722,Statistik: Übungsaufgaben zur Arbeit mit Statistiken,"lob, metakognition",0.25580587144268013,0.19803414485780024,0.03271847328297384,1,0,performanz,kognition,"kann Gelerntes sehr gut auf andere Fächer oder den Alltag übertragen | hat in letzter Zeit ein besseres Verständnis für die Anforderungen der Lehrkraft in der Schule entwickelt | versteht vollkommen, dass es trotz (kleinen) Erfolgen wichtig sein kann, weiter zu üben | verhält sich offen, wenn die Lehrkraft über Rückschläge sprechen will (bzw. wenn er selbst darüber sprechen soll) | kann komplexe Informationen verständlich mit eigenen Worten erklären",0.14315863510528998,-0.0003334308594499999,0.020816930871789985,-0.12517464394533,0.08785349471611997,-0.12172595433074007,-0.07940187210561
2025-09-11,18,0,8,449,723,Statistik: Übungsaufgaben zur Arbeit mit Statistiken,"lob, metakognition",0.45009055113488095,-0.8117805658016004,0.10129126137632627,1,0,kognition,motivation,"kann Gelerntes sehr gut auf andere Fächer oder den Alltag übertragen | hat in letzter Zeit ein besseres Verständnis für die Anforderungen der Lehrkraft in der Schule entwickelt | versteht vollkommen, dass es trotz (kleinen) Erfolgen wichtig sein kann, weiter zu üben | verhält sich offen, wenn die Lehrkraft über Rückschläge sprechen will (bzw. wenn er selbst darüber sprechen soll) | kann komplexe Informationen verständlich mit eigenen Worten erklären",-0.22474081566019,-0.006626156454623999,0.061389085955569994,0.27799019565811,-0.19356832825616999,0.008390049468360028,0.18287401307312
2025-09-11,18,0,8,449,724,Statistik: Übungsaufgaben zur Arbeit mit Statistiken,"lob, metakognition",0.30097564979471436,-0.25965923922049994,0.045293431314069044,0,0,motivation,motivation,"kann Gelerntes sehr gut auf andere Fächer oder den Alltag übertragen | hat in letzter Zeit ein besseres Verständnis für die Anforderungen der Lehrkraft in der Schule entwickelt | versteht vollkommen, dass es trotz (kleinen) Erfolgen wichtig sein kann, weiter zu üben | verhält sich offen, wenn die Lehrkraft über Rückschläge sprechen will (bzw. wenn er selbst darüber sprechen soll) | kann komplexe Informationen verständlich mit eigenen Worten erklären",0.019054907686380018,0.27606540951332303,0.025169890525010008,0.010200179543199961,-0.02254087294877999,-0.03334280713537002,-0.10795249482962999
2025-09-11,18,0,8,449,725,Statistik: Übungsaufgaben zur Arbeit mit Statistiken,"lob, metakognition",0.5353032583842141,0.4877885546031,0.14327558947674268,1,0,motivation,kognition,"kann Gelerntes sehr gut auf andere Fächer oder den Alltag übertragen | hat in letzter Zeit ein besseres Verständnis für die Anforderungen der Lehrkraft in der Schule entwickelt | versteht vollkommen, dass es trotz (kleinen) Erfolgen wichtig sein kann, weiter zu üben | verhält sich offen, wenn die Lehrkraft über Rückschläge sprechen will (bzw. wenn er selbst darüber sprechen soll) | kann komplexe Informationen verständlich mit eigenen Worten erklären",0.23901422610741002,-0.27722315102093803,-0.12809080822848,-0.31020378678175,0.18781791131824999,0.029640293981670007,-0.06149262856165999
2025-09-25,18,0,8,445,700,Statistik: Übung zu kommender Leistungskontrolle,"regelhinweise, metakognition",0.2827632336251669,0.7732039471031,0.03997771385956639,0,0,kognition,kognition,"kann stets den Operatoren der Aufgabenstellung entsprechend eine Antwort formulieren | Prüfungsangst des Schülers hat sich verringert | kann komplexe Informationen verständlich mit eigenen Worten erklären | strebt oftmals danach, Aufgaben selbstständig, also ohne Hilfe, zu lösen | findet in der Regel einen angemessenen Ausgleich zwischen zügigem und genauem Arbeiten",-0.16141821034568005,0.04565289576329,-0.06728791104869998,0.15212300783889998,-0.007847642265659982,0.0007899989240400251,0.15518936398059996
2025-09-25,18,0,8,445,701,Statistik: Übung zu kommender Leistungskontrolle,"regelhinweise, metakognition",1.9474814553451747,-2.1777434209857,1.8963539018419522,1,1,kognition,performanz,"kann stets den Operatoren der Aufgabenstellung entsprechend eine Antwort formulieren | Prüfungsangst des Schülers hat sich verringert | kann komplexe Informationen verständlich mit eigenen Worten erklären | strebt oftmals danach, Aufgaben selbstständig, also ohne Hilfe, zu lösen | findet in der Regel einen angemessenen Ausgleich zwischen zügigem und genauem Arbeiten",-0.70325810140573,-0.223709040812612,-0.39674789338697003,-0.74890519208929,-0.71688403209891,-1.02774688266305,-0.9795979169189599
2025-09-25,18,0,8,445,702,Statistik: Übung zu kommender Leistungskontrolle,"regelhinweise, metakognition",1.9000982135602635,1.4045394738826,1.80519871880943,1,1,performanz,kognition,"kann stets den Operatoren der Aufgabenstellung entsprechend eine Antwort formulieren | Prüfungsangst des Schülers hat sich verringert | kann komplexe Informationen verständlich mit eigenen Worten erklären | strebt oftmals danach, Aufgaben selbstständig, also ohne Hilfe, zu lösen | findet in der Regel einen angemessenen Ausgleich zwischen zügigem und genauem Arbeiten",0.86467631175141,0.17805614504932202,0.46403580443567,0.59678218425039,0.72473167436457,1.02695688373901,0.82440855293836
2025-09-25,18,0,8,445,703,Statistik: Übung zu kommender Leistungskontrolle,"regelhinweise, metakognition",0.44910345364915805,0.2166644477116999,0.10084746710961368,0,0,kognition,kognition,"kann stets den Operatoren der Aufgabenstellung entsprechend eine Antwort formulieren | Prüfungsangst des Schülers hat sich verringert | kann komplexe Informationen verständlich mit eigenen Worten erklären | strebt oftmals danach, Aufgaben selbstständig, also ohne Hilfe, zu lösen | findet in der Regel einen angemessenen Ausgleich zwischen zügigem und genauem Arbeiten",-0.22277747706723,0.261432046541318,0.14509210596973,0.19375531810947,-0.10665095546652997,-0.026121558571449988,0.11431442690151
2025-09-25,18,0,8,445,704,Statistik: Übung zu kommender Leistungskontrolle,"regelhinweise, metakognition",0.34227928720744,0.1654270514423004,0.05857783828630214,1,0,kognition,performanz,"kann stets den Operatoren der Aufgabenstellung entsprechend eine Antwort formulieren | Prüfungsangst des Schülers hat sich verringert | kann komplexe Informationen verständlich mit eigenen Worten erklären | strebt oftmals danach, Aufgaben selbstständig, also ohne Hilfe, zu lösen | findet in der Regel einen angemessenen Ausgleich zwischen zügigem und genauem Arbeiten",-0.030220935929990034,-0.229884159953501,-0.21377487025412698,-0.008615112641760014,0.07644320317233999,0.08353546383089,0.06927789069056
2025-10-02,18,0,8,442,692,Prüfungsvorbereitung: Übungen zu linearen Gleichungen und Wdh. von Geometrie + Prozentrechnung,ohne_klassifizierte_intervention,0.2454816924167763,0.4129367277435998,0.030130766991116498,1,0,performanz,kognition,"nutzt oft die gegebenen Tipps | konnte in den vergangenen Wochen einige neue Lernstrategien durch die Nachhilfe entwickeln | versucht sich oftmals erneut an Aufgaben, mit denen es kurz zuvor Probleme gab | setzt Prioritäten bei Lernaufgaben sinnvoll | vertraut oft den eigenen Fähigkeiten",0.16545797249041005,-0.003543549039967002,0.071072674093797,-0.09447722653190999,0.04489381911699003,-0.06270912067512002,-0.11378578015116003
2025-10-02,18,0,8,442,693,Prüfungsvorbereitung: Übungen zu linearen Gleichungen und Wdh. von Geometrie + Prozentrechnung,ohne_klassifizierte_intervention,0.5533927372924036,-2.4570813847428,0.1531227938035541,0,0,kognition,kognition,"nutzt oft die gegebenen Tipps | konnte in den vergangenen Wochen einige neue Lernstrategien durch die Nachhilfe entwickeln | versucht sich oftmals erneut an Aufgaben, mit denen es kurz zuvor Probleme gab | setzt Prioritäten bei Lernaufgaben sinnvoll | vertraut oft den eigenen Fähigkeiten",0.03083130450401994,0.315839970329298,0.23936307171086002,0.07989302605484,-0.13847111155276004,-0.17763425233073,-0.301881290321437
2025-10-02,18,0,8,442,694,Prüfungsvorbereitung: Übungen zu linearen Gleichungen und Wdh. von Geometrie + Prozentrechnung,ohne_klassifizierte_intervention,0.4806534887455635,1.2930087179949,0.11551475091329033,1,0,kognition,performanz,"nutzt oft die gegebenen Tipps | konnte in den vergangenen Wochen einige neue Lernstrategien durch die Nachhilfe entwickeln | versucht sich oftmals erneut an Aufgaben, mit denen es kurz zuvor Probleme gab | setzt Prioritäten bei Lernaufgaben sinnvoll | vertraut oft den eigenen Fähigkeiten",-0.20438384838447998,-0.14713063370529003,-0.11263715174371003,0.07460286002777,-0.019940712800079974,0.27526367837911,0.270531247824127
2025-10-09,18,0,8,440,682,Stochastik (Wahrscheinlichkeitsrechnung): Wdh. von Wahrscheinlichkeitsrechnung,lob,0.2861091399684367,0.31131490303239984,0.04092944604771076,0,0,performanz,performanz,"erinnert sich gut an den zuvor behandelten Stoff | Vorbereitung auf anstehende Tests hat sich verbessert | setzt Prioritäten bei Lernaufgaben sehr sinnvoll | kann sehr gut mit Druck umgehen, wenn Aufgaben sich ändern | kann komplexe Informationen verständlich mit eigenen Worten erklären",0.043127154525370026,-0.18214657509649898,-0.17798581184951,-0.05878685346370999,0.019277592000840005,0.04688285380456003,0.09548111228161998
2025-10-09,18,0,8,440,684,Stochastik (Wahrscheinlichkeitsrechnung): Wdh. von Wahrscheinlichkeitsrechnung,lob,0.2786349289300808,-0.024139367316899918,0.038818917673459574,0,0,performanz,performanz,"erinnert sich gut an den zuvor behandelten Stoff | Vorbereitung auf anstehende Tests hat sich verbessert | setzt Prioritäten bei Lernaufgaben sehr sinnvoll | kann sehr gut mit Druck umgehen, wenn Aufgaben sich ändern | kann komplexe Informationen verständlich mit eigenen Worten erklären",-0.052174235458770035,0.165516425533879,0.18387058682202,0.049831459944690015,-0.026509749511110015,-0.022008051582789956,-0.10020427835449996
2025-10-09,18,0,8,440,685,Stochastik (Wahrscheinlichkeitsrechnung): Wdh. von Wahrscheinlichkeitsrechnung,lob,0.1346908537277431,0.7367147435826005,0.009070857343361771,0,0,performanz,performanz,"erinnert sich gut an den zuvor behandelten Stoff | Vorbereitung auf anstehende Tests hat sich verbessert | setzt Prioritäten bei Lernaufgaben sehr sinnvoll | kann sehr gut mit Druck umgehen, wenn Aufgaben sich ändern | kann komplexe Informationen verständlich mit eigenen Worten erklären",-0.007525904078290013,-0.010040350523189995,0.0005020879784899956,-0.04981559215541004,0.04494542828110998,-0.053661356856180065,0.10296941366217999
2025-10-09,18,0,8,440,686,Stochastik (Wahrscheinlichkeitsrechnung): Wdh. von Wahrscheinlichkeitsrechnung,lob,0.43940765203401727,-0.6548458394478005,0.09654000838687149,1,0,performanz,kognition,"erinnert sich gut an den zuvor behandelten Stoff | Vorbereitung auf anstehende Tests hat sich verbessert | setzt Prioritäten bei Lernaufgaben sehr sinnvoll | kann sehr gut mit Druck umgehen, wenn Aufgaben sich ändern | kann komplexe Informationen verständlich mit eigenen Worten erklären",0.27766596939896004,-0.170043174086048,-0.13550269272755,-0.18638787934398,0.1060124867592,-0.06354765599828999,-0.1367027425329
2025-10-23,18,0,8,438,673,Weitere Themen: Übungsaufgaben zum Lösen linearer Gleichungen,metakognition,0.3750277421410275,-0.5021309396608,0.07032329737556098,1,0,kognition,performanz,erkennt und korrigiert eigene Fehler meist selbstständig | Zuverlässigkeit bei den Hausaufgaben hat sich verbessert | ist offen für andere Lösungsansätze | Erfolge fördern die Motivation normalerweise | muss selten an formale Vorgehensweisen erinnert werden,-0.20786806212626002,0.08742387896907801,0.07708196450129001,0.19329872452124003,-0.12642950260581998,0.04207265150431999,0.16950866710169998
2025-10-23,18,0,8,438,675,Weitere Themen: Übungsaufgaben zum Lösen linearer Gleichungen,metakognition,0.22825886104288132,-0.15452109222830002,0.02605121364853691,0,0,performanz,performanz,erkennt und korrigiert eigene Fehler meist selbstständig | Zuverlässigkeit bei den Hausaufgaben hat sich verbessert | ist offen für andere Lösungsansätze | Erfolge fördern die Motivation normalerweise | muss selten an formale Vorgehensweisen erinnert werden,-0.08709505564766001,0.11147061779709999,0.06047237501453001,0.05884904693456999,-0.09649343606471,0.08163545743258999,-0.09484413906747002
2025-10-23,18,0,8,438,676,Weitere Themen: Übungsaufgaben zum Lösen linearer Gleichungen,metakognition,0.4279273686365796,-1.0139053216344998,0.09156162576006899,1,0,performanz,regulation,erkennt und korrigiert eigene Fehler meist selbstständig | Zuverlässigkeit bei den Hausaufgaben hat sich verbessert | ist offen für andere Lösungsansätze | Erfolge fördern die Motivation normalerweise | muss selten an formale Vorgehensweisen erinnert werden,0.05185854453300004,-0.169909860483881,-0.273438147013399,-0.07986194399898,0.21164608478060998,-0.09370969684003999,0.12977380579787
2025-10-30,18,0,8,437,670,Weitere Themen: Selina wollte Physik eigenständig lernen,aktivierungsfragen,0.2391680255750414,1.8048694282289,0.028600875934369108,1,0,regulation,kognition,"zeigt von Stunde zu Stunde meistens Fortschritte | Einfluss der Nachhilfe auf die gesamte schulische Entwicklung positiv | benötigt wenig Zeit, um nach einer Ablenkung die Arbeit wieder aufzunehmen | formuliert Fragen verständlich | hat geplante Zeit überwiegend sinnvoll genutzt",0.12106678787758002,-0.027702623896704002,0.12628641883032898,-0.08328302270964999,0.005080214807830052,0.033987441199580026,-0.13308443096497996
2025-10-30,18,0,8,437,671,Weitere Themen: Selina wollte Physik eigenständig lernen,aktivierungsfragen,0.6647317598975129,-2.3531092295744003,0.2209360738644608,0,0,kognition,kognition,"zeigt von Stunde zu Stunde meistens Fortschritte | Einfluss der Nachhilfe auf die gesamte schulische Entwicklung positiv | benötigt wenig Zeit, um nach einer Ablenkung die Arbeit wieder aufzunehmen | formuliert Fragen verständlich | hat geplante Zeit überwiegend sinnvoll genutzt",0.27619143186784,-0.24280410095753502,-0.136628663192487,-0.29706379344764705,-0.012844664665290051,-0.19431867219406002,-0.40223594242750305
2025-10-30,18,0,8,437,672,Weitere Themen: Selina wollte Physik eigenständig lernen,aktivierungsfragen,0.7515950532047497,1.5596179124879999,0.2824501906288003,1,0,kognition,performanz,"zeigt von Stunde zu Stunde meistens Fortschritte | Einfluss der Nachhilfe auf die gesamte schulische Entwicklung positiv | benötigt wenig Zeit, um nach einer Ablenkung die Arbeit wieder aufzunehmen | formuliert Fragen verständlich | hat geplante Zeit überwiegend sinnvoll genutzt",-0.3443834629205201,0.272844081211261,0.159831452357447,0.358828139715817,-0.005887422289869992,0.21962945683355,0.41143137307682304
2025-11-06,18,0,8,435,660,Prüfungsvorbereitung: Vorbereitung auf eine Physik Arbeit,"strukturierung, metakognition",0.1578821449500741,1.4542074692787001,0.012463451898297784,1,0,performanz,kognition,"nutzt oft die gegebenen Tipps | konnte in den vergangenen Wochen einige neue Lernstrategien durch die Nachhilfe entwickeln | plant Lernaktivitäten häufig im Voraus | verhält sich offen, wenn die Lehrkraft über Rückschläge sprechen will (bzw. wenn er selbst darüber sprechen soll) | kann komplexe Informationen verständlich mit eigenen Worten erklären",0.10268937590921007,-0.0033176550914690017,-0.011215490688309987,-0.06010417207954999,0.03961479286005004,-0.09459185335162001,-0.010742796075530026
2025-11-06,18,0,8,435,662,Prüfungsvorbereitung: Vorbereitung auf eine Physik Arbeit,"strukturierung, metakognition",0.4367182981972637,-1.2828167815007,0.0953619260560572,1,0,kognition,motivation,"nutzt oft die gegebenen Tipps | konnte in den vergangenen Wochen einige neue Lernstrategien durch die Nachhilfe entwickeln | plant Lernaktivitäten häufig im Voraus | verhält sich offen, wenn die Lehrkraft über Rückschläge sprechen will (bzw. wenn er selbst darüber sprechen soll) | kann komplexe Informationen verständlich mit eigenen Worten erklären",-0.15147378560060004,0.249218813473088,0.12570089841908,0.21954080784594998,-0.20250397814105003,-0.024345078565989997,-0.008313908879249987
2025-11-06,18,0,8,435,663,Prüfungsvorbereitung: Vorbereitung auf eine Physik Arbeit,"strukturierung, metakognition",0.5353032583842141,0.4877885546031,0.14327558947674268,1,0,motivation,kognition,"nutzt oft die gegebenen Tipps | konnte in den vergangenen Wochen einige neue Lernstrategien durch die Nachhilfe entwickeln | plant Lernaktivitäten häufig im Voraus | verhält sich offen, wenn die Lehrkraft über Rückschläge sprechen will (bzw. wenn er selbst darüber sprechen soll) | kann komplexe Informationen verständlich mit eigenen Worten erklären",0.23901422610741002,-0.27722315102093803,-0.12809080822848,-0.31020378678175,0.18781791131824999,0.029640293981670007,-0.06149262856165999
2025-12-16,18,0,21,1071,1638,Analysis: Übungen zu Ableitungen,"aktivierungsfragen, regelhinweise, emotionale_stuetzung",0.31639696954806124,-1.6934124130518997,0.0500538354104656,1,0,kognition,regulation,"nutzt regelmäßig erlaubte Hilfsmittel zum Lösen von Aufgaben | das Zeitmanagement des Schülers hat sich verbessert | bleibt meistens motiviert, auch wenn Themen oder Aufgaben als schwierig empfunden werden | erreicht in der Regel vereinbarte Lernziele, die während des Nachhilfeunterrichts für ihn festgelegt wurden | stellt nur vereinzelt Fragen im Nachhilfeunterricht",-0.20008939856013003,0.041717048056140016,-0.03981899734416999,0.02918312695133002,-0.14054181113867997,0.05963799223875005,0.18051333629392002
2025-12-16,18,0,21,1071,1639,Analysis: Übungen zu Ableitungen,"aktivierungsfragen, regelhinweise, emotionale_stuetzung",0.25894114052605416,1.5565956593249002,0.03352547023515429,0,0,regulation,regulation,"nutzt regelmäßig erlaubte Hilfsmittel zum Lösen von Aufgaben | das Zeitmanagement des Schülers hat sich verbessert | bleibt meistens motiviert, auch wenn Themen oder Aufgaben als schwierig empfunden werden | erreicht in der Regel vereinbarte Lernziele, die während des Nachhilfeunterrichts für ihn festgelegt wurden | stellt nur vereinzelt Fragen im Nachhilfeunterricht",0.15373886159424,0.04034611684825998,0.08380080808595,0.03176504643914996,0.07397621940178001,-0.08439554361224005,-0.14546609611240002
2025-12-16,18,0,21,1071,1640,Analysis: Übungen zu Ableitungen,"aktivierungsfragen, regelhinweise, emotionale_stuetzung",0.18034369276525386,-0.6313942394871002,0.016262010153281214,1,0,regulation,performanz,"nutzt regelmäßig erlaubte Hilfsmittel zum Lösen von Aufgaben | das Zeitmanagement des Schülers hat sich verbessert | bleibt meistens motiviert, auch wenn Themen oder Aufgaben als schwierig empfunden werden | erreicht in der Regel vereinbarte Lernziele, die während des Nachhilfeunterrichts für ihn festgelegt wurden | stellt nur vereinzelt Fragen im Nachhilfeunterricht",-0.13602737123025999,-0.004562578344219997,-0.049123084285650015,0.06611641635958004,0.0008009112002400065,0.08448878333639004,-0.008725295689180013
2025-12-16,18,0,21,1071,1641,Analysis: Übungen zu Ableitungen,"aktivierungsfragen, regelhinweise, emotionale_stuetzung",0.20792032026971147,-0.24059208987350011,0.02161555881431687,1,0,performanz,regulation,"nutzt regelmäßig erlaubte Hilfsmittel zum Lösen von Aufgaben | das Zeitmanagement des Schülers hat sich verbessert | bleibt meistens motiviert, auch wenn Themen oder Aufgaben als schwierig empfunden werden | erreicht in der Regel vereinbarte Lernziele, die während des Nachhilfeunterrichts für ihn festgelegt wurden | stellt nur vereinzelt Fragen im Nachhilfeunterricht",0.11855898726294001,0.03456500354028,-0.141062128411237,-0.016831210956020026,0.010342918923389954,-0.08696274019636002,0.011339257561059968
2025-10-30,18,0,47,1494,2632,Analysis: Übungen zum Ableiten,"regelhinweise, emotionale_stuetzung",0.14425419757311592,-0.26797601828039985,0.010404687450301875,0,0,kognition,kognition,"nutzt regelmäßig erlaubte Hilfsmittel zum Lösen von Aufgaben | Einfluss der Nachhilfe auf die gesamte schulische Entwicklung positiv | kann bereits erlerntes Wissen schnell aus dem Gedächtnis wieder abrufen | schlägt regelmäßig sinnvolle Übungen oder Themen vor, an denen er arbeiten möchte | ist offen gegenüber Kritik | Cedric ist motiviert viel zu Lernen und beherrscht die Grundlagen. Er hat das Zeug ein guter Schüler zu werden. | add | Fach		Thema",0.030078017685880032,-0.091700793547125,-0.01979149456137,-0.02878527832780997,0.018466403860610048,0.05890629241004003,-0.08040084557985999
2025-10-30,18,0,47,1494,2633,Analysis: Übungen zum Ableiten,"regelhinweise, emotionale_stuetzung",0.10411725298532497,0.015468803315699997,0.005420228400087601,1,0,kognition,performanz,"nutzt regelmäßig erlaubte Hilfsmittel zum Lösen von Aufgaben | Einfluss der Nachhilfe auf die gesamte schulische Entwicklung positiv | kann bereits erlerntes Wissen schnell aus dem Gedächtnis wieder abrufen | schlägt regelmäßig sinnvolle Übungen oder Themen vor, an denen er arbeiten möchte | ist offen gegenüber Kritik | Cedric ist motiviert viel zu Lernen und beherrscht die Grundlagen. Er hat das Zeug ein guter Schüler zu werden. | add | Fach		Thema",-0.024363391354740083,0.011619346636998002,-0.02426747153962,0.05754837196715995,-0.06746737023099003,0.02911326795129998,0.028489728095379974
2025-10-30,18,0,47,1494,2634,Analysis: Übungen zum Ableiten,"regelhinweise, emotionale_stuetzung",0.17357443672780376,0.8152368782839998,0.015064111631536203,1,0,performanz,regulation,"nutzt regelmäßig erlaubte Hilfsmittel zum Lösen von Aufgaben | Einfluss der Nachhilfe auf die gesamte schulische Entwicklung positiv | kann bereits erlerntes Wissen schnell aus dem Gedächtnis wieder abrufen | schlägt regelmäßig sinnvolle Übungen oder Themen vor, an denen er arbeiten möchte | ist offen gegenüber Kritik | Cedric ist motiviert viel zu Lernen und beherrscht die Grundlagen. Er hat das Zeug ein guter Schüler zu werden. | add | Fach		Thema",-0.09490758990805997,0.08351004147930699,0.021069424073990012,0.04193094856666002,-0.009981182358390017,-0.04404738642024997,0.09952279188761998
2025-10-30,18,0,47,1494,2635,Analysis: Übungen zum Ableiten,"regelhinweise, emotionale_stuetzung",0.38713788392463294,-2.4709893828584,0.07493834741211558,1,0,regulation,kognition,"nutzt regelmäßig erlaubte Hilfsmittel zum Lösen von Aufgaben | Einfluss der Nachhilfe auf die gesamte schulische Entwicklung positiv | kann bereits erlerntes Wissen schnell aus dem Gedächtnis wieder abrufen | schlägt regelmäßig sinnvolle Übungen oder Themen vor, an denen er arbeiten möchte | ist offen gegenüber Kritik | Cedric ist motiviert viel zu Lernen und beherrscht die Grundlagen. Er hat das Zeug ein guter Schüler zu werden. | add | Fach		Thema",0.29189686895146,-0.086563092713229,-0.037150777064630006,-0.11242579014664,0.012630598805880022,-0.10450296443232004,-0.17910513649238996
2025-12-11,18,0,47,1485,2592,Analysis: Ableitungsregeln,ohne_klassifizierte_intervention,0.27975715679691343,2.5251815436033005,0.03913228147639625,0,0,kognition,kognition,"kann bereits erlerntes Wissen meistens auf neue Themen anwenden | erledigt seine Hausaufgaben, die er durch die Nachhilfe erhält, zuverlässig | kann effektiv von einer Aufgabe zur anderen wechseln | Erfolge fördern die Motivation normalerweise | kann die Lernzeit für mehrere Tests normalerweise effektiv einteilen",-0.20669849544880997,0.023718931157279,-0.028200945372352,0.09064404282270999,0.01617310741018002,0.09172512519677001,0.1314933734005
2025-12-11,18,0,47,1485,2594,Analysis: Ableitungsregeln,ohne_klassifizierte_intervention,0.19624991698207783,-1.8515314417321003,0.0192571185793734,1,0,kognition,performanz,"kann bereits erlerntes Wissen meistens auf neue Themen anwenden | erledigt seine Hausaufgaben, die er durch die Nachhilfe erhält, zuverlässig | kann effektiv von einer Aufgabe zur anderen wechseln | Erfolge fördern die Motivation normalerweise | kann die Lernzeit für mehrere Tests normalerweise effektiv einteilen",-0.0014716573177099845,-0.032759078110973006,0.092748087173282,-0.044754294428489994,-0.014504834543200007,0.11065049222286999,-0.11991509806170003
2025-12-11,18,0,47,1485,2595,Analysis: Ableitungsregeln,ohne_klassifizierte_intervention,0.34079396427707226,0.17566949279309974,0.05807063839717419,0,0,performanz,performanz,"kann bereits erlerntes Wissen meistens auf neue Themen anwenden | erledigt seine Hausaufgaben, die er durch die Nachhilfe erhält, zuverlässig | kann effektiv von einer Aufgabe zur anderen wechseln | Erfolge fördern die Motivation normalerweise | kann die Lernzeit für mehrere Tests normalerweise effektiv einteilen",-0.13738106733272004,0.198086335931203,0.1229534109124,0.13020168792723003,-0.15357661867192002,-0.02321627887791,0.0428249663377
2025-12-11,18,0,47,1485,2596,Analysis: Ableitungsregeln,ohne_klassifizierte_intervention,0.4013667548611171,-0.19443132807769992,0.08054815827575035,1,0,performanz,kognition,"kann bereits erlerntes Wissen meistens auf neue Themen anwenden | erledigt seine Hausaufgaben, die er durch die Nachhilfe erhält, zuverlässig | kann effektiv von einer Aufgabe zur anderen wechseln | Erfolge fördern die Motivation normalerweise | kann die Lernzeit für mehrere Tests normalerweise effektiv einteilen",0.22206278351704,-0.11344799121474,-0.019080290610030026,-0.24567785101244002,0.17559046000276002,-0.07648980827693996,-0.03884045560585997
2026-01-08,18,0,47,1484,2587,Analysis: Lösen von Extremwertproblemen,"strukturierung, metakognition, emotionale_stuetzung",0.28003809210055935,1.4487971784117004,0.03921088598481459,1,0,kognition,performanz,"der Schüler ist sicher nach der heutigen Nachhilfestunde im Umgang mit den behandelten Themen und Aufgaben | die Lernstrategien des Schülers haben sich in den vergangenen Wochen teilweise verbessert | hält seine Lernmaterialien und Notizen sehr ordentlich und übersichtlich (strukturiert) | kann sich schnell wieder motivieren nach Rückschlägen oder Misserfolgen weiterzuarbeiten | versteht vollkommen, dass es trotz (kleinen) Erfolgen wichtig sein kann, weiter zu üben",-0.11458783770776998,0.10939346869541,-0.1362456613916,0.17785244115046003,-0.02083831382392004,0.012940706995709983,0.05027883443140002
2026-01-08,18,0,47,1484,2588,Analysis: Lösen von Extremwertproblemen,"strukturierung, metakognition, emotionale_stuetzung",0.29352687079422757,-1.3936773816677004,0.043079250454589935,1,0,performanz,kognition,"der Schüler ist sicher nach der heutigen Nachhilfestunde im Umgang mit den behandelten Themen und Aufgaben | die Lernstrategien des Schülers haben sich in den vergangenen Wochen teilweise verbessert | hält seine Lernmaterialien und Notizen sehr ordentlich und übersichtlich (strukturiert) | kann sich schnell wieder motivieren nach Rückschlägen oder Misserfolgen weiterzuarbeiten | versteht vollkommen, dass es trotz (kleinen) Erfolgen wichtig sein kann, weiter zu üben",0.10518592765156004,-0.18298569687521699,-0.03263800109390999,-0.13154432111574005,0.12885122456291004,-0.07889613119083,-0.02034193009461005
2026-01-08,18,0,47,1484,2589,Analysis: Lösen von Extremwertproblemen,"strukturierung, metakognition, emotionale_stuetzung",0.30924699742807793,2.0099801164582,0.04781710432316555,1,0,kognition,regulation,"der Schüler ist sicher nach der heutigen Nachhilfestunde im Umgang mit den behandelten Themen und Aufgaben | die Lernstrategien des Schülers haben sich in den vergangenen Wochen teilweise verbessert | hält seine Lernmaterialien und Notizen sehr ordentlich und übersichtlich (strukturiert) | kann sich schnell wieder motivieren nach Rückschlägen oder Misserfolgen weiterzuarbeiten | versteht vollkommen, dass es trotz (kleinen) Erfolgen wichtig sein kann, weiter zu üben",-0.18527757554292007,0.11088393883238698,0.017403940137079993,0.13953426182543,-0.08428100689504003,0.01453532051476003,0.14806554800852
2026-01-08,18,0,47,1484,2590,Analysis: Lösen von Extremwertproblemen,"strukturierung, metakognition, emotionale_stuetzung",0.48169762197634863,-2.6997432084301,0.11601702155778693,1,0,regulation,performanz,"der Schüler ist sicher nach der heutigen Nachhilfestunde im Umgang mit den behandelten Themen und Aufgaben | die Lernstrategien des Schülers haben sich in den vergangenen Wochen teilweise verbessert | hält seine Lernmaterialien und Notizen sehr ordentlich und übersichtlich (strukturiert) | kann sich schnell wieder motivieren nach Rückschlägen oder Misserfolgen weiterzuarbeiten | versteht vollkommen, dass es trotz (kleinen) Erfolgen wichtig sein kann, weiter zu üben",-0.18782968833028998,0.18723430575962,0.28424034928254,0.07510874041649002,-0.22835196377109,0.07165471512101995,-0.13410072834152997
2026-01-08,18,0,47,1484,2591,Analysis: Lösen von Extremwertproblemen,"strukturierung, metakognition, emotionale_stuetzung",0.42070738012525766,1.2575973398120999,0.08849797050370267,1,0,performanz,motivation,"der Schüler ist sicher nach der heutigen Nachhilfestunde im Umgang mit den behandelten Themen und Aufgaben | die Lernstrategien des Schülers haben sich in den vergangenen Wochen teilweise verbessert | hält seine Lernmaterialien und Notizen sehr ordentlich und übersichtlich (strukturiert) | kann sich schnell wieder motivieren nach Rückschlägen oder Misserfolgen weiterzuarbeiten | versteht vollkommen, dass es trotz (kleinen) Erfolgen wichtig sein kann, weiter zu üben",0.19734037439250998,-0.308814780456023,-0.14831375813643,0.032582564518540025,0.08667550022543999,-0.06375039894692996,0.08971932695913998
2026-01-22,18,0,47,1483,2582,Analysis: Aufgaben zu Kurvenscharen,ohne_klassifizierte_intervention,0.30001033433083596,0.8258431338275005,0.045003326295275814,1,0,motivation,performanz,"der Schüler ist sicher nach der heutigen Nachhilfestunde im Umgang mit den behandelten Themen und Aufgaben | die Lernfortschritte des Schülers im Rahmen der Nachhilfe haben sich verbessert | gibt oft zu erkennen, wenn er ein Problem mit einer Aufgabenstellung hat | zeigt sich zielstrebig beim Erreichen von Lernzielen | kann effektiv von einer Aufgabe zur anderen wechseln",0.07058096182914003,0.193682232739233,-0.12069253018928,-0.11568124564471999,0.09710624587778,0.05645649450197998,-0.08334221653151996
2026-01-22,18,0,47,1483,2584,Analysis: Aufgaben zu Kurvenscharen,ohne_klassifizierte_intervention,0.3033617033572028,-0.9937001458474004,0.046014398755724106,1,0,performanz,regulation,"der Schüler ist sicher nach der heutigen Nachhilfestunde im Umgang mit den behandelten Themen und Aufgaben | die Lernfortschritte des Schülers im Rahmen der Nachhilfe haben sich verbessert | gibt oft zu erkennen, wenn er ein Problem mit einer Aufgabenstellung hat | zeigt sich zielstrebig beim Erreichen von Lernzielen | kann effektiv von einer Aufgabe zur anderen wechseln",-0.10880247671037002,0.09285020870648003,-0.20140712872216399,0.04068655450941999,0.05032055422046,-0.12585931927833,0.1047675008026
2026-01-22,18,0,47,1483,2585,Analysis: Aufgaben zu Kurvenscharen,ohne_klassifizierte_intervention,0.45646199218508926,-0.2684937978812001,0.10417940549704285,1,0,regulation,kognition,"der Schüler ist sicher nach der heutigen Nachhilfestunde im Umgang mit den behandelten Themen und Aufgaben | die Lernfortschritte des Schülers im Rahmen der Nachhilfe haben sich verbessert | gibt oft zu erkennen, wenn er ein Problem mit einer Aufgabenstellung hat | zeigt sich zielstrebig beim Erreichen von Lernzielen | kann effektiv von einer Aufgabe zur anderen wechseln",0.15571054426489,-0.08479914826970003,0.340422811015484,-0.042679103612900005,-0.09923532418909997,0.11191903599755998,-0.19193270913688004
2026-01-22,18,0,47,1483,2586,Analysis: Aufgaben zu Kurvenscharen,ohne_klassifizierte_intervention,0.2639104144985475,-0.16784139939849974,0.03482457880678924,1,0,kognition,performanz,"der Schüler ist sicher nach der heutigen Nachhilfestunde im Umgang mit den behandelten Themen und Aufgaben | die Lernfortschritte des Schülers im Rahmen der Nachhilfe haben sich verbessert | gibt oft zu erkennen, wenn er ein Problem mit einer Aufgabenstellung hat | zeigt sich zielstrebig beim Erreichen von Lernzielen | kann effektiv von einer Aufgabe zur anderen wechseln",-0.01700194603106997,-0.202082873848653,-0.10664314120408999,-0.06038372896177002,0.04773924246172001,0.10070566343991,0.03290186317103999
2026-01-29,18,0,47,1481,2578,Analysis: Übungen zur Ableitung,"lob, metakognition, emotionale_stuetzung",0.26775286890934397,1.1665098101698002,0.035846004391197006,1,0,performanz,kognition,"hat sich stark in den zuvor als herausfordernd eingeschätzten Bereichen verbessert | die Einstellung des Schülers zum Lernen hat sich in letzter Zeit verbessert | ist meistens in der Lage, Aufgaben ohne Hilfe zu bearbeiten | kann seine Wissenslücken gut darstellen | zeigt sich meistens frustriert nach gemachten Fehlern und Rückschlägen",-0.016077247207570033,0.182050971204883,0.09090575132747,0.04197206068588999,-0.01950955139659999,-0.14338042983055999,0.08559488920517
2026-01-29,18,0,47,1481,2579,Analysis: Übungen zur Ableitung,"lob, metakognition, emotionale_stuetzung",0.4252188180827794,-0.7763863519075005,0.09040600412977395,0,0,kognition,kognition,"hat sich stark in den zuvor als herausfordernd eingeschätzten Bereichen verbessert | die Einstellung des Schülers zum Lernen hat sich in letzter Zeit verbessert | ist meistens in der Lage, Aufgaben ohne Hilfe zu bearbeiten | kann seine Wissenslücken gut darstellen | zeigt sich meistens frustriert nach gemachten Fehlern und Rückschlägen",0.2032558796094,-0.18557981851201,-0.09789864432909001,-0.19776333826822998,0.12698815051767998,-0.034274380908909996,-0.19764365796532998
2026-01-29,18,0,47,1481,2581,Analysis: Übungen zur Ableitung,"lob, metakognition, emotionale_stuetzung",0.37603135977707997,0.02741720802750036,0.07070020611365857,0,0,kognition,kognition,"hat sich stark in den zuvor als herausfordernd eingeschätzten Bereichen verbessert | die Einstellung des Schülers zum Lernen hat sich in letzter Zeit verbessert | ist meistens in der Lage, Aufgaben ohne Hilfe zu bearbeiten | kann seine Wissenslücken gut darstellen | zeigt sich meistens frustriert nach gemachten Fehlern und Rückschlägen",-0.16276265549561997,0.039120580210691994,-0.15931277963168,0.12999433903825,-0.035319357784350025,0.013847874907050028,0.26393023908997004
2025-12-16,18,2,8,1286,2064,Trigonometrie: Sachaufgaben zu den trigonometrischen Funktionen,lob,0.307393003312987,-0.25513152185370025,0.047245514959070034,0,0,performanz,performanz,beherrscht die für das Nachhilfefach relevanten Fachbegriffe gut und kann sie korrekt anwenden | die Lernfortschritte des Schülers im Rahmen der Nachhilfe haben sich verbessert | Erfolge fördern die Motivation ausnahmslos | erstellt sicher einen zielgerichteten Lernplan für seine Lernaktivitäten | kann sich nach einer unerwarteten Unterbrechung sehr schnell wieder auf den Unterricht fokussieren,-0.08674366778045,0.18962028160838398,0.18352823615229003,0.08622099241941,-0.07773593145076002,-0.05487167567407003,-0.02897748366877001
2025-12-16,18,2,8,1286,2066,Trigonometrie: Sachaufgaben zu den trigonometrischen Funktionen,lob,0.1548794645767029,1.2142473433075,0.011993889203145591,0,0,performanz,performanz,beherrscht die für das Nachhilfefach relevanten Fachbegriffe gut und kann sie korrekt anwenden | die Lernfortschritte des Schülers im Rahmen der Nachhilfe haben sich verbessert | Erfolge fördern die Motivation ausnahmslos | erstellt sicher einen zielgerichteten Lernplan für seine Lernaktivitäten | kann sich nach einer unerwarteten Unterbrechung sehr schnell wieder auf den Unterricht fokussieren,0.009290082883059991,-0.025088282564649983,0.007410161852460018,-0.05082317748236004,0.08363372028705002,-0.07513691882262996,0.08940838539116003
2025-12-16,18,2,9,1404,2362,Stochastik (Wahrscheinlichkeitsrechnung): Übungen zu Baumdiagrammen,lob,0.43983047214892473,-1.9027294728452002,0.0967260087237043,1,0,performanz,kognition,"kann erlerntes Wissen bei unangekündigten Tests zuverlässig abrufen | die Lernstrategien des Schülers haben sich in den vergangenen Wochen nicht verändert | geht gut mit unerwartet schwierigen Aufgabenstellungen um | kann sein Wissen gut in Diagrammen, Skizzen oder Mindmaps visualisieren | versucht sich meistens erneut an Aufgaben, mit denen es kurz zuvor Probleme gab",0.19098021504079,-0.152755544860005,-0.11787158986738,-0.20634187590840997,0.20698594651947,-0.11181823714298,-0.14773612808873998
2025-12-16,18,2,9,1404,2363,Stochastik (Wahrscheinlichkeitsrechnung): Übungen zu Baumdiagrammen,lob,0.46805629851600605,0.06658348736300024,0.10953918099854432,1,0,kognition,performanz,"kann erlerntes Wissen bei unangekündigten Tests zuverlässig abrufen | die Lernstrategien des Schülers haben sich in den vergangenen Wochen nicht verändert | geht gut mit unerwartet schwierigen Aufgabenstellungen um | kann sein Wissen gut in Diagrammen, Skizzen oder Mindmaps visualisieren | versucht sich meistens erneut an Aufgaben, mit denen es kurz zuvor Probleme gab",-0.30500382871991,0.019067541975702,0.028323314589990017,0.18813848021484997,-0.14313302965699004,0.21310803972970005,0.15357536660077997
2025-12-16,18,2,9,1404,2364,Stochastik (Wahrscheinlichkeitsrechnung): Übungen zu Baumdiagrammen,lob,0.3171853681827556,-0.8847741623049001,0.050303749580078216,0,0,performanz,performanz,"kann erlerntes Wissen bei unangekündigten Tests zuverlässig abrufen | die Lernstrategien des Schülers haben sich in den vergangenen Wochen nicht verändert | geht gut mit unerwartet schwierigen Aufgabenstellungen um | kann sein Wissen gut in Diagrammen, Skizzen oder Mindmaps visualisieren | versucht sich meistens erneut an Aufgaben, mit denen es kurz zuvor Probleme gab",0.060053133898709976,-0.014519469943147997,0.06219131678331,-0.04152178441730997,-0.21389627161499997,0.15865474091756993,-0.14238891670311
2025-12-16,18,2,9,1404,2365,Stochastik (Wahrscheinlichkeitsrechnung): Übungen zu Baumdiagrammen,lob,0.7159537103970605,0.3757127609544002,0.25629748241548955,1,0,performanz,kognition,"kann erlerntes Wissen bei unangekündigten Tests zuverlässig abrufen | die Lernstrategien des Schülers haben sich in den vergangenen Wochen nicht verändert | geht gut mit unerwartet schwierigen Aufgabenstellungen um | kann sein Wissen gut in Diagrammen, Skizzen oder Mindmaps visualisieren | versucht sich meistens erneut an Aufgaben, mit denen es kurz zuvor Probleme gab",0.21027629550197002,0.345839315890131,0.19838480237163997,0.036903704095800016,0.12439648300126,-0.49309943995675,-0.222325902020354
2025-12-16,18,3,42,1031,1538,Analytische Geometrie: Umgang mit Ebenen in verschiedenen Formen,"lob, metakognition",0.23815750794797907,1.0540994208040997,0.028359765613393373,0,0,performanz,performanz,"nutzt die Tipps, die Sie ihm gegeben haben, meistens | erledigt seine Hausaufgaben, die er durch die Nachhilfe erhält, zuverlässig | kann sich gut auf seine zugeteilten Aufgaben konzentrieren | muss selten an formale Vorgehensweisen erinnert werden | Motivation wird fast nicht beeinflusst, wenn er eine Aufgabe nicht sofort versteht",0.07150444683843005,-0.024059471241630003,0.179595593905472,-0.09513501541634001,-0.049139428277899966,0.05546138658578004,-0.06504888312547996
2025-12-16,18,3,42,1031,1539,Analytische Geometrie: Umgang mit Ebenen in verschiedenen Formen,"lob, metakognition",0.2689872347334505,-0.6094884667078997,0.03617736302367869,1,0,performanz,regulation,"nutzt die Tipps, die Sie ihm gegeben haben, meistens | erledigt seine Hausaufgaben, die er durch die Nachhilfe erhält, zuverlässig | kann sich gut auf seine zugeteilten Aufgaben konzentrieren | muss selten an formale Vorgehensweisen erinnert werden | Motivation wird fast nicht beeinflusst, wenn er eine Aufgabe nicht sofort versteht",-0.07270191096376,0.033472018306318005,-0.182187640799869,0.06910270152927,0.09464795240993995,-0.10212992639221002,0.09269256714067997
2025-12-16,18,3,42,1031,1540,Analytische Geometrie: Umgang mit Ebenen in verschiedenen Formen,"lob, metakognition",0.6172394844470037,-0.17704887133010017,0.19049412373704444,1,0,regulation,motivation,"nutzt die Tipps, die Sie ihm gegeben haben, meistens | erledigt seine Hausaufgaben, die er durch die Nachhilfe erhält, zuverlässig | kann sich gut auf seine zugeteilten Aufgaben konzentrieren | muss selten an formale Vorgehensweisen erinnert werden | Motivation wird fast nicht beeinflusst, wenn er eine Aufgabe nicht sofort versteht",-0.21774866824514003,0.285394211530821,0.22506059890830904,0.22864273683823993,-0.38098598172280296,-0.01307320204533996,-0.062203227341660006
2025-10-09,18,5,15,353,514,Gleichungen und Ungleichungen: Übungen zum Lösen linearer Gleichungen,"metakognition, emotionale_stuetzung",0.23701351819601965,0.6148977064515,0.028087918757618513,1,0,methodik,kognition,zeigt von Stunde zu Stunde meistens Fortschritte | geht schulische Herausforderungen motivierter an | achtet sorgfältig darauf gemachte Fehler in folgenden Aufgaben zu vermeiden | kann die Lernzeit für mehrere Tests normalerweise effektiv einteilen | kann flexibel mit unerwarteten Aufgabenstellungen umgehen,0.056507570392789974,0.086504994000833,0.08932494824176,-0.06677173063146002,-0.10671056282054003,-0.09001157906766,0.11650128469347998
2025-10-09,18,5,15,353,515,Gleichungen und Ungleichungen: Übungen zum Lösen linearer Gleichungen,"metakognition, emotionale_stuetzung",0.2809787856052443,0.03236195374359996,0.03947480446304441,0,0,kognition,kognition,zeigt von Stunde zu Stunde meistens Fortschritte | geht schulische Herausforderungen motivierter an | achtet sorgfältig darauf gemachte Fehler in folgenden Aufgaben zu vermeiden | kann die Lernzeit für mehrere Tests normalerweise effektiv einteilen | kann flexibel mit unerwarteten Aufgabenstellungen umgehen,0.00938155878936997,-0.022757832827310004,0.10559838659509999,-0.013874292991819998,-0.024036775395359977,0.17240564479967002,-0.19156763080482997
2025-10-09,18,5,15,353,516,Gleichungen und Ungleichungen: Übungen zum Lösen linearer Gleichungen,"metakognition, emotionale_stuetzung",0.30319697811193536,1.119939076045,0.04596446932609366,1,0,kognition,regulation,zeigt von Stunde zu Stunde meistens Fortschritte | geht schulische Herausforderungen motivierter an | achtet sorgfältig darauf gemachte Fehler in folgenden Aufgaben zu vermeiden | kann die Lernzeit für mehrere Tests normalerweise effektiv einteilen | kann flexibel mit unerwarteten Aufgabenstellungen umgehen,-0.16054750318523997,0.11100897593863002,-0.02655343639701996,0.17406918771267002,0.015285920604769965,-0.09005597276630001,0.12033706545862
2026-01-22,18,6,16,1043,1561,Prüfungsvorbereitung: BLF Aufgaben,"aktivierungsfragen, metakognition",0.1337809355146749,-0.9644155092290001,0.008948721057754239,0,0,kognition,kognition,"seit Beginn der Nachhilfe hat sich die Fähigkeit des Schülers verbessert, seine schulischen Aufgaben und Lernzeiten besser zu organisieren | die Lernstrategien des Schülers haben sich in den vergangenen Wochen teilweise verbessert | kann seine Aufmerksamkeit während des Lernens lange aufrechterhalten | überlegt sich meistens zur Vorbereitung auf die Nachhilfestunden gezielte Fragen | offen für neue Strategien oder Herangehensweisen beim Lernen, besonders nach Misserfolgen",-0.06067077050135994,0.017296679954368004,-0.05414864045991,0.054149647128219985,0.05537197191427001,-0.039301274832690025,0.05867125490043995
2026-01-22,18,6,16,1043,1562,Prüfungsvorbereitung: BLF Aufgaben,"aktivierungsfragen, metakognition",0.1645467203495623,0.32072305726289985,0.013537896265822913,0,0,kognition,kognition,"seit Beginn der Nachhilfe hat sich die Fähigkeit des Schülers verbessert, seine schulischen Aufgaben und Lernzeiten besser zu organisieren | die Lernstrategien des Schülers haben sich in den vergangenen Wochen teilweise verbessert | kann seine Aufmerksamkeit während des Lernens lange aufrechterhalten | überlegt sich meistens zur Vorbereitung auf die Nachhilfestunden gezielte Fragen | offen für neue Strategien oder Herangehensweisen beim Lernen, besonders nach Misserfolgen",-0.017048270358410056,-0.005419097318450004,0.03457347067798999,0.020271083828790004,-0.10203844130568002,-0.004726510517389981,0.12130617428539003
2026-01-22,18,6,16,1043,1563,Prüfungsvorbereitung: BLF Aufgaben,"aktivierungsfragen, metakognition",0.5622712932536306,-1.6429898883007998,0.15807589072268646,0,0,kognition,kognition,"seit Beginn der Nachhilfe hat sich die Fähigkeit des Schülers verbessert, seine schulischen Aufgaben und Lernzeiten besser zu organisieren | die Lernstrategien des Schülers haben sich in den vergangenen Wochen teilweise verbessert | kann seine Aufmerksamkeit während des Lernens lange aufrechterhalten | überlegt sich meistens zur Vorbereitung auf die Nachhilfestunden gezielte Fragen | offen für neue Strategien oder Herangehensweisen beim Lernen, besonders nach Misserfolgen",0.24750655724187998,0.011718201421724004,0.04194052734004,-0.211460044178313,0.09263193983159995,-0.25831085475894,-0.36465416906174
2026-01-22,18,6,16,1043,1564,Prüfungsvorbereitung: BLF Aufgaben,"aktivierungsfragen, metakognition",0.6660475054995835,2.6177374403756,0.2218114381997882,0,0,kognition,kognition,"seit Beginn der Nachhilfe hat sich die Fähigkeit des Schülers verbessert, seine schulischen Aufgaben und Lernzeiten besser zu organisieren | die Lernstrategien des Schülers haben sich in den vergangenen Wochen teilweise verbessert | kann seine Aufmerksamkeit während des Lernens lange aufrechterhalten | überlegt sich meistens zur Vorbereitung auf die Nachhilfestunden gezielte Fragen | offen für neue Strategien oder Herangehensweisen beim Lernen, besonders nach Misserfolgen",-0.30695873799516,0.226365068056113,-0.140605836908393,0.29313459848129303,-0.11488726936482996,0.29316141338955,0.30547319940122997
2025-10-16,18,6,18,1746,3231,Prüfungsvorbereitung: Übungen zur BLF Teil A,"strukturierung, metakognition, emotionale_stuetzung",0.18448762532339574,-0.8560868108160999,0.017017967786219668,1,0,kognition,methodik,"versteht die Grundlagen des aktuellen Themas größtenteils | geht schulische Herausforderungen motivierter an | ist motiviert, auch wenn Themen oder Aufgaben als schwierig empfunden werden | vermeidet die Wiederholung von zuvor gemachten Fehlern erfolgreich | geht strukturiert an Aufgaben heran",-0.08562621756190991,0.014324362276691004,0.005155659039676991,0.00779045025812003,0.15363385029517002,-0.04754619361378004,-0.02339604645740001
2025-10-16,18,6,18,1746,3232,Prüfungsvorbereitung: Übungen zur BLF Teil A,"strukturierung, metakognition, emotionale_stuetzung",0.37377375142516034,0.8015658101584999,0.06985392894279663,1,0,methodik,kognition,"versteht die Grundlagen des aktuellen Themas größtenteils | geht schulische Herausforderungen motivierter an | ist motiviert, auch wenn Themen oder Aufgaben als schwierig empfunden werden | vermeidet die Wiederholung von zuvor gemachten Fehlern erfolgreich | geht strukturiert an Aufgaben heran",-0.04595338140817007,0.195588055567143,0.18964151784772,0.11181849312938996,-0.22292426701682,0.012009237226100034,0.03215097525742
2025-10-16,18,6,18,1746,3233,Prüfungsvorbereitung: Übungen zur BLF Teil A,"strukturierung, metakognition, emotionale_stuetzung",0.2298097874743723,-0.2486511386543997,0.02640644437994044,1,0,kognition,regulation,"versteht die Grundlagen des aktuellen Themas größtenteils | geht schulische Herausforderungen motivierter an | ist motiviert, auch wenn Themen oder Aufgaben als schwierig empfunden werden | vermeidet die Wiederholung von zuvor gemachten Fehlern erfolgreich | geht strukturiert an Aufgaben heran",0.002363429743010015,-0.08071904875336999,-0.13346725037617,-0.09275925360397996,0.09975193561756995,-0.018225970086900023,0.09793348298724996
2025-10-09,18,6,19,2015,3769,Grundrechenarten: Übungen zum Rechnen mit den Grundrechenarten,"aktivierungsfragen, metakognition, emotionale_stuetzung",0.12893847928300028,0.6407156104543006,0.008312604231289433,1,0,kognition,methodik,nutzt vorhandene Hilfsmittel zum Lösen von Aufgaben effektiv | hat zuletzt deutlich von der individuellen Unterstützung in der Nachhilfe profitiert | oft bereit für Lernerfolg zusätzlichen Aufwand zu betreiben | findet meistens Lösungen für unerwartete Fragen oder Aufgabenstellungen | zeigt überwiegend Geduld mit sich selbst und den eigenen Lernfortschritten,-0.032448783341789966,0.008580865347299002,-0.045502438092290015,-0.012206364316720009,0.06590471621771005,-0.06801296327837997,0.06564994024006005
2025-10-09,18,6,19,2015,3770,Grundrechenarten: Übungen zum Rechnen mit den Grundrechenarten,"aktivierungsfragen, metakognition, emotionale_stuetzung",0.2857959976741866,-1.1356096942340002,0.0408398796108036,1,0,methodik,performanz,nutzt vorhandene Hilfsmittel zum Lösen von Aufgaben effektiv | hat zuletzt deutlich von der individuellen Unterstützung in der Nachhilfe profitiert | oft bereit für Lernerfolg zusätzlichen Aufwand zu betreiben | findet meistens Lösungen für unerwartete Fragen oder Aufgabenstellungen | zeigt überwiegend Geduld mit sich selbst und den eigenen Lernfortschritten,-0.019907762708109955,0.134126449895427,0.18582742292198,0.03797138254288002,-0.07043119430927003,0.058849533237749996,-0.13746145282521
2025-10-09,18,6,19,2015,3771,Grundrechenarten: Übungen zum Rechnen mit den Grundrechenarten,"aktivierungsfragen, metakognition, emotionale_stuetzung",0.21853487801151597,1.4692963111277,0.02387886199719369,1,0,performanz,regulation,nutzt vorhandene Hilfsmittel zum Lösen von Aufgaben effektiv | hat zuletzt deutlich von der individuellen Unterstützung in der Nachhilfe profitiert | oft bereit für Lernerfolg zusätzlichen Aufwand zu betreiben | findet meistens Lösungen für unerwartete Fragen oder Aufgabenstellungen | zeigt überwiegend Geduld mit sich selbst und den eigenen Lernfortschritten,-0.03982811698756,0.001824022879869991,-0.10933807507077001,0.04898143598817001,-0.035086366079319975,-0.05405302396655998,0.16631629123161995
2025-10-09,18,6,19,2015,3772,Grundrechenarten: Übungen zum Rechnen mit den Grundrechenarten,"aktivierungsfragen, metakognition, emotionale_stuetzung",0.4477010504617709,-1.9441065646478002,0.10021864447197648,1,0,regulation,kognition,nutzt vorhandene Hilfsmittel zum Lösen von Aufgaben effektiv | hat zuletzt deutlich von der individuellen Unterstützung in der Nachhilfe profitiert | oft bereit für Lernerfolg zusätzlichen Aufwand zu betreiben | findet meistens Lösungen für unerwartete Fragen oder Aufgabenstellungen | zeigt überwiegend Geduld mit sich selbst und den eigenen Lernfortschritten,0.18250373547755,0.08055898901370998,0.18544776713039,-0.06572600785139004,-0.03420584507386004,-0.05426106422581001,-0.34324012154836997
2025-10-16,18,6,19,2014,3765,Grundrechenarten: Allgemeine Übungen zum Rechnen mit den Grundrechenarten,"metakognition, emotionale_stuetzung",1.8977128638207885,-0.6139111212051,1.8006703495794536,1,1,kognition,performanz,"nutzt oft die vermittelten Methoden | Prüfungsangst des Schülers hat sich verringert | braucht selten Unterstützung bei der Anwendung neuer Lernmethoden | ist allgemein motiviert | arbeitet konsequent auf langfristige Ziele hin, bei denen sofortige Erfolge gelegentlich ausbleiben",-0.81282261634202,-0.41503214401911,-0.66590383298847,-0.74106671487314,-0.62060155087685,-0.98150116458808,-0.6536690413233599
2025-10-16,18,6,19,2014,3766,Grundrechenarten: Allgemeine Übungen zum Rechnen mit den Grundrechenarten,"metakognition, emotionale_stuetzung",1.8983149472914718,0.27872556717279995,1.8018138499311263,1,1,performanz,kognition,"nutzt oft die vermittelten Methoden | Prüfungsangst des Schülers hat sich verringert | braucht selten Unterstützung bei der Anwendung neuer Lernmethoden | ist allgemein motiviert | arbeitet konsequent auf langfristige Ziele hin, bei denen sofortige Erfolge gelegentlich ausbleiben",0.76849726999907,0.08000459040441801,0.272670127061773,0.7139001448267,0.74501958939171,1.05675145141908,0.8665048280299599
2025-10-16,18,6,19,2014,3767,Grundrechenarten: Allgemeine Übungen zum Rechnen mit den Grundrechenarten,"metakognition, emotionale_stuetzung",0.5991375396575038,1.5264723489778005,0.17948397983990294,1,0,kognition,motivation,"nutzt oft die vermittelten Methoden | Prüfungsangst des Schülers hat sich verringert | braucht selten Unterstützung bei der Anwendung neuer Lernmethoden | ist allgemein motiviert | arbeitet konsequent auf langfristige Ziele hin, bei denen sofortige Erfolge gelegentlich ausbleiben",-0.20021100452816998,0.37586789673891197,0.369729315990927,0.14258094582938996,-0.14257544372019998,-0.009101750679800014,-0.012844339592339993
2025-12-18,18,6,19,2003,3723,"Weitere Themen: Übungen zu Wurzeln, Quadraten und Lösen linearer Gleichungen","strukturierung, metakognition",0.2808889413815946,-0.9027893819288004,0.039449509842911734,1,0,motivation,performanz,"erkennt und korrigiert eigene Fehler meist selbstständig | ist meistens in der Lage, auch komplexere Sachverhalte zu verstehen | kann den eigenen Lösungsweg häufig nachvollziehbar mündlich erklären | kann seine Aufmerksamkeit während des Lernens sehr lange aufrechterhalten | verhält sich offen, wenn die Lehrkraft über Rückschläge sprechen will (bzw. wenn er selbst darüber sprechen soll)",0.08852198415425,-0.19039246312493,-0.10128167411574002,-0.06640018188445995,-0.00414197391276,0.02137983450405001,0.14025673160244
2025-12-18,18,6,19,2003,3724,"Weitere Themen: Übungen zu Wurzeln, Quadraten und Lösen linearer Gleichungen","strukturierung, metakognition",0.25060047792168105,0.16564100580810015,0.03140048340397883,1,0,performanz,kognition,"erkennt und korrigiert eigene Fehler meist selbstständig | ist meistens in der Lage, auch komplexere Sachverhalte zu verstehen | kann den eigenen Lösungsweg häufig nachvollziehbar mündlich erklären | kann seine Aufmerksamkeit während des Lernens sehr lange aufrechterhalten | verhält sich offen, wenn die Lehrkraft über Rückschläge sprechen will (bzw. wenn er selbst darüber sprechen soll)",0.14731279136541003,-0.070779176900885,-0.14347089846466,-0.10129409616091001,0.054548782714699984,-0.027511867567969972,-0.038897094697339984
2025-12-18,18,6,19,2003,3725,"Weitere Themen: Übungen zu Wurzeln, Quadraten und Lösen linearer Gleichungen","strukturierung, metakognition",0.11102080502509533,0.7285857149351003,0.006162841716878642,0,0,kognition,kognition,"erkennt und korrigiert eigene Fehler meist selbstständig | ist meistens in der Lage, auch komplexere Sachverhalte zu verstehen | kann den eigenen Lösungsweg häufig nachvollziehbar mündlich erklären | kann seine Aufmerksamkeit während des Lernens sehr lange aufrechterhalten | verhält sich offen, wenn die Lehrkraft über Rückschläge sprechen will (bzw. wenn er selbst darüber sprechen soll)",-0.06806474625655001,0.020022020147460004,0.02264904002844001,0.04695548560531998,0.06095153691242,0.00812346115071999,-0.028161162244690008
2025-12-18,18,6,19,2003,3726,"Weitere Themen: Übungen zu Wurzeln, Quadraten und Lösen linearer Gleichungen","strukturierung, metakognition",0.13744218941570704,-0.6872673745151001,0.009445226663885253,0,0,kognition,kognition,"erkennt und korrigiert eigene Fehler meist selbstständig | ist meistens in der Lage, auch komplexere Sachverhalte zu verstehen | kann den eigenen Lösungsweg häufig nachvollziehbar mündlich erklären | kann seine Aufmerksamkeit während des Lernens sehr lange aufrechterhalten | verhält sich offen, wenn die Lehrkraft über Rückschläge sprechen will (bzw. wenn er selbst darüber sprechen soll)",0.057285045916639965,-0.032094849056844,0.03905513502248999,-0.08649818421297001,-0.01636033505814999,-0.05205338736541998,0.05093372621883002
2025-12-18,18,6,19,2003,3727,"Weitere Themen: Übungen zu Wurzeln, Quadraten und Lösen linearer Gleichungen","strukturierung, metakognition",0.4698177899520515,-0.19261696117040028,0.1103650182327619,1,0,kognition,motivation,"erkennt und korrigiert eigene Fehler meist selbstständig | ist meistens in der Lage, auch komplexere Sachverhalte zu verstehen | kann den eigenen Lösungsweg häufig nachvollziehbar mündlich erklären | kann seine Aufmerksamkeit während des Lernens sehr lange aufrechterhalten | verhält sich offen, wenn die Lehrkraft über Rückschläge sprechen will (bzw. wenn er selbst darüber sprechen soll)",-0.16767925500664999,0.272651277862129,0.13277556714092,0.25774185702907,-0.1605283932814,-0.00027115170332003835,-0.09189150781684002
2026-01-22,18,6,19,1998,3709,Weitere Themen: Selbststudium,"lob, metakognition",0.2637212817935845,1.0855023730480005,0.03477463927666713,1,0,motivation,performanz,"der Schüler ist sicher nach der heutigen Nachhilfestunde im Umgang mit den behandelten Themen und Aufgaben | das Zeitmanagement des Schülers hat sich verbessert | kann Informationen gut nach ihrer Wichtigkeit unterscheiden | kann sich gut auf die ihm zugeteilten Aufgabe konzentrieren, wenn diese als zu leicht empfunden wird | offen für neue Strategien oder Herangehensweisen beim Lernen, besonders nach Misserfolgen",0.051526054142760014,-0.08238317677409002,-0.14586242071429,-0.12588142518791995,0.11964711882655998,0.08979930163735,0.024610278298110022
2026-01-22,18,6,19,1998,3710,Weitere Themen: Selbststudium,"lob, metakognition",0.31987157878104633,-1.8888381385111002,0.05115922932861572,1,0,performanz,regulation,"der Schüler ist sicher nach der heutigen Nachhilfestunde im Umgang mit den behandelten Themen und Aufgaben | das Zeitmanagement des Schülers hat sich verbessert | kann Informationen gut nach ihrer Wichtigkeit unterscheiden | kann sich gut auf die ihm zugeteilten Aufgabe konzentrieren, wenn diese als zu leicht empfunden wird | offen für neue Strategien oder Herangehensweisen beim Lernen, besonders nach Misserfolgen",-0.16471702964470003,-0.06014012025798998,-0.011853278964239988,-0.03735115156751001,-0.09703406158968997,0.004558545469480035,0.24616517788113002
2026-01-22,18,6,19,1998,3711,Weitere Themen: Selbststudium,"lob, metakognition",0.32894484690135206,1.2307297631026,0.054102711414720894,1,0,regulation,performanz,"der Schüler ist sicher nach der heutigen Nachhilfestunde im Umgang mit den behandelten Themen und Aufgaben | das Zeitmanagement des Schülers hat sich verbessert | kann Informationen gut nach ihrer Wichtigkeit unterscheiden | kann sich gut auf die ihm zugeteilten Aufgabe konzentrieren, wenn diese als zu leicht empfunden wird | offen für neue Strategien oder Herangehensweisen beim Lernen, besonders nach Misserfolgen",0.20936064362255996,-0.12484470783616002,0.009785131017139986,-0.005046212857950039,0.06830094669838,0.02339993905447002,-0.20845345429934004
2026-01-22,18,6,19,1998,3712,Weitere Themen: Selbststudium,"lob, metakognition",0.13845251857726212,-0.6872961976256002,0.009584606284292141,0,0,performanz,performanz,"der Schüler ist sicher nach der heutigen Nachhilfestunde im Umgang mit den behandelten Themen und Aufgaben | das Zeitmanagement des Schülers hat sich verbessert | kann Informationen gut nach ihrer Wichtigkeit unterscheiden | kann sich gut auf die ihm zugeteilten Aufgabe konzentrieren, wenn diese als zu leicht empfunden wird | offen für neue Strategien oder Herangehensweisen beim Lernen, besonders nach Misserfolgen",-0.05428211941845995,0.05670249886678501,0.11145512244643,-0.00485939182709999,-0.015682429518459995,0.01741106875182996,-0.0035264876192900307
2026-01-22,18,6,19,1998,3713,Weitere Themen: Selbststudium,"lob, metakognition",0.29538696100749023,1.2471978007041002,0.04362696990277071,1,0,performanz,kognition,"der Schüler ist sicher nach der heutigen Nachhilfestunde im Umgang mit den behandelten Themen und Aufgaben | das Zeitmanagement des Schülers hat sich verbessert | kann Informationen gut nach ihrer Wichtigkeit unterscheiden | kann sich gut auf die ihm zugeteilten Aufgabe konzentrieren, wenn diese als zu leicht empfunden wird | offen für neue Strategien oder Herangehensweisen beim Lernen, besonders nach Misserfolgen",0.03832398198046999,0.177960804511535,-0.20611681448360297,0.017658073268590035,0.048972998133769985,-0.09414163635339001,0.007598038567770027
2025-09-11,18,6,22,1899,3672,Analysis: Bestimmen des Definitionsbereichs und Nullstellen von Funktionen,metakognition,0.3250652272895834,2.823983389615,0.0528340908065118,0,0,kognition,kognition,"kann mittlerweile zuvor schwierige Aufgaben teilweise bewältigen | Zuverlässigkeit bei den Hausaufgaben hat sich verbessert | zeigt ständig Interesse daran, neue Themen zu erkunden und zu lernen | Wechsel zwischen verschiedenen Themen gelingt mit wenig Aufwand | vermeidet die Wiederholung von zuvor gemachten Fehlern erfolgreich",0.007917523990820019,-0.04070546902159,-0.23984822289422,-0.08815991275957996,0.048006908261649994,0.03210857131924,0.18791704489513
2025-09-11,18,6,22,1899,3673,Analysis: Bestimmen des Definitionsbereichs und Nullstellen von Funktionen,metakognition,0.2136595474129471,-1.5753543961392,0.022825321890774908,0,0,kognition,kognition,"kann mittlerweile zuvor schwierige Aufgaben teilweise bewältigen | Zuverlässigkeit bei den Hausaufgaben hat sich verbessert | zeigt ständig Interesse daran, neue Themen zu erkunden und zu lernen | Wechsel zwischen verschiedenen Themen gelingt mit wenig Aufwand | vermeidet die Wiederholung von zuvor gemachten Fehlern erfolgreich",0.07092311687874997,-0.055737823928074,0.06780990009176,-0.10943177639125001,-0.000440577790690011,0.07494989225862003,-0.12378381147672002
2025-09-11,18,6,22,1899,3674,Analysis: Bestimmen des Definitionsbereichs und Nullstellen von Funktionen,metakognition,0.3253384776233694,-0.2534918879494996,0.05292291332319643,1,0,kognition,regulation,"kann mittlerweile zuvor schwierige Aufgaben teilweise bewältigen | Zuverlässigkeit bei den Hausaufgaben hat sich verbessert | zeigt ständig Interesse daran, neue Themen zu erkunden und zu lernen | Wechsel zwischen verschiedenen Themen gelingt mit wenig Aufwand | vermeidet die Wiederholung von zuvor gemachten Fehlern erfolgreich",-0.11706012290219997,0.141647959831694,-0.04225048295323999,0.04308088097202001,0.03800572818812997,-0.14023626936101002,0.21754584778713
2025-09-25,18,6,22,1896,3654,Analysis: Grenzwerte,"lob, aktivierungsfragen",0.14920214577941618,1.8696705983633999,0.011130701947247856,1,0,regulation,kognition,kann meistens den Operatoren der Aufgabenstellung entsprechend eine Antwort formulieren | Zuverlässigkeit bei den Hausaufgaben hat sich stark verbessert | findet meistens Lösungen für unerwartete Fragen oder Aufgabenstellungen | hält Fristen für Hausaufgaben und Projekte sehr konsequent ein | ist sehr offen für andere Lösungsansätze,-0.0005171036878199864,-0.08633182728746201,-0.055817424286298004,0.059843212306229965,0.028311785270920042,0.045103598368069986,-0.07263017156874996
2025-09-25,18,6,22,1896,3656,Analysis: Grenzwerte,"lob, aktivierungsfragen",0.16697125114252415,0.2292359622647,0.013939756515452206,1,0,kognition,regulation,kann meistens den Operatoren der Aufgabenstellung entsprechend eine Antwort formulieren | Zuverlässigkeit bei den Hausaufgaben hat sich stark verbessert | findet meistens Lösungen für unerwartete Fragen oder Aufgabenstellungen | hält Fristen für Hausaufgaben und Projekte sehr konsequent ein | ist sehr offen für andere Lösungsansätze,-0.051460912094919986,0.106180486051852,0.092512704168228,0.043992142575850046,-0.05847859183366,0.005094244639650025,0.004155904717729975
2025-09-25,18,6,22,1896,3657,Analysis: Grenzwerte,"lob, aktivierungsfragen",0.24910571788033795,-1.2580819231418001,0.031026974496851212,1,0,regulation,kognition,kann meistens den Operatoren der Aufgabenstellung entsprechend eine Antwort formulieren | Zuverlässigkeit bei den Hausaufgaben hat sich stark verbessert | findet meistens Lösungen für unerwartete Fragen oder Aufgabenstellungen | hält Fristen für Hausaufgaben und Projekte sehr konsequent ein | ist sehr offen für andere Lösungsansätze,0.11589944081332998,0.06026812270198001,0.13757949027812003,-0.049233645472970045,-0.01481866256801001,-0.04772716083647999,-0.14539322216752
2025-09-25,18,6,22,1896,3658,Analysis: Grenzwerte,"lob, aktivierungsfragen",0.47785059166299737,-0.8476690419885,0.11417129473607979,1,0,kognition,sozial,kann meistens den Operatoren der Aufgabenstellung entsprechend eine Antwort formulieren | Zuverlässigkeit bei den Hausaufgaben hat sich stark verbessert | findet meistens Lösungen für unerwartete Fragen oder Aufgabenstellungen | hält Fristen für Hausaufgaben und Projekte sehr konsequent ein | ist sehr offen für andere Lösungsansätze,-0.15649135598112002,0.30189649650207007,-0.292127879636609,0.08500536480028004,-0.13779434225574,0.005564694344459997,0.03357517191309001
2025-10-02,18,6,22,1893,3644,Analysis: Stetigkeit und Unstetigkeit einer Funktion,"strukturierung, emotionale_stuetzung",0.5606898212288987,0.46580295772570013,0.15718755048527777,1,0,sozial,performanz,"beherrscht die spezifischen Fachbegriffe zuverlässig | Einstellung zum Fach MAT hat sich in den letzten Stunden verbessert | reagiert aufgeschlossen auf Aufgaben, die vom bisherigen Aufgabenmuster abweichen | kann den eigenen Lösungsweg häufig nachvollziehbar schriftlich präsentieren | hat viel Vertrauen in die eigenen Fähigkeiten",0.05068872957871001,-0.497460379747077,0.079917208191109,-0.07381496964244999,0.16845242232873997,0.12564038771038,0.09132230496693
2025-10-02,18,6,22,1893,3645,Analysis: Stetigkeit und Unstetigkeit einer Funktion,"strukturierung, emotionale_stuetzung",0.32278953596661863,0.4682515077288998,0.052096833834154976,1,0,performanz,kognition,"beherrscht die spezifischen Fachbegriffe zuverlässig | Einstellung zum Fach MAT hat sich in den letzten Stunden verbessert | reagiert aufgeschlossen auf Aufgaben, die vom bisherigen Aufgabenmuster abweichen | kann den eigenen Lösungsweg häufig nachvollziehbar schriftlich präsentieren | hat viel Vertrauen in die eigenen Fähigkeiten",0.10229409471286,0.165849538095327,0.20180181411074,-0.05354615291018,-0.0039434361547399654,-0.10285869964293004,-0.10971010882859
2025-10-02,18,6,22,1893,3646,Analysis: Stetigkeit und Unstetigkeit einer Funktion,"strukturierung, emotionale_stuetzung",0.26696357940959714,0.5792810878307999,0.03563495052645249,1,0,kognition,regulation,"beherrscht die spezifischen Fachbegriffe zuverlässig | Einstellung zum Fach MAT hat sich in den letzten Stunden verbessert | reagiert aufgeschlossen auf Aufgaben, die vom bisherigen Aufgabenmuster abweichen | kann den eigenen Lösungsweg häufig nachvollziehbar schriftlich präsentieren | hat viel Vertrauen in die eigenen Fähigkeiten",-0.15114600652008997,-0.016993425902489978,-0.10204595588806997,0.0985372901189,-0.013750712825690015,-0.008349355096209987,0.16659499521139998
2025-10-02,18,6,22,1893,3647,Analysis: Stetigkeit und Unstetigkeit einer Funktion,"strukturierung, emotionale_stuetzung",0.19742406156511927,0.03145061720679987,0.019488218266424107,1,0,regulation,kognition,"beherrscht die spezifischen Fachbegriffe zuverlässig | Einstellung zum Fach MAT hat sich in den letzten Stunden verbessert | reagiert aufgeschlossen auf Aufgaben, die vom bisherigen Aufgabenmuster abweichen | kann den eigenen Lösungsweg häufig nachvollziehbar schriftlich präsentieren | hat viel Vertrauen in die eigenen Fähigkeiten",0.11200127901282997,0.00890531568177999,-0.09514863509052,-0.04851774251334001,0.05853099052467997,0.016934528120750025,-0.10598480902616997
2025-10-02,18,6,22,1893,3648,Analysis: Stetigkeit und Unstetigkeit einer Funktion,"strukturierung, emotionale_stuetzung",0.32917409152755145,-1.6330093490725996,0.05417810690959768,0,0,kognition,kognition,"beherrscht die spezifischen Fachbegriffe zuverlässig | Einstellung zum Fach MAT hat sich in den letzten Stunden verbessert | reagiert aufgeschlossen auf Aufgaben, die vom bisherigen Aufgabenmuster abweichen | kann den eigenen Lösungsweg häufig nachvollziehbar schriftlich präsentieren | hat viel Vertrauen in die eigenen Fähigkeiten",0.03480569678894002,0.08399439713064002,0.27685709429436,-0.03543044388739003,-0.05849347919500997,-0.08733589074406001,-0.10552191866677002
2025-10-09,18,6,22,1891,3634,Analysis: Übungen zur Stetigkeit einer Funktion,"lob, emotionale_stuetzung",0.4696969356566985,0.9827663949224998,0.11030829110259133,1,0,kognition,performanz,"erinnert sich gut an den zuvor behandelten Stoff | Vertrauen in die eigenen Fähigkeiten hat sich in den letzten Wochen verbessert | kann gut mit Druck umgehen, wenn Aufgaben sich ändern | behält weitgehend den Überblick beim Lösen komplexer Aufgaben | ist immer fähig, Aufgaben ohne direkte Anleitung zu beenden",-0.09166027738041999,-0.24830997534294902,-0.2721233797545,0.05336177258771002,-0.05270666696956999,0.22854321550647,0.13655458388948
2025-10-09,18,6,22,1891,3635,Analysis: Übungen zur Stetigkeit einer Funktion,"lob, emotionale_stuetzung",0.3634429841806095,0.2651563804863999,0.06604573907332634,1,0,performanz,kognition,"erinnert sich gut an den zuvor behandelten Stoff | Vertrauen in die eigenen Fähigkeiten hat sich in den letzten Wochen verbessert | kann gut mit Druck umgehen, wenn Aufgaben sich ändern | behält weitgehend den Überblick beim Lösen komplexer Aufgaben | ist immer fähig, Aufgaben ohne direkte Anleitung zu beenden",0.11738012396115999,0.160813451038679,0.19644511773273005,-0.09144662326705,0.08560362251011999,-0.15698886260623002,-0.11629742411925997
2025-10-09,18,6,22,1891,3636,Analysis: Übungen zur Stetigkeit einer Funktion,"lob, emotionale_stuetzung",0.25004418179123933,0.314991159981,0.03126119527996807,1,0,kognition,performanz,"erinnert sich gut an den zuvor behandelten Stoff | Vertrauen in die eigenen Fähigkeiten hat sich in den letzten Wochen verbessert | kann gut mit Druck umgehen, wenn Aufgaben sich ändern | behält weitgehend den Überblick beim Lösen komplexer Aufgaben | ist immer fähig, Aufgaben ohne direkte Anleitung zu beenden",-0.17156583525116004,0.014413013824329995,-0.01593920951753003,0.09470533373849,-0.05728423320088,0.04563287118131004,0.13524984698880999
2025-10-09,18,6,22,1891,3637,Analysis: Übungen zur Stetigkeit einer Funktion,"lob, emotionale_stuetzung",0.2944862382495529,-0.4730624841505997,0.04336128308373832,1,0,performanz,kognition,"erinnert sich gut an den zuvor behandelten Stoff | Vertrauen in die eigenen Fähigkeiten hat sich in den letzten Wochen verbessert | kann gut mit Druck umgehen, wenn Aufgaben sich ändern | behält weitgehend den Überblick beim Lösen komplexer Aufgaben | ist immer fähig, Aufgaben ohne direkte Anleitung zu beenden",0.11540059757059001,-0.157734349659136,-0.19398309106899,-0.060636998010130005,0.08307661878647998,-0.014731788709630045,0.009984297691509991
2025-10-09,18,6,22,1891,3638,Analysis: Übungen zur Stetigkeit einer Funktion,"lob, emotionale_stuetzung",0.22791607956958612,-0.0762242012290999,0.025973004516788745,1,0,kognition,performanz,"erinnert sich gut an den zuvor behandelten Stoff | Vertrauen in die eigenen Fähigkeiten hat sich in den letzten Wochen verbessert | kann gut mit Druck umgehen, wenn Aufgaben sich ändern | behält weitgehend den Überblick beim Lösen komplexer Aufgaben | ist immer fähig, Aufgaben ohne direkte Anleitung zu beenden",0.010165462802489977,-0.030634496292330005,0.12910545378136,-0.035036795541310006,-0.011784556542919988,0.09876085559333003,-0.15203799762218
2025-10-16,18,6,22,1889,3624,Analysis: übungen Grenzwerte,"lob, metakognition",0.23022043248524968,-0.030860855087700312,0.026500863289078636,0,0,performanz,performanz,erinnert sich gut an den zuvor behandelten Stoff | Prüfungsangst des Schülers hat sich verringert | oft bereit für Lernerfolg zusätzlichen Aufwand zu betreiben | kann komplexe Informationen verständlich mit eigenen Worten erklären | erklärt komplexe Sachverhalte meistens in einer logischen Reihenfolge,-0.07138034908307994,0.013142381088457,-0.11562827092757001,0.09241508308000002,-0.09961145155279999,0.027326924541219988,0.12310127706112
2025-10-16,18,6,22,1889,3625,Analysis: übungen Grenzwerte,"lob, metakognition",1.969710802913238,-1.3468099370647,1.9398934122917768,0,1,performanz,performanz,erinnert sich gut an den zuvor behandelten Stoff | Prüfungsangst des Schülers hat sich verringert | oft bereit für Lernerfolg zusätzlichen Aufwand zu betreiben | kann komplexe Informationen verständlich mit eigenen Worten erklären | erklärt komplexe Sachverhalte meistens in einer logischen Reihenfolge,-0.64671048188951,-0.19262324412468101,-0.41516582236271,-0.78315419580509,-0.60028350883537,-1.16617394817627,-0.9583461601635799
2025-10-16,18,6,22,1889,3626,Analysis: übungen Grenzwerte,"lob, metakognition",1.958423530626918,1.0887213747252003,1.9177246728956823,0,1,performanz,performanz,erinnert sich gut an den zuvor behandelten Stoff | Prüfungsangst des Schülers hat sich verringert | oft bereit für Lernerfolg zusätzlichen Aufwand zu betreiben | kann komplexe Informationen verständlich mit eigenen Worten erklären | erklärt komplexe Sachverhalte meistens in einer logischen Reihenfolge,0.67014699785203,0.33264913212553004,0.5897941409288501,0.75781128673636,0.68989376203003,1.0898152527804499,0.83059287164011
2025-10-16,18,6,22,1889,3627,Analysis: übungen Grenzwerte,"lob, metakognition",0.3296805683634703,0.3158180991573998,0.05434493421353903,1,0,performanz,kognition,erinnert sich gut an den zuvor behandelten Stoff | Prüfungsangst des Schülers hat sich verringert | oft bereit für Lernerfolg zusätzlichen Aufwand zu betreiben | kann komplexe Informationen verständlich mit eigenen Worten erklären | erklärt komplexe Sachverhalte meistens in einer logischen Reihenfolge,0.19452931389938,-0.154592987076208,-0.12575833649318002,-0.16102910248597002,0.03483791233453998,-0.06285836904143999,-0.006184318701750013
2025-10-16,18,6,22,1889,3628,Analysis: übungen Grenzwerte,"lob, metakognition",0.2382889984934587,-0.5177524433762,0.028390982741130055,0,0,kognition,kognition,erinnert sich gut an den zuvor behandelten Stoff | Prüfungsangst des Schülers hat sich verringert | oft bereit für Lernerfolg zusätzlichen Aufwand zu betreiben | kann komplexe Informationen verständlich mit eigenen Worten erklären | erklärt komplexe Sachverhalte meistens in einer logischen Reihenfolge,-0.08490504129320997,0.016252881321063003,-0.08726241341450298,0.12056747097811998,-0.06219417980888997,-0.0011039069805000024,0.15260421406066
2025-10-23,18,6,22,1887,3614,Analysis: Hausaufgaben zum Thema Anstieg einer Funktion,metakognition,0.24240519306137207,0.015621503715399943,0.029380315206168905,1,0,kognition,performanz,"erkennt und korrigiert eigene Fehler meist selbstständig | Selbstständigkeit hat sich in den letzten Wochen verbessert | kann seine Motivation normalerweise trotz den Fehlern, die er macht, aufrechterhalten | strebt meist danach, Aufgaben ohne Hilfe zu bewältigen | kann komplexe Informationen verständlich mit eigenen Worten erklären",-0.12296302083305005,0.071170997648015,0.16434437791579298,0.07273125354312004,-0.06423532279693,0.043176558484819993,0.01690445304103999
2025-10-23,18,6,22,1887,3615,Analysis: Hausaufgaben zum Thema Anstieg einer Funktion,metakognition,0.19815373541389888,-0.07446671511589997,0.019632570364807145,1,0,performanz,kognition,"erkennt und korrigiert eigene Fehler meist selbstständig | Selbstständigkeit hat sich in den letzten Wochen verbessert | kann seine Motivation normalerweise trotz den Fehlern, die er macht, aufrechterhalten | strebt meist danach, Aufgaben ohne Hilfe zu bewältigen | kann komplexe Informationen verständlich mit eigenen Worten erklären",0.09155939044745004,0.01320078915832,-0.05082787690002999,-0.14710694699072002,0.07501606089784002,-0.02925333592217,-0.0006527378275699713
2025-10-23,18,6,22,1887,3616,Analysis: Hausaufgaben zum Thema Anstieg einer Funktion,metakognition,0.5870042159623514,-0.3058183291058998,0.17228808483145008,1,0,kognition,motivation,"erkennt und korrigiert eigene Fehler meist selbstständig | Selbstständigkeit hat sich in den letzten Wochen verbessert | kann seine Motivation normalerweise trotz den Fehlern, die er macht, aufrechterhalten | strebt meist danach, Aufgaben ohne Hilfe zu bewältigen | kann komplexe Informationen verständlich mit eigenen Worten erklären",-0.3327754781172301,0.15821838716435999,0.167295070082,0.34324664207913996,-0.22736021213653002,-0.10577897696385996,0.010659122004049948
2025-10-23,18,6,22,1887,3617,Analysis: Hausaufgaben zum Thema Anstieg einer Funktion,metakognition,0.42037768108863827,0.21980182444709984,0.08835927400232912,0,0,motivation,motivation,"erkennt und korrigiert eigene Fehler meist selbstständig | Selbstständigkeit hat sich in den letzten Wochen verbessert | kann seine Motivation normalerweise trotz den Fehlern, die er macht, aufrechterhalten | strebt meist danach, Aufgaben ohne Hilfe zu bewältigen | kann komplexe Informationen verständlich mit eigenen Worten erklären",0.18445426327813,0.13506812569285004,0.09067382504911997,-0.10772913891844993,0.04500458452841,0.03143041984175998,-0.31876327752212996
2025-10-23,18,6,22,1887,3618,Analysis: Hausaufgaben zum Thema Anstieg einer Funktion,metakognition,0.6805598518348726,0.6626141594355,0.23158218743888548,1,0,motivation,kognition,"erkennt und korrigiert eigene Fehler meist selbstständig | Selbstständigkeit hat sich in den letzten Wochen verbessert | kann seine Motivation normalerweise trotz den Fehlern, die er macht, aufrechterhalten | strebt meist danach, Aufgaben ohne Hilfe zu bewältigen | kann komplexe Informationen verständlich mit eigenen Worten erklären",0.26462988651791003,-0.39391118098460803,-0.28422298273238,-0.28170928069121004,0.23376906931609998,0.061529241539949986,0.13924822624395
2026-01-08,18,6,22,1869,3543,Analysis: Bestimmung von Extrempunkten und Sattelpunkten,"lob, strukturierung, metakognition",0.1973555444625087,-0.6422562093458,0.019474717044245082,0,0,kognition,kognition,"versteht die Grundlagen des aktuellen Themas größtenteils | erledigt seine Hausaufgaben, die er durch die Nachhilfe erhält, sehr zuverlässig | kann seinen Lösungsweg sehr nachvollziehbar erklären | kann sich gut auf die ihm zugeteilten Aufgabe konzentrieren, wenn diese als zu schwer empfunden wird | ist oft dazu fähig, Aufgaben selbstständig zu beenden",-0.05316324587713006,0.007374982101224,-0.08160494497074698,0.07932549380852999,-0.07021899074703997,0.01237042854174003,0.13428646499712
2026-01-08,18,6,22,1869,3545,Analysis: Bestimmung von Extrempunkten und Sattelpunkten,"lob, strukturierung, metakognition",0.08470140606996163,0.02948292902750005,0.0035871864202799975,0,0,kognition,kognition,"versteht die Grundlagen des aktuellen Themas größtenteils | erledigt seine Hausaufgaben, die er durch die Nachhilfe erhält, sehr zuverlässig | kann seinen Lösungsweg sehr nachvollziehbar erklären | kann sich gut auf die ihm zugeteilten Aufgabe konzentrieren, wenn diese als zu schwer empfunden wird | ist oft dazu fähig, Aufgaben selbstständig zu beenden",-0.016740267890809957,0.0038905694622340045,0.012852049449714992,0.015795118709939993,0.04386624515519,0.022093213965109992,-0.06365482364274999
2026-01-08,18,6,22,1869,3546,Analysis: Bestimmung von Extrempunkten und Sattelpunkten,"lob, strukturierung, metakognition",0.3427993196352464,0.38493219698260006,0.058756031378517704,1,0,kognition,performanz,"versteht die Grundlagen des aktuellen Themas größtenteils | erledigt seine Hausaufgaben, die er durch die Nachhilfe erhält, sehr zuverlässig | kann seinen Lösungsweg sehr nachvollziehbar erklären | kann sich gut auf die ihm zugeteilten Aufgabe konzentrieren, wenn diese als zu schwer empfunden wird | ist oft dazu fähig, Aufgaben selbstständig zu beenden",-0.16678035067531,0.16131667425508,0.208102056776372,0.07759352484447002,-0.10065588014639998,0.02424466055572999,0.06021617616914998
2026-01-08,18,6,22,1869,3547,Analysis: Bestimmung von Extrempunkten und Sattelpunkten,"lob, strukturierung, metakognition",0.18196674616941036,-0.7458720268744998,0.016556051912847147,0,0,performanz,performanz,"versteht die Grundlagen des aktuellen Themas größtenteils | erledigt seine Hausaufgaben, die er durch die Nachhilfe erhält, sehr zuverlässig | kann seinen Lösungsweg sehr nachvollziehbar erklären | kann sich gut auf die ihm zugeteilten Aufgabe konzentrieren, wenn diese als zu schwer empfunden wird | ist oft dazu fähig, Aufgaben selbstständig zu beenden",-0.0028474503190700218,-0.09240029820637,-0.0009776064181900024,-0.11603386059269,0.026911838356069973,0.09954496243625,-0.02162670851162002
2026-01-22,18,6,22,1866,3528,Analysis: Lösen von Gleichungen,"lob, strukturierung, metakognition",0.2537141553320058,0.8687789259898997,0.032185634697091015,0,0,performanz,performanz,"kann erlerntes Wissen zuverlässig abrufen | die Einstellung des Schülers zum Lernen hat sich in letzter Zeit verbessert | offen für neue Strategien oder Herangehensweisen beim Lernen, besonders nach Misserfolgen | hält seine Lernmaterialien und Notizen ordentlich und übersichtlich (strukturiert) | kann sich gut auf die ihm zugeteilten Aufgabe konzentrieren, wenn diese als uninteressant empfunden wird",0.026961688193209987,-0.063811097764581,-0.19983842022408,0.13085206472476002,-0.016125729042359982,-0.03360745454628,0.033539925597230014
2026-01-22,18,6,22,1866,3529,Analysis: Lösen von Gleichungen,"lob, strukturierung, metakognition",0.27152567375400155,0.43912246970790036,0.036863282706002476,1,0,performanz,kognition,"kann erlerntes Wissen zuverlässig abrufen | die Einstellung des Schülers zum Lernen hat sich in letzter Zeit verbessert | offen für neue Strategien oder Herangehensweisen beim Lernen, besonders nach Misserfolgen | hält seine Lernmaterialien und Notizen ordentlich und übersichtlich (strukturiert) | kann sich gut auf die ihm zugeteilten Aufgabe konzentrieren, wenn diese als uninteressant empfunden wird",0.03891032892034002,0.166488302192271,0.16697354531782,-0.02361419728054004,0.027366645029330006,-0.12110185296829001,-0.025326583707430017
2026-01-22,18,6,22,1866,3530,Analysis: Lösen von Gleichungen,"lob, strukturierung, metakognition",0.23090829961714213,0.1653187606272999,0.026659446683430565,0,0,kognition,kognition,"kann erlerntes Wissen zuverlässig abrufen | die Einstellung des Schülers zum Lernen hat sich in letzter Zeit verbessert | offen für neue Strategien oder Herangehensweisen beim Lernen, besonders nach Misserfolgen | hält seine Lernmaterialien und Notizen ordentlich und übersichtlich (strukturiert) | kann sich gut auf die ihm zugeteilten Aufgabe konzentrieren, wenn diese als uninteressant empfunden wird",0.01485660222398999,0.06165931749116002,-0.220008132400973,-0.009194465604609958,0.025242532627519965,0.007842966593810008,0.010451730488340027
2026-01-22,18,6,22,1866,3531,Analysis: Lösen von Gleichungen,"lob, strukturierung, metakognition",0.21531942046566863,0.6262848282151001,0.023181326490840704,1,0,kognition,regulation,"kann erlerntes Wissen zuverlässig abrufen | die Einstellung des Schülers zum Lernen hat sich in letzter Zeit verbessert | offen für neue Strategien oder Herangehensweisen beim Lernen, besonders nach Misserfolgen | hält seine Lernmaterialien und Notizen ordentlich und übersichtlich (strukturiert) | kann sich gut auf die ihm zugeteilten Aufgabe konzentrieren, wenn diese als uninteressant empfunden wird",-0.10351765758047998,-0.14460472025304,0.061395089227503,0.03761506769459999,0.04519223776633002,-0.012685448858890003,0.08572346827596
2026-01-22,18,6,22,1866,3532,Analysis: Lösen von Gleichungen,"lob, strukturierung, metakognition",0.22413794258310757,-1.5161804426552004,0.025119032017048903,1,0,regulation,performanz,"kann erlerntes Wissen zuverlässig abrufen | die Einstellung des Schülers zum Lernen hat sich in letzter Zeit verbessert | offen für neue Strategien oder Herangehensweisen beim Lernen, besonders nach Misserfolgen | hält seine Lernmaterialien und Notizen ordentlich und übersichtlich (strukturiert) | kann sich gut auf die ihm zugeteilten Aufgabe konzentrieren, wenn diese als uninteressant empfunden wird",0.053700432777530005,-0.02255611827640601,0.15940855253095,-0.05346777622815002,-0.08200202006280999,0.08093622060993999,-0.07280391155285998
2025-11-27,18,11,8,1291,2088,Trigonometrie: Einführung in die trigonometrischen Funktionen,lob,0.28844956425641466,-0.4032927043473,0.0416018223809268,1,0,regulation,performanz,"muss ab und zu an grundlegende Vorgehensweisen des Faches MAT erinnert werden | Beteiligung am Unterricht hat sich verbessert | kann sich gut auf eine Aufgabe konzentrieren, auch wenn diese als zu leicht empfunden wird | muss selten an formale Vorgehensweisen erinnert werden | erholt sich schnell von Rückschlägen und Misserfolgen",-0.008020439977899974,0.264481451554335,0.010082016434888999,0.032125382730670005,-0.03265174071193,0.003333623015960019,-0.10477332180031002
2025-11-27,18,11,8,1291,2089,Trigonometrie: Einführung in die trigonometrischen Funktionen,lob,0.328695627267798,-0.08791007862550027,0.0540207521234235,0,0,performanz,performanz,"muss ab und zu an grundlegende Vorgehensweisen des Faches MAT erinnert werden | Beteiligung am Unterricht hat sich verbessert | kann sich gut auf eine Aufgabe konzentrieren, auch wenn diese als zu leicht empfunden wird | muss selten an formale Vorgehensweisen erinnert werden | erholt sich schnell von Rückschlägen und Misserfolgen",0.019164909676499975,-0.22678724493463498,0.212686811728519,-0.06903479704407,-0.029794038159480007,0.07065255286935002,0.01897672611536
2025-11-27,18,11,8,1291,2090,Trigonometrie: Einführung in die trigonometrischen Funktionen,lob,0.2820845678926467,-0.9228665989343998,0.039786163629149995,1,0,performanz,regulation,"muss ab und zu an grundlegende Vorgehensweisen des Faches MAT erinnert werden | Beteiligung am Unterricht hat sich verbessert | kann sich gut auf eine Aufgabe konzentrieren, auch wenn diese als zu leicht empfunden wird | muss selten an formale Vorgehensweisen erinnert werden | erholt sich schnell von Rückschlägen und Misserfolgen",-0.04597789583566997,-0.037573008737186005,-0.227499169511099,0.03522022211556003,0.10130948301153997,-0.07553014883459003,0.08415019100983001
2025-11-27,18,11,8,1291,2091,Trigonometrie: Einführung in die trigonometrischen Funktionen,lob,0.6162723498050987,0.053811062118899855,0.18989753312241753,1,0,regulation,motivation,"muss ab und zu an grundlegende Vorgehensweisen des Faches MAT erinnert werden | Beteiligung am Unterricht hat sich verbessert | kann sich gut auf eine Aufgabe konzentrieren, auch wenn diese als zu leicht empfunden wird | muss selten an formale Vorgehensweisen erinnert werden | erholt sich schnell von Rückschlägen und Misserfolgen",-0.21651857150589002,0.307428834666101,0.397526592898369,0.10449956561904,-0.23820216697678998,-0.010248908037839954,-0.11227628956654001
2025-12-11,18,11,8,1287,2067,Trigonometrie: Rechnen mit den trigonometrischen Funktionen,"strukturierung, metakognition",0.46396619609638484,2.2144601098496004,0.10763304190670053,1,0,motivation,performanz,"der Schüler ist sicher nach der heutigen Nachhilfestunde im Umgang mit den behandelten Themen und Aufgaben | erledigt seine Hausaufgaben, die er durch die Nachhilfe erhält, zuverlässig | kann seinen Lösungsweg nachvollziehbar erklären | zeigt überwiegend Geduld mit sich selbst und den eigenen Lernfortschritten | kann sein Vorwissen meistens reaktivieren, um neue Informationen besser zu verstehen",0.27213497278216003,-0.14157349670155,-0.2794143978866,-0.09246303148203999,0.18130822837501998,0.040409503596649965,-0.006059137405789949
2025-12-11,18,11,8,1287,2069,Trigonometrie: Rechnen mit den trigonometrischen Funktionen,"strukturierung, metakognition",0.2217183918125642,-1.4230757977579005,0.02457965950993457,1,0,performanz,kognition,"der Schüler ist sicher nach der heutigen Nachhilfestunde im Umgang mit den behandelten Themen und Aufgaben | erledigt seine Hausaufgaben, die er durch die Nachhilfe erhält, zuverlässig | kann seinen Lösungsweg nachvollziehbar erklären | zeigt überwiegend Geduld mit sich selbst und den eigenen Lernfortschritten | kann sein Vorwissen meistens reaktivieren, um neue Informationen besser zu verstehen",0.08271325893678,-0.180832024465364,-0.069595311198037,-0.06156692363223004,0.024952733198010002,-0.00972638315266,0.01631276010346
2025-12-11,18,11,8,1287,2070,Trigonometrie: Rechnen mit den trigonometrischen Funktionen,"strukturierung, metakognition",0.4734494389651232,0.03473362663550006,0.11207792466799338,0,0,kognition,kognition,"der Schüler ist sicher nach der heutigen Nachhilfestunde im Umgang mit den behandelten Themen und Aufgaben | erledigt seine Hausaufgaben, die er durch die Nachhilfe erhält, zuverlässig | kann seinen Lösungsweg nachvollziehbar erklären | zeigt überwiegend Geduld mit sich selbst und den eigenen Lernfortschritten | kann sein Vorwissen meistens reaktivieren, um neue Informationen besser zu verstehen",0.05292121761848001,0.22296804918830399,0.28923495223664697,0.021529092661149996,-0.060912064194039994,-0.09588834365394999,-0.27315517857823
2025-12-11,18,11,8,1287,2071,Trigonometrie: Rechnen mit den trigonometrischen Funktionen,"strukturierung, metakognition",0.48860489768305193,1.5947391249381004,0.11936802128788704,0,0,kognition,kognition,"der Schüler ist sicher nach der heutigen Nachhilfestunde im Umgang mit den behandelten Themen und Aufgaben | erledigt seine Hausaufgaben, die er durch die Nachhilfe erhält, zuverlässig | kann seinen Lösungsweg nachvollziehbar erklären | zeigt überwiegend Geduld mit sich selbst und den eigenen Lernfortschritten | kann sein Vorwissen meistens reaktivieren, um neue Informationen besser zu verstehen",-0.08396938029659007,-0.19915513436797797,-0.26218325494339,0.0035717260425400243,0.02852024788002,0.06879724374502999,0.34310616430146
2025-12-18,18,11,8,1285,2057,Brüche: Wiederholung zum Rechnen mit Brüchen,"strukturierung, metakognition",0.17758266451879248,-1.3062417119214005,0.01576788253528083,1,0,kognition,performanz,"erkennt und korrigiert eigene Fehler meist selbstständig | die Einstellung des Schülers zum Lernen hat sich in letzter Zeit verbessert | kann seinen Lösungsweg einigermaßen nachvollziehbar erklären | dem Schüler gelingt es meistens, Flüchtigkeitsfehler zu vermeiden | ist sehr offen für alternative Lösungsansätze",-0.07204498642027996,0.049603014367268,0.13739719089188002,0.04544246785595002,-0.05081962699811998,0.018731126910219997,-0.0028579855847600255
2025-12-18,18,11,8,1285,2058,Brüche: Wiederholung zum Rechnen mit Brüchen,"strukturierung, metakognition",0.13250385662966377,0.8363192251484004,0.008778683326804315,1,0,performanz,kognition,"erkennt und korrigiert eigene Fehler meist selbstständig | die Einstellung des Schülers zum Lernen hat sich in letzter Zeit verbessert | kann seinen Lösungsweg einigermaßen nachvollziehbar erklären | dem Schüler gelingt es meistens, Flüchtigkeitsfehler zu vermeiden | ist sehr offen für alternative Lösungsansätze",0.034208764477489995,0.09543525307077999,0.02842471542960001,-0.029380580306770043,0.037573631210610026,-0.03852869352006,-0.05207421620000002
2025-12-18,18,11,8,1285,2059,Brüche: Wiederholung zum Rechnen mit Brüchen,"strukturierung, metakognition",0.30739369706575986,-1.2623584794121,0.047245717840827206,0,0,kognition,kognition,"erkennt und korrigiert eigene Fehler meist selbstständig | die Einstellung des Schülers zum Lernen hat sich in letzter Zeit verbessert | kann seinen Lösungsweg einigermaßen nachvollziehbar erklären | dem Schüler gelingt es meistens, Flüchtigkeitsfehler zu vermeiden | ist sehr offen für alternative Lösungsansätze",0.07516156554902004,-0.183366393346041,-0.211728912767038,-0.06467649482333998,0.06518048801253995,0.04165618595502002,-0.014915579815209967
2025-12-18,18,11,8,1285,2060,Brüche: Wiederholung zum Rechnen mit Brüchen,"strukturierung, metakognition",0.5167573162637025,-0.6240924702639004,0.1335201036534298,1,0,kognition,performanz,"erkennt und korrigiert eigene Fehler meist selbstständig | die Einstellung des Schülers zum Lernen hat sich in letzter Zeit verbessert | kann seinen Lösungsweg einigermaßen nachvollziehbar erklären | dem Schüler gelingt es meistens, Flüchtigkeitsfehler zu vermeiden | ist sehr offen für alternative Lösungsansätze",-0.33531692145967007,0.163452891004791,0.23978082341895798,0.04794496948804,-0.18914540678285996,0.09066557587993002,0.15522256144541002
2025-12-18,18,11,8,1285,2061,Brüche: Wiederholung zum Rechnen mit Brüchen,"strukturierung, metakognition",0.5502843834595076,0.5999899110284002,0.15140763692868597,1,0,performanz,sozial,"erkennt und korrigiert eigene Fehler meist selbstständig | die Einstellung des Schülers zum Lernen hat sich in letzter Zeit verbessert | kann seinen Lösungsweg einigermaßen nachvollziehbar erklären | dem Schüler gelingt es meistens, Flüchtigkeitsfehler zu vermeiden | ist sehr offen für alternative Lösungsansätze",0.15886530750469,0.35563599946152,-0.271686718518889,0.09859563892228002,-0.009716493072080001,-0.16922284123635,-0.19705887285296003
2026-01-08,18,11,8,1280,2042,Trigonometrie: Tiefergehende Aufgaben zu den trigonometrischen Funktionen,"lob, emotionale_stuetzung",0.5481585558858306,1.9714826702099004,0.15023973036639382,1,0,sozial,kognition,"kann bereits erlerntes Wissen meistens auf neue Themen anwenden | wendet immer die in der Nachhilfe gelernten Lernstrategien auch außerhalb der Nachhilfestunde an | braucht ab und zu Ermutigung nach Misserfolgen | bleibt ausnahmslos motiviert, auch wenn Themen oder Aufgaben als schwierig empfunden werden | kann sich gut an Veränderungen im Lernumfeld anpassen",0.11883895293124003,-0.48501439021418,0.059980969366216996,-0.07908187984438003,0.1676957977822,0.06963101700908997,0.09107210007929001
2026-01-08,18,11,8,1280,2043,Trigonometrie: Tiefergehende Aufgaben zu den trigonometrischen Funktionen,"lob, emotionale_stuetzung",0.15283617509519498,-0.2875758286260002,0.011679497780152759,1,0,kognition,methodik,"kann bereits erlerntes Wissen meistens auf neue Themen anwenden | wendet immer die in der Nachhilfe gelernten Lernstrategien auch außerhalb der Nachhilfestunde an | braucht ab und zu Ermutigung nach Misserfolgen | bleibt ausnahmslos motiviert, auch wenn Themen oder Aufgaben als schwierig empfunden werden | kann sich gut an Veränderungen im Lernumfeld anpassen",-0.05446991557370001,0.13272283248787,-0.021544910584590002,0.026036352705740007,0.03359303411389997,-0.019033347901679987,-0.01198913440913002
2026-01-08,18,11,8,1280,2044,Trigonometrie: Tiefergehende Aufgaben zu den trigonometrischen Funktionen,"lob, emotionale_stuetzung",1.9540714681044877,-2.1461347175879,1.9092096940129943,1,1,methodik,performanz,"kann bereits erlerntes Wissen meistens auf neue Themen anwenden | wendet immer die in der Nachhilfe gelernten Lernstrategien auch außerhalb der Nachhilfestunde an | braucht ab und zu Ermutigung nach Misserfolgen | bleibt ausnahmslos motiviert, auch wenn Themen oder Aufgaben als schwierig empfunden werden | kann sich gut an Veränderungen im Lernumfeld anpassen",-0.65196697089844,-0.35087392251208,-0.363875977244978,-0.78888749900314,-0.70511901126861,-1.03245269383247,-0.97586949120503
2026-01-08,18,11,8,1280,2045,Trigonometrie: Tiefergehende Aufgaben zu den trigonometrischen Funktionen,"lob, emotionale_stuetzung",1.970210593467835,1.4959432698034,1.9408778373733215,1,1,performanz,regulation,"kann bereits erlerntes Wissen meistens auf neue Themen anwenden | wendet immer die in der Nachhilfe gelernten Lernstrategien auch außerhalb der Nachhilfestunde an | braucht ab und zu Ermutigung nach Misserfolgen | bleibt ausnahmslos motiviert, auch wenn Themen oder Aufgaben als schwierig empfunden werden | kann sich gut an Veränderungen im Lernumfeld anpassen",0.65948601113067,0.35621501346299,0.51316884800946,0.7758824698750499,0.6363943215587899,0.99523301880787,1.02912413248108
2026-01-08,18,11,8,1280,2046,Trigonometrie: Tiefergehende Aufgaben zu den trigonometrischen Funktionen,"lob, emotionale_stuetzung",0.3110386299843466,-0.6647361979309001,0.048372786468930506,1,0,regulation,kognition,"kann bereits erlerntes Wissen meistens auf neue Themen anwenden | wendet immer die in der Nachhilfe gelernten Lernstrategien auch außerhalb der Nachhilfestunde an | braucht ab und zu Ermutigung nach Misserfolgen | bleibt ausnahmslos motiviert, auch wenn Themen oder Aufgaben als schwierig empfunden werden | kann sich gut an Veränderungen im Lernumfeld anpassen",0.11294790496741997,-0.161263498041283,0.0008778217524199883,-0.13638499472134002,0.06291946133957999,0.09814486676841999,-0.16058945625749
2026-01-15,18,11,8,1278,2032,"Trigonometrie: finale Wdh. Sinus, Cosinus, Tangens","lob, metakognition",0.14597874060089133,0.6449696294710998,0.010654956359395062,0,0,kognition,kognition,kann erlerntes Wissen weitgehend in eigenen Worten wiedergeben | die Lernstrategien des Schülers haben sich in den vergangenen Wochen teilweise verbessert | lernt ausnahmslos aus gemachten Fehlern und erkennt Fehler und Korrekturen während des Unterrichts ausnahmslos als Chance zum Lernen | kann erlerntes Wissen gut auf neue oder andere Aufgabenstellungen anwenden | ist bereit neue Lernwege oder -techniken auszuprobieren,-0.001295336383689949,0.00416205521699,-0.11137208010347,0.06629442395852003,-0.008108948480759992,-0.03545952564539001,0.056293589585500015
2026-01-15,18,11,8,1278,2033,"Trigonometrie: finale Wdh. Sinus, Cosinus, Tangens","lob, metakognition",0.13008419444021174,-0.8576396354023998,0.008460998285112042,0,0,kognition,kognition,kann erlerntes Wissen weitgehend in eigenen Worten wiedergeben | die Lernstrategien des Schülers haben sich in den vergangenen Wochen teilweise verbessert | lernt ausnahmslos aus gemachten Fehlern und erkennt Fehler und Korrekturen während des Unterrichts ausnahmslos als Chance zum Lernen | kann erlerntes Wissen gut auf neue oder andere Aufgabenstellungen anwenden | ist bereit neue Lernwege oder -techniken auszuprobieren,0.009106455568140048,-0.0026754421888040003,0.010483843161299994,-0.05686309029381004,0.09584306026373002,-0.06144333732384999,-0.02296332318800004
2026-01-15,18,11,8,1278,2034,"Trigonometrie: finale Wdh. Sinus, Cosinus, Tangens","lob, metakognition",0.2947889959773685,2.0896070113530003,0.04345050337859935,1,0,kognition,performanz,kann erlerntes Wissen weitgehend in eigenen Worten wiedergeben | die Lernstrategien des Schülers haben sich in den vergangenen Wochen teilweise verbessert | lernt ausnahmslos aus gemachten Fehlern und erkennt Fehler und Korrekturen während des Unterrichts ausnahmslos als Chance zum Lernen | kann erlerntes Wissen gut auf neue oder andere Aufgabenstellungen anwenden | ist bereit neue Lernwege oder -techniken auszuprobieren,-0.11586639973467006,0.152713712780127,0.06497866313966999,0.13478544347602,-0.14045089990796,0.055431192580410016,0.07046727367006
2026-01-15,18,11,8,1278,2035,"Trigonometrie: finale Wdh. Sinus, Cosinus, Tangens","lob, metakognition",0.1530261036525562,-0.2700102804742004,0.011708541069731848,0,0,performanz,performanz,kann erlerntes Wissen weitgehend in eigenen Worten wiedergeben | die Lernstrategien des Schülers haben sich in den vergangenen Wochen teilweise verbessert | lernt ausnahmslos aus gemachten Fehlern und erkennt Fehler und Korrekturen während des Unterrichts ausnahmslos als Chance zum Lernen | kann erlerntes Wissen gut auf neue oder andere Aufgabenstellungen anwenden | ist bereit neue Lernwege oder -techniken auszuprobieren,-0.01872915433018002,-0.12667324953678,-0.07253763542819999,0.006605241986510024,0.020649563057810016,0.026307332417389973,0.02441878498901001
2026-01-15,18,11,8,1278,2036,"Trigonometrie: finale Wdh. Sinus, Cosinus, Tangens","lob, metakognition",0.45775042956716305,-2.3620387365107,0.10476836185466887,1,0,performanz,motivation,kann erlerntes Wissen weitgehend in eigenen Worten wiedergeben | die Lernstrategien des Schülers haben sich in den vergangenen Wochen teilweise verbessert | lernt ausnahmslos aus gemachten Fehlern und erkennt Fehler und Korrekturen während des Unterrichts ausnahmslos als Chance zum Lernen | kann erlerntes Wissen gut auf neue oder andere Aufgabenstellungen anwenden | ist bereit neue Lernwege oder -techniken auszuprobieren,-0.11243148646322998,0.28083357857405,0.22321724992767,0.13044006574773997,-0.20192480018884001,-0.06462453130788998,-0.07897221897774998
2026-01-22,18,11,8,1276,2025,Geometrie: Umgang mit Körpern,"lob, metakognition",0.6161560943776173,0.5424420056319001,0.18982554814458497,1,0,motivation,kognition,"konnte durch die Nachhilfe seine Noten im Unterricht verbessern | die Lernstrategien des Schülers haben sich in den vergangenen Wochen teilweise verbessert | arbeitet überwiegend konzentriert | kann sein Vorwissen meistens reaktivieren, um neue Informationen besser zu verstehen | kann sich gut auf die ihm zugeteilten Aufgabe konzentrieren, wenn diese als langweilig empfunden wird",0.24702704052808006,-0.30687404181739697,-0.21565827763914,-0.27183075121027,0.32172613703899,-0.017113993689910012,-0.01591383968132004
2026-01-22,18,11,8,1276,2026,Geometrie: Umgang mit Körpern,"lob, metakognition",0.21068260995655208,1.6000743354834004,0.022193701726313297,0,0,kognition,kognition,"konnte durch die Nachhilfe seine Noten im Unterricht verbessern | die Lernstrategien des Schülers haben sich in den vergangenen Wochen teilweise verbessert | arbeitet überwiegend konzentriert | kann sein Vorwissen meistens reaktivieren, um neue Informationen besser zu verstehen | kann sich gut auf die ihm zugeteilten Aufgabe konzentrieren, wenn diese als langweilig empfunden wird",-0.0535208313928901,0.025966587230179,-0.009905612810870004,0.09507821618720003,-0.13629030767892003,0.042078648129249996,0.10660567592130005
2026-01-22,18,11,8,1276,2027,Geometrie: Umgang mit Körpern,"lob, metakognition",0.1987100422767573,-1.1944993405858004,0.019742940164739542,1,0,kognition,performanz,"konnte durch die Nachhilfe seine Noten im Unterricht verbessern | die Lernstrategien des Schülers haben sich in den vergangenen Wochen teilweise verbessert | arbeitet überwiegend konzentriert | kann sein Vorwissen meistens reaktivieren, um neue Informationen besser zu verstehen | kann sich gut auf die ihm zugeteilten Aufgabe konzentrieren, wenn diese als langweilig empfunden wird",-0.07279684452174995,0.03953674639976199,0.16661741567896,-0.008985286588980013,-0.024813245456469957,0.056296171735019995,-0.03156091457332
2026-01-29,18,11,8,1274,2016,Geometrie: Berechnung von Pyramiden,"strukturierung, metakognition",0.13946714733608498,0.7245768538128003,0.009725594069580512,1,0,performanz,kognition,konnte durch die Nachhilfe seine Strategien zur Bewältigung von alltäglichem Schulstress verbessern | die Einstellung des Schülers zum Lernen hat sich in letzter Zeit verbessert | kann den eigenen Lösungsweg häufig nachvollziehbar mündlich erklären | muss selten an formale Vorgehensweisen erinnert werden | Erfolge fördern die Motivation normalerweise,0.03496062257895999,0.105501521038286,-0.0007955093574799621,0.02504717413815999,0.01156724966896,-0.07609373834486,-0.02337128721144005
2026-01-29,18,11,8,1274,2017,Geometrie: Berechnung von Pyramiden,"strukturierung, metakognition",0.23013396405026124,0.05790749559480002,0.026480946681333162,0,0,kognition,kognition,konnte durch die Nachhilfe seine Strategien zur Bewältigung von alltäglichem Schulstress verbessern | die Einstellung des Schülers zum Lernen hat sich in letzter Zeit verbessert | kann den eigenen Lösungsweg häufig nachvollziehbar mündlich erklären | muss selten an formale Vorgehensweisen erinnert werden | Erfolge fördern die Motivation normalerweise,0.04503928063137003,-0.146192409824205,-0.14924657386582002,-0.024958030248819985,0.07792668841650996,0.019140287102810016,-0.01498404074202997
2026-01-29,18,11,8,1274,2018,Geometrie: Berechnung von Pyramiden,"strukturierung, metakognition",0.18226899498665175,-2.062653134606,0.01661110903129226,1,0,kognition,regulation,konnte durch die Nachhilfe seine Strategien zur Bewältigung von alltäglichem Schulstress verbessern | die Einstellung des Schülers zum Lernen hat sich in letzter Zeit verbessert | kann den eigenen Lösungsweg häufig nachvollziehbar mündlich erklären | muss selten an formale Vorgehensweisen erinnert werden | Erfolge fördern die Motivation normalerweise,-0.11448455622352,-0.007682085933356002,-0.092143913562649,0.03332571349118002,-0.0003476709112200105,0.007314167009799977,0.10198792367242998
2026-01-29,18,11,8,1274,2019,Geometrie: Berechnung von Pyramiden,"strukturierung, metakognition",0.4279273686365796,1.0139053216344998,0.09156162576006899,1,0,regulation,performanz,konnte durch die Nachhilfe seine Strategien zur Bewältigung von alltäglichem Schulstress verbessern | die Einstellung des Schülers zum Lernen hat sich in letzter Zeit verbessert | kann den eigenen Lösungsweg häufig nachvollziehbar mündlich erklären | muss selten an formale Vorgehensweisen erinnert werden | Erfolge fördern die Motivation normalerweise,-0.05185854453300004,0.169909860483881,0.273438147013399,0.07986194399898,-0.21164608478060998,0.09370969684003999,-0.12977380579787
2025-09-16,19,0,4,733,1096,Funktionen: Sinusfunktion,"strukturierung, regelhinweise, emotionale_stuetzung",0.3164251476785899,2.2984480706983,0.050062819667681335,0,0,kognition,kognition,"kann mittlerweile zuvor schwierige Aufgaben teilweise bewältigen | hat zuletzt erkennbar von der individuellen Unterstützung in der Nachhilfe profitiert | plant Lernaktivitäten eher selten im Voraus | schlägt regelmäßig sinnvolle Übungen oder Themen vor, an denen er arbeiten möchte | kann den eigenen Lösungsweg häufig nachvollziehbar mündlich präsentieren | Muss unbedingt Mathematik Lehrbuch mit zur NH bringen",0.01488819128733998,-0.090384799326371,-0.17843939295539,-0.17191847950948996,0.11769817525710996,0.08243021228810005,0.09843588259614999
2025-09-16,19,0,4,733,1097,Funktionen: Sinusfunktion,"strukturierung, regelhinweise, emotionale_stuetzung",0.1790886039313828,-1.8562256366761,0.016036470667469493,1,0,kognition,methodik,"kann mittlerweile zuvor schwierige Aufgaben teilweise bewältigen | hat zuletzt erkennbar von der individuellen Unterstützung in der Nachhilfe profitiert | plant Lernaktivitäten eher selten im Voraus | schlägt regelmäßig sinnvolle Übungen oder Themen vor, an denen er arbeiten möchte | kann den eigenen Lösungsweg häufig nachvollziehbar mündlich präsentieren | Muss unbedingt Mathematik Lehrbuch mit zur NH bringen",-0.009517721654809908,0.020720459394628004,-0.09202368027186002,-0.001651568194730002,0.09104621480123004,-0.10939128521045005,0.053158740364720014
2025-09-16,19,0,4,733,1098,Funktionen: Sinusfunktion,"strukturierung, regelhinweise, emotionale_stuetzung",0.27064801853312914,2.4633607764669,0.03662540750086818,1,0,methodik,regulation,"kann mittlerweile zuvor schwierige Aufgaben teilweise bewältigen | hat zuletzt erkennbar von der individuellen Unterstützung in der Nachhilfe profitiert | plant Lernaktivitäten eher selten im Voraus | schlägt regelmäßig sinnvolle Übungen oder Themen vor, an denen er arbeiten möchte | kann den eigenen Lösungsweg häufig nachvollziehbar mündlich präsentieren | Muss unbedingt Mathematik Lehrbuch mit zur NH bringen",-0.10251930318710006,0.07471205612398299,0.06365384979819001,0.10136618121434998,-0.16706005121960005,0.08422749989954004,0.08847600431039998
2025-09-16,19,0,4,733,1099,Funktionen: Sinusfunktion,"strukturierung, regelhinweise, emotionale_stuetzung",0.1793487977319936,-0.3725043389728002,0.016083065362016535,1,0,regulation,kognition,"kann mittlerweile zuvor schwierige Aufgaben teilweise bewältigen | hat zuletzt erkennbar von der individuellen Unterstützung in der Nachhilfe profitiert | plant Lernaktivitäten eher selten im Voraus | schlägt regelmäßig sinnvolle Übungen oder Themen vor, an denen er arbeiten möchte | kann den eigenen Lösungsweg häufig nachvollziehbar mündlich präsentieren | Muss unbedingt Mathematik Lehrbuch mit zur NH bringen",0.08019751735572,0.08247127678577,-0.04080826047994,-0.020041442426619982,0.07039717230685,-0.05104199515265001,-0.09646148084760997
2025-09-30,19,0,6,857,1300,"Kreis: Winkel im Kreis, Satz Thales","metakognition, emotionale_stuetzung",0.13787476072543423,0.035557454456100146,0.009504765763940992,1,0,regulation,methodik,"kann stets der Aufgabenstellung entsprechend eine Antwort formulieren | hat zuletzt deutlich von der individuellen Unterstützung in der Nachhilfe profitiert | gibt oft zu erkennen, wenn er etwas nicht verstanden hat | strebt beständig danach, Aufgaben ohne Hilfe zu bewältigen | kann Frustration aufgrund von Fehlern und Rückschlägen normalerweise vermeiden",0.06657926769530997,-0.03465242444431099,0.051307775339095994,-0.07063222573917,0.04875289810342004,-0.0037478066637600116,-0.05799629287287
2025-09-30,19,0,6,857,1301,"Kreis: Winkel im Kreis, Satz Thales","metakognition, emotionale_stuetzung",0.4296734290075028,-2.0931581062774,0.09231018533787105,1,0,methodik,motivation,"kann stets der Aufgabenstellung entsprechend eine Antwort formulieren | hat zuletzt deutlich von der individuellen Unterstützung in der Nachhilfe profitiert | gibt oft zu erkennen, wenn er etwas nicht verstanden hat | strebt beständig danach, Aufgaben ohne Hilfe zu bewältigen | kann Frustration aufgrund von Fehlern und Rückschlägen normalerweise vermeiden",-0.12449619346011997,0.34800229125792703,-0.124495196538084,0.12227608471227003,-0.12546631146131004,-0.04074519295808998,0.012723905600170005
2025-09-30,19,0,6,857,1302,"Kreis: Winkel im Kreis, Satz Thales","metakognition, emotionale_stuetzung",0.4716039006803771,1.1262575105606998,0.11120585368683156,0,0,motivation,motivation,"kann stets der Aufgabenstellung entsprechend eine Antwort formulieren | hat zuletzt deutlich von der individuellen Unterstützung in der Nachhilfe profitiert | gibt oft zu erkennen, wenn er etwas nicht verstanden hat | strebt beständig danach, Aufgaben ohne Hilfe zu bewältigen | kann Frustration aufgrund von Fehlern und Rückschlägen normalerweise vermeiden",-0.021196246247509987,0.01758004250134998,0.439726431108494,0.010051631007009953,-0.12817321856767,-0.03118119411436998,-0.10387920899730002
2025-09-30,19,0,6,857,1303,"Kreis: Winkel im Kreis, Satz Thales","metakognition, emotionale_stuetzung",1.7927881299993678,-1.5810423259536002,1.6070565954467728,1,1,motivation,performanz,"kann stets der Aufgabenstellung entsprechend eine Antwort formulieren | hat zuletzt deutlich von der individuellen Unterstützung in der Nachhilfe profitiert | gibt oft zu erkennen, wenn er etwas nicht verstanden hat | strebt beständig danach, Aufgaben ohne Hilfe zu bewältigen | kann Frustration aufgrund von Fehlern und Rückschlägen normalerweise vermeiden",-0.56961246683318,-0.30729973340171,-0.65437570288625,-0.76438815635596,-0.38177624805196997,-1.24559295524984,-0.292311584950513
2025-10-28,19,0,6,853,1281,Algebra: Rationale Zahlen,"lob, strukturierung, regelhinweise, metakognition",1.8242445900812558,2.1304394195794,1.663945958189875,1,1,performanz,kognition,"nutzt regelmäßig erlaubte Hilfsmittel zum Lösen von Aufgaben | Fähigkeit zum Verstehen und Analysieren komplexer Sachverhalte ist über die letzten Wochen unverändert geblieben | plant Lernaktivitäten noch nicht im Voraus | erinnert sich präzise an besprochene Inhalte aus den letzten Nachhilfestunden | kann sich gut auf eine Aufgabe konzentrieren, auch wenn diese als schwierig empfunden wird",0.73781065468286,0.01423366839437,0.40940766063876,0.62679080376858,0.57515945316352,1.31859006740502,0.391575865267663
2025-10-28,19,0,6,853,1282,Algebra: Rationale Zahlen,"lob, strukturierung, regelhinweise, metakognition",0.08249458297704265,0.5005336060915999,0.0034026933015877114,0,0,kognition,kognition,"nutzt regelmäßig erlaubte Hilfsmittel zum Lösen von Aufgaben | Fähigkeit zum Verstehen und Analysieren komplexer Sachverhalte ist über die letzten Wochen unverändert geblieben | plant Lernaktivitäten noch nicht im Voraus | erinnert sich präzise an besprochene Inhalte aus den letzten Nachhilfestunden | kann sich gut auf eine Aufgabe konzentrieren, auch wenn diese als schwierig empfunden wird",0.04058879898518997,-0.06295449028195299,-0.021991865511969994,-0.015005205305100022,-0.002862349102169981,0.0068050304212300405,-0.02076867724421
2025-10-28,19,0,6,853,1283,Algebra: Rationale Zahlen,"lob, strukturierung, regelhinweise, metakognition",0.14200048571037815,-2.4011647192392,0.010082133255309822,1,0,kognition,methodik,"nutzt regelmäßig erlaubte Hilfsmittel zum Lösen von Aufgaben | Fähigkeit zum Verstehen und Analysieren komplexer Sachverhalte ist über die letzten Wochen unverändert geblieben | plant Lernaktivitäten noch nicht im Voraus | erinnert sich präzise an besprochene Inhalte aus den letzten Nachhilfestunden | kann sich gut auf eine Aufgabe konzentrieren, auch wenn diese als schwierig empfunden wird",-0.02726245937500993,-0.008328971272849997,-0.06465152631322,-0.01566693370323996,0.11094025159300003,-0.047060356379680035,-0.020095652663050023
2025-10-28,19,0,6,853,1284,Algebra: Rationale Zahlen,"lob, strukturierung, regelhinweise, metakognition",0.2374496937413434,1.6118253940251002,0.028191370145084882,1,0,methodik,kognition,"nutzt regelmäßig erlaubte Hilfsmittel zum Lösen von Aufgaben | Fähigkeit zum Verstehen und Analysieren komplexer Sachverhalte ist über die letzten Wochen unverändert geblieben | plant Lernaktivitäten noch nicht im Voraus | erinnert sich präzise an besprochene Inhalte aus den letzten Nachhilfestunden | kann sich gut auf eine Aufgabe konzentrieren, auch wenn diese als schwierig empfunden wird",0.04787550754385994,-0.021761590896425,0.10057521989476,-0.003708105819740015,-0.14879289455704003,0.12876276510034002,-0.06905379022425001
2025-10-28,19,0,6,853,1285,Algebra: Rationale Zahlen,"lob, strukturierung, regelhinweise, metakognition",0.3210049335139425,-0.30608188130670033,0.051522355165938394,1,0,kognition,performanz,"nutzt regelmäßig erlaubte Hilfsmittel zum Lösen von Aufgaben | Fähigkeit zum Verstehen und Analysieren komplexer Sachverhalte ist über die letzten Wochen unverändert geblieben | plant Lernaktivitäten noch nicht im Voraus | erinnert sich präzise an besprochene Inhalte aus den letzten Nachhilfestunden | kann sich gut auf eine Aufgabe konzentrieren, auch wenn diese als schwierig empfunden wird",-0.17349281795636,0.17107216424528798,0.12357590711026001,0.10838234383169998,-0.08122336130669,-0.025996168779599982,0.09689144230805002
2025-11-04,19,0,6,851,1272,Algebra: Rationale Zahlen,"strukturierung, metakognition",0.3467175669401532,0.2542755796231,0.06010685436158414,1,0,performanz,kognition,kann erlerntes Wissen weitgehend in eigenen Worten wiedergeben | Selbstständigkeit hat sich in den letzten Wochen verbessert | zeigt meistens Engagement bei der Vorbereitung auf die Nachhilfestunden | geht strukturiert an Aufgaben heran | kommuniziert seine Gedanken und Ideen verständlich und nachvollziehbar,0.17299807397031003,-0.15648019816634298,-0.20859529781497,-0.08214905130670996,0.11143876812309,-0.024884617460000036,-0.05000377067035999
2025-11-04,19,0,6,851,1273,Algebra: Rationale Zahlen,"strukturierung, metakognition",0.16501896047989142,-0.6382737269562999,0.013615705253028909,0,0,kognition,kognition,kann erlerntes Wissen weitgehend in eigenen Worten wiedergeben | Selbstständigkeit hat sich in den letzten Wochen verbessert | zeigt meistens Engagement bei der Vorbereitung auf die Nachhilfestunden | geht strukturiert an Aufgaben heran | kommuniziert seine Gedanken und Ideen verständlich und nachvollziehbar,-0.024899971797579967,0.08609494856696301,0.08714754434228,-0.06344935324138001,-0.016250813515469975,-0.029886898206549994,0.08013162932097001
2025-11-04,19,0,6,851,1274,Algebra: Rationale Zahlen,"strukturierung, metakognition",0.45573697035447663,-0.27471037282459987,0.10384875851993525,0,0,kognition,kognition,kann erlerntes Wissen weitgehend in eigenen Worten wiedergeben | Selbstständigkeit hat sich in den letzten Wochen verbessert | zeigt meistens Engagement bei der Vorbereitung auf die Nachhilfestunden | geht strukturiert an Aufgaben heran | kommuniziert seine Gedanken und Ideen verständlich und nachvollziehbar,0.08173517396458996,0.14004222826411,0.18080910588509996,0.05888113058514999,-0.018138370613090038,-0.08491985329531998,-0.371085461188561
2025-11-04,19,0,6,851,1275,Algebra: Rationale Zahlen,"strukturierung, metakognition",0.28315923457490766,0.4919020133426,0.04008982529109295,0,0,kognition,kognition,kann erlerntes Wissen weitgehend in eigenen Worten wiedergeben | Selbstständigkeit hat sich in den letzten Wochen verbessert | zeigt meistens Engagement bei der Vorbereitung auf die Nachhilfestunden | geht strukturiert an Aufgaben heran | kommuniziert seine Gedanken und Ideen verständlich und nachvollziehbar,-0.001041628496110003,0.02556045926256001,-0.21907874516470996,-0.04190935764616999,0.09607028099882003,-0.004883059423960001,0.143246277632691
2025-11-11,19,0,6,1266,2011,Algebra: Rationale Zahlen Addition,"lob, strukturierung",0.355765200927234,0.7558513155818001,0.0632847701970406,1,0,kognition,performanz,"kann sein Wissen in Testsituationen bzw. unter Druck gut anwenden | Ausdauer hat sich erhöht | versucht sich oftmals erneut an Aufgaben, mit denen es kurz zuvor Probleme gab | kann Wissen gut in Diagrammen, Skizzen oder Mindmaps visualisieren | Lernmaterialien und Notizen sind organisiert",-0.17009550963436,-0.10250009143567002,0.12043698758640001,0.12276056819574999,-0.12837373364672,0.12747788299218998,0.15755784913326998
2025-11-11,19,0,6,1266,2012,Algebra: Rationale Zahlen Addition,"lob, strukturierung",0.4867788322083864,-2.0584984591683,0.11847763902430808,1,0,performanz,kognition,"kann sein Wissen in Testsituationen bzw. unter Druck gut anwenden | Ausdauer hat sich erhöht | versucht sich oftmals erneut an Aufgaben, mit denen es kurz zuvor Probleme gab | kann Wissen gut in Diagrammen, Skizzen oder Mindmaps visualisieren | Lernmaterialien und Notizen sind organisiert",0.14900149984189998,0.18011704365875003,0.13333154561221,-0.015368113674609996,-0.02192977976099003,-0.23342375360147,-0.330649347732057
2025-11-11,19,0,6,1266,2013,Algebra: Rationale Zahlen Addition,"lob, strukturierung",0.7161089544362048,-0.3960949652975001,0.25640863204010733,1,0,kognition,performanz,"kann sein Wissen in Testsituationen bzw. unter Druck gut anwenden | Ausdauer hat sich erhöht | versucht sich oftmals erneut an Aufgaben, mit denen es kurz zuvor Probleme gab | kann Wissen gut in Diagrammen, Skizzen oder Mindmaps visualisieren | Lernmaterialien und Notizen sind organisiert",-0.21519453292155,-0.34239468112348104,-0.19621693167941,-0.032476186063659984,-0.12762174003285998,0.49330994906139,0.223766460069087
2025-11-11,19,0,6,1266,2014,Algebra: Rationale Zahlen Addition,"lob, strukturierung",0.4891356845287383,2.4047423002870003,0.11962781552580393,1,0,performanz,methodik,"kann sein Wissen in Testsituationen bzw. unter Druck gut anwenden | Ausdauer hat sich erhöht | versucht sich oftmals erneut an Aufgaben, mit denen es kurz zuvor Probleme gab | kann Wissen gut in Diagrammen, Skizzen oder Mindmaps visualisieren | Lernmaterialien und Notizen sind organisiert",0.009914382700009994,0.04571023346512099,-0.166981020906664,0.06436919435286997,0.26291660130801,-0.30801218930508995,0.20259144829706
2025-11-18,19,0,6,1263,1997,Grundrechenarten: Rat.zahlen Addition subtr.,strukturierung,0.2574742065004141,-0.21228210243900003,0.03314664603562112,1,0,methodik,kognition,"nutzt oft die gegebenen Tipps | Einfluss der Nachhilfe auf die gesamte schulische Entwicklung positiv | Lernmaterialien und Notizen sind sehr organisiert | strebt beständig danach, Aufgaben ohne Hilfe zu bewältigen | gibt oft zu erkennen, wenn er ein Problem mit einer Aufgabenstellung hat",0.13995150086099006,-0.045877847833195,0.11184758239856399,-0.11344620853266996,-0.01770645562727996,0.061617561286559985,-0.12292925261849996
2025-11-18,19,0,6,1263,1998,Grundrechenarten: Rat.zahlen Addition subtr.,strukturierung,0.2456260378147509,0.7114306011548002,0.0301662154697403,1,0,kognition,regulation,"nutzt oft die gegebenen Tipps | Einfluss der Nachhilfe auf die gesamte schulische Entwicklung positiv | Lernmaterialien und Notizen sind sehr organisiert | strebt beständig danach, Aufgaben ohne Hilfe zu bewältigen | gibt oft zu erkennen, wenn er ein Problem mit einer Aufgabenstellung hat",-0.12406096050067006,0.048426006295970006,-0.10843545869631199,0.12034070170310995,0.0007005508317299847,-0.05621696761798001,0.11486939991896
2025-11-18,19,0,6,1263,1999,Grundrechenarten: Rat.zahlen Addition subtr.,strukturierung,0.5734264675133671,-0.9928516765002002,0.16440975267342617,1,0,regulation,motivation,"nutzt oft die gegebenen Tipps | Einfluss der Nachhilfe auf die gesamte schulische Entwicklung positiv | Lernmaterialien und Notizen sind sehr organisiert | strebt beständig danach, Aufgaben ohne Hilfe zu bewältigen | gibt oft zu erkennen, wenn er ein Problem mit einer Aufgabenstellung hat",-0.07421524503488997,0.33634085225849497,0.37319499550517204,0.04604192921208,-0.21255015980389003,-0.07568643694723998,-0.13373283465625002
2025-11-18,19,0,6,1263,2000,Grundrechenarten: Rat.zahlen Addition subtr.,strukturierung,0.5435125857542558,-0.24887732676240004,0.14770379400487466,1,0,motivation,regulation,"nutzt oft die gegebenen Tipps | Einfluss der Nachhilfe auf die gesamte schulische Entwicklung positiv | Lernmaterialien und Notizen sind sehr organisiert | strebt beständig danach, Aufgaben ohne Hilfe zu bewältigen | gibt oft zu erkennen, wenn er ein Problem mit einer Aufgabenstellung hat",0.024023342223879973,-0.09835868798672998,-0.474340889349584,-0.030376519559119963,0.20019600978302,0.002217239646119973,0.13837993953254002
2025-11-25,19,0,6,1262,1993,Grundrechenarten: Rationale zahlen multiplizieren.,"metakognition, emotionale_stuetzung",0.4276931175615558,0.9796395147231998,0.09146117358104189,1,0,regulation,kognition,"ist überwiegend in der Lage, fremde Lösungen zu prüfen und enthaltene Fehler zu erkennen | Beteiligung am Unterricht hat sich verbessert | muss selten an formale Vorgehensweisen erinnert werden | ist allgemein motiviert | strebt kontinuierlich danach, Aufgaben selbstständig, also ohne Hilfe, zu lösen",0.21478589184687996,-0.25650552703822704,0.187937396557304,-0.11461572880160004,-0.006417449554149968,0.09010530489884999,-0.11989978368934001
2025-11-25,19,0,6,1262,1994,Grundrechenarten: Rationale zahlen multiplizieren.,"metakognition, emotionale_stuetzung",0.3295149960979896,-1.2434338632843995,0.05429035967172968,1,0,kognition,performanz,"ist überwiegend in der Lage, fremde Lösungen zu prüfen und enthaltene Fehler zu erkennen | Beteiligung am Unterricht hat sich verbessert | muss selten an formale Vorgehensweisen erinnert werden | ist allgemein motiviert | strebt kontinuierlich danach, Aufgaben selbstständig, also ohne Hilfe, zu lösen",-0.13478683025360993,0.262160234039017,-0.089830105064329,0.09570721508369001,-0.058524610916599995,0.010471014785910004,0.030340792733879962
2025-11-25,19,0,6,1262,1995,Grundrechenarten: Rationale zahlen multiplizieren.,"metakognition, emotionale_stuetzung",0.2962119548556579,-1.0107766775599,0.043871101112693545,1,0,performanz,regulation,"ist überwiegend in der Lage, fremde Lösungen zu prüfen und enthaltene Fehler zu erkennen | Beteiligung am Unterricht hat sich verbessert | muss selten an formale Vorgehensweisen erinnert werden | ist allgemein motiviert | strebt kontinuierlich danach, Aufgaben selbstständig, also ohne Hilfe, zu lösen",-0.026812986159169994,-0.264360253671821,-0.014812357782579999,-0.03381457492850998,0.07151544485205996,-0.004877595965240011,0.10312691712519001
2025-11-25,19,0,6,1262,1996,Grundrechenarten: Rationale zahlen multiplizieren.,"metakognition, emotionale_stuetzung",0.5480392994420554,2.1060681061799995,0.15017457986789873,1,0,regulation,motivation,"ist überwiegend in der Lage, fremde Lösungen zu prüfen und enthaltene Fehler zu erkennen | Beteiligung am Unterricht hat sich verbessert | muss selten an formale Vorgehensweisen erinnert werden | ist allgemein motiviert | strebt kontinuierlich danach, Aufgaben selbstständig, also ohne Hilfe, zu lösen",-0.07806763934857003,0.328449395841011,0.350397701586929,0.09046526213147998,-0.17909405542071,-0.06673630731118996,-0.13741391290792
2025-12-16,19,0,6,1255,1964,Wurzelfunktion/-rechnung: Wurzelrechnung,"aktivierungsfragen, emotionale_stuetzung",0.2963588398120538,0.004486191365700165,0.04391448622723981,1,0,motivation,regulation,"nutz sehr zielgerichtet die im Nachhilfeunterricht vorhandene Hilfsmittel wie Lehrbücher, Arbeitsblätter, Kira oder Tipps des Nachhilfelehrers zum Lösen der Aufgaben | erledigt seine Hausaufgaben, die er durch die Nachhilfe erhält, sehr zuverlässig | erinnert sich sehr häufig an besprochene Inhalte aus den letzten Nachhilfestunden | arbeitet durchgängig konzentriert | braucht nie Ermutigung nach Misserfolgen",0.06243856323350999,-0.05508963411932,-0.20594869425164,-0.08670882303407002,0.11197214670970002,-0.00789404703157004,0.13550556333766
2025-12-16,19,0,6,1255,1966,Wurzelfunktion/-rechnung: Wurzelrechnung,"aktivierungsfragen, emotionale_stuetzung",0.38907164354064816,-0.49125406766729984,0.07568874841001416,1,0,regulation,kognition,"nutz sehr zielgerichtet die im Nachhilfeunterricht vorhandene Hilfsmittel wie Lehrbücher, Arbeitsblätter, Kira oder Tipps des Nachhilfelehrers zum Lösen der Aufgaben | erledigt seine Hausaufgaben, die er durch die Nachhilfe erhält, sehr zuverlässig | erinnert sich sehr häufig an besprochene Inhalte aus den letzten Nachhilfestunden | arbeitet durchgängig konzentriert | braucht nie Ermutigung nach Misserfolgen",0.21064811735551997,-0.26963616617499103,-0.010379009923170007,-0.07304430012088997,0.008715795012749994,0.07842369979346003,-0.15043608926489
2025-09-03,19,0,18,1755,3274,Exponentialgleichung/-funktion: expot.Wachstum Vorb. Test (Mo.),"lob, emotionale_stuetzung",0.349584008466507,-0.4275629260567002,0.06110479702634575,1,0,kognition,performanz,"nutzt immer die vermittelten Methoden | hat zuletzt erkennbar von der individuellen Unterstützung in der Nachhilfe profitiert | kann gut mit Druck umgehen, wenn Aufgaben schwieriger werden | wird von schwierigeren Aufgaben nur selten motiviert | löst komplexe Aufgaben eher langsam",-0.16287838798161997,0.204887442103631,0.14615787329921,0.11187112393576998,-0.1194337195381,-0.022114017002310027,0.07120414569087002
2025-09-10,19,0,18,1753,3263,Prüfungsvorbereitung: BLF Teil B,strukturierung,0.37148712199605977,0.5900318834263003,0.06900168206653245,1,0,performanz,kognition,konnte Wissen in der heutigen Stunde deutlich erweitern | konnte in den vergangenen Wochen einige neue Lernstrategien durch die Nachhilfe entwickeln | kann den eigenen Lösungsweg häufig nachvollziehbar schriftlich präsentieren | erklärt komplexe Sachverhalte meistens in einer logischen Reihenfolge | teilt sich die eigene Lernzeit weniger angemessen ein,0.18059050358402,-0.19089328361922,-0.22664311418855004,-0.07773326806078001,0.10188953057631,-0.010237928553889997,-0.03246001076138
2025-09-10,19,0,18,1753,3264,Prüfungsvorbereitung: BLF Teil B,strukturierung,0.10411459622268569,0.27467665301379984,0.005419948690573939,0,0,kognition,kognition,konnte Wissen in der heutigen Stunde deutlich erweitern | konnte in den vergangenen Wochen einige neue Lernstrategien durch die Nachhilfe entwickeln | kann den eigenen Lösungsweg häufig nachvollziehbar schriftlich präsentieren | erklärt komplexe Sachverhalte meistens in einer logischen Reihenfolge | teilt sich die eigene Lernzeit weniger angemessen ein,0.02401918567502004,0.013031294080152002,0.06730075635795,-0.03224238920056999,0.03986161103769004,-0.04715878999789003,-0.026669275663580017
2025-09-10,19,0,18,1753,3265,Prüfungsvorbereitung: BLF Teil B,strukturierung,0.19811191982207527,-0.20251480956540036,0.019624252977984424,0,0,kognition,kognition,konnte Wissen in der heutigen Stunde deutlich erweitern | konnte in den vergangenen Wochen einige neue Lernstrategien durch die Nachhilfe entwickeln | kann den eigenen Lösungsweg häufig nachvollziehbar schriftlich präsentieren | erklärt komplexe Sachverhalte meistens in einer logischen Reihenfolge | teilt sich die eigene Lernzeit weniger angemessen ein,-0.07357080876361005,0.150878339739818,-0.055993606422219996,0.07777770391858002,-0.02793408618742005,0.0033049550905300262,0.033098404561600014
2025-09-10,19,0,18,1753,3266,Prüfungsvorbereitung: BLF Teil B,strukturierung,0.2013631549963606,-1.1102658607083997,0.02027366682388887,0,0,kognition,kognition,konnte Wissen in der heutigen Stunde deutlich erweitern | konnte in den vergangenen Wochen einige neue Lernstrategien durch die Nachhilfe entwickeln | kann den eigenen Lösungsweg häufig nachvollziehbar schriftlich präsentieren | erklärt komplexe Sachverhalte meistens in einer logischen Reihenfolge | teilt sich die eigene Lernzeit weniger angemessen ein,0.07620620797721006,-0.16262979596660498,-0.033658716801683,-0.047873211876260036,-0.04894616044426997,0.0008863533446499816,0.04969927205815
2025-09-17,19,0,18,1751,3253,Prüfungsvorbereitung: BLF Teil B,"regelhinweise, metakognition",0.2275029894608747,0.6892593579905997,0.025878947468407354,1,0,kognition,regulation,muss regelmäßig an grundlegende Vorgehensweisen des Faches MAT erinnert werden | Prüfungsangst des Schülers hat sich verringert | kann sich nur bedingt an früher Gelerntes erinnern und es nutzen | ist offen für andere Lösungsansätze | muss regelmäßig an formale Vorgehensweisen erinnert werden | Formelsammlung und wiss. Taschenrechner müssen immer mitgebracht werden!,-0.16656415082744003,0.098191431015185,0.034882699481333004,0.05357779657466,-0.009933104786220004,0.00777494026122999,0.10062771721696995
2025-09-17,19,0,18,1751,3254,Prüfungsvorbereitung: BLF Teil B,"regelhinweise, metakognition",1.9700146028743952,-1.5760463884969997,1.940491567534933,1,1,regulation,performanz,muss regelmäßig an grundlegende Vorgehensweisen des Faches MAT erinnert werden | Prüfungsangst des Schülers hat sich verringert | kann sich nur bedingt an früher Gelerntes erinnern und es nutzen | ist offen für andere Lösungsansätze | muss regelmäßig an formale Vorgehensweisen erinnert werden | Formelsammlung und wiss. Taschenrechner müssen immer mitgebracht werden!,-0.61320711963076,-0.29250045738557,-0.4116560905025,-0.7709274518031699,-0.65260438976946,-1.03362791701974,-1.07764048421599
2025-09-17,19,0,18,1751,3255,Prüfungsvorbereitung: BLF Teil B,"regelhinweise, metakognition",1.949030756755614,0.7528317999465002,1.8993741956637336,1,1,performanz,kognition,muss regelmäßig an grundlegende Vorgehensweisen des Faches MAT erinnert werden | Prüfungsangst des Schülers hat sich verringert | kann sich nur bedingt an früher Gelerntes erinnern und es nutzen | ist offen für andere Lösungsansätze | muss regelmäßig an formale Vorgehensweisen erinnert werden | Formelsammlung und wiss. Taschenrechner müssen immer mitgebracht werden!,0.70622316623945,0.19793139954716402,0.358430465972656,0.7567606490190699,0.6736301471227399,1.0868814375054,0.96153261940084
2025-09-17,19,0,18,1751,3256,Prüfungsvorbereitung: BLF Teil B,"regelhinweise, metakognition",0.2532920217521027,0.18084278946389976,0.03207861989907457,1,0,kognition,regulation,muss regelmäßig an grundlegende Vorgehensweisen des Faches MAT erinnert werden | Prüfungsangst des Schülers hat sich verringert | kann sich nur bedingt an früher Gelerntes erinnern und es nutzen | ist offen für andere Lösungsansätze | muss regelmäßig an formale Vorgehensweisen erinnert werden | Formelsammlung und wiss. Taschenrechner müssen immer mitgebracht werden!,-0.14815020406311996,0.111888817583606,0.064918501664674,0.010617095452169989,0.006850017918569984,-0.07176234989449998,0.14200480849948
2025-09-24,19,0,18,1750,3248,Exponentialgleichung/-funktion: exp.Funktionen & expon.Wachstum Vorbereitung auf Klassenarbeit,metakognition,0.7585402674659624,-2.4838250180024497,0.28769576767654514,0,0,regulation,regulation,"hat sich in Bereichen, die zuvor als schwierig identifiziert wurden, etwas verbessert | Selbstständigkeit hat sich in den letzten Wochen etwas verbessert | ist wenig zugänglich für spontane Wiederholungen | kann Wissen, das in den letzten Nachhilfestunden thematisiert wurde, meistens abrufen | ergreift stets die Möglichkeit, Hilfsmittel (z.B. Taschenrechner, Tafelwerk, Wörterbuch) zu nutzen",-0.44668964036799,-0.120293008253648,-0.30119721391362,0.11271505755331002,-0.48910093114389197,0.11608012559728997,0.07254331428505001
2025-09-24,19,0,18,1750,3249,Exponentialgleichung/-funktion: exp.Funktionen & expon.Wachstum Vorbereitung auf Klassenarbeit,metakognition,1.0412844407100947,1.69712775911495,0.5421448573762028,1,0,regulation,kognition,"hat sich in Bereichen, die zuvor als schwierig identifiziert wurden, etwas verbessert | Selbstständigkeit hat sich in den letzten Wochen etwas verbessert | ist wenig zugänglich für spontane Wiederholungen | kann Wissen, das in den letzten Nachhilfestunden thematisiert wurde, meistens abrufen | ergreift stets die Möglichkeit, Hilfsmittel (z.B. Taschenrechner, Tafelwerk, Wörterbuch) zu nutzen",0.68861584714582,0.121206376349278,0.41935248582164,-0.29484348983090003,0.510158055382122,-0.17178780152219997,-0.20695176919588
2025-09-24,19,0,18,1750,3251,Exponentialgleichung/-funktion: exp.Funktionen & expon.Wachstum Vorbereitung auf Klassenarbeit,metakognition,0.2303031291614289,1.3636472272661,0.02651993548295395,0,0,kognition,kognition,"hat sich in Bereichen, die zuvor als schwierig identifiziert wurden, etwas verbessert | Selbstständigkeit hat sich in den letzten Wochen etwas verbessert | ist wenig zugänglich für spontane Wiederholungen | kann Wissen, das in den letzten Nachhilfestunden thematisiert wurde, meistens abrufen | ergreift stets die Möglichkeit, Hilfsmittel (z.B. Taschenrechner, Tafelwerk, Wörterbuch) zu nutzen",0.0021326682100399896,-0.117626141874586,-0.13500636683193,0.10472129968455998,-0.01483970578881999,0.08420742561562,-0.05191046798153004
2025-09-24,19,0,18,1750,3252,Exponentialgleichung/-funktion: exp.Funktionen & expon.Wachstum Vorbereitung auf Klassenarbeit,metakognition,0.26728744286986755,0.5344683258987994,0.035721458759881974,0,0,kognition,kognition,"hat sich in Bereichen, die zuvor als schwierig identifiziert wurden, etwas verbessert | Selbstständigkeit hat sich in den letzten Wochen etwas verbessert | ist wenig zugänglich für spontane Wiederholungen | kann Wissen, das in den letzten Nachhilfestunden thematisiert wurde, meistens abrufen | ergreift stets die Möglichkeit, Hilfsmittel (z.B. Taschenrechner, Tafelwerk, Wörterbuch) zu nutzen",-0.06745832493875004,0.162703179814696,0.17040762401484,0.05637879854253003,0.018083730463099967,-0.03306156471416,-0.08235418127979
2025-10-01,19,0,18,1748,3239,Funktionen: BLF Aufgaben,"lob, metakognition",0.24035740010770576,-1.6308452334960997,0.02888600566889188,1,0,kognition,performanz,"erkennt und korrigiert eigene Fehler nur teilweise selbstständig | Ausdauer hat sich verbessert | kann sich weniger gut auf eine Aufgabe konzentrieren, wenn diese als zu schwer empfunden wird | nutzt Fehler und Korrekturen während des Unterrichts häufig für das eigene Lernwachstum | kann bereits erlerntes Wissen schnell aus dem Gedächtnis wieder abrufen",-0.027714919344899946,-0.15929640905911302,-0.05868861098582001,0.05199735577955,-0.10409722906857,0.09120099831365003,0.07953793957881
2025-10-01,19,0,18,1748,3240,Funktionen: BLF Aufgaben,"lob, metakognition",0.21841292775393134,0.5853218519493,0.023852256586160525,0,0,performanz,performanz,"erkennt und korrigiert eigene Fehler nur teilweise selbstständig | Ausdauer hat sich verbessert | kann sich weniger gut auf eine Aufgabe konzentrieren, wenn diese als zu schwer empfunden wird | nutzt Fehler und Korrekturen während des Unterrichts häufig für das eigene Lernwachstum | kann bereits erlerntes Wissen schnell aus dem Gedächtnis wieder abrufen",-0.06175917842712003,0.170166753324883,0.0826323963033,-0.02889503492069001,0.010018632987950027,-0.06223420600110008,0.05741760694675002
2025-10-01,19,0,18,1748,3241,Funktionen: BLF Aufgaben,"lob, metakognition",0.36470836860001776,0.12940914006740023,0.06650647713280766,1,0,performanz,kognition,"erkennt und korrigiert eigene Fehler nur teilweise selbstständig | Ausdauer hat sich verbessert | kann sich weniger gut auf eine Aufgabe konzentrieren, wenn diese als zu schwer empfunden wird | nutzt Fehler und Korrekturen während des Unterrichts häufig für das eigene Lernwachstum | kann bereits erlerntes Wissen schnell aus dem Gedächtnis wieder abrufen",0.18347510656895005,-0.171809355161434,-0.12104150466055999,-0.11492804005003998,0.10574801139205997,0.02368143650696003,-0.17386107179805
2025-10-01,19,0,18,1748,3242,Funktionen: BLF Aufgaben,"lob, metakognition",0.2145023574800056,0.4253417096951999,0.023005752848445638,1,0,kognition,performanz,"erkennt und korrigiert eigene Fehler nur teilweise selbstständig | Ausdauer hat sich verbessert | kann sich weniger gut auf eine Aufgabe konzentrieren, wenn diese als zu schwer empfunden wird | nutzt Fehler und Korrekturen während des Unterrichts häufig für das eigene Lernwachstum | kann bereits erlerntes Wissen schnell aus dem Gedächtnis wieder abrufen",-0.11039938598905008,-0.0039141081989330015,-0.04963683315638001,0.08880966973516996,-0.06538306421376999,0.05685050357979998,0.12629338544517998
2025-10-29,19,0,18,1743,3215,Stochastik (Wahrscheinlichkeitsrechnung): Vorbereitung auf Test,metakognition,0.15811418575943942,-1.9526001397853001,0.012500140512579971,0,0,performanz,performanz,"nutzt überwiegend die vermittelten Methoden | Notenentwicklung in den letzten Wochen unverändert | arbeitet wenig konsequent auf langfristige Ziele hin, bei denen sofortige Erfolge gelegentlich ausbleiben | Fähigkeit zum Verstehen und Umsetzen komplexer Anweisungen ist wenig ausgeprägt | ergreift hin und wieder die Möglichkeit, Hilfsmittel (z.B. Taschenrechner, Tafelwerk, Wörterbuch) zu nutzen",-0.08250245837414993,0.036701624392125994,-0.050238185339157,0.09574031926260002,-0.047133272533250004,-0.005412529480320005,0.05390274588392002
2025-10-29,19,0,18,1743,3216,Stochastik (Wahrscheinlichkeitsrechnung): Vorbereitung auf Test,metakognition,0.31951432674761554,1.2195257044728,0.0510451096037694,1,0,performanz,kognition,"nutzt überwiegend die vermittelten Methoden | Notenentwicklung in den letzten Wochen unverändert | arbeitet wenig konsequent auf langfristige Ziele hin, bei denen sofortige Erfolge gelegentlich ausbleiben | Fähigkeit zum Verstehen und Umsetzen komplexer Anweisungen ist wenig ausgeprägt | ergreift hin und wieder die Möglichkeit, Hilfsmittel (z.B. Taschenrechner, Tafelwerk, Wörterbuch) zu nutzen",0.13879027159468993,-0.03923531907127199,0.134581668908477,-0.19894478916356,0.09374360213458,-0.00952085233333999,-0.12131566647876002
2025-10-29,19,0,18,1743,3217,Stochastik (Wahrscheinlichkeitsrechnung): Vorbereitung auf Test,metakognition,0.394730246776414,0.8369882933230004,0.07790641324713754,1,0,kognition,motivation,"nutzt überwiegend die vermittelten Methoden | Notenentwicklung in den letzten Wochen unverändert | arbeitet wenig konsequent auf langfristige Ziele hin, bei denen sofortige Erfolge gelegentlich ausbleiben | Fähigkeit zum Verstehen und Umsetzen komplexer Anweisungen ist wenig ausgeprägt | ergreift hin und wieder die Möglichkeit, Hilfsmittel (z.B. Taschenrechner, Tafelwerk, Wörterbuch) zu nutzen",-0.18523007347701997,0.24140513710716302,0.11387046112420002,0.20451309748313,-0.07751985793554,-0.04911574096236998,-0.003402063304400016
2025-10-29,19,0,18,1743,3218,Stochastik (Wahrscheinlichkeitsrechnung): Vorbereitung auf Test,metakognition,0.4021154590200082,0.2792795983945995,0.08084880346494128,1,0,motivation,kognition,"nutzt überwiegend die vermittelten Methoden | Notenentwicklung in den letzten Wochen unverändert | arbeitet wenig konsequent auf langfristige Ziele hin, bei denen sofortige Erfolge gelegentlich ausbleiben | Fähigkeit zum Verstehen und Umsetzen komplexer Anweisungen ist wenig ausgeprägt | ergreift hin und wieder die Möglichkeit, Hilfsmittel (z.B. Taschenrechner, Tafelwerk, Wörterbuch) zu nutzen",0.15381176973771,-0.22358683484891903,-0.23138502236491001,-0.13146016378414,0.09662902994812,-0.0067823125330200296,0.08856487298186999
2025-10-29,19,0,18,1743,3219,Stochastik (Wahrscheinlichkeitsrechnung): Vorbereitung auf Test,metakognition,0.2602863837387855,0.048479996193799835,0.03387465481708307,0,0,kognition,kognition,"nutzt überwiegend die vermittelten Methoden | Notenentwicklung in den letzten Wochen unverändert | arbeitet wenig konsequent auf langfristige Ziele hin, bei denen sofortige Erfolge gelegentlich ausbleiben | Fähigkeit zum Verstehen und Umsetzen komplexer Anweisungen ist wenig ausgeprägt | ergreift hin und wieder die Möglichkeit, Hilfsmittel (z.B. Taschenrechner, Tafelwerk, Wörterbuch) zu nutzen",-0.017519773438870012,0.152736392011729,0.17615843470790002,0.041854309114599975,-0.015354003073389966,-0.03685073279588996,-0.09867296704536
2025-11-05,19,0,18,1741,3206,Stochastik (Wahrscheinlichkeitsrechnung): Baumdiagramm,metakognition,0.3288152732070926,0.19957385065180056,0.05405998113984889,1,0,kognition,regulation,"kann meistens der Aufgabenstellung entsprechend eine Antwort formulieren | Selbstständigkeit hat sich in den letzten Wochen etwas verbessert | vermeidet Flüchtigkeitsfehler überwiegend | offen für neue Strategien oder Herangehensweisen beim Lernen, besonders nach Misserfolgen | ist oft fähig, Aufgaben ohne direkte Anleitung zu beenden",-0.09393014131821997,-0.12515720753781,-0.21857096656839503,0.035686860706440005,-0.002145259564780011,0.02493121921518998,0.18428048883062004
2025-11-05,19,0,18,1741,3207,Stochastik (Wahrscheinlichkeitsrechnung): Baumdiagramm,metakognition,0.347694852763972,-2.0385903246314,0.06044622005296296,1,0,regulation,kognition,"kann meistens der Aufgabenstellung entsprechend eine Antwort formulieren | Selbstständigkeit hat sich in den letzten Wochen etwas verbessert | vermeidet Flüchtigkeitsfehler überwiegend | offen für neue Strategien oder Herangehensweisen beim Lernen, besonders nach Misserfolgen | ist oft fähig, Aufgaben ohne direkte Anleitung zu beenden",0.16830443919669003,0.07691228910147001,0.186916904848435,-0.20547368239015,0.002249385252309999,-0.07789364441101998,-0.05848062177926
2025-11-05,19,0,18,1741,3208,Stochastik (Wahrscheinlichkeitsrechnung): Baumdiagramm,metakognition,0.5383129543923025,-0.9296933292857001,0.14489185530242044,1,0,kognition,regulation,"kann meistens der Aufgabenstellung entsprechend eine Antwort formulieren | Selbstständigkeit hat sich in den letzten Wochen etwas verbessert | vermeidet Flüchtigkeitsfehler überwiegend | offen für neue Strategien oder Herangehensweisen beim Lernen, besonders nach Misserfolgen | ist oft fähig, Aufgaben ohne direkte Anleitung zu beenden",-0.35350631127462,0.12830315994116,0.03159979525074,0.20353550926534,-0.23305067564507,-0.0035750254404900428,0.22716024099164
2025-11-05,19,0,18,1741,3209,Stochastik (Wahrscheinlichkeitsrechnung): Baumdiagramm,metakognition,0.4715615180414344,2.6867625187603004,0.11118606105479589,1,0,regulation,kognition,"kann meistens der Aufgabenstellung entsprechend eine Antwort formulieren | Selbstständigkeit hat sich in den letzten Wochen etwas verbessert | vermeidet Flüchtigkeitsfehler überwiegend | offen für neue Strategien oder Herangehensweisen beim Lernen, besonders nach Misserfolgen | ist oft fähig, Aufgaben ohne direkte Anleitung zu beenden",0.25938075864709,-0.016462150587220004,-0.223569682830503,-0.037278958598739975,0.19263172196241,0.08250742207158002,-0.24399447965273002
2025-11-05,19,0,18,1741,3210,Stochastik (Wahrscheinlichkeitsrechnung): Baumdiagramm,metakognition,0.3714367024124638,-0.7688675549937001,0.0689829640038444,0,0,kognition,kognition,"kann meistens der Aufgabenstellung entsprechend eine Antwort formulieren | Selbstständigkeit hat sich in den letzten Wochen etwas verbessert | vermeidet Flüchtigkeitsfehler überwiegend | offen für neue Strategien oder Herangehensweisen beim Lernen, besonders nach Misserfolgen | ist oft fähig, Aufgaben ohne direkte Anleitung zu beenden",0.035858240695919974,-0.26292310137932273,0.160135504770143,-0.10878764085161002,0.07806281318646002,0.08547741211729998,-0.12912215828204998
2025-11-12,19,0,18,1739,3196,Funktionen: Sinusfunktion,metakognition,0.6026352489601179,-0.6837502217874003,0.18158575877938832,1,0,kognition,motivation,"kann mittlerweile zuvor schwierige Aufgaben weitgehend bewältigen | Vorbereitung auf anstehende Tests hat sich verbessert | verhält sich sehr offen, wenn die Lehrkraft über Rückschläge sprechen will (bzw. wenn er selbst darüber sprechen soll) | schafft normalerweise alle Aufgaben in einer Klassenarbeit oder Leistungskontrollen in der dafür angesetzten Zeit | kann komplexe Informationen verständlich mit eigenen Worten erklären",-0.19528408710847994,0.3178054031528627,0.22360334715677,0.29793358614965,-0.25916985923723,-0.12443676374597995,-0.051153608024820024
2025-11-12,19,0,18,1739,3198,Funktionen: Sinusfunktion,metakognition,0.23601204388018152,0.6261110819172,0.02785101811696955,0,0,motivation,motivation,"kann mittlerweile zuvor schwierige Aufgaben weitgehend bewältigen | Vorbereitung auf anstehende Tests hat sich verbessert | verhält sich sehr offen, wenn die Lehrkraft über Rückschläge sprechen will (bzw. wenn er selbst darüber sprechen soll) | schafft normalerweise alle Aufgaben in einer Klassenarbeit oder Leistungskontrollen in der dafür angesetzten Zeit | kann komplexe Informationen verständlich mit eigenen Worten erklären",0.05495486956954998,0.10645960293828999,-0.171412441523,-0.04766426602467999,0.026076899020730016,-0.016472562429210025,0.09350156559783998
2025-11-12,19,0,18,1739,3200,Funktionen: Sinusfunktion,metakognition,0.6186906496986642,0.3269996487490001,0.191390102897932,1,0,motivation,kognition,"kann mittlerweile zuvor schwierige Aufgaben weitgehend bewältigen | Vorbereitung auf anstehende Tests hat sich verbessert | verhält sich sehr offen, wenn die Lehrkraft über Rückschläge sprechen will (bzw. wenn er selbst darüber sprechen soll) | schafft normalerweise alle Aufgaben in einer Klassenarbeit oder Leistungskontrollen in der dafür angesetzten Zeit | kann komplexe Informationen verständlich mit eigenen Worten erklären",0.26327367226779,-0.405860354242848,-0.09782495793383,-0.29620535788322,0.21864348579772996,0.044044989479819996,-0.04111198068100996
2025-11-26,19,0,18,1737,3186,Funktionen: Modif.sinusfunktion,"lob, metakognition",0.30069302350827937,0.37866325131449985,0.045208372020976384,0,0,kognition,kognition,"kann neue Themen bedingt mit bereits erlerntem Wissen verknüpfen | Ausdauer hat sich, vor allem hinsichtlich schwieriger oder umfangreicher Aufgaben, verbessert | vermeidet die Wiederholung von zuvor gemachten Fehlern erfolgreich | kann sich weniger gut auf eine Aufgabe konzentrieren, wenn diese als langweilig empfunden wird | gibt oft zu erkennen, wenn er ein Problem mit einer Aufgabenstellung hat",-0.12834385008078997,0.025555179587621,-0.09257054948670398,0.14919856048958002,-0.09984127828773998,0.03810964020344998,0.17618439408255
2025-11-26,19,0,18,1737,3187,Funktionen: Modif.sinusfunktion,"lob, metakognition",0.5284279356745518,-1.7335608738376997,0.13961893402440673,1,0,kognition,motivation,"kann neue Themen bedingt mit bereits erlerntem Wissen verknüpfen | Ausdauer hat sich, vor allem hinsichtlich schwieriger oder umfangreicher Aufgaben, verbessert | vermeidet die Wiederholung von zuvor gemachten Fehlern erfolgreich | kann sich weniger gut auf eine Aufgabe konzentrieren, wenn diese als langweilig empfunden wird | gibt oft zu erkennen, wenn er ein Problem mit einer Aufgabenstellung hat",-0.27276378746540003,0.273217772632507,0.22560764261387398,0.18053773631838,-0.19163775125952,0.04328328765870004,-0.08998274738762002
2025-11-26,19,0,18,1737,3188,Funktionen: Modif.sinusfunktion,"lob, metakognition",0.500031297958321,0.4094692738654002,0.12501658402414584,1,0,motivation,regulation,"kann neue Themen bedingt mit bereits erlerntem Wissen verknüpfen | Ausdauer hat sich, vor allem hinsichtlich schwieriger oder umfangreicher Aufgaben, verbessert | vermeidet die Wiederholung von zuvor gemachten Fehlern erfolgreich | kann sich weniger gut auf eine Aufgabe konzentrieren, wenn diese als langweilig empfunden wird | gibt oft zu erkennen, wenn er ein Problem mit einer Aufgabenstellung hat",0.21872822244198997,-0.16220460102843998,-0.15331211158668998,-0.2235611132159,0.25172155769614,-0.12278542579499002,0.15477323008945998
2025-11-26,19,0,18,1737,3189,Funktionen: Modif.sinusfunktion,"lob, metakognition",0.1810409868316345,0.36534178227869996,0.016388026303501113,1,0,regulation,performanz,"kann neue Themen bedingt mit bereits erlerntem Wissen verknüpfen | Ausdauer hat sich, vor allem hinsichtlich schwieriger oder umfangreicher Aufgaben, verbessert | vermeidet die Wiederholung von zuvor gemachten Fehlern erfolgreich | kann sich weniger gut auf eine Aufgabe konzentrieren, wenn diese als langweilig empfunden wird | gibt oft zu erkennen, wenn er ein Problem mit einer Aufgabenstellung hat",-0.003607616878829989,-0.054806677411370006,0.11555804269433997,0.022166858778109977,-0.043572316105179976,0.08425219020923003,-0.08316876204017998
2025-11-26,19,0,18,1737,3190,Funktionen: Modif.sinusfunktion,"lob, metakognition",0.4242289694115372,0.18410023897659977,0.08998564637552653,1,0,performanz,regulation,"kann neue Themen bedingt mit bereits erlerntem Wissen verknüpfen | Ausdauer hat sich, vor allem hinsichtlich schwieriger oder umfangreicher Aufgaben, verbessert | vermeidet die Wiederholung von zuvor gemachten Fehlern erfolgreich | kann sich weniger gut auf eine Aufgabe konzentrieren, wenn diese als langweilig empfunden wird | gibt oft zu erkennen, wenn er ein Problem mit einer Aufgabenstellung hat",-0.11030361669199001,0.20592850917301003,-0.314461765442794,0.09666687373308003,0.06547954968506997,-0.10856000389904003,0.03306429291816004
2025-12-03,19,0,18,1735,3176,Funktionen: Sinusfunktion,"regelhinweise, emotionale_stuetzung",0.3463350762297293,-0.07656749091050008,0.05997434463444162,1,0,regulation,performanz,"der Schüler erinnert sich teilweise an den zuvor behandelten Stoff | die Lernfortschritte des Schülers im Rahmen der Nachhilfe haben sich etwas verbessert | erreicht in der Regel vereinbarte Lernziele, die während des Nachhilfeunterrichts für ihn festgelegt wurden | hat viel Vertrauen in die eigenen Fähigkeiten | Wechsel zwischen verschiedenen Themen gelingt mit etwas Aufwand (befriedigend)",0.10994671490024,-0.265556268582683,0.08583693403242301,-0.04242871190558001,-0.08246044322666995,0.14500794473355005,-0.018557196854570024
2025-12-03,19,0,18,1735,3178,Funktionen: Sinusfunktion,"regelhinweise, emotionale_stuetzung",0.2594762220034838,0.10663091808460035,0.03366415169601078,0,0,performanz,performanz,"der Schüler erinnert sich teilweise an den zuvor behandelten Stoff | die Lernfortschritte des Schülers im Rahmen der Nachhilfe haben sich etwas verbessert | erreicht in der Regel vereinbarte Lernziele, die während des Nachhilfeunterrichts für ihn festgelegt wurden | hat viel Vertrauen in die eigenen Fähigkeiten | Wechsel zwischen verschiedenen Themen gelingt mit etwas Aufwand (befriedigend)",-0.14814977747059,0.148349478122253,0.138394639525801,0.06227246862738001,0.00988295801854,-0.014496840261590038,0.0057634821315200035
2025-12-03,19,0,18,1735,3179,Funktionen: Sinusfunktion,"regelhinweise, emotionale_stuetzung",0.4108000649324694,-0.6745730315120002,0.08437889075556382,1,0,performanz,kognition,"der Schüler erinnert sich teilweise an den zuvor behandelten Stoff | die Lernfortschritte des Schülers im Rahmen der Nachhilfe haben sich etwas verbessert | erreicht in der Regel vereinbarte Lernziele, die während des Nachhilfeunterrichts für ihn festgelegt wurden | hat viel Vertrauen in die eigenen Fähigkeiten | Wechsel zwischen verschiedenen Themen gelingt mit etwas Aufwand (befriedigend)",0.20818815876389002,0.09239368192541003,0.21820056533129,-0.11184243385806003,0.018686224919729988,-0.15413694391852,-0.18069366960358002
2025-12-03,19,0,18,1735,3180,Funktionen: Sinusfunktion,"regelhinweise, emotionale_stuetzung",0.41721960107774947,0.3578435702374998,0.08703668409528498,1,0,kognition,performanz,"der Schüler erinnert sich teilweise an den zuvor behandelten Stoff | die Lernfortschritte des Schülers im Rahmen der Nachhilfe haben sich etwas verbessert | erreicht in der Regel vereinbarte Lernziele, die während des Nachhilfeunterrichts für ihn festgelegt wurden | hat viel Vertrauen in die eigenen Fähigkeiten | Wechsel zwischen verschiedenen Themen gelingt mit etwas Aufwand (befriedigend)",0.02268780694646999,-0.26800343337325605,-0.21980623229598,-0.04353678922872001,-0.025926286397330023,0.22006389925346997,0.04920462159274003
2025-12-10,19,0,18,1733,3168,Funktionen: Sinusfunktion vorb. Klassenarbeit,"lob, aktivierungsfragen, metakognition",0.16862361520344904,0.3461624276502002,0.01421704737992835,1,0,performanz,kognition,"wirkt sich gut auf den Lernstand des Schülers aus | ist meistens in der Lage, auch komplexere Sachverhalte zu verstehen | erstellt eher unsicher einen zielgerichteten Lernplan für seine Lernaktivitäten | überlegt sich hin und wieder zur Vorbereitung auf die Nachhilfestunden gezielte Fragen | kann Feedback erfolgreich umsetzen",0.04306247477416003,0.021771061023141,-0.06983609934893,0.0025311786220600374,0.025787065065839998,-0.11617696424790996,0.08402392747588
2025-12-10,19,0,18,1733,3170,Funktionen: Sinusfunktion vorb. Klassenarbeit,"lob, aktivierungsfragen, metakognition",0.6303180836015175,-2.0084665992753,0.19865233777935998,0,0,kognition,kognition,"wirkt sich gut auf den Lernstand des Schülers aus | ist meistens in der Lage, auch komplexere Sachverhalte zu verstehen | erstellt eher unsicher einen zielgerichteten Lernplan für seine Lernaktivitäten | überlegt sich hin und wieder zur Vorbereitung auf die Nachhilfestunden gezielte Fragen | kann Feedback erfolgreich umsetzen",0.22410748066282993,0.0028082429872910014,0.10015726242505,-0.26675353131656604,0.12193468247955003,-0.350280919616956,-0.358211005235665
2025-12-17,19,0,18,1732,3163,Funktionen: Sinusfunktion für kl.arbeit,"lob, metakognition",0.6998130865350299,2.2352037092943,0.24487147089567218,0,0,kognition,kognition,"der Schüler ist eher unsicher nach der heutigen Nachhilfestunde im Umgang mit den behandelten Themen und Aufgaben | die Einstellung des Schülers zum Lernen hat sich in letzter Zeit verbessert | ist offen für neue Lernmethoden | ist oft dazu fähig, Aufgaben selbstständig zu beenden | kann sich weniger gut auf die ihm zugeteilten Aufgabe konzentrieren, wenn diese als schwierig empfunden wird",-0.2959500479166499,0.198887917858314,-0.17520865241539,0.345543387979916,-0.08042716187742999,0.290792465848186,0.34852321290585503
2025-12-17,19,0,18,1732,3164,Funktionen: Sinusfunktion für kl.arbeit,"lob, metakognition",0.2641466735081287,0.44394110932130015,0.03488690961232277,0,0,kognition,kognition,"der Schüler ist eher unsicher nach der heutigen Nachhilfestunde im Umgang mit den behandelten Themen und Aufgaben | die Einstellung des Schülers zum Lernen hat sich in letzter Zeit verbessert | ist offen für neue Lernmethoden | ist oft dazu fähig, Aufgaben selbstständig zu beenden | kann sich weniger gut auf die ihm zugeteilten Aufgabe konzentrieren, wenn diese als schwierig empfunden wird",-0.04126145963410005,-0.03548173087393999,0.2469470038846,-0.006876340809210013,-0.05848267210621,0.04847162781667996,-0.003489329172850053
2025-12-17,19,0,18,1732,3165,Funktionen: Sinusfunktion für kl.arbeit,"lob, metakognition",0.22713559424525326,-1.3079013956978,0.025795440825782223,1,0,kognition,performanz,"der Schüler ist eher unsicher nach der heutigen Nachhilfestunde im Umgang mit den behandelten Themen und Aufgaben | die Einstellung des Schülers zum Lernen hat sich in letzter Zeit verbessert | ist offen für neue Lernmethoden | ist oft dazu fähig, Aufgaben selbstständig zu beenden | kann sich weniger gut auf die ihm zugeteilten Aufgabe konzentrieren, wenn diese als schwierig empfunden wird",-0.06587201711355001,-0.10267720442768999,0.03286487490626,-0.10723786744421998,-0.011240915986970024,0.15470930751457002,-0.008213341889799997
2025-12-17,19,0,18,1732,3166,Funktionen: Sinusfunktion für kl.arbeit,"lob, metakognition",0.22108198229773512,0.6315409014469,0.024438776521614525,0,0,performanz,performanz,"der Schüler ist eher unsicher nach der heutigen Nachhilfestunde im Umgang mit den behandelten Themen und Aufgaben | die Einstellung des Schülers zum Lernen hat sich in letzter Zeit verbessert | ist offen für neue Lernmethoden | ist oft dazu fähig, Aufgaben selbstständig zu beenden | kann sich weniger gut auf die ihm zugeteilten Aufgabe konzentrieren, wenn diese als schwierig empfunden wird",-0.014601073103290008,0.10457495003015999,0.006623771489079999,0.13717409587,-0.03835121017305998,-0.12413455666779,0.044579378414009996
2026-01-07,19,0,18,1731,3158,Prüfungsvorbereitung: Blf a Teil 2014,"regelhinweise, metakognition, emotionale_stuetzung",0.3462872622845777,0.4038482809428996,0.05995775899350653,1,0,performanz,kognition,"kann erlerntes Wissen weitgehend in eigenen Worten wiedergeben | die Organisationsfähigkeit des Schülers hat sich in letzter Zeit etwas verbessert | lernt nur teilweise aus gemachten Fehlern und erkennt Fehler und Korrekturen während des Unterrichts nur teilweise als Chance zum Lernen | gelingt es regelmäßig, eigenständig Lösungsansätze umzusetzen, die mit dem Nachhilfelehrer besprochen wurden | bleibt sehr motiviert, auch wenn Themen oder Aufgaben als schwierig empfunden werden",0.16272368798438003,-0.17022715808189298,-0.20588878306725,-0.08421324186835,0.10328536936272997,0.008587504957659975,-0.06507618747274996
2026-01-07,19,0,18,1731,3159,Prüfungsvorbereitung: Blf a Teil 2014,"regelhinweise, metakognition, emotionale_stuetzung",0.25285341731744465,-1.3192382155392997,0.03196763096521671,0,0,kognition,kognition,"kann erlerntes Wissen weitgehend in eigenen Worten wiedergeben | die Organisationsfähigkeit des Schülers hat sich in letzter Zeit etwas verbessert | lernt nur teilweise aus gemachten Fehlern und erkennt Fehler und Korrekturen während des Unterrichts nur teilweise als Chance zum Lernen | gelingt es regelmäßig, eigenständig Lösungsansätze umzusetzen, die mit dem Nachhilfelehrer besprochen wurden | bleibt sehr motiviert, auch wenn Themen oder Aufgaben als schwierig empfunden werden",0.026731557083980007,0.118147720616643,0.1383618918507,-0.12117400282864002,0.011968243107480014,-0.11025168584171996,0.055996120097970004
2026-01-07,19,0,18,1731,3160,Prüfungsvorbereitung: Blf a Teil 2014,"regelhinweise, metakognition, emotionale_stuetzung",0.2196888561331243,0.7733028857264999,0.024131762044698357,0,0,kognition,kognition,"kann erlerntes Wissen weitgehend in eigenen Worten wiedergeben | die Organisationsfähigkeit des Schülers hat sich in letzter Zeit etwas verbessert | lernt nur teilweise aus gemachten Fehlern und erkennt Fehler und Korrekturen während des Unterrichts nur teilweise als Chance zum Lernen | gelingt es regelmäßig, eigenständig Lösungsansätze umzusetzen, die mit dem Nachhilfelehrer besprochen wurden | bleibt sehr motiviert, auch wenn Themen oder Aufgaben als schwierig empfunden werden",0.022393227774780033,-0.07826883007615301,-0.17251138289508,0.10081840494236002,-0.01927742820035999,0.03242165322089996,-0.01698282244878002
2026-01-07,19,0,18,1731,3161,Prüfungsvorbereitung: Blf a Teil 2014,"regelhinweise, metakognition, emotionale_stuetzung",0.40723359720979074,0.6661376346789001,0.08292005447441775,1,0,kognition,regulation,"kann erlerntes Wissen weitgehend in eigenen Worten wiedergeben | die Organisationsfähigkeit des Schülers hat sich in letzter Zeit etwas verbessert | lernt nur teilweise aus gemachten Fehlern und erkennt Fehler und Korrekturen während des Unterrichts nur teilweise als Chance zum Lernen | gelingt es regelmäßig, eigenständig Lösungsansätze umzusetzen, die mit dem Nachhilfelehrer besprochen wurden | bleibt sehr motiviert, auch wenn Themen oder Aufgaben als schwierig empfunden werden",-0.28812785342514,0.11869491816234301,0.17040422436189,0.09831462351932996,-0.09597451115493,0.08566193113386,0.11610607677614004
2026-01-07,19,0,18,1731,3162,Prüfungsvorbereitung: Blf a Teil 2014,"regelhinweise, metakognition, emotionale_stuetzung",0.16386333297526043,-0.10043573640629999,0.01342566354518937,0,0,regulation,regulation,"kann erlerntes Wissen weitgehend in eigenen Worten wiedergeben | die Organisationsfähigkeit des Schülers hat sich in letzter Zeit etwas verbessert | lernt nur teilweise aus gemachten Fehlern und erkennt Fehler und Korrekturen während des Unterrichts nur teilweise als Chance zum Lernen | gelingt es regelmäßig, eigenständig Lösungsansätze umzusetzen, die mit dem Nachhilfelehrer besprochen wurden | bleibt sehr motiviert, auch wenn Themen oder Aufgaben als schwierig empfunden werden",0.12735049998264997,-0.001472365878539994,-0.02576047496646,-0.007868454870229968,0.04847318338898998,-0.07051723963606998,-0.05082350775334005
2026-01-14,19,0,18,1729,3148,Prüfungsvorbereitung: 2024 A Teil u. B1,"aktivierungsfragen, regelhinweise, metakognition",0.2304868191603371,-0.19119546447309999,0.026562225804563133,1,0,regulation,kognition,"der Schüler ist eher unsicher nach der heutigen Nachhilfestunde im Umgang mit den behandelten Themen und Aufgaben | erledigt seine Hausaufgaben, die er durch die Nachhilfe erhält, teilweise zuverlässig | schwieriger werdende Aufgaben stressen den Schüler nur wenig | Motivation wird fast nicht beeinflusst, wenn er eine Aufgabe nicht sofort versteht | stellt regelmäßig Fragen im Nachhilfeunterricht",0.07066343045029005,0.046709700529069975,-0.19104112556374,-0.008937216511040014,0.05959994176233002,-0.024948542498089976,-0.07209638655059997
2026-01-14,19,0,18,1729,3150,Prüfungsvorbereitung: 2024 A Teil u. B1,"aktivierungsfragen, regelhinweise, metakognition",0.3552553792431183,-2.4590188831844,0.06310385729013013,1,0,kognition,regulation,"der Schüler ist eher unsicher nach der heutigen Nachhilfestunde im Umgang mit den behandelten Themen und Aufgaben | erledigt seine Hausaufgaben, die er durch die Nachhilfe erhält, teilweise zuverlässig | schwieriger werdende Aufgaben stressen den Schüler nur wenig | Motivation wird fast nicht beeinflusst, wenn er eine Aufgabe nicht sofort versteht | stellt regelmäßig Fragen im Nachhilfeunterricht",-0.19270421858156006,-0.160108382152016,-0.00046653938948400253,-0.00932075064186999,-0.03571771601260004,-0.01857054029376004,0.24845333632539002
2026-01-14,19,0,18,1729,3151,Prüfungsvorbereitung: 2024 A Teil u. B1,"aktivierungsfragen, regelhinweise, metakognition",0.5993556184720913,0.7211654821644,0.17961589131565714,1,0,regulation,motivation,"der Schüler ist eher unsicher nach der heutigen Nachhilfestunde im Umgang mit den behandelten Themen und Aufgaben | erledigt seine Hausaufgaben, die er durch die Nachhilfe erhält, teilweise zuverlässig | schwieriger werdende Aufgaben stressen den Schüler nur wenig | Motivation wird fast nicht beeinflusst, wenn er eine Aufgabe nicht sofort versteht | stellt regelmäßig Fragen im Nachhilfeunterricht",-0.13575118488982998,0.25614636705133603,0.23108365475392403,0.23945482991325995,-0.32617192031112296,0.08042342017771004,-0.22714200990950006
2026-01-14,19,0,18,1729,3152,Prüfungsvorbereitung: 2024 A Teil u. B1,"aktivierungsfragen, regelhinweise, metakognition",0.46123253504813505,2.3158379857807003,0.10636850608091164,1,0,motivation,regulation,"der Schüler ist eher unsicher nach der heutigen Nachhilfestunde im Umgang mit den behandelten Themen und Aufgaben | erledigt seine Hausaufgaben, die er durch die Nachhilfe erhält, teilweise zuverlässig | schwieriger werdende Aufgaben stressen den Schüler nur wenig | Motivation wird fast nicht beeinflusst, wenn er eine Aufgabe nicht sofort versteht | stellt regelmäßig Fragen im Nachhilfeunterricht",0.21131939678394,-0.07548493498049003,-0.15402579502498004,-0.19255911067335996,0.304361122692023,-0.04888284930153003,0.08095310940424005
2026-01-21,19,0,18,1727,3138,Prüfungsvorbereitung: BLF 2023 Ateil + B3,"metakognition, emotionale_stuetzung",0.26051019240413964,-2.5834000685468004,0.03393305550939574,1,0,regulation,performanz,"nutzt die Tipps, die Sie ihm gegeben haben, selten | die Lernfortschritte des Schülers im Rahmen der Nachhilfe haben sich etwas verbessert | fragt selten selbst nach neuen Aufgaben, wenn er eine Aufgabe beendet hat | zeigt sich meistens frustriert nach gemachten Fehlern und Rückschlägen | reagiert zögerlich auf Aufgaben, die vom bisherigen Aufgabenmuster abweichen",0.007626735586529987,-0.21932182361501898,-0.068442756988932,-0.010051312277809976,0.031116334898739995,0.10862459115329998,-0.04639356607778006
2026-01-21,19,0,18,1727,3140,Prüfungsvorbereitung: BLF 2023 Ateil + B3,"metakognition, emotionale_stuetzung",0.20870169858410162,1.936498248263,0.021778385133357503,1,0,performanz,kognition,"nutzt die Tipps, die Sie ihm gegeben haben, selten | die Lernfortschritte des Schülers im Rahmen der Nachhilfe haben sich etwas verbessert | fragt selten selbst nach neuen Aufgaben, wenn er eine Aufgabe beendet hat | zeigt sich meistens frustriert nach gemachten Fehlern und Rückschlägen | reagiert zögerlich auf Aufgaben, die vom bisherigen Aufgabenmuster abweichen",0.13639955595998005,-0.0027107189010680058,0.114705206428312,-0.08040009480777,0.0013199725330200196,-0.037998878690869986,-0.06226632631476997
2026-01-21,19,0,18,1727,3141,Prüfungsvorbereitung: BLF 2023 Ateil + B3,"metakognition, emotionale_stuetzung",0.17495985540074105,-0.23611079903559995,0.01530556196065569,0,0,kognition,kognition,"nutzt die Tipps, die Sie ihm gegeben haben, selten | die Lernfortschritte des Schülers im Rahmen der Nachhilfe haben sich etwas verbessert | fragt selten selbst nach neuen Aufgaben, wenn er eine Aufgabe beendet hat | zeigt sich meistens frustriert nach gemachten Fehlern und Rückschlägen | reagiert zögerlich auf Aufgaben, die vom bisherigen Aufgabenmuster abweichen",-0.02765852037937999,0.019538523421999,-0.13311818985501,-0.02176890155164002,0.05827832682705997,-0.05555062123002996,0.06919270852421
2026-01-21,19,0,18,1727,3142,Prüfungsvorbereitung: BLF 2023 Ateil + B3,"metakognition, emotionale_stuetzung",0.11054300274771267,0.3950817641633999,0.006109911548559777,1,0,kognition,regulation,"nutzt die Tipps, die Sie ihm gegeben haben, selten | die Lernfortschritte des Schülers im Rahmen der Nachhilfe haben sich etwas verbessert | fragt selten selbst nach neuen Aufgaben, wenn er eine Aufgabe beendet hat | zeigt sich meistens frustriert nach gemachten Fehlern und Rückschlägen | reagiert zögerlich auf Aufgaben, die vom bisherigen Aufgabenmuster abweichen",-0.045635083784670016,-0.091611755805171,0.012014282253903,0.01942524541930002,0.003920210158820048,-0.004280596768370004,0.03448341758993001
2026-01-28,19,0,18,1726,3134,Prüfungsvorbereitung: Blf 2020 A Teil,"lob, metakognition",0.3040453359198337,-0.38182141580639994,0.04622203848134521,1,0,regulation,performanz,"beherrscht die für das Nachhilfefach relevanten Fachbegriffe gut und kann sie korrekt anwenden | die Einstellung des Schülers zum Lernen hat sich in letzter Zeit geringfügig verbessert | fragt oft selbst nach neuen Aufgaben, wenn er eine Aufgabe beendet hat | schwieriger werdende Aufgaben stressen den Schüler nur bedingt | kann den Ausführungen gut folgen",-0.02941829267381002,0.064486077224425,0.09371656513950699,0.05035238863260999,-0.15192013871671,0.19974292939695,-0.11456243791327003
2026-01-28,19,0,18,1726,3135,Prüfungsvorbereitung: Blf 2020 A Teil,"lob, metakognition",0.2952120306474371,0.7219854948712001,0.04357530291225631,1,0,performanz,kognition,"beherrscht die für das Nachhilfefach relevanten Fachbegriffe gut und kann sie korrekt anwenden | die Einstellung des Schülers zum Lernen hat sich in letzter Zeit geringfügig verbessert | fragt oft selbst nach neuen Aufgaben, wenn er eine Aufgabe beendet hat | schwieriger werdende Aufgaben stressen den Schüler nur bedingt | kann den Ausführungen gut folgen",0.03840238661259998,0.17054308686978398,0.14891006141496,-0.00415666807031001,0.057793083416409985,-0.17569193927067,0.013830147029090023
2026-01-28,19,0,18,1726,3136,Prüfungsvorbereitung: Blf 2020 A Teil,"lob, metakognition",0.23415364277604234,-0.20060585457330005,0.027414099295784755,0,0,kognition,kognition,"beherrscht die für das Nachhilfefach relevanten Fachbegriffe gut und kann sie korrekt anwenden | die Einstellung des Schülers zum Lernen hat sich in letzter Zeit geringfügig verbessert | fragt oft selbst nach neuen Aufgaben, wenn er eine Aufgabe beendet hat | schwieriger werdende Aufgaben stressen den Schüler nur bedingt | kann den Ausführungen gut folgen",0.06507611995242008,-0.17265745361514298,-0.11867283166813997,-0.058750701486870005,0.04461371257329999,0.03516224267743001,-0.004558309703160013
2026-01-28,19,0,18,1726,3137,Prüfungsvorbereitung: Blf 2020 A Teil,"lob, metakognition",0.3835780413884895,-2.6886308372806003,0.07356682080888399,1,0,kognition,regulation,"beherrscht die für das Nachhilfefach relevanten Fachbegriffe gut und kann sie korrekt anwenden | die Einstellung des Schülers zum Lernen hat sich in letzter Zeit geringfügig verbessert | fragt oft selbst nach neuen Aufgaben, wenn er eine Aufgabe beendet hat | schwieriger werdende Aufgaben stressen den Schüler nur bedingt | kann den Ausführungen gut folgen",-0.22036111316778006,0.051072632349346996,-0.12617019645354402,0.058454324902590005,-0.02331070407154001,-0.10154829814392002,0.25646326737101005
2026-01-21,19,0,20,1299,2117,Prüfungsvorbereitung: BLF 2023 Ateil B3,metakognition,0.24065544750324883,-0.18440740746660023,0.028957664118751114,1,0,kognition,performanz,"konnte durch die Nachhilfe seine Noten im Unterricht deutlich verbessern | die Einstellung des Schülers zum Lernen hat sich in letzter Zeit verbessert | kann bereits erlerntes Wissen schnell aus dem Gedächtnis wieder abrufen | reagiert aufgeschlossen auf Aufgaben, die vom bisherigen Aufgabenmuster abweichen | strebt kontinuierlich danach, Aufgaben selbstständig, also ohne Hilfe, zu lösen",0.027258120930689966,-0.169957773017267,-0.13937154013776,-0.017366967500130004,0.01519186208212997,0.08955516326349,-0.017590819939199975
2026-01-21,19,0,20,1299,2118,Prüfungsvorbereitung: BLF 2023 Ateil B3,metakognition,0.2753478190779305,0.41128192210439973,0.03790839183335215,1,0,performanz,regulation,"konnte durch die Nachhilfe seine Noten im Unterricht deutlich verbessern | die Einstellung des Schülers zum Lernen hat sich in letzter Zeit verbessert | kann bereits erlerntes Wissen schnell aus dem Gedächtnis wieder abrufen | reagiert aufgeschlossen auf Aufgaben, die vom bisherigen Aufgabenmuster abweichen | strebt kontinuierlich danach, Aufgaben selbstständig, also ohne Hilfe, zu lösen",-0.12671135156516994,0.15707600258329701,0.07540979868457001,0.07040724865338005,0.0018849994237800094,-0.11202390969365,0.10904612006617997
2026-01-21,19,0,20,1299,2119,Prüfungsvorbereitung: BLF 2023 Ateil B3,metakognition,0.3224470213006431,-0.12555204746900017,0.05198628042145037,1,0,regulation,motivation,"konnte durch die Nachhilfe seine Noten im Unterricht deutlich verbessern | die Einstellung des Schülers zum Lernen hat sich in letzter Zeit verbessert | kann bereits erlerntes Wissen schnell aus dem Gedächtnis wieder abrufen | reagiert aufgeschlossen auf Aufgaben, die vom bisherigen Aufgabenmuster abweichen | strebt kontinuierlich danach, Aufgaben selbstständig, also ohne Hilfe, zu lösen",-0.048059684306240025,0.18745667051742002,0.17296895561165,0.045792664220589974,-0.11859189942133003,-0.017813106768419962,-0.14186533010449998
2026-01-28,19,0,20,1297,2106,Prüfungsvorbereitung: Blf 2020 ATeil und B1 und 2,lob,0.5567459680887631,0.10074020165800057,0.15498375293792832,1,0,motivation,performanz,konnte durch die Nachhilfe seine Noten im Unterricht deutlich verbessern | die Lernstrategien des Schülers haben sich in den vergangenen Wochen deutlich verbessert | behält durchgehend den Überblick beim Lösen komplexer Aufgaben | Wechsel zwischen verschiedenen Themen gelingt ohne Aufwand (sehr gut) | kommuniziert seine Gedanken zu seinen Lösungen sehr verständlich und nachvollziehbar,0.16072286057872998,-0.355573814353765,-0.300727360360345,-0.15099951861932998,0.16819009495723003,0.10482632909994,0.07202242990580998
2026-01-28,19,0,20,1297,2107,Prüfungsvorbereitung: Blf 2020 ATeil und B1 und 2,lob,0.09551685852204653,-0.6393115580057,0.0045617577554125655,1,0,performanz,kognition,konnte durch die Nachhilfe seine Noten im Unterricht deutlich verbessern | die Lernstrategien des Schülers haben sich in den vergangenen Wochen deutlich verbessert | behält durchgehend den Überblick beim Lösen komplexer Aufgaben | Wechsel zwischen verschiedenen Themen gelingt ohne Aufwand (sehr gut) | kommuniziert seine Gedanken zu seinen Lösungen sehr verständlich und nachvollziehbar,0.019312955793160058,0.045536431414456006,0.051573015354185014,0.02713649273919,-0.00844348735331002,-0.056127444601419996,0.007691927418440048
2026-01-28,19,0,20,1297,2108,Prüfungsvorbereitung: Blf 2020 ATeil und B1 und 2,lob,0.23402301060768652,0.20579466537119995,0.02738352743474015,1,0,kognition,performanz,konnte durch die Nachhilfe seine Noten im Unterricht deutlich verbessern | die Lernstrategien des Schülers haben sich in den vergangenen Wochen deutlich verbessert | behält durchgehend den Überblick beim Lösen komplexer Aufgaben | Wechsel zwischen verschiedenen Themen gelingt ohne Aufwand (sehr gut) | kommuniziert seine Gedanken zu seinen Lösungen sehr verständlich und nachvollziehbar,0.015501661772139963,-0.055680966209884004,0.11054802441959,-0.04029969724645005,-0.06687328415706001,0.12580274479373993,-0.13146406332265004
2026-01-28,19,0,20,1297,2109,Prüfungsvorbereitung: Blf 2020 ATeil und B1 und 2,lob,0.3378060880164552,0.06696458332120026,0.05705676347711908,1,0,performanz,kognition,konnte durch die Nachhilfe seine Noten im Unterricht deutlich verbessern | die Lernstrategien des Schülers haben sich in den vergangenen Wochen deutlich verbessert | behält durchgehend den Überblick beim Lösen komplexer Aufgaben | Wechsel zwischen verschiedenen Themen gelingt ohne Aufwand (sehr gut) | kommuniziert seine Gedanken zu seinen Lösungen sehr verständlich und nachvollziehbar,0.006343256856619961,0.247662316388043,-0.12117193703988001,0.04165076429558001,0.09341651927979,-0.16296968323524996,0.03213883965219
2026-01-06,19,1,3,1225,1908,Gleichungen und Ungleichungen: Zuordnungen,"lob, metakognition, emotionale_stuetzung",0.150217956738041,1.6268561365752001,0.011282775358350983,1,0,kognition,methodik,versteht die Grundlagen des aktuellen Themas vollständig | hat zuletzt stark von der individuellen Unterstützung beim Erlernen neuer Lernstrategien profitiert | schwierige Aufgaben können die Motivation des Schülers immer fördern | kann sehr effektiv von einer Aufgabe zur anderen wechseln | kann seine Aufmerksamkeit während des Lernens sehr lange aufrechterhalten,-0.11179740302115998,0.016792898142917997,0.004813173620552003,0.05089686061005,0.08310341361750001,-0.004997284882999997,0.015490852297220026
2026-01-06,19,1,3,1225,1909,Gleichungen und Ungleichungen: Zuordnungen,"lob, metakognition, emotionale_stuetzung",0.422524266076015,-2.9092598725072003,0.08926401866762956,1,0,methodik,kognition,versteht die Grundlagen des aktuellen Themas vollständig | hat zuletzt stark von der individuellen Unterstützung beim Erlernen neuer Lernstrategien profitiert | schwierige Aufgaben können die Motivation des Schülers immer fördern | kann sehr effektiv von einer Aufgabe zur anderen wechseln | kann seine Aufmerksamkeit während des Lernens sehr lange aufrechterhalten,0.08887726201707996,0.273876282676774,0.14121808503374,0.08451887485686999,-0.13830989137882,-0.20772269481172,-0.0790887967151
2026-01-06,19,1,3,1225,1910,Gleichungen und Ungleichungen: Zuordnungen,"lob, metakognition, emotionale_stuetzung",0.5211393371975823,1.3553017147753,0.13579421071579545,1,0,kognition,performanz,versteht die Grundlagen des aktuellen Themas vollständig | hat zuletzt stark von der individuellen Unterstützung beim Erlernen neuer Lernstrategien profitiert | schwierige Aufgaben können die Motivation des Schülers immer fördern | kann sehr effektiv von einer Aufgabe zur anderen wechseln | kann seine Aufmerksamkeit während des Lernens sehr lange aufrechterhalten,-0.11361478043050999,-0.310336028186538,-0.03406951046564999,-0.0952953735325,0.030122915760940006,0.38592330135019004,-0.047784052913380004
2026-01-06,19,1,3,1225,1911,Gleichungen und Ungleichungen: Zuordnungen,"lob, metakognition, emotionale_stuetzung",0.3073090223563114,0.2388443040731003,0.04721969355508493,1,0,performanz,kognition,versteht die Grundlagen des aktuellen Themas vollständig | hat zuletzt stark von der individuellen Unterstützung beim Erlernen neuer Lernstrategien profitiert | schwierige Aufgaben können die Motivation des Schülers immer fördern | kann sehr effektiv von einer Aufgabe zur anderen wechseln | kann seine Aufmerksamkeit während des Lernens sehr lange aufrechterhalten,0.12672371430286,0.006817414516509,-0.047806938499190016,-0.08109615137032,0.07243101322036,-0.21711017150540002,0.13072218989603002
2026-01-13,19,1,3,1224,1902,Geometrie: Flächeninhalt Sachaufgaben,lob,0.1279403349032593,0.35684766561229964,0.00818440869867465,0,0,kognition,kognition,"kann erlerntes Wissen weitgehend in eigenen Worten wiedergeben | die Einstellung des Schülers zum Lernen hat sich in letzter Zeit verbessert | gibt stets zu erkennen, wenn er ein Problem mit einer Aufgabenstellung hat | ist sehr offen für alternative Lösungsansätze | kann konstruktives Feedback gut umsetzen, um die eigene Leistung zu verbessern",-0.02007372878046998,0.009957846401626003,-0.056208697828579984,0.05717920101922003,-0.007873110155660001,0.07207535606704996,-0.06465983642534001
2026-01-13,19,1,3,1224,1903,Geometrie: Flächeninhalt Sachaufgaben,lob,0.2664129708258689,0.27251221330800046,0.03548811143538244,0,0,kognition,kognition,"kann erlerntes Wissen weitgehend in eigenen Worten wiedergeben | die Einstellung des Schülers zum Lernen hat sich in letzter Zeit verbessert | gibt stets zu erkennen, wenn er ein Problem mit einer Aufgabenstellung hat | ist sehr offen für alternative Lösungsansätze | kann konstruktives Feedback gut umsetzen, um die eigene Leistung zu verbessern",-0.08225059776754001,0.16832941247942299,0.16640013667191,0.054277013442569966,-0.05369324320269997,-0.039162255804439994,0.02871015094853996
2026-01-13,19,1,3,1224,1904,Geometrie: Flächeninhalt Sachaufgaben,lob,0.3355666248019711,-0.3808059599096003,0.05630276306416848,1,0,kognition,regulation,"kann erlerntes Wissen weitgehend in eigenen Worten wiedergeben | die Einstellung des Schülers zum Lernen hat sich in letzter Zeit verbessert | gibt stets zu erkennen, wenn er ein Problem mit einer Aufgabenstellung hat | ist sehr offen für alternative Lösungsansätze | kann konstruktives Feedback gut umsetzen, um die eigene Leistung zu verbessern",-0.09621137959519,0.08463750430001002,-0.29333323404565903,0.06303632962201,0.04019589187281997,-0.028077864746699988,0.06134151712468
2026-01-13,19,1,3,1224,1905,Geometrie: Flächeninhalt Sachaufgaben,lob,0.331890199417432,-0.905655078738,0.05507588802642471,1,0,regulation,sozial,"kann erlerntes Wissen weitgehend in eigenen Worten wiedergeben | die Einstellung des Schülers zum Lernen hat sich in letzter Zeit verbessert | gibt stets zu erkennen, wenn er ein Problem mit einer Aufgabenstellung hat | ist sehr offen für alternative Lösungsansätze | kann konstruktives Feedback gut umsetzen, um die eigene Leistung zu verbessern",-0.005078668810770015,0.25108499282026003,0.04969842617869,0.018827783964970035,-0.17387730371521998,-0.008823214654699985,-0.11809340834743998
2026-01-13,19,1,3,1224,1906,Geometrie: Flächeninhalt Sachaufgaben,lob,0.4142587354251844,1.7640105938323,0.08580563136975317,1,0,sozial,performanz,"kann erlerntes Wissen weitgehend in eigenen Worten wiedergeben | die Einstellung des Schülers zum Lernen hat sich in letzter Zeit verbessert | gibt stets zu erkennen, wenn er ein Problem mit einer Aufgabenstellung hat | ist sehr offen für alternative Lösungsansätze | kann konstruktives Feedback gut umsetzen, um die eigene Leistung zu verbessern",0.07331639193402001,-0.32706135382999,0.143563168629219,-0.06030540030199,0.15321264985324,0.10589707472356003,0.018178178628249997
2026-01-27,19,1,3,1223,1898,Algebra: Dreisatz,"lob, regelhinweise, metakognition",0.16918953552350466,-0.40944974768660014,0.014312613954641118,1,0,performanz,kognition,"nutzt regelmäßig erlaubte Hilfsmittel zum Lösen von Aufgaben | die Lernstrategien des Schülers haben sich in den vergangenen Wochen teilweise verbessert | gibt oft zu erkennen, wenn er ein Problem mit einer Aufgabenstellung hat | ist oft dazu fähig, Aufgaben selbstständig zu beenden | kann sie gut inhaltlich wiedergeben",0.04951715107149002,-0.09853746939742,0.004759065200979989,-0.06768877442447002,0.04466159044166995,-0.06746039242001006,0.07289401013979002
2026-01-27,19,1,3,1223,1899,Algebra: Dreisatz,"lob, regelhinweise, metakognition",0.18601225641004843,-1.1982516562085,0.017300377348508422,0,0,kognition,kognition,"nutzt regelmäßig erlaubte Hilfsmittel zum Lösen von Aufgaben | die Lernstrategien des Schülers haben sich in den vergangenen Wochen teilweise verbessert | gibt oft zu erkennen, wenn er ein Problem mit einer Aufgabenstellung hat | ist oft dazu fähig, Aufgaben selbstständig zu beenden | kann sie gut inhaltlich wiedergeben",0.06981355873613004,-0.08112852856108699,-0.060603719473839995,-0.06501004259690002,0.08534347501392003,-0.023816684421559986,-0.08599377168182004
2026-01-27,19,1,3,1223,1900,Algebra: Dreisatz,"lob, regelhinweise, metakognition",0.4517166743520226,0.3999772358203,0.10202460811545966,1,0,kognition,regulation,"nutzt regelmäßig erlaubte Hilfsmittel zum Lösen von Aufgaben | die Lernstrategien des Schülers haben sich in den vergangenen Wochen teilweise verbessert | gibt oft zu erkennen, wenn er ein Problem mit einer Aufgabenstellung hat | ist oft dazu fähig, Aufgaben selbstständig zu beenden | kann sie gut inhaltlich wiedergeben",-0.21398840436193006,0.275835905581697,-0.168769127628254,0.17223087562516004,-0.07853067034245004,-0.046963188087499996,0.12510943089721005
2026-01-27,19,1,3,1223,1901,Algebra: Dreisatz,"lob, regelhinweise, metakognition",0.5157948725597035,-0.5777267828076997,0.13302302530006482,1,0,regulation,performanz,"nutzt regelmäßig erlaubte Hilfsmittel zum Lösen von Aufgaben | die Lernstrategien des Schülers haben sich in den vergangenen Wochen teilweise verbessert | gibt oft zu erkennen, wenn er ein Problem mit einer Aufgabenstellung hat | ist oft dazu fähig, Aufgaben selbstständig zu beenden | kann sie gut inhaltlich wiedergeben",0.056759333912699994,-0.20750825534116002,0.357550296045124,-0.16832863933300002,-0.08224654911094997,0.22395357712148,-0.08164929865047005
2025-12-15,19,2,16,1049,1582,Prüfungsvorbereitung: BLF,metakognition,0.3291211577833359,0.5719314195358001,0.05416067800667268,1,0,kognition,regulation,"versteht die Grundlagen des aktuellen Themas vollständig | das Zeitmanagement des Schülers hat sich deutlich verbessert | ist immer in der Lage, Aufgaben ohne Hilfe zu bearbeiten | ist sehr offen für andere Lösungsansätze | kommuniziert seine Gedanken im Nachhilfeunterricht sehr verständlich und nachvollziehbar",-0.24909020849315,0.065898515471842,-0.006470842937026003,0.057908862237650016,-0.08588383471168998,0.10809743061485,0.13955570388844002
2025-12-15,19,2,16,1049,1583,Prüfungsvorbereitung: BLF,metakognition,0.5998989352027662,-0.5945590829849001,0.1799403992659372,1,0,regulation,kognition,"versteht die Grundlagen des aktuellen Themas vollständig | das Zeitmanagement des Schülers hat sich deutlich verbessert | ist immer in der Lage, Aufgaben ohne Hilfe zu bearbeiten | ist sehr offen für andere Lösungsansätze | kommuniziert seine Gedanken im Nachhilfeunterricht sehr verständlich und nachvollziehbar",0.34548346459387,-0.086356871611457,0.079136773643108,-0.18848647700732002,0.19776263646755005,-0.1561656537471,-0.35745607579811
2025-12-15,19,2,16,1049,1584,Prüfungsvorbereitung: BLF,metakognition,0.746087474243257,-0.3227312133617999,0.27832508966225555,1,0,kognition,sozial,"versteht die Grundlagen des aktuellen Themas vollständig | das Zeitmanagement des Schülers hat sich deutlich verbessert | ist immer in der Lage, Aufgaben ohne Hilfe zu bearbeiten | ist sehr offen für andere Lösungsansätze | kommuniziert seine Gedanken im Nachhilfeunterricht sehr verständlich und nachvollziehbar",-0.30981883818642003,0.521618679290597,-0.141954490040269,0.28292215338254,-0.25977911573664003,0.0001733941435300146,0.14453898777488
2025-12-15,19,2,16,1049,1585,Prüfungsvorbereitung: BLF,metakognition,0.2853151306228581,1.1867148769480003,0.040702602643074015,1,0,sozial,kognition,"versteht die Grundlagen des aktuellen Themas vollständig | das Zeitmanagement des Schülers hat sich deutlich verbessert | ist immer in der Lage, Aufgaben ohne Hilfe zu bearbeiten | ist sehr offen für andere Lösungsansätze | kommuniziert seine Gedanken im Nachhilfeunterricht sehr verständlich und nachvollziehbar",0.11168427275449,-0.13677178483753005,0.077205600749579,-0.06703621866342002,0.19202483584900998,-0.03635329643251001,-0.039688369957119995
2025-12-15,19,2,23,1421,2426,Prüfungsvorbereitung: BLF,"lob, metakognition",0.19207241294497743,-0.5049418798589,0.018446004544206973,0,0,kognition,kognition,"seit Beginn der Nachhilfe hat sich die Fähigkeit des Schülers verbessert, seine schulischen Aufgaben und Lernzeiten besser zu organisieren | ist meistens in der Lage, auch komplexere Sachverhalte zu verstehen | schwierige Aufgaben sind förderlich für die Motivation des Schülers | offen für neue Strategien oder Herangehensweisen beim Lernen, besonders nach Misserfolgen | geht gut mit unerwartet schwierigen Aufgabenstellungen um",-0.03892379694911996,0.02208710465093,-0.07012796084356,0.09337623501046002,-0.07718918004807002,-0.006003367361190004,0.12352185053963999
2025-12-15,19,2,23,1421,2427,Prüfungsvorbereitung: BLF,"lob, metakognition",0.7511985735189869,-1.9156373853543,0.2821522291173423,1,0,kognition,motivation,"seit Beginn der Nachhilfe hat sich die Fähigkeit des Schülers verbessert, seine schulischen Aufgaben und Lernzeiten besser zu organisieren | ist meistens in der Lage, auch komplexere Sachverhalte zu verstehen | schwierige Aufgaben sind förderlich für die Motivation des Schülers | offen für neue Strategien oder Herangehensweisen beim Lernen, besonders nach Misserfolgen | geht gut mit unerwartet schwierigen Aufgabenstellungen um",-0.25864739501977,0.418826019227635,0.35881342592583,0.22005099592914995,-0.2157901157861,-0.08152131209515001,-0.30266313567008
2025-12-15,19,2,23,1421,2428,Prüfungsvorbereitung: BLF,"lob, metakognition",0.631534418624078,2.7516343653219,0.19941957534024402,1,0,motivation,kognition,"seit Beginn der Nachhilfe hat sich die Fähigkeit des Schülers verbessert, seine schulischen Aufgaben und Lernzeiten besser zu organisieren | ist meistens in der Lage, auch komplexere Sachverhalte zu verstehen | schwierige Aufgaben sind förderlich für die Motivation des Schülers | offen für neue Strategien oder Herangehensweisen beim Lernen, besonders nach Misserfolgen | geht gut mit unerwartet schwierigen Aufgabenstellungen um",0.16039997035583997,-0.19095227176481,-0.406925944432543,-0.15733194567961994,0.22405749690953,0.07834745273687,0.29993774465576
2025-12-15,19,2,23,1421,2429,Prüfungsvorbereitung: BLF,"lob, metakognition",0.3358938085169844,-1.6728810069527,0.056412666720540794,1,0,kognition,performanz,"seit Beginn der Nachhilfe hat sich die Fähigkeit des Schülers verbessert, seine schulischen Aufgaben und Lernzeiten besser zu organisieren | ist meistens in der Lage, auch komplexere Sachverhalte zu verstehen | schwierige Aufgaben sind förderlich für die Motivation des Schülers | offen für neue Strategien oder Herangehensweisen beim Lernen, besonders nach Misserfolgen | geht gut mit unerwartet schwierigen Aufgabenstellungen um",-0.17315410739826997,-0.22854935283420302,0.09784618552762302,0.024877924734429957,0.026102825619869985,0.14033881581934005,0.006194442501629982
2025-12-17,19,3,6,1254,1963,Raumgeometrie: Flächen u. Rauminhalte,metakognition,0.252146025889191,-1.6978523855794005,0.03178898154468812,1,0,performanz,motivation,"konnte durch die Nachhilfe seine Noten im Unterricht verbessern | die Lernfortschritte des Schülers im Rahmen der Nachhilfe haben sich verbessert | bittet kaum aktiv um Feedback | wendet in der Nachhilfestunde Gelerntes schnell auf neue Aufgaben an | versteht überwiegend, dass es trotz (kleinen) Erfolgen wichtig sein kann, weiter zu üben",0.017494916552340034,-0.174942332558526,0.11726480789396,0.06852014097695996,-0.11435046880618,-0.018104841839160002,0.028580878947250032
2026-01-07,19,3,6,1253,1955,Brüche: Alle rechenarten (wdh),"regelhinweise, metakognition",0.3201025107320314,0.17315398778110014,0.0512331381703055,1,0,motivation,kognition,"versteht die Grundlagen des aktuellen Themas größtenteils | das Zeitmanagement des Schülers hat sich verbessert | gelingt es regelmäßig, eigenständig Lösungsansätze umzusetzen, die mit dem Nachhilfelehrer besprochen wurden | kann die Vorgehensweise einer behandelten Beispielaufgabe zuverlässig auf andere Aufgaben übertragen | ist offen für alternative Lösungsansätze",0.16219743501048994,-0.022628379330968,-0.14126046414058702,-0.20457036590787997,0.11345202145493,-0.01031430785027998,-0.029398408907350015
2026-01-07,19,3,6,1253,1956,Brüche: Alle rechenarten (wdh),"regelhinweise, metakognition",0.40481457559959283,-0.6488681107203997,0.08193799777293975,1,0,kognition,regulation,"versteht die Grundlagen des aktuellen Themas größtenteils | das Zeitmanagement des Schülers hat sich verbessert | gelingt es regelmäßig, eigenständig Lösungsansätze umzusetzen, die mit dem Nachhilfelehrer besprochen wurden | kann die Vorgehensweise einer behandelten Beispielaufgabe zuverlässig auf andere Aufgaben übertragen | ist offen für alternative Lösungsansätze",-0.29904195573222,0.12732487188763403,0.051980053520697,0.06764571621779003,-0.09498586333434,0.05234712458342,0.19798161974378004
2026-01-07,19,3,6,1253,1957,Brüche: Alle rechenarten (wdh),"regelhinweise, metakognition",0.15283505646951856,1.4730026971119,0.011679352073830418,0,0,regulation,regulation,"versteht die Grundlagen des aktuellen Themas größtenteils | das Zeitmanagement des Schülers hat sich verbessert | gelingt es regelmäßig, eigenständig Lösungsansätze umzusetzen, die mit dem Nachhilfelehrer besprochen wurden | kann die Vorgehensweise einer behandelten Beispielaufgabe zuverlässig auf andere Aufgaben übertragen | ist offen für alternative Lösungsansätze",0.02179343316174004,0.038403674274409993,0.10498616802654001,0.04062894637862996,0.026758529641060014,-0.014179440823420042,-0.08842441036241
2026-01-07,19,3,6,1253,1958,Brüche: Alle rechenarten (wdh),"regelhinweise, metakognition",0.293424211509072,-0.21375134186380018,0.04304910396703232,1,0,regulation,performanz,"versteht die Grundlagen des aktuellen Themas größtenteils | das Zeitmanagement des Schülers hat sich verbessert | gelingt es regelmäßig, eigenständig Lösungsansätze umzusetzen, die mit dem Nachhilfelehrer besprochen wurden | kann die Vorgehensweise einer behandelten Beispielaufgabe zuverlässig auf andere Aufgaben übertragen | ist offen für alternative Lösungsansätze",0.13779501023871998,-0.16064042124059502,-0.09801556604347,-0.023404237097279956,0.07769948326494996,0.06088407340122004,-0.14630812869483006
2026-01-07,19,3,6,1253,1959,Brüche: Alle rechenarten (wdh),"regelhinweise, metakognition",0.4385876653793509,-1.1831006653692997,0.09618018883402768,1,0,performanz,motivation,"versteht die Grundlagen des aktuellen Themas größtenteils | das Zeitmanagement des Schülers hat sich verbessert | gelingt es regelmäßig, eigenständig Lösungsansätze umzusetzen, die mit dem Nachhilfelehrer besprochen wurden | kann die Vorgehensweise einer behandelten Beispielaufgabe zuverlässig auf andere Aufgaben übertragen | ist offen für alternative Lösungsansätze",-0.047066537160300015,0.378582634444295,-0.10983931942837802,0.09245042940299997,-0.11434779173936999,-0.11445864675746004,0.005577895423650003
2026-01-14,19,3,6,1252,1950,Algebra: Division Dezimalzahlen,"lob, strukturierung",0.3234283758178856,0.9599285652278997,0.052303302151369024,1,0,motivation,kognition,"kann sein Wissen in Testsituationen bzw. unter Druck nur eingeschränkt anwenden | die Lernfortschritte des Schülers im Rahmen der Nachhilfe haben sich etwas verbessert | kann gut Zusammenhänge zwischen verschiedenen Informationen erkennen | plant sich die eigene Lernzeit weder gut noch schlecht ein | zeigt nur gelegentlich Interesse daran, neue Themen zu erkunden und zu lernen",0.07019621029050999,-0.19578883667652,0.219101561253018,-0.07309746401808997,0.08851967620603002,-0.008369579029539997,0.009519530438150015
2026-01-14,19,3,6,1252,1952,Algebra: Division Dezimalzahlen,"lob, strukturierung",0.2516027588859676,0.4869699214016001,0.03165214011284012,1,0,kognition,performanz,"kann sein Wissen in Testsituationen bzw. unter Druck nur eingeschränkt anwenden | die Lernfortschritte des Schülers im Rahmen der Nachhilfe haben sich etwas verbessert | kann gut Zusammenhänge zwischen verschiedenen Informationen erkennen | plant sich die eigene Lernzeit weder gut noch schlecht ein | zeigt nur gelegentlich Interesse daran, neue Themen zu erkunden und zu lernen",0.024153503481090022,-0.18643433712951202,-0.11264566469162998,-0.038192055283719994,-0.03148134269355002,0.11206717298517,0.01627849588899999
2026-01-14,19,3,6,1252,1953,Algebra: Division Dezimalzahlen,"lob, strukturierung",0.1635764049451688,-0.12426128789169999,0.01337868685408894,1,0,performanz,kognition,"kann sein Wissen in Testsituationen bzw. unter Druck nur eingeschränkt anwenden | die Lernfortschritte des Schülers im Rahmen der Nachhilfe haben sich etwas verbessert | kann gut Zusammenhänge zwischen verschiedenen Informationen erkennen | plant sich die eigene Lernzeit weder gut noch schlecht ein | zeigt nur gelegentlich Interesse daran, neue Themen zu erkunden und zu lernen",-0.022906263595739995,-0.0044829037108899995,0.09593472018415,0.01737728007999001,0.09821407711267,-0.06168912005845001,-0.05705658630445998
2026-01-14,19,3,6,1252,1954,Algebra: Division Dezimalzahlen,"lob, strukturierung",0.17517864934111027,0.02760261745629977,0.015343857036256958,0,0,kognition,kognition,"kann sein Wissen in Testsituationen bzw. unter Druck nur eingeschränkt anwenden | die Lernfortschritte des Schülers im Rahmen der Nachhilfe haben sich etwas verbessert | kann gut Zusammenhänge zwischen verschiedenen Informationen erkennen | plant sich die eigene Lernzeit weder gut noch schlecht ein | zeigt nur gelegentlich Interesse daran, neue Themen zu erkunden und zu lernen",0.06318974551691003,0.025855212105523998,-0.13716120279997002,-0.022022687264620033,-0.042513023160779984,-0.022006804552739956,0.06660534783845001
2026-01-28,19,3,6,1248,1933,Gleichungssysteme: .. mit 1 unbekannten,lob,0.7090386449207952,-2.6576033220064996,0.25137043815350457,0,0,kognition,kognition,"ist noch unsicher darin, das im Nachhilfefach Erlernte auf neue Aufgaben anzuwenden | das Zeitmanagement des Schülers hat sich noch nicht verändert | ist offen für alternative Lösungsansätze | behält selten den Überblick beim Lösen komplexer Aufgaben | kann sich weniger gut auf die ihm zugeteilten Aufgabe konzentrieren, wenn diese als langweilig empfunden wird",0.28402117174696995,-0.010727608656268997,-0.156474461427527,-0.353088820743947,0.07883293578135997,-0.48242197097066103,-0.18398676623769003
2026-01-28,19,3,6,1248,1934,Gleichungssysteme: .. mit 1 unbekannten,lob,1.4124087169978314,-0.53377146895881,0.997469460969988,1,0,kognition,regulation,"ist noch unsicher darin, das im Nachhilfefach Erlernte auf neue Aufgaben anzuwenden | das Zeitmanagement des Schülers hat sich noch nicht verändert | ist offen für alternative Lösungsansätze | behält selten den Überblick beim Lösen komplexer Aufgaben | kann sich weniger gut auf die ihm zugeteilten Aufgabe konzentrieren, wenn diese als langweilig empfunden wird",-1.02869732111636,0.38285119689854696,0.435271397554647,0.152878801827417,-0.5344891083028199,0.080584950086257,0.53394710202484
2026-01-28,19,3,6,1248,1935,Gleichungssysteme: .. mit 1 unbekannten,lob,1.001215747155605,1.8411349747712102,0.501224779303064,1,0,regulation,motivation,"ist noch unsicher darin, das im Nachhilfefach Erlernte auf neue Aufgaben anzuwenden | das Zeitmanagement des Schülers hat sich noch nicht verändert | ist offen für alternative Lösungsansätze | behält selten den Überblick beim Lösen komplexer Aufgaben | kann sich weniger gut auf die ihm zugeteilten Aufgabe konzentrieren, wenn diese als langweilig empfunden wird",0.61004295367662,-0.011272722830879989,-0.344026350072688,0.31614494540297,0.34291678505709,0.381835351539964,-0.38530712364829
2026-01-28,19,3,6,1248,1936,Gleichungssysteme: .. mit 1 unbekannten,lob,0.44977056971385376,0.6057350512659996,0.10114748080291613,1,0,motivation,kognition,"ist noch unsicher darin, das im Nachhilfefach Erlernte auf neue Aufgaben anzuwenden | das Zeitmanagement des Schülers hat sich noch nicht verändert | ist offen für alternative Lösungsansätze | behält selten den Überblick beim Lösen komplexer Aufgaben | kann sich weniger gut auf die ihm zugeteilten Aufgabe konzentrieren, wenn diese als langweilig empfunden wird",0.10611521790422002,-0.358866631042544,0.072788121490278,-0.1534250542526,0.17348780333152003,-0.0014427750418399832,0.057536159299390044
2026-01-28,19,3,6,1248,1937,Gleichungssysteme: .. mit 1 unbekannten,lob,0.19694255399268537,0.029152012542300376,0.019393304261034472,1,0,kognition,performanz,"ist noch unsicher darin, das im Nachhilfefach Erlernte auf neue Aufgaben anzuwenden | das Zeitmanagement des Schülers hat sich noch nicht verändert | ist offen für alternative Lösungsansätze | behält selten den Überblick beim Lösen komplexer Aufgaben | kann sich weniger gut auf die ihm zugeteilten Aufgabe konzentrieren, wenn diese als langweilig empfunden wird",-0.05241895451806,0.049582563355894005,0.15498851163989996,0.025120747912100005,-0.08172295837308002,0.047338928372730016,-0.0028434856624900418
2025-12-17,19,3,11,1372,2281,Wurzelfunktion/-rechnung: Quadratwurzel,aktivierungsfragen,0.9685855918834769,-3.29388454397521,0.4690861495972616,0,0,regulation,regulation,"nutz zielgerichtet die im Nachhilfeunterricht vorhandene Hilfsmittel wie Lehrbücher, Arbeitsblätter, Kira oder Tipps des Nachhilfelehrers zum Lösen der Aufgaben | das Zeitmanagement des Schülers hat sich noch nicht verändert | kann sich nach einer unerwarteten Unterbrechung schnell wieder auf den Unterricht fokussieren | kann Wissen, das in den letzten Nachhilfestunden thematisiert wurde, meistens abrufen | überlegt sich hin und wieder zur Vorbereitung auf die Nachhilfestunden gezielte Fragen",-0.6168949170731,0.10044395370340997,0.23015895545264,-0.24392622219903,-0.45366017050073,-0.35052919127305404,0.32612622000297997
2025-12-17,19,3,11,1372,2282,Wurzelfunktion/-rechnung: Quadratwurzel,aktivierungsfragen,0.927119606812414,3.43069481501031,0.4297818766514535,0,0,regulation,regulation,"nutz zielgerichtet die im Nachhilfeunterricht vorhandene Hilfsmittel wie Lehrbücher, Arbeitsblätter, Kira oder Tipps des Nachhilfelehrers zum Lösen der Aufgaben | das Zeitmanagement des Schülers hat sich noch nicht verändert | kann sich nach einer unerwarteten Unterbrechung schnell wieder auf den Unterricht fokussieren | kann Wissen, das in den letzten Nachhilfestunden thematisiert wurde, meistens abrufen | überlegt sich hin und wieder zur Vorbereitung auf die Nachhilfestunden gezielte Fragen",0.57133163128038,-0.21979668453728,-0.0732383754955,0.26180078586192,0.38501131291079,0.408364204248224,-0.30971245437858996
2025-12-17,19,3,11,1372,2283,Wurzelfunktion/-rechnung: Quadratwurzel,aktivierungsfragen,0.3759487205323916,-0.26850112614529964,0.07066906689979047,1,0,regulation,kognition,"nutz zielgerichtet die im Nachhilfeunterricht vorhandene Hilfsmittel wie Lehrbücher, Arbeitsblätter, Kira oder Tipps des Nachhilfelehrers zum Lösen der Aufgaben | das Zeitmanagement des Schülers hat sich noch nicht verändert | kann sich nach einer unerwarteten Unterbrechung schnell wieder auf den Unterricht fokussieren | kann Wissen, das in den letzten Nachhilfestunden thematisiert wurde, meistens abrufen | überlegt sich hin und wieder zur Vorbereitung auf die Nachhilfestunden gezielte Fragen",0.21585014317822,-0.167470481458076,-0.19583229740407998,-0.10911376154180003,0.09496601418719003,-0.006830438091159963,-0.08589815830741004
2025-12-17,19,3,11,1372,2284,Wurzelfunktion/-rechnung: Quadratwurzel,aktivierungsfragen,0.6048645694824456,-2.4510416170344,0.18293225978326,0,0,kognition,kognition,"nutz zielgerichtet die im Nachhilfeunterricht vorhandene Hilfsmittel wie Lehrbücher, Arbeitsblätter, Kira oder Tipps des Nachhilfelehrers zum Lösen der Aufgaben | das Zeitmanagement des Schülers hat sich noch nicht verändert | kann sich nach einer unerwarteten Unterbrechung schnell wieder auf den Unterricht fokussieren | kann Wissen, das in den letzten Nachhilfestunden thematisiert wurde, meistens abrufen | überlegt sich hin und wieder zur Vorbereitung auf die Nachhilfestunden gezielte Fragen",0.22609668448918996,0.004401646752992004,0.09130626018393,-0.267937330584056,0.08808805346227999,-0.352382089243206,-0.320409384900905
2026-01-07,19,3,11,1371,2275,Brüche: Alle rechenarten (wdh),"lob, strukturierung, metakognition, emotionale_stuetzung",0.6257557706712082,1.7027003237821998,0.1957870628588465,0,0,kognition,kognition,versteht die Grundlagen des aktuellen Themas größtenteils | hat zuletzt erkennbar von der individuellen Unterstützung beim Erlernen neuer Lernstrategien profitiert | kann seine Wissenslücken teilweise gut darstellen | kann seinen Lösungsweg einigermaßen sicher erklären | versteht komplexe Sachverhalte nur mittelmäßig und kann sie nicht gut logisch wiedergeben,-0.21671545577911,-0.012077962954260002,-0.115373273432427,0.254074396764766,-0.12027295333547,0.348090564222346,0.361885897828425
2026-01-07,19,3,11,1371,2276,Brüche: Alle rechenarten (wdh),"lob, strukturierung, metakognition, emotionale_stuetzung",0.17085718252409057,1.6615158751453998,0.014596164068714446,1,0,kognition,performanz,versteht die Grundlagen des aktuellen Themas größtenteils | hat zuletzt erkennbar von der individuellen Unterstützung beim Erlernen neuer Lernstrategien profitiert | kann seine Wissenslücken teilweise gut darstellen | kann seinen Lösungsweg einigermaßen sicher erklären | versteht komplexe Sachverhalte nur mittelmäßig und kann sie nicht gut logisch wiedergeben,-0.12358115944240994,0.017609083696859998,0.07259558234137699,0.06569553791562,0.05141260559305999,0.03603184814160998,-0.00906761547613999
2026-01-07,19,3,11,1371,2277,Brüche: Alle rechenarten (wdh),"lob, strukturierung, metakognition, emotionale_stuetzung",0.16054857357600386,-2.6750423974619997,0.012888007725485928,0,0,performanz,performanz,versteht die Grundlagen des aktuellen Themas größtenteils | hat zuletzt erkennbar von der individuellen Unterstützung beim Erlernen neuer Lernstrategien profitiert | kann seine Wissenslücken teilweise gut darstellen | kann seinen Lösungsweg einigermaßen sicher erklären | versteht komplexe Sachverhalte nur mittelmäßig und kann sie nicht gut logisch wiedergeben,-0.07965718177765002,-0.010225118667576999,-0.08108198725228699,0.052340497824700016,-0.060546641837930015,0.07545048850109998,0.025564357894209966
2026-01-07,19,3,11,1371,2278,Brüche: Alle rechenarten (wdh),"lob, strukturierung, metakognition, emotionale_stuetzung",0.07085928674412534,0.9393715107994001,0.0025105387802396573,0,0,performanz,performanz,versteht die Grundlagen des aktuellen Themas größtenteils | hat zuletzt erkennbar von der individuellen Unterstützung beim Erlernen neuer Lernstrategien profitiert | kann seine Wissenslücken teilweise gut darstellen | kann seinen Lösungsweg einigermaßen sicher erklären | versteht komplexe Sachverhalte nur mittelmäßig und kann sie nicht gut logisch wiedergeben,0.011402033953540003,-0.017019475921356997,0.033820129959127004,-0.02359189230359998,-0.02831661206963998,0.039844111984389974,-0.022618736196499956
2026-01-07,19,3,11,1371,2279,Brüche: Alle rechenarten (wdh),"lob, strukturierung, metakognition, emotionale_stuetzung",0.20935631112651232,0.7337810533802998,0.021915159434751197,1,0,performanz,kognition,versteht die Grundlagen des aktuellen Themas größtenteils | hat zuletzt erkennbar von der individuellen Unterstützung beim Erlernen neuer Lernstrategien profitiert | kann seine Wissenslücken teilweise gut darstellen | kann seinen Lösungsweg einigermaßen sicher erklären | versteht komplexe Sachverhalte nur mittelmäßig und kann sie nicht gut logisch wiedergeben,0.15167078471807,0.010853942480609998,-0.054868771086458004,-0.07384249698431,0.01841526961073997,-0.10726962202210993,0.019975976549719998
2026-01-14,19,3,11,1370,2270,Algebra: Division Dezimalzahlen,metakognition,0.2766945663398119,0.5559971112795998,0.03828012744388398,1,0,kognition,performanz,"kann erlerntes Wissen bei unangekündigten Tests weniger zuverlässig abrufen | die Lernstrategien des Schülers haben sich in den vergangenen Wochen nicht verändert | verhält sich offen, wenn die Lehrkraft über Rückschläge sprechen will (bzw. wenn er selbst darüber sprechen soll) | kann sich im Nachhilfeunterricht nur mittelmäßig auf seine Aufgaben konzentrieren | reagiert eher zurückhaltend auf neue Herausforderungen",-0.12024840834890999,0.144604264433218,0.176153667276708,0.09820119508879,-0.009554076405169976,-0.013358383134960017,-0.015700129025660037
2026-01-14,19,3,11,1370,2271,Algebra: Division Dezimalzahlen,metakognition,0.4357203304853616,-1.8133243919976998,0.09492668316373398,1,0,performanz,kognition,"kann erlerntes Wissen bei unangekündigten Tests weniger zuverlässig abrufen | die Lernstrategien des Schülers haben sich in den vergangenen Wochen nicht verändert | verhält sich offen, wenn die Lehrkraft über Rückschläge sprechen will (bzw. wenn er selbst darüber sprechen soll) | kann sich im Nachhilfeunterricht nur mittelmäßig auf seine Aufgaben konzentrieren | reagiert eher zurückhaltend auf neue Herausforderungen",0.18662420267135,-0.156296123401865,-0.10999225780017,-0.20666521222029,0.20443096236515002,-0.10445117134406001,-0.15193506145185998
2026-01-14,19,3,11,1370,2272,Algebra: Division Dezimalzahlen,metakognition,0.5905697166160858,0.7521688935977,0.17438748553763794,1,0,kognition,motivation,"kann erlerntes Wissen bei unangekündigten Tests weniger zuverlässig abrufen | die Lernstrategien des Schülers haben sich in den vergangenen Wochen nicht verändert | verhält sich offen, wenn die Lehrkraft über Rückschläge sprechen will (bzw. wenn er selbst darüber sprechen soll) | kann sich im Nachhilfeunterricht nur mittelmäßig auf seine Aufgaben konzentrieren | reagiert eher zurückhaltend auf neue Herausforderungen",-0.21206125200427,0.280321596299825,0.17306938976093,0.31874066365230996,-0.29344042782742,0.031742005350619995,0.08098737127076999
2026-01-14,19,3,11,1370,2273,Algebra: Division Dezimalzahlen,metakognition,0.283577143679965,-0.4095257508544998,0.04020825469656886,0,0,motivation,motivation,"kann erlerntes Wissen bei unangekündigten Tests weniger zuverlässig abrufen | die Lernstrategien des Schülers haben sich in den vergangenen Wochen nicht verändert | verhält sich offen, wenn die Lehrkraft über Rückschläge sprechen will (bzw. wenn er selbst darüber sprechen soll) | kann sich im Nachhilfeunterricht nur mittelmäßig auf seine Aufgaben konzentrieren | reagiert eher zurückhaltend auf neue Herausforderungen",-0.02412034474393998,0.04950414121946001,-0.232670613848259,-0.07936058752511999,0.10158447491545003,0.024651929307839993,0.07760608755722997
2026-01-14,19,3,11,1370,2274,Algebra: Division Dezimalzahlen,metakognition,0.5131864264524446,0.21217225685240004,0.13168101869392723,1,0,motivation,kognition,"kann erlerntes Wissen bei unangekündigten Tests weniger zuverlässig abrufen | die Lernstrategien des Schülers haben sich in den vergangenen Wochen nicht verändert | verhält sich offen, wenn die Lehrkraft über Rückschläge sprechen will (bzw. wenn er selbst darüber sprechen soll) | kann sich im Nachhilfeunterricht nur mittelmäßig auf seine Aufgaben konzentrieren | reagiert eher zurückhaltend auf neue Herausforderungen",0.14135795426361003,-0.45184628936877,0.046184028193489005,-0.16856092210963997,0.0678428328888,-0.01971871929179997,0.060629539480320016
2026-01-28,19,3,11,1366,2251,Gleichungssysteme: ….mit 1 unbekannten,"strukturierung, metakognition",0.17729956987754647,0.042885839259399816,0.015717667676032998,0,0,kognition,kognition,versteht die Grundlagen des aktuellen Themas größtenteils | die Einstellung des Schülers zum Lernen hat sich in letzter Zeit verbessert | bittet kaum aktiv um Feedback | kann den eigenen Lösungsweg häufig nachvollziehbar mündlich erklären | ist offen für alternative Lösungsansätze,0.06861337071060991,0.132493979229596,-0.023209167544456996,0.01704321666153996,-0.05182838723304001,0.037077512507370014,-0.06544179060208999
2026-01-28,19,3,11,1366,2252,Gleichungssysteme: ….mit 1 unbekannten,"strukturierung, metakognition",0.2969678304634016,0.9764444948334003,0.044095189617686326,0,0,kognition,kognition,versteht die Grundlagen des aktuellen Themas größtenteils | die Einstellung des Schülers zum Lernen hat sich in letzter Zeit verbessert | bittet kaum aktiv um Feedback | kann den eigenen Lösungsweg häufig nachvollziehbar mündlich erklären | ist offen für alternative Lösungsansätze,-0.12049605177163997,0.17548414993863398,0.18711162490163702,0.08459265040594,-0.018636880648169984,-0.008826470557480037,-0.01685201409542003
2026-01-28,19,3,11,1366,2253,Gleichungssysteme: ….mit 1 unbekannten,"strukturierung, metakognition",0.23013396405026124,0.05790749559480002,0.026480946681333162,0,0,kognition,kognition,versteht die Grundlagen des aktuellen Themas größtenteils | die Einstellung des Schülers zum Lernen hat sich in letzter Zeit verbessert | bittet kaum aktiv um Feedback | kann den eigenen Lösungsweg häufig nachvollziehbar mündlich erklären | ist offen für alternative Lösungsansätze,0.04503928063137003,-0.146192409824205,-0.14924657386582002,-0.024958030248819985,0.07792668841650996,0.019140287102810016,-0.01498404074202997
2026-01-28,19,3,11,1366,2254,Gleichungssysteme: ….mit 1 unbekannten,"strukturierung, metakognition",0.432734447598835,-1.6070694112698,0.09363012877042098,1,0,kognition,motivation,versteht die Grundlagen des aktuellen Themas größtenteils | die Einstellung des Schülers zum Lernen hat sich in letzter Zeit verbessert | bittet kaum aktiv um Feedback | kann den eigenen Lösungsweg häufig nachvollziehbar mündlich erklären | ist offen für alternative Lösungsansätze,-0.11106327835179003,0.354379019251315,-0.088753714960428,0.11768623474501999,-0.16416544993604,-0.025720706141570016,0.0006630309476399754
2025-12-10,19,4,13,1352,2237,Brüche: Negative Zahlen,"aktivierungsfragen, regelhinweise, metakognition, emotionale_stuetzung",0.25806195487976724,-0.32689109109890024,0.033298159741129596,0,0,kognition,kognition,"seit Beginn der Nachhilfe hat sich die Fähigkeit des Schülers verbessert, seine schulischen Aufgaben und Lernzeiten besser zu organisieren | konnte in den letzten Wochen das Vertrauen in seine eigenen Fähigkeiten teilweise verbessern | kann erlerntes Wissen nur mittelmäßig auf neue oder andere Aufgabenstellungen anwenden | Motivation wird fast nicht beeinflusst, wenn er eine Aufgabe nicht sofort versteht | stellt regelmäßig Fragen im Nachhilfeunterricht",-0.01008073452007996,0.167145745022845,0.15861934017905,0.03245320663545001,-0.01048110010858,-0.08155409489924004,-0.07471560556256002
2025-12-10,19,4,13,1352,2238,Brüche: Negative Zahlen,"aktivierungsfragen, regelhinweise, metakognition, emotionale_stuetzung",0.47376543263630677,0.7114287183352004,0.11222740272230713,1,0,kognition,performanz,"seit Beginn der Nachhilfe hat sich die Fähigkeit des Schülers verbessert, seine schulischen Aufgaben und Lernzeiten besser zu organisieren | konnte in den letzten Wochen das Vertrauen in seine eigenen Fähigkeiten teilweise verbessern | kann erlerntes Wissen nur mittelmäßig auf neue oder andere Aufgabenstellungen anwenden | Motivation wird fast nicht beeinflusst, wenn er eine Aufgabe nicht sofort versteht | stellt regelmäßig Fragen im Nachhilfeunterricht",-0.17889607193778,-0.12568536253217,-0.278357902629199,0.15813991360924,-0.04871228513592002,0.11506077220013,0.24197075855676997
2025-12-10,19,4,13,1352,2239,Brüche: Negative Zahlen,"aktivierungsfragen, regelhinweise, metakognition, emotionale_stuetzung",0.5864596818179784,-2.4005957980962003,0.17196873317657801,1,0,performanz,motivation,"seit Beginn der Nachhilfe hat sich die Fähigkeit des Schülers verbessert, seine schulischen Aufgaben und Lernzeiten besser zu organisieren | konnte in den letzten Wochen das Vertrauen in seine eigenen Fähigkeiten teilweise verbessern | kann erlerntes Wissen nur mittelmäßig auf neue oder andere Aufgabenstellungen anwenden | Motivation wird fast nicht beeinflusst, wenn er eine Aufgabe nicht sofort versteht | stellt regelmäßig Fragen im Nachhilfeunterricht",-0.25024496121647,0.27836086790518,0.20517632698068902,0.21170705070050994,-0.33837791052517296,-0.03714561854689996,-0.03210976836849
2025-12-10,19,4,13,1352,2240,Brüche: Negative Zahlen,"aktivierungsfragen, regelhinweise, metakognition, emotionale_stuetzung",0.46123253504813505,2.3158379857807003,0.10636850608091164,1,0,motivation,regulation,"seit Beginn der Nachhilfe hat sich die Fähigkeit des Schülers verbessert, seine schulischen Aufgaben und Lernzeiten besser zu organisieren | konnte in den letzten Wochen das Vertrauen in seine eigenen Fähigkeiten teilweise verbessern | kann erlerntes Wissen nur mittelmäßig auf neue oder andere Aufgabenstellungen anwenden | Motivation wird fast nicht beeinflusst, wenn er eine Aufgabe nicht sofort versteht | stellt regelmäßig Fragen im Nachhilfeunterricht",0.21131939678394,-0.07548493498049003,-0.15402579502498004,-0.19255911067335996,0.304361122692023,-0.04888284930153003,0.08095310940424005
2026-01-08,19,6,16,1047,1578,"Prüfungsvorbereitung: BLS A-2025, B-1 2025","lob, strukturierung, regelhinweise, metakognition",0.10769576828645477,0.6190662822402997,0.005799219863430349,0,0,kognition,kognition,"hat sich stark in den zuvor als herausfordernd eingeschätzten Bereichen verbessert | ist meistens in der Lage, auch komplexere Sachverhalte zu verstehen | kann den eigenen Lösungsweg jederzeit nachvollziehbar mündlich erklären | gelingt es regelmäßig, eigenständig Lösungsansätze umzusetzen, die mit dem Nachhilfelehrer besprochen wurden | setzt Prioritäten bei Lernaufgaben sinnvoll",-0.061035302956430004,0.006186629501638001,0.005607053188700001,0.025056393377849984,0.08011810751890003,0.002143877524370008,-0.02742310444534002
2026-01-08,19,6,16,1047,1579,"Prüfungsvorbereitung: BLS A-2025, B-1 2025","lob, strukturierung, regelhinweise, metakognition",0.3635154111664945,-0.10069797134189962,0.06607205153546658,1,0,kognition,regulation,"hat sich stark in den zuvor als herausfordernd eingeschätzten Bereichen verbessert | ist meistens in der Lage, auch komplexere Sachverhalte zu verstehen | kann den eigenen Lösungsweg jederzeit nachvollziehbar mündlich erklären | gelingt es regelmäßig, eigenständig Lösungsansätze umzusetzen, die mit dem Nachhilfelehrer besprochen wurden | setzt Prioritäten bei Lernaufgaben sinnvoll",-0.20882119473033,0.150272196693437,0.13614315735116,0.07053913466676998,-0.1466837120681,0.03383345084101996,0.14065520641947005
2026-01-08,19,6,16,1047,1580,"Prüfungsvorbereitung: BLS A-2025, B-1 2025","lob, strukturierung, regelhinweise, metakognition",0.23563482226970625,-0.5509228168960001,0.027762033697570465,1,0,regulation,performanz,"hat sich stark in den zuvor als herausfordernd eingeschätzten Bereichen verbessert | ist meistens in der Lage, auch komplexere Sachverhalte zu verstehen | kann den eigenen Lösungsweg jederzeit nachvollziehbar mündlich erklären | gelingt es regelmäßig, eigenständig Lösungsansätze umzusetzen, die mit dem Nachhilfelehrer besprochen wurden | setzt Prioritäten bei Lernaufgaben sinnvoll",0.06931878406033998,0.02361014590858998,0.05375455320005998,0.05755870861346002,-0.005279433089720009,0.041796098330959985,-0.20538717943489004
2026-01-08,19,6,18,1730,3154,Prüfungsvorbereitung: BLF 2025 A-Teil. B-1,"lob, metakognition",0.3816995631032477,-1.1998326065417997,0.07284775274198674,1,0,performanz,kognition,erinnert sich gut an den zuvor behandelten Stoff | die Organisationsfähigkeit des Schülers hat sich in letzter Zeit etwas verbessert | vermeidet die Wiederholung von zuvor gemachten Fehlern nur wenig erfolgreich | kann sich im Nachhilfeunterricht nur mittelmäßig auf seine Aufgaben konzentrieren | setzt geplante Lernaktivitäten meistens in die Tat um,0.15328868706465,0.118110341101719,0.12633841718264,-0.19790488361144,0.10125378044417,-0.20676253649027998,0.010782812825910038
2026-01-08,19,6,18,1730,3155,Prüfungsvorbereitung: BLF 2025 A-Teil. B-1,"lob, metakognition",0.2179476256226831,0.31213379470190006,0.02375075770587398,1,0,kognition,regulation,erinnert sich gut an den zuvor behandelten Stoff | die Organisationsfähigkeit des Schülers hat sich in letzter Zeit etwas verbessert | vermeidet die Wiederholung von zuvor gemachten Fehlern nur wenig erfolgreich | kann sich im Nachhilfeunterricht nur mittelmäßig auf seine Aufgaben konzentrieren | setzt geplante Lernaktivitäten meistens in die Tat um,-0.11770227230695002,0.0038909110146100045,-0.0977434535692,0.11770805564880002,-0.01656308676609003,0.026152974120179973,0.09625445673325994
2026-01-08,19,6,18,1730,3156,Prüfungsvorbereitung: BLF 2025 A-Teil. B-1,"lob, metakognition",0.2814165198059325,0.04811404320019985,0.03959790006606967,1,0,regulation,motivation,erinnert sich gut an den zuvor behandelten Stoff | die Organisationsfähigkeit des Schülers hat sich in letzter Zeit etwas verbessert | vermeidet die Wiederholung von zuvor gemachten Fehlern nur wenig erfolgreich | kann sich im Nachhilfeunterricht nur mittelmäßig auf seine Aufgaben konzentrieren | setzt geplante Lernaktivitäten meistens in die Tat um,-0.08075515574714998,0.19015894104871,-0.084304787160259,0.12466801566456998,-0.04647596455167996,0.036404133259009985,-0.10187616066549998
2026-01-08,19,6,18,1730,3157,Prüfungsvorbereitung: BLF 2025 A-Teil. B-1,"lob, metakognition",0.3339748366512993,0.4895002137751998,0.05576994763968879,1,0,motivation,methodik,erinnert sich gut an den zuvor behandelten Stoff | die Organisationsfähigkeit des Schülers hat sich in letzter Zeit etwas verbessert | vermeidet die Wiederholung von zuvor gemachten Fehlern nur wenig erfolgreich | kann sich im Nachhilfeunterricht nur mittelmäßig auf seine Aufgaben konzentrieren | setzt geplante Lernaktivitäten meistens in die Tat um,0.06547208056349996,-0.299627659854596,0.008234668608154,-0.07564160110313001,0.10462273313502995,0.022500654892259997,0.015303799830490017
2026-01-08,19,6,19,2001,3720,Dezimalzahlen: Division,"lob, metakognition, emotionale_stuetzung",1.011285842124895,-1.3659215079268998,0.5113529940018131,1,0,performanz,kognition,"erinnert sich gut an den zuvor behandelten Stoff | Fähigkeiten hat sich in den letzten Wochen nicht verändert | kann bereits erlernten Stoff gut spontan abrufen | ist allgemein motiviert | fragt immer selbst nach neuen Aufgaben, wenn er eine Aufgabe beendet hat",0.36606435071518,-0.063247009966191,0.07408281140002,-0.54520524988227,0.10879391050344,-0.37476150636918004,-0.65549708793039
2026-01-08,19,6,19,2001,3721,Dezimalzahlen: Division,"lob, metakognition, emotionale_stuetzung",0.9593342529270481,1.2851397969203,0.460164250677248,1,0,kognition,performanz,"erinnert sich gut an den zuvor behandelten Stoff | Fähigkeiten hat sich in den letzten Wochen nicht verändert | kann bereits erlernten Stoff gut spontan abrufen | ist allgemein motiviert | fragt immer selbst nach neuen Aufgaben, wenn er eine Aufgabe beendet hat",-0.33119049196423006,0.21029289340381,0.07989499013172999,0.55951935759945,-0.14197892959270003,0.33678798665825005,0.55980593108075
2026-01-08,19,6,19,2001,3722,Dezimalzahlen: Division,"lob, metakognition, emotionale_stuetzung",0.2551273372705376,0.32078689368879987,0.03254514789709373,1,0,performanz,kognition,"erinnert sich gut an den zuvor behandelten Stoff | Fähigkeiten hat sich in den letzten Wochen nicht verändert | kann bereits erlernten Stoff gut spontan abrufen | ist allgemein motiviert | fragt immer selbst nach neuen Aufgaben, wenn er eine Aufgabe beendet hat",0.07244923586052004,-0.14403813392916698,-0.11082714991189999,-0.08257547409758004,0.10406301289155001,-0.060777033744700004,0.07395781133375001
2026-01-09,19,7,24,1522,2753,Gleichungssysteme: Mit 2unbekannten (wdh),"strukturierung, metakognition, emotionale_stuetzung",0.22692245287236987,0.9672900396603001,0.025747027482733387,1,0,regulation,kognition,"erkennt und korrigiert eigene Fehler stets selbstständig | konnte in den letzten Wochen das Vertrauen in seine eigenen Fähigkeiten deutlich verbessern | behält durchgehend den Überblick beim Lösen komplexer Aufgaben | kann seinen Lösungsweg sehr nachvollziehbar erklären | ist besonders interessiert daran, neue Themen zu erkunden und zu lernen",0.11693256612390995,0.011018724632479993,0.012619860798480043,-0.09455028699430001,0.08844870227143997,-0.0017050710985199724,-0.14413210761844003
2026-01-09,19,7,24,1522,2754,Gleichungssysteme: Mit 2unbekannten (wdh),"strukturierung, metakognition, emotionale_stuetzung",0.18746779877594497,-0.835969879131,0.017572173214008613,0,0,kognition,kognition,"erkennt und korrigiert eigene Fehler stets selbstständig | konnte in den letzten Wochen das Vertrauen in seine eigenen Fähigkeiten deutlich verbessern | behält durchgehend den Überblick beim Lösen komplexer Aufgaben | kann seinen Lösungsweg sehr nachvollziehbar erklären | ist besonders interessiert daran, neue Themen zu erkunden und zu lernen",-0.027790997189109934,-0.07870634890199898,-0.1326112879955,0.04533955563090003,0.00985269543584999,-0.012988424726259995,0.09093922642510005
2026-01-09,19,7,24,1522,2755,Gleichungssysteme: Mit 2unbekannten (wdh),"strukturierung, metakognition, emotionale_stuetzung",0.12560151391517327,-0.5097126766270001,0.007887915683161606,0,0,kognition,kognition,"erkennt und korrigiert eigene Fehler stets selbstständig | konnte in den letzten Wochen das Vertrauen in seine eigenen Fähigkeiten deutlich verbessern | behält durchgehend den Überblick beim Lösen komplexer Aufgaben | kann seinen Lösungsweg sehr nachvollziehbar erklären | ist besonders interessiert daran, neue Themen zu erkunden und zu lernen",0.07123288244965997,-0.036131097620541,-0.03411244460422201,-0.043767451189700046,0.00427155611486002,0.022502653222649993,-0.07610713689406001
2026-01-09,19,7,24,1522,2756,Gleichungssysteme: Mit 2unbekannten (wdh),"strukturierung, metakognition, emotionale_stuetzung",0.19896589638106485,1.4374826562574996,0.019793817695184623,0,0,kognition,kognition,"erkennt und korrigiert eigene Fehler stets selbstständig | konnte in den letzten Wochen das Vertrauen in seine eigenen Fähigkeiten deutlich verbessern | behält durchgehend den Überblick beim Lösen komplexer Aufgaben | kann seinen Lösungsweg sehr nachvollziehbar erklären | ist besonders interessiert daran, neue Themen zu erkunden und zu lernen",-0.09704818602068,0.03108476718788499,-0.022890139068936,0.1130659259724,-0.06741459690162,-0.012926150011070003,0.10575036382719
2025-09-18,20,0,8,447,711,Statistik: Modalwerte uzw.,"lob, metakognition, emotionale_stuetzung",0.2084539098274709,-1.2393696794211002,0.02172663105294781,1,0,performanz,kognition,"kann erlerntes Wissen auch bei unangekündigten Tests zuverlässig abrufen | Selbstständigkeit hat sich in den letzten Wochen verbessert | teilt sich die eigene Lernzeit angemessen ein | braucht nie Ermutigung, nach Misserfolgen | kann komplexe Informationen sehr verständlich mit eigenen Worten erklären | Sie arbeitet bereits gut selbstäntigt und ist gut motiviert. Mit der Zeit wird sie bestimmt am Besten Ergebnissen erreichen.",0.10162451746512002,-0.04903243145372001,-0.046638920733669986,-0.15161322150732998,0.04994998830232,-0.03761662222854001,0.04061454389450003
2025-09-18,20,0,8,447,713,Statistik: Modalwerte uzw.,"lob, metakognition, emotionale_stuetzung",1.63067648102486,-2.30190088897392,1.329570776984634,1,1,kognition,regulation,"kann erlerntes Wissen auch bei unangekündigten Tests zuverlässig abrufen | Selbstständigkeit hat sich in den letzten Wochen verbessert | teilt sich die eigene Lernzeit angemessen ein | braucht nie Ermutigung, nach Misserfolgen | kann komplexe Informationen sehr verständlich mit eigenen Worten erklären | Sie arbeitet bereits gut selbstäntigt und ist gut motiviert. Mit der Zeit wird sie bestimmt am Besten Ergebnissen erreichen.",-0.515606929633466,-0.53400808699371,-0.28000395733037803,-0.36391322974331597,-0.60492366733876,-0.023512443643660008,-1.23724294691517
2025-09-18,20,0,8,447,714,Statistik: Modalwerte uzw.,"lob, metakognition, emotionale_stuetzung",1.520593699138685,2.9989784009670197,1.156117526767436,1,1,regulation,kognition,"kann erlerntes Wissen auch bei unangekündigten Tests zuverlässig abrufen | Selbstständigkeit hat sich in den letzten Wochen verbessert | teilt sich die eigene Lernzeit angemessen ein | braucht nie Ermutigung, nach Misserfolgen | kann komplexe Informationen sehr verständlich mit eigenen Worten erklären | Sie arbeitet bereits gut selbstäntigt und ist gut motiviert. Mit der Zeit wird sie bestimmt am Besten Ergebnissen erreichen.",0.632401805632556,0.43258801156695403,0.263654477623838,0.30918601383962596,0.66468355966304,0.008340216995930017,1.05742957113488
2025-09-18,20,0,8,447,715,Statistik: Modalwerte uzw.,"lob, metakognition, emotionale_stuetzung",0.2745549540617197,0.8416928921527997,0.037690385005184956,1,0,kognition,performanz,"kann erlerntes Wissen auch bei unangekündigten Tests zuverlässig abrufen | Selbstständigkeit hat sich in den letzten Wochen verbessert | teilt sich die eigene Lernzeit angemessen ein | braucht nie Ermutigung, nach Misserfolgen | kann komplexe Informationen sehr verständlich mit eigenen Worten erklären | Sie arbeitet bereits gut selbstäntigt und ist gut motiviert. Mit der Zeit wird sie bestimmt am Besten Ergebnissen erreichen.",-0.17800590224219004,0.012882429968562002,0.01897711858252002,0.152525351047,-0.04119184636751,0.06949965205738001,0.11566019617792
2025-09-18,20,6,22,1898,3665,Prüfungsvorbereitung: Quadratische Funktionen,"lob, metakognition",0.19029444992400937,-0.2931153575251,0.018106078069583087,1,0,performanz,kognition,"nutzt vorhandene Hilfsmittel zum Lösen von Aufgaben sehr effektiv | Nachhilfe hat in letzter Zeit merklich zur Organisationsfähigkeit beigetragen | hält Fristen für Hausaufgaben und Projekte konsequent ein | gibt oft zu erkennen, wenn er ein Problem mit einer Aufgabenstellung hat | kann sich sehr gut auf eine Aufgabe konzentrieren, auch wenn diese als zu leicht empfunden wird | Sie hatte bereits Hausaufgaben über Quadratfunktionen. Sie versteht die Grundprinzipen gut, aber braucht mehr Übung um jede Detail zu verstehen. Gerade konnte sie mit meiner Hilfe die Aufgaben erledigen.",0.06638530213444005,0.045334990996694996,0.13833017745176998,-0.04704267755813002,-0.00534235159919999,-0.08287627255942998,-0.03878710022803
2025-09-18,20,6,22,1898,3666,Prüfungsvorbereitung: Quadratische Funktionen,"lob, metakognition",0.11365945762453755,-0.4693342381297998,0.006459271380637732,0,0,kognition,kognition,"nutzt vorhandene Hilfsmittel zum Lösen von Aufgaben sehr effektiv | Nachhilfe hat in letzter Zeit merklich zur Organisationsfähigkeit beigetragen | hält Fristen für Hausaufgaben und Projekte konsequent ein | gibt oft zu erkennen, wenn er ein Problem mit einer Aufgabenstellung hat | kann sich sehr gut auf eine Aufgabe konzentrieren, auch wenn diese als zu leicht empfunden wird | Sie hatte bereits Hausaufgaben über Quadratfunktionen. Sie versteht die Grundprinzipen gut, aber braucht mehr Übung um jede Detail zu verstehen. Gerade konnte sie mit meiner Hilfe die Aufgaben erledigen.",0.016192820851349987,0.09984113065899401,-0.02544021383634998,0.016070103642760014,-0.005420758948890048,-0.04187037142565003,0.00021942443277001011
2025-09-18,20,6,22,1898,3667,Prüfungsvorbereitung: Quadratische Funktionen,"lob, metakognition",0.4691630201683679,-0.0023445787252001082,0.11005760843779677,1,0,kognition,regulation,"nutzt vorhandene Hilfsmittel zum Lösen von Aufgaben sehr effektiv | Nachhilfe hat in letzter Zeit merklich zur Organisationsfähigkeit beigetragen | hält Fristen für Hausaufgaben und Projekte konsequent ein | gibt oft zu erkennen, wenn er ein Problem mit einer Aufgabenstellung hat | kann sich sehr gut auf eine Aufgabe konzentrieren, auch wenn diese als zu leicht empfunden wird | Sie hatte bereits Hausaufgaben über Quadratfunktionen. Sie versteht die Grundprinzipen gut, aber braucht mehr Übung um jede Detail zu verstehen. Gerade konnte sie mit meiner Hilfe die Aufgaben erledigen.",-0.22267062547161004,0.13210975278724002,-0.337459479293504,0.11453224659506,0.034214273140529994,-0.02836060368944998,0.15526515790982004
2025-09-18,20,6,22,1898,3668,Prüfungsvorbereitung: Quadratische Funktionen,"lob, metakognition",0.4906980809435013,-0.05340058308960005,0.12039300773019734,1,0,regulation,performanz,"nutzt vorhandene Hilfsmittel zum Lösen von Aufgaben sehr effektiv | Nachhilfe hat in letzter Zeit merklich zur Organisationsfähigkeit beigetragen | hält Fristen für Hausaufgaben und Projekte konsequent ein | gibt oft zu erkennen, wenn er ein Problem mit einer Aufgabenstellung hat | kann sich sehr gut auf eine Aufgabe konzentrieren, auch wenn diese als zu leicht empfunden wird | Sie hatte bereits Hausaufgaben über Quadratfunktionen. Sie versteht die Grundprinzipen gut, aber braucht mehr Übung um jede Detail zu verstehen. Gerade konnte sie mit meiner Hilfe die Aufgaben erledigen.",0.06585972320312,-0.23207442363468703,0.324188033792704,-0.08037991522631,-0.11741493420091997,0.21948200052802003,-0.09524252222886004
2025-09-18,20,6,22,1898,3669,Prüfungsvorbereitung: Quadratische Funktionen,"lob, metakognition",0.38012624900757896,0.2127164828114001,0.07224839604259836,1,0,performanz,kognition,"nutzt vorhandene Hilfsmittel zum Lösen von Aufgaben sehr effektiv | Nachhilfe hat in letzter Zeit merklich zur Organisationsfähigkeit beigetragen | hält Fristen für Hausaufgaben und Projekte konsequent ein | gibt oft zu erkennen, wenn er ein Problem mit einer Aufgabenstellung hat | kann sich sehr gut auf eine Aufgabe konzentrieren, auch wenn diese als zu leicht empfunden wird | Sie hatte bereits Hausaufgaben über Quadratfunktionen. Sie versteht die Grundprinzipen gut, aber braucht mehr Übung um jede Detail zu verstehen. Gerade konnte sie mit meiner Hilfe die Aufgaben erledigen.",0.22764730694354995,-0.104951183317416,-0.09744207657653,-0.13795200868676002,0.13061660540067999,-0.12154418146948004,-0.14594011546677
2025-11-03,21,0,17,1790,3387,Allgemeiner Sprachgebrauch: Richtungen,emotionale_stuetzung,0.2350889358568411,1.3813894922992,0.027633567762524458,1,0,regulation,kognition,beherrscht die spezifischen Fachbegriffe nur teilweise | hat zuletzt erkennbar von der individuellen Unterstützung in der Nachhilfe profitiert | oft bereit für Lernerfolg zusätzlichen Aufwand zu betreiben | bearbeitet Aufgaben teilweise erfolgreich ohne ständige Anleitung | hat geplante Zeit überwiegend sinnvoll genutzt,0.06659299910304994,-0.028167581825466,0.151508670389493,-0.07406003175643,0.00838982697231,0.06183239028007004,-0.13306152101769003
2025-11-03,21,0,17,1790,3388,Allgemeiner Sprachgebrauch: Richtungen,emotionale_stuetzung,0.22078132508918333,-0.6737007156716,0.02437232393106825,1,0,kognition,performanz,beherrscht die spezifischen Fachbegriffe nur teilweise | hat zuletzt erkennbar von der individuellen Unterstützung in der Nachhilfe profitiert | oft bereit für Lernerfolg zusätzlichen Aufwand zu betreiben | bearbeitet Aufgaben teilweise erfolgreich ohne ständige Anleitung | hat geplante Zeit überwiegend sinnvoll genutzt,-0.06525757211514993,0.153614102092921,0.11018394215239,0.07226159022459,-0.027206557081439986,-0.011357151096970053,-0.051547359473249954
2025-11-03,21,0,17,1790,3389,Allgemeiner Sprachgebrauch: Richtungen,emotionale_stuetzung,0.2941233842860828,0.1219543626216999,0.043254523881083085,1,0,performanz,methodik,beherrscht die spezifischen Fachbegriffe nur teilweise | hat zuletzt erkennbar von der individuellen Unterstützung in der Nachhilfe profitiert | oft bereit für Lernerfolg zusätzlichen Aufwand zu betreiben | bearbeitet Aufgaben teilweise erfolgreich ohne ständige Anleitung | hat geplante Zeit überwiegend sinnvoll genutzt,0.012113379362759968,-0.12893927287019302,-0.211158213738866,-0.015322542557820007,0.040301982931729985,-0.039966468455129966,0.14728324808744997
2025-11-03,21,0,17,1790,3390,Allgemeiner Sprachgebrauch: Richtungen,emotionale_stuetzung,0.1434267084854767,-0.46531550584540016,0.01028567087890253,1,0,methodik,performanz,beherrscht die spezifischen Fachbegriffe nur teilweise | hat zuletzt erkennbar von der individuellen Unterstützung in der Nachhilfe profitiert | oft bereit für Lernerfolg zusätzlichen Aufwand zu betreiben | bearbeitet Aufgaben teilweise erfolgreich ohne ständige Anleitung | hat geplante Zeit überwiegend sinnvoll genutzt,-0.00781388187940002,0.005668278433304003,0.09900527774339599,0.005060591087199973,-0.03039279663444,0.06640473734962998,-0.07291823327275998
2025-11-17,21,0,17,1787,3373,Sprechen: Aussprache,"strukturierung, aktivierungsfragen, metakognition",0.1724616300935651,0.15704830272030001,0.014871598202772174,0,0,performanz,performanz,erkennt und korrigiert eigene Fehler meist selbstständig | Vorbereitung auf anstehende Tests hat sich etwas verbessert | Fähigkeit zum kreativen Denken ist ausgeprägt | formuliert Fragen verständlich | Lernmaterialien und Notizen sind strukturiert,-0.017638245710239975,0.056101886329759,0.06347656400358001,0.04253157350589004,-0.10150077656856998,-0.04722398643162001,0.08895933358525998
2025-11-17,21,0,17,1787,3375,Sprechen: Aussprache,"strukturierung, aktivierungsfragen, metakognition",0.5338370232762376,-0.8074548566982997,0.1424919733145551,1,0,performanz,kognition,erkennt und korrigiert eigene Fehler meist selbstständig | Vorbereitung auf anstehende Tests hat sich etwas verbessert | Fähigkeit zum kreativen Denken ist ausgeprägt | formuliert Fragen verständlich | Lernmaterialien und Notizen sind strukturiert,0.31222405447969,-0.090726963911681,-0.145641404005028,-0.27734414303589006,0.12738577800828998,-0.14360387674121,-0.2104431589606
2025-11-17,21,0,17,1787,3376,Sprechen: Aussprache,"strukturierung, aktivierungsfragen, metakognition",0.5608601545132492,1.4942496650439998,0.15728306842932305,1,0,kognition,methodik,erkennt und korrigiert eigene Fehler meist selbstständig | Vorbereitung auf anstehende Tests hat sich etwas verbessert | Fähigkeit zum kreativen Denken ist ausgeprägt | formuliert Fragen verständlich | Lernmaterialien und Notizen sind strukturiert,-0.40251024845667,0.04950314185318999,-0.058749211314876,0.27139927678964004,0.04633262439443003,0.09210148827753001,0.24972108092103001
2025-11-24,21,0,17,1785,3363,Zeiten: Simple Past,lob,0.2545039894140266,-0.4597403473514001,0.032386311577637716,1,0,methodik,kognition,"kann erlerntes Wissen nur begrenzt in eigenen Worten wiedergeben | Geschwindigkeit beim Lösen von Aufgaben hat sich in den letzten Stunden ohne Qualitätsverlust erhöht | muss nie an formale Vorgehensweisen erinnert werden | kommt normalerweise aus eigener Motivation zur Nachhilfe | kann gut mit Stress umgehen, wenn Aufgaben sich ändern",0.18715663565288004,-0.030224087047895996,0.046162910859733,-0.05967536053153,-0.09696304382844001,0.06210704205626999,-0.09939768300017998
2025-11-24,21,0,17,1785,3364,Zeiten: Simple Past,lob,0.18918441047423704,0.4296275014083002,0.017895465552207113,0,0,kognition,kognition,"kann erlerntes Wissen nur begrenzt in eigenen Worten wiedergeben | Geschwindigkeit beim Lösen von Aufgaben hat sich in den letzten Stunden ohne Qualitätsverlust erhöht | muss nie an formale Vorgehensweisen erinnert werden | kommt normalerweise aus eigener Motivation zur Nachhilfe | kann gut mit Stress umgehen, wenn Aufgaben sich ändern",0.07801034298213994,-0.019504065654656996,0.04585943979238101,-0.10918651227041001,0.06820715895830998,-0.030157960101039993,-0.09868240576093001
2025-11-24,21,0,17,1785,3365,Zeiten: Simple Past,lob,1.969492910409946,-0.8613627961944998,1.9394622036959515,1,1,kognition,regulation,"kann erlerntes Wissen nur begrenzt in eigenen Worten wiedergeben | Geschwindigkeit beim Lösen von Aufgaben hat sich in den letzten Stunden ohne Qualitätsverlust erhöht | muss nie an formale Vorgehensweisen erinnert werden | kommt normalerweise aus eigener Motivation zur Nachhilfe | kann gut mit Stress umgehen, wenn Aufgaben sich ändern",-1.02773181615327,-0.061784418098126,-0.16113284473633901,-0.63313727286707,-0.95013284419526,-0.91730323059259,-0.80487768355264
2025-11-24,21,0,17,1785,3366,Zeiten: Simple Past,lob,1.9684411592977675,0.16596318476079963,1.937392350293269,1,1,regulation,kognition,"kann erlerntes Wissen nur begrenzt in eigenen Worten wiedergeben | Geschwindigkeit beim Lösen von Aufgaben hat sich in den letzten Stunden ohne Qualitätsverlust erhöht | muss nie an formale Vorgehensweisen erinnert werden | kommt normalerweise aus eigener Motivation zur Nachhilfe | kann gut mit Stress umgehen, wenn Aufgaben sich ändern",0.89082914674446,0.25994520787904,0.293332525108159,0.79694141211703,0.9195170796055501,0.8667280360315,0.83410058450168
2025-11-24,21,0,17,1785,3367,Zeiten: Simple Past,lob,0.25932195242597234,0.4091851332332004,0.03362413002983933,1,0,kognition,performanz,"kann erlerntes Wissen nur begrenzt in eigenen Worten wiedergeben | Geschwindigkeit beim Lösen von Aufgaben hat sich in den letzten Stunden ohne Qualitätsverlust erhöht | muss nie an formale Vorgehensweisen erinnert werden | kommt normalerweise aus eigener Motivation zur Nachhilfe | kann gut mit Stress umgehen, wenn Aufgaben sich ändern",-0.03862269947532998,-0.15762089706020202,-0.09395926483855002,-0.05593897130408998,-0.03653736861236001,0.09680713517786999,0.13508405612496
2025-12-08,21,0,17,1782,3349,Allgemeiner Sprachgebrauch: Verneinung,regelhinweise,0.20880687487509983,0.4658517409463001,0.0218002664780671,1,0,performanz,kognition,"konnte durch die Nachhilfe seine Noten im Unterricht etwas verbessern | die Einstellung des Schülers zum Lernen hat sich in letzter Zeit verbessert | ist meistens in der Lage, Aufgaben ohne Hilfe zu bearbeiten | erstellt eher unsicher einen zielgerichteten Lernplan für seine Lernaktivitäten | gelingt es regelmäßig, eigenständig Lösungsansätze umzusetzen, die mit dem Nachhilfelehrer besprochen wurden",0.03485334870358997,0.145847335111112,0.10255256456412001,0.037560990795549976,-0.040235753119909956,-0.06520732762838999,-0.05757900647332004
2025-12-08,21,0,17,1782,3350,Allgemeiner Sprachgebrauch: Verneinung,regelhinweise,0.4252188180827794,-0.7763863519075005,0.09040600412977395,0,0,kognition,kognition,"konnte durch die Nachhilfe seine Noten im Unterricht etwas verbessern | die Einstellung des Schülers zum Lernen hat sich in letzter Zeit verbessert | ist meistens in der Lage, Aufgaben ohne Hilfe zu bearbeiten | erstellt eher unsicher einen zielgerichteten Lernplan für seine Lernaktivitäten | gelingt es regelmäßig, eigenständig Lösungsansätze umzusetzen, die mit dem Nachhilfelehrer besprochen wurden",0.2032558796094,-0.18557981851201,-0.09789864432909001,-0.19776333826822998,0.12698815051767998,-0.034274380908909996,-0.19764365796532998
2025-12-08,21,0,17,1782,3352,Allgemeiner Sprachgebrauch: Verneinung,regelhinweise,0.5974475372602294,0.6240764434656003,0.1784727485951162,1,0,kognition,regulation,"konnte durch die Nachhilfe seine Noten im Unterricht etwas verbessern | die Einstellung des Schülers zum Lernen hat sich in letzter Zeit verbessert | ist meistens in der Lage, Aufgaben ohne Hilfe zu bearbeiten | erstellt eher unsicher einen zielgerichteten Lernplan für seine Lernaktivitäten | gelingt es regelmäßig, eigenständig Lösungsansätze umzusetzen, die mit dem Nachhilfelehrer besprochen wurden",-0.36000835040824,0.17582421473542,0.06775324097469002,0.22144535045870997,-0.17657860356278998,0.08126853522638999,0.3240528814421201
2025-12-15,21,0,17,1780,3338,Hörverstehen: Übersetzen,"lob, aktivierungsfragen, emotionale_stuetzung",0.2659582989470236,-0.2167601857974999,0.03536708921839593,0,0,regulation,regulation,müssen den Schüler ständig an grundlegende Vorgehensweisen des Faches ENG erinnern | das Zeitmanagement des Schülers hat sich etwas verbessert | kann seine Wissenslücken teilweise gut darstellen | hat wenig Vertrauen in die eigenen Fähigkeiten | stellt nur vereinzelt Fragen im Nachhilfeunterricht,0.13016391101388997,-0.127665248437696,-0.17806755194777701,0.009009233665230043,0.05541865183704997,-0.009724156338239975,-0.05037610399652004
2025-12-15,21,0,17,1780,3339,Hörverstehen: Übersetzen,"lob, aktivierungsfragen, emotionale_stuetzung",0.43572121378180184,-2.190502372625,0.09492732496235379,0,0,regulation,regulation,müssen den Schüler ständig an grundlegende Vorgehensweisen des Faches ENG erinnern | das Zeitmanagement des Schülers hat sich etwas verbessert | kann seine Wissenslücken teilweise gut darstellen | hat wenig Vertrauen in die eigenen Fähigkeiten | stellt nur vereinzelt Fragen im Nachhilfeunterricht,-0.24000596000912,0.179280033157916,0.153122985999577,-0.07096262762786004,-0.10188234878329,-0.10138037427436003,0.22576192851674004
2025-12-15,21,0,17,1780,3340,Hörverstehen: Übersetzen,"lob, aktivierungsfragen, emotionale_stuetzung",0.4690268931733346,0.5696014497144,0.10999429732830424,1,0,regulation,performanz,müssen den Schüler ständig an grundlegende Vorgehensweisen des Faches ENG erinnern | das Zeitmanagement des Schülers hat sich etwas verbessert | kann seine Wissenslücken teilweise gut darstellen | hat wenig Vertrauen in die eigenen Fähigkeiten | stellt nur vereinzelt Fragen im Nachhilfeunterricht,0.18385223034565001,-0.209959365852981,-0.140508060509947,0.07171476710653002,0.10555699439465,0.18441918349531,-0.26844629148352006
2025-12-15,21,0,17,1780,3341,Hörverstehen: Übersetzen,"lob, aktivierungsfragen, emotionale_stuetzung",0.5209367789105125,0.2813051313471,0.13568873478885557,1,0,performanz,kognition,müssen den Schüler ständig an grundlegende Vorgehensweisen des Faches ENG erinnern | das Zeitmanagement des Schülers hat sich etwas verbessert | kann seine Wissenslücken teilweise gut darstellen | hat wenig Vertrauen in die eigenen Fähigkeiten | stellt nur vereinzelt Fragen im Nachhilfeunterricht,0.21031440318532996,0.196309440174141,0.28380998775408695,-0.12951945047326002,0.04350858367042004,-0.21669550683626998,-0.20599088911179997
2025-12-15,21,0,17,1780,3342,Hörverstehen: Übersetzen,"lob, aktivierungsfragen, emotionale_stuetzung",0.4796430877661685,0.7679626102134001,0.11502956776992657,1,0,kognition,regulation,müssen den Schüler ständig an grundlegende Vorgehensweisen des Faches ENG erinnern | das Zeitmanagement des Schülers hat sich etwas verbessert | kann seine Wissenslücken teilweise gut darstellen | hat wenig Vertrauen in die eigenen Fähigkeiten | stellt nur vereinzelt Fragen im Nachhilfeunterricht,-0.16984754007056996,-0.0060199912714700154,-0.329727933933417,0.16017938279344002,-0.04424036123448005,0.07069079430476999,0.24462363219698996
2025-12-22,21,0,17,1778,3329,Allgemeiner Sprachgebrauch: There is und there are,"lob, aktivierungsfragen, metakognition",0.2697544279706516,0.3314385114353997,0.036383940214384514,1,0,regulation,kognition,"kann erlerntes Wissen nur begrenzt in eigenen Worten wiedergeben | das selbstständige Lernverhalten hat sich in den letzten Wochen verbessert | kann sich gut auf die ihm zugeteilten Aufgabe konzentrieren, wenn diese als schwierig empfunden wird | findet nur sporadisch Lösungen für unerwartete Fragen oder Aufgabenstellungen | ist bereit neue Lernwege oder -techniken auszuprobieren",0.10493710353207003,-0.189072426170487,0.054863556102106005,-0.10034296412556998,0.030410660524430033,0.07482925244395999,-0.08002704443842995
2025-12-22,21,0,17,1778,3330,Allgemeiner Sprachgebrauch: There is und there are,"lob, aktivierungsfragen, metakognition",0.29676860179024944,0.22424223895320017,0.04403604116986182,1,0,kognition,regulation,"kann erlerntes Wissen nur begrenzt in eigenen Worten wiedergeben | das selbstständige Lernverhalten hat sich in den letzten Wochen verbessert | kann sich gut auf die ihm zugeteilten Aufgabe konzentrieren, wenn diese als schwierig empfunden wird | findet nur sporadisch Lösungen für unerwartete Fragen oder Aufgabenstellungen | ist bereit neue Lernwege oder -techniken auszuprobieren",-0.10443845267171004,0.164046186519967,0.147964943813101,-0.03984708821609001,-0.03565401031900001,-0.07121861732593998,0.14292776622396997
2025-12-22,21,0,17,1778,3331,Allgemeiner Sprachgebrauch: There is und there are,"lob, aktivierungsfragen, metakognition",0.20953353936327518,-0.14176526773020015,0.021952270142453933,1,0,regulation,performanz,"kann erlerntes Wissen nur begrenzt in eigenen Worten wiedergeben | das selbstständige Lernverhalten hat sich in den letzten Wochen verbessert | kann sich gut auf die ihm zugeteilten Aufgabe konzentrieren, wenn diese als schwierig empfunden wird | findet nur sporadisch Lösungen für unerwartete Fragen oder Aufgabenstellungen | ist bereit neue Lernwege oder -techniken auszuprobieren",-0.04897070072947002,-0.009012238655879995,0.08088263721972999,0.10395877255123998,-0.06127324196506001,0.08613214347773002,-0.11358860166239998
2025-12-22,21,0,17,1778,3332,Allgemeiner Sprachgebrauch: There is und there are,"lob, aktivierungsfragen, metakognition",0.18628893071813823,0.5341060871107,0.017351871897238857,1,0,performanz,regulation,"kann erlerntes Wissen nur begrenzt in eigenen Worten wiedergeben | das selbstständige Lernverhalten hat sich in den letzten Wochen verbessert | kann sich gut auf die ihm zugeteilten Aufgabe konzentrieren, wenn diese als schwierig empfunden wird | findet nur sporadisch Lösungen für unerwartete Fragen oder Aufgabenstellungen | ist bereit neue Lernwege oder -techniken auszuprobieren",0.03376686293939002,-0.03007275793543998,-0.14708842432925,0.019402027614009998,0.06613930154403003,-0.06038819842821003,0.05124850183335
2025-12-22,21,0,17,1778,3333,Allgemeiner Sprachgebrauch: There is und there are,"lob, aktivierungsfragen, metakognition",0.35459128490349434,-1.6799121485219,0.06286789116366942,1,0,regulation,motivation,"kann erlerntes Wissen nur begrenzt in eigenen Worten wiedergeben | das selbstständige Lernverhalten hat sich in den letzten Wochen verbessert | kann sich gut auf die ihm zugeteilten Aufgabe konzentrieren, wenn diese als schwierig empfunden wird | findet nur sporadisch Lösungen für unerwartete Fragen oder Aufgabenstellungen | ist bereit neue Lernwege oder -techniken auszuprobieren",-0.09868937392902,0.17779115939768997,0.16463524731472,0.11341658199574,-0.1805836101962,-0.008825762665729986,-0.10830175601039
2026-01-12,21,0,17,1775,3314,Allgemeiner Sprachgebrauch: Übersetzen,ohne_klassifizierte_intervention,0.47244278133478224,1.2286527450210003,0.11160183581988992,1,0,motivation,kognition,der Schüler ist eher unsicher nach der heutigen Nachhilfestunde im Umgang mit den behandelten Themen und Aufgaben | die Lernstrategien des Schülers haben sich in den vergangenen Wochen teilweise verbessert | Aufgabenänderungen stressen den Schüler nur wenig | zeigt sich stellenweise zielstrebig beim Erreichen von Lernzielen | kommuniziert seine Gedanken zu seinen Lösungen teilweise verständlich und nachvollziehbar,0.19693144682650005,-0.10038745627522999,-0.30668898801313,-0.15381430666468,0.23067250567877,-0.04330453998717998,0.03924896362807001
2026-01-12,21,0,17,1775,3315,Allgemeiner Sprachgebrauch: Übersetzen,ohne_klassifizierte_intervention,0.28174526313628545,-0.6862107393891002,0.039690433355837995,0,0,kognition,kognition,der Schüler ist eher unsicher nach der heutigen Nachhilfestunde im Umgang mit den behandelten Themen und Aufgaben | die Lernstrategien des Schülers haben sich in den vergangenen Wochen teilweise verbessert | Aufgabenänderungen stressen den Schüler nur wenig | zeigt sich stellenweise zielstrebig beim Erreichen von Lernzielen | kommuniziert seine Gedanken zu seinen Lösungen teilweise verständlich und nachvollziehbar,0.05009559370158001,-0.20648658554216698,0.09103071037398999,-0.11801644454559002,0.09105363136021999,0.026190546297269968,-0.05516280330939005
2026-01-12,21,0,17,1775,3316,Allgemeiner Sprachgebrauch: Übersetzen,ohne_klassifizierte_intervention,0.3555257706325495,-1.4190430031299999,0.06319988297315449,1,0,kognition,regulation,der Schüler ist eher unsicher nach der heutigen Nachhilfestunde im Umgang mit den behandelten Themen und Aufgaben | die Lernstrategien des Schülers haben sich in den vergangenen Wochen teilweise verbessert | Aufgabenänderungen stressen den Schüler nur wenig | zeigt sich stellenweise zielstrebig beim Erreichen von Lernzielen | kommuniziert seine Gedanken zu seinen Lösungen teilweise verständlich und nachvollziehbar,-0.19707413656194006,0.04095522874807799,-0.056149928986206,0.08230388397897004,-0.09181902616057003,-0.02724394730574997,0.25842468428417
2026-01-12,21,0,17,1775,3317,Allgemeiner Sprachgebrauch: Übersetzen,ohne_klassifizierte_intervention,0.4350046359766685,2.220990423912,0.09461534442536546,1,0,regulation,motivation,der Schüler ist eher unsicher nach der heutigen Nachhilfestunde im Umgang mit den behandelten Themen und Aufgaben | die Lernstrategien des Schülers haben sich in den vergangenen Wochen teilweise verbessert | Aufgabenänderungen stressen den Schüler nur wenig | zeigt sich stellenweise zielstrebig beim Erreichen von Lernzielen | kommuniziert seine Gedanken zu seinen Lösungen teilweise verständlich und nachvollziehbar,0.07542508239113999,0.103220152726429,0.26452583093029597,0.11451013506228996,-0.10689766406748996,0.06889488869455995,-0.27134035417892993
2026-01-12,21,0,17,1775,3318,Allgemeiner Sprachgebrauch: Übersetzen,ohne_klassifizierte_intervention,0.30110162846201455,-0.11393522481060003,0.045331334589439276,1,0,motivation,kognition,der Schüler ist eher unsicher nach der heutigen Nachhilfestunde im Umgang mit den behandelten Themen und Aufgaben | die Lernstrategien des Schülers haben sich in den vergangenen Wochen teilweise verbessert | Aufgabenänderungen stressen den Schüler nur wenig | zeigt sich stellenweise zielstrebig beim Erreichen von Lernzielen | kommuniziert seine Gedanken zu seinen Lösungen teilweise verständlich und nachvollziehbar,0.053536522941289966,0.10271228389682002,-0.23074021140568196,-0.08225977018184,0.12126584581131,-0.046305938605959995,0.019719478951369995
2026-01-19,21,0,17,1773,3305,Aussprache und Intonation: Lesen,metakognition,0.31069795793017074,-0.8823404564395001,0.04826690912703324,1,0,kognition,performanz,"erkennt und korrigiert eigene Fehler nur teilweise selbstständig | ist meistens in der Lage, auch komplexere Sachverhalte zu verstehen | gibt stets zu erkennen, wenn er ein Problem mit einer Aufgabenstellung hat | strebt nur gelegentlich danach, Aufgaben selbstständig, also ohne Hilfe, zu lösen | kann effektiv von einer Aufgabe zur anderen wechseln",-0.007302943328259925,-0.24028387368488302,0.126955004348082,0.034232292612390025,-0.10727717713379004,0.09819350791439008,0.017428924546849967
2026-01-19,21,0,17,1773,3306,Aussprache und Intonation: Lesen,metakognition,0.2097247360502538,0.6538018898382001,0.021992372349654787,1,0,performanz,kognition,"erkennt und korrigiert eigene Fehler nur teilweise selbstständig | ist meistens in der Lage, auch komplexere Sachverhalte zu verstehen | gibt stets zu erkennen, wenn er ein Problem mit einer Aufgabenstellung hat | strebt nur gelegentlich danach, Aufgaben selbstständig, also ohne Hilfe, zu lösen | kann effektiv von einer Aufgabe zur anderen wechseln",0.09716244811001001,-0.0018133669898819996,-0.12057001527014001,-0.10955995358956999,0.05216686958819999,-0.06024060322574004,0.04061786203574003
2026-01-19,21,0,17,1773,3307,Aussprache und Intonation: Lesen,metakognition,0.37958608421653584,0.28987225943069994,0.07204319308848162,1,0,kognition,regulation,"erkennt und korrigiert eigene Fehler nur teilweise selbstständig | ist meistens in der Lage, auch komplexere Sachverhalte zu verstehen | gibt stets zu erkennen, wenn er ein Problem mit einer Aufgabenstellung hat | strebt nur gelegentlich danach, Aufgaben selbstständig, also ohne Hilfe, zu lösen | kann effektiv von einer Aufgabe zur anderen wechseln",-0.20931540648311003,0.250851934271675,-0.121437620151399,0.13494984547614997,0.02322074036873001,-0.03909469069879001,0.04816439562201996
2026-01-19,21,0,17,1773,3308,Aussprache und Intonation: Lesen,metakognition,0.37837388252374765,-0.4698977970518001,0.07158380144961884,1,0,regulation,motivation,"erkennt und korrigiert eigene Fehler nur teilweise selbstständig | ist meistens in der Lage, auch komplexere Sachverhalte zu verstehen | gibt stets zu erkennen, wenn er ein Problem mit einer Aufgabenstellung hat | strebt nur gelegentlich danach, Aufgaben selbstständig, also ohne Hilfe, zu lösen | kann effektiv von einer Aufgabe zur anderen wechseln",0.014307773421899983,0.02414297804084997,0.356189109277459,0.0036746855617600382,-0.09054420092889998,4.597346069001862e-05,-0.08542107403832999
2026-01-19,21,0,17,1773,3309,Aussprache und Intonation: Lesen,metakognition,0.4094927000423161,-0.3158060532083997,0.08384266653331984,1,0,motivation,performanz,"erkennt und korrigiert eigene Fehler nur teilweise selbstständig | ist meistens in der Lage, auch komplexere Sachverhalte zu verstehen | gibt stets zu erkennen, wenn er ein Problem mit einer Aufgabenstellung hat | strebt nur gelegentlich danach, Aufgaben selbstständig, also ohne Hilfe, zu lösen | kann effektiv von einer Aufgabe zur anderen wechseln",0.09798085338086004,-0.29083145354574297,-0.15376162655926998,-0.10868307586966003,0.06985786045268,0.17141232111656995,-0.06151533229152001
2025-11-03,21,0,47,1493,2627,Schreiben: Bildanalyse,"lob, metakognition",1.929766142848806,-0.7622832645368001,1.862012145590112,1,1,kognition,performanz,"versteht die Grundlagen des aktuellen Themas größtenteils | Prüfungsangst des Schülers hat sich verringert | kann zur Lösung eines komplexen Problems meistens einzelne Zwischenschritte entwickeln | nutzt nur gelegentlich abwechslungsreiche Formulierungen | kann sich gut auf eine Aufgabe konzentrieren, auch wenn diese als schwierig empfunden wird",-0.81151306587428,-0.185431127150546,-0.382430859464923,-0.6761076780589199,-0.65451268361753,-1.03932731228075,-0.95869501793548
2025-11-03,21,0,47,1493,2628,Schreiben: Bildanalyse,"lob, metakognition",1.955612726243233,1.1497135989483,1.912223747332703,0,1,performanz,performanz,"versteht die Grundlagen des aktuellen Themas größtenteils | Prüfungsangst des Schülers hat sich verringert | kann zur Lösung eines komplexen Problems meistens einzelne Zwischenschritte entwickeln | nutzt nur gelegentlich abwechslungsreiche Formulierungen | kann sich gut auf eine Aufgabe konzentrieren, auch wenn diese als schwierig empfunden wird",0.65282036694293,0.21169162538186,0.342039314375312,0.81798428625888,0.65551849694622,1.07157985595625,0.99466390636111
2025-11-03,21,0,47,1493,2629,Schreiben: Bildanalyse,"lob, metakognition",0.04624756092935182,-0.08086203823389981,0.0010694244786214613,1,0,performanz,regulation,"versteht die Grundlagen des aktuellen Themas größtenteils | Prüfungsangst des Schülers hat sich verringert | kann zur Lösung eines komplexen Problems meistens einzelne Zwischenschritte entwickeln | nutzt nur gelegentlich abwechslungsreiche Formulierungen | kann sich gut auf eine Aufgabe konzentrieren, auch wenn diese als schwierig empfunden wird",-0.024360592879639986,0.002688187677371001,-0.0012401569540319984,-0.011612144430220017,0.03492563846694002,-0.008720730847009972,0.010292754592889974
2025-11-03,21,0,47,1493,2630,Schreiben: Bildanalyse,"lob, metakognition",0.3286746969651997,0.14308840572469972,0.05401383033810481,1,0,regulation,performanz,"versteht die Grundlagen des aktuellen Themas größtenteils | Prüfungsangst des Schülers hat sich verringert | kann zur Lösung eines komplexen Problems meistens einzelne Zwischenschritte entwickeln | nutzt nur gelegentlich abwechslungsreiche Formulierungen | kann sich gut auf eine Aufgabe konzentrieren, auch wenn diese als schwierig empfunden wird",-0.028190236163420035,0.134686249716869,0.27093848808834,-0.017799775499659998,-0.11231385736419003,0.03168858987847001,-0.04182003739211998
2025-11-10,21,0,47,1491,2617,Umgang mit Texten: Diskussion schreiben,ohne_klassifizierte_intervention,0.3739049673612039,0.0526163391522001,0.06990284276507575,1,0,performanz,kognition,konnte Wissen in der heutigen Stunde weitgehend festigen | Einfluss der Nachhilfe auf die gesamte schulische Entwicklung spürbar positiv | bittet besonders aktiv um Feedback | behält weitgehend den Überblick beim Lösen komplexer Aufgaben | kann komplexe Informationen verständlich mit eigenen Worten erklären,0.19701063444125005,-0.160143386798395,-0.20238877242151,-0.10382189924218,0.12819252817023002,-0.03565085009417002,-0.07682005495655003
2025-11-10,21,0,47,1491,2618,Umgang mit Texten: Diskussion schreiben,ohne_klassifizierte_intervention,0.15196565453647412,0.7095447771056,0.011546837455975512,0,0,kognition,kognition,konnte Wissen in der heutigen Stunde weitgehend festigen | Einfluss der Nachhilfe auf die gesamte schulische Entwicklung spürbar positiv | bittet besonders aktiv um Feedback | behält weitgehend den Überblick beim Lösen komplexer Aufgaben | kann komplexe Informationen verständlich mit eigenen Worten erklären,-0.08953036150315002,-0.011781761112229998,0.09731573984588,0.06521729405554,-0.01299080074586001,0.011053541867339978,0.03040516856390002
2025-11-10,21,0,47,1491,2619,Umgang mit Texten: Diskussion schreiben,ohne_klassifizierte_intervention,0.13747699611554315,-0.5202060893153999,0.009450007945338457,0,0,kognition,kognition,konnte Wissen in der heutigen Stunde weitgehend festigen | Einfluss der Nachhilfe auf die gesamte schulische Entwicklung spürbar positiv | bittet besonders aktiv um Feedback | behält weitgehend den Überblick beim Lösen komplexer Aufgaben | kann komplexe Informationen verständlich mit eigenen Worten erklären,0.00017555733212998303,0.032974444463079004,-0.10497597342507001,-0.024191852875959985,0.018347511457749988,-0.029864238719159997,0.07056114355540999
2025-11-10,21,0,47,1491,2620,Umgang mit Texten: Diskussion schreiben,ohne_klassifizierte_intervention,0.27017769137283887,-0.04935551949890016,0.03649818128948601,0,0,kognition,kognition,konnte Wissen in der heutigen Stunde weitgehend festigen | Einfluss der Nachhilfe auf die gesamte schulische Entwicklung spürbar positiv | bittet besonders aktiv um Feedback | behält weitgehend den Überblick beim Lösen komplexer Aufgaben | kann komplexe Informationen verständlich mit eigenen Worten erklären,0.15675094358131003,-0.032059214279232,0.06234716492674999,-0.12899372401601,0.013052157433479983,-0.013129284302709987,-0.16287432778627997
2025-09-01,22,0,17,1807,3454,Wortschatz: Vokabeln lernen,"aktivierungsfragen, metakognition, emotionale_stuetzung",0.20594912985675293,0.40699826639940007,0.021207661531096433,1,0,performanz,kognition,"erkennt und korrigiert eigene Fehler nur teilweise selbstständig | Notenentwicklung in den letzten Wochen unverändert | hat wenig Vertrauen in die eigenen Fähigkeiten | kann nur wenig geschickt zwischen Aufgaben wechseln, die unterschiedliche Lernbereiche abdecken | nutzt noch keine Fragen, um eigenes Verständnis zu vertiefen",0.06760435537331994,-0.008090404714629996,-0.0037024579443200034,-0.15821787513652003,0.09699390976757,0.0033643522719999375,-0.057563000000959985
2025-09-01,22,0,17,1807,3455,Wortschatz: Vokabeln lernen,"aktivierungsfragen, metakognition, emotionale_stuetzung",0.31676249083012764,-0.7911840430238,0.050169595181764115,0,0,kognition,kognition,"erkennt und korrigiert eigene Fehler nur teilweise selbstständig | Notenentwicklung in den letzten Wochen unverändert | hat wenig Vertrauen in die eigenen Fähigkeiten | kann nur wenig geschickt zwischen Aufgaben wechseln, die unterschiedliche Lernbereiche abdecken | nutzt noch keine Fragen, um eigenes Verständnis zu vertiefen",0.04402617958568,0.200700722961203,0.14324001450997997,0.02449537226220999,-0.00879076360973996,-0.17100848108591,-0.08763839206426999
2025-09-01,22,0,17,1807,3456,Wortschatz: Vokabeln lernen,"aktivierungsfragen, metakognition, emotionale_stuetzung",0.33666357522451135,-0.19162775770710017,0.05667166028947268,0,0,kognition,kognition,"erkennt und korrigiert eigene Fehler nur teilweise selbstständig | Notenentwicklung in den letzten Wochen unverändert | hat wenig Vertrauen in die eigenen Fähigkeiten | kann nur wenig geschickt zwischen Aufgaben wechseln, die unterschiedliche Lernbereiche abdecken | nutzt noch keine Fragen, um eigenes Verständnis zu vertiefen",0.04195165649010002,-0.20830542777320601,-0.23210833095968997,-0.04457901689191998,0.05593558638720997,0.08797936769616999,0.03821707927440998
2025-09-01,22,0,17,1807,3457,Wortschatz: Vokabeln lernen,"aktivierungsfragen, metakognition, emotionale_stuetzung",1.984249484970593,0.18149441799430033,1.9686396762753153,0,1,kognition,kognition,"erkennt und korrigiert eigene Fehler nur teilweise selbstständig | Notenentwicklung in den letzten Wochen unverändert | hat wenig Vertrauen in die eigenen Fähigkeiten | kann nur wenig geschickt zwischen Aufgaben wechseln, die unterschiedliche Lernbereiche abdecken | nutzt noch keine Fragen, um eigenes Verständnis zu vertiefen",-1.42772322734256,-0.061200383414994,-0.23991804582917,-0.45186026910396,-0.83527069483784,-0.73476069557255,-0.62914078937876
2025-09-15,22,0,17,1803,3437,Wortschatz: Vokabeln: shops,"metakognition, emotionale_stuetzung",1.954439400892222,0.39431911633719974,1.9099311601883677,1,1,kognition,performanz,"erkennt und korrigiert eigene Fehler nur teilweise selbstständig | konnte in den vergangenen Wochen elementare neue Lernstrategien durch die Nachhilfe entwickeln | erkennt nur gelegentlich, dass ein bereits besprochener Lösungsansatz erneut benötigt wird | kann nur bedingt nach einem festgelegten Zeitplan lernen | braucht noch häufig Unterstützung bei der Anwendung neuer Lösungsansätze",1.27414103589346,0.07689549294162701,0.33248882022320003,0.63016178887019,0.6911319622928,0.81442545669029,0.73612510216958
2025-09-15,22,0,17,1803,3438,Wortschatz: Vokabeln: shops,"metakognition, emotionale_stuetzung",0.1741540983590319,1.9902504039639002,0.015164909505738788,1,0,performanz,kognition,"erkennt und korrigiert eigene Fehler nur teilweise selbstständig | konnte in den vergangenen Wochen elementare neue Lernstrategien durch die Nachhilfe entwickeln | erkennt nur gelegentlich, dass ein bereits besprochener Lösungsansatz erneut benötigt wird | kann nur bedingt nach einem festgelegten Zeitplan lernen | braucht noch häufig Unterstützung bei der Anwendung neuer Lösungsansätze",0.03484556430961999,0.015632930842895,-0.0812718106111,-0.07113153795238003,0.10872826722376,-0.06729872148448007,0.02924536199208999
2025-09-15,22,0,17,1803,3439,Wortschatz: Vokabeln: shops,"metakognition, emotionale_stuetzung",0.46682802115081756,-3.5858543277741,0.1089652937972897,0,0,kognition,kognition,"erkennt und korrigiert eigene Fehler nur teilweise selbstständig | konnte in den vergangenen Wochen elementare neue Lernstrategien durch die Nachhilfe entwickeln | erkennt nur gelegentlich, dass ein bereits besprochener Lösungsansatz erneut benötigt wird | kann nur bedingt nach einem festgelegten Zeitplan lernen | braucht noch häufig Unterstützung bei der Anwendung neuer Lösungsansätze",0.21075577173744997,-0.174742996689022,-0.168877255973609,-0.14669428882863997,-0.08428432167751998,0.04975590140963004,-0.28871621456586
2025-09-15,22,0,17,1803,3440,Wortschatz: Vokabeln: shops,"metakognition, emotionale_stuetzung",0.479385468620562,-0.38194367327605994,0.11490744490722493,0,0,kognition,kognition,"erkennt und korrigiert eigene Fehler nur teilweise selbstständig | konnte in den vergangenen Wochen elementare neue Lernstrategien durch die Nachhilfe entwickeln | erkennt nur gelegentlich, dass ein bereits besprochener Lösungsansatz erneut benötigt wird | kann nur bedingt nach einem festgelegten Zeitplan lernen | braucht noch häufig Unterstützung bei der Anwendung neuer Lösungsansätze",-0.19289550597075,0.167760049952658,0.100052163886586,0.14328759993230997,-0.013618864736430036,-0.03670258680391003,0.36384611004265
2025-09-15,22,0,17,1803,3441,Wortschatz: Vokabeln: shops,"metakognition, emotionale_stuetzung",0.16281318839195477,2.98235451609736,0.01325425326230234,0,0,kognition,kognition,"erkennt und korrigiert eigene Fehler nur teilweise selbstständig | konnte in den vergangenen Wochen elementare neue Lernstrategien durch die Nachhilfe entwickeln | erkennt nur gelegentlich, dass ein bereits besprochener Lösungsansatz erneut benötigt wird | kann nur bedingt nach einem festgelegten Zeitplan lernen | braucht noch häufig Unterstützung bei der Anwendung neuer Lösungsansätze",0.00405723007769998,-0.06945138591514499,-0.035533216005333,0.04925356704942002,0.054045467100610034,0.026161715520350015,-0.11989289809263998
2025-12-18,23,0,4,1116,1728,Exponentialgleichung/-funktion: Exponentielles Wachstum,metakognition,0.27458719778947516,0.20565373190309977,0.03769926922453437,0,0,regulation,regulation,"müssen ab und zu an grundlegende Vorgehensweisen des Faches MAT erinnert werden | das selbstständige Lernverhalten hat sich in den letzten Wochen verbessert | achtet sorgfältig darauf gemachte Fehler in ähnlichen Aufgaben zu vermeiden | ist offen für neue Lösungsansätze | gibt oft zu erkennen, wenn er etwas nicht verstanden hat",-0.007164926018219997,0.151158717982875,0.197972670004108,-0.08614361012729999,-0.03518759632049001,-0.05008369727517997,0.046231933778699996
2025-12-18,23,0,4,1116,1729,Exponentialgleichung/-funktion: Exponentielles Wachstum,metakognition,0.17598592695536422,-0.09023422803320003,0.015485605950654735,1,0,regulation,kognition,"müssen ab und zu an grundlegende Vorgehensweisen des Faches MAT erinnert werden | das selbstständige Lernverhalten hat sich in den letzten Wochen verbessert | achtet sorgfältig darauf gemachte Fehler in ähnlichen Aufgaben zu vermeiden | ist offen für neue Lösungsansätze | gibt oft zu erkennen, wenn er etwas nicht verstanden hat",0.10335515978690002,-0.09410732825160999,-0.09201647793778,-0.003580135145709984,0.028865523820490013,-0.03621784758858998,-0.028421253877859987
2025-12-18,23,0,4,1116,1730,Exponentialgleichung/-funktion: Exponentielles Wachstum,metakognition,0.41492862801725217,-1.1322980434542997,0.08608345106796,1,0,kognition,motivation,"müssen ab und zu an grundlegende Vorgehensweisen des Faches MAT erinnert werden | das selbstständige Lernverhalten hat sich in den letzten Wochen verbessert | achtet sorgfältig darauf gemachte Fehler in ähnlichen Aufgaben zu vermeiden | ist offen für neue Lösungsansätze | gibt oft zu erkennen, wenn er etwas nicht verstanden hat",-0.18703683131622,0.28255400030766004,-0.159367008883324,0.1610825302737,-0.03341039895653003,0.018022802663219983,-0.06752574128092997
2025-12-12,23,0,15,1183,1869,Funktionen: Quadratische Funktionen,"metakognition, emotionale_stuetzung",0.3042811649098972,-0.11251031189289984,0.04629375441153982,1,0,kognition,regulation,"kann erlerntes Wissen weitgehend in eigenen Worten wiedergeben | das selbstständige Lernverhalten hat sich in den letzten Wochen verbessert | kann die Lernzeit für mehrere Tests normalerweise effektiv einteilen | ist allgemein motiviert | ergreift oft die Möglichkeit, Hilfsmittel (z.B. Taschenrechner, Tafelwerk, Wörterbuch) zu nutzen",-0.12402737324084001,0.16549243682222298,0.12771266059524,-0.02180972124453001,-0.050165526158029994,-0.06124752601772998,0.16359237233275997
2025-12-12,23,0,15,1183,1870,Funktionen: Quadratische Funktionen,"metakognition, emotionale_stuetzung",0.3019701133527036,-0.8002491202535,0.04559324744894577,1,0,regulation,kognition,"kann erlerntes Wissen weitgehend in eigenen Worten wiedergeben | das selbstständige Lernverhalten hat sich in den letzten Wochen verbessert | kann die Lernzeit für mehrere Tests normalerweise effektiv einteilen | ist allgemein motiviert | ergreift oft die Möglichkeit, Hilfsmittel (z.B. Taschenrechner, Tafelwerk, Wörterbuch) zu nutzen",0.14253573886519,-0.09457565083121999,0.051654845051569975,-0.08136148908400001,0.037995675682770014,0.06575961288900001,-0.21649259985754998
2025-12-12,23,0,15,1183,1871,Funktionen: Quadratische Funktionen,"metakognition, emotionale_stuetzung",0.19604083194301417,1.3723039001773003,0.019216112209694547,0,0,kognition,kognition,"kann erlerntes Wissen weitgehend in eigenen Worten wiedergeben | das selbstständige Lernverhalten hat sich in den letzten Wochen verbessert | kann die Lernzeit für mehrere Tests normalerweise effektiv einteilen | ist allgemein motiviert | ergreift oft die Möglichkeit, Hilfsmittel (z.B. Taschenrechner, Tafelwerk, Wörterbuch) zu nutzen",-0.06025903004680999,0.09101571384844001,-0.013256510105039976,0.14232482890934003,0.03586409304200999,-0.06615731360345001,-0.020539757111430024
2026-01-06,23,0,21,1069,1633,Analysis: Ableitungen eigene Aufgaben,"lob, metakognition",0.22870965076676622,-0.2787603970347998,0.02615419593173296,1,0,performanz,kognition,"erinnert sich gut an den zuvor behandelten Stoff | ist meistens in der Lage, auch komplexere Sachverhalte zu verstehen | reagiert interessiert auf neue Herausforderungen | versteht komplexe Sachverhalte gut und kann sie gut logisch wiedergeben | erstellt meistens einen zielgerichteten Lernplan für seine Lernaktivitäten",0.15741055910105,0.0020776029928340004,-0.01751895189041,-0.09436738319436999,0.05256744563807997,-0.12465628050090999,-0.003326034820859969
2026-01-06,23,0,21,1069,1634,Analysis: Ableitungen eigene Aufgaben,"lob, metakognition",0.11466812913308823,-0.3916954665215,0.006574429797837511,0,0,kognition,kognition,"erinnert sich gut an den zuvor behandelten Stoff | ist meistens in der Lage, auch komplexere Sachverhalte zu verstehen | reagiert interessiert auf neue Herausforderungen | versteht komplexe Sachverhalte gut und kann sie gut logisch wiedergeben | erstellt meistens einen zielgerichteten Lernplan für seine Lernaktivitäten",-0.07016923898159999,0.020996586341334,0.0033375840001700074,0.04303001654138,0.03604551303238002,-0.03949352727704003,0.05533951214617999
2026-01-06,23,0,21,1069,1635,Analysis: Ableitungen eigene Aufgaben,"lob, metakognition",0.186504219333826,1.3867699920755001,0.01739200643460037,1,0,kognition,performanz,"erinnert sich gut an den zuvor behandelten Stoff | ist meistens in der Lage, auch komplexere Sachverhalte zu verstehen | reagiert interessiert auf neue Herausforderungen | versteht komplexe Sachverhalte gut und kann sie gut logisch wiedergeben | erstellt meistens einen zielgerichteten Lernplan für seine Lernaktivitäten",-0.013061610930440004,-0.024829330460628997,0.07139601057027999,-0.0011723540454000037,-0.07534635261619999,0.13178217803347997,-0.07651367497987999
2026-01-13,23,0,21,1068,1630,Analysis: Ableitungen,metakognition,0.1118563634749762,-0.5387254614388,0.006255952721555991,1,0,performanz,kognition,"zeigt von Stunde zu Stunde nur meistens Fortschritte | erledigt seine Hausaufgaben, die er durch die Nachhilfe erhält, zuverlässig | fragt oft selbst nach neuen Aufgaben, wenn er eine Aufgabe beendet hat | setzt geplante Lernaktivitäten meistens in die Tat um | ist offen für neue Lernmethoden",0.03904517724444001,-0.005652109536463001,-0.024081327496729976,-0.030842881377090015,0.06840134824487998,-0.06879934667504994,0.0034764394582699754
2026-01-13,23,0,21,1068,1631,Analysis: Ableitungen,metakognition,0.1553625902575062,-0.5276732219449003,0.012068832846447886,1,0,kognition,methodik,"zeigt von Stunde zu Stunde nur meistens Fortschritte | erledigt seine Hausaufgaben, die er durch die Nachhilfe erhält, zuverlässig | fragt oft selbst nach neuen Aufgaben, wenn er eine Aufgabe beendet hat | setzt geplante Lernaktivitäten meistens in die Tat um | ist offen für neue Lernmethoden",-0.09292154685940007,0.019939783973367,-0.08060847012197501,0.05218218867427998,0.06116950796228998,-0.02053779779931003,0.04148866692045
2026-01-20,23,0,21,1067,1623,Analysis: Ableitungen,"lob, regelhinweise",0.14553543227462326,0.8101021846681,0.010590336825920699,1,0,methodik,kognition,nutzt regelmäßig erlaubte Hilfsmittel zum Lösen von Aufgaben | die Lernstrategien des Schülers haben sich in den vergangenen Wochen teilweise verbessert | kann sich gut an früher Gelerntes erinnern und es nutzen | kann bereits erlernten Stoff gut spontan abrufen | kommuniziert seine Gedanken im Nachhilfeunterricht verständlich und nachvollziehbar,0.045546687238630035,0.065883173546916,0.106539242905745,-0.037413515078509985,-0.043052339674929996,-0.012432729332019998,-0.002647767502399978
2026-01-20,23,0,21,1067,1624,Analysis: Ableitungen,"lob, regelhinweise",0.18601225641004843,-1.1982516562085,0.017300377348508422,0,0,kognition,kognition,nutzt regelmäßig erlaubte Hilfsmittel zum Lösen von Aufgaben | die Lernstrategien des Schülers haben sich in den vergangenen Wochen teilweise verbessert | kann sich gut an früher Gelerntes erinnern und es nutzen | kann bereits erlernten Stoff gut spontan abrufen | kommuniziert seine Gedanken im Nachhilfeunterricht verständlich und nachvollziehbar,0.06981355873613004,-0.08112852856108699,-0.060603719473839995,-0.06501004259690002,0.08534347501392003,-0.023816684421559986,-0.08599377168182004
2026-01-20,23,0,21,1067,1625,Analysis: Ableitungen,"lob, regelhinweise",0.23042382051185284,1.1702759260617004,0.026547718684945987,1,0,kognition,performanz,nutzt regelmäßig erlaubte Hilfsmittel zum Lösen von Aufgaben | die Lernstrategien des Schülers haben sich in den vergangenen Wochen teilweise verbessert | kann sich gut an früher Gelerntes erinnern und es nutzen | kann bereits erlernten Stoff gut spontan abrufen | kommuniziert seine Gedanken im Nachhilfeunterricht verständlich und nachvollziehbar,-0.09393413442282006,0.0030203352511649975,0.02676124891362,0.10881411443413003,-0.12747688819294,0.11872216220551002,0.036883712650400025
2026-01-20,23,0,21,1067,1626,Analysis: Ableitungen,"lob, regelhinweise",0.22822285077864418,-0.5128236106634003,0.026042966924121114,0,0,performanz,performanz,nutzt regelmäßig erlaubte Hilfsmittel zum Lösen von Aufgaben | die Lernstrategien des Schülers haben sich in den vergangenen Wochen teilweise verbessert | kann sich gut an früher Gelerntes erinnern und es nutzen | kann bereits erlernten Stoff gut spontan abrufen | kommuniziert seine Gedanken im Nachhilfeunterricht verständlich und nachvollziehbar,-0.0068555923750400205,0.146738369890182,0.12875618412488998,0.039093964359660005,-0.09083672849674002,0.001258506055969999,-0.06439823903997999
2026-01-20,23,0,21,1067,1627,Analysis: Ableitungen,"lob, regelhinweise",0.3600057464611321,0.26199099007049975,0.06480240720949504,1,0,performanz,kognition,nutzt regelmäßig erlaubte Hilfsmittel zum Lösen von Aufgaben | die Lernstrategien des Schülers haben sich in den vergangenen Wochen teilweise verbessert | kann sich gut an früher Gelerntes erinnern und es nutzen | kann bereits erlernten Stoff gut spontan abrufen | kommuniziert seine Gedanken im Nachhilfeunterricht verständlich und nachvollziehbar,0.003922274769410039,0.23147027486873,-0.177166947891361,-0.01066666707474001,0.12118105611433,-0.17248421773737999,-0.008526790532250028
2026-01-13,23,1,16,1046,1575,Weitere Themen: Mathe Aufgaben,"lob, strukturierung",0.1841626919664712,1.4531646678981005,0.016958049612613157,1,0,performanz,kognition,zeigt von Stunde zu Stunde nur meistens Fortschritte | die Lernfortschritte des Schülers im Rahmen der Nachhilfe haben sich verbessert | kann sich gut auf seine zugeteilten Aufgaben konzentrieren | kann den eigenen Lösungsweg häufig nachvollziehbar schriftlich erklären | plant sich die eigene Lernzeit gut ein,0.04178264525976,0.041154104239674,-0.09004372723722,0.035776988038089985,0.09499562332115996,-0.10944409340201,-0.00929535653175001
2026-01-20,23,1,16,1044,1567,Weitere Themen: BLF Prüfungsvorbereitung,"lob, aktivierungsfragen",0.5777074984296454,-2.5103261753431,0.16687433961234222,0,0,kognition,kognition,hat sich stark in den zuvor als herausfordernd eingeschätzten Bereichen verbessert | die Lernfortschritte des Schülers im Rahmen der Nachhilfe haben sich verbessert | arbeitet überwiegend konzentriert | überlegt sich meistens zur Vorbereitung auf die Nachhilfestunden gezielte Fragen | nimmt konstruktive Kritik meist an,0.27677605958777995,-0.018513340740748,0.06984427837323999,-0.277371033837083,0.06220311357583996,-0.30445873389855,-0.28003742817085997
2026-01-06,23,2,5,1325,2165,Gleichungen und Ungleichungen: Gleichungen lösen,"lob, aktivierungsfragen, metakognition",0.25852197341491717,1.5310869672899998,0.03341698048151365,1,0,kognition,methodik,"versteht die Grundlagen des aktuellen Themas größtenteils | wendet meistens die in der Nachhilfe gelernten Lernstrategien auch außerhalb der Nachhilfestunde an | kann die Lernzeit für mehrere Tests normalerweise effektiv einteilen | lernt weitgehend aus gemachten Fehlern und erkennt Fehler und Korrekturen während des Unterrichts weitgehend als Chance zum Lernen | kann sich gut an früher Gelerntes erinnern und es nutzen | Paulina hatte keine Aufgaben mit, ich musste sie ein Arbeitsblatt geben (genau wie letztes Mal)",-0.15590863328309995,0.16518394810564402,-0.015424839340713009,0.11241480269311,0.04835677914492997,0.0030847798397399817,0.004179067506279999
2026-01-06,23,2,5,1325,2166,Gleichungen und Ungleichungen: Gleichungen lösen,"lob, aktivierungsfragen, metakognition",0.34509589451141837,-1.7399141179109998,0.05954591323852998,1,0,methodik,kognition,"versteht die Grundlagen des aktuellen Themas größtenteils | wendet meistens die in der Nachhilfe gelernten Lernstrategien auch außerhalb der Nachhilfestunde an | kann die Lernzeit für mehrere Tests normalerweise effektiv einteilen | lernt weitgehend aus gemachten Fehlern und erkennt Fehler und Korrekturen während des Unterrichts weitgehend als Chance zum Lernen | kann sich gut an früher Gelerntes erinnern und es nutzen | Paulina hatte keine Aufgaben mit, ich musste sie ein Arbeitsblatt geben (genau wie letztes Mal)",0.13617154490334998,-0.08711242465543001,0.21550383321724997,-0.18527037605827,-0.02547026706565997,0.03176309227849,-0.10264146007503
2026-01-06,23,2,5,1325,2167,Gleichungen und Ungleichungen: Gleichungen lösen,"lob, aktivierungsfragen, metakognition",0.2666123001654627,1.9056382578077002,0.03554125075942516,0,0,kognition,kognition,"versteht die Grundlagen des aktuellen Themas größtenteils | wendet meistens die in der Nachhilfe gelernten Lernstrategien auch außerhalb der Nachhilfestunde an | kann die Lernzeit für mehrere Tests normalerweise effektiv einteilen | lernt weitgehend aus gemachten Fehlern und erkennt Fehler und Korrekturen während des Unterrichts weitgehend als Chance zum Lernen | kann sich gut an früher Gelerntes erinnern und es nutzen | Paulina hatte keine Aufgaben mit, ich musste sie ein Arbeitsblatt geben (genau wie letztes Mal)",-0.10470699377375997,0.06431807672724002,-0.11847753524801,0.17608262013887002,-0.028737665229989995,-0.01746356012678002,0.09903991241869997
2026-01-06,23,2,5,1325,2168,Gleichungen und Ungleichungen: Gleichungen lösen,"lob, aktivierungsfragen, metakognition",0.1589087175507585,-0.6802425350019998,0.012626045998388458,1,0,kognition,performanz,"versteht die Grundlagen des aktuellen Themas größtenteils | wendet meistens die in der Nachhilfe gelernten Lernstrategien auch außerhalb der Nachhilfestunde an | kann die Lernzeit für mehrere Tests normalerweise effektiv einteilen | lernt weitgehend aus gemachten Fehlern und erkennt Fehler und Korrekturen während des Unterrichts weitgehend als Chance zum Lernen | kann sich gut an früher Gelerntes erinnern und es nutzen | Paulina hatte keine Aufgaben mit, ich musste sie ein Arbeitsblatt geben (genau wie letztes Mal)",0.0013709492947299728,-0.134889969655882,-0.023644878323879986,-0.02096038567002001,0.009273687776039985,0.07023029813717002,-0.032219295431509976
2026-01-06,23,2,5,1325,2169,Gleichungen und Ungleichungen: Gleichungen lösen,"lob, aktivierungsfragen, metakognition",1.9788326655507205,-0.34376463397290014,1.9578990606108957,1,1,performanz,motivation,"versteht die Grundlagen des aktuellen Themas größtenteils | wendet meistens die in der Nachhilfe gelernten Lernstrategien auch außerhalb der Nachhilfestunde an | kann die Lernzeit für mehrere Tests normalerweise effektiv einteilen | lernt weitgehend aus gemachten Fehlern und erkennt Fehler und Korrekturen während des Unterrichts weitgehend als Chance zum Lernen | kann sich gut an früher Gelerntes erinnern und es nutzen | Paulina hatte keine Aufgaben mit, ich musste sie ein Arbeitsblatt geben (genau wie letztes Mal)",-0.9291153534047201,-0.280420023994188,-0.31261960987809,-0.91103950314305,-0.80307507399065,-0.9294868356322901,-0.73299975417118
2026-01-06,23,2,8,1282,2048,Dreieck: Satz des Pythagoras,"strukturierung, metakognition",0.22711647711730693,-0.6485480581582004,0.02579107323612939,1,0,performanz,regulation,"der Schüler ist sicher nach der heutigen Nachhilfestunde im Umgang mit den behandelten Themen und Aufgaben | das selbstständige Lernverhalten hat sich in den letzten Wochen verbessert | ist meistens in der Lage, Aufgaben ohne Hilfe zu bearbeiten | kann bereits erlerntes Wissen schnell aus dem Gedächtnis wieder abrufen | hält seine Lernmaterialien und Notizen ordentlich und übersichtlich (strukturiert)",-0.02794790115742002,-0.014817817864190008,0.08459081634003002,-0.09649095206646002,-0.017157361858849973,-0.07870031988470999,0.16621376542614996
2026-01-06,23,2,8,1282,2049,Dreieck: Satz des Pythagoras,"strukturierung, metakognition",0.4875567869145872,-0.3913638267066002,0.1188564734957257,1,0,regulation,kognition,"der Schüler ist sicher nach der heutigen Nachhilfestunde im Umgang mit den behandelten Themen und Aufgaben | das selbstständige Lernverhalten hat sich in den letzten Wochen verbessert | ist meistens in der Lage, Aufgaben ohne Hilfe zu bearbeiten | kann bereits erlerntes Wissen schnell aus dem Gedächtnis wieder abrufen | hält seine Lernmaterialien und Notizen ordentlich und übersichtlich (strukturiert)",0.2450326550827,-0.18274284285481,-0.05921116825242001,-0.12167660358113,0.12346043347301,-0.012189110695620009,-0.33252587934955
2026-01-06,23,2,8,1282,2050,Dreieck: Satz des Pythagoras,"strukturierung, metakognition",0.3545889192256305,0.5919789444409003,0.0628669933020326,1,0,kognition,performanz,"der Schüler ist sicher nach der heutigen Nachhilfestunde im Umgang mit den behandelten Themen und Aufgaben | das selbstständige Lernverhalten hat sich in den letzten Wochen verbessert | ist meistens in der Lage, Aufgaben ohne Hilfe zu bearbeiten | kann bereits erlerntes Wissen schnell aus dem Gedächtnis wieder abrufen | hält seine Lernmaterialien und Notizen ordentlich und übersichtlich (strukturiert)",-0.17599775867871004,0.015622045494743001,-0.04147289580867,0.18039637076809997,-0.11179628843555,0.1238295441724,0.18005283802613
2026-01-06,23,2,8,1282,2051,Dreieck: Satz des Pythagoras,"strukturierung, metakognition",0.21995578280263958,0.9760109963090002,0.02419038250986305,1,0,performanz,regulation,"der Schüler ist sicher nach der heutigen Nachhilfestunde im Umgang mit den behandelten Themen und Aufgaben | das selbstständige Lernverhalten hat sich in den letzten Wochen verbessert | ist meistens in der Lage, Aufgaben ohne Hilfe zu bearbeiten | kann bereits erlerntes Wissen schnell aus dem Gedächtnis wieder abrufen | hält seine Lernmaterialien und Notizen ordentlich und übersichtlich (strukturiert)",-0.11591917628717996,0.087012370255387,-0.019241503035709998,0.045787569590120036,0.05524290831172002,-0.09439764552857,0.1137660187035
2026-01-13,23,2,8,1279,2038,Dreieck: Satz des Pythagoras,metakognition,0.20047823323562153,-1.1766261140433003,0.02009585447830764,0,0,regulation,regulation,"konnte durch die Nachhilfe seine Strategien zur Bewältigung von alltäglichem Schulstress verbessern | das selbstständige Lernverhalten hat sich in den letzten Wochen verbessert | kann zur Lösung eines komplexen Problems meistens einzelne Zwischenschritte entwickeln | vermeidet die Wiederholung von zuvor gemachten Fehlern erfolgreich | versteht überwiegend, dass es trotz (kleinen) Erfolgen wichtig sein kann, weiter zu üben",0.046884279883189994,0.08010842710467998,0.11992556709680001,-0.10450733677709001,-0.06690705334918001,-0.017242787948209992,0.038707022619919984
2026-01-13,23,2,8,1279,2039,Dreieck: Satz des Pythagoras,metakognition,0.2930263870196314,-0.20399163522100006,0.04293246472448353,1,0,regulation,performanz,"konnte durch die Nachhilfe seine Strategien zur Bewältigung von alltäglichem Schulstress verbessern | das selbstständige Lernverhalten hat sich in den letzten Wochen verbessert | kann zur Lösung eines komplexen Problems meistens einzelne Zwischenschritte entwickeln | vermeidet die Wiederholung von zuvor gemachten Fehlern erfolgreich | versteht überwiegend, dass es trotz (kleinen) Erfolgen wichtig sein kann, weiter zu üben",0.003580128313590003,-0.14638667605011998,-0.188815693914578,0.13337069248112,0.016114976932189995,0.06316428444626998,-0.08206131886316997
2026-01-13,23,2,8,1279,2040,Dreieck: Satz des Pythagoras,metakognition,0.2197954552119631,-0.6906024737234997,0.024155171835393396,1,0,performanz,regulation,"konnte durch die Nachhilfe seine Strategien zur Bewältigung von alltäglichem Schulstress verbessern | das selbstständige Lernverhalten hat sich in den letzten Wochen verbessert | kann zur Lösung eines komplexen Problems meistens einzelne Zwischenschritte entwickeln | vermeidet die Wiederholung von zuvor gemachten Fehlern erfolgreich | versteht überwiegend, dass es trotz (kleinen) Erfolgen wichtig sein kann, weiter zu üben",0.029476529704279997,0.10293287085915001,0.101721471600838,-0.11502691841642998,0.029455705567229984,-0.08601547015007999,0.07071952336163995
2026-01-13,23,2,8,1279,2041,Dreieck: Satz des Pythagoras,metakognition,0.28497040917110933,0.13001815153089957,0.04060434146857572,1,0,regulation,motivation,"konnte durch die Nachhilfe seine Strategien zur Bewältigung von alltäglichem Schulstress verbessern | das selbstständige Lernverhalten hat sich in den letzten Wochen verbessert | kann zur Lösung eines komplexen Problems meistens einzelne Zwischenschritte entwickeln | vermeidet die Wiederholung von zuvor gemachten Fehlern erfolgreich | versteht überwiegend, dass es trotz (kleinen) Erfolgen wichtig sein kann, weiter zu üben",-0.03298126578341998,-0.10656498975949602,0.07993053762936,0.17772067612434994,-0.14391354035084997,0.06407723432486001,-0.07729000287991994
2026-01-20,23,2,8,1277,2028,Weitere Themen: Chemie Klausur Vorbereitung Salzen und Säuren,"lob, strukturierung",0.2344022230355859,0.4138896870915003,0.027472371746927404,1,0,motivation,performanz,beherrscht die für das Nachhilfefach relevanten Fachbegriffe gut und kann sie korrekt anwenden | die Lernfortschritte des Schülers im Rahmen der Nachhilfe haben sich verbessert | kann gut Kerninformationen aus (Sach-)Texten entnehmen | geht strukturiert an Aufgaben heran | reagiert interessiert auf neue Herausforderungen,0.007141230894149975,-0.020729146274397998,-0.10562941580631001,-0.11796908068000994,0.038484004982200004,0.15589504821896,-0.06004286220147004
2026-01-20,23,2,8,1277,2030,Weitere Themen: Chemie Klausur Vorbereitung Salzen und Säuren,"lob, strukturierung",0.07265629225435086,-0.9668918823148003,0.0026394867494464735,0,0,performanz,performanz,beherrscht die für das Nachhilfefach relevanten Fachbegriffe gut und kann sie korrekt anwenden | die Lernfortschritte des Schülers im Rahmen der Nachhilfe haben sich verbessert | kann gut Kerninformationen aus (Sach-)Texten entnehmen | geht strukturiert an Aufgaben heran | reagiert interessiert auf neue Herausforderungen,-0.02054376167994998,-0.010129836133618002,0.03782196386363,-0.003601546602850003,-0.05030446213909001,0.02192258477582998,0.01731087396125003
2026-01-20,23,2,8,1277,2031,Weitere Themen: Chemie Klausur Vorbereitung Salzen und Säuren,"lob, strukturierung",0.308849800629104,0.6402269919760002,0.04769444576573556,1,0,performanz,kognition,beherrscht die für das Nachhilfefach relevanten Fachbegriffe gut und kann sie korrekt anwenden | die Lernfortschritte des Schülers im Rahmen der Nachhilfe haben sich verbessert | kann gut Kerninformationen aus (Sach-)Texten entnehmen | geht strukturiert an Aufgaben heran | reagiert interessiert auf neue Herausforderungen,0.09803870193097003,0.038496909385351,-0.05489941719036,-0.027290587531839994,0.15965626250012,-0.2254351127275,0.06499819888628999
2026-01-27,23,2,8,1275,2020,Geometrie: Umgang mit Körpern,"lob, strukturierung, emotionale_stuetzung",0.20152125980254407,0.6232512161538999,0.020305528652345695,1,0,kognition,performanz,"kann erlerntes Wissen zuverlässig abrufen | die Lernfortschritte des Schülers im Rahmen der Nachhilfe haben sich verbessert | bleibt meistens motiviert, auch wenn Themen oder Aufgaben als schwierig empfunden werden | plant sich die eigene Lernzeit gut ein | kann bereits erlernten Stoff gut spontan abrufen",-0.08184511682666007,-0.02127045856194,0.001584484576270001,0.0524976965933,-0.08038730956579998,0.14957855429324002,-0.043190049941410014
2026-01-27,23,2,8,1275,2022,Geometrie: Umgang mit Körpern,"lob, strukturierung, emotionale_stuetzung",0.2494413490644655,0.37040552347900046,0.03111065233608834,1,0,performanz,regulation,"kann erlerntes Wissen zuverlässig abrufen | die Lernfortschritte des Schülers im Rahmen der Nachhilfe haben sich verbessert | bleibt meistens motiviert, auch wenn Themen oder Aufgaben als schwierig empfunden werden | plant sich die eigene Lernzeit gut ein | kann bereits erlernten Stoff gut spontan abrufen",0.014103286554000005,0.158675140989531,0.11564278202283,-0.008796085029540046,0.024993881744939994,-0.14432380143963003,0.04404095401937003
2026-01-27,23,2,8,1275,2023,Geometrie: Umgang mit Körpern,"lob, strukturierung, emotionale_stuetzung",0.211170550677559,-0.40398258708320034,0.0222966152487859,1,0,regulation,performanz,"kann erlerntes Wissen zuverlässig abrufen | die Lernfortschritte des Schülers im Rahmen der Nachhilfe haben sich verbessert | bleibt meistens motiviert, auch wenn Themen oder Aufgaben als schwierig empfunden werden | plant sich die eigene Lernzeit gut ein | kann bereits erlernten Stoff gut spontan abrufen",0.015374368904159996,-0.01343298832414,0.05093190282288998,0.021949862806410037,-0.06640454993886002,0.12092153521341004,-0.14855553825292
2026-01-06,23,2,9,1401,2347,Gleichungssysteme: Arbeitsblatt zur Gleichungen Lösen mit CAS,"lob, strukturierung, aktivierungsfragen",0.2657768322308345,-0.9407032755895002,0.03531885605320151,1,0,kognition,regulation,"zeigt von Stunde zu Stunde nur meistens Fortschritte | die Einstellung des Schülers zum Lernen hat sich in letzter Zeit verbessert | stellt nur vereinzelt Fragen im Nachhilfeunterricht | hält seine Lernmaterialien und Notizen eher unordentlich und unübersichtlich (unstrukturiert) | kann sich weniger gut auf die ihm zugeteilten Aufgabe konzentrieren, wenn diese als schwierig empfunden wird | Hat keine Aufgaben, hat online Arbeitsblatt von mir gekriegt (selbe wie Paula)",-0.04227542633365999,0.022189263993319996,-0.24151597599187702,0.06410331765456001,0.00877106683923995,-0.02569590533131,0.07198149959868
2026-01-06,23,2,9,1401,2348,Gleichungssysteme: Arbeitsblatt zur Gleichungen Lösen mit CAS,"lob, strukturierung, aktivierungsfragen",0.2796181416215094,1.3592974131494997,0.03909335851723539,0,0,regulation,regulation,"zeigt von Stunde zu Stunde nur meistens Fortschritte | die Einstellung des Schülers zum Lernen hat sich in letzter Zeit verbessert | stellt nur vereinzelt Fragen im Nachhilfeunterricht | hält seine Lernmaterialien und Notizen eher unordentlich und unübersichtlich (unstrukturiert) | kann sich weniger gut auf die ihm zugeteilten Aufgabe konzentrieren, wenn diese als schwierig empfunden wird | Hat keine Aufgaben, hat online Arbeitsblatt von mir gekriegt (selbe wie Paula)",-0.10542833664300999,-0.2292509253068833,0.044526040128811,-0.022671577542620003,0.048263173843760054,0.003387864436059984,0.09837583010963008
2026-01-06,23,2,9,1401,2349,Gleichungssysteme: Arbeitsblatt zur Gleichungen Lösen mit CAS,"lob, strukturierung, aktivierungsfragen",0.36926643791716957,-1.0949546318108996,0.06817919435063713,1,0,regulation,performanz,"zeigt von Stunde zu Stunde nur meistens Fortschritte | die Einstellung des Schülers zum Lernen hat sich in letzter Zeit verbessert | stellt nur vereinzelt Fragen im Nachhilfeunterricht | hält seine Lernmaterialien und Notizen eher unordentlich und unübersichtlich (unstrukturiert) | kann sich weniger gut auf die ihm zugeteilten Aufgabe konzentrieren, wenn diese als schwierig empfunden wird | Hat keine Aufgaben, hat online Arbeitsblatt von mir gekriegt (selbe wie Paula)",0.06723067275982997,0.2089594069160333,0.236478582258406,-0.011495511686159976,-0.10662636684303001,0.05288279174203003,-0.13399129318410008
2026-01-13,23,2,9,1399,2335,Weitere Themen: PHY Aufgaben,lob,0.33704279594006115,0.08568423714689999,0.056799243928067455,1,0,performanz,regulation,müssen ab und zu an grundlegende Vorgehensweisen des Faches MAT erinnert werden | die Einstellung des Schülers zum Lernen hat sich in letzter Zeit verbessert | Wechsel zwischen verschiedenen Themen gelingt mit wenig Aufwand (gut) | kann mit kleinen Ausnahmen logische Verbindungen zwischen verschiedenen Themen herstellen | nimmt konstruktive Kritik nur gelegentlich an,0.045861240761760014,-0.155893439242545,-0.276148792476118,-0.019879352985580023,0.08830743952518999,-0.0025763237848900333,0.05228425108131002
2026-01-13,23,2,9,1399,2336,Weitere Themen: PHY Aufgaben,lob,0.30193290673331347,0.5906762571040001,0.04558197641122541,1,0,regulation,kognition,müssen ab und zu an grundlegende Vorgehensweisen des Faches MAT erinnert werden | die Einstellung des Schülers zum Lernen hat sich in letzter Zeit verbessert | Wechsel zwischen verschiedenen Themen gelingt mit wenig Aufwand (gut) | kann mit kleinen Ausnahmen logische Verbindungen zwischen verschiedenen Themen herstellen | nimmt konstruktive Kritik nur gelegentlich an,0.03461184945508,0.15399569364007498,0.236660146080778,-0.010056875440200008,-0.03871531336515999,-0.027998427061889986,-0.08865028760552002
2026-01-13,23,2,9,1399,2337,Weitere Themen: PHY Aufgaben,lob,0.2695216007136458,-0.5451578953561005,0.03632113366784251,1,0,kognition,performanz,müssen ab und zu an grundlegende Vorgehensweisen des Faches MAT erinnert werden | die Einstellung des Schülers zum Lernen hat sich in letzter Zeit verbessert | Wechsel zwischen verschiedenen Themen gelingt mit wenig Aufwand (gut) | kann mit kleinen Ausnahmen logische Verbindungen zwischen verschiedenen Themen herstellen | nimmt konstruktive Kritik nur gelegentlich an,0.058475600399880034,-0.190045972967985,-0.046228899778950006,-0.06990385464755,-0.009390499088980042,0.13036641100224,-0.09485664398273996
2026-01-13,23,2,9,1399,2338,Weitere Themen: PHY Aufgaben,lob,0.1996785654124902,-0.05004915206189997,0.019935875343984888,1,0,performanz,kognition,müssen ab und zu an grundlegende Vorgehensweisen des Faches MAT erinnert werden | die Einstellung des Schülers zum Lernen hat sich in letzter Zeit verbessert | Wechsel zwischen verschiedenen Themen gelingt mit wenig Aufwand (gut) | kann mit kleinen Ausnahmen logische Verbindungen zwischen verschiedenen Themen herstellen | nimmt konstruktive Kritik nur gelegentlich an,0.07225120810521002,0.014989054261024998,-0.10384894594707,-0.026781779210569956,0.08042467496581002,-0.12252823416073,0.037992853051380004
2026-01-20,23,2,9,1396,2326,Weitere Themen: CAS Aufgaben,metakognition,0.08083714448168132,0.32269483411,0.0032673394619261442,0,0,kognition,kognition,"kann erlerntes Wissen weitgehend in eigenen Worten wiedergeben | die Lernstrategien des Schülers haben sich in den vergangenen Wochen nicht verändert | nimmt konstruktive Kritik nur gelegentlich an | eher zurückhaltend gegenüber neuen Strategien oder Herangehensweisen beim Lernen, besonders nach Misserfolgen | bittet selten aktiv um Feedback",-0.04847621073755004,0.006727506227537004,-0.016322290945889995,0.04240862041554999,-0.017340932674130005,0.03132407896292999,0.02815363998282
2026-01-20,23,2,9,1396,2327,Weitere Themen: CAS Aufgaben,metakognition,0.24708471067951177,-1.3016335203804,0.030525622690689813,0,0,kognition,kognition,"kann erlerntes Wissen weitgehend in eigenen Worten wiedergeben | die Lernstrategien des Schülers haben sich in den vergangenen Wochen nicht verändert | nimmt konstruktive Kritik nur gelegentlich an | eher zurückhaltend gegenüber neuen Strategien oder Herangehensweisen beim Lernen, besonders nach Misserfolgen | bittet selten aktiv um Feedback",0.06445572577809,-0.017628164839322003,0.01591487520856999,-0.11817800764246,0.14078514470168002,-0.10408851312098999,-0.10821904266227
2026-01-20,23,2,9,1396,2329,Weitere Themen: CAS Aufgaben,metakognition,0.2877789768763707,1.1880141434624,0.04140863823558094,0,0,kognition,kognition,"kann erlerntes Wissen weitgehend in eigenen Worten wiedergeben | die Lernstrategien des Schülers haben sich in den vergangenen Wochen nicht verändert | nimmt konstruktive Kritik nur gelegentlich an | eher zurückhaltend gegenüber neuen Strategien oder Herangehensweisen beim Lernen, besonders nach Misserfolgen | bittet selten aktiv um Feedback",-0.08829959189451997,-0.158927580296775,-0.06295079665028999,0.06777437536427999,-0.09416004516776999,0.047364594933899995,0.17348273144642
2026-01-27,23,2,9,1394,2317,Prüfungsvorbereitung: CAS Aufgaben,"metakognition, emotionale_stuetzung",0.2595766307401914,-0.20454466687799977,0.03369019650779548,1,0,kognition,regulation,"müssen ab und zu an grundlegende Vorgehensweisen des Faches MAT erinnert werden | die Organisationsfähigkeit des Schülers hat sich in letzter Zeit etwas verbessert | bleibt meistens motiviert, auch wenn Themen oder Aufgaben als schwierig empfunden werden | arbeitet nur selten konzentriert | zeigt überwiegend Geduld mit sich selbst und den eigenen Lernfortschritten",-0.09301858110619005,0.19088946397544498,-0.023224087967147998,0.11473752116094998,-0.06160302937145001,0.045560089444539986,0.05209674976990997
2026-01-27,23,2,9,1394,2318,Prüfungsvorbereitung: CAS Aufgaben,"metakognition, emotionale_stuetzung",0.35162898039077795,-1.0010741717433,0.06182188167207314,1,0,regulation,kognition,"müssen ab und zu an grundlegende Vorgehensweisen des Faches MAT erinnert werden | die Organisationsfähigkeit des Schülers hat sich in letzter Zeit etwas verbessert | bleibt meistens motiviert, auch wenn Themen oder Aufgaben als schwierig empfunden werden | arbeitet nur selten konzentriert | zeigt überwiegend Geduld mit sich selbst und den eigenen Lernfortschritten",0.14359400430660002,0.10381400177729501,0.208621901259568,-0.18550789171141,0.026946172945019997,-0.09908785709916995,-0.06136431845608997
2026-01-27,23,2,9,1394,2319,Prüfungsvorbereitung: CAS Aufgaben,"metakognition, emotionale_stuetzung",0.25520646091201643,1.5230334826184002,0.032565374190484775,1,0,kognition,regulation,"müssen ab und zu an grundlegende Vorgehensweisen des Faches MAT erinnert werden | die Organisationsfähigkeit des Schülers hat sich in letzter Zeit etwas verbessert | bleibt meistens motiviert, auch wenn Themen oder Aufgaben als schwierig empfunden werden | arbeitet nur selten konzentriert | zeigt überwiegend Geduld mit sich selbst und den eigenen Lernfortschritten",-0.13378919721786003,0.04236853066003998,-0.02329251847378,0.19026912852220998,-0.06803424959457,0.04786748156593995,0.04208156857737
2026-01-27,23,2,9,1394,2320,Prüfungsvorbereitung: CAS Aufgaben,"metakognition, emotionale_stuetzung",0.42071051969699824,-1.0560996919362005,0.08849917630480497,1,0,regulation,kognition,"müssen ab und zu an grundlegende Vorgehensweisen des Faches MAT erinnert werden | die Organisationsfähigkeit des Schülers hat sich in letzter Zeit etwas verbessert | bleibt meistens motiviert, auch wenn Themen oder Aufgaben als schwierig empfunden werden | arbeitet nur selten konzentriert | zeigt überwiegend Geduld mit sich selbst und den eigenen Lernfortschritten",0.14661264460572004,0.061930028132669984,0.1476921119169,-0.034451725842719993,-0.012901488808120032,-0.025777728663849975,-0.3575415002435
2026-01-14,23,3,10,1091,1677,Weitere Themen: Vorbereitung ABI,"strukturierung, aktivierungsfragen, regelhinweise, metakognition",0.3453646045488413,1.1104879702728003,0.05963867986406157,1,0,kognition,regulation,"versteht die Grundlagen des aktuellen Themas größtenteils | die Lernfortschritte des Schülers im Rahmen der Nachhilfe haben sich verbessert | geht strukturiert an Aufgaben heran | stellt regelmäßig Fragen im Nachhilfeunterricht | ergreift oft die Möglichkeit, Hilfsmittel (z.B. Taschenrechner, Tafelwerk, Wörterbuch) zu nutzen",-0.19637059882498997,0.231518930731404,0.016755941356496995,0.12904395981318,-0.017682722173660015,-0.04432806779174003,0.08890175089756003
2026-01-14,23,3,10,1091,1678,Weitere Themen: Vorbereitung ABI,"strukturierung, aktivierungsfragen, regelhinweise, metakognition",0.31487788156417135,0.05298877928349999,0.04957426882713856,1,0,regulation,kognition,"versteht die Grundlagen des aktuellen Themas größtenteils | die Lernfortschritte des Schülers im Rahmen der Nachhilfe haben sich verbessert | geht strukturiert an Aufgaben heran | stellt regelmäßig Fragen im Nachhilfeunterricht | ergreift oft die Möglichkeit, Hilfsmittel (z.B. Taschenrechner, Tafelwerk, Wörterbuch) zu nutzen",0.11637448039843001,-0.062431693432749985,0.17006654241500002,-0.05957470426899997,0.07643332729494001,0.01301862630652001,-0.20790390057774005
2026-01-21,23,3,10,1090,1671,Weitere Themen: ABI vorbereitung,"aktivierungsfragen, metakognition",0.28558563572385787,-0.8577104740632002,0.04077978750457134,0,0,kognition,kognition,"konnte durch die Nachhilfe seine Noten im Unterricht verbessern | ist meistens in der Lage, auch komplexere Sachverhalte zu verstehen | kann seine Aufmerksamkeit während des Lernens sehr lange aufrechterhalten | versteht überwiegend, dass es trotz (kleinen) Erfolgen wichtig sein kann, weiter zu üben | überlegt sich stets zur Vorbereitung auf die Nachhilfestunden gezielte Fragen",0.07260409354284003,-0.159817517331685,-0.17160647276412,-0.05679012099238001,-0.060412334265360024,0.03349979687983001,0.11532725708742003
2026-01-21,23,3,10,1090,1672,Weitere Themen: ABI vorbereitung,"aktivierungsfragen, metakognition",0.10034833700255481,0.041318340420000155,0.005034922934813557,0,0,kognition,kognition,"konnte durch die Nachhilfe seine Noten im Unterricht verbessern | ist meistens in der Lage, auch komplexere Sachverhalte zu verstehen | kann seine Aufmerksamkeit während des Lernens sehr lange aufrechterhalten | versteht überwiegend, dass es trotz (kleinen) Erfolgen wichtig sein kann, weiter zu üben | überlegt sich stets zur Vorbereitung auf die Nachhilfestunden gezielte Fragen",-0.010779700339910048,-0.012072828909384,0.061704175050929996,-0.03954269860765003,0.04459120185427001,-0.04392992621469999,0.022772563974140014
2026-01-21,23,3,10,1090,1673,Weitere Themen: ABI vorbereitung,"aktivierungsfragen, metakognition",0.3261324641814945,-0.5202386036942004,0.05318151783577674,1,0,kognition,motivation,"konnte durch die Nachhilfe seine Noten im Unterricht verbessern | ist meistens in der Lage, auch komplexere Sachverhalte zu verstehen | kann seine Aufmerksamkeit während des Lernens sehr lange aufrechterhalten | versteht überwiegend, dass es trotz (kleinen) Erfolgen wichtig sein kann, weiter zu üben | überlegt sich stets zur Vorbereitung auf die Nachhilfestunden gezielte Fragen",-0.14402570978685997,0.025431488273383,0.06434027808228002,0.23143392996372997,-0.15638149416511998,0.05205387867036998,0.010300737525969994
2026-01-21,23,3,10,1090,1674,Weitere Themen: ABI vorbereitung,"aktivierungsfragen, metakognition",0.8139230344615688,-1.2606096970777998,0.33123832429377287,1,0,motivation,kognition,"konnte durch die Nachhilfe seine Noten im Unterricht verbessern | ist meistens in der Lage, auch komplexere Sachverhalte zu verstehen | kann seine Aufmerksamkeit während des Lernens sehr lange aufrechterhalten | versteht überwiegend, dass es trotz (kleinen) Erfolgen wichtig sein kann, weiter zu üben | überlegt sich stets zur Vorbereitung auf die Nachhilfestunden gezielte Fragen",0.37383643129493,-0.015953427896943997,-0.025848976077450014,-0.45924856687654797,0.23388454461414998,-0.32019617402956,-0.39199174862129904
2026-01-28,23,3,10,1911,3699,Prüfungsvorbereitung: ABI Aufgaben,"lob, strukturierung, metakognition",0.7948888404728357,2.0182903573867996,0.3159267591854007,1,0,kognition,performanz,erinnert sich gut an den zuvor behandelten Stoff | das selbstständige Lernverhalten hat sich in den letzten Wochen verbessert | kann den eigenen Lösungsweg jederzeit nachvollziehbar mündlich erklären | hält seine Lernmaterialien und Notizen sehr ordentlich und übersichtlich (strukturiert) | behält meistens den Überblick beim Lösen komplexer Aufgaben,-0.37644158026921,0.0005171655401109976,-0.08267652516535,0.361724718714838,-0.17466169794137998,0.43672850207479996,0.362244481942049
2026-01-28,23,3,10,1911,3700,Prüfungsvorbereitung: ABI Aufgaben,"lob, strukturierung, metakognition",0.30150903365201764,0.006895297104600129,0.04545408874788248,1,0,performanz,regulation,erinnert sich gut an den zuvor behandelten Stoff | das selbstständige Lernverhalten hat sich in den letzten Wochen verbessert | kann den eigenen Lösungsweg jederzeit nachvollziehbar mündlich erklären | hält seine Lernmaterialien und Notizen sehr ordentlich und übersichtlich (strukturiert) | behält meistens den Überblick beim Lösen komplexer Aufgaben,0.002529756739829969,0.16545505730729898,0.11568918592718001,-0.09854060202733,0.039120011178659986,-0.15775837666629,0.1183790650607
2026-01-28,23,3,10,1911,3701,Prüfungsvorbereitung: ABI Aufgaben,"lob, strukturierung, metakognition",0.28790337063871924,0.33341058810089974,0.041444385256936056,1,0,regulation,kognition,erinnert sich gut an den zuvor behandelten Stoff | das selbstständige Lernverhalten hat sich in den letzten Wochen verbessert | kann den eigenen Lösungsweg jederzeit nachvollziehbar mündlich erklären | hält seine Lernmaterialien und Notizen sehr ordentlich und übersichtlich (strukturiert) | behält meistens den Überblick beim Lösen komplexer Aufgaben,0.09384549940479003,-0.15719082481282698,-0.12760108462889003,0.029229612210809996,0.09356554197832001,0.03524597368975002,-0.1491282043269
2026-01-28,23,3,10,1911,3702,Prüfungsvorbereitung: ABI Aufgaben,"lob, strukturierung, metakognition",0.22675986027476783,0.9314402048478003,0.025710130321438984,1,0,kognition,regulation,erinnert sich gut an den zuvor behandelten Stoff | das selbstständige Lernverhalten hat sich in den letzten Wochen verbessert | kann den eigenen Lösungsweg jederzeit nachvollziehbar mündlich erklären | hält seine Lernmaterialien und Notizen sehr ordentlich und übersichtlich (strukturiert) | behält meistens den Überblick beim Lösen komplexer Aufgaben,-0.14598924613873004,0.09990688463418698,0.027776207332029998,0.07525128056533997,-0.03183796245160003,-0.02090646448111,0.11063805681465999
2026-01-28,23,3,10,1911,3703,Prüfungsvorbereitung: ABI Aufgaben,"lob, strukturierung, metakognition",0.19531448629437667,-1.3085595128892002,0.019073962919288534,1,0,regulation,kognition,erinnert sich gut an den zuvor behandelten Stoff | das selbstständige Lernverhalten hat sich in den letzten Wochen verbessert | kann den eigenen Lösungsweg jederzeit nachvollziehbar mündlich erklären | hält seine Lernmaterialien und Notizen sehr ordentlich und übersichtlich (strukturiert) | behält meistens den Überblick beim Lösen komplexer Aufgaben,0.13362530395832,-0.09218817665661999,-0.019568610132259995,-0.08217868064093997,0.019191403533410034,0.00848218756804997,-0.06493722548195996
2026-01-07,23,4,7,1459,2504,Gleichungssysteme: Gleichungssysteme mit CAS lösen,"metakognition, emotionale_stuetzung",0.36464161844133297,-0.6289149835712999,0.0664821283581788,1,0,kognition,regulation,kann erlerntes Wissen weitgehend in eigenen Worten wiedergeben | das selbstständige Lernverhalten hat sich in den letzten Wochen etwas verbessert | zeigt sich nur selten frustriert nach gemachten Fehlern und Rückschlägen | kommuniziert seine Gedanken im Nachhilfeunterricht verständlich und nachvollziehbar | schwierige Aufgaben sind weniger förderlich für die Motivation des Schülers,-0.11848112224394003,0.197197767136623,0.16475994876675998,-0.05189066378365004,-0.042984153447500006,-0.12222291155130999,0.18279555505112993
2026-01-07,23,4,7,1459,2505,Gleichungssysteme: Gleichungssysteme mit CAS lösen,"metakognition, emotionale_stuetzung",0.40803875388247646,-1.1987432233713,0.083248467773267,1,0,regulation,kognition,kann erlerntes Wissen weitgehend in eigenen Worten wiedergeben | das selbstständige Lernverhalten hat sich in den letzten Wochen etwas verbessert | zeigt sich nur selten frustriert nach gemachten Fehlern und Rückschlägen | kommuniziert seine Gedanken im Nachhilfeunterricht verständlich und nachvollziehbar | schwierige Aufgaben sind weniger förderlich für die Motivation des Schülers,0.18395577289121,-0.18064318442716298,-0.242835831359117,-0.03361698418090997,0.12861474061019001,-0.04681491901759999,-0.14557200090618994
2026-01-07,23,4,7,1459,2506,Gleichungssysteme: Gleichungssysteme mit CAS lösen,"metakognition, emotionale_stuetzung",0.4542791182424737,1.889461877009,0.10318551613372051,0,0,kognition,kognition,kann erlerntes Wissen weitgehend in eigenen Worten wiedergeben | das selbstständige Lernverhalten hat sich in den letzten Wochen etwas verbessert | zeigt sich nur selten frustriert nach gemachten Fehlern und Rückschlägen | kommuniziert seine Gedanken im Nachhilfeunterricht verständlich und nachvollziehbar | schwierige Aufgaben sind weniger förderlich für die Motivation des Schülers,-0.15323564710757998,0.361998955111813,0.066910210900806,0.1658859693898,-0.08692008747431001,0.05509094376916002,-0.09622819425477003
2026-01-07,23,4,7,1459,2507,Gleichungssysteme: Gleichungssysteme mit CAS lösen,"metakognition, emotionale_stuetzung",0.5614720223458664,-2.6620441945502997,0.15762702360569336,1,0,kognition,motivation,kann erlerntes Wissen weitgehend in eigenen Worten wiedergeben | das selbstständige Lernverhalten hat sich in den letzten Wochen etwas verbessert | zeigt sich nur selten frustriert nach gemachten Fehlern und Rückschlägen | kommuniziert seine Gedanken im Nachhilfeunterricht verständlich und nachvollziehbar | schwierige Aufgaben sind weniger förderlich für die Motivation des Schülers,-0.11294380571089002,0.10229883537135998,0.374604209220381,0.12318284545239,-0.24978504727242998,-0.13395313740114004,-0.23704669807969897
2026-01-14,23,4,7,1458,2499,Analysis: Potenzfunktionen,metakognition,0.705808737856846,2.487730212591,0.24908555658874032,1,0,motivation,regulation,"zeigt von Stunde zu Stunde nur meistens Fortschritte | das selbstständige Lernverhalten hat sich in den letzten Wochen verbessert | gibt oft zu erkennen, wenn er etwas nicht verstanden hat | fragt oft selbst nach neuen Aufgaben, wenn er eine Aufgabe beendet hat | ist meistens in der Lage, Aufgaben ohne Hilfe zu bearbeiten",0.07667742893036,-0.31535993637041,-0.23572587693358998,-0.22537088812216,0.20090902142602,0.18665249818316001,0.459643710522289
2026-01-14,23,4,7,1458,2500,Analysis: Potenzfunktionen,metakognition,0.3742632411901688,-1.2225322714874998,0.0700369443814719,1,0,regulation,motivation,"zeigt von Stunde zu Stunde nur meistens Fortschritte | das selbstständige Lernverhalten hat sich in den letzten Wochen verbessert | gibt oft zu erkennen, wenn er etwas nicht verstanden hat | fragt oft selbst nach neuen Aufgaben, wenn er eine Aufgabe beendet hat | ist meistens in der Lage, Aufgaben ohne Hilfe zu bearbeiten",-0.08368167152931999,0.18844667205605004,-0.251383486821104,0.15750239512799002,-0.004544875136040016,-0.018195044925369996,-0.09594699515878996
2026-01-14,23,4,7,1458,2501,Analysis: Potenzfunktionen,metakognition,0.4762161545291046,1.3932256414633,0.11339164077620145,1,0,motivation,kognition,"zeigt von Stunde zu Stunde nur meistens Fortschritte | das selbstständige Lernverhalten hat sich in den letzten Wochen verbessert | gibt oft zu erkennen, wenn er etwas nicht verstanden hat | fragt oft selbst nach neuen Aufgaben, wenn er eine Aufgabe beendet hat | ist meistens in der Lage, Aufgaben ohne Hilfe zu bearbeiten",0.19437680122294004,-0.36130898002627304,0.168827616077234,-0.14231439517614003,0.04709281825652001,0.07478644517214,-0.04345582809820003
2026-01-14,23,4,7,1458,2502,Analysis: Potenzfunktionen,metakognition,0.2932493735832967,-0.5620571966824004,0.04299783260848533,0,0,kognition,kognition,"zeigt von Stunde zu Stunde nur meistens Fortschritte | das selbstständige Lernverhalten hat sich in den letzten Wochen verbessert | gibt oft zu erkennen, wenn er etwas nicht verstanden hat | fragt oft selbst nach neuen Aufgaben, wenn er eine Aufgabe beendet hat | ist meistens in der Lage, Aufgaben ohne Hilfe zu bearbeiten",0.13433752538907995,-0.009880534884587,0.023344702491449987,-0.13686460353298,0.08091249035253001,-0.06878051094239002,-0.19312305609256
2026-01-21,23,4,7,1457,2495,Analysis: Potenzfunktionen,"lob, aktivierungsfragen, metakognition, emotionale_stuetzung",0.4630818576848141,0.38446852960200006,0.1072230023174382,1,0,kognition,performanz,"erinnert sich gut an den zuvor behandelten Stoff | das selbstständige Lernverhalten hat sich in den letzten Wochen verbessert | kann Wissen, das in den letzten Nachhilfestunden thematisiert wurde, meistens abrufen | ist allgemein motiviert | formuliert Fragen verständlich",-0.24756241182252997,0.017287785547511,-0.05647801767476,0.22021720560846,-0.16258044465167,0.16994748736191,0.21414681428885
2026-01-21,23,4,7,1457,2496,Analysis: Potenzfunktionen,"lob, aktivierungsfragen, metakognition, emotionale_stuetzung",0.30150903365201764,0.006895297104600129,0.04545408874788248,1,0,performanz,regulation,"erinnert sich gut an den zuvor behandelten Stoff | das selbstständige Lernverhalten hat sich in den letzten Wochen verbessert | kann Wissen, das in den letzten Nachhilfestunden thematisiert wurde, meistens abrufen | ist allgemein motiviert | formuliert Fragen verständlich",0.002529756739829969,0.16545505730729898,0.11568918592718001,-0.09854060202733,0.039120011178659986,-0.15775837666629,0.1183790650607
2026-01-21,23,4,7,1457,2497,Analysis: Potenzfunktionen,"lob, aktivierungsfragen, metakognition, emotionale_stuetzung",0.3082255860350741,0.15691932361970018,0.04750175160831194,1,0,regulation,kognition,"erinnert sich gut an den zuvor behandelten Stoff | das selbstständige Lernverhalten hat sich in den letzten Wochen verbessert | kann Wissen, das in den letzten Nachhilfestunden thematisiert wurde, meistens abrufen | ist allgemein motiviert | formuliert Fragen verständlich",0.15289159853486,-0.16497085808016598,-0.12435713557647,0.005357018100449973,0.04729406347669002,0.03520326579163002,-0.15950672021632
2025-12-17,23,4,12,1544,2827,Gleichungssysteme: Gleichungen lösen,"lob, metakognition",0.25581883762103225,1.9740998398732998,0.03272191685452974,1,0,performanz,kognition,"nutzt die Tipps, die Sie ihm gegeben haben, meistens | die Lernfortschritte des Schülers im Rahmen der Nachhilfe haben sich verbessert | achtet sorgfältig darauf gemachte Fehler in ähnlichen Aufgaben zu vermeiden | kann Informationen gut nach ihrer Wichtigkeit unterscheiden | kann sich gut an Veränderungen im Lernumfeld anpassen",0.12982619578042004,0.066342738913439,0.108094486519622,-0.11406686696224,0.00032274749191002483,-0.13142611172091995,0.047100768591160025
2025-12-17,23,4,12,1544,2828,Gleichungssysteme: Gleichungen lösen,"lob, metakognition",0.20530912543511023,0.0806739107829002,0.02107603119960888,1,0,kognition,performanz,"nutzt die Tipps, die Sie ihm gegeben haben, meistens | die Lernfortschritte des Schülers im Rahmen der Nachhilfe haben sich verbessert | achtet sorgfältig darauf gemachte Fehler in ähnlichen Aufgaben zu vermeiden | kann Informationen gut nach ihrer Wichtigkeit unterscheiden | kann sich gut an Veränderungen im Lernumfeld anpassen",-0.03076364465162007,-0.07605968197835,0.0053575136506499865,0.05767372278670996,-0.040441276852950014,0.14287665199725003,-0.1000807879665
2025-12-17,23,4,12,1544,2829,Gleichungssysteme: Gleichungen lösen,"lob, metakognition",0.17542037656033574,-0.5228990003279002,0.015386242180187026,1,0,performanz,kognition,"nutzt die Tipps, die Sie ihm gegeben haben, meistens | die Lernfortschritte des Schülers im Rahmen der Nachhilfe haben sich verbessert | achtet sorgfältig darauf gemachte Fehler in ähnlichen Aufgaben zu vermeiden | kann Informationen gut nach ihrer Wichtigkeit unterscheiden | kann sich gut an Veränderungen im Lernumfeld anpassen",0.05273119448925001,0.0005125181907470015,0.07031838379536001,-0.09857829035499,0.06985022767124999,-0.009951752745540055,-0.0913839200739
2026-01-07,23,4,12,1539,2815,Stochastik (Wahrscheinlichkeitsrechnung): Baummdiagram,metakognition,0.30222402414253596,-0.3621347913662998,0.04566997828257846,1,0,kognition,regulation,konnte durch die Nachhilfe seine Strategien zur Bewältigung von alltäglichem Schulstress etwas verbessern | die Lernfortschritte des Schülers im Rahmen der Nachhilfe haben sich verbessert | vermeidet die Wiederholung von zuvor gemachten Fehlern erfolgreich | bearbeitet Aufgaben erfolgreich ohne ständige Anleitung | kann bereits erlernten Stoff zufriedenstellend spontan abrufen | Hate keine Aufgaben und kein buch,-0.09226605160665996,0.126200686848243,-0.07075364182197,0.06282847677868003,-0.012703792139370007,-0.11955823736693,0.20854416641672996
2026-01-07,23,4,12,1539,2816,Stochastik (Wahrscheinlichkeitsrechnung): Baummdiagram,metakognition,0.16579768421652605,1.2676408345479002,0.013744516522840478,0,0,regulation,regulation,konnte durch die Nachhilfe seine Strategien zur Bewältigung von alltäglichem Schulstress etwas verbessern | die Lernfortschritte des Schülers im Rahmen der Nachhilfe haben sich verbessert | vermeidet die Wiederholung von zuvor gemachten Fehlern erfolgreich | bearbeitet Aufgaben erfolgreich ohne ständige Anleitung | kann bereits erlernten Stoff zufriedenstellend spontan abrufen | Hate keine Aufgaben und kein buch,-0.02128728969417998,-0.11009522966957301,-0.056938084139792,0.04739647610641001,0.01213629796547,0.07877739430205999,-0.05543667413272996
2026-01-07,23,4,12,1539,2817,Stochastik (Wahrscheinlichkeitsrechnung): Baummdiagram,metakognition,0.3111634663794785,-0.4607237337146004,0.04841159843271925,1,0,regulation,performanz,konnte durch die Nachhilfe seine Strategien zur Bewältigung von alltäglichem Schulstress etwas verbessern | die Lernfortschritte des Schülers im Rahmen der Nachhilfe haben sich verbessert | vermeidet die Wiederholung von zuvor gemachten Fehlern erfolgreich | bearbeitet Aufgaben erfolgreich ohne ständige Anleitung | kann bereits erlernten Stoff zufriedenstellend spontan abrufen | Hate keine Aufgaben und kein buch,0.020574733687429958,0.135139860990863,0.18232092205810196,0.047114459573409984,-0.13001201073281,0.06385864835711003,-0.14729175227608
2026-01-07,23,4,12,1540,2818,Stochastik (Wahrscheinlichkeitsrechnung): Aufgabe zum Baummdiagram,"strukturierung, metakognition",0.16930012945546855,-0.36361969183630016,0.014331348543071387,0,0,performanz,performanz,"erkennt und korrigiert eigene Fehler meist selbstständig | erledigt seine Hausaufgaben, die er durch die Nachhilfe erhält, zuverlässig | kann seinen Lösungsweg verständlich erklären | hält seine Lernmaterialien und Notizen ordentlich und übersichtlich (strukturiert) | bittet aktiv um Feedback",-0.024776091015309976,-0.07418910354389999,-0.028025854957499985,-0.007387394750639986,0.03120368201264001,-0.059170893222010024,0.13126221672611998
2026-01-07,23,4,12,1540,2820,Stochastik (Wahrscheinlichkeitsrechnung): Aufgabe zum Baummdiagram,"strukturierung, metakognition",0.24399465622769914,-0.3232310396522,0.029766883985086978,1,0,performanz,kognition,"erkennt und korrigiert eigene Fehler meist selbstständig | erledigt seine Hausaufgaben, die er durch die Nachhilfe erhält, zuverlässig | kann seinen Lösungsweg verständlich erklären | hält seine Lernmaterialien und Notizen ordentlich und übersichtlich (strukturiert) | bittet aktiv um Feedback",0.10309314909839001,-0.073415929187594,-0.164448888185137,-0.07054328655964004,0.08321144331213998,0.008359972998700005,-0.06709300013846997
2026-01-07,23,4,12,1540,2821,Stochastik (Wahrscheinlichkeitsrechnung): Aufgabe zum Baummdiagram,"strukturierung, metakognition",0.23210147370192988,1.9511538536430004,0.02693569059146428,1,0,kognition,regulation,"erkennt und korrigiert eigene Fehler meist selbstständig | erledigt seine Hausaufgaben, die er durch die Nachhilfe erhält, zuverlässig | kann seinen Lösungsweg verständlich erklären | hält seine Lernmaterialien und Notizen ordentlich und übersichtlich (strukturiert) | bittet aktiv um Feedback",-0.15754543997739,0.085905779496494,0.034260560441267005,0.06958330834286003,0.024796958292320037,-0.05173114878384,0.11119398270276998
2026-01-14,23,4,12,1537,2804,Zufall: Baummdiagram,"lob, aktivierungsfragen",0.1928573820682871,-0.46301984968560017,0.01859706364137137,1,0,regulation,performanz,"kann erlerntes Wissen bei unangekündigten Tests zuverlässig abrufen | das Zeitmanagement des Schülers hat sich verbessert | kann zur Lösung eines komplexen Problems meistens einzelne Zwischenschritte entwickeln | kann sich gut auf die ihm zugeteilten Aufgabe konzentrieren, wenn diese als zu leicht empfunden wird | formuliert Fragen verständlich",0.044387163861330015,0.04974337030314001,0.12599937157751,0.005466252733389965,-0.08294232900894,0.05173446209151,-0.08536826428637001
2026-01-14,23,4,12,1537,2805,Zufall: Baummdiagram,"lob, aktivierungsfragen",0.27794472908202644,-1.9538963447106,0.03862687344896343,1,0,performanz,regulation,"kann erlerntes Wissen bei unangekündigten Tests zuverlässig abrufen | das Zeitmanagement des Schülers hat sich verbessert | kann zur Lösung eines komplexen Problems meistens einzelne Zwischenschritte entwickeln | kann sich gut auf die ihm zugeteilten Aufgabe konzentrieren, wenn diese als zu leicht empfunden wird | formuliert Fragen verständlich",-0.13427201246542003,-0.014957245592259999,-0.10251789978498,-0.05083378901152996,-0.06384142407108001,0.01428161531447003,0.20402669936127005
2026-01-14,23,4,12,1537,2806,Zufall: Baummdiagram,"lob, aktivierungsfragen",0.2825260666575829,1.0362984451318997,0.03991075696582469,1,0,regulation,performanz,"kann erlerntes Wissen bei unangekündigten Tests zuverlässig abrufen | das Zeitmanagement des Schülers hat sich verbessert | kann zur Lösung eines komplexen Problems meistens einzelne Zwischenschritte entwickeln | kann sich gut auf die ihm zugeteilten Aufgabe konzentrieren, wenn diese als zu leicht empfunden wird | formuliert Fragen verständlich",0.14034925680087001,-0.10106437365632001,-0.092371598610308,0.07423089198216998,0.09599167666302999,-0.020094580907920045,-0.16201273131815003
2026-01-14,23,4,12,1537,2807,Zufall: Baummdiagram,"lob, aktivierungsfragen",0.24919317305885683,-0.4928648796549,0.03104880569350066,0,0,performanz,performanz,"kann erlerntes Wissen bei unangekündigten Tests zuverlässig abrufen | das Zeitmanagement des Schülers hat sich verbessert | kann zur Lösung eines komplexen Problems meistens einzelne Zwischenschritte entwickeln | kann sich gut auf die ihm zugeteilten Aufgabe konzentrieren, wenn diese als zu leicht empfunden wird | formuliert Fragen verständlich",0.014729267403229995,0.032922164686945005,0.21361185207387798,-0.08413649666722,-0.04337315948310999,0.06090558871422003,-0.04996721060048004
2026-01-21,23,4,12,1535,2794,Zufall: Baummdiagram,"metakognition, emotionale_stuetzung",0.20393394479558136,1.7669006716391005,0.02079463692431671,1,0,performanz,kognition,"kann bereits erlerntes Wissen meistens auf neue Themen anwenden | das selbstständige Lernverhalten hat sich in den letzten Wochen verbessert | fragt oft selbst nach neuen Aufgaben, wenn er eine Aufgabe beendet hat | kann sich nach einer unerwarteten Unterbrechung schnell wieder auf den Unterricht fokussieren | zeigt sich meistens frustriert nach gemachten Fehlern und Rückschlägen",0.04101628428176002,-0.032990406073535004,-0.16976252058338198,0.029634772615799998,0.057744851446050016,-0.06925466533951002,0.03146651693596003
2026-01-21,23,4,12,1535,2795,Zufall: Baummdiagram,"metakognition, emotionale_stuetzung",0.2573926998124083,-1.0700441567632004,0.0331256565079493,1,0,kognition,regulation,"kann bereits erlerntes Wissen meistens auf neue Themen anwenden | das selbstständige Lernverhalten hat sich in den letzten Wochen verbessert | fragt oft selbst nach neuen Aufgaben, wenn er eine Aufgabe beendet hat | kann sich nach einer unerwarteten Unterbrechung schnell wieder auf den Unterricht fokussieren | zeigt sich meistens frustriert nach gemachten Fehlern und Rückschlägen",-0.059325679998580017,0.14645491743671,0.144966362424082,-0.07886896842969998,-0.03048666889513002,-0.05481520782097998,0.10056201252768998
2026-01-21,23,4,12,1535,2796,Zufall: Baummdiagram,"metakognition, emotionale_stuetzung",0.27134295194308783,0.1706933699758002,0.03681368884976266,1,0,regulation,kognition,"kann bereits erlerntes Wissen meistens auf neue Themen anwenden | das selbstständige Lernverhalten hat sich in den letzten Wochen verbessert | fragt oft selbst nach neuen Aufgaben, wenn er eine Aufgabe beendet hat | kann sich nach einer unerwarteten Unterbrechung schnell wieder auf den Unterricht fokussieren | zeigt sich meistens frustriert nach gemachten Fehlern und Rückschlägen",0.11069512969362005,-0.17286230797022298,-0.08255587074387,0.015187999951849995,0.04254794312047999,0.05659140024677001,-0.13940282325699
2026-01-21,23,4,12,1535,2797,Zufall: Baummdiagram,"metakognition, emotionale_stuetzung",0.327369020384655,0.2547270797891996,0.053585500143667586,1,0,kognition,regulation,"kann bereits erlerntes Wissen meistens auf neue Themen anwenden | das selbstständige Lernverhalten hat sich in den letzten Wochen verbessert | fragt oft selbst nach neuen Aufgaben, wenn er eine Aufgabe beendet hat | kann sich nach einer unerwarteten Unterbrechung schnell wieder auf den Unterricht fokussieren | zeigt sich meistens frustriert nach gemachten Fehlern und Rückschlägen",-0.17365367433698004,0.175361931348133,0.15403103257148,0.0992827796904,-0.09021989383098,-0.014557696363980022,0.06579426134808003
2026-01-21,23,4,12,1535,2798,Zufall: Baummdiagram,"metakognition, emotionale_stuetzung",0.39738058751517946,-0.7893670684440997,0.07895608339087956,1,0,regulation,kognition,"kann bereits erlerntes Wissen meistens auf neue Themen anwenden | das selbstständige Lernverhalten hat sich in den letzten Wochen verbessert | fragt oft selbst nach neuen Aufgaben, wenn er eine Aufgabe beendet hat | kann sich nach einer unerwarteten Unterbrechung schnell wieder auf den Unterricht fokussieren | zeigt sich meistens frustriert nach gemachten Fehlern und Rückschlägen",0.14522854423044002,-0.146121886022028,-0.28999910971171,-0.10615304418513,0.13581302639916,-0.040374939671359966,0.005012921649329982
2026-01-28,23,4,12,1534,2789,Weitere Themen: Grundwert berechnen,"lob, metakognition",0.27252547886828327,1.0124946768373002,0.037135260355482536,1,0,kognition,performanz,"der Schüler ist sicher nach der heutigen Nachhilfestunde im Umgang mit den behandelten Themen und Aufgaben | die Lernfortschritte des Schülers im Rahmen der Nachhilfe haben sich verbessert | Motivation wird fast nicht beeinflusst, wenn er eine Aufgabe nicht sofort versteht | kann sich gut auf die ihm zugeteilten Aufgabe konzentrieren, wenn diese als langweilig empfunden wird | kommuniziert seine Gedanken zu seinen Lösungen verständlich und nachvollziehbar",-0.054322098429660015,0.158440080508308,0.13393313154407,0.08817321660934002,-0.07098371382981,0.07704155567327997,-0.09761812516656998
2026-01-28,23,4,12,1534,2791,Weitere Themen: Grundwert berechnen,"lob, metakognition",0.5073754518870869,-2.4453200432986004,0.12871586021866788,1,0,performanz,motivation,"der Schüler ist sicher nach der heutigen Nachhilfestunde im Umgang mit den behandelten Themen und Aufgaben | die Lernfortschritte des Schülers im Rahmen der Nachhilfe haben sich verbessert | Motivation wird fast nicht beeinflusst, wenn er eine Aufgabe nicht sofort versteht | kann sich gut auf die ihm zugeteilten Aufgabe konzentrieren, wenn diese als langweilig empfunden wird | kommuniziert seine Gedanken zu seinen Lösungen verständlich und nachvollziehbar",-0.27336506952141004,0.11953887356627002,0.10694840389654003,0.21660620270123992,-0.32409204312103296,-0.04323379760414997,0.056132199630669954
2026-01-28,23,4,12,1534,2792,Weitere Themen: Grundwert berechnen,"lob, metakognition",0.5271370742128944,1.4572176565285,0.13893784706529122,1,0,motivation,performanz,"der Schüler ist sicher nach der heutigen Nachhilfestunde im Umgang mit den behandelten Themen und Aufgaben | die Lernfortschritte des Schülers im Rahmen der Nachhilfe haben sich verbessert | Motivation wird fast nicht beeinflusst, wenn er eine Aufgabe nicht sofort versteht | kann sich gut auf die ihm zugeteilten Aufgabe konzentrieren, wenn diese als langweilig empfunden wird | kommuniziert seine Gedanken zu seinen Lösungen verständlich und nachvollziehbar",0.25223332125833,-0.23702123681154602,0.017125397877639947,-0.26205759421875996,0.291839714548553,0.06271248627758996,-0.0014293683772999555
2026-01-28,23,4,12,1534,2793,Weitere Themen: Grundwert berechnen,"lob, metakognition",0.2957408587227425,0.44306715151450016,0.043731566798245414,1,0,performanz,kognition,"der Schüler ist sicher nach der heutigen Nachhilfestunde im Umgang mit den behandelten Themen und Aufgaben | die Lernfortschritte des Schülers im Rahmen der Nachhilfe haben sich verbessert | Motivation wird fast nicht beeinflusst, wenn er eine Aufgabe nicht sofort versteht | kann sich gut auf die ihm zugeteilten Aufgabe konzentrieren, wenn diese als langweilig empfunden wird | kommuniziert seine Gedanken zu seinen Lösungen verständlich und nachvollziehbar",0.07717684700297,0.169844963033556,-0.16249244917110997,0.012315953610800012,0.09149249645607,-0.10395019134447997,-0.08322908384446004
2025-12-17,23,4,13,1350,2232,Wurzelfunktion/-rechnung: Wurzelrechnung,"strukturierung, metakognition, emotionale_stuetzung",0.4908045179025127,0.09804882652369962,0.12044520045169416,1,0,regulation,kognition,müssen ab und zu an grundlegende Vorgehensweisen des Faches MAT erinnert werden | konnte in den letzten Wochen das Vertrauen in seine eigenen Fähigkeiten teilweise verbessern | setzt Prioritäten bei Lernaufgaben sinnvoll | kann seinen Lösungsweg nachvollziehbar erklären | lernt weitgehend aus gemachten Fehlern und erkennt Fehler und Korrekturen während des Unterrichts weitgehend als Chance zum Lernen,0.17655893877204004,0.13283990404032497,0.293511833209128,-0.14289341966934999,0.04496791807841999,-0.09253232864784999,-0.27371062220506
2025-12-17,23,4,13,1350,2233,Wurzelfunktion/-rechnung: Wurzelrechnung,"strukturierung, metakognition, emotionale_stuetzung",0.39336260518944577,-0.21060529475759981,0.07736750248800284,1,0,kognition,performanz,müssen ab und zu an grundlegende Vorgehensweisen des Faches MAT erinnert werden | konnte in den letzten Wochen das Vertrauen in seine eigenen Fähigkeiten teilweise verbessern | setzt Prioritäten bei Lernaufgaben sinnvoll | kann seinen Lösungsweg nachvollziehbar erklären | lernt weitgehend aus gemachten Fehlern und erkennt Fehler und Korrekturen während des Unterrichts weitgehend als Chance zum Lernen,-0.22938077605546003,0.03501033173175,-0.03324253728269,0.21407726503309,-0.13855311757841,0.1533241542344,0.10608237864143999
2025-12-17,23,4,13,1350,2234,Wurzelfunktion/-rechnung: Wurzelrechnung,"strukturierung, metakognition, emotionale_stuetzung",0.36825591464356877,-0.45631753946270015,0.0678066294616545,1,0,performanz,kognition,müssen ab und zu an grundlegende Vorgehensweisen des Faches MAT erinnert werden | konnte in den letzten Wochen das Vertrauen in seine eigenen Fähigkeiten teilweise verbessern | setzt Prioritäten bei Lernaufgaben sinnvoll | kann seinen Lösungsweg nachvollziehbar erklären | lernt weitgehend aus gemachten Fehlern und erkennt Fehler und Korrekturen während des Unterrichts weitgehend als Chance zum Lernen,0.1563180713594,-0.18270572439037397,-0.216482753460397,-0.12240342705681001,0.10050769823635997,-0.04190158612967998,0.06395917201963003
2025-12-17,23,4,13,1350,2235,Wurzelfunktion/-rechnung: Wurzelrechnung,"strukturierung, metakognition, emotionale_stuetzung",0.193654887079763,1.8799168771539003,0.018751208121919327,0,0,kognition,kognition,müssen ab und zu an grundlegende Vorgehensweisen des Faches MAT erinnert werden | konnte in den letzten Wochen das Vertrauen in seine eigenen Fähigkeiten teilweise verbessern | setzt Prioritäten bei Lernaufgaben sinnvoll | kann seinen Lösungsweg nachvollziehbar erklären | lernt weitgehend aus gemachten Fehlern und erkennt Fehler und Korrekturen während des Unterrichts weitgehend als Chance zum Lernen,-0.07283241500276999,0.135756632497194,0.08736343734162699,0.05979710262064003,-0.032852084604079956,-0.020677883969830002,0.03244831788383995
2026-01-07,23,4,13,1348,2225,Gleichungssysteme: Gleichungen lösen,"lob, metakognition",0.22575470312192247,-1.4560754078763,0.02548271912686706,1,0,kognition,performanz,"beherrscht die für das Nachhilfefach relevanten Fachbegriffe gut und kann sie korrekt anwenden | die Lernstrategien des Schülers haben sich in den vergangenen Wochen teilweise verbessert | vermeidet die Wiederholung von zuvor gemachten Fehlern erfolgreich | kann sein Wissen gut in Diagrammen, Skizzen oder Mindmaps visualisieren | geht gut mit unerwartet schwierigen Aufgabenstellungen um | Hate keine Aufgaben, ich habe etwas gedruckt",-0.03061212196283003,-0.140490367120884,-0.04597041029424999,-0.01662576154584,-0.06911686332201,0.14882504407779001,-0.031221973144069992
2026-01-07,23,4,13,1348,2226,Gleichungssysteme: Gleichungen lösen,"lob, metakognition",0.3338179887873921,-0.39444305318740014,0.05571756977398368,1,0,performanz,kognition,"beherrscht die für das Nachhilfefach relevanten Fachbegriffe gut und kann sie korrekt anwenden | die Lernstrategien des Schülers haben sich in den vergangenen Wochen teilweise verbessert | vermeidet die Wiederholung von zuvor gemachten Fehlern erfolgreich | kann sein Wissen gut in Diagrammen, Skizzen oder Mindmaps visualisieren | geht gut mit unerwartet schwierigen Aufgabenstellungen um | Hate keine Aufgaben, ich habe etwas gedruckt",0.12591720568038006,0.002580062213837001,-0.004435716943249998,-0.11314873855831004,0.20586743929099,-0.19731690814613,-0.03788103493784001
2026-01-07,23,4,13,1348,2227,Gleichungssysteme: Gleichungen lösen,"lob, metakognition",0.2657618075109764,-0.14946478543499975,0.035314907089735836,1,0,kognition,regulation,"beherrscht die für das Nachhilfefach relevanten Fachbegriffe gut und kann sie korrekt anwenden | die Lernstrategien des Schülers haben sich in den vergangenen Wochen teilweise verbessert | vermeidet die Wiederholung von zuvor gemachten Fehlern erfolgreich | kann sein Wissen gut in Diagrammen, Skizzen oder Mindmaps visualisieren | geht gut mit unerwartet schwierigen Aufgabenstellungen um | Hate keine Aufgaben, ich habe etwas gedruckt",-0.10007717079111006,0.124714073820057,0.030134595120200003,0.053397143113970036,-0.10043790392234003,-0.022655374397689998,0.17521390001922998
2026-01-07,23,4,13,1348,2228,Gleichungssysteme: Gleichungen lösen,"lob, metakognition",0.5121546869951754,-1.1127197744849002,0.13115240018454433,1,0,regulation,performanz,"beherrscht die für das Nachhilfefach relevanten Fachbegriffe gut und kann sie korrekt anwenden | die Lernstrategien des Schülers haben sich in den vergangenen Wochen teilweise verbessert | vermeidet die Wiederholung von zuvor gemachten Fehlern erfolgreich | kann sein Wissen gut in Diagrammen, Skizzen oder Mindmaps visualisieren | geht gut mit unerwartet schwierigen Aufgabenstellungen um | Hate keine Aufgaben, ich habe etwas gedruckt",-0.08952425382014001,-0.135118724438021,0.06581106830037001,0.031904635334919995,-0.21164931291169997,0.35177297924782,-0.24928316959582997
2026-01-07,23,4,13,1348,2229,Gleichungssysteme: Gleichungen lösen,"lob, metakognition",0.3171853681827556,0.8847741623049001,0.050303749580078216,0,0,performanz,performanz,"beherrscht die für das Nachhilfefach relevanten Fachbegriffe gut und kann sie korrekt anwenden | die Lernstrategien des Schülers haben sich in den vergangenen Wochen teilweise verbessert | vermeidet die Wiederholung von zuvor gemachten Fehlern erfolgreich | kann sein Wissen gut in Diagrammen, Skizzen oder Mindmaps visualisieren | geht gut mit unerwartet schwierigen Aufgabenstellungen um | Hate keine Aufgaben, ich habe etwas gedruckt",-0.060053133898709976,0.014519469943147997,-0.06219131678331,0.04152178441730997,0.21389627161499997,-0.15865474091756993,0.14238891670311
2026-01-14,23,4,13,1346,2220,Gleichungssysteme: Gleichungen lösen Aufgaben,"lob, metakognition, emotionale_stuetzung",0.30796642461434104,1.3959745475315994,0.04742195379622771,1,0,performanz,kognition,"kann gut die Korrekturen zu seinen im Nachhilfeunterricht bearbeiteten Aufgaben verstehen und nachvollziehen | konnte in den letzten Wochen das Vertrauen in seine eigenen Fähigkeiten teilweise verbessern | ist oft dazu fähig, Aufgaben selbstständig zu beenden | kann neue Informationen verlässlich aufnehmen und wiedergeben | setzt geplante Lernaktivitäten meistens in die Tat um",0.19126901772111,0.193181146078623,0.01987289042635998,-0.03132684121363,-0.03261278804103995,-0.07604811946524004,-0.11277106533664
2026-01-14,23,4,13,1346,2221,Gleichungssysteme: Gleichungen lösen Aufgaben,"lob, metakognition, emotionale_stuetzung",0.28981549765779574,-0.38103973178649975,0.04199672872282589,0,0,kognition,kognition,"kann gut die Korrekturen zu seinen im Nachhilfeunterricht bearbeiteten Aufgaben verstehen und nachvollziehen | konnte in den letzten Wochen das Vertrauen in seine eigenen Fähigkeiten teilweise verbessern | ist oft dazu fähig, Aufgaben selbstständig zu beenden | kann neue Informationen verlässlich aufnehmen und wiedergeben | setzt geplante Lernaktivitäten meistens in die Tat um",0.10897557677013003,-0.04744690033533,0.15914074357534,-0.11719316214533998,0.06495066123722998,-0.13666756453387002,-0.08893544225286998
2026-01-14,23,4,13,1346,2222,Gleichungssysteme: Gleichungen lösen Aufgaben,"lob, metakognition, emotionale_stuetzung",0.37338749151442685,-0.8152739651174996,0.06970954180379274,1,0,kognition,performanz,"kann gut die Korrekturen zu seinen im Nachhilfeunterricht bearbeiteten Aufgaben verstehen und nachvollziehen | konnte in den letzten Wochen das Vertrauen in seine eigenen Fähigkeiten teilweise verbessern | ist oft dazu fähig, Aufgaben selbstständig zu beenden | kann neue Informationen verlässlich aufnehmen und wiedergeben | setzt geplante Lernaktivitäten meistens in die Tat um",-0.20781910643051005,-0.08152141482793998,-0.02398681222208998,0.025598676784929997,-0.09492414743055,0.21924320910053002,0.17684699270973997
2026-01-14,23,4,13,1346,2223,Gleichungssysteme: Gleichungen lösen Aufgaben,"lob, metakognition, emotionale_stuetzung",0.2865777614187147,1.5988941703402002,0.04106364181541333,1,0,performanz,regulation,"kann gut die Korrekturen zu seinen im Nachhilfeunterricht bearbeiteten Aufgaben verstehen und nachvollziehen | konnte in den letzten Wochen das Vertrauen in seine eigenen Fähigkeiten teilweise verbessern | ist oft dazu fähig, Aufgaben selbstständig zu beenden | kann neue Informationen verlässlich aufnehmen und wiedergeben | setzt geplante Lernaktivitäten meistens in die Tat um",0.04379879205149001,0.013055915622329994,-0.1947260069386,0.11951341445984998,0.0017702986997800152,-0.13040158370312,0.10406075733907999
2026-01-14,23,4,13,1346,2224,Gleichungssysteme: Gleichungen lösen Aufgaben,"lob, metakognition, emotionale_stuetzung",0.1536690145972607,-1.0329951518124005,0.011807143848814095,1,0,regulation,methodik,"kann gut die Korrekturen zu seinen im Nachhilfeunterricht bearbeiteten Aufgaben verstehen und nachvollziehen | konnte in den letzten Wochen das Vertrauen in seine eigenen Fähigkeiten teilweise verbessern | ist oft dazu fähig, Aufgaben selbstständig zu beenden | kann neue Informationen verlässlich aufnehmen und wiedergeben | setzt geplante Lernaktivitäten meistens in die Tat um",-0.0019299675770200198,-0.066138210848696,-0.039990684910175,-0.020992093076599994,0.11671578541462996,-0.010339391577280033,-0.05887935040159997
2026-01-21,23,4,13,1344,2215,Gleichungssysteme: Gleichungen,metakognition,1.9957962803346192,1.5661579902324005,1.9916111806965588,1,1,methodik,regulation,"müssen nie an grundlegende Vorgehensweisen des Faches MAT erinnert werden | das Zeitmanagement des Schülers hat sich etwas verbessert | wendet in der Nachhilfestunde Gelerntes schnell auf neue Aufgaben an | offen für neue Strategien oder Herangehensweisen beim Lernen, besonders nach Misserfolgen | schwieriger werdende Aufgaben stressen den Schüler nur wenig",-0.90273026729246,-0.08446806263124701,-0.098456931043839,-0.7592003834080601,-0.89401958059734,-0.9196335505130799,-0.96440143941652
2026-01-21,23,4,13,1344,2216,Gleichungssysteme: Gleichungen,metakognition,1.9504314325556782,-3.3837280799268004,1.9021069632202101,0,1,regulation,regulation,"müssen nie an grundlegende Vorgehensweisen des Faches MAT erinnert werden | das Zeitmanagement des Schülers hat sich etwas verbessert | wendet in der Nachhilfestunde Gelerntes schnell auf neue Aufgaben an | offen für neue Strategien oder Herangehensweisen beim Lernen, besonders nach Misserfolgen | schwieriger werdende Aufgaben stressen den Schüler nur wenig",0.66013894013747,0.282086743228933,0.245218778683754,0.72964554769688,0.69072026247855,0.8415548419837899,1.22922842236585
2026-01-21,23,4,13,1344,2217,Gleichungssysteme: Gleichungen,metakognition,0.4092519367134013,3.1078263698293003,0.08374426942343605,1,0,regulation,performanz,"müssen nie an grundlegende Vorgehensweisen des Faches MAT erinnert werden | das Zeitmanagement des Schülers hat sich etwas verbessert | wendet in der Nachhilfestunde Gelerntes schnell auf neue Aufgaben an | offen für neue Strategien oder Herangehensweisen beim Lernen, besonders nach Misserfolgen | schwieriger werdende Aufgaben stressen den Schüler nur wenig",0.20739822000288,-0.019772618992769997,-0.10802599935240999,0.08972895629713001,0.11558947799077002,0.10135599654204003,-0.28412550394149005
2026-01-21,23,4,13,1344,2218,Gleichungssysteme: Gleichungen,metakognition,0.12212456184037415,-0.3829351423376002,0.007457237269427042,1,0,performanz,kognition,"müssen nie an grundlegende Vorgehensweisen des Faches MAT erinnert werden | das Zeitmanagement des Schülers hat sich etwas verbessert | wendet in der Nachhilfestunde Gelerntes schnell auf neue Aufgaben an | offen für neue Strategien oder Herangehensweisen beim Lernen, besonders nach Misserfolgen | schwieriger werdende Aufgaben stressen den Schüler nur wenig",0.07405290201518,0.039572755540300014,-0.05689216374596301,-0.06065204012958997,0.005707204628099982,-0.02940265365311001,-0.007217813567179987
2026-01-21,23,4,13,1344,2219,Gleichungssysteme: Gleichungen,metakognition,0.3564917291628018,-3.0682787531330002,0.06354382226261523,1,0,kognition,regulation,"müssen nie an grundlegende Vorgehensweisen des Faches MAT erinnert werden | das Zeitmanagement des Schülers hat sich etwas verbessert | wendet in der Nachhilfestunde Gelerntes schnell auf neue Aufgaben an | offen für neue Strategien oder Herangehensweisen beim Lernen, besonders nach Misserfolgen | schwieriger werdende Aufgaben stressen den Schüler nur wenig",-0.16629936117145,-0.18628596876923603,-0.027405410873111,0.006750055771949981,-0.0024775765339100086,-0.07488513470425001,0.24149093500990004
2026-01-28,23,4,13,1343,2211,Gleichungssysteme: Gleichungssysteme lösen,"lob, emotionale_stuetzung",0.41009041711618094,2.9029599925057004,0.08408793734808884,1,0,regulation,kognition,"wirkt sich gut auf den Lernstand des Schülers aus | die Einstellung des Schülers zum Lernen hat sich in letzter Zeit verbessert | kann sich im Nachhilfeunterricht gut auf seine Aufgaben konzentrieren | kann sich schnell wieder motivieren nach Rückschlägen oder Misserfolgen weiterzuarbeiten | reagiert aufgeschlossen auf Aufgaben, die vom bisherigen Aufgabenmuster abweichen",0.15144275894746,0.124626651278076,0.24741354327408402,0.0024444098326599772,-0.022764956093609956,0.06704216811044,-0.25194266549824007
2026-01-28,23,4,13,1343,2212,Gleichungssysteme: Gleichungssysteme lösen,"lob, emotionale_stuetzung",0.18947759138952544,-0.5851251206519001,0.01795097181158478,1,0,kognition,performanz,"wirkt sich gut auf den Lernstand des Schülers aus | die Einstellung des Schülers zum Lernen hat sich in letzter Zeit verbessert | kann sich im Nachhilfeunterricht gut auf seine Aufgaben konzentrieren | kann sich schnell wieder motivieren nach Rückschlägen oder Misserfolgen weiterzuarbeiten | reagiert aufgeschlossen auf Aufgaben, die vom bisherigen Aufgabenmuster abweichen",-0.08246275340588999,0.08269481662458003,-0.12765788914249002,0.050963444210370024,-0.014299104118870032,0.05619807659864001,0.0025926327996400045
2026-01-28,23,4,13,1343,2213,Gleichungssysteme: Gleichungssysteme lösen,"lob, emotionale_stuetzung",0.3781707323331601,-1.2347898200304002,0.07150705415014491,0,0,performanz,performanz,"wirkt sich gut auf den Lernstand des Schülers aus | die Einstellung des Schülers zum Lernen hat sich in letzter Zeit verbessert | kann sich im Nachhilfeunterricht gut auf seine Aufgaben konzentrieren | kann sich schnell wieder motivieren nach Rückschlägen oder Misserfolgen weiterzuarbeiten | reagiert aufgeschlossen auf Aufgaben, die vom bisherigen Aufgabenmuster abweichen",-0.19928745713164,0.04441857329919996,0.27338588505149997,0.052539454295169985,-0.14879756308083,0.007710877517729975,-0.04030128726918997
2026-01-28,23,4,13,1343,2214,Gleichungssysteme: Gleichungssysteme lösen,"lob, emotionale_stuetzung",0.39491015468760604,2.0467894553201,0.07797752332128949,1,0,performanz,regulation,"wirkt sich gut auf den Lernstand des Schülers aus | die Einstellung des Schülers zum Lernen hat sich in letzter Zeit verbessert | kann sich im Nachhilfeunterricht gut auf seine Aufgaben konzentrieren | kann sich schnell wieder motivieren nach Rückschlägen oder Misserfolgen weiterzuarbeiten | reagiert aufgeschlossen auf Aufgaben, die vom bisherigen Aufgabenmuster abweichen",0.18229697990305002,-0.13999516035774998,-0.20968973736219998,-0.05046261735228996,0.18017352870561001,-0.08637770054652999,0.12916395459652996
2025-12-17,23,4,14,2086,3811,Exponentialgleichung/-funktion: Aufgaben,"strukturierung, metakognition",0.25852197341491717,1.5310869672899998,0.03341698048151365,1,0,kognition,methodik,"versteht die Grundlagen des aktuellen Themas größtenteils | wendet meistens die in der Nachhilfe gelernten Lernstrategien auch außerhalb der Nachhilfestunde an | hält seine Lernmaterialien und Notizen ordentlich und übersichtlich (strukturiert) | ist interessiert daran, neue Themen zu erkunden und zu lernen | versucht sich meistens erneut an Aufgaben, mit denen es kurz zuvor Probleme gab",-0.15590863328309995,0.16518394810564402,-0.015424839340713009,0.11241480269311,0.04835677914492997,0.0030847798397399817,0.004179067506279999
2025-12-17,23,4,14,2086,3812,Exponentialgleichung/-funktion: Aufgaben,"strukturierung, metakognition",0.1264180263641908,0.23696111638580053,0.007990791676683706,1,0,methodik,regulation,"versteht die Grundlagen des aktuellen Themas größtenteils | wendet meistens die in der Nachhilfe gelernten Lernstrategien auch außerhalb der Nachhilfestunde an | hält seine Lernmaterialien und Notizen ordentlich und übersichtlich (strukturiert) | ist interessiert daran, neue Themen zu erkunden und zu lernen | versucht sich meistens erneut an Aufgaben, mit denen es kurz zuvor Probleme gab",-0.05324847384503001,-0.07264520092889,0.04392342106888,0.0005984498028200336,0.0034411106007500303,-0.016753732662300014,0.0751441171626
2025-12-17,23,4,14,2086,3813,Exponentialgleichung/-funktion: Aufgaben,"strukturierung, metakognition",0.15109054622806173,-0.5111828462144006,0.011414225176762383,1,0,regulation,kognition,"versteht die Grundlagen des aktuellen Themas größtenteils | wendet meistens die in der Nachhilfe gelernten Lernstrategien auch außerhalb der Nachhilfestunde an | hält seine Lernmaterialien und Notizen ordentlich und übersichtlich (strukturiert) | ist interessiert daran, neue Themen zu erkunden und zu lernen | versucht sich meistens erneut an Aufgaben, mit denen es kurz zuvor Probleme gab",0.09607937253229998,-0.060037354017893,-0.044526198095292,0.01049511571020001,-0.07788583158344003,0.026700986811700023,-0.03347757797495998
2025-12-17,23,4,14,2086,3814,Exponentialgleichung/-funktion: Aufgaben,"strukturierung, metakognition",0.6602022550690692,-2.2970443903038995,0.2179350074569576,0,0,kognition,kognition,"versteht die Grundlagen des aktuellen Themas größtenteils | wendet meistens die in der Nachhilfe gelernten Lernstrategien auch außerhalb der Nachhilfestunde an | hält seine Lernmaterialien und Notizen ordentlich und übersichtlich (strukturiert) | ist interessiert daran, neue Themen zu erkunden und zu lernen | versucht sich meistens erneut an Aufgaben, mit denen es kurz zuvor Probleme gab",0.10461360705059003,0.307412567383713,0.34155341355036195,-0.027850338991879997,-0.030703369176759976,-0.20812142117265,-0.41076626652283404
2026-01-07,23,4,14,2085,3804,Exponentialgleichung/-funktion: Exponentielles wachstum,"aktivierungsfragen, regelhinweise, metakognition",0.5298376647954255,1.9202113012048998,0.1403649698578916,1,0,kognition,regulation,"nutz zielgerichtet die im Nachhilfeunterricht vorhandene Hilfsmittel wie Lehrbücher, Arbeitsblätter, Kira oder Tipps des Nachhilfelehrers zum Lösen der Aufgaben | das selbstständige Lernverhalten hat sich in den letzten Wochen verbessert | zeigt überwiegend Geduld mit sich selbst und den eigenen Lernfortschritten | stellt regelmäßig Fragen im Nachhilfeunterricht | erreicht in der Regel vereinbarte Lernziele, die während des Nachhilfeunterrichts für ihn festgelegt wurden | Eigene Aufgaben zur Exponentielleswachstum",-0.17120395855033999,-0.045414432049359965,-0.2625470664878,0.009444102483950001,0.06265905429045998,0.14837633732036,0.39292853958441404
2026-01-07,23,4,14,2085,3805,Exponentialgleichung/-funktion: Exponentielles wachstum,"aktivierungsfragen, regelhinweise, metakognition",0.20143502953575287,-0.2886101787299,0.020288138826841218,0,0,regulation,regulation,"nutz zielgerichtet die im Nachhilfeunterricht vorhandene Hilfsmittel wie Lehrbücher, Arbeitsblätter, Kira oder Tipps des Nachhilfelehrers zum Lösen der Aufgaben | das selbstständige Lernverhalten hat sich in den letzten Wochen verbessert | zeigt überwiegend Geduld mit sich selbst und den eigenen Lernfortschritten | stellt regelmäßig Fragen im Nachhilfeunterricht | erreicht in der Regel vereinbarte Lernziele, die während des Nachhilfeunterrichts für ihn festgelegt wurden | Eigene Aufgaben zur Exponentielleswachstum",0.017395258850639972,-0.12185235421178003,0.08544541812953002,-0.09659621597936002,-0.020976906879439983,0.015801309092379978,0.09002232753329997
2026-01-07,23,4,14,2085,3806,Exponentialgleichung/-funktion: Exponentielles wachstum,"aktivierungsfragen, regelhinweise, metakognition",0.4811262916300179,-0.7397941129642001,0.11574193902505137,1,0,regulation,kognition,"nutz zielgerichtet die im Nachhilfeunterricht vorhandene Hilfsmittel wie Lehrbücher, Arbeitsblätter, Kira oder Tipps des Nachhilfelehrers zum Lösen der Aufgaben | das selbstständige Lernverhalten hat sich in den letzten Wochen verbessert | zeigt überwiegend Geduld mit sich selbst und den eigenen Lernfortschritten | stellt regelmäßig Fragen im Nachhilfeunterricht | erreicht in der Regel vereinbarte Lernziele, die während des Nachhilfeunterrichts für ihn festgelegt wurden | Eigene Aufgaben zur Exponentielleswachstum",0.16358237771268003,0.05695384258712999,0.13504882469857998,0.05645312109537998,-0.01880196913718002,-0.026914406921900003,-0.42305618390092
2026-01-07,23,4,14,2085,3807,Exponentialgleichung/-funktion: Exponentielles wachstum,"aktivierungsfragen, regelhinweise, metakognition",0.5195676918297052,1.2588601136045003,0.13497604887648829,1,0,kognition,regulation,"nutz zielgerichtet die im Nachhilfeunterricht vorhandene Hilfsmittel wie Lehrbücher, Arbeitsblätter, Kira oder Tipps des Nachhilfelehrers zum Lösen der Aufgaben | das selbstständige Lernverhalten hat sich in den letzten Wochen verbessert | zeigt überwiegend Geduld mit sich selbst und den eigenen Lernfortschritten | stellt regelmäßig Fragen im Nachhilfeunterricht | erreicht in der Regel vereinbarte Lernziele, die während des Nachhilfeunterrichts für ihn festgelegt wurden | Eigene Aufgaben zur Exponentielleswachstum",-0.19768014929273003,0.001917913862840015,-0.26671703216705,0.06408492299896001,0.016228410567020013,0.013498079900929993,0.39392772750968
2026-01-07,23,4,14,2085,3808,Exponentialgleichung/-funktion: Exponentielles wachstum,"aktivierungsfragen, regelhinweise, metakognition",0.17181684973977232,-0.8341546611554,0.014760591652800858,1,0,regulation,performanz,"nutz zielgerichtet die im Nachhilfeunterricht vorhandene Hilfsmittel wie Lehrbücher, Arbeitsblätter, Kira oder Tipps des Nachhilfelehrers zum Lösen der Aufgaben | das selbstständige Lernverhalten hat sich in den letzten Wochen verbessert | zeigt überwiegend Geduld mit sich selbst und den eigenen Lernfortschritten | stellt regelmäßig Fragen im Nachhilfeunterricht | erreicht in der Regel vereinbarte Lernziele, die während des Nachhilfeunterrichts für ihn festgelegt wurden | Eigene Aufgaben zur Exponentielleswachstum",-0.08495986654325,-0.06841052033973,0.06990183596449999,0.03648321920334002,-0.0025260105586599746,0.09676843209931002,-0.04511152295536003
2026-01-07,23,4,22,1870,3550,Weitere Themen: Mathe Aufgaben - Differenzialrechnung,metakognition,0.22525489777544022,-1.1505605792475002,0.0253700164693611,1,0,performanz,motivation,"kann erlerntes Wissen bei unangekündigten Tests zuverlässig abrufen | die Lernfortschritte des Schülers im Rahmen der Nachhilfe haben sich verbessert | verhält sich offen, wenn die Lehrkraft über Rückschläge sprechen will (bzw. wenn er selbst darüber sprechen soll) | ist offen für alternative Lösungsansätze | nimmt konstruktive Kritik meist an",-0.021081036963480015,0.12756605143982,0.055197799893550004,0.1123987877439,-0.08645448130795003,-0.08007623179236001,-0.06674875681796999
2026-01-07,23,4,22,1870,3551,Weitere Themen: Mathe Aufgaben - Differenzialrechnung,metakognition,0.29382070237942703,-0.7271850755842997,0.04316559566176492,0,0,motivation,motivation,"kann erlerntes Wissen bei unangekündigten Tests zuverlässig abrufen | die Lernfortschritte des Schülers im Rahmen der Nachhilfe haben sich verbessert | verhält sich offen, wenn die Lehrkraft über Rückschläge sprechen will (bzw. wenn er selbst darüber sprechen soll) | ist offen für alternative Lösungsansätze | nimmt konstruktive Kritik meist an",-0.0006690692617800087,0.11382259044602999,-0.260584417123838,-0.05355743807107999,0.012723278403510008,0.02660383292717,0.04162081254564998
2026-01-14,23,4,22,1868,3538,Weitere Themen: Mathe-Differentialrechnung,"lob, regelhinweise, metakognition",0.38722698754947765,0.7128426905265997,0.07497287995935231,1,0,motivation,performanz,"erkennt und korrigiert eigene Fehler meist selbstständig | erledigt seine Hausaufgaben, die er durch die Nachhilfe erhält, zuverlässig | erstellt regelmäßig einen Lernplan für seine Lernaktivitäten | kann sich gut an früher Gelerntes erinnern und es nutzen | kann effektiv von einer Aufgabe zur anderen wechseln",0.03181523324293001,-0.30362186249789,0.209575573396648,-0.06334762418942996,0.04866513030892,0.04510911255882,0.06639522599439002
2026-01-14,23,4,22,1868,3540,Weitere Themen: Mathe-Differentialrechnung,"lob, regelhinweise, metakognition",0.1463055628629275,-0.7663381424908997,0.010702732516582047,0,0,performanz,performanz,"erkennt und korrigiert eigene Fehler meist selbstständig | erledigt seine Hausaufgaben, die er durch die Nachhilfe erhält, zuverlässig | erstellt regelmäßig einen Lernplan für seine Lernaktivitäten | kann sich gut an früher Gelerntes erinnern und es nutzen | kann effektiv von einer Aufgabe zur anderen wechseln",-0.036077372442730016,0.04035599659905001,0.05641748088404003,-0.10161158843859003,-0.0006574934219800155,0.07011422903754999,-0.007130918266230024
2026-01-14,23,4,22,1868,3541,Weitere Themen: Mathe-Differentialrechnung,"lob, regelhinweise, metakognition",0.23295092409984347,1.6427814449906002,0.02713323635037601,0,0,performanz,performanz,"erkennt und korrigiert eigene Fehler meist selbstständig | erledigt seine Hausaufgaben, die er durch die Nachhilfe erhält, zuverlässig | erstellt regelmäßig einen Lernplan für seine Lernaktivitäten | kann sich gut an früher Gelerntes erinnern und es nutzen | kann effektiv von einer Aufgabe zur anderen wechseln",0.06770905583308001,-0.11290526294533201,-0.15714781005143003,0.06990501882957001,0.06029053990608002,-0.012201841871509966,-0.05973305941990997
2026-01-14,23,4,22,1868,3542,Weitere Themen: Mathe-Differentialrechnung,"lob, regelhinweise, metakognition",0.10394151652253625,-1.2066338875211002,0.005401950196207594,0,0,performanz,performanz,"erkennt und korrigiert eigene Fehler meist selbstständig | erledigt seine Hausaufgaben, die er durch die Nachhilfe erhält, zuverlässig | erstellt regelmäßig einen Lernplan für seine Lernaktivitäten | kann sich gut an früher Gelerntes erinnern und es nutzen | kann effektiv von einer Aufgabe zur anderen wechseln",0.018654328294710032,-0.014066451787821,0.03824929326952001,-0.039646071383640014,-0.0025498638768899906,0.04693934914445996,-0.07080512771903003
2026-01-21,23,4,22,1867,3533,Weitere Themen: Differentialrechnung,metakognition,0.26711624136604045,0.5758335530658001,0.035675761293362473,1,0,performanz,regulation,müssen ab und zu an grundlegende Vorgehensweisen des Faches PHY erinnert werden | die Einstellung des Schülers zum Lernen hat sich in letzter Zeit verbessert | zeigt überwiegend Geduld mit sich selbst und den eigenen Lernfortschritten | kommuniziert seine Gedanken zu seinen Lösungen verständlich und nachvollziehbar | kann bereits erlerntes Wissen schnell aus dem Gedächtnis wieder abrufen,-0.050689096662650035,0.028055277564808,-0.145754394753308,0.05202893612609,0.019205761968559998,-0.11538200276867,0.17424517681069002
2026-01-21,23,4,22,1867,3534,Weitere Themen: Differentialrechnung,metakognition,0.30193290673331347,0.5906762571040001,0.04558197641122541,1,0,regulation,kognition,müssen ab und zu an grundlegende Vorgehensweisen des Faches PHY erinnert werden | die Einstellung des Schülers zum Lernen hat sich in letzter Zeit verbessert | zeigt überwiegend Geduld mit sich selbst und den eigenen Lernfortschritten | kommuniziert seine Gedanken zu seinen Lösungen verständlich und nachvollziehbar | kann bereits erlerntes Wissen schnell aus dem Gedächtnis wieder abrufen,0.03461184945508,0.15399569364007498,0.236660146080778,-0.010056875440200008,-0.03871531336515999,-0.027998427061889986,-0.08865028760552002
2026-01-21,23,4,22,1867,3535,Weitere Themen: Differentialrechnung,metakognition,0.33632533672476544,-1.1248166381651004,0.05655768691977092,0,0,kognition,kognition,müssen ab und zu an grundlegende Vorgehensweisen des Faches PHY erinnert werden | die Einstellung des Schülers zum Lernen hat sich in letzter Zeit verbessert | zeigt überwiegend Geduld mit sich selbst und den eigenen Lernfortschritten | kommuniziert seine Gedanken zu seinen Lösungen verständlich und nachvollziehbar | kann bereits erlerntes Wissen schnell aus dem Gedächtnis wieder abrufen,0.12180560223938003,0.05411686692992998,0.09636134862190998,-0.01963361359172,-0.015274252092510043,-0.04899967713518999,-0.28817396251669997
2026-01-21,23,4,22,1867,3536,Weitere Themen: Differentialrechnung,metakognition,0.36704090681625917,0.8433069358668002,0.06735990744230469,0,0,kognition,kognition,müssen ab und zu an grundlegende Vorgehensweisen des Faches PHY erinnert werden | die Einstellung des Schülers zum Lernen hat sich in letzter Zeit verbessert | zeigt überwiegend Geduld mit sich selbst und den eigenen Lernfortschritten | kommuniziert seine Gedanken zu seinen Lösungen verständlich und nachvollziehbar | kann bereits erlerntes Wissen schnell aus dem Gedächtnis wieder abrufen,-0.07958937781537001,0.010226575065340027,-0.25805828843554,0.006902393064360024,0.09519949887962004,0.021143224135570016,0.22831616588367998
2026-01-21,23,4,22,1867,3537,Weitere Themen: Differentialrechnung,metakognition,0.27459627434629463,0.09710229483169996,0.03770174823470718,1,0,kognition,performanz,müssen ab und zu an grundlegende Vorgehensweisen des Faches PHY erinnert werden | die Einstellung des Schülers zum Lernen hat sich in letzter Zeit verbessert | zeigt überwiegend Geduld mit sich selbst und den eigenen Lernfortschritten | kommuniziert seine Gedanken zu seinen Lösungen verständlich und nachvollziehbar | kann bereits erlerntes Wissen schnell aus dem Gedächtnis wieder abrufen,-0.014958103493320052,-0.234301215012537,0.022325399675869995,-0.004635746972770027,-0.06473338470498002,0.11741161626310997,0.04226697669382001
2026-01-28,23,4,22,1865,3524,Weitere Themen: Mathe- Gleichungssysteme lösen,"lob, strukturierung, metakognition",0.13614253658280606,-0.4862708118737,0.009267444797829594,1,0,performanz,kognition,"hat sich stark in den zuvor als herausfordernd eingeschätzten Bereichen verbessert | ist meistens in der Lage, auch komplexere Sachverhalte zu verstehen | kann seinen Lösungsweg sicher erklären | nutzt sehr effektiv die für die Nachhilfestunde vorgesehene Lernzeit | ist offen für alternative Lösungsansätze",0.08584590595723007,0.0037433430456019975,-0.0325240737565,-0.05454654835400996,0.0017832894219599882,-0.07853833731139997,0.030767941441860014
2026-01-28,23,4,22,1865,3526,Weitere Themen: Mathe- Gleichungssysteme lösen,"lob, strukturierung, metakognition",0.3185046645690331,0.45839332797639987,0.05072288339430986,1,0,kognition,performanz,"hat sich stark in den zuvor als herausfordernd eingeschätzten Bereichen verbessert | ist meistens in der Lage, auch komplexere Sachverhalte zu verstehen | kann seinen Lösungsweg sicher erklären | nutzt sehr effektiv die für die Nachhilfestunde vorgesehene Lernzeit | ist offen für alternative Lösungsansätze",-0.19466015007836002,0.175944722237265,0.061163268309769994,0.11670571151299997,-0.02478166763588996,0.10787523962181994,-0.054623577109019994
2026-01-28,23,4,22,1865,3527,Weitere Themen: Mathe- Gleichungssysteme lösen,"lob, strukturierung, metakognition",0.2841687850294312,-1.3368770243110997,0.04037620481740789,1,0,performanz,motivation,"hat sich stark in den zuvor als herausfordernd eingeschätzten Bereichen verbessert | ist meistens in der Lage, auch komplexere Sachverhalte zu verstehen | kann seinen Lösungsweg sicher erklären | nutzt sehr effektiv die für die Nachhilfestunde vorgesehene Lernzeit | ist offen für alternative Lösungsansätze",0.015532125470019975,0.19845631716151,-0.127267943241758,0.047936008837340005,-0.07843224538773003,-0.12547248461266997,0.02712544581196996
2025-12-18,23,5,9,1403,2358,Weitere Themen: Diagramme,emotionale_stuetzung,0.30913066116217547,1.2694627853353002,0.047781167597124585,1,0,performanz,regulation,"ist sicher darin, das im Nachhilfefach Erlernte auf neue Aufgaben anzuwenden noch unsicher | erledigt seine Hausaufgaben, die er durch die Nachhilfe erhält, zuverlässig | bleibt meistens motiviert, auch wenn Themen oder Aufgaben als schwierig empfunden werden | kann seine Aufmerksamkeit während des Lernens lange aufrechterhalten | ergreift oft die Möglichkeit, Hilfsmittel (z.B. Taschenrechner, Tafelwerk, Wörterbuch) zu nutzen",-0.09365793475582002,0.168008560268719,0.055298011851850015,0.10077252313131996,0.011210823908740009,-0.16107168934506005,0.13885365457944004
2025-12-18,23,5,9,1403,2359,Weitere Themen: Diagramme,emotionale_stuetzung,0.23838306289990846,-0.7407118452186006,0.028413395942511577,1,0,regulation,kognition,"ist sicher darin, das im Nachhilfefach Erlernte auf neue Aufgaben anzuwenden noch unsicher | erledigt seine Hausaufgaben, die er durch die Nachhilfe erhält, zuverlässig | bleibt meistens motiviert, auch wenn Themen oder Aufgaben als schwierig empfunden werden | kann seine Aufmerksamkeit während des Lernens lange aufrechterhalten | ergreift oft die Möglichkeit, Hilfsmittel (z.B. Taschenrechner, Tafelwerk, Wörterbuch) zu nutzen",0.09911582534361002,-0.16861079078393698,-0.07001205953763001,-0.10568713215858999,0.04987062544513998,-0.003785643565459962,0.0002651624220499915
2025-12-18,23,5,9,1403,2360,Weitere Themen: Diagramme,emotionale_stuetzung,0.2843709381039048,0.9964610461704004,0.04043362803225492,0,0,kognition,kognition,"ist sicher darin, das im Nachhilfefach Erlernte auf neue Aufgaben anzuwenden noch unsicher | erledigt seine Hausaufgaben, die er durch die Nachhilfe erhält, zuverlässig | bleibt meistens motiviert, auch wenn Themen oder Aufgaben als schwierig empfunden werden | kann seine Aufmerksamkeit während des Lernens lange aufrechterhalten | ergreift oft die Möglichkeit, Hilfsmittel (z.B. Taschenrechner, Tafelwerk, Wörterbuch) zu nutzen",-0.03380884963219,0.170027039346697,0.12105368170248001,0.07574562504583005,0.02988962360870001,0.00452462110905999,-0.17178283573361003
2026-01-08,23,5,9,1400,2341,Weitere Themen: Mathe Aufgabe zur Gleichungen,metakognition,0.2986543237685163,-1.0884594516022004,0.044597441004480376,1,0,kognition,regulation,"konnte durch die Nachhilfe seine Strategien zur Bewältigung von alltäglichem Schulstress verbessern | das selbstständige Lernverhalten hat sich in den letzten Wochen etwas verbessert | dem Schüler gelingt es selten, Flüchtigkeitsfehler zu vermeiden | fragt selten selbst nach neuen Aufgaben, wenn er eine Aufgabe beendet hat | ist selten in der Lage, Aufgaben ohne Hilfe zu bearbeiten | Hat kein Material dabei | Ich habe die Aufgaben gegeben",-0.07673045782148002,0.03526526729717999,-0.001351046775010023,-0.09104428236446005,-0.06667839601425002,-0.06057768481913001,0.25623553968734997
2026-01-08,23,5,9,1400,2342,Weitere Themen: Mathe Aufgabe zur Gleichungen,metakognition,0.3993492459909625,-1.3211630902010998,0.07974056204514812,1,0,regulation,performanz,"konnte durch die Nachhilfe seine Strategien zur Bewältigung von alltäglichem Schulstress verbessern | das selbstständige Lernverhalten hat sich in den letzten Wochen etwas verbessert | dem Schüler gelingt es selten, Flüchtigkeitsfehler zu vermeiden | fragt selten selbst nach neuen Aufgaben, wenn er eine Aufgabe beendet hat | ist selten in der Lage, Aufgaben ohne Hilfe zu bearbeiten | Hat kein Material dabei | Ich habe die Aufgaben gegeben",-0.21569090388322,-0.07983827424927001,0.030905754102560024,0.09200390808600001,-0.143107469885,0.26885917434766,-0.06631904638149994
2026-01-08,23,5,9,1400,2343,Weitere Themen: Mathe Aufgabe zur Gleichungen,metakognition,0.44566908211166545,1.709731942236,0.09931124509830835,1,0,performanz,kognition,"konnte durch die Nachhilfe seine Strategien zur Bewältigung von alltäglichem Schulstress verbessern | das selbstständige Lernverhalten hat sich in den letzten Wochen etwas verbessert | dem Schüler gelingt es selten, Flüchtigkeitsfehler zu vermeiden | fragt selten selbst nach neuen Aufgaben, wenn er eine Aufgabe beendet hat | ist selten in der Lage, Aufgaben ohne Hilfe zu bearbeiten | Hat kein Material dabei | Ich habe die Aufgaben gegeben",0.32007317285278003,-0.11502784213124699,-0.15335880030317,-0.03183632853811996,0.16578884603607003,-0.15067440337262,-0.09067248512066
2026-01-08,23,5,9,1400,2344,Weitere Themen: Mathe Aufgabe zur Gleichungen,metakognition,0.32560221167926584,-0.9289744940068001,0.053008738780085496,0,0,kognition,kognition,"konnte durch die Nachhilfe seine Strategien zur Bewältigung von alltäglichem Schulstress verbessern | das selbstständige Lernverhalten hat sich in den letzten Wochen etwas verbessert | dem Schüler gelingt es selten, Flüchtigkeitsfehler zu vermeiden | fragt selten selbst nach neuen Aufgaben, wenn er eine Aufgabe beendet hat | ist selten in der Lage, Aufgaben ohne Hilfe zu bearbeiten | Hat kein Material dabei | Ich habe die Aufgaben gegeben",0.15110424232771003,-0.020512816169563998,0.014222725997109997,-0.16145643471352003,0.09047325168531001,-0.07804240497467996,-0.20546785657094
2026-01-15,23,5,9,1398,2331,Weitere Themen: Aufgaben zum Taschenrechner,"lob, metakognition, emotionale_stuetzung",0.4150261228677016,2.3801900975302,0.08612382481329928,1,0,kognition,methodik,"wirkt sich gut auf den Lernstand des Schülers aus | hat zuletzt deutlich von der individuellen Unterstützung beim Erlernen neuer Lernstrategien profitiert | nutzt effektiv die für die Nachhilfestunde vorgesehene Lernzeit | reagiert interessiert auf neue Herausforderungen | offen für neue Strategien oder Herangehensweisen beim Lernen, besonders nach Misserfolgen",-0.24252690084779005,0.043604552059021,-0.064058664438865,0.20345795601154001,-0.022717101969040032,0.04510255888153997,0.25194655817032996
2026-01-15,23,5,9,1398,2332,Weitere Themen: Aufgaben zum Taschenrechner,"lob, metakognition, emotionale_stuetzung",0.24436059038667432,-1.3854953231896001,0.029856187533164324,1,0,methodik,performanz,"wirkt sich gut auf den Lernstand des Schülers aus | hat zuletzt deutlich von der individuellen Unterstützung beim Erlernen neuer Lernstrategien profitiert | nutzt effektiv die für die Nachhilfestunde vorgesehene Lernzeit | reagiert interessiert auf neue Herausforderungen | offen für neue Strategien oder Herangehensweisen beim Lernen, besonders nach Misserfolgen",-0.04681203558797997,0.17847301147994002,0.032897691856645,0.05496083545070002,-0.09412556644817999,0.08341213869514996,-0.07581528162376999
2026-01-15,23,5,9,1398,2333,Weitere Themen: Aufgaben zum Taschenrechner,"lob, metakognition, emotionale_stuetzung",0.27905250974133095,-0.6152356213512,0.03893538110513961,1,0,performanz,kognition,"wirkt sich gut auf den Lernstand des Schülers aus | hat zuletzt deutlich von der individuellen Unterstützung beim Erlernen neuer Lernstrategien profitiert | nutzt effektiv die für die Nachhilfestunde vorgesehene Lernzeit | reagiert interessiert auf neue Herausforderungen | offen für neue Strategien oder Herangehensweisen beim Lernen, besonders nach Misserfolgen",0.11301773752122002,-0.180784829276411,-0.027526549203219994,-0.07984575838314001,0.04599961536211,-0.11407310915512997,0.10075934107279
2026-01-15,23,5,9,1398,2334,Weitere Themen: Aufgaben zum Taschenrechner,"lob, metakognition, emotionale_stuetzung",0.2282182974048016,1.2276924464891001,0.02604193928600862,0,0,kognition,kognition,"wirkt sich gut auf den Lernstand des Schülers aus | hat zuletzt deutlich von der individuellen Unterstützung beim Erlernen neuer Lernstrategien profitiert | nutzt effektiv die für die Nachhilfestunde vorgesehene Lernzeit | reagiert interessiert auf neue Herausforderungen | offen für neue Strategien oder Herangehensweisen beim Lernen, besonders nach Misserfolgen",-0.02807818568233006,0.20687716112149102,-0.051450102506883005,0.019689033708150006,-0.02777813190895001,0.03631966791876001,-0.0580649031605
2026-01-22,23,5,9,1395,2321,Weitere Themen: CAS Aufgabe,"lob, strukturierung, metakognition",0.3207162039308822,-1.5034984921915,0.05142974148577062,1,0,kognition,performanz,"ist sicher darin, das im Nachhilfefach Erlernte auf neue Aufgaben anzuwenden noch unsicher | ist selten in der Lage, auch komplexere Sachverhalte zu verstehen | schwieriger werdende Aufgaben stressen den Schüler gar nicht | kann gut Kerninformationen aus (Sach-)Texten entnehmen | kann den eigenen Lösungsweg nur selten nachvollziehbar mündlich erklären | Hat ständig mit Ida gequatscht",0.05399429016549001,-0.23748103896261902,0.11337935725413299,-0.07675994527571,-0.038826119820649985,0.13000677427991003,-0.07993784734098003
2026-01-22,23,5,9,1395,2322,Weitere Themen: CAS Aufgabe,"lob, strukturierung, metakognition",0.17797406923884904,-0.08864568966300013,0.01583749810392099,1,0,performanz,kognition,"ist sicher darin, das im Nachhilfefach Erlernte auf neue Aufgaben anzuwenden noch unsicher | ist selten in der Lage, auch komplexere Sachverhalte zu verstehen | schwieriger werdende Aufgaben stressen den Schüler gar nicht | kann gut Kerninformationen aus (Sach-)Texten entnehmen | kann den eigenen Lösungsweg nur selten nachvollziehbar mündlich erklären | Hat ständig mit Ida gequatscht",0.05449986008383001,0.00818531603339,-0.07135525048285699,0.008557074544709997,0.025174055229089998,-0.12809822344362004,0.08018635776357003
2026-01-22,23,5,9,1395,2323,Weitere Themen: CAS Aufgabe,"lob, strukturierung, metakognition",0.38989711300106167,-1.4761345712785001,0.0760107532908999,1,0,kognition,regulation,"ist sicher darin, das im Nachhilfefach Erlernte auf neue Aufgaben anzuwenden noch unsicher | ist selten in der Lage, auch komplexere Sachverhalte zu verstehen | schwieriger werdende Aufgaben stressen den Schüler gar nicht | kann gut Kerninformationen aus (Sach-)Texten entnehmen | kann den eigenen Lösungsweg nur selten nachvollziehbar mündlich erklären | Hat ständig mit Ida gequatscht",-0.27479351142077,0.043009754159992995,-0.06942951764438701,0.07495292650294999,0.011174488057649978,-0.07679368554054,0.24124242458731004
2026-01-22,23,5,9,1395,2324,Weitere Themen: CAS Aufgabe,"lob, strukturierung, metakognition",0.42287006408466304,1.2003593146679,0.08941060982368132,1,0,regulation,performanz,"ist sicher darin, das im Nachhilfefach Erlernte auf neue Aufgaben anzuwenden noch unsicher | ist selten in der Lage, auch komplexere Sachverhalte zu verstehen | schwieriger werdende Aufgaben stressen den Schüler gar nicht | kann gut Kerninformationen aus (Sach-)Texten entnehmen | kann den eigenen Lösungsweg nur selten nachvollziehbar mündlich erklären | Hat ständig mit Ida gequatscht",0.09633884492281003,-0.059088101737605994,0.133754930570354,0.0008514980517400073,-0.12940055405725998,0.26400057951299,-0.24842423073569003
2026-01-22,23,5,9,1395,2325,Weitere Themen: CAS Aufgabe,"lob, strukturierung, metakognition",0.3102939847858389,1.0254088751685,0.048141510804069476,1,0,performanz,kognition,"ist sicher darin, das im Nachhilfefach Erlernte auf neue Aufgaben anzuwenden noch unsicher | ist selten in der Lage, auch komplexere Sachverhalte zu verstehen | schwieriger werdende Aufgaben stressen den Schüler gar nicht | kann gut Kerninformationen aus (Sach-)Texten entnehmen | kann den eigenen Lösungsweg nur selten nachvollziehbar mündlich erklären | Hat ständig mit Ida gequatscht",0.12330929412255004,0.019121654076574002,-0.05743253325422,-0.05521057674284002,0.20196233873341002,-0.18052218801929,-0.03142907934436001
2026-01-29,23,5,9,1392,2313,Weitere Themen: Gleichungssysteme CAS,"lob, metakognition",0.22926737371982647,0.28527398036380003,0.02628190892259674,1,0,kognition,performanz,erinnert sich gut an den zuvor behandelten Stoff | das selbstständige Lernverhalten hat sich in den letzten Wochen verbessert | bittet aktiv um Feedback | kann sich gut auf seine zugeteilten Aufgaben konzentrieren | kann erlerntes Wissen gut auf neue oder andere Aufgabenstellungen anwenden,-0.11251191231103003,-0.0036989340253910027,0.016714483954099996,0.07925735586399002,-0.13091903490375,0.11923688306974001,0.04441380090532998
2026-01-29,23,5,9,1392,2314,Weitere Themen: Gleichungssysteme CAS,"lob, metakognition",0.30150903365201764,0.006895297104600129,0.04545408874788248,1,0,performanz,regulation,erinnert sich gut an den zuvor behandelten Stoff | das selbstständige Lernverhalten hat sich in den letzten Wochen verbessert | bittet aktiv um Feedback | kann sich gut auf seine zugeteilten Aufgaben konzentrieren | kann erlerntes Wissen gut auf neue oder andere Aufgabenstellungen anwenden,0.002529756739829969,0.16545505730729898,0.11568918592718001,-0.09854060202733,0.039120011178659986,-0.15775837666629,0.1183790650607
2026-01-29,23,5,9,1392,2315,Weitere Themen: Gleichungssysteme CAS,"lob, metakognition",0.2821596688036467,-1.0102346471024002,0.039807287559370574,1,0,regulation,performanz,erinnert sich gut an den zuvor behandelten Stoff | das selbstständige Lernverhalten hat sich in den letzten Wochen verbessert | bittet aktiv um Feedback | kann sich gut auf seine zugeteilten Aufgaben konzentrieren | kann erlerntes Wissen gut auf neue oder andere Aufgabenstellungen anwenden,0.04503341084491003,-0.184509538406679,-0.020515370551930007,0.015351716400190007,-0.020596651949319977,0.15066965071811,-0.14057090559449997
2026-01-29,23,5,9,1392,2316,Weitere Themen: Gleichungssysteme CAS,"lob, metakognition",0.1801933170618322,2.0847020544717,0.016234907524892095,0,0,performanz,performanz,erinnert sich gut an den zuvor behandelten Stoff | das selbstständige Lernverhalten hat sich in den letzten Wochen verbessert | bittet aktiv um Feedback | kann sich gut auf seine zugeteilten Aufgaben konzentrieren | kann erlerntes Wissen gut auf neue oder andere Aufgabenstellungen anwenden,-0.04649513610078004,0.042382122638999,-0.10427241917054,0.09098560001306,0.04680390152093,-0.06912693702643002,0.04890126873280998
2026-01-08,23,5,10,1092,1680,Weitere Themen: ABI Vorbereitung - Aufgaben von Herr Thiele,"lob, metakognition",0.3189129738987171,-1.6875696213893,0.050853061884176376,1,0,performanz,regulation,"kann sein Wissen in Testsituationen bzw. unter Druck gut anwenden | das Zeitmanagement des Schülers hat sich verbessert | versteht überwiegend, dass es trotz (kleinen) Erfolgen wichtig sein kann, weiter zu üben | kann seine Wissenslücken gut darstellen | gibt oft zu erkennen, wenn er ein Problem mit einer Aufgabenstellung hat",-0.14649456576466002,-0.029027410229539974,-0.13804632735810002,-0.03895290863892997,-0.06334958911241001,0.014223267270100037,0.23369348988937005
2026-01-08,23,5,10,1092,1681,Weitere Themen: ABI Vorbereitung - Aufgaben von Herr Thiele,"lob, metakognition",0.29484773269030684,0.4757141229392996,0.04346790685569213,1,0,regulation,motivation,"kann sein Wissen in Testsituationen bzw. unter Druck gut anwenden | das Zeitmanagement des Schülers hat sich verbessert | versteht überwiegend, dass es trotz (kleinen) Erfolgen wichtig sein kann, weiter zu üben | kann seine Wissenslücken gut darstellen | gibt oft zu erkennen, wenn er ein Problem mit einer Aufgabenstellung hat",0.13684452072173003,-0.10469649255666602,0.08928041061989,0.13692464969008994,-0.018466158120589993,-0.04203281673314002,-0.16858321083643002
2026-01-08,23,5,10,1092,1683,Weitere Themen: ABI Vorbereitung - Aufgaben von Herr Thiele,"lob, metakognition",0.43613744804307336,0.41942386972440016,0.09510852718560459,1,0,motivation,regulation,"kann sein Wissen in Testsituationen bzw. unter Druck gut anwenden | das Zeitmanagement des Schülers hat sich verbessert | versteht überwiegend, dass es trotz (kleinen) Erfolgen wichtig sein kann, weiter zu üben | kann seine Wissenslücken gut darstellen | gibt oft zu erkennen, wenn er ein Problem mit einer Aufgabenstellung hat",-0.08092996778740003,0.25768682152113603,-0.278834260377814,-0.05888694361315994,0.16582077393073996,-0.08838504801467001,0.027185533757900004
2026-01-22,23,5,10,1089,1666,Weitere Themen: ABI Vorbereitung,"lob, metakognition, emotionale_stuetzung",0.5797034118509127,0.23754718230979988,0.1680289668407846,1,0,regulation,kognition,"hat sich stark in den zuvor als herausfordernd eingeschätzten Bereichen verbessert | konnte in den letzten Wochen das Vertrauen in seine eigenen Fähigkeiten teilweise verbessern | braucht ab und zu Ermutigung nach Misserfolgen | ist bereit neue Lernwege oder -techniken auszuprobieren | strebt oftmals danach, Aufgaben selbstständig, also ohne Hilfe, zu lösen",0.26457844034321004,-0.12598684051322004,0.381537108267214,-0.19392731611793002,0.012677598319600025,0.004710368020949984,-0.25849629136021
2026-01-22,23,5,10,1089,1667,Weitere Themen: ABI Vorbereitung,"lob, metakognition, emotionale_stuetzung",1.901743043049048,-1.2560614840712998,1.808325663090724,1,1,kognition,performanz,"hat sich stark in den zuvor als herausfordernd eingeschätzten Bereichen verbessert | konnte in den letzten Wochen das Vertrauen in seine eigenen Fähigkeiten teilweise verbessern | braucht ab und zu Ermutigung nach Misserfolgen | ist bereit neue Lernwege oder -techniken auszuprobieren | strebt oftmals danach, Aufgaben selbstständig, also ohne Hilfe, zu lösen",-0.8308350712638201,-0.34628719351837,-0.62592641345867,-0.62723236832565,-0.72119482265849,-0.9542222025405,-0.76847808215809
2026-01-22,23,5,10,1089,1668,Weitere Themen: ABI Vorbereitung,"lob, metakognition, emotionale_stuetzung",1.966483693993762,0.0760950603092998,1.9335447529457817,1,1,performanz,motivation,"hat sich stark in den zuvor als herausfordernd eingeschätzten Bereichen verbessert | konnte in den letzten Wochen das Vertrauen in seine eigenen Fähigkeiten teilweise verbessern | braucht ab und zu Ermutigung nach Misserfolgen | ist bereit neue Lernwege oder -techniken auszuprobieren | strebt oftmals danach, Aufgaben selbstständig, also ohne Hilfe, zu lösen",0.53321799475446,0.50331217026729,0.62881671045885,0.92075956002869,0.46532175764235,1.01358901629696,0.91777878230241
2026-01-22,23,5,10,1089,1669,Weitere Themen: ABI Vorbereitung,"lob, metakognition, emotionale_stuetzung",0.24014230121983846,1.5550700165664,0.028834348685329636,1,0,motivation,kognition,"hat sich stark in den zuvor als herausfordernd eingeschätzten Bereichen verbessert | konnte in den letzten Wochen das Vertrauen in seine eigenen Fähigkeiten teilweise verbessern | braucht ab und zu Ermutigung nach Misserfolgen | ist bereit neue Lernwege oder -techniken auszuprobieren | strebt oftmals danach, Aufgaben selbstständig, also ohne Hilfe, zu lösen",0.10655180777394002,-0.05729627264770998,-0.020156558089690024,-0.13085347357889,0.15439474950124,-0.024498428726209998,0.03263961045503
2026-01-29,23,5,10,1909,3694,Prüfungsvorbereitung: Abi aufgaben,"lob, metakognition",1.958785807114479,0.9416794508383006,1.918429484039085,1,1,kognition,regulation,"müssen nie an grundlegende Vorgehensweisen des Faches MAT erinnert werden | das Zeitmanagement des Schülers hat sich verbessert | gibt stets zu erkennen, wenn er ein Problem mit einer Aufgabenstellung hat | kann sich im Nachhilfeunterricht sehr gut auf seine Aufgaben konzentrieren | ist immer dazu fähig, Aufgaben selbstständig zu beenden",-0.87761528051308,-0.318800476786763,-0.33989417402519395,-0.7977541033640301,-0.76897932839858,-0.8759997017232,-0.92431335036865
2026-01-29,23,5,10,1909,3695,Prüfungsvorbereitung: Abi aufgaben,"lob, metakognition",1.982969938920149,-2.4494682186162002,1.9660965319774881,0,1,regulation,regulation,"müssen nie an grundlegende Vorgehensweisen des Faches MAT erinnert werden | das Zeitmanagement des Schülers hat sich verbessert | gibt stets zu erkennen, wenn er ein Problem mit einer Aufgabenstellung hat | kann sich im Nachhilfeunterricht sehr gut auf seine Aufgaben konzentrieren | ist immer dazu fähig, Aufgaben selbstständig zu beenden",0.74818755597096,0.192068284234303,0.165177176605414,0.75096999528088,0.71042542978373,0.96683881341981,1.14226700820804
2026-01-29,23,5,10,1909,3696,Prüfungsvorbereitung: Abi aufgaben,"lob, metakognition",0.31772221929919564,1.2445066456441998,0.05047403526911953,0,0,regulation,regulation,"müssen nie an grundlegende Vorgehensweisen des Faches MAT erinnert werden | das Zeitmanagement des Schülers hat sich verbessert | gibt stets zu erkennen, wenn er ein Problem mit einer Aufgabenstellung hat | kann sich im Nachhilfeunterricht sehr gut auf seine Aufgaben konzentrieren | ist immer dazu fähig, Aufgaben selbstständig zu beenden",0.08233452436539002,0.13279678235101,-0.158201662664719,0.07998326381015997,0.11654487455898999,-0.08925145988760003,-0.15349211671452007
2026-01-29,23,5,10,1909,3697,Prüfungsvorbereitung: Abi aufgaben,"lob, metakognition",0.2495325263742912,0.04252893188599982,0.031133404045532775,1,0,regulation,performanz,"müssen nie an grundlegende Vorgehensweisen des Faches MAT erinnert werden | das Zeitmanagement des Schülers hat sich verbessert | gibt stets zu erkennen, wenn er ein Problem mit einer Aufgabenstellung hat | kann sich im Nachhilfeunterricht sehr gut auf seine Aufgaben konzentrieren | ist immer dazu fähig, Aufgaben selbstständig zu beenden",-0.0006975039311299946,-0.020794157992950035,0.191441020663249,-0.013887308191049996,-0.06831420242117997,0.12155318567675005,-0.07449207527232998
2026-01-29,23,5,10,1909,3698,Prüfungsvorbereitung: Abi aufgaben,"lob, metakognition",0.2476532840005313,-0.6240018333102997,0.03066624990103939,0,0,performanz,performanz,"müssen nie an grundlegende Vorgehensweisen des Faches MAT erinnert werden | das Zeitmanagement des Schülers hat sich verbessert | gibt stets zu erkennen, wenn er ein Problem mit einer Aufgabenstellung hat | kann sich im Nachhilfeunterricht sehr gut auf seine Aufgaben konzentrieren | ist immer dazu fähig, Aufgaben selbstständig zu beenden",0.024645165993250007,-0.15836383950380997,0.14047798956864,-0.10429071472202,-0.023280868956110035,0.06660099322705992,-0.00757293327352998
2026-01-08,23,5,15,1182,1866,Funktionen: Quadratische Funktionen,"metakognition, emotionale_stuetzung",0.31752857298081844,-2.0950508295813,0.050412480302771234,0,0,kognition,kognition,konnte durch die Nachhilfe seine Strategien zur Bewältigung von alltäglichem Schulstress verbessern | die Lernfortschritte des Schülers im Rahmen der Nachhilfe haben sich verbessert | lernt weitgehend aus gemachten Fehlern und erkennt Fehler und Korrekturen während des Unterrichts weitgehend als Chance zum Lernen | hat viel Vertrauen in die eigenen Fähigkeiten | nutzt effektiv die für die Nachhilfestunde vorgesehene Lernzeit | Hat ken Buch dabei | Keine Aufgaben dabei | Ich habe sie Aufgaben gedruckt,0.05130177554915999,0.11311249213963001,0.22325688402376,-0.04954230161525003,0.004328645338129988,-0.11908089160239999,-0.13748096151133
2026-01-08,23,5,15,1182,1867,Funktionen: Quadratische Funktionen,"metakognition, emotionale_stuetzung",0.35930305981712773,0.9275461527174,0.06454974801503355,1,0,kognition,performanz,konnte durch die Nachhilfe seine Strategien zur Bewältigung von alltäglichem Schulstress verbessern | die Lernfortschritte des Schülers im Rahmen der Nachhilfe haben sich verbessert | lernt weitgehend aus gemachten Fehlern und erkennt Fehler und Korrekturen während des Unterrichts weitgehend als Chance zum Lernen | hat viel Vertrauen in die eigenen Fähigkeiten | nutzt effektiv die für die Nachhilfestunde vorgesehene Lernzeit | Hat ken Buch dabei | Keine Aufgaben dabei | Ich habe sie Aufgaben gedruckt,-0.11743669478218999,-0.04445095673237001,-0.25877819844152,0.08187016431786004,-0.01009332366122001,0.17846651688364995,0.08780872014201002
2026-01-15,23,5,15,1180,1858,Weitere Themen: Ethik Aufgaben,lob,0.22341324363523668,0.0552202422050998,0.024956871619919774,0,0,performanz,performanz,"erinnert sich gut an den zuvor behandelten Stoff | erledigt seine Hausaufgaben, die er durch die Nachhilfe erhält, zuverlässig | Erfolge fördern die Motivation normalerweise | kann bereits erlerntes Wissen schnell aus dem Gedächtnis wieder abrufen | kommuniziert seine Gedanken zu seinen Lösungen verständlich und nachvollziehbar",0.025776417401770002,-0.203859018610579,-0.01334518131298,-0.028508391730150018,-0.04261334330834998,0.05007669862282005,0.048745863747469975
2026-01-15,23,5,15,1180,1860,Weitere Themen: Ethik Aufgaben,lob,0.30403413742277496,-0.5989224950712,0.046218645655422,0,0,performanz,performanz,"erinnert sich gut an den zuvor behandelten Stoff | erledigt seine Hausaufgaben, die er durch die Nachhilfe erhält, zuverlässig | Erfolge fördern die Motivation normalerweise | kann bereits erlerntes Wissen schnell aus dem Gedächtnis wieder abrufen | kommuniziert seine Gedanken zu seinen Lösungen verständlich und nachvollziehbar",-0.07699728791202004,0.184327397690819,0.18642432158878003,0.06577575990111001,-0.09847477314133002,-0.01550895550035003,-0.05927307919099001
2026-01-15,23,5,15,1180,1861,Weitere Themen: Ethik Aufgaben,lob,0.3479201141312548,0.8064329099101002,0.060524544622194254,0,0,performanz,performanz,"erinnert sich gut an den zuvor behandelten Stoff | erledigt seine Hausaufgaben, die er durch die Nachhilfe erhält, zuverlässig | Erfolge fördern die Motivation normalerweise | kann bereits erlerntes Wissen schnell aus dem Gedächtnis wieder abrufen | kommuniziert seine Gedanken zu seinen Lösungen verständlich und nachvollziehbar",0.14856194105583997,-0.185993137743587,-0.17141919972269,-0.10559659474147004,0.14925892935745,-0.030608987689159983,0.025179102928270025
2026-01-15,23,5,15,1180,1862,Weitere Themen: Ethik Aufgaben,lob,0.27459627434629463,-0.09710229483169996,0.03770174823470718,1,0,performanz,kognition,"erinnert sich gut an den zuvor behandelten Stoff | erledigt seine Hausaufgaben, die er durch die Nachhilfe erhält, zuverlässig | Erfolge fördern die Motivation normalerweise | kann bereits erlerntes Wissen schnell aus dem Gedächtnis wieder abrufen | kommuniziert seine Gedanken zu seinen Lösungen verständlich und nachvollziehbar",0.014958103493320052,0.234301215012537,-0.022325399675869995,0.004635746972770027,0.06473338470498002,-0.11741161626310997,-0.04226697669382001
2026-01-22,23,5,15,1178,1854,Weitere Themen: Satz des Pythagoras/Exponentielles Wachstum,metakognition,0.308821927723472,-0.6199174945810002,0.04768575963906696,1,0,kognition,regulation,"konnte durch die Nachhilfe seine Noten im Unterricht etwas verbessern | das selbstständige Lernverhalten hat sich in den letzten Wochen etwas verbessert | dem Schüler gelingt es selten, Flüchtigkeitsfehler zu vermeiden | reagiert zögerlich auf Aufgaben, die vom bisherigen Aufgabenmuster abweichen | bleibt noch unmotiviert, wenn Themen oder Aufgaben als schwierig empfunden werden | Hat mit Lia ständig gequatscht",-0.07844674890041003,-0.035475087338070005,0.16005675190847998,-0.09343645669886003,-0.06921615703191003,-0.05520420274725002,0.21394320073560996
2026-01-22,23,5,15,1178,1855,Weitere Themen: Satz des Pythagoras/Exponentielles Wachstum,metakognition,0.3993492459909625,-1.3211630902010998,0.07974056204514812,1,0,regulation,performanz,"konnte durch die Nachhilfe seine Noten im Unterricht etwas verbessern | das selbstständige Lernverhalten hat sich in den letzten Wochen etwas verbessert | dem Schüler gelingt es selten, Flüchtigkeitsfehler zu vermeiden | reagiert zögerlich auf Aufgaben, die vom bisherigen Aufgabenmuster abweichen | bleibt noch unmotiviert, wenn Themen oder Aufgaben als schwierig empfunden werden | Hat mit Lia ständig gequatscht",-0.21569090388322,-0.07983827424927001,0.030905754102560024,0.09200390808600001,-0.143107469885,0.26885917434766,-0.06631904638149994
2026-01-22,23,5,15,1178,1856,Weitere Themen: Satz des Pythagoras/Exponentielles Wachstum,metakognition,0.5185219138223099,1.8687029073638,0.13443352776750128,1,0,performanz,regulation,"konnte durch die Nachhilfe seine Noten im Unterricht etwas verbessern | das selbstständige Lernverhalten hat sich in den letzten Wochen etwas verbessert | dem Schüler gelingt es selten, Flüchtigkeitsfehler zu vermeiden | reagiert zögerlich auf Aufgaben, die vom bisherigen Aufgabenmuster abweichen | bleibt noch unmotiviert, wenn Themen oder Aufgaben als schwierig empfunden werden | Hat mit Lia ständig gequatscht",0.24677956868873002,-0.18710107451441899,-0.274462707904277,-0.03417998467045996,0.22798738302195004,-0.21050562137101997,0.013003640993480003
2026-01-22,23,5,15,1178,1857,Weitere Themen: Satz des Pythagoras/Exponentielles Wachstum,metakognition,0.28307703653174787,0.6524668428122999,0.04006649870713008,0,0,regulation,regulation,"konnte durch die Nachhilfe seine Noten im Unterricht etwas verbessern | das selbstständige Lernverhalten hat sich in den letzten Wochen etwas verbessert | dem Schüler gelingt es selten, Flüchtigkeitsfehler zu vermeiden | reagiert zögerlich auf Aufgaben, die vom bisherigen Aufgabenmuster abweichen | bleibt noch unmotiviert, wenn Themen oder Aufgaben als schwierig empfunden werden | Hat mit Lia ständig gequatscht",-0.03600850576650999,0.210071818782339,0.16353254578672702,0.05586930455712996,-0.06849004520769003,-0.0004910361338700264,-0.012264866298429988
2026-01-29,23,5,15,1176,1848,Funktionen: Graph aus eine Funktion schreiben,emotionale_stuetzung,0.3729682827427398,-0.4643158025770999,0.06955299889435207,1,0,regulation,kognition,"seit Beginn der Nachhilfe hat sich die Fähigkeit des Schülers verbessert, seine schulischen Aufgaben und Lernzeiten besser zu organisieren | die Einstellung des Schülers zum Lernen hat sich in letzter Zeit verbessert | braucht ab und zu Ermutigung nach Misserfolgen | schwierige Aufgaben können die Motivation des Schülers meistens fördern | muss selten an formale Vorgehensweisen erinnert werden",0.19317818927443997,-0.160302359298445,-0.020103057130560015,-0.17281530161105,0.0670653738677,0.04221833221738003,-0.19884986145312
2026-01-29,23,5,15,1176,1849,Funktionen: Graph aus eine Funktion schreiben,emotionale_stuetzung,0.34289918584550566,0.1657363394814002,0.05879021325285294,0,0,kognition,kognition,"seit Beginn der Nachhilfe hat sich die Fähigkeit des Schülers verbessert, seine schulischen Aufgaben und Lernzeiten besser zu organisieren | die Einstellung des Schülers zum Lernen hat sich in letzter Zeit verbessert | braucht ab und zu Ermutigung nach Misserfolgen | schwierige Aufgaben können die Motivation des Schülers meistens fördern | muss selten an formale Vorgehensweisen erinnert werden",-0.15202782383704,0.188301534622595,0.10176765305070001,0.1652897508646,-0.09416433155215997,-0.01702019331328003,0.11034472903697995
2026-01-29,23,5,15,1176,1850,Funktionen: Graph aus eine Funktion schreiben,emotionale_stuetzung,1.965871901817273,-1.7486889146516003,1.9323387580927593,1,1,kognition,performanz,"seit Beginn der Nachhilfe hat sich die Fähigkeit des Schülers verbessert, seine schulischen Aufgaben und Lernzeiten besser zu organisieren | die Einstellung des Schülers zum Lernen hat sich in letzter Zeit verbessert | braucht ab und zu Ermutigung nach Misserfolgen | schwierige Aufgaben können die Motivation des Schülers meistens fördern | muss selten an formale Vorgehensweisen erinnert werden",-0.68888798194686,-0.36744298311811996,-0.56907472633032,-0.7600689125547999,-0.6375115912149101,-1.0187561041264601,-0.95353841675763
2026-01-29,23,5,15,1176,1851,Funktionen: Graph aus eine Funktion schreiben,emotionale_stuetzung,1.920994278077531,-0.3402030309563999,1.8451259550909325,1,1,performanz,kognition,"seit Beginn der Nachhilfe hat sich die Fähigkeit des Schülers verbessert, seine schulischen Aufgaben und Lernzeiten besser zu organisieren | die Einstellung des Schülers zum Lernen hat sich in letzter Zeit verbessert | braucht ab und zu Ermutigung nach Misserfolgen | schwierige Aufgaben können die Motivation des Schülers meistens fördern | muss selten an formale Vorgehensweisen erinnert werden",0.77822105907272,0.47444488584488,0.52972860991727,0.81894984020927,0.60003609755625,0.83808248261282,0.91966093911904
2026-01-29,23,5,15,1176,1852,Funktionen: Graph aus eine Funktion schreiben,emotionale_stuetzung,0.4554036230453904,0.0841463065968,0.10369720467608079,1,0,kognition,regulation,"seit Beginn der Nachhilfe hat sich die Fähigkeit des Schülers verbessert, seine schulischen Aufgaben und Lernzeiten besser zu organisieren | die Einstellung des Schülers zum Lernen hat sich in letzter Zeit verbessert | braucht ab und zu Ermutigung nach Misserfolgen | schwierige Aufgaben können die Motivation des Schülers meistens fördern | muss selten an formale Vorgehensweisen erinnert werden",-0.15877835271800994,-0.260876398484321,-0.202044371015419,-0.05051324441210997,0.11505451116394999,0.20712807562624996,0.12088136056898996
2025-12-17,23,6,5,1327,2174,Lineare Funktion/Gleichung: Gleichungen lösen,"lob, metakognition",0.15010065904295244,-1.4449434661661003,0.011265159577736883,1,0,kognition,performanz,"konnte durch die Nachhilfe seine Noten im Unterricht verbessern | die Lernfortschritte des Schülers im Rahmen der Nachhilfe haben sich verbessert | lernt weitgehend aus gemachten Fehlern und erkennt Fehler und Korrekturen während des Unterrichts weitgehend als Chance zum Lernen | erstellt sicher einen zielgerichteten Lernplan für seine Lernaktivitäten | kann sich gut auf die ihm zugeteilten Aufgabe konzentrieren, wenn diese als langweilig empfunden wird",-0.031012592197090016,-0.07240697127710602,0.10630567563058999,-0.04368157050593002,-0.024352977166409995,0.049882955795929995,0.005941753266070049
2026-01-07,23,6,5,1324,2160,Gleichungssysteme: Gleichungssysteme mit CAS lösen,"lob, metakognition",0.27363295714048247,-0.8671735750344998,0.037437751012426745,1,0,performanz,kognition,"wirkt sich gut auf den Lernstand des Schülers aus | die Organisationsfähigkeit des Schülers hat sich in letzter Zeit etwas verbessert | versteht nur teilweise, dass es trotz (kleinen) Erfolgen wichtig sein kann, weiter zu üben | bittet kaum aktiv um Feedback | findet nur teilweise die Balance zwischen Arbeitsgeschwindigkeit und Sorgfalt | Lenkt sich ab relativ oft und lenkt andere auch ab",0.14394277743048,0.05531982917550601,-0.02883375417868997,-0.15040384213305,0.07722873597913998,-0.14718316838213996,0.003914681937989994
2026-01-07,23,6,5,1324,2161,Gleichungssysteme: Gleichungssysteme mit CAS lösen,"lob, metakognition",0.358508633589912,-0.08562458600330025,0.0642647261872642,1,0,kognition,motivation,"wirkt sich gut auf den Lernstand des Schülers aus | die Organisationsfähigkeit des Schülers hat sich in letzter Zeit etwas verbessert | versteht nur teilweise, dass es trotz (kleinen) Erfolgen wichtig sein kann, weiter zu üben | bittet kaum aktiv um Feedback | findet nur teilweise die Balance zwischen Arbeitsgeschwindigkeit und Sorgfalt | Lenkt sich ab relativ oft und lenkt andere auch ab",-0.13536719689979,-0.121635800233653,-0.05065268332723,0.26348613904745,-0.12374926770857003,0.08109150663596998,0.03909655941689
2026-01-07,23,6,5,1324,2162,Gleichungssysteme: Gleichungssysteme mit CAS lösen,"lob, metakognition",0.21143364377221113,-0.9335486007770999,0.022352325216913327,1,0,motivation,kognition,"wirkt sich gut auf den Lernstand des Schülers aus | die Organisationsfähigkeit des Schülers hat sich in letzter Zeit etwas verbessert | versteht nur teilweise, dass es trotz (kleinen) Erfolgen wichtig sein kann, weiter zu üben | bittet kaum aktiv um Feedback | findet nur teilweise die Balance zwischen Arbeitsgeschwindigkeit und Sorgfalt | Lenkt sich ab relativ oft und lenkt andere auch ab",0.06518111016826994,-6.531913892299929e-05,-0.162909504511776,-0.1027008428094,-0.02011139248839,0.03551564046237998,0.04126506670450997
2026-01-07,23,6,5,1324,2163,Gleichungssysteme: Gleichungssysteme mit CAS lösen,"lob, metakognition",0.4896406831485392,1.1363087877169,0.11987520941088425,1,0,kognition,performanz,"wirkt sich gut auf den Lernstand des Schülers aus | die Organisationsfähigkeit des Schülers hat sich in letzter Zeit etwas verbessert | versteht nur teilweise, dass es trotz (kleinen) Erfolgen wichtig sein kann, weiter zu üben | bittet kaum aktiv um Feedback | findet nur teilweise die Balance zwischen Arbeitsgeschwindigkeit und Sorgfalt | Lenkt sich ab relativ oft und lenkt andere auch ab",-0.26090010552545995,-0.047205163415231,0.32127704624380604,0.17974880277548,-0.050657957255189956,0.07766632438087007,-0.15913499602365
2025-12-18,23,6,22,1871,3553,Analysis: Nullstellen und Polstellen,aktivierungsfragen,0.19376244163116707,0.09641234647100028,0.018772032874450284,1,0,regulation,kognition,"nutz zielgerichtet die im Nachhilfeunterricht vorhandene Hilfsmittel wie Lehrbücher, Arbeitsblätter, Kira oder Tipps des Nachhilfelehrers zum Lösen der Aufgaben | die Einstellung des Schülers zum Lernen hat sich in letzter Zeit verbessert | reagiert interessiert auf neue Herausforderungen | ergreift oft die Möglichkeit, Hilfsmittel (z.B. Taschenrechner, Tafelwerk, Wörterbuch) zu nutzen | muss selten an formale Vorgehensweisen erinnert werden",0.05917203432393997,-0.11901537855458003,0.12413289420620002,-0.020509481292260046,-0.02450462392410996,0.037886579305669965,-0.04485989385092004
2025-12-18,23,6,22,1871,3554,Analysis: Nullstellen und Polstellen,aktivierungsfragen,0.24595594436471696,-1.0623736858618003,0.030247332891712886,0,0,kognition,kognition,"nutz zielgerichtet die im Nachhilfeunterricht vorhandene Hilfsmittel wie Lehrbücher, Arbeitsblätter, Kira oder Tipps des Nachhilfelehrers zum Lösen der Aufgaben | die Einstellung des Schülers zum Lernen hat sich in letzter Zeit verbessert | reagiert interessiert auf neue Herausforderungen | ergreift oft die Möglichkeit, Hilfsmittel (z.B. Taschenrechner, Tafelwerk, Wörterbuch) zu nutzen | muss selten an formale Vorgehensweisen erinnert werden",0.04293478790632005,-0.145217843630331,-0.16855802989409002,-0.028883499312759964,0.053020664536469975,-0.028476701324950005,0.06851663364884003
2025-12-18,23,6,22,1871,3555,Analysis: Nullstellen und Polstellen,aktivierungsfragen,0.278456013940853,1.2494059405847002,0.03876908926104572,0,0,kognition,kognition,"nutz zielgerichtet die im Nachhilfeunterricht vorhandene Hilfsmittel wie Lehrbücher, Arbeitsblätter, Kira oder Tipps des Nachhilfelehrers zum Lösen der Aufgaben | die Einstellung des Schülers zum Lernen hat sich in letzter Zeit verbessert | reagiert interessiert auf neue Herausforderungen | ergreift oft die Möglichkeit, Hilfsmittel (z.B. Taschenrechner, Tafelwerk, Wörterbuch) zu nutzen | muss selten an formale Vorgehensweisen erinnert werden",-0.0024348545612400407,0.138820930990351,0.16826888876395002,0.01376010445100001,0.024366821232980007,0.0059937303972100175,-0.17066676923360002
2025-12-18,23,6,22,1871,3556,Analysis: Nullstellen und Polstellen,aktivierungsfragen,0.3615154594235688,-2.1917778937341,0.06534716455046696,1,0,kognition,regulation,"nutz zielgerichtet die im Nachhilfeunterricht vorhandene Hilfsmittel wie Lehrbücher, Arbeitsblätter, Kira oder Tipps des Nachhilfelehrers zum Lösen der Aufgaben | die Einstellung des Schülers zum Lernen hat sich in letzter Zeit verbessert | reagiert interessiert auf neue Herausforderungen | ergreift oft die Möglichkeit, Hilfsmittel (z.B. Taschenrechner, Tafelwerk, Wörterbuch) zu nutzen | muss selten an formale Vorgehensweisen erinnert werden",-0.10994520893722998,-0.147477583117581,-0.24110134629832902,0.02349107810411999,0.00019153173583996708,0.04893742504034998,0.18915401851516
2025-12-12,23,7,6,1256,1970,Wurzelfunktion/-rechnung: Wurzelrechnung,"lob, metakognition",0.2875324237385681,-0.7103891412968997,0.04133767234483421,1,0,kognition,motivation,"kann gut die Korrekturen zu seinen im Nachhilfeunterricht bearbeiteten Aufgaben verstehen und nachvollziehen | die Lernfortschritte des Schülers im Rahmen der Nachhilfe haben sich verbessert | verhält sich offen, wenn die Lehrkraft über Rückschläge sprechen will (bzw. wenn er selbst darüber sprechen soll) | kann sich im Nachhilfeunterricht gut auf seine Aufgaben konzentrieren | findet eine ausgewogene Balance zwischen Arbeitsgeschwindigkeit und Sorgfalt",-0.09832644100547,0.06807290824550002,0.12487318474458001,0.16192902465109,-0.11769461012939003,-0.10531791491384002,0.04018307000663002
2025-12-12,23,7,6,1256,1971,Wurzelfunktion/-rechnung: Wurzelrechnung,"lob, metakognition",0.22510248567980554,0.23685171943880023,0.025335710651028576,1,0,motivation,performanz,"kann gut die Korrekturen zu seinen im Nachhilfeunterricht bearbeiteten Aufgaben verstehen und nachvollziehen | die Lernfortschritte des Schülers im Rahmen der Nachhilfe haben sich verbessert | verhält sich offen, wenn die Lehrkraft über Rückschläge sprechen will (bzw. wenn er selbst darüber sprechen soll) | kann sich im Nachhilfeunterricht gut auf seine Aufgaben konzentrieren | findet eine ausgewogene Balance zwischen Arbeitsgeschwindigkeit und Sorgfalt",-0.017107824947249994,-0.011669202356499986,-0.15024201744008,-0.09532219835690997,0.08466293580417,0.08938232856457001,0.058534455139679975
2025-12-12,23,7,6,1256,1972,Wurzelfunktion/-rechnung: Wurzelrechnung,"lob, metakognition",0.3180676052119039,-1.1616585831339,0.05058384992171905,0,0,performanz,performanz,"kann gut die Korrekturen zu seinen im Nachhilfeunterricht bearbeiteten Aufgaben verstehen und nachvollziehen | die Lernfortschritte des Schülers im Rahmen der Nachhilfe haben sich verbessert | verhält sich offen, wenn die Lehrkraft über Rückschläge sprechen will (bzw. wenn er selbst darüber sprechen soll) | kann sich im Nachhilfeunterricht gut auf seine Aufgaben konzentrieren | findet eine ausgewogene Balance zwischen Arbeitsgeschwindigkeit und Sorgfalt",0.031086779633999972,-0.265949985866886,0.010658385472660015,-0.05237465165784999,-0.09071160111004001,0.13550068820252997,0.005047993478070001
2026-01-23,23,7,6,1249,1938,Gleichungssysteme: Gleichungen lösen,"lob, aktivierungsfragen, metakognition, emotionale_stuetzung",0.40352024617593496,1.6503713573147998,0.08141482937173183,1,0,performanz,regulation,"nutz zielgerichtet die im Nachhilfeunterricht vorhandene Hilfsmittel wie Lehrbücher, Arbeitsblätter, Kira oder Tipps des Nachhilfelehrers zum Lösen der Aufgaben | das selbstständige Lernverhalten hat sich in den letzten Wochen verbessert | kann sich schnell wieder motivieren nach Rückschlägen oder Misserfolgen weiterzuarbeiten | kann längeren Erklärungen gut folgen | bittet aktiv um Feedback",-0.007796060552049955,0.302270547796886,-0.007133390536370021,0.021920688739740013,0.12951532915302,-0.22958534410683995,0.037219267573210035
2026-01-23,23,7,6,1249,1939,Gleichungssysteme: Gleichungen lösen,"lob, aktivierungsfragen, metakognition, emotionale_stuetzung",0.20143502953575287,-0.2886101787299,0.020288138826841218,0,0,regulation,regulation,"nutz zielgerichtet die im Nachhilfeunterricht vorhandene Hilfsmittel wie Lehrbücher, Arbeitsblätter, Kira oder Tipps des Nachhilfelehrers zum Lösen der Aufgaben | das selbstständige Lernverhalten hat sich in den letzten Wochen verbessert | kann sich schnell wieder motivieren nach Rückschlägen oder Misserfolgen weiterzuarbeiten | kann längeren Erklärungen gut folgen | bittet aktiv um Feedback",0.017395258850639972,-0.12185235421178003,0.08544541812953002,-0.09659621597936002,-0.020976906879439983,0.015801309092379978,0.09002232753329997
2026-01-23,23,7,6,1249,1940,Gleichungssysteme: Gleichungen lösen,"lob, aktivierungsfragen, metakognition, emotionale_stuetzung",0.45352194233572807,-1.4348924154814,0.102841784030138,1,0,regulation,performanz,"nutz zielgerichtet die im Nachhilfeunterricht vorhandene Hilfsmittel wie Lehrbücher, Arbeitsblätter, Kira oder Tipps des Nachhilfelehrers zum Lösen der Aufgaben | das selbstständige Lernverhalten hat sich in den letzten Wochen verbessert | kann sich schnell wieder motivieren nach Rückschlägen oder Misserfolgen weiterzuarbeiten | kann längeren Erklärungen gut folgen | bittet aktiv um Feedback",-0.23997343506423,0.12995036558098,0.18441547198567998,0.17958963319263999,-0.16662438424437,0.08599422432965997,-0.17259087585376998
2025-12-12,23,7,11,1373,2286,Wurzelfunktion/-rechnung: Wirzelrechnung,"lob, metakognition",0.24441483305413442,-0.6850216315623001,0.02986943830095501,0,0,kognition,kognition,"kann bereits erlerntes Wissen meistens auf neue Themen anwenden | die Einstellung des Schülers zum Lernen hat sich in letzter Zeit verbessert | geht gut mit unerwartet schwierigen Aufgabenstellungen um | offen für neue Strategien oder Herangehensweisen beim Lernen, besonders nach Misserfolgen | nutzt effektiv die für die Nachhilfestunde vorgesehene Lernzeit",-0.017548904525280018,0.14929189309391,0.183653838500752,-0.0027822337426000043,-0.034014385939799996,-0.032729937607689996,-0.03432020885653003
2025-12-12,23,7,11,1373,2287,Wurzelfunktion/-rechnung: Wirzelrechnung,"lob, metakognition",0.3048789558550577,-1.5075622463254001,0.04647587438203149,1,0,kognition,performanz,"kann bereits erlerntes Wissen meistens auf neue Themen anwenden | die Einstellung des Schülers zum Lernen hat sich in letzter Zeit verbessert | geht gut mit unerwartet schwierigen Aufgabenstellungen um | offen für neue Strategien oder Herangehensweisen beim Lernen, besonders nach Misserfolgen | nutzt effektiv die für die Nachhilfestunde vorgesehene Lernzeit",-0.15829750517427998,-0.166890035343043,-0.12216194687335,0.01568345912982,0.05134535824738995,0.14818178241315005,0.01664617298997001
2025-12-12,23,7,11,1373,2288,Wurzelfunktion/-rechnung: Wirzelrechnung,"lob, metakognition",0.3358938085169844,1.6728810069527,0.056412666720540794,1,0,performanz,kognition,"kann bereits erlerntes Wissen meistens auf neue Themen anwenden | die Einstellung des Schülers zum Lernen hat sich in letzter Zeit verbessert | geht gut mit unerwartet schwierigen Aufgabenstellungen um | offen für neue Strategien oder Herangehensweisen beim Lernen, besonders nach Misserfolgen | nutzt effektiv die für die Nachhilfestunde vorgesehene Lernzeit",0.17315410739826997,0.22854935283420302,-0.09784618552762302,-0.024877924734429957,-0.026102825619869985,-0.14033881581934005,-0.006194442501629982
2025-12-12,23,7,11,1373,2289,Wurzelfunktion/-rechnung: Wirzelrechnung,"lob, metakognition",0.16109660269119433,-0.6124568251379001,0.012976122398735357,1,0,kognition,performanz,"kann bereits erlerntes Wissen meistens auf neue Themen anwenden | die Einstellung des Schülers zum Lernen hat sich in letzter Zeit verbessert | geht gut mit unerwartet schwierigen Aufgabenstellungen um | offen für neue Strategien oder Herangehensweisen beim Lernen, besonders nach Misserfolgen | nutzt effektiv die für die Nachhilfestunde vorgesehene Lernzeit",-0.08493955183888996,-0.026092331845080002,0.078976651710103,0.06015672467499,-0.018221483453159992,0.07775344123636996,-0.042694437912289995
2026-01-23,23,7,11,1367,2255,Gleichungssysteme: Gleichungen lösen,"lob, metakognition",0.22341324363523668,0.0552202422050998,0.024956871619919774,0,0,performanz,performanz,"erinnert sich gut an den zuvor behandelten Stoff | das Zeitmanagement des Schülers hat sich verbessert | offen für neue Strategien oder Herangehensweisen beim Lernen, besonders nach Misserfolgen | kann erlerntes Wissen gut auf neue oder andere Aufgabenstellungen anwenden | findet eine ausgewogene Balance zwischen Arbeitsgeschwindigkeit und Sorgfalt",0.025776417401770002,-0.203859018610579,-0.01334518131298,-0.028508391730150018,-0.04261334330834998,0.05007669862282005,0.048745863747469975
2026-01-23,23,7,11,1367,2256,Gleichungssysteme: Gleichungen lösen,"lob, metakognition",0.2844664260743234,-1.2333947832482997,0.040460839390607406,1,0,performanz,regulation,"erinnert sich gut an den zuvor behandelten Stoff | das Zeitmanagement des Schülers hat sich verbessert | offen für neue Strategien oder Herangehensweisen beim Lernen, besonders nach Misserfolgen | kann erlerntes Wissen gut auf neue oder andere Aufgabenstellungen anwenden | findet eine ausgewogene Balance zwischen Arbeitsgeschwindigkeit und Sorgfalt",-0.13423937174745004,0.120132754913499,0.019245090622910008,-0.03940080152837999,-0.04075668855218001,-0.07449951131209998,0.19833047751568006
2026-01-23,23,7,11,1367,2257,Gleichungssysteme: Gleichungen lösen,"lob, metakognition",0.33416423962975306,1.7906313661811,0.05583321710097189,1,0,regulation,kognition,"erinnert sich gut an den zuvor behandelten Stoff | das Zeitmanagement des Schülers hat sich verbessert | offen für neue Strategien oder Herangehensweisen beim Lernen, besonders nach Misserfolgen | kann erlerntes Wissen gut auf neue oder andere Aufgabenstellungen anwenden | findet eine ausgewogene Balance zwischen Arbeitsgeschwindigkeit und Sorgfalt",0.19340250618457,0.10981859554216,-0.084876561020033,0.0077524685835400065,0.10159151531368998,-0.05333062854709003,-0.20438190335086004
2026-01-23,23,7,11,1367,2258,Gleichungssysteme: Gleichungen lösen,"lob, metakognition",0.23361888747009935,0.5241261215410997,0.027289011254416073,1,0,kognition,performanz,"erinnert sich gut an den zuvor behandelten Stoff | das Zeitmanagement des Schülers hat sich verbessert | offen für neue Strategien oder Herangehensweisen beim Lernen, besonders nach Misserfolgen | kann erlerntes Wissen gut auf neue oder andere Aufgabenstellungen anwenden | findet eine ausgewogene Balance zwischen Arbeitsgeschwindigkeit und Sorgfalt",-0.058095102953160005,-0.20662370891604,0.056532866601833,0.039445047330759986,0.004492433988760036,0.051614476884579985,0.03276085403418999
2026-01-23,23,7,11,1367,2259,Gleichungssysteme: Gleichungen lösen,"lob, metakognition",0.20397155402687328,-2.4362285859541997,0.020802325841684732,0,0,performanz,performanz,"erinnert sich gut an den zuvor behandelten Stoff | das Zeitmanagement des Schülers hat sich verbessert | offen für neue Strategien oder Herangehensweisen beim Lernen, besonders nach Misserfolgen | kann erlerntes Wissen gut auf neue oder andere Aufgabenstellungen anwenden | findet eine ausgewogene Balance zwischen Arbeitsgeschwindigkeit und Sorgfalt",-0.00813747304272,-0.038290777817426,0.04647576212931001,-0.031661789173629995,-0.13474567184519004,0.13224132132278,-0.03557195824482001
2026-01-23,23,7,20,1298,2112,Zufall: Wkeiten,"lob, regelhinweise",0.168018832357124,0.2123209351298998,0.014115228955400516,0,0,kognition,kognition,"nutzt regelmäßig erlaubte Hilfsmittel zum Lösen von Aufgaben | die Lernfortschritte des Schülers im Rahmen der Nachhilfe haben sich verbessert | ist interessiert daran, neue Themen zu erkunden und zu lernen | ergreift oft die Möglichkeit, Hilfsmittel (z.B. Taschenrechner, Tafelwerk, Wörterbuch) zu nutzen | kann sein Wissen gut in Diagrammen, Skizzen oder Mindmaps visualisieren",-0.014125177423740032,-0.053106430672632994,-0.107826667231992,0.08504577893967002,-0.0716438896421,0.020322901644470037,0.028377323244060004
2026-01-23,23,7,20,1298,2113,Zufall: Wkeiten,"lob, regelhinweise",0.31647591259087915,-0.09338848790509946,0.05007872881249853,0,0,kognition,kognition,"nutzt regelmäßig erlaubte Hilfsmittel zum Lösen von Aufgaben | die Lernfortschritte des Schülers im Rahmen der Nachhilfe haben sich verbessert | ist interessiert daran, neue Themen zu erkunden und zu lernen | ergreift oft die Möglichkeit, Hilfsmittel (z.B. Taschenrechner, Tafelwerk, Wörterbuch) zu nutzen | kann sein Wissen gut in Diagrammen, Skizzen oder Mindmaps visualisieren",0.03308161616927002,0.136585844139793,0.202850100138622,-0.054039112661949995,0.08483854695904003,-0.044341475474360015,-0.16484775637410004
2026-01-23,23,7,20,1298,2114,Zufall: Wkeiten,"lob, regelhinweise",0.46918488396933405,-2.5793686633532005,0.11006809729398559,1,0,kognition,performanz,"nutzt regelmäßig erlaubte Hilfsmittel zum Lösen von Aufgaben | die Lernfortschritte des Schülers im Rahmen der Nachhilfe haben sich verbessert | ist interessiert daran, neue Themen zu erkunden und zu lernen | ergreift oft die Möglichkeit, Hilfsmittel (z.B. Taschenrechner, Tafelwerk, Wörterbuch) zu nutzen | kann sein Wissen gut in Diagrammen, Skizzen oder Mindmaps visualisieren",-0.13874430462065002,-0.175012592646211,-0.0596814889599,-0.010714930425730018,-0.23993839913706,0.32931949425845997,-0.023592608128379988
2025-12-12,23,7,24,1524,2758,Algebra: Mathe HA,"metakognition, emotionale_stuetzung",0.13250385662966377,0.8363192251484004,0.008778683326804315,1,0,performanz,kognition,"erkennt und korrigiert eigene Fehler meist selbstständig | die Einstellung des Schülers zum Lernen hat sich in letzter Zeit verbessert | erkennt meistens, dass ein bereits besprochener Lösungsansatz erneut benötigt wird | ist oft dazu fähig, Aufgaben selbstständig zu beenden | braucht ab und zu Ermutigung nach Misserfolgen",0.034208764477489995,0.09543525307077999,0.02842471542960001,-0.029380580306770043,0.037573631210610026,-0.03852869352006,-0.05207421620000002
2025-12-12,23,7,24,1524,2759,Algebra: Mathe HA,"metakognition, emotionale_stuetzung",0.7217718514920297,-2.5441810161872,0.2604795235355465,0,0,kognition,kognition,"erkennt und korrigiert eigene Fehler meist selbstständig | die Einstellung des Schülers zum Lernen hat sich in letzter Zeit verbessert | erkennt meistens, dass ein bereits besprochener Lösungsansatz erneut benötigt wird | ist oft dazu fähig, Aufgaben selbstständig zu beenden | braucht ab und zu Ermutigung nach Misserfolgen",0.30864331094807,-0.34131837966846,-0.27228099116592114,-0.26878461586942,0.025625953181189987,-0.013305431704299986,-0.40246719623603117
2025-12-12,23,7,24,1524,2760,Algebra: Mathe HA,"metakognition, emotionale_stuetzung",0.7081291642666622,1.2362796204894002,0.25072586811765407,1,0,kognition,performanz,"erkennt und korrigiert eigene Fehler meist selbstständig | die Einstellung des Schülers zum Lernen hat sich in letzter Zeit verbessert | erkennt meistens, dass ein bereits besprochener Lösungsansatz erneut benötigt wird | ist oft dazu fähig, Aufgaben selbstständig zu beenden | braucht ab und zu Ermutigung nach Misserfolgen",-0.37451532806162,0.23864117524077,0.30514586607218114,0.1615467484252,-0.03686686916816001,0.16801473921887,0.39425385434623117
2025-12-12,23,7,24,1524,2761,Algebra: Mathe HA,"metakognition, emotionale_stuetzung",1.9772822244540447,-0.4407875189538002,1.9548373705696167,0,1,performanz,performanz,"erkennt und korrigiert eigene Fehler meist selbstständig | die Einstellung des Schülers zum Lernen hat sich in letzter Zeit verbessert | erkennt meistens, dass ein bereits besprochener Lösungsansatz erneut benötigt wird | ist oft dazu fähig, Aufgaben selbstständig zu beenden | braucht ab und zu Ermutigung nach Misserfolgen",-0.62301596483331,-0.26476577869043,-0.6019396012365801,-0.65283104511058,-0.62627067522794,-1.17346541164103,-0.9453250748678299
2026-01-23,23,7,24,1520,2743,Lineare Funktion/Gleichung: Lineare Gleichungen,"lob, metakognition",1.9539939212652693,2.3033313871081997,1.9090580252514107,1,1,performanz,methodik,konnte durch die Nachhilfe seine Strategien zur Bewältigung von alltäglichem Schulstress verbessern | wendet meistens die in der Nachhilfe gelernten Lernstrategien auch außerhalb der Nachhilfestunde an | kann seine Wissenslücken gut darstellen | kommuniziert seine Gedanken im Nachhilfeunterricht verständlich und nachvollziehbar | wendet in der Nachhilfestunde Gelerntes schnell auf neue Aufgaben an,0.6534754004354,0.35714278128513,0.36653826208797,0.7878910648419699,0.70450525100801,1.03066735452368,0.97456949835933
2026-01-23,23,7,24,1520,2745,Lineare Funktion/Gleichung: Lineare Gleichungen,"lob, metakognition",0.26401954609387557,-0.7653510156982,0.034853321955855,1,0,methodik,kognition,konnte durch die Nachhilfe seine Strategien zur Bewältigung von alltäglichem Schulstress verbessern | wendet meistens die in der Nachhilfe gelernten Lernstrategien auch außerhalb der Nachhilfestunde an | kann seine Wissenslücken gut darstellen | kommuniziert seine Gedanken im Nachhilfeunterricht verständlich und nachvollziehbar | wendet in der Nachhilfestunde Gelerntes schnell auf neue Aufgaben an,0.029902182818690004,0.22052432717484,0.024970655878888998,-0.00172084430449998,-0.014589916902019995,-0.08669588139252998,-0.10874587266007002
2026-01-23,23,7,24,1520,2746,Lineare Funktion/Gleichung: Lineare Gleichungen,"lob, metakognition",0.2527184695155794,0.7589624462065006,0.03193346056667723,1,0,kognition,performanz,konnte durch die Nachhilfe seine Strategien zur Bewältigung von alltäglichem Schulstress verbessern | wendet meistens die in der Nachhilfe gelernten Lernstrategien auch außerhalb der Nachhilfestunde an | kann seine Wissenslücken gut darstellen | kommuniziert seine Gedanken im Nachhilfeunterricht verständlich und nachvollziehbar | wendet in der Nachhilfestunde Gelerntes schnell auf neue Aufgaben an,-0.05368590109842003,-0.18813756339099,0.014449839708451012,0.02535626654230999,-0.03286841489165998,0.11203025124222998,0.10538433511389
2025-11-13,23,11,8,1295,2101,Analytische Geometrie: Satz des Pythagoras,"strukturierung, regelhinweise",0.5283905515091932,-1.0984096509068002,0.1395992383764395,1,0,regulation,motivation,"muss ab und zu an grundlegende Vorgehensweisen des Faches MAT erinnert werden | Ausdauer hat sich, vor allem hinsichtlich schwieriger oder umfangreicher Aufgaben, erhöht | erreicht in der Regel vereinbarte Lernziele | Lernmaterialien und Notizen sind nur wenig organisiert | Wechsel zwischen verschiedenen Themen gelingt mit wenig Aufwand | add | Fach		Thema",-0.19283649044233997,0.269909513820345,0.264190559277058,0.15576127715329002,-0.24133847151721002,0.04985054281600004,-0.11988309181229001
2025-11-13,23,11,8,1295,2102,Analytische Geometrie: Satz des Pythagoras,"strukturierung, regelhinweise",0.3059713155426593,0.9889747222948002,0.04680954593373898,1,0,motivation,performanz,"muss ab und zu an grundlegende Vorgehensweisen des Faches MAT erinnert werden | Ausdauer hat sich, vor allem hinsichtlich schwieriger oder umfangreicher Aufgaben, erhöht | erreicht in der Regel vereinbarte Lernziele | Lernmaterialien und Notizen sind nur wenig organisiert | Wechsel zwischen verschiedenen Themen gelingt mit wenig Aufwand | add | Fach		Thema",0.06661392630081997,-0.12828955972723,-0.12798426077692,-0.08488362398291,0.20105130606790003,-0.016582135012840005,0.09187504624439002
2025-11-13,23,11,8,1295,2103,Analytische Geometrie: Satz des Pythagoras,"strukturierung, regelhinweise",0.24193557974824031,0.256560560219,0.02926657501337393,1,0,performanz,methodik,"muss ab und zu an grundlegende Vorgehensweisen des Faches MAT erinnert werden | Ausdauer hat sich, vor allem hinsichtlich schwieriger oder umfangreicher Aufgaben, erhöht | erreicht in der Regel vereinbarte Lernziele | Lernmaterialien und Notizen sind nur wenig organisiert | Wechsel zwischen verschiedenen Themen gelingt mit wenig Aufwand | add | Fach		Thema",0.05380168832179,-0.12632736373187398,-0.13048110119464398,-0.05074257373950003,0.12116262560069002,-0.06906014563043,0.02509558006446999
2025-11-13,23,11,8,1295,2104,Analytische Geometrie: Satz des Pythagoras,"strukturierung, regelhinweise",0.37737279294079007,-0.5825741206989004,0.07120552933806101,1,0,methodik,kognition,"muss ab und zu an grundlegende Vorgehensweisen des Faches MAT erinnert werden | Ausdauer hat sich, vor allem hinsichtlich schwieriger oder umfangreicher Aufgaben, erhöht | erreicht in der Regel vereinbarte Lernziele | Lernmaterialien und Notizen sind nur wenig organisiert | Wechsel zwischen verschiedenen Themen gelingt mit wenig Aufwand | add | Fach		Thema",0.21537273072157997,-0.04923563740103,0.147403733338114,-0.13101579646550998,-0.10849810216058003,0.10309312420929001,-0.17974324400653002
2025-11-20,23,11,8,1294,2096,Weitere Themen: Satz des Pythagoras,strukturierung,0.15580315018341537,1.4869646876059002,0.012137375523460836,0,0,kognition,kognition,"nutzt oft die gegebenen Tipps | konnte in den vergangenen Wochen einige neue Lernstrategien durch die Nachhilfe entwickeln | kann den eigenen Lösungsweg noch nicht nachvollziehbar mündlich präsentieren | Lernmaterialien und Notizen sind noch unorganisiert | kann nur bedingt mit Stress umgehen, wenn Aufgaben sich ändern",-0.022221148304809923,0.033083946187856,-0.019585554684319995,0.027568676315759988,0.09244926686205002,-0.10413898684385003,0.04637750844365002
2025-11-20,23,11,8,1294,2097,Weitere Themen: Satz des Pythagoras,strukturierung,0.7404709081800398,-3.3675747332964,0.2741513352728956,0,0,kognition,kognition,"nutzt oft die gegebenen Tipps | konnte in den vergangenen Wochen einige neue Lernstrategien durch die Nachhilfe entwickeln | kann den eigenen Lösungsweg noch nicht nachvollziehbar mündlich präsentieren | Lernmaterialien und Notizen sind noch unorganisiert | kann nur bedingt mit Stress umgehen, wenn Aufgaben sich ändern",0.14282072644852994,-0.527166770787492,-0.07577332085925301,-0.347050388794384,-0.19180667618546005,-0.01639462710959,-0.294534290688582
2025-11-20,23,11,8,1294,2098,Weitere Themen: Satz des Pythagoras,strukturierung,0.9345968361561565,2.5629864766279002,0.43674020555414805,1,0,kognition,regulation,"nutzt oft die gegebenen Tipps | konnte in den vergangenen Wochen einige neue Lernstrategien durch die Nachhilfe entwickeln | kann den eigenen Lösungsweg noch nicht nachvollziehbar mündlich präsentieren | Lernmaterialien und Notizen sind noch unorganisiert | kann nur bedingt mit Stress umgehen, wenn Aufgaben sich ändern",-0.3669535678181,0.528667978542359,0.041418157539032996,0.492884758692544,0.18321521137000002,0.01351164035079,0.425353107964362
2025-11-20,23,11,8,1294,2099,Weitere Themen: Satz des Pythagoras,strukturierung,0.24634476054125723,-1.4557106775967,0.03034307742574649,1,0,regulation,kognition,"nutzt oft die gegebenen Tipps | konnte in den vergangenen Wochen einige neue Lernstrategien durch die Nachhilfe entwickeln | kann den eigenen Lösungsweg noch nicht nachvollziehbar mündlich präsentieren | Lernmaterialien und Notizen sind noch unorganisiert | kann nur bedingt mit Stress umgehen, wenn Aufgaben sich ändern",0.17862080786433004,0.013166292656513999,-0.028548975395289986,-0.16197912229846,0.0035160480942000305,-0.03918534682129998,0.002619680381239997
2025-10-20,24,0,17,1795,3408,"Weitere Themen: Weg,- und Ortsbeschreibung","strukturierung, metakognition",0.11624183148771498,0.9547885529022002,0.006756114618217013,0,0,kognition,kognition,konnte Wissen in der heutigen Stunde grundlegend erweitern | konnte in den vergangenen Wochen einige neue Lernstrategien durch die Nachhilfe entwickeln | geht strukturiert an Aufgaben heran | kann den eigenen Lösungsweg häufig nachvollziehbar schriftlich präsentieren | nutzt Fehler und Korrekturen während des Unterrichts häufig für das eigene Lernwachstum,-0.06746607419938999,0.022838935274798,0.023753556436020007,0.05626267015119002,0.011451817303339995,-0.016905843015230015,0.06551491518538999
2025-10-20,24,0,17,1795,3409,"Weitere Themen: Weg,- und Ortsbeschreibung","strukturierung, metakognition",0.19811191982207527,-0.20251480956540036,0.019624252977984424,0,0,kognition,kognition,konnte Wissen in der heutigen Stunde grundlegend erweitern | konnte in den vergangenen Wochen einige neue Lernstrategien durch die Nachhilfe entwickeln | geht strukturiert an Aufgaben heran | kann den eigenen Lösungsweg häufig nachvollziehbar schriftlich präsentieren | nutzt Fehler und Korrekturen während des Unterrichts häufig für das eigene Lernwachstum,-0.07357080876361005,0.150878339739818,-0.055993606422219996,0.07777770391858002,-0.02793408618742005,0.0033049550905300262,0.033098404561600014
2025-10-20,24,0,17,1795,3410,"Weitere Themen: Weg,- und Ortsbeschreibung","strukturierung, metakognition",0.27785782224281474,-0.8680742490063995,0.03860268002170075,0,0,kognition,kognition,konnte Wissen in der heutigen Stunde grundlegend erweitern | konnte in den vergangenen Wochen einige neue Lernstrategien durch die Nachhilfe entwickeln | geht strukturiert an Aufgaben heran | kann den eigenen Lösungsweg häufig nachvollziehbar schriftlich präsentieren | nutzt Fehler und Korrekturen während des Unterrichts häufig für das eigene Lernwachstum,0.12510945854139005,-0.162067210066144,0.06937566956233,-0.11069917587521,0.004967074265310012,0.038238877993099996,-0.12935469648519
2026-01-05,24,1,43,1166,1811,Brüche: Brüche erweitern und kürzen,"lob, strukturierung, metakognition",0.27307135417510714,0.39191782230550043,0.037284170077215406,1,0,performanz,kognition,erinnert sich gut an den zuvor behandelten Stoff | die Einstellung des Schülers zum Lernen hat sich in letzter Zeit verbessert | plant sich die eigene Lernzeit gut ein | zeigt durchgehend Geduld mit sich selbst und den eigenen Lernfortschritten | bearbeitet Aufgaben teilweise erfolgreich ohne ständige Anleitung | gut mitgemacht und auch bemüht gewesen.,0.04430653221312997,0.168292032964499,0.15437666200385003,-0.022453867340230027,0.03559229413399001,-0.13567310645300001,-0.016503156323520007
2026-01-05,24,1,43,1166,1812,Brüche: Brüche erweitern und kürzen,"lob, strukturierung, metakognition",0.33632533672476544,-1.1248166381651004,0.05655768691977092,0,0,kognition,kognition,erinnert sich gut an den zuvor behandelten Stoff | die Einstellung des Schülers zum Lernen hat sich in letzter Zeit verbessert | plant sich die eigene Lernzeit gut ein | zeigt durchgehend Geduld mit sich selbst und den eigenen Lernfortschritten | bearbeitet Aufgaben teilweise erfolgreich ohne ständige Anleitung | gut mitgemacht und auch bemüht gewesen.,0.12180560223938003,0.05411686692992998,0.09636134862190998,-0.01963361359172,-0.015274252092510043,-0.04899967713518999,-0.28817396251669997
2026-01-05,24,1,43,1166,1813,Brüche: Brüche erweitern und kürzen,"lob, strukturierung, metakognition",0.5157722291682102,0.5967646161418001,0.13301129690090197,1,0,kognition,methodik,erinnert sich gut an den zuvor behandelten Stoff | die Einstellung des Schülers zum Lernen hat sich in letzter Zeit verbessert | plant sich die eigene Lernzeit gut ein | zeigt durchgehend Geduld mit sich selbst und den eigenen Lernfortschritten | bearbeitet Aufgaben teilweise erfolgreich ohne ständige Anleitung | gut mitgemacht und auch bemüht gewesen.,-0.13056223912723003,-0.21132228476377296,-0.287267905798486,0.00142202930540003,0.10959419408491,0.06834761973724002,0.3242070784042
2025-12-23,25,2,8,1284,2053,Stochastik (Wahrscheinlichkeitsrechnung): Mehrstufige ZE,emotionale_stuetzung,0.18341500421445595,0.5929282367739002,0.016820610909952793,0,0,kognition,kognition,nutzt stets erlaubte Hilfsmittel zum Lösen von Aufgaben | konnte in den letzten Wochen das Vertrauen in seine eigenen Fähigkeiten deutlich verbessern | kann die Vorgehensweise einer behandelten Beispielaufgabe sehr zuverlässig auf andere Aufgaben übertragen | braucht nie Ermutigung nach Misserfolgen | Aufgabenänderungen stressen den Schüler nur bedingt,-0.043784452871470037,0.11529953005894299,0.12203568502385001,0.016717227285449998,-0.05392102541882998,0.006788984817340027,0.01744311960343997
2025-12-23,25,2,8,1284,2054,Stochastik (Wahrscheinlichkeitsrechnung): Mehrstufige ZE,emotionale_stuetzung,0.23021613761353224,-0.5364040141712003,0.02649985857532189,1,0,kognition,performanz,nutzt stets erlaubte Hilfsmittel zum Lösen von Aufgaben | konnte in den letzten Wochen das Vertrauen in seine eigenen Fähigkeiten deutlich verbessern | kann die Vorgehensweise einer behandelten Beispielaufgabe sehr zuverlässig auf andere Aufgaben übertragen | braucht nie Ermutigung nach Misserfolgen | Aufgabenänderungen stressen den Schüler nur bedingt,-0.10017868898524995,-0.11614831040218698,-0.09350443593173002,0.07596687746299002,-0.038112763066730004,0.11162485914009002,0.03235015277542003
2025-12-23,25,2,8,1284,2056,Stochastik (Wahrscheinlichkeitsrechnung): Mehrstufige ZE,emotionale_stuetzung,0.3331313898168213,-2.4115118276212995,0.05548874008821525,1,0,performanz,regulation,nutzt stets erlaubte Hilfsmittel zum Lösen von Aufgaben | konnte in den letzten Wochen das Vertrauen in seine eigenen Fähigkeiten deutlich verbessern | kann die Vorgehensweise einer behandelten Beispielaufgabe sehr zuverlässig auf andere Aufgaben übertragen | braucht nie Ermutigung nach Misserfolgen | Aufgabenänderungen stressen den Schüler nur bedingt,-0.06585229286129002,0.042854818435897994,-0.11102594371288599,-0.0344334610832,0.04745116611993999,-0.18255534399145001,0.23603595645057995
2025-12-23,25,2,9,1402,2353,Stochastik (Wahrscheinlichkeitsrechnung): Mehrstufige ZE,"lob, aktivierungsfragen, emotionale_stuetzung",0.2327741945518597,-0.8025768785467005,0.027092035310145035,1,0,methodik,regulation,wirkt sich sehr gut auf den Lernstand des Schülers aus | hat zuletzt stark von der individuellen Unterstützung beim Erlernen neuer Lernstrategien profitiert | stellt durchgängig Fragen im Nachhilfeunterricht | überlegt sich stets zur Vorbereitung auf die Nachhilfestunden gezielte Fragen | erledigt die Haus- oder Übungsaufgaben sehr zuverlässig,-0.03616587626932999,0.175296424715144,-0.044699913601656004,0.08854988924766,-0.10576111963507001,-0.019139938552830027,0.027497303303929965
2025-12-23,25,2,9,1402,2354,Stochastik (Wahrscheinlichkeitsrechnung): Mehrstufige ZE,"lob, aktivierungsfragen, emotionale_stuetzung",0.7934269574262709,-2.2933852758840994,0.3147657271782637,1,0,regulation,kognition,wirkt sich sehr gut auf den Lernstand des Schülers aus | hat zuletzt stark von der individuellen Unterstützung beim Erlernen neuer Lernstrategien profitiert | stellt durchgängig Fragen im Nachhilfeunterricht | überlegt sich stets zur Vorbereitung auf die Nachhilfestunden gezielte Fragen | erledigt die Haus- oder Übungsaufgaben sehr zuverlässig,0.36796279366683,-0.19546069533196,0.14253285167538599,-0.408237176206428,0.14750820768658002,-0.28791192177328995,-0.405338974131709
2026-01-05,26,0,45,1447,2467,Weitere Themen: Elektromagnetismus,"lob, metakognition, emotionale_stuetzung",0.38947747595868437,0.34369179456809995,0.07584678524446375,1,0,performanz,kognition,"erkennt und korrigiert eigene Fehler meist selbstständig | konnte in den letzten Wochen das Vertrauen in seine eigenen Fähigkeiten teilweise verbessern | kann Wissen, das in den letzten Nachhilfestunden thematisiert wurde, meistens abrufen | kann bereits erlernten Stoff gut spontan abrufen | schwierige Aufgaben sind förderlich für die Motivation des Schülers",0.17615585379445003,0.07427946347102998,0.08527640255794999,-0.16221712453592002,0.12125686265419,-0.10306259510602,-0.23713455079954
2026-01-05,26,0,45,1447,2468,Weitere Themen: Elektromagnetismus,"lob, metakognition, emotionale_stuetzung",0.3279000464137267,0.26452422899910033,0.05375950239146898,0,0,kognition,kognition,"erkennt und korrigiert eigene Fehler meist selbstständig | konnte in den letzten Wochen das Vertrauen in seine eigenen Fähigkeiten teilweise verbessern | kann Wissen, das in den letzten Nachhilfestunden thematisiert wurde, meistens abrufen | kann bereits erlernten Stoff gut spontan abrufen | schwierige Aufgaben sind förderlich für die Motivation des Schülers",-0.03083226625540003,-0.14665204413761598,-0.21989629878148997,0.06210682764249997,-0.03286145092221998,0.07765189716430004,0.16043583576743997
2026-01-05,26,0,45,1447,2469,Weitere Themen: Elektromagnetismus,"lob, metakognition, emotionale_stuetzung",0.31377792272279964,-0.24459633173090012,0.04922855006505933,1,0,kognition,performanz,"erkennt und korrigiert eigene Fehler meist selbstständig | konnte in den letzten Wochen das Vertrauen in seine eigenen Fähigkeiten teilweise verbessern | kann Wissen, das in den letzten Nachhilfestunden thematisiert wurde, meistens abrufen | kann bereits erlernten Stoff gut spontan abrufen | schwierige Aufgaben sind förderlich für die Motivation des Schülers",-0.12054749652374003,0.146561684210486,0.16264575118103997,0.10749769164406003,-0.11959909374461003,0.08458159116372999,-0.05456350169401997
2026-01-05,26,0,45,1447,2470,Weitere Themen: Elektromagnetismus,"lob, metakognition, emotionale_stuetzung",0.48004431056927505,-2.1136160713825003,0.11522230634606101,1,0,performanz,motivation,"erkennt und korrigiert eigene Fehler meist selbstständig | konnte in den letzten Wochen das Vertrauen in seine eigenen Fähigkeiten teilweise verbessern | kann Wissen, das in den letzten Nachhilfestunden thematisiert wurde, meistens abrufen | kann bereits erlernten Stoff gut spontan abrufen | schwierige Aufgaben sind förderlich für die Motivation des Schülers",-0.13611069466966996,0.27385773878285,0.18731667250367,0.11136950501759996,-0.13003765105876,-0.16820407288513,-0.21029801364130002
2026-01-12,26,0,45,1445,2460,Elektrisches Feld: Allg. zum elekt. Feld,"lob, metakognition",0.7541534631212488,0.13695901158720014,0.28437716020229975,1,0,motivation,performanz,"nutzt die Tipps, die Sie ihm gegeben haben, meistens | die Lernstrategien des Schülers haben sich in den vergangenen Wochen teilweise verbessert | gelingt es immer, eigenständig Lösungsansätze umzusetzen, die mit dem Nachhilfelehrer besprochen wurden | kann erlerntes Wissen gut auf neue oder andere Aufgabenstellungen anwenden | kann sich gut auf die ihm zugeteilten Aufgabe konzentrieren, wenn diese als zu leicht empfunden wird | Arthur hat durchweg selbständig gearbeitet.",0.07729555666502996,-0.41589863207821903,-0.425716252565642,-0.11373748294557995,0.23088545765526,0.14362748006209997,0.34884621308262
2026-01-12,26,0,45,1445,2461,Elektrisches Feld: Allg. zum elekt. Feld,"lob, metakognition",0.29801556913362154,1.3192047443969999,0.044407042830105437,1,0,performanz,kognition,"nutzt die Tipps, die Sie ihm gegeben haben, meistens | die Lernstrategien des Schülers haben sich in den vergangenen Wochen teilweise verbessert | gelingt es immer, eigenständig Lösungsansätze umzusetzen, die mit dem Nachhilfelehrer besprochen wurden | kann erlerntes Wissen gut auf neue oder andere Aufgabenstellungen anwenden | kann sich gut auf die ihm zugeteilten Aufgabe konzentrieren, wenn diese als zu leicht empfunden wird | Arthur hat durchweg selbständig gearbeitet.",0.15960486480250008,-0.007717811845978001,0.082882147023462,-0.14554010086581004,0.11746581009318002,-0.09540407543844998,-0.11103367305174
2026-01-12,26,0,45,1445,2462,Elektrisches Feld: Allg. zum elekt. Feld,"lob, metakognition",0.3962627207964799,0.5192437222988002,0.07851255003632429,1,0,kognition,performanz,"nutzt die Tipps, die Sie ihm gegeben haben, meistens | die Lernstrategien des Schülers haben sich in den vergangenen Wochen teilweise verbessert | gelingt es immer, eigenständig Lösungsansätze umzusetzen, die mit dem Nachhilfelehrer besprochen wurden | kann erlerntes Wissen gut auf neue oder andere Aufgabenstellungen anwenden | kann sich gut auf die ihm zugeteilten Aufgabe konzentrieren, wenn diese als zu leicht empfunden wird | Arthur hat durchweg selbständig gearbeitet.",-0.21580452471653006,0.10170451642377698,0.08805575262971,0.14735082334093003,-0.19650583451741999,0.10887832659107,0.14203389959025003
2026-01-12,26,0,45,1445,2463,Elektrisches Feld: Allg. zum elekt. Feld,"lob, metakognition",0.17418585597027889,1.3003530085799997,0.015170429954317166,0,0,performanz,performanz,"nutzt die Tipps, die Sie ihm gegeben haben, meistens | die Lernstrategien des Schülers haben sich in den vergangenen Wochen teilweise verbessert | gelingt es immer, eigenständig Lösungsansätze umzusetzen, die mit dem Nachhilfelehrer besprochen wurden | kann erlerntes Wissen gut auf neue oder andere Aufgabenstellungen anwenden | kann sich gut auf die ihm zugeteilten Aufgabe konzentrieren, wenn diese als zu leicht empfunden wird | Arthur hat durchweg selbständig gearbeitet.",0.08120897065167998,-0.07566405318042999,-0.09561472491824,-0.005960137878399996,0.07670449766727,-0.027139801593270008,-0.04714784093118002
2026-01-12,26,0,45,1445,2464,Elektrisches Feld: Allg. zum elekt. Feld,"lob, metakognition",0.1820564063582755,-1.7713239222452,0.01657235518525202,0,0,performanz,performanz,"nutzt die Tipps, die Sie ihm gegeben haben, meistens | die Lernstrategien des Schülers haben sich in den vergangenen Wochen teilweise verbessert | gelingt es immer, eigenständig Lösungsansätze umzusetzen, die mit dem Nachhilfelehrer besprochen wurden | kann erlerntes Wissen gut auf neue oder andere Aufgabenstellungen anwenden | kann sich gut auf die ihm zugeteilten Aufgabe konzentrieren, wenn diese als zu leicht empfunden wird | Arthur hat durchweg selbständig gearbeitet.",0.019771120972690015,0.02866290440450501,0.14958394788176999,-0.05710312059935002,-0.05346543212253002,0.04252715946881003,-0.04035889260196002
2026-01-19,26,0,45,1444,2454,Elektrische Feldstärke: Allgemeine Aufgaben,"lob, aktivierungsfragen, metakognition, emotionale_stuetzung",0.26122142927639924,0.10543454524340001,0.03411853450546587,1,0,performanz,kognition,versteht die Grundlagen des aktuellen Themas größtenteils | hat zuletzt erkennbar von der individuellen Unterstützung beim Erlernen neuer Lernstrategien profitiert | setzt Prioritäten bei Lernaufgaben sinnvoll | ist sehr offen für neue Lösungsansätze | hat viel Vertrauen in die eigenen Fähigkeiten | Arthur hatte kaum Fragen. Er kommt immer gut zurecht.,0.14396343152811997,-0.05918266291825901,-0.173220306984267,-0.05774011153274,0.042367346154420005,-0.09315813238971998,0.01399832217485003
2026-01-19,26,0,45,1444,2455,Elektrische Feldstärke: Allgemeine Aufgaben,"lob, aktivierungsfragen, metakognition, emotionale_stuetzung",0.17085718252409057,1.6615158751453998,0.014596164068714446,1,0,kognition,performanz,versteht die Grundlagen des aktuellen Themas größtenteils | hat zuletzt erkennbar von der individuellen Unterstützung beim Erlernen neuer Lernstrategien profitiert | setzt Prioritäten bei Lernaufgaben sinnvoll | ist sehr offen für neue Lösungsansätze | hat viel Vertrauen in die eigenen Fähigkeiten | Arthur hatte kaum Fragen. Er kommt immer gut zurecht.,-0.12358115944240994,0.017609083696859998,0.07259558234137699,0.06569553791562,0.05141260559305999,0.03603184814160998,-0.00906761547613999
2026-01-19,26,0,45,1444,2456,Elektrische Feldstärke: Allgemeine Aufgaben,"lob, aktivierungsfragen, metakognition, emotionale_stuetzung",0.3012880120485482,-1.3883041056498997,0.045387457203229675,0,0,performanz,performanz,versteht die Grundlagen des aktuellen Themas größtenteils | hat zuletzt erkennbar von der individuellen Unterstützung beim Erlernen neuer Lernstrategien profitiert | setzt Prioritäten bei Lernaufgaben sinnvoll | ist sehr offen für neue Lösungsansätze | hat viel Vertrauen in die eigenen Fähigkeiten | Arthur hatte kaum Fragen. Er kommt immer gut zurecht.,-0.08434857906773002,0.171729608373774,0.13812519240592,0.10013783329426001,-0.12491937237605999,0.043931933949349966,-0.08676235457738002
2026-01-19,26,0,45,1444,2457,Elektrische Feldstärke: Allgemeine Aufgaben,"lob, aktivierungsfragen, metakognition, emotionale_stuetzung",0.35348856805876294,0.23751142545460002,0.06247743223402702,1,0,performanz,motivation,versteht die Grundlagen des aktuellen Themas größtenteils | hat zuletzt erkennbar von der individuellen Unterstützung beim Erlernen neuer Lernstrategien profitiert | setzt Prioritäten bei Lernaufgaben sinnvoll | ist sehr offen für neue Lösungsansätze | hat viel Vertrauen in die eigenen Fähigkeiten | Arthur hatte kaum Fragen. Er kommt immer gut zurecht.,0.04193464342441,0.21203348746453002,-0.247267131855088,-0.026109228801739992,-0.028761065586629997,-0.10229391585011,0.07157851063441001
2026-01-19,26,0,45,1444,2458,Elektrische Feldstärke: Allgemeine Aufgaben,"lob, aktivierungsfragen, metakognition, emotionale_stuetzung",0.4277835805889447,-0.9089629173447,0.09149996927335835,1,0,motivation,kognition,versteht die Grundlagen des aktuellen Themas größtenteils | hat zuletzt erkennbar von der individuellen Unterstützung beim Erlernen neuer Lernstrategien profitiert | setzt Prioritäten bei Lernaufgaben sinnvoll | ist sehr offen für neue Lösungsansätze | hat viel Vertrauen in die eigenen Fähigkeiten | Arthur hatte kaum Fragen. Er kommt immer gut zurecht.,0.09285278848138001,-0.14587008721807998,0.341404699760078,-0.08603939724968002,0.10074532455704,-0.07936644585179997,-0.11265198224227002
2026-01-19,26,0,45,1444,2459,Elektrische Feldstärke: Allgemeine Aufgaben,"lob, aktivierungsfragen, metakognition, emotionale_stuetzung",0.46973915128684285,0.4184114149770002,0.11032817179316079,1,0,kognition,performanz,versteht die Grundlagen des aktuellen Themas größtenteils | hat zuletzt erkennbar von der individuellen Unterstützung beim Erlernen neuer Lernstrategien profitiert | setzt Prioritäten bei Lernaufgaben sinnvoll | ist sehr offen für neue Lösungsansätze | hat viel Vertrauen in die eigenen Fähigkeiten | Arthur hatte kaum Fragen. Er kommt immer gut zurecht.,-0.15502189373851,-0.23894178528918003,-0.27347385873689,0.05111478547873999,0.04780473914893002,0.17248674604310005,0.17347121549010003
2026-01-26,26,0,45,1443,2449,Weitere Themen: Elektromagnetismus,"aktivierungsfragen, metakognition",0.3100225482030252,0.8598604557799998,0.04805725730382138,1,0,performanz,regulation,"nutz zielgerichtet die im Nachhilfeunterricht vorhandene Hilfsmittel wie Lehrbücher, Arbeitsblätter, Kira oder Tipps des Nachhilfelehrers zum Lösen der Aufgaben | wendet meistens die in der Nachhilfe gelernten Lernstrategien auch außerhalb der Nachhilfestunde an | kann effektiv von einer Aufgabe zur anderen wechseln | fragt oft selbst nach neuen Aufgaben, wenn er eine Aufgabe beendet hat | dem Schüler gelingt es meistens, Flüchtigkeitsfehler zu vermeiden",0.04849611424728001,0.27793922146531,0.03159424678003998,0.0003026010610000518,-0.040414488060400044,-0.11750321629530003,-0.008559894073219998
2026-01-26,26,0,45,1443,2450,Weitere Themen: Elektromagnetismus,"aktivierungsfragen, metakognition",0.16834660728930284,0.6510548189275998,0.014170354791651185,1,0,regulation,methodik,"nutz zielgerichtet die im Nachhilfeunterricht vorhandene Hilfsmittel wie Lehrbücher, Arbeitsblätter, Kira oder Tipps des Nachhilfelehrers zum Lösen der Aufgaben | wendet meistens die in der Nachhilfe gelernten Lernstrategien auch außerhalb der Nachhilfestunde an | kann effektiv von einer Aufgabe zur anderen wechseln | fragt oft selbst nach neuen Aufgaben, wenn er eine Aufgabe beendet hat | dem Schüler gelingt es meistens, Flüchtigkeitsfehler zu vermeiden",0.023759452812479986,-0.12931558038757002,-0.07840357003614999,0.007312670994909953,0.04248903586899,0.049797829702889984,-0.02382881224922001
2026-01-26,26,0,45,1443,2451,Weitere Themen: Elektromagnetismus,"aktivierungsfragen, metakognition",0.28353158697640596,-1.7211522826263996,0.04019529897617746,1,0,methodik,performanz,"nutz zielgerichtet die im Nachhilfeunterricht vorhandene Hilfsmittel wie Lehrbücher, Arbeitsblätter, Kira oder Tipps des Nachhilfelehrers zum Lösen der Aufgaben | wendet meistens die in der Nachhilfe gelernten Lernstrategien auch außerhalb der Nachhilfestunde an | kann effektiv von einer Aufgabe zur anderen wechseln | fragt oft selbst nach neuen Aufgaben, wenn er eine Aufgabe beendet hat | dem Schüler gelingt es meistens, Flüchtigkeitsfehler zu vermeiden",0.05148982871903002,-0.17175076937189301,0.11163071291488001,-0.06979421297305999,-0.04748410839649997,0.13146917943333997,-0.10662597080687003
2026-01-26,26,0,45,1443,2452,Weitere Themen: Elektromagnetismus,"aktivierungsfragen, metakognition",0.15245827814241458,0.9521806549447001,0.011621831252840331,1,0,performanz,kognition,"nutz zielgerichtet die im Nachhilfeunterricht vorhandene Hilfsmittel wie Lehrbücher, Arbeitsblätter, Kira oder Tipps des Nachhilfelehrers zum Lösen der Aufgaben | wendet meistens die in der Nachhilfe gelernten Lernstrategien auch außerhalb der Nachhilfestunde an | kann effektiv von einer Aufgabe zur anderen wechseln | fragt oft selbst nach neuen Aufgaben, wenn er eine Aufgabe beendet hat | dem Schüler gelingt es meistens, Flüchtigkeitsfehler zu vermeiden",0.05284110701275002,0.006351687577460002,-0.030337595493069996,-0.018926674049359993,0.02656610876854998,-0.10887429979707997,0.08107428733240002
2026-01-26,26,0,45,1443,2453,Weitere Themen: Elektromagnetismus,"aktivierungsfragen, metakognition",0.46503253423066276,-1.6721217944509004,0.10812837432903832,1,0,kognition,performanz,"nutz zielgerichtet die im Nachhilfeunterricht vorhandene Hilfsmittel wie Lehrbücher, Arbeitsblätter, Kira oder Tipps des Nachhilfelehrers zum Lösen der Aufgaben | wendet meistens die in der Nachhilfe gelernten Lernstrategien auch außerhalb der Nachhilfestunde an | kann effektiv von einer Aufgabe zur anderen wechseln | fragt oft selbst nach neuen Aufgaben, wenn er eine Aufgabe beendet hat | dem Schüler gelingt es meistens, Flüchtigkeitsfehler zu vermeiden",-0.3290737101309701,0.155785781286173,0.14929525747245997,0.04416720939995,-0.17004057893546998,0.09781563180147002,0.14482758350297004
2025-11-11,28,0,40,1515,2719,"Der Satz: Satzarten, Wortarten, Wortarten umwandeln","lob, strukturierung, emotionale_stuetzung",0.20398723758004134,-1.6869398305811,0.02080553698143839,1,0,performanz,methodik,kann Gelerntes gut auf andere Fächer oder den Alltag übertragen | geht schulische Herausforderungen motivierter an | kann neue Informationen verlässlich aufnehmen und wiedergeben | Erfolge fördern die Motivation normalerweise | kann den eigenen Lösungsweg häufig nachvollziehbar schriftlich präsentieren,0.012177808166360049,0.011697266116315004,-0.07416947745583001,-0.04926647349491997,0.12451092742231001,-0.12704691636375998,0.04187458951922002
2025-11-11,28,0,40,1515,2720,"Der Satz: Satzarten, Wortarten, Wortarten umwandeln","lob, strukturierung, emotionale_stuetzung",0.2533481823586727,2.1235240802919004,0.03209285958897068,1,0,methodik,regulation,kann Gelerntes gut auf andere Fächer oder den Alltag übertragen | geht schulische Herausforderungen motivierter an | kann neue Informationen verlässlich aufnehmen und wiedergeben | Erfolge fördern die Motivation normalerweise | kann den eigenen Lösungsweg häufig nachvollziehbar schriftlich präsentieren,-0.05694305927179005,0.071538498856583,0.020094833829620004,0.08907774716344996,-0.18174134823053,0.06302744686775003,0.10239144781125997
2025-11-11,28,0,40,1515,2721,"Der Satz: Satzarten, Wortarten, Wortarten umwandeln","lob, strukturierung, emotionale_stuetzung",0.3291005585796429,-1.2818330920191006,0.05415388013108524,1,0,regulation,performanz,kann Gelerntes gut auf andere Fächer oder den Alltag übertragen | geht schulische Herausforderungen motivierter an | kann neue Informationen verlässlich aufnehmen und wiedergeben | Erfolge fördern die Motivation normalerweise | kann den eigenen Lösungsweg häufig nachvollziehbar schriftlich präsentieren,-0.09923059506309001,0.10565665353168,0.19390879161727,0.07595408022571004,-0.12459644998813002,0.09585642714119996,-0.13861733831675
2025-11-11,28,0,40,1515,2722,"Der Satz: Satzarten, Wortarten, Wortarten umwandeln","lob, strukturierung, emotionale_stuetzung",0.34989461253581156,1.2491654492212998,0.06121345022761393,1,0,performanz,kognition,kann Gelerntes gut auf andere Fächer oder den Alltag übertragen | geht schulische Herausforderungen motivierter an | kann neue Informationen verlässlich aufnehmen und wiedergeben | Erfolge fördern die Motivation normalerweise | kann den eigenen Lösungsweg häufig nachvollziehbar schriftlich präsentieren,0.1338518685035,-0.020011819478509996,-0.19115803612864002,-0.08370708860143,0.20967491930590998,-0.12569836926205996,0.02824041396828003
2025-11-25,28,0,40,1512,2708,"Wortarten: Personalpronomen, Bericht schreiben","metakognition, emotionale_stuetzung",0.17916839531030146,0.07025860731220046,0.01605072877800162,1,0,kognition,performanz,"kann erlerntes Wissen auch bei unangekündigten Tests zuverlässig abrufen | Fähigkeit zum Verstehen und Analysieren komplexer Sachverhalte hat sich über die letzten Wochen verbessert | bereitet sich meistens auf Aufgaben vor, die wahrscheinlich in einer Klassenarbeit oder Leistungskontrolle vorkommen | zeigt meistens Engagement bei der Vorbereitung auf die Nachhilfestunden | wird von schwierigeren Aufgaben meistens motiviert",-0.056821939873509975,-0.029225577706549988,0.12649670494775,0.029364316183469963,-0.08811541064567996,0.052426198135839985,0.025336443377119988
2025-11-25,28,0,40,1512,2709,"Wortarten: Personalpronomen, Bericht schreiben","metakognition, emotionale_stuetzung",0.2300090108928687,0.2164144980938003,0.026452187315846087,1,0,performanz,kognition,"kann erlerntes Wissen auch bei unangekündigten Tests zuverlässig abrufen | Fähigkeit zum Verstehen und Analysieren komplexer Sachverhalte hat sich über die letzten Wochen verbessert | bereitet sich meistens auf Aufgaben vor, die wahrscheinlich in einer Klassenarbeit oder Leistungskontrolle vorkommen | zeigt meistens Engagement bei der Vorbereitung auf die Nachhilfestunden | wird von schwierigeren Aufgaben meistens motiviert",0.10878927584048004,-0.136302061519701,-0.09523120842189,-0.09370208528742996,0.06488048906414001,-0.01963858309883998,-0.006824289520609983
2025-11-25,28,0,40,1512,2711,"Wortarten: Personalpronomen, Bericht schreiben","metakognition, emotionale_stuetzung",0.475695316636319,-1.7304945503395004,0.11314363525264537,0,0,kognition,kognition,"kann erlerntes Wissen auch bei unangekündigten Tests zuverlässig abrufen | Fähigkeit zum Verstehen und Analysieren komplexer Sachverhalte hat sich über die letzten Wochen verbessert | bereitet sich meistens auf Aufgaben vor, die wahrscheinlich in einer Klassenarbeit oder Leistungskontrolle vorkommen | zeigt meistens Engagement bei der Vorbereitung auf die Nachhilfestunden | wird von schwierigeren Aufgaben meistens motiviert",0.07457041558922994,0.227311858330091,0.22940139357331998,0.000969994365249971,-0.03306887137491005,-0.10289789242502001,-0.323646627773451
2025-12-02,28,0,40,1509,2698,Berichten: Bericht schreiben,"regelhinweise, emotionale_stuetzung",0.4558755723011324,1.2535961205869999,0.10391186113394646,0,0,kognition,kognition,nutzt regelmäßig erlaubte Hilfsmittel zum Lösen von Aufgaben | konnte in den vergangenen Wochen elementare neue Lernstrategien durch die Nachhilfe entwickeln | ist allgemein motiviert | hat geplante Zeit überwiegend sinnvoll genutzt | ist bereit neue Lernmethoden auszuprobieren,-0.11754230533499999,-0.14768409045879,-0.19686908759223998,0.012715174959320008,0.04488876937837,0.07718009859957997,0.353984280361411
2025-12-02,28,0,40,1509,2699,Berichten: Bericht schreiben,"regelhinweise, emotionale_stuetzung",0.08380892262482026,0.5976704872873002,0.003511983286449305,0,0,kognition,kognition,nutzt regelmäßig erlaubte Hilfsmittel zum Lösen von Aufgaben | konnte in den vergangenen Wochen elementare neue Lernstrategien durch die Nachhilfe entwickeln | ist allgemein motiviert | hat geplante Zeit überwiegend sinnvoll genutzt | ist bereit neue Lernmethoden auszuprobieren,0.02924364848798,-0.058891806031748,-0.037284835198449995,0.01264496092252998,0.009343720687140011,0.0024231047912000037,-0.03251567608627004
2025-12-02,28,0,40,1509,2700,Berichten: Bericht schreiben,"regelhinweise, emotionale_stuetzung",0.12204041679504724,-1.6591378226541003,0.0074469704514597,1,0,kognition,performanz,nutzt regelmäßig erlaubte Hilfsmittel zum Lösen von Aufgaben | konnte in den vergangenen Wochen elementare neue Lernstrategien durch die Nachhilfe entwickeln | ist allgemein motiviert | hat geplante Zeit überwiegend sinnvoll genutzt | ist bereit neue Lernmethoden auszuprobieren,-0.06735766185478004,-0.0027690072616509964,0.04069612980203999,0.020334107017830005,-0.009609403781690007,0.08179397225833002,-0.03868973884426996
2025-12-02,28,0,40,1509,2701,Berichten: Bericht schreiben,"regelhinweise, emotionale_stuetzung",0.31192868117012007,0.3197754191348001,0.04865004289066943,1,0,performanz,motivation,nutzt regelmäßig erlaubte Hilfsmittel zum Lösen von Aufgaben | konnte in den vergangenen Wochen elementare neue Lernstrategien durch die Nachhilfe entwickeln | ist allgemein motiviert | hat geplante Zeit überwiegend sinnvoll genutzt | ist bereit neue Lernmethoden auszuprobieren,-0.11833882339752,0.208823460777309,0.06762470857326,0.12374444433904003,-0.09113636506688,-0.08756390188646002,0.06187992062719
2025-12-09,28,0,40,1507,2690,Groß- und Kleinschreibung: Substantivierung,"lob, strukturierung, metakognition",0.43163434416673163,-0.30285238609950005,0.09315466076230017,1,0,motivation,kognition,versteht die Grundlagen des aktuellen Themas größtenteils | das selbstständige Lernverhalten hat sich in den letzten Wochen etwas verbessert | achtet sorgfältig darauf gemachte Fehler in ähnlichen Aufgaben zu vermeiden | kann sich gut an früher Gelerntes erinnern und es nutzen | geht strukturiert an Aufgaben heran,0.25540539393641,-0.23277047131540402,-0.162835054041717,-0.19518610154586002,0.045846100357090025,0.010637692492260042,-0.00814278914651001
2025-12-09,28,0,40,1507,2691,Groß- und Kleinschreibung: Substantivierung,"lob, strukturierung, metakognition",0.35850718088015326,0.07501729795409995,0.06426409655594345,1,0,kognition,regulation,versteht die Grundlagen des aktuellen Themas größtenteils | das selbstständige Lernverhalten hat sich in den letzten Wochen etwas verbessert | achtet sorgfältig darauf gemachte Fehler in ähnlichen Aufgaben zu vermeiden | kann sich gut an früher Gelerntes erinnern und es nutzen | geht strukturiert an Aufgaben heran,-0.15672657624803998,0.20435250459583398,0.185471436996487,-0.021575026820280008,-0.007927790892970021,-0.09188712630435003,0.13723339000716994
2025-12-09,28,0,40,1507,2692,Groß- und Kleinschreibung: Substantivierung,"lob, strukturierung, metakognition",0.2147239652775679,0.42617044364520007,0.023053323351835853,1,0,regulation,kognition,versteht die Grundlagen des aktuellen Themas größtenteils | das selbstständige Lernverhalten hat sich in den letzten Wochen etwas verbessert | achtet sorgfältig darauf gemachte Fehler in ähnlichen Aufgaben zu vermeiden | kann sich gut an früher Gelerntes erinnern und es nutzen | geht strukturiert an Aufgaben heran,0.09780890879000004,-0.12581265856600998,-0.12906376610929998,0.026500807393410042,0.021684151109960026,0.024757537944990027,-0.047624436596229947
2025-12-09,28,0,40,1507,2693,Groß- und Kleinschreibung: Substantivierung,"lob, strukturierung, metakognition",0.23216576207556827,0.5153808305854004,0.026950607310164854,1,0,kognition,performanz,versteht die Grundlagen des aktuellen Themas größtenteils | das selbstständige Lernverhalten hat sich in den letzten Wochen etwas verbessert | achtet sorgfältig darauf gemachte Fehler in ähnlichen Aufgaben zu vermeiden | kann sich gut an früher Gelerntes erinnern und es nutzen | geht strukturiert an Aufgaben heran,-0.06415546540074002,-0.071040215508252,0.0015489094174599982,0.07734088053055999,-0.01033382559167001,0.15474419848798,-0.1212507289925
2025-12-16,28,0,40,1505,2681,Lesen: Leseverstehen,"regelhinweise, metakognition",0.15146244971715417,0.02797573014679955,0.011470491078633183,1,0,performanz,kognition,"nutzt regelmäßig erlaubte Hilfsmittel zum Lösen von Aufgaben | das Zeitmanagement des Schülers hat sich etwas verbessert | erreicht in der Regel vereinbarte Lernziele, die während des Nachhilfeunterrichts für ihn festgelegt wurden | kann effektiv von einer Aufgabe zur anderen wechseln | versteht überwiegend, dass es trotz (kleinen) Erfolgen wichtig sein kann, weiter zu üben",0.024120575686690016,0.078108193309922,0.033842470560219995,-0.04380407183723001,0.042133413179019974,-0.09490547778395003,0.04911005903142002
2025-12-16,28,0,40,1505,2682,Lesen: Leseverstehen,"regelhinweise, metakognition",0.4512079418006645,-2.6276722743625,0.10179517325981557,1,0,kognition,regulation,"nutzt regelmäßig erlaubte Hilfsmittel zum Lösen von Aufgaben | das Zeitmanagement des Schülers hat sich etwas verbessert | erreicht in der Regel vereinbarte Lernziele, die während des Nachhilfeunterrichts für ihn festgelegt wurden | kann effektiv von einer Aufgabe zur anderen wechseln | versteht überwiegend, dass es trotz (kleinen) Erfolgen wichtig sein kann, weiter zu üben",-0.28813801439362,0.13173550705077,0.04022260473417,0.00785867936732998,-0.16024697844386,-0.06564597919727,0.26747475045173
2025-12-16,28,0,40,1505,2683,Lesen: Leseverstehen,"regelhinweise, metakognition",0.3364455122368777,1.8594612811484001,0.05659830449345271,1,0,regulation,performanz,"nutzt regelmäßig erlaubte Hilfsmittel zum Lösen von Aufgaben | das Zeitmanagement des Schülers hat sich etwas verbessert | erreicht in der Regel vereinbarte Lernziele, die während des Nachhilfeunterrichts für ihn festgelegt wurden | kann effektiv von einer Aufgabe zur anderen wechseln | versteht überwiegend, dass es trotz (kleinen) Erfolgen wichtig sein kann, weiter zu üben",0.10576010619747,-0.054234920490590005,-0.045363878278040004,0.11920591038273004,0.09448229790720003,0.12537721116017003,-0.24115280595939004
2025-12-16,28,0,40,1505,2684,Lesen: Leseverstehen,"regelhinweise, metakognition",0.3222684942811033,-0.4663986244538001,0.05192881321548937,0,0,performanz,performanz,"nutzt regelmäßig erlaubte Hilfsmittel zum Lösen von Aufgaben | das Zeitmanagement des Schülers hat sich etwas verbessert | erreicht in der Regel vereinbarte Lernziele, die während des Nachhilfeunterrichts für ihn festgelegt wurden | kann effektiv von einer Aufgabe zur anderen wechseln | versteht überwiegend, dass es trotz (kleinen) Erfolgen wichtig sein kann, weiter zu üben",0.17691166080417003,-0.169675231657923,0.009548096253170019,-0.12290658929647003,0.021081403480749994,0.08211359496550996,-0.14623713124279003
2025-12-16,28,0,40,1505,2685,Lesen: Leseverstehen,"regelhinweise, metakognition",0.2798878143057191,0.01691132755529967,0.039168853929175906,1,0,performanz,motivation,"nutzt regelmäßig erlaubte Hilfsmittel zum Lösen von Aufgaben | das Zeitmanagement des Schülers hat sich etwas verbessert | erreicht in der Regel vereinbarte Lernziele, die während des Nachhilfeunterrichts für ihn festgelegt wurden | kann effektiv von einer Aufgabe zur anderen wechseln | versteht überwiegend, dass es trotz (kleinen) Erfolgen wichtig sein kann, weiter zu üben",-0.05777863044642001,0.029195200597217,0.04505459056642,0.16194977618782996,-0.11432469220336,-0.12423965142279997,0.13184531220794005
2026-01-13,28,0,40,1500,2656,Der Satz: Hauptsatz und Nebensatz,"lob, aktivierungsfragen, regelhinweise",0.20410369472550455,1.2118554984500003,0.02082927709321536,1,0,motivation,performanz,kann sein Wissen in Testsituationen bzw. unter Druck gut anwenden | die Organisationsfähigkeit des Schülers hat sich in letzter Zeit etwas verbessert | stellt regelmäßig Fragen im Nachhilfeunterricht | erinnert sich nur teilweise an besprochene Inhalte aus den letzten Nachhilfestunden | bittet aktiv um Feedback,0.009650045042929989,0.133723902786206,0.04876591673821001,-0.09797174105115997,0.081815747233,0.027809549463039984,-0.06511027905294003
2026-01-13,28,0,40,1500,2657,Der Satz: Hauptsatz und Nebensatz,"lob, aktivierungsfragen, regelhinweise",0.2881878637833887,-1.6540074446828,0.041526381140387314,1,0,performanz,kognition,kann sein Wissen in Testsituationen bzw. unter Druck gut anwenden | die Organisationsfähigkeit des Schülers hat sich in letzter Zeit etwas verbessert | stellt regelmäßig Fragen im Nachhilfeunterricht | erinnert sich nur teilweise an besprochene Inhalte aus den letzten Nachhilfestunden | bittet aktiv um Feedback,0.14103349304744,-0.03104982404131998,-0.030953000798370017,-0.19745699072199,0.07866087988394,-0.11803975790807997,0.04614582519960003
2026-01-13,28,0,40,1500,2658,Der Satz: Hauptsatz und Nebensatz,"lob, aktivierungsfragen, regelhinweise",0.354508043082322,1.7257939042867,0.06283836534110754,1,0,kognition,regulation,kann sein Wissen in Testsituationen bzw. unter Druck gut anwenden | die Organisationsfähigkeit des Schülers hat sich in letzter Zeit etwas verbessert | stellt regelmäßig Fragen im Nachhilfeunterricht | erinnert sich nur teilweise an besprochene Inhalte aus den letzten Nachhilfestunden | bittet aktiv um Feedback,-0.18485670190487002,0.10621647265554998,-0.14231743872393,0.21990232567845,-0.06470732783567001,0.03558783280301997,0.07846779584355001
2026-01-13,28,0,40,1500,2659,Der Satz: Hauptsatz und Nebensatz,"lob, aktivierungsfragen, regelhinweise",0.39273719806856844,-1.3517786532974,0.07712169309085415,1,0,regulation,kognition,kann sein Wissen in Testsituationen bzw. unter Druck gut anwenden | die Organisationsfähigkeit des Schülers hat sich in letzter Zeit etwas verbessert | stellt regelmäßig Fragen im Nachhilfeunterricht | erinnert sich nur teilweise an besprochene Inhalte aus den letzten Nachhilfestunden | bittet aktiv um Feedback,0.22382900733739997,-0.233556429839925,0.004873726615389998,-0.14958668822087,0.029199822919380003,0.05956751296228002,-0.15097558590212
2026-01-20,28,0,40,1498,2647,Der Satz: Hauptsatz und Nebensatz,emotionale_stuetzung,0.2390440764962766,-0.3740152509893,0.028571242443012346,0,0,kognition,kognition,hat sich teilweise in den zuvor als herausfordernd eingeschätzten Bereichen verbessert | die Organisationsfähigkeit des Schülers hat sich in letzter Zeit etwas verbessert | kann sie mittelmäßig inhaltlich wiedergeben | kann Feedback wenig erfolgreich umsetzen | braucht ab und zu Ermutigung nach Misserfolgen | Die beiden lenken sich gegenseitig ab.,-0.03897230543252994,0.12733995718437502,0.13744371210854,-0.07031563745757999,0.03550750491629001,-0.09515534576529999,0.07250779005857
2026-01-20,28,0,40,1498,2648,Der Satz: Hauptsatz und Nebensatz,emotionale_stuetzung,0.6860974902612325,-2.3171071177038103,0.2353746259369326,1,0,kognition,performanz,hat sich teilweise in den zuvor als herausfordernd eingeschätzten Bereichen verbessert | die Organisationsfähigkeit des Schülers hat sich in letzter Zeit etwas verbessert | kann sie mittelmäßig inhaltlich wiedergeben | kann Feedback wenig erfolgreich umsetzen | braucht ab und zu Ermutigung nach Misserfolgen | Die beiden lenken sich gegenseitig ab.,-0.05522885481601003,-0.04802747985509001,-0.166297124599803,0.048254639252250014,-0.26336238650533,0.40892625790452997,-0.445880282170148
2026-01-20,28,0,40,1498,2650,Der Satz: Hauptsatz und Nebensatz,emotionale_stuetzung,1.8667895360622058,2.16016863189951,1.7425241541127126,0,1,performanz,performanz,hat sich teilweise in den zuvor als herausfordernd eingeschätzten Bereichen verbessert | die Organisationsfähigkeit des Schülers hat sich in letzter Zeit etwas verbessert | kann sie mittelmäßig inhaltlich wiedergeben | kann Feedback wenig erfolgreich umsetzen | braucht ab und zu Ermutigung nach Misserfolgen | Die beiden lenken sich gegenseitig ab.,-0.74264128198237,-0.26923381140025,-0.37473935690930704,-0.63287253553584,-0.43981069101976,-1.35659293199371,-0.534944103736912
2026-01-27,28,0,40,1496,2636,Der Satz: Hauptsatz und Nebensatz (Konjunktionen),"strukturierung, aktivierungsfragen, metakognition, emotionale_stuetzung",1.9579685597495722,-0.7006676784557999,1.9168394452685424,0,1,performanz,performanz,"nutzt die Tipps, die Sie ihm gegeben haben, meistens | konnte in den letzten Wochen das Vertrauen in seine eigenen Fähigkeiten teilweise verbessern | hält seine Lernmaterialien und Notizen ordentlich und übersichtlich (strukturiert) | antwortet auf spontane Fragen zufriedenstellend | fragt selten selbst nach neuen Aufgaben, wenn er eine Aufgabe beendet hat",0.6206401704800399,0.204155940295871,0.330276285796248,0.79446890968423,0.6695820845881599,1.0918790980455,1.01289861567283
2026-01-27,28,0,40,1496,2637,Der Satz: Hauptsatz und Nebensatz (Konjunktionen),"strukturierung, aktivierungsfragen, metakognition, emotionale_stuetzung",0.510994071418944,1.9567291625270997,0.13055858144987575,1,0,performanz,kognition,"nutzt die Tipps, die Sie ihm gegeben haben, meistens | konnte in den letzten Wochen das Vertrauen in seine eigenen Fähigkeiten teilweise verbessern | hält seine Lernmaterialien und Notizen ordentlich und übersichtlich (strukturiert) | antwortet auf spontane Fragen zufriedenstellend | fragt selten selbst nach neuen Aufgaben, wenn er eine Aufgabe beendet hat",0.21019490078378006,0.14213125322249898,0.295650127662422,-0.16723654135858002,0.05161273807033001,-0.137656895505,-0.24442053351473997
2026-01-27,28,0,40,1496,2638,Der Satz: Hauptsatz und Nebensatz (Konjunktionen),"strukturierung, aktivierungsfragen, metakognition, emotionale_stuetzung",0.46071575012653515,1.2842310194227005,0.10613000306268061,1,0,kognition,regulation,"nutzt die Tipps, die Sie ihm gegeben haben, meistens | konnte in den letzten Wochen das Vertrauen in seine eigenen Fähigkeiten teilweise verbessern | hält seine Lernmaterialien und Notizen ordentlich und übersichtlich (strukturiert) | antwortet auf spontane Fragen zufriedenstellend | fragt selten selbst nach neuen Aufgaben, wenn er eine Aufgabe beendet hat",-0.23060814467345003,-0.06178961316212998,-0.21546473030182,0.16125714631914,-0.013248461049729987,0.05969141932088001,0.28123553336384
2026-01-27,28,0,40,1496,2639,Der Satz: Hauptsatz und Nebensatz (Konjunktionen),"strukturierung, aktivierungsfragen, metakognition, emotionale_stuetzung",0.24506433659276972,-1.2743784135729004,0.03002840631196657,1,0,regulation,motivation,"nutzt die Tipps, die Sie ihm gegeben haben, meistens | konnte in den letzten Wochen das Vertrauen in seine eigenen Fähigkeiten teilweise verbessern | hält seine Lernmaterialien und Notizen ordentlich und übersichtlich (strukturiert) | antwortet auf spontane Fragen zufriedenstellend | fragt selten selbst nach neuen Aufgaben, wenn er eine Aufgabe beendet hat",-0.0129531085647,0.1781101383821,0.00024548821573000534,0.06803272565922996,-0.11633839677028002,0.050655683027410026,-0.08623451653795
2026-01-27,28,0,40,1496,2640,Der Satz: Hauptsatz und Nebensatz (Konjunktionen),"strukturierung, aktivierungsfragen, metakognition, emotionale_stuetzung",0.35363946513706707,-0.03008352011389981,0.06253077572586574,1,0,motivation,kognition,"nutzt die Tipps, die Sie ihm gegeben haben, meistens | konnte in den letzten Wochen das Vertrauen in seine eigenen Fähigkeiten teilweise verbessern | hält seine Lernmaterialien und Notizen ordentlich und übersichtlich (strukturiert) | antwortet auf spontane Fragen zufriedenstellend | fragt selten selbst nach neuen Aufgaben, wenn er eine Aufgabe beendet hat",0.16976590841435002,-0.261162497343537,0.03427432085198,-0.14245342542755995,0.07929409228270001,-0.010689085534160037,-0.012846809625919997
2025-12-23,29,0,40,1503,2673,Weitere Themen: Rechtschreibung: Groß- und Kleinschreibung,"lob, regelhinweise",0.23344861221405025,0.16268137087320067,0.027249260442570478,1,0,regulation,kognition,"müssen regelmäßig an grundlegende Vorgehensweisen des Faches DEU erinnert werden | die Einstellung des Schülers zum Lernen hat sich in letzter Zeit verbessert | gibt stets zu erkennen, wenn er ein Problem mit einer Aufgabenstellung hat | kann Feedback erfolgreich umsetzen | die Arbeitsgeschwindigkeit des Schülers ist schnell | Dmytro und Volodymyr lenken sich gegenseitig etwas ab, aber erledigen ihre Aufgaben nach Ermahnung ordentlich und gut.",0.07780989447187997,0.06841481970360999,0.15788639386406,-0.010227123338309996,-0.016728586800099976,-0.0031270752964699944,-0.13579748037592998
2025-12-23,29,0,40,1503,2674,Weitere Themen: Rechtschreibung: Groß- und Kleinschreibung,"lob, regelhinweise",0.3355666248019711,-0.3808059599096003,0.05630276306416848,1,0,kognition,regulation,"müssen regelmäßig an grundlegende Vorgehensweisen des Faches DEU erinnert werden | die Einstellung des Schülers zum Lernen hat sich in letzter Zeit verbessert | gibt stets zu erkennen, wenn er ein Problem mit einer Aufgabenstellung hat | kann Feedback erfolgreich umsetzen | die Arbeitsgeschwindigkeit des Schülers ist schnell | Dmytro und Volodymyr lenken sich gegenseitig etwas ab, aber erledigen ihre Aufgaben nach Ermahnung ordentlich und gut.",-0.09621137959519,0.08463750430001002,-0.29333323404565903,0.06303632962201,0.04019589187281997,-0.028077864746699988,0.06134151712468
2025-12-23,29,0,40,1503,2676,Weitere Themen: Rechtschreibung: Groß- und Kleinschreibung,"lob, regelhinweise",0.38655047624180283,-0.6939168244178999,0.07471107318650205,1,0,regulation,performanz,"müssen regelmäßig an grundlegende Vorgehensweisen des Faches DEU erinnert werden | die Einstellung des Schülers zum Lernen hat sich in letzter Zeit verbessert | gibt stets zu erkennen, wenn er ein Problem mit einer Aufgabenstellung hat | kann Feedback erfolgreich umsetzen | die Arbeitsgeschwindigkeit des Schülers ist schnell | Dmytro und Volodymyr lenken sich gegenseitig etwas ab, aber erledigen ihre Aufgaben nach Ermahnung ordentlich und gut.",-0.09086428444646,0.001275806187010009,0.31867558255723905,-0.015495676591950003,-0.16101657447419998,0.11542299674828,-0.010967062887279999
2025-11-04,30,0,40,1517,2728,Weitere Themen: Wortschatz erweitern + festigen,"lob, strukturierung, aktivierungsfragen, metakognition",0.3963849823929982,-0.8526858507396997,0.07856096881661401,1,0,kognition,performanz,"kann sein Wissen in Testsituationen genauso gut wie im Unterricht anwenden | Beteiligung am Unterricht hat sich verbessert | zeigt meistens Engagement bei der Vorbereitung auf die Nachhilfestunden | kann Informationen gut nach ihrer Wichtigkeit unterscheiden | versteht überwiegend, dass es trotz (kleinen) Erfolgen wichtig sein kann, weiter zu üben | Dmytro ist sehr wissbegierig und setzt seine Aufgaben strukturiert um.",-0.14325834005401994,0.291024508187913,-0.14465558732934902,0.13529873108197998,-0.05548658548120999,-0.03433064713375,0.09173057193035
2025-11-04,30,0,40,1517,2729,Weitere Themen: Wortschatz erweitern + festigen,"lob, strukturierung, aktivierungsfragen, metakognition",0.5073773083150998,-0.19152735163760015,0.12871670160158344,1,0,performanz,kognition,"kann sein Wissen in Testsituationen genauso gut wie im Unterricht anwenden | Beteiligung am Unterricht hat sich verbessert | zeigt meistens Engagement bei der Vorbereitung auf die Nachhilfestunden | kann Informationen gut nach ihrer Wichtigkeit unterscheiden | versteht überwiegend, dass es trotz (kleinen) Erfolgen wichtig sein kann, weiter zu üben | Dmytro ist sehr wissbegierig und setzt seine Aufgaben strukturiert um.",0.18171808936752998,-0.05267799356260999,0.328134643201359,-0.10102749426967,0.01324048642090997,-0.10697654577527999,-0.30354094862134096
2025-11-04,30,0,40,1517,2730,Weitere Themen: Wortschatz erweitern + festigen,"lob, strukturierung, aktivierungsfragen, metakognition",0.5005621475092924,0.7909134706377001,0.12528198214933184,1,0,kognition,performanz,"kann sein Wissen in Testsituationen genauso gut wie im Unterricht anwenden | Beteiligung am Unterricht hat sich verbessert | zeigt meistens Engagement bei der Vorbereitung auf die Nachhilfestunden | kann Informationen gut nach ihrer Wichtigkeit unterscheiden | versteht überwiegend, dass es trotz (kleinen) Erfolgen wichtig sein kann, weiter zu üben | Dmytro ist sehr wissbegierig und setzt seine Aufgaben strukturiert um.",-0.10827106027257005,-0.23081175023880998,-0.22690295391926998,0.03685208905269999,-0.027352095061929982,0.16021802989280004,0.326044162355991
2025-11-04,30,0,40,1517,2731,Weitere Themen: Wortschatz erweitern + festigen,"lob, strukturierung, aktivierungsfragen, metakognition",0.21339956952554948,-0.7550156401633004,0.022769823615421236,1,0,performanz,motivation,"kann sein Wissen in Testsituationen genauso gut wie im Unterricht anwenden | Beteiligung am Unterricht hat sich verbessert | zeigt meistens Engagement bei der Vorbereitung auf die Nachhilfestunden | kann Informationen gut nach ihrer Wichtigkeit unterscheiden | versteht überwiegend, dass es trotz (kleinen) Erfolgen wichtig sein kann, weiter zu üben | Dmytro ist sehr wissbegierig und setzt seine Aufgaben strukturiert um.",-0.07251612290082993,0.020148215279493998,0.07949527960275002,0.14197086254803998,-0.08676710481896999,-0.06543275578761004,0.039870243462910016
2025-11-04,30,0,40,1517,2732,Weitere Themen: Wortschatz erweitern + festigen,"lob, strukturierung, aktivierungsfragen, metakognition",0.3170738369953184,1.0106722626223004,0.05026819972407415,0,0,motivation,motivation,"kann sein Wissen in Testsituationen genauso gut wie im Unterricht anwenden | Beteiligung am Unterricht hat sich verbessert | zeigt meistens Engagement bei der Vorbereitung auf die Nachhilfestunden | kann Informationen gut nach ihrer Wichtigkeit unterscheiden | versteht überwiegend, dass es trotz (kleinen) Erfolgen wichtig sein kann, weiter zu üben | Dmytro ist sehr wissbegierig und setzt seine Aufgaben strukturiert um.",-0.10389853071491001,0.264789701952026,0.08437337405603001,-0.0008103157034899944,0.05930646694380998,-0.029577130877119995,-0.09008740538475002
