perspektive,id,id_mtr_rueckkopplung_datenmaske,datum,lehrkraft_id,gruppe_id,satz_anzahl,token_anzahl_gesamt,funktionsklassen_anzahl_gesamt,x_kognition,x_sozial,x_affektiv,x_motivation,x_methodik,x_performanz,x_regulation,sum_kognition,sum_sozial,sum_affektiv,sum_motivation,sum_methodik,sum_performanz,sum_regulation,dominante_dimension,dominante_dimension_wert,dominante_dimension_anteil,polaritaet_gesamt,polaritaet_spannung,d_semantisch,d_semantisch_mean,d_semantisch_max,streuung_gesamt,kohaerenz_index,konflikt_index,zeitphase,ist_fokusgruppe_4,ist_lehrkraft_1_thiele,tage_zum_ereignis_080126
alle_lehrkraefte,589,1710,2023-12-04,36,0,1,1,1,0.0,0.5012089587606,0.47283864034019,0.63045152045358,0.0,0.31459530870634,0.16959145900201,0.0,0.795,0.75,1.0,0.0,0.499,0.269,motivation,1.0,0.30184123151222,1,0.0,1.5861547843764,1.5861547843764,1.5861547843764,0.0,1.0,0.0,vor_abwesenheit,0,0,-766
alle_lehrkraefte,588,1709,2023-12-11,36,0,1,2,2,0.19007534731641,0.33608286949943,0.31705931084852,0.57996767499582,0.18032789360788,0.41198079716444,0.4601910203311,0.44962095611006,0.795,0.75,1.3719065845528,0.42656347118134,0.97453563828931,1.0885763434124,motivation,1.3719065845528,0.23426554476762,1,0.0,2.3654780154531,2.3654780154531,2.3654780154531,0.0,1.0,0.0,vor_abwesenheit,0,0,-759
alle_lehrkraefte,587,1707,2023-12-18,36,0,1,23,7,0.42861166783918,0.067278353473262,0.16109029288319,0.40776774432032,0.38216693612708,0.51637264104704,0.45480164000885,2.0206399572948,0.31717598817232,0.75944148737973,1.9223736993058,1.8016816606706,2.4343788787033,2.1441095411101,performanz,2.4343788787033,0.21354573060492,1,0.0,4.7143739258547,4.7143739258547,4.7143739258547,2.2204460492503e-16,1.0,1.5543122344752e-16,vor_abwesenheit,0,0,-752
alle_lehrkraefte,586,1706,2023-12-20,34,4,1,5,3,0.2570329139412,0.0,0.35052814996317,0.65386300441248,0.23229114057317,0.35941121124614,0.44764279361541,0.67593321635133,0.0,0.92180264462353,1.7194985531183,0.61086845015291,0.94516290651364,1.1771902229385,motivation,1.7194985531183,0.28419321699211,1,0.0,2.6297435439604,2.6297435439604,2.6297435439604,1.1102230246252e-16,1.0,7.7715611723761e-17,vor_abwesenheit,1,0,-750
alle_lehrkraefte,585,1701,2024-01-15,37,0,3,19,9,0.48641988732027,0.0,0.17283859497569,0.33061781346532,0.35722365012476,0.49913290004209,0.28584157347971,1.118598502458,0.0,0.44942262984592,1.0965823101843,0.89468694207901,1.4638106581925,0.96089767765329,performanz,1.4638106581925,0.2446208173807,1,0.0,2.5538728995806,2.6863788063898,3.4913685710866,1.2583909272345,0.44279313556423,0.88087364906417,vor_abwesenheit,0,0,-724
alle_lehrkraefte,584,1698,2024-01-22,41,0,1,9,4,0.57238605652408,0.0,0.17610549762539,0.27769644826499,0.37209053273353,0.606990362491,0.23947100375361,1.0686513314124,0.0,0.32879098357022,0.51846245341654,0.69469729159086,1.1332579674803,0.4470951101605,performanz,1.1332579674803,0.27040565462148,1,0.0,1.8670014675784,1.8670014675784,1.8670014675784,0.0,1.0,0.0,vor_abwesenheit,0,0,-717
alle_lehrkraefte,583,1697,2024-01-24,38,4,1,9,4,0.78127282049294,0.0,0.089240397745375,0.11312483161997,0.48901700203676,0.26965918858486,0.23872476651964,1.8418775975492,0.0,0.21038731297459,0.26669568890913,1.1528744341879,0.63573082974315,0.56280186370141,kognition,1.8418775975492,0.39437528374378,1,0.0,2.3575244607369,2.3575244607369,2.3575244607369,0.0,1.0,0.0,vor_abwesenheit,1,0,-715
alle_lehrkraefte,582,1694,2024-02-05,37,0,2,18,6,0.35650069958735,0.0,0.2877271880223,0.55694845318942,0.31456150081335,0.42706670495099,0.42593284991089,1.1493600730049,0.0,0.80909660692186,1.58127494453,1.01202098867,1.295847957376,1.2634300823122,motivation,1.58127494453,0.22236930506044,1,0.0,2.9623909819577,2.9798459942807,3.8869384435952,1.1522784847338,0.46462388909847,0.80659493931369,vor_abwesenheit,0,0,-703
alle_lehrkraefte,581,1693,2024-02-12,37,0,1,1,1,0.34036261745856,0.0,0.0,0.39205477040592,0.32290812425556,0.41890783687208,0.67132666165397,0.507,0.0,0.0,0.584,0.481,0.624,1.0,regulation,1.0,0.31289111389237,1,0.0,1.4895777925305,1.4895777925305,1.4895777925305,0.0,1.0,0.0,vor_abwesenheit,0,0,-696
alle_lehrkraefte,580,1692,2024-02-26,37,0,3,32,11,-0.10217555541254,0.0,-0.028458419909197,-0.10844689598431,-0.056200421527653,-0.065092680644764,-0.029545013618665,-1.4337347658496,0.0,-0.35503560207559,-0.76715658083064,-0.89901599895863,-0.88720369494064,-0.35652600122673,kognition,-1.4337347658496,0.27478207831687,-1,0.77777777777778,2.1195862401208,3.6223265445239,5.0371377976649,3.3195905847821,0.23150342153328,2.5570467426808,vor_abwesenheit,0,0,-682
alle_lehrkraefte,579,1690,2024-03-04,37,0,1,31,10,0.51895054923805,0.086324079939407,0.19096321226075,0.40749175625108,0.42947313942885,0.50013849904149,0.2934826622711,2.4524754450753,0.40795348743912,0.90246091784625,1.9257394134059,2.0296198362544,2.3635727716966,1.3869510762287,kognition,2.4524754450753,0.21383939295044,1,0.0,4.7258264957434,4.7258264957434,4.7258264957434,0.0,1.0,0.0,vor_abwesenheit,0,0,-675
alle_lehrkraefte,578,1688,2024-03-11,37,0,2,6,4,0.53371933300841,0.0,0.19296913997681,0.25954178906149,0.36670341738983,0.59881941218908,0.23115631358847,0.95493414930517,0.0,0.35213766304563,0.45171589055593,0.65113222313567,1.0693425963986,0.38431257509789,performanz,1.0693425963986,0.27677541380774,1,0.0,1.7190434330992,1.7689540173543,1.8248292623191,0.32463501354241,0.75492493386971,0.22724450947968,vor_abwesenheit,0,0,-668
alle_lehrkraefte,577,1684,2024-03-25,37,0,3,44,13,0.39507065639278,0.14776584136883,0.27867312771465,0.4271139887165,0.35516787456466,0.43672128086278,0.37627511830574,1.6313262442948,0.50485446047011,1.0063903070012,1.6446122602353,1.4588717264752,1.7243982440719,1.491479263705,performanz,1.7243982440719,0.18224588295596,1,0.0,3.7363137837517,3.9388351860081,4.7867734246739,1.3832435508431,0.41959622617933,0.96827048559019,vor_abwesenheit,0,0,-654
alle_lehrkraefte,576,1683,2024-03-27,34,4,1,8,4,-0.35605660506409,0.0,-0.077136787333241,-0.48141521319846,-0.37647004036987,-0.44880792539875,-0.54069484982695,-1.856052333955,0.0,-0.40209874533259,-2.5095218494756,-1.9624635160661,-2.3395465372252,-2.81853481639,regulation,-2.81853481639,0.2370864047224,-1,0.0,5.212791300571,5.212791300571,5.212791300571,0.0,1.0,0.0,vor_abwesenheit,1,0,-652
alle_lehrkraefte,575,1681,2024-04-08,37,0,2,13,5,0.26700882428325,0.0,-0.44434756836405,-0.13896347319849,0.058376462711086,-0.69218015431008,0.25684733714859,0.17157642010388,0.0,-0.24461538461538,-0.048179106266255,0.055462480205909,-0.35078764981242,0.18989037983382,performanz,-0.35078764981242,0.35847469368954,-1,0.083333333333333,0.50376859661133,0.62273177744797,1.4895777925305,0.2363212549396,0.80885125609917,0.19042487845772,vor_abwesenheit,0,0,-640
alle_lehrkraefte,574,1675,2024-04-22,36,0,1,1,1,0.0,0.5012089587606,0.47283864034019,0.63045152045358,0.0,0.31459530870634,0.16959145900201,0.0,0.795,0.75,1.0,0.0,0.499,0.269,motivation,1.0,0.30184123151222,1,0.0,1.5861547843764,1.5861547843764,1.5861547843764,0.0,1.0,0.0,vor_abwesenheit,0,0,-626
alle_lehrkraefte,573,1674,2024-04-24,34,4,1,8,4,-0.16867831478272,-0.81285587024399,0.083483899050667,-0.06009307623638,0.010713704455792,-0.54455177540727,0.05970380646146,-0.20751319016997,-1.0,0.10270443027693,-0.073928329038631,0.013180324886595,-0.66992414687712,0.073449437528869,sozial,-1.0,0.46713694864762,-1,0.0,1.2302203970565,1.2302203970565,1.2302203970565,0.0,1.0,0.0,vor_abwesenheit,1,0,-624
alle_lehrkraefte,572,1673,2024-04-29,36,0,1,1,1,0.0,0.5012089587606,0.47283864034019,0.63045152045358,0.0,0.31459530870634,0.16959145900201,0.0,0.795,0.75,1.0,0.0,0.499,0.269,motivation,1.0,0.30184123151222,1,0.0,1.5861547843764,1.5861547843764,1.5861547843764,0.0,1.0,0.0,vor_abwesenheit,0,0,-619
alle_lehrkraefte,571,1671,2024-05-06,15,0,1,15,5,0.60341350675241,0.0,0.0059282270377111,0.31716454380552,0.41642403669944,0.40921791013839,0.44089598723975,1.9783168311471,0.0,0.019435944333903,1.0398374385594,1.365263905229,1.3416383129883,1.4454962353031,kognition,1.9783168311471,0.27514881074468,1,0.0,3.2785325069361,3.2785325069361,3.2785325069361,0.0,1.0,0.0,vor_abwesenheit,0,0,-612
alle_lehrkraefte,570,1668,2024-05-15,34,4,1,7,4,0.43345662134782,0.0,-0.085553111376179,0.389902896385,0.51034943113439,0.30122821000112,0.54915356942428,1.2150532376695,0.0,-0.23982004161591,1.0929646781175,1.4305969688834,0.84439432647532,1.5393716225443,regulation,1.5393716225443,0.24195583457906,1,0.0,2.8031614774395,2.8031614774395,2.8031614774395,0.0,1.0,0.0,vor_abwesenheit,1,0,-603
alle_lehrkraefte,569,1665,2024-05-27,10,0,1,1,1,0.81801143740294,0.0,0.17853023972912,0.0,0.48515844807745,0.25216135554961,0.0,0.811,0.0,0.177,0.0,0.481,0.25,0.0,kognition,0.811,0.4717859220477,1,0.0,0.99141868047763,0.99141868047763,0.99141868047763,0.0,1.0,0.0,vor_abwesenheit,0,0,-591
alle_lehrkraefte,568,1662,2024-06-03,15,0,1,11,4,0.77642166805509,-0.1337304753181,0.10644666458071,-0.14754143120737,0.44451910611943,0.1873785750225,-0.33685258266524,1.8143851256501,-0.31250877615392,0.24875045717632,-0.34478298225546,1.0387768494801,0.43787662474435,-0.78717575857412,kognition,1.8143851256501,0.36402321965169,1,0.0,2.3368453458781,2.3368453458781,2.3368453458781,5.5511151231258e-17,1.0,3.885780586188e-17,vor_abwesenheit,0,0,-584
alle_lehrkraefte,567,1659,2024-06-12,10,4,1,15,6,0.41897409606202,0.072339535955437,0.19516376730468,0.44800908337844,0.39923573217794,0.44608341878051,0.47121378816041,1.8047548060348,0.31160667546993,0.84067905466605,1.9298246692913,1.7197306782478,1.9215297592465,2.0297802581248,regulation,2.0297802581248,0.19225216412631,1,0.0,4.3075470136625,4.3075470136624,4.3075470136624,0.0,1.0,0.0,vor_abwesenheit,1,0,-575
alle_lehrkraefte,566,1658,2024-06-17,15,0,1,18,6,0.47621108036271,0.0,0.097078776355813,0.38259686909374,0.42584589207321,0.49408232347252,0.43812303798767,2.1205903967234,0.0,0.43229636888961,1.7037218995381,1.8963118382856,2.2001718850149,1.9509825479749,performanz,2.2001718850149,0.21352444528882,1,0.0,4.453037155283,4.453037155283,4.453037155283,2.2204460492503e-16,1.0,1.5543122344752e-16,vor_abwesenheit,0,0,-570
alle_lehrkraefte,63,310,2024-08-05,15,2,1,0,0,0.0,0.0,0.0,0.0,0.0,0.0,0.0,0.0,0.0,0.0,0.0,0.0,0.0,0.0,kognition,0.0,0.0,0,0.0,0.0,0.0,0.0,0.0,1.0,0.0,vor_abwesenheit,0,0,-521
alle_lehrkraefte,565,1652,2024-08-14,10,4,1,1,1,0.34036261745856,0.0,0.0,0.39205477040592,0.32290812425556,0.41890783687208,0.67132666165397,0.507,0.0,0.0,0.584,0.481,0.624,1.0,regulation,1.0,0.31289111389237,1,0.0,1.4895777925305,1.4895777925305,1.4895777925305,0.0,1.0,0.0,vor_abwesenheit,1,0,-512
alle_lehrkraefte,564,1649,2024-08-28,10,4,1,1,1,0.34036261745856,0.0,0.0,0.39205477040592,0.32290812425556,0.41890783687208,0.67132666165397,0.507,0.0,0.0,0.584,0.481,0.624,1.0,regulation,1.0,0.31289111389237,1,0.0,1.4895777925305,1.4895777925305,1.4895777925305,0.0,1.0,0.0,vor_abwesenheit,1,0,-498
alle_lehrkraefte,563,1647,2024-09-02,8,0,1,8,4,0.73265962215392,-0.28077966774472,-0.11556626631991,0.085411000704549,0.44498051205113,0.36020381766147,-0.18959112434284,0.64227171734145,-0.24614,-0.1013089053793,0.074873882009617,0.39008345624173,0.31576562644772,-0.16620134826919,kognition,0.64227171734145,0.33164144108478,1,0.0,0.87662042690037,0.87662042690037,0.87662042690037,0.0,1.0,0.0,vor_abwesenheit,0,0,-493
alle_lehrkraefte,562,1646,2024-09-04,14,4,1,13,6,0.5194729485143,0.0,0.15074945794179,0.36719145334326,0.39239777203022,0.56842424195237,0.30903878908448,1.7944417900164,0.0,0.52074150911369,1.2684080868898,1.3554795537558,1.9635367291694,1.0675283851744,performanz,1.9635367291694,0.24636175792188,1,0.0,3.4543407898699,3.4543407898699,3.4543407898699,3.8459253727671e-16,1.0,2.692147760937e-16,vor_abwesenheit,1,0,-491
alle_lehrkraefte,561,1644,2024-09-11,14,4,1,16,7,0.54242377458937,0.0,0.21586895127676,0.38746458474353,0.43786051514211,0.43918221410041,0.3527619311,2.4587043740761,0.0,0.97849312584646,1.7563036760874,1.9847388965023,1.990729907889,1.5990031109158,kognition,2.4587043740761,0.22833492925969,1,0.0,4.5328008561197,4.5328008561197,4.5328008561197,0.0,1.0,0.0,vor_abwesenheit,1,0,-484
alle_lehrkraefte,560,1642,2024-09-18,14,4,1,15,7,0.39672181781803,0.0,0.25023558605565,0.48210505709222,0.3934415888824,0.46232647956493,0.42310988936552,1.7142113903528,0.0,1.0812530912654,2.0831472913678,1.700037716126,1.9976852336753,1.8282326787834,motivation,2.0831472913678,0.20021469523599,1,0.0,4.3209305516967,4.3209305516967,4.3209305516967,0.0,1.0,0.0,vor_abwesenheit,1,0,-477
alle_lehrkraefte,559,1638,2024-10-02,14,4,1,13,5,0.65260050932528,0.0,0.12119064654541,0.2607919998723,0.4230457159622,0.48421079476102,0.27924601213039,1.9114344973904,0.0,0.35496138795149,0.76384682217722,1.2390799024956,1.4182293821253,0.81789770804284,kognition,1.9114344973904,0.29382050211482,1,0.0,2.9289403610204,2.9289403610204,2.9289403610204,1.1102230246252e-16,1.0,7.7715611723761e-17,vor_abwesenheit,1,0,-463
alle_lehrkraefte,558,1635,2024-10-23,14,4,1,15,6,0.41615792303321,0.0,0.18753130496318,0.49297542218794,0.36629095015876,0.44908010845342,0.46127393413321,1.9913810883718,0.0,0.89736677715868,2.3589648987623,1.7527597832847,2.1489189214997,2.2072682944413,motivation,2.3589648987623,0.20771643668855,1,0.0,4.7851472159372,4.7851472159371,4.7851472159371,0.0,1.0,0.0,vor_abwesenheit,1,0,-442
alle_lehrkraefte,236,944,2024-10-25,8,7,1,6,3,0.10546792432152,0.0,0.26875073494388,0.26921206274572,-0.0088351069963481,0.91609390710347,-0.069676372803484,0.15599399170595,0.0,0.3975,0.39818233413861,-0.013067703914491,1.3549630967508,-0.10305593469416,performanz,1.3549630967508,0.55926356086899,1,0.0,1.4790557226779,1.4790557226779,1.4790557226779,1.3985787785349e-17,1.0,9.7900514497446e-18,vor_abwesenheit,0,0,-440
alle_lehrkraefte,254,1029,2024-10-25,8,7,1,6,5,0.21855191265243,0.27037764927952,0.33061136592902,0.57841222020983,0.31382396949168,0.41250686165252,0.40818342488248,0.82264479021136,1.0177205125773,1.2444444638593,2.1771843301455,1.1812555214575,1.5527048770539,1.5364311565839,motivation,2.1771843301455,0.2283986831475,1,0.0,3.7640604225711,3.7640604225712,3.7640604225712,1.1102230246252e-16,1.0,7.7715611723761e-17,vor_abwesenheit,0,0,-440
alle_lehrkraefte,557,1632,2024-10-30,14,4,1,1,1,0.0,0.5012089587606,0.47283864034019,0.63045152045358,0.0,0.31459530870634,0.16959145900201,0.0,0.795,0.75,1.0,0.0,0.499,0.269,motivation,1.0,0.30184123151222,1,0.0,1.5861547843764,1.5861547843764,1.5861547843764,0.0,1.0,0.0,vor_abwesenheit,1,0,-435
alle_lehrkraefte,556,1628,2024-11-11,8,0,1,7,6,0.60147685226182,-0.1665307168815,-0.086304241408964,0.29889394146571,0.4759389544273,0.44360403903962,0.30065974949313,1.4338874822586,-0.397,-0.20574452858291,0.71254659190786,1.134612091066,1.0575274447659,0.71675618038506,kognition,1.4338874822586,0.25342323225626,1,0.0,2.3839345805214,2.3839345805214,2.3839345805214,5.5511151231258e-17,1.0,3.885780586188e-17,vor_abwesenheit,0,0,-423
alle_lehrkraefte,555,1627,2024-11-13,14,4,1,8,2,0.80329818390362,0.0,0.19026641213441,0.0,0.49757477048414,0.26630698833486,0.0,1.5077030055439,0.0,0.35710928666002,0.0,0.93389353041508,0.49982914782489,0.0,kognition,1.5077030055439,0.45708261972466,1,0.0,1.876880842971,1.876880842971,1.876880842971,0.0,1.0,0.0,vor_abwesenheit,1,0,-421
alle_lehrkraefte,15,68,2024-11-15,1,7,1,10,7,0.38584210710878,0.20475654702027,0.094389622887818,0.50624833129389,0.40597887647218,0.34812601160082,0.50792425020403,1.2368801353658,0.65638068248491,0.30258141188747,1.6228620282829,1.3014318510991,1.1159750074446,1.6282344611259,regulation,1.6282344611259,0.20704004485063,1,0.0,3.2056539557411,3.2056539557411,3.2056539557411,3.1401849173676e-16,1.0,2.1981294421573e-16,vor_abwesenheit,0,1,-419
alle_lehrkraefte,554,1625,2024-11-25,8,0,1,10,4,0.69273084829201,0.0,0.19879408777669,-0.39355331932451,0.54022574135925,-0.035104579244147,-0.18060323558043,0.51397713541955,0.0,0.14749684675618,-0.292,0.40082476434871,-0.026046120400877,-0.134,kognition,0.51397713541955,0.33940560479009,1,0.0,0.74194791437151,0.74194791437152,0.74194791437152,3.4694469519536e-18,1.0,2.4286128663675e-18,vor_abwesenheit,0,0,-409
alle_lehrkraefte,209,820,2024-11-28,1,0,1,2,1,0.0,0.0,0.0,0.0,0.0,0.0,0.0,0.0,0.0,0.0,0.0,0.0,0.0,0.0,kognition,0.0,0.0,0,0.0,0.0,0.0,0.0,0.0,1.0,0.0,vor_abwesenheit,0,1,-406
alle_lehrkraefte,552,1621,2024-12-04,14,4,1,5,5,0.40458851551047,0.0,0.22970715895633,0.49742486227008,0.30393720048614,0.49195214219796,0.44912303631411,1.609712279535,0.0,0.91392222046286,1.9790747345655,1.2092568747601,1.9573007484912,1.7868991305022,motivation,1.9790747345655,0.20928933957067,1,0.0,3.9786305639912,3.9786305639913,3.9786305639913,2.4825341532473e-16,1.0,1.7377739072731e-16,vor_abwesenheit,1,0,-400
alle_lehrkraefte,553,1622,2024-12-04,14,4,1,3,2,0.28582249733326,0.0,0.36142643366918,0.57815860108594,0.25784061072966,0.46312367785018,0.4152568045519,1.0337520172399,0.0,1.307193479783,2.091062200259,0.93254818621704,1.6750082329978,1.5018851328474,motivation,2.091062200259,0.24481351339991,1,0.0,3.6167522453967,3.6167522453966,3.6167522453966,0.0,1.0,0.0,vor_abwesenheit,1,0,-400
alle_lehrkraefte,235,934,2024-12-06,1,7,1,2,2,0.35754733876044,0.0,0.18564278707616,0.53374679901391,0.34825512002736,0.4673163655838,0.46166848620052,1.0207780896184,0.0,0.53,1.5238179082138,0.99424931354205,1.3341626553894,1.3180382687634,motivation,1.5238179082138,0.22672331878317,1,0.0,2.8549352868458,2.8549352868458,2.8549352868458,0.0,1.0,0.0,vor_abwesenheit,0,1,-398
alle_lehrkraefte,51,241,2024-12-18,14,4,1,12,4,0.47102203585833,0.0,0.21037365077485,0.33176144881688,0.34873190592052,0.64029192217336,0.30367927917797,1.4023779656508,0.0,0.62634728301522,0.98775621999372,1.0382825081445,1.9063466565929,0.90414693437396,performanz,1.9063466565929,0.27768028187933,1,0.0,2.9772986159234,2.9772986159234,2.9772986159234,1.1102230246252e-16,1.0,7.7715611723761e-17,vor_abwesenheit,1,0,-386
alle_lehrkraefte,234,930,2025-01-06,8,0,1,6,2,-0.24950992013753,0.0,-0.2175004238041,-0.35949126651394,-0.19698151589805,-0.82075631624187,-0.22078344906906,-0.304,0.0,-0.265,-0.438,-0.24,-1.0,-0.269,performanz,-1.0,0.39745627980922,-1,0.0,1.2183784305379,1.2183784305379,1.2183784305379,0.0,1.0,0.0,vor_abwesenheit,0,0,-367
alle_lehrkraefte,208,810,2025-01-08,14,3,1,8,6,0.44018797003304,0.25332447617034,0.099658790470532,0.44618207715259,0.36206516431582,0.5102673179064,0.37627355456042,1.6821832111827,0.9680822962141,0.38084717345575,1.7050897580422,1.3836360423945,1.9499922165819,1.4379335633504,performanz,1.9499922165819,0.20509471659233,1,0.0,3.8215010945819,3.8215010945819,3.8215010945819,0.0,1.0,0.0,vor_abwesenheit,0,0,-365
alle_lehrkraefte,233,928,2025-01-08,14,3,1,6,5,0.44611445908116,0.0,0.27463736231879,0.46743492261988,0.29754221746377,0.5697312351963,0.30647887483053,1.3834091534891,0.0,0.8516555184166,1.4495243035715,0.92268389604904,1.7667470528137,0.95039663512554,performanz,1.7667470528137,0.24121334968729,1,0.0,3.1010084165257,3.1010084165257,3.1010084165257,1.1102230246252e-16,1.0,7.7715611723761e-17,vor_abwesenheit,0,0,-365
alle_lehrkraefte,253,1014,2025-01-08,14,3,1,7,6,0.40647131113637,0.085598026388795,0.29057710943831,0.45095342817924,0.30967886519634,0.52307737568349,0.41248458850522,1.4716724062926,0.3099167149517,1.0520651818331,1.6327246194056,1.1212251104446,1.8938570055466,1.4934441135021,performanz,1.8938570055466,0.21101693817116,1,0.0,3.6205958483641,3.6205958483642,3.6205958483642,0.0,1.0,0.0,vor_abwesenheit,0,0,-365
alle_lehrkraefte,157,644,2025-01-09,6,5,1,7,4,0.4687199540454,0.0,0.23413939442463,0.28818859713121,0.32233906515373,0.71217278526291,0.17699254024725,1.0685676424165,0.0,0.53378094646452,0.657,0.73485477188946,1.6235809625205,0.4035,performanz,1.6235809625205,0.32333977882702,1,0.0,2.2797470984422,2.2797470984423,2.2797470984423,0.0,1.0,0.0,vor_abwesenheit,0,0,-364
alle_lehrkraefte,232,927,2025-01-10,8,7,1,5,4,0.20292797280367,0.60806717554425,0.18347546557776,0.54023159011659,0.21559009046064,0.33885349502664,0.31977243928136,0.6833352282691,2.0475921405152,0.61783127983865,1.8191640701386,0.72597336701336,1.1410478662685,1.0767947354498,sozial,2.0475921405152,0.25242333603179,1,0.0,3.3673681826531,3.3673681826531,3.3673681826531,0.0,1.0,0.0,vor_abwesenheit,0,0,-363
alle_lehrkraefte,207,809,2025-01-13,8,1,1,10,2,-0.8180082287575,0.0,-0.17852953944522,0.0,-0.48515654504606,-0.25216036644806,0.0,-0.58392,0.0,-0.12744,0.0,-0.34632,-0.18,0.0,kognition,-0.58392,0.4717859220477,-1,0.0,0.71382144994389,0.71382144994389,0.71382144994389,0.0,1.0,0.0,vor_abwesenheit,0,0,-360
alle_lehrkraefte,206,808,2025-01-15,14,3,1,9,6,0.39304937948065,0.14852932487121,0.1328638690535,0.4096622856431,0.40925894184,0.42331879206963,0.5397028046235,1.7743066072903,0.67049224920183,0.5997751250575,1.8493007192497,1.8474799414741,1.9109490282156,2.4363306551505,regulation,2.4363306551505,0.21971422121091,1,0.0,4.5141978830776,4.5141978830776,4.5141978830776,0.0,1.0,0.0,vor_abwesenheit,0,0,-358
alle_lehrkraefte,231,925,2025-01-15,14,3,1,27,9,0.34858271068509,0.21410994508086,0.31347352391522,0.45475547684057,0.36367460889931,0.42845085246578,0.46015837828619,1.8620491359809,1.1437263697307,1.6745038880788,2.429199776057,1.9426666054328,2.2886864872794,2.4580608401896,regulation,2.4580608401896,0.17813463890809,1,0.0,5.3417613469532,5.3417613469532,5.3417613469532,0.0,1.0,0.0,vor_abwesenheit,0,0,-358
alle_lehrkraefte,252,1012,2025-01-15,14,3,1,35,8,0.36042788576488,0.23918296008956,0.34347522580321,0.43907034062232,0.36245542648307,0.42433527241865,0.43667758656509,2.0125515080025,1.3355460163556,1.9178915143727,2.4516739992617,2.0238728576846,2.3693965592937,2.4383133771335,motivation,2.4516739992617,0.16850866550429,1,0.0,5.5837741284993,5.5837741284993,5.5837741284993,2.2204460492503e-16,1.0,1.5543122344752e-16,vor_abwesenheit,0,0,-358
alle_lehrkraefte,551,1613,2025-01-15,14,4,1,9,3,0.42786465934078,0.0,0.10769526825618,0.38919158131742,0.28115356391593,0.63448811116355,0.41500946721165,1.0528237364672,0.0,0.265,0.9576629569628,0.69181957242997,1.5612510389814,1.0211916511455,performanz,1.5612510389814,0.28131921846612,1,0.0,2.4606366401999,2.4606366401999,2.4606366401999,1.1102230246252e-16,1.0,7.7715611723761e-17,vor_abwesenheit,1,0,-358
alle_lehrkraefte,205,806,2025-01-22,14,3,1,9,6,0.50485087865173,0.24605027582438,0.22165249681799,0.46599083892048,0.32588443931789,0.38570936420239,0.40413621036321,1.1092138957565,0.5406,0.48699534832195,1.0238340382931,0.71600459420332,0.8474466512553,0.88793249505761,kognition,1.1092138957565,0.19764942172102,1,0.0,2.1971019446574,2.1971019446574,2.1971019446574,0.0,1.0,0.0,vor_abwesenheit,0,0,-351
alle_lehrkraefte,550,1610,2025-01-22,14,4,1,11,7,0.43490856511811,0.067702192119689,0.13046625889563,0.39830805316113,0.3895120905184,0.4659024560446,0.51167480701406,2.0097859657441,0.3128632693985,0.60290662719037,1.8406488156164,1.8000011859939,2.1530139727413,2.3645357407077,regulation,2.3645357407077,0.21333344318154,1,0.0,4.6211589696161,4.6211589696162,4.6211589696162,0.0,1.0,0.0,vor_abwesenheit,1,0,-351
alle_lehrkraefte,642,1857,2025-01-27,21,0,1,3,2,0.17712331106546,0.87252862593824,0.0,0.38216753816095,0.0,0.21813215648456,0.11691883587572,0.203,1.0,0.0,0.438,0.0,0.25,0.134,sozial,1.0,0.49382716049383,1,0.0,1.1460842028403,1.1460842028403,1.1460842028403,2.7755575615629e-17,1.0,1.942890293094e-17,vor_abwesenheit,0,0,-346
alle_lehrkraefte,156,640,2025-01-28,1,2,1,10,5,0.10787884677906,0.0,0.10349779588682,-0.55671700191943,-0.31445795583399,-0.24861863497391,-0.71204652096068,0.19160044264252,0.0,0.18381938717841,-0.98876867133036,-0.55849951430841,-0.44156423555159,-1.264644855516,regulation,-1.264644855516,0.34849289422984,-1,0.0,1.7760605491683,1.7760605491683,1.7760605491683,0.0,1.0,0.0,vor_abwesenheit,0,1,-345
alle_lehrkraefte,138,540,2025-01-30,1,0,1,10,4,0.58154349185122,0.0,0.21828400442796,0.37225775439185,0.44072008422283,0.39914501357092,0.34932376646031,2.1552661542541,0.0,0.8089852837335,1.3796294687185,1.6333586298108,1.4792767014729,1.294633507688,kognition,2.1552661542541,0.24628377034899,1,0.0,3.7061034454334,3.7061034454334,3.7061034454334,2.2204460492503e-16,1.0,1.5543122344752e-16,vor_abwesenheit,0,1,-343
alle_lehrkraefte,641,1854,2025-02-03,21,0,1,3,3,-0.27620659570854,0.0,-0.37856349625643,-0.68615377135531,-0.25534570074575,-0.095307894849774,-0.48504501507487,-0.14197253359697,0.0,-0.19458484889899,-0.35268885996923,-0.13124985659727,-0.048989066567744,-0.24931725298632,motivation,-0.35268885996923,0.31523784191078,-1,0.0,0.51399848423902,0.51399848423902,0.51399848423902,6.9388939039072e-18,1.0,4.8572257327351e-18,vor_abwesenheit,0,0,-339
alle_lehrkraefte,62,285,2025-02-04,1,0,1,4,2,0.33230377068704,0.0,0.0,0.3984365934718,0.54655225441948,0.40936763856019,0.51430567140873,0.608,0.0,0.0,0.729,1.0,0.749,0.941,methodik,1.0,0.24832381425379,1,0.0,1.8296412216607,1.8296412216607,1.8296412216607,0.0,1.0,0.0,vor_abwesenheit,0,1,-338
alle_lehrkraefte,137,538,2025-02-06,7,0,1,1,1,0.34036261745856,0.0,0.0,0.39205477040592,0.32290812425556,0.41890783687208,0.67132666165397,0.507,0.0,0.0,0.584,0.481,0.624,1.0,regulation,1.0,0.31289111389237,1,0.0,1.4895777925305,1.4895777925305,1.4895777925305,0.0,1.0,0.0,vor_abwesenheit,0,0,-336
alle_lehrkraefte,251,1006,2025-02-07,1,7,1,3,3,0.36839078685677,0.0,-0.44435234991286,0.20814889136234,0.46996745227656,-0.34082409501138,0.53520953898983,0.21969853098828,0.0,-0.265,0.12413449871895,0.28027617020077,-0.20325848438908,0.31918482677118,regulation,0.31918482677118,0.22612323967291,1,0.0,0.59636357617658,0.59636357617658,0.59636357617658,0.0,1.0,0.0,vor_abwesenheit,0,1,-335
alle_lehrkraefte,204,801,2025-02-10,1,1,1,8,2,0.24950992013753,0.0,0.2175004238041,0.35949126651394,0.19698151589805,0.82075631624187,0.22078344906906,0.304,0.0,0.265,0.438,0.24,1.0,0.269,performanz,1.0,0.39745627980922,1,0.0,1.2183784305379,1.2183784305379,1.2183784305379,0.0,1.0,0.0,vor_abwesenheit,0,1,-332
alle_lehrkraefte,42,178,2025-02-10,1,2,1,5,5,0.48166660719416,0.0,0.1398042758767,0.32968190077148,0.32133498158981,0.65529375268848,0.3272452130188,1.5084784915336,0.0,0.43783758316345,1.0324943621454,1.0063535671058,2.052242187444,1.0248631686796,performanz,2.052242187444,0.2905924544661,1,0.0,3.1317796424684,3.1317796424684,3.1317796424684,0.0,1.0,0.0,vor_abwesenheit,0,1,-332
alle_lehrkraefte,136,536,2025-02-13,7,0,1,1,1,0.34036261745856,0.0,0.0,0.39205477040592,0.32290812425556,0.41890783687208,0.67132666165397,0.507,0.0,0.0,0.584,0.481,0.624,1.0,regulation,1.0,0.31289111389237,1,0.0,1.4895777925305,1.4895777925305,1.4895777925305,0.0,1.0,0.0,vor_abwesenheit,0,0,-329
alle_lehrkraefte,135,535,2025-02-18,1,2,1,9,5,0.51126861938186,0.0,0.15697092626673,0.35506527073211,0.41746093921572,0.53677880329532,0.35423625582924,2.1589432128455,0.0,0.66284395918404,1.4993405174976,1.7628198312612,2.2666655261864,1.4958398213272,performanz,2.2666655261864,0.23020122642168,1,0.0,4.2227080214107,4.2227080214107,4.2227080214107,0.0,1.0,0.0,vor_abwesenheit,0,1,-324
alle_lehrkraefte,134,534,2025-02-20,1,0,1,4,1,0.0,0.0,0.0,0.0,0.0,0.0,0.0,0.0,0.0,0.0,0.0,0.0,0.0,0.0,kognition,0.0,0.0,0,0.0,0.0,0.0,0.0,0.0,1.0,0.0,vor_abwesenheit,0,1,-322
alle_lehrkraefte,640,1847,2025-02-20,1,6,1,6,2,0.29494245967888,0.0,0.36832408635619,0.57888457203824,0.26721888278764,0.41844288561889,0.44241825442017,1.2622010356889,0.0,1.5762364081933,2.477326279731,1.1435584790925,1.790718922531,1.89332108895,motivation,2.477326279731,0.2442312743467,1,0.0,4.2794722999141,4.2794722999141,4.2794722999141,2.2204460492503e-16,1.0,1.5543122344752e-16,vor_abwesenheit,0,1,-322
alle_lehrkraefte,250,1002,2025-02-21,1,7,1,4,2,0.2605465039152,0.0,0.34096209154335,0.64332470102519,0.23224021707009,0.40143461343972,0.43231419908893,0.405,0.0,0.53,1.0,0.361,0.624,0.672,motivation,1.0,0.27839643652561,1,0.0,1.5544150025009,1.5544150025009,1.5544150025009,0.0,1.0,0.0,vor_abwesenheit,0,1,-321
alle_lehrkraefte,175,717,2025-02-26,1,3,1,1,1,0.0,0.0,0.0,0.0,0.0,0.0,0.0,0.0,0.0,0.0,0.0,0.0,0.0,0.0,kognition,0.0,0.0,0,0.0,0.0,0.0,0.0,0.0,1.0,0.0,vor_abwesenheit,0,1,-316
alle_lehrkraefte,203,797,2025-02-26,1,3,1,1,1,0.24950992013753,0.0,0.2175004238041,0.35949126651394,0.19698151589805,0.82075631624187,0.22078344906906,0.304,0.0,0.265,0.438,0.24,1.0,0.269,performanz,1.0,0.39745627980922,1,0.0,1.2183784305379,1.2183784305379,1.2183784305379,0.0,1.0,0.0,vor_abwesenheit,0,1,-316
alle_lehrkraefte,249,1000,2025-02-28,1,7,1,3,2,0.2605465039152,0.0,0.34096209154335,0.64332470102519,0.23224021707009,0.40143461343972,0.43231419908893,0.405,0.0,0.53,1.0,0.361,0.624,0.672,motivation,1.0,0.27839643652561,1,0.0,1.5544150025009,1.5544150025009,1.5544150025009,0.0,1.0,0.0,vor_abwesenheit,0,1,-314
alle_lehrkraefte,549,1600,2025-03-03,18,0,1,14,7,0.48711004327483,0.11685701730764,0.30886480661209,0.41876276036864,0.38436991128565,0.44751600166724,0.36096034325546,1.8192155564607,0.43642726464522,1.1535209934379,1.5639581623227,1.4355107879633,1.6713432277535,1.3480828013748,kognition,1.8192155564607,0.19295759564276,1,0.0,3.7347016561797,3.7347016561796,3.7347016561796,2.2204460492503e-16,1.0,1.5543122344752e-16,vor_abwesenheit,0,0,-311
alle_lehrkraefte,14,41,2025-03-03,6,2,1,1,1,0.81801143740294,0.0,0.17853023972912,0.0,0.48515844807745,0.25216135554961,0.0,0.811,0.0,0.177,0.0,0.481,0.25,0.0,kognition,0.811,0.4717859220477,1,0.0,0.99141868047763,0.99141868047763,0.99141868047763,0.0,1.0,0.0,vor_abwesenheit,0,0,-311
alle_lehrkraefte,41,171,2025-03-04,1,0,1,4,3,0.42799992106815,0.0,0.09951581277891,0.40617593558213,0.34257092543608,0.58433652380286,0.42792786460941,1.1397181605203,0.0,0.265,1.0816032138369,0.91222985277975,1.5560258664799,1.1395262818526,performanz,1.5560258664799,0.25533302778278,1,0.0,2.6628833895032,2.6628833895032,2.6628833895032,0.0,1.0,0.0,vor_abwesenheit,0,1,-310
alle_lehrkraefte,133,531,2025-03-04,1,2,1,9,6,0.55890708267316,0.0,0.0092704313701004,0.30898794338983,0.51783819571669,0.3765680037892,0.42672769817645,1.5977721130427,0.0,0.026501787467389,0.88331734293549,1.48036669034,1.0765114162462,1.2199051276077,kognition,1.5977721130427,0.25424521067733,1,0.0,2.8587337206929,2.8587337206929,2.8587337206929,0.0,1.0,0.0,vor_abwesenheit,0,1,-310
alle_lehrkraefte,61,283,2025-03-10,1,2,1,4,2,0.49980710653328,0.0,0.0,0.3995168647618,0.39513259189747,0.41047754692261,0.51570009566646,0.912,0.0,0.0,0.729,0.721,0.749,0.941,regulation,0.941,0.2322309970385,1,0.0,1.8246939469401,1.8246939469401,1.8246939469401,0.0,1.0,0.0,vor_abwesenheit,0,1,-304
alle_lehrkraefte,132,527,2025-03-13,7,0,1,10,4,0.54202641494316,0.10066487831994,0.17319138369499,0.30399781557119,0.4592823235213,0.41814131355012,0.43344623434944,1.8153293893093,0.33714207840699,0.58004444087771,1.0181351935589,1.5382067679597,1.4004192313239,1.4516777526101,kognition,1.8153293893093,0.22298728120412,1,0.0,3.3491429919251,3.3491429919251,3.3491429919251,0.0,1.0,0.0,vor_abwesenheit,0,0,-301
alle_lehrkraefte,230,910,2025-03-21,1,7,1,1,1,0.49980710653328,0.0,0.0,0.3995168647618,0.39513259189747,0.41047754692261,0.51570009566646,0.912,0.0,0.0,0.729,0.721,0.749,0.941,regulation,0.941,0.2322309970385,1,0.0,1.8246939469401,1.8246939469401,1.8246939469401,0.0,1.0,0.0,vor_abwesenheit,0,1,-293
alle_lehrkraefte,248,994,2025-03-21,1,7,1,1,1,0.49980710653328,0.0,0.0,0.3995168647618,0.39513259189747,0.41047754692261,0.51570009566646,0.912,0.0,0.0,0.729,0.721,0.749,0.941,regulation,0.941,0.2322309970385,1,0.0,1.8246939469401,1.8246939469401,1.8246939469401,0.0,1.0,0.0,vor_abwesenheit,0,1,-293
alle_lehrkraefte,548,1594,2025-03-24,18,0,1,6,4,0.57239067611838,0.0,0.23156296797217,0.23303919279261,0.37546247601668,0.63480172725248,0.14312224397537,1.0445209791662,0.0,0.42256519565476,0.42525906866711,0.6851586677628,1.1584111156783,0.26117509011747,performanz,1.1584111156783,0.28981360984031,1,0.0,1.8248292623191,1.8248292623191,1.8248292623191,0.0,1.0,0.0,vor_abwesenheit,0,0,-290
alle_lehrkraefte,131,524,2025-03-25,1,2,1,6,1,0.0,0.0,0.0,0.0,0.0,0.0,0.0,0.0,0.0,0.0,0.0,0.0,0.0,0.0,kognition,0.0,0.0,0,0.0,0.0,0.0,0.0,0.0,1.0,0.0,vor_abwesenheit,0,1,-289
alle_lehrkraefte,130,522,2025-03-27,7,0,1,12,3,0.65219535324322,0.0,0.076639005375027,0.27190915070637,0.40528985395453,0.43518418061259,0.37573747366446,1.4007696515714,0.0,0.16460343104579,0.584,0.87047189877415,0.93467822181609,0.807,kognition,1.4007696515714,0.29418519910348,1,0.0,2.147766190992,2.147766190992,2.147766190992,0.0,1.0,0.0,vor_abwesenheit,0,0,-287
alle_lehrkraefte,229,908,2025-03-27,7,0,1,8,3,0.35047934999276,0.0,0.13441043248646,0.41131134206444,0.32691020557988,0.67170230340904,0.36312533795054,1.0364935150117,0.0,0.3975,1.216395598512,0.96679107651183,1.9864653410143,1.0738922505132,performanz,1.9864653410143,0.29748470259487,1,0.0,2.9573497275647,2.9573497275647,2.9573497275647,0.0,1.0,0.0,vor_abwesenheit,0,0,-287
alle_lehrkraefte,40,163,2025-04-01,1,0,1,4,3,0.46715926755757,0.31714834091772,0.41008150150236,0.39892873071411,0.36929884023285,0.33739546972809,0.32193548568629,1.114246137927,0.75644718741235,0.97810695627057,0.95150589611616,0.88083408603188,0.80473967917649,0.76786525816575,kognition,1.114246137927,0.17817261530434,1,0.0,2.3851425920755,2.3851425920755,2.3851425920755,0.0,1.0,0.0,vor_abwesenheit,0,1,-282
alle_lehrkraefte,129,520,2025-04-03,7,0,1,6,1,0.0,0.0,0.0,0.0,0.0,0.0,0.0,0.0,0.0,0.0,0.0,0.0,0.0,0.0,kognition,0.0,0.0,0,0.0,0.0,0.0,0.0,0.0,1.0,0.0,vor_abwesenheit,0,0,-280
alle_lehrkraefte,155,621,2025-04-03,1,5,1,4,2,0.33230377068704,0.0,0.0,0.3984365934718,0.54655225441948,0.40936763856019,0.51430567140873,0.608,0.0,0.0,0.729,1.0,0.749,0.941,methodik,1.0,0.24832381425379,1,0.0,1.8296412216607,1.8296412216607,1.8296412216607,0.0,1.0,0.0,vor_abwesenheit,0,1,-280
alle_lehrkraefte,88,379,2025-04-03,7,5,1,1,1,0.81801143740294,0.0,0.17853023972912,0.0,0.48515844807745,0.25216135554961,0.0,0.811,0.0,0.177,0.0,0.481,0.25,0.0,kognition,0.811,0.4717859220477,1,0.0,0.99141868047763,0.99141868047763,0.99141868047763,0.0,1.0,0.0,vor_abwesenheit,0,0,-280
alle_lehrkraefte,547,1586,2025-04-28,18,0,1,11,3,0.26174164015434,0.0,0.34252609699211,0.56549119786432,0.23330551134745,0.56484492220962,0.34769630222972,0.405,0.0,0.53,0.875,0.361,0.874,0.538,motivation,0.875,0.24420876360592,1,0.0,1.5473173559422,1.5473173559422,1.5473173559422,1.1102230246252e-16,1.0,7.7715611723761e-17,vor_abwesenheit,0,0,-255
alle_lehrkraefte,60,276,2025-04-28,1,2,1,4,1,0.0,0.0,0.0,0.0,0.0,0.0,0.0,0.0,0.0,0.0,0.0,0.0,0.0,0.0,kognition,0.0,0.0,0,0.0,0.0,0.0,0.0,0.0,1.0,0.0,vor_abwesenheit,0,1,-255
alle_lehrkraefte,154,588,2025-04-29,1,2,1,1,1,0.0,0.0,0.0,0.0,0.0,0.0,0.0,0.0,0.0,0.0,0.0,0.0,0.0,0.0,kognition,0.0,0.0,0,0.0,0.0,0.0,0.0,0.0,1.0,0.0,vor_abwesenheit,0,1,-254
alle_lehrkraefte,174,696,2025-04-30,1,3,1,8,3,0.40729142780461,0.0,0.19532558530984,0.52233322670971,0.28803064528438,0.4531621494934,0.48456645748095,1.1051519768597,0.0,0.53,1.4173084888854,0.78154759786621,1.2296184283821,1.3148314495385,motivation,1.4173084888854,0.22220237271722,1,0.0,2.7134082096998,2.7134082096998,2.7134082096998,0.0,1.0,0.0,vor_abwesenheit,0,1,-253
alle_lehrkraefte,202,782,2025-04-30,1,3,1,8,5,0.4431765522133,0.0,0.20414274858276,0.45632397547202,0.45298554354219,0.41228366005444,0.42250306907492,1.4415047862759,0.0,0.66400793926464,1.4842689475565,1.4734101474204,1.3410205623554,1.3742608746923,motivation,1.4842689475565,0.19081751629254,1,0.0,3.2526548331839,3.2526548331839,3.2526548331839,0.0,1.0,0.0,vor_abwesenheit,0,1,-253
alle_lehrkraefte,546,1585,2025-04-30,1,4,1,3,3,0.36116696197119,0.0,0.17763184300839,0.52830772248059,0.3527145628206,0.46973204566868,0.4624213243881,1.0223383949925,0.0,0.50281413418776,1.4954559135618,0.99841258479581,1.3296484900626,1.3089543739135,motivation,1.4954559135618,0.2246230694209,1,0.0,2.8306431400679,2.8306431400679,2.8306431400679,0.0,1.0,0.0,vor_abwesenheit,1,1,-253
alle_lehrkraefte,545,1584,2025-05-05,12,0,1,12,6,0.48527207036651,0.095111707629719,0.12038381742484,0.3477524965183,0.45301262202477,0.42434025741418,0.48451057378553,1.890947177706,0.37061934137972,0.46909652069824,1.3550781963092,1.7652426162419,1.6535157515625,1.8879798735923,kognition,1.890947177706,0.20132566509598,1,0.0,3.8966642435389,3.8966642435388,3.8966642435388,2.2204460492503e-16,1.0,1.5543122344752e-16,vor_abwesenheit,0,0,-248
alle_lehrkraefte,128,513,2025-05-06,1,2,1,6,4,0.57389125067528,0.50603915037956,0.097101131660258,0.32065199944885,0.33254628835552,0.38416965505942,0.21011133052848,1.7011270281504,1.5,0.28782693469693,0.95047586498499,0.98573288679174,1.1387547429026,0.62281148712768,kognition,1.7011270281504,0.236703935998,1,0.0,2.9641875307146,2.9641875307146,2.9641875307146,1.1102230246252e-16,1.0,7.7715611723761e-17,vor_abwesenheit,0,1,-247
alle_lehrkraefte,544,1582,2025-05-12,12,0,1,10,5,0.57672610381958,0.069015213266708,0.18252789758905,0.28624018047842,0.4632869834454,0.42541207855005,0.38956276515878,2.500116846716,0.29918204885308,0.79126134353162,1.2408557418878,2.0083564529245,1.8441681368946,1.6887607923005,kognition,2.500116846716,0.24102851891678,1,0.0,4.3350059289792,4.3350059289792,4.3350059289792,0.0,1.0,0.0,vor_abwesenheit,0,0,-241
alle_lehrkraefte,127,508,2025-05-15,12,0,1,9,4,0.3177646427953,0.16307225935379,0.099279193670753,0.39728178676893,0.38630078768792,0.38134623351706,0.64037678754616,0.77359916205024,0.397,0.24169555290074,0.96718393411771,0.94045065248884,0.92838877259812,1.5589995849892,regulation,1.5589995849892,0.26845433236018,1,0.0,2.4344935849334,2.4344935849334,2.4344935849334,1.1102230246252e-16,1.0,7.7715611723761e-17,vor_abwesenheit,0,0,-238
alle_lehrkraefte,87,374,2025-05-15,12,5,1,8,4,0.49727819314316,0.10326413147796,0.1268654155992,0.35341224196116,0.36971182966662,0.4333793734263,0.52587630576998,1.8201778515143,0.37797572377749,0.46436305227313,1.2935880642699,1.3532491331432,1.5862902248492,1.9248549757401,regulation,1.9248549757401,0.21822517866174,1,0.0,3.6602708581036,3.6602708581037,3.6602708581037,0.0,1.0,0.0,vor_abwesenheit,0,0,-238
alle_lehrkraefte,543,1579,2025-05-19,12,0,1,8,4,0.36711213522993,0.11012864164,0.097922948360001,0.41813017449327,0.40086940795652,0.45880868161098,0.54540936848246,1.3233934017156,0.397,0.353,1.5073070620126,1.4450841542109,1.6539480001486,1.9661326614319,regulation,1.9661326614319,0.22740727479172,1,0.0,3.6048651177532,3.6048651177532,3.6048651177532,0.0,1.0,0.0,vor_abwesenheit,0,0,-234
alle_lehrkraefte,542,1577,2025-05-26,12,0,1,8,5,0.48266210078983,0.0,0.10690390416381,0.35745439415428,0.35207799109404,0.57941239133963,0.4100634975908,1.7536249015115,0.0,0.3884070203641,1.2987158629565,1.2791821264738,2.1051414561756,1.4898571058291,performanz,2.1051414561756,0.25317613530083,1,0.0,3.6332251320766,3.6332251320766,3.6332251320766,0.0,1.0,0.0,vor_abwesenheit,0,0,-227
alle_lehrkraefte,228,884,2025-06-02,12,0,1,16,4,0.64817179924524,0.0,0.1148154446287,0.25050313370011,0.49544872124957,0.42610257682704,0.27730593812893,1.7313043257707,0.0,0.30667868639521,0.66910834365075,1.3233721604299,1.1381446020048,0.7407001828891,kognition,1.7313043257707,0.29297918428737,1,0.0,2.6710477778711,2.6710477778711,2.6710477778711,0.0,1.0,0.0,vor_abwesenheit,0,0,-220
alle_lehrkraefte,623,1766,2025-06-04,44,0,1,8,5,0.5147337302047,0.11928885986171,0.15784892220717,0.32899975829785,0.42296591017621,0.37811334529254,0.5155443253165,1.604210240346,0.37177359733792,0.49194922068082,1.0253549560914,1.3182082397284,1.1784215118146,1.6067365270508,regulation,1.6067365270508,0.2115058109885,1,0.0,3.1165727032708,3.1165727032708,3.1165727032708,0.0,1.0,0.0,vor_abwesenheit,0,0,-218
alle_lehrkraefte,126,502,2025-06-12,18,0,1,9,2,-0.81801143740294,0.0,-0.17853023972912,0.0,-0.48515844807745,-0.25216135554961,0.0,-0.811,0.0,-0.177,0.0,-0.481,-0.25,0.0,kognition,-0.811,0.4717859220477,-1,0.0,0.99141868047763,0.99141868047763,0.99141868047763,0.0,1.0,0.0,vor_abwesenheit,0,0,-210
alle_lehrkraefte,74,329,2025-06-24,1,1,1,4,1,0.0,0.0,0.0,0.0,0.0,0.0,0.0,0.0,0.0,0.0,0.0,0.0,0.0,0.0,kognition,0.0,0.0,0,0.0,0.0,0.0,0.0,0.0,1.0,0.0,vor_abwesenheit,0,1,-198
alle_lehrkraefte,715,2105,2025-06-25,1,4,1,1,1,0.0,0.0,0.0,0.0,0.0,0.0,0.0,0.0,0.0,0.0,0.0,0.0,0.0,0.0,kognition,0.0,0.0,0,0.0,0.0,0.0,0.0,0.0,1.0,0.0,vor_abwesenheit,1,1,-197
alle_lehrkraefte,541,1572,2025-08-18,12,0,1,19,7,0.6003794594176,0.06666799463208,0.14523993509549,0.25768908690577,0.49018324206746,0.40631285039233,0.37713100331809,2.9706409823267,0.32986917516417,0.71863834895962,1.2750299002621,2.4253968134551,2.0104112259141,1.8660212247259,kognition,2.9706409823267,0.25617790766085,1,0.0,4.9479290670833,4.9479290670832,4.9479290670832,0.0,1.0,0.0,vor_abwesenheit,0,0,-143
alle_lehrkraefte,639,1811,2025-08-18,22,0,1,26,5,0.56293178123916,0.0,0.23188175230481,0.37835769664785,0.44734843808477,0.42567640411676,0.32381741627857,2.0962485691381,0.0,0.86348258825999,1.4089305430127,1.6658386584198,1.5851362150514,1.2058331367288,kognition,2.0962485691381,0.2375226064872,1,0.0,3.7237956883619,3.7237956883619,3.7237956883619,2.2204460492503e-16,1.0,1.5543122344752e-16,vor_abwesenheit,0,0,-143
alle_lehrkraefte,716,2150,2025-08-22,1,7,5,44,21,0.55440786001233,0.029909063915193,0.14391426743343,0.31538923973664,0.44015227289641,0.48486130487831,0.31935926579651,2.0328493693856,0.13115255281823,0.50320734091423,1.2432947982643,1.6518578469034,1.7950377692976,1.2847646050939,kognition,2.0328493693856,0.23522456908859,1,0.0,3.6810449826301,3.7472914762812,4.3850337175204,0.90612702128589,0.52462400922547,0.63428891490012,vor_abwesenheit,0,1,-139
alle_lehrkraefte,227,867,2025-08-25,1,0,5,40,27,0.43590166243087,0.15913832850666,0.18858501379049,0.4231243562731,0.34679129700027,0.43310277249168,0.40917105248177,1.5365883086265,0.54119637852964,0.63995388183556,1.4852314459351,1.2435486398785,1.550111149347,1.4559013940752,performanz,1.550111149347,0.18339017188981,1,0.0,3.3672477238178,3.5132597951791,4.4608733210844,1.2031162524609,0.45390251144623,0.84218137672263,vor_abwesenheit,0,1,-136
alle_lehrkraefte,50,210,2025-08-25,12,0,6,68,28,0.60231447872851,0.11273343100768,0.25265134962988,0.28328108784334,0.43177864009748,0.41216570331568,0.22778106048602,2.0064154940862,0.28765107243166,0.7782944361109,0.9307264588355,1.4836598131394,1.4324389996173,0.8681141858579,kognition,2.0064154940862,0.25765225117124,1,0.0,3.2537963078956,3.3592357649833,4.3390173775696,1.1785982423466,0.45901074395565,0.82501876964263,vor_abwesenheit,0,0,-136
alle_lehrkraefte,540,1570,2025-08-25,12,0,5,59,26,0.38159479456547,0.24987165960634,0.19992169030284,0.4142306624758,0.35085706857381,0.41924814150496,0.43549099139151,1.2430826198857,0.71488506516789,0.60317396645432,1.2627011906239,1.1532896551481,1.3160674203271,1.3554630484399,regulation,1.3554630484399,0.17629707707723,1,0.0,2.9856220032143,3.0955217073576,4.6687650182457,1.2615297574899,0.44217857257377,0.88307083024296,vor_abwesenheit,0,0,-136
alle_lehrkraefte,201,757,2025-08-25,1,1,5,42,26,0.46188468550316,0.10016476578392,0.091816667970578,0.38222623729831,0.43187468693952,0.44271487430351,0.43918868629407,1.7897462548895,0.35011037175799,0.36632117462032,1.4571627892822,1.6499642797312,1.7105562085237,1.6785342426538,kognition,1.7897462548895,0.1970489171605,1,0.0,3.7482189633767,3.8352543444507,4.290361661197,0.84475998801961,0.54207593751723,0.59133199161373,vor_abwesenheit,0,1,-136
alle_lehrkraefte,39,137,2025-08-25,1,2,5,39,24,0.44162500547214,0.10054822070381,0.18931478219382,0.39364390269977,0.41114415223836,0.48171362890209,0.41360415233394,1.8171501683659,0.40394160978504,0.76464065326155,1.6338245056545,1.7001686790466,1.9933100167038,1.7215588138319,performanz,1.9933100167038,0.19864380442096,1,0.0,4.067786192979,4.133219296861,4.5170133117316,0.77923761424175,0.56203847760164,0.54546632996922,vor_abwesenheit,0,1,-136
alle_lehrkraefte,59,266,2025-08-25,1,2,5,35,20,0.50932851291964,0.16020340339872,0.13659312662677,0.34199354274426,0.45976146141145,0.40722652473803,0.29963111456522,1.5473146026905,0.52166812336427,0.40008396347368,1.0736346070873,1.4102478417633,1.2533056864833,0.94490747142861,kognition,1.5473146026905,0.21349369727486,1,0.0,2.9037050136901,3.0837812877422,3.414990033546,1.0712201907808,0.48280718991205,0.74985413354659,vor_abwesenheit,0,1,-136
alle_lehrkraefte,73,322,2025-08-26,1,1,4,37,21,0.56018468355588,0.044136438926991,0.19325197575753,0.31621030067076,0.45811690262259,0.46029255703815,0.31619687449503,2.1205090835183,0.19337837837838,0.74388070020295,1.2230770562244,1.7429673910864,1.7581495420521,1.2354297553726,kognition,2.1205090835183,0.23515769364654,1,0.0,3.7733992329428,3.8237319760173,4.3813670000398,0.67016047028851,0.59874486181993,0.46911232920196,vor_abwesenheit,0,1,-135
alle_lehrkraefte,106,426,2025-08-26,1,2,4,38,22,0.53339464281894,0.062009966812159,0.17365767361923,0.33913145436462,0.42891214838348,0.47751868561946,0.34226847835749,2.0511672168401,0.25105263157895,0.67947702508328,1.3181943013021,1.6572368250826,1.8434312672653,1.3350972015149,kognition,2.0511672168401,0.22452324295195,1,0.0,3.7943111216527,3.8678066837607,4.290361661197,0.79098658228754,0.55835147504162,0.55369060760128,vor_abwesenheit,0,1,-135
alle_lehrkraefte,125,454,2025-08-26,1,2,4,26,16,0.61041496213592,0.050615338933403,0.13016910982961,0.25913772770435,0.46258493066791,0.43906611750552,0.28273972823155,2.0983940696097,0.22195047400008,0.42905471050674,0.97184748281347,1.6259208950481,1.5401374463304,1.0511534926318,kognition,2.0983940696097,0.26433268509974,1,0.0,3.4207690559808,3.5162239386591,4.3850337175204,0.9703160483234,0.50753278939738,0.67922123382638,vor_abwesenheit,0,1,-135
alle_lehrkraefte,153,558,2025-08-26,1,2,4,37,21,0.39157264915942,0.097012966803165,0.1425410031456,0.40296368850129,0.3187588588016,0.52311545044837,0.46150482762167,1.3056920508842,0.34420209303533,0.52757040554528,1.295902161337,1.0639387132209,1.6619284988896,1.4631696859857,performanz,1.6619284988896,0.21395520812477,1,0.0,3.1330236526487,3.2342325764046,3.5934849692513,0.90402626964652,0.52520283776633,0.63281838875257,vor_abwesenheit,0,1,-135
alle_lehrkraefte,475,1479,2025-08-26,1,2,4,34,24,0.46981284808954,0.086118565086626,0.16834620709659,0.38991455295283,0.42094370634135,0.43685419586879,0.4266108287231,1.9691095741706,0.41081891297881,0.75446501412238,1.7041568664666,1.7946792459402,1.8674778943321,1.8547206927308,kognition,1.9691095741706,0.19015240470979,1,0.0,4.2033164176734,4.2930322691041,4.770377344071,1.0439094455177,0.48925846602108,0.7307366118624,vor_abwesenheit,0,1,-135
alle_lehrkraefte,97,391,2025-08-26,1,4,4,38,22,0.53339464281894,0.062009966812159,0.17365767361923,0.33913145436462,0.42891214838348,0.47751868561946,0.34226847835749,2.0511672168401,0.25105263157895,0.67947702508328,1.3181943013021,1.6572368250826,1.8434312672653,1.3350972015149,kognition,2.0511672168401,0.22452324295195,1,0.0,3.7943111216527,3.8678066837607,4.290361661197,0.79098658228754,0.55835147504162,0.55369060760128,vor_abwesenheit,1,1,-135
alle_lehrkraefte,622,1758,2025-08-27,19,0,5,35,17,0.4498610898512,0.023396608360549,0.10370876801423,0.07198610005196,0.3464018471046,0.13554057251324,0.15774506310044,1.3517701313511,0.048672304166231,0.32403353953012,0.30281596621315,1.056635109125,0.58984073754731,0.50091779106137,kognition,1.3517701313511,0.27257723781386,1,0.2962962962963,1.9343358571477,2.7617832113,3.5434585667455,1.7591572479453,0.36242950659833,1.3202989624506,vor_abwesenheit,0,0,-134
alle_lehrkraefte,173,666,2025-08-27,1,3,4,35,22,0.45060375796979,0.089984046459909,0.18659619185364,0.39335473581286,0.38117561489868,0.51630344580878,0.32607684127078,1.6426135899916,0.18909601282786,0.52703569133722,1.335656504014,1.4412361609969,1.7702281431502,1.2548915686485,performanz,1.7702281431502,0.21691958204422,1,0.0,3.4031314732731,3.510779025427,4.7417226108447,1.2281094658962,0.44881098317034,0.85967662612731,vor_abwesenheit,0,1,-134
alle_lehrkraefte,200,756,2025-08-27,1,3,4,28,17,0.44266012593266,0.17618723575529,0.22932192296204,0.3997094145235,0.3907881483488,0.42044169342409,0.30724892230385,1.3322870306373,0.33781093949587,0.5217512929594,1.053292399093,1.2241914226791,1.2380343330081,0.97858876660565,kognition,1.3322870306373,0.19926649141528,1,0.0,2.694394899738,2.8460983386786,3.8701983392444,1.3063676559512,0.43358221635638,0.91445735916584,vor_abwesenheit,0,1,-134
alle_lehrkraefte,247,957,2025-08-27,1,3,4,32,23,0.49157659201861,0.14310424568517,0.17628347518909,0.39321540712965,0.4248669930555,0.45001899288853,0.38095813554055,1.8759102403974,0.52083521586301,0.63294765496769,1.4731768798668,1.631031597135,1.7069967375403,1.4494755486785,kognition,1.8759102403974,0.20191977909056,1,0.0,3.7465000606509,3.7904220947862,4.3850337175204,0.7083019659699,0.5853766019828,0.49581137617893,vor_abwesenheit,0,1,-134
alle_lehrkraefte,49,209,2025-08-27,1,4,5,34,22,0.52382952730813,0.053435750682876,0.11736782905954,0.32767333092197,0.45168189594479,0.43456672217544,0.38907728435951,1.7650637456928,0.16650834625498,0.37124237386237,1.1321088687393,1.5207524167175,1.4868440020023,1.3496445813569,kognition,1.7650637456928,0.22651777733297,1,0.0,3.3026655812827,3.3933038962029,3.8956169978604,0.84838165130611,0.54101381026661,0.59386715591428,vor_abwesenheit,1,1,-134
alle_lehrkraefte,539,1569,2025-08-27,1,4,5,33,23,0.47236051942107,0.10885261265991,0.16189307810907,0.38789685969399,0.39626600551701,0.51568030586515,0.35373404394205,1.6967592621359,0.42658999849115,0.5962842212257,1.4238873032806,1.427309904014,1.8498179296971,1.3063002585772,performanz,1.8498179296971,0.21196617004174,1,0.0,3.5509775057112,3.6198752619512,4.1967909784104,0.81136601425175,0.55206953875254,0.56795620997623,vor_abwesenheit,1,1,-134
alle_lehrkraefte,677,1903,2025-08-27,1,4,5,42,26,0.47745068948374,0.066418851794681,0.094485508053967,0.38322241158513,0.44809617641942,0.44692478574679,0.41137951761343,1.9310862089928,0.27944553152386,0.37793415063085,1.5715127719365,1.8260195781198,1.8215665824748,1.6931395241341,kognition,1.9310862089928,0.19880642029278,1,0.0,3.9923481972987,4.0743064897655,4.6046572277403,0.8709525497778,0.53448709862725,0.60966678484446,vor_abwesenheit,1,1,-134
alle_lehrkraefte,714,2101,2025-08-27,1,4,3,24,16,0.5485102695122,0.028511102035316,0.1726678450598,0.31452724637915,0.43655192675707,0.46726840837337,0.36785360969289,2.062594044394,0.09500141356608,0.6324203856766,1.1596188698584,1.6447776796835,1.7457645261649,1.3600490821039,kognition,2.062594044394,0.2370736167142,1,0.0,3.6892698234519,3.7345948246465,3.9620163447076,0.60202718668439,0.6242091322243,0.42141903067907,vor_abwesenheit,1,1,-134
alle_lehrkraefte,124,453,2025-08-28,19,0,5,52,23,0.60082361723406,0.0,0.1394557527272,0.26596061448317,0.47702246605849,0.45458157096948,0.28377814967902,2.2675340889818,0.0,0.51851327028777,1.0283821582476,1.8026746026818,1.7269650625039,1.0977896632518,kognition,2.2675340889818,0.26860601798245,1,0.0,3.7289841665749,3.7925673788918,4.4036519153337,0.79918452236989,0.55580736026052,0.55942916565892,vor_abwesenheit,0,0,-133
alle_lehrkraefte,152,557,2025-08-28,1,5,4,25,18,0.49821901119068,0.10052534927911,0.098629023513241,0.36578572994524,0.40587598897535,0.49076345565317,0.38520502808639,1.7915890860035,0.35859818924151,0.3218064870075,1.3691470452354,1.491112775641,1.7228466316501,1.5067025761888,kognition,1.7915890860035,0.20925372024377,1,0.0,3.5746716828169,3.6342916180236,4.7275916595967,1.0764324812297,0.4815952404134,0.75350273686078,vor_abwesenheit,0,1,-133
alle_lehrkraefte,172,665,2025-08-28,1,5,5,47,26,0.49770107967273,0.0,0.088689714861662,0.34633481958757,0.44277106928074,0.49039226595851,0.41401832620199,1.9984076013484,0.0,0.3407673734506,1.3862868925114,1.7860320758831,1.9325456576463,1.6532459447588,kognition,1.9984076013484,0.21967075687926,1,0.0,3.9609862586377,3.9946631439501,4.7417226108447,0.77430860019481,0.56359981566352,0.54201602013636,vor_abwesenheit,0,1,-133
alle_lehrkraefte,86,359,2025-08-28,19,5,5,56,25,0.47183653218204,-0.016607870422845,0.24757335737307,0.38869275424488,0.4070494303522,0.41284784372432,0.37524384257283,1.7359909125697,0.044464285714286,0.85731732804791,1.3690313748356,1.4987890417968,1.5128617759523,1.3383629650095,kognition,1.7359909125697,0.19521896783688,1,0.0,3.4570531090136,3.6014554784808,4.3833223071631,1.1613022439406,0.46268401506711,0.81291157075843,vor_abwesenheit,0,0,-133
alle_lehrkraefte,621,1757,2025-08-28,1,6,5,47,29,0.5296762977361,0.13817226742004,0.204674671523,0.37677673621752,0.37812049734783,0.41768510391043,0.28907565477859,1.8560920218711,0.27132726296063,0.52469293111517,1.1950868253866,1.3687661016031,1.4811866529708,1.092156197145,kognition,1.8560920218711,0.23828715253353,1,0.0,3.2376644313846,3.3512480923394,4.4036519153337,1.2256045180183,0.44931612598019,0.85792316261283,vor_abwesenheit,0,1,-133
alle_lehrkraefte,700,2022,2025-08-28,1,6,5,29,18,0.46042935068709,0.12161159193869,0.0325236751972,0.40777483230484,0.41554581094193,0.41122461633141,0.45805718868478,1.1950038699352,0.37931034482759,0.069948413824215,1.0829925479609,1.1114189039775,1.0706040776356,1.202004622128,regulation,1.202004622128,0.19411075662225,1,0.0,2.5643588690303,2.6376268703916,3.2219433504903,0.90155710357944,0.52588481204042,0.63108997250561,vor_abwesenheit,0,1,-133
alle_lehrkraefte,676,1902,2025-08-28,19,6,5,44,23,0.43224135691304,-0.031551832731796,0.011324214437456,0.1627313615774,0.35173220800394,0.17974901362141,0.2572103012918,1.3321620704569,-0.042487939867771,0.10479231242596,0.6633285591656,1.1431733202092,0.78724727070831,0.93810293467377,kognition,1.3321620704569,0.23558987026653,1,0.22222222222222,2.2436773017673,2.9627940499663,4.0463572026297,1.9386306859523,0.34029454765458,1.4237081468333,vor_abwesenheit,0,0,-133
alle_lehrkraefte,226,866,2025-08-29,1,7,5,40,22,0.37515549273245,0.056609713582418,0.15044148191724,0.25531151026074,0.31436986251239,0.30467497106094,0.25393497077463,1.3902084955665,0.22889314187037,0.60411860170867,0.95138977695352,1.182212938523,1.1779737775253,0.98441092795656,kognition,1.3902084955665,0.18683274013429,1,0.17647058823529,2.6475437771247,3.3854406485777,3.9027212950711,1.7486338444795,0.36381710208817,1.2769848676063,vor_abwesenheit,0,1,-132
alle_lehrkraefte,246,956,2025-08-29,1,7,5,24,17,0.47095243137151,0.064774729809478,0.093402985904974,0.39036337787704,0.43357392077095,0.45139594536376,0.409065119448,1.3874774185045,0.16666666666667,0.2914099638554,1.0691841457077,1.3087613605649,1.3044157367988,1.1528076499519,kognition,1.3874774185045,0.20768372383346,1,0.0,2.8150076483392,2.886226482321,3.8904053841416,1.0002329266822,0.49994177511053,0.70016304867751,vor_abwesenheit,0,1,-132
alle_lehrkraefte,538,1568,2025-09-01,12,0,6,44,23,0.44106621326374,0.11195836060934,0.10411717357221,0.36274860846613,0.40135504018676,0.50444569790137,0.36949505998122,1.3898526683107,0.29545454545455,0.28103309723583,1.0240331896,1.2690104771375,1.3612637310408,1.121481477061,kognition,1.3898526683107,0.206144473059,1,0.0,2.8049518076265,2.9095196995487,3.8904053841416,1.1504385592785,0.46502142350698,0.80530699149496,vor_abwesenheit,0,0,-129
alle_lehrkraefte,638,1807,2025-09-01,22,0,5,32,23,0.23491275268575,0.055685150471693,0.15229076848034,0.17955145590804,0.24000043675058,0.25272688746023,0.14717995948507,0.69603874337341,0.14488448743488,0.42417732415541,0.52250919541039,0.68100496907528,0.73944593975904,0.4510180671727,performanz,0.73944593975904,0.18161514614824,1,0.33333333333333,1.4738958820893,2.6824854667178,3.2308076414965,1.9949379025629,0.33389673927605,1.496456531794,vor_abwesenheit,0,0,-129
alle_lehrkraefte,199,755,2025-09-01,1,1,5,30,22,0.46394770623086,0.11233353462592,0.13019869888817,0.39373037608791,0.39900687797079,0.43391565360563,0.44438961747386,1.8710602226458,0.34878634482911,0.49487614327883,1.5416615503204,1.6333522456314,1.7303920332194,1.7491618582858,kognition,1.8710602226458,0.19970138005362,1,0.0,3.8685661888418,3.9558783410888,4.7275916595967,1.1676307028603,0.46133319604693,0.81734149200223,vor_abwesenheit,0,1,-129
alle_lehrkraefte,13,15,2025-09-01,1,2,5,40,24,0.48958191659776,0.073468898630193,0.080413104436928,0.36813807092725,0.40487307211547,0.4879443604442,0.40954129262633,1.9572105696727,0.2625,0.31789740285776,1.483888021387,1.6269398633911,1.963456915324,1.6556227123859,performanz,1.963456915324,0.21186443319119,1,0.0,3.9301074827529,4.0120205366713,4.5184642616466,0.81314411285125,0.55152813993779,0.56920087899587,vor_abwesenheit,0,1,-129
alle_lehrkraefte,30,91,2025-09-01,1,2,5,47,21,0.54068875117131,0.04543972864262,0.18106284427144,0.33038477293479,0.43935957147398,0.47455030041733,0.32170385979759,2.2209841451358,0.15888064636454,0.72687841279276,1.3232544285434,1.8110229632305,1.9270027270933,1.3076509554216,kognition,2.2209841451358,0.23438797913895,1,0.0,3.9925509197962,4.0739745663967,4.4467495553359,0.76484378699103,0.56662238741535,0.53539065089372,vor_abwesenheit,0,1,-129
alle_lehrkraefte,38,136,2025-09-01,1,2,5,49,28,0.48070932950625,0.090113774364637,0.16750959339817,0.36858609161837,0.40122182629664,0.46100156615775,0.38297781030699,1.856266460043,0.41104945964182,0.68872340600577,1.479192029005,1.5605468081136,1.7845435482602,1.5441342247404,kognition,1.856266460043,0.19907504232115,1,0.0,3.7790591868308,3.934751624786,4.7275916595967,1.1835003529714,0.4579802328125,0.82845024707996,vor_abwesenheit,0,1,-129
alle_lehrkraefte,58,265,2025-09-01,1,2,4,26,19,0.4637651409527,0.065556205841021,0.17646615329606,0.39607257315251,0.37790478825314,0.50501493755587,0.38991385891414,1.7494435121201,0.22544422152475,0.64674398005878,1.4690343927508,1.4359277403648,1.8765409120108,1.4627438835582,performanz,1.8765409120108,0.21165876363782,1,0.0,3.6620529025168,3.7418447523042,4.0994612769517,0.81247405727313,0.55173203499779,0.56873184009119,vor_abwesenheit,0,1,-129
alle_lehrkraefte,225,865,2025-09-02,1,0,4,26,15,0.58294944645903,0.091633307459881,0.20539506471098,0.29988448399302,0.44483622152329,0.42772342754378,0.2355805668392,1.7159623321575,0.27567973567223,0.61348146118645,0.90240907111162,1.3044902402799,1.2859505164883,0.70100639029654,kognition,1.7159623321575,0.25238526896128,1,0.0,2.8386618597442,2.9680686880112,3.4593492831486,0.90363342793971,0.52531122080699,0.6325433995578,vor_abwesenheit,0,1,-128
alle_lehrkraefte,72,321,2025-09-02,1,1,5,40,22,0.43119609784783,0.10755355385798,0.21515146845965,0.42582229145663,0.36678426542508,0.43274592289823,0.39644907680396,1.6197205822923,0.30183419061536,0.70062671227746,1.4478088296377,1.3879590807093,1.5462066883887,1.3892707437901,kognition,1.6197205822923,0.19297488565037,1,0.0,3.3983651323764,3.5557247505585,4.6073855808479,1.3173885193978,0.43152021839646,0.92217196357846,vor_abwesenheit,0,1,-128
alle_lehrkraefte,105,425,2025-09-02,1,2,5,48,24,0.51723735471619,0.080391456385892,0.16390051814983,0.35123159831526,0.40192946330816,0.42956406460702,0.38749872887414,2.0618264543929,0.21033475858679,0.53752176269332,1.3823603774335,1.6127442364491,1.7113067025198,1.5716604433494,kognition,2.0618264543929,0.22687963247464,1,0.0,3.8072102711368,3.9141471002424,4.9125764837446,1.3194896098801,0.43112932937504,0.9236427269161,vor_abwesenheit,0,1,-128
alle_lehrkraefte,123,452,2025-09-02,1,2,3,29,14,0.51530964008585,0.023896930118298,0.17189530156586,0.35800613662811,0.42512507932172,0.49990438010551,0.36290622469153,2.0785902423691,0.093263297028809,0.68570030770662,1.4500510917248,1.7169709595518,2.0245605338509,1.4699520985218,kognition,2.0785902423691,0.21836021754117,1,0.0,4.0136843824552,4.0413292810199,4.1979491418417,0.44817475713,0.69052439636623,0.313722329991,vor_abwesenheit,0,1,-128
alle_lehrkraefte,151,556,2025-09-02,1,2,4,42,19,0.54983070793862,0.067760819895571,0.22532672314311,0.26449756928823,0.45027793921891,0.47621597689258,0.28753543056859,2.0571992894039,0.28383333333333,0.86222349726426,1.054896935587,1.6981282437004,1.81274813293,1.1239242717089,kognition,2.0571992894039,0.23132913516634,1,0.0,3.6880575206212,3.8079756355555,4.6687650182457,1.0067794888738,0.49831085355631,0.70474564221166,vor_abwesenheit,0,1,-128
alle_lehrkraefte,474,1478,2025-09-02,1,2,4,27,16,0.6371841674426,0.086518091839096,0.11998832967814,0.25426918486075,0.46533903823312,0.40620648323548,0.28728523350738,1.9878028753861,0.2962962962963,0.3759619919838,0.8052553008567,1.4570464259802,1.2653200111582,0.89998999292398,kognition,1.9878028753861,0.28045917255927,1,0.0,3.0598915488999,3.1291319234727,3.4246644235568,0.68208123108375,0.59450160998212,0.47745686175862,vor_abwesenheit,0,1,-128
alle_lehrkraefte,96,390,2025-09-02,1,4,5,48,24,0.51723735471619,0.080391456385892,0.16390051814983,0.35123159831526,0.40192946330816,0.42956406460702,0.38749872887414,2.0618264543929,0.21033475858679,0.53752176269332,1.3823603774335,1.6127442364491,1.7113067025198,1.5716604433494,kognition,2.0618264543929,0.22687963247464,1,0.0,3.8072102711368,3.9141471002424,4.9125764837446,1.3194896098801,0.43112932937504,0.9236427269161,vor_abwesenheit,1,1,-128
alle_lehrkraefte,620,1755,2025-09-03,19,0,3,24,14,0.47497599077624,0.12167966888083,0.24797776584938,0.35970848809543,0.41673803135996,0.47127358456184,0.36373583928472,1.6859268608834,0.3657837166734,0.82927760124951,1.2956326923663,1.5103369135106,1.7480717250103,1.3392694155546,performanz,1.7480717250103,0.19922637009553,1,0.0,3.5317173494813,3.5967536980327,4.1870663396681,1.0160952507149,0.49600831093939,0.7112666755004,vor_abwesenheit,0,0,-127
alle_lehrkraefte,198,754,2025-09-03,1,3,5,38,23,0.44002240246197,0.099695174220027,0.16071207375541,0.40517138771719,0.38969623851753,0.44643950063318,0.43543751822134,1.7946042401133,0.45201233661609,0.68801959421469,1.6956856839826,1.5756255572095,1.8057899411778,1.8054825154372,performanz,1.8057899411778,0.18394107143569,1,0.0,3.9720121794517,4.1075662897556,4.9125764837446,1.3879558910141,0.41876820412093,0.9715691237099,vor_abwesenheit,0,1,-127
alle_lehrkraefte,224,864,2025-09-03,1,3,5,42,21,0.43972299054579,-0.023625761265381,0.044885873819302,0.22369051448327,0.34287199842586,0.3156547704996,0.26339482633764,1.7788744043192,-0.056714285714286,0.21813057629664,0.99314023181846,1.4119598960734,1.3734632870018,1.1915922017591,kognition,1.7788744043192,0.22463742403107,1,0.16666666666667,3.0824411185086,3.743204044322,4.783303865063,1.6306553576719,0.38013341317542,1.1914587503703,vor_abwesenheit,0,1,-127
alle_lehrkraefte,245,955,2025-09-03,1,3,5,42,26,0.51630486767932,0.10389838258834,0.16081372463676,0.32992156835706,0.4492641157394,0.43785499362835,0.4075826431489,1.6749965232883,0.38152814938595,0.54904810286509,1.1024612383014,1.4570545199645,1.4498516364277,1.2815753158184,kognition,1.6749965232883,0.21211843708115,1,0.0,3.2148972946168,3.2571437807694,4.3850337175204,0.93889367711268,0.51575803861982,0.65722557397888,vor_abwesenheit,0,1,-127
alle_lehrkraefte,48,208,2025-09-03,1,4,4,40,21,0.52330092208227,-0.052333202895868,0.063328218059434,0.34218005024679,0.44956609969606,0.45199244841517,0.41829391168581,2.1768492914273,-0.2,0.26804123660125,1.4644047675059,1.8837054303248,1.9067217243199,1.7775746291105,kognition,2.1768492914273,0.22494393564562,1,0.0,4.163977150452,4.2051982930064,4.8127294984424,0.81411219491847,0.55123382269361,0.56987853644293,vor_abwesenheit,1,1,-127
alle_lehrkraefte,473,1477,2025-09-03,1,4,5,44,26,0.51498230713572,0.10380576773308,0.21866476491533,0.34928454645819,0.43054812924644,0.44133346807976,0.33819572774563,1.68622578288,0.30910983727991,0.70393361868388,1.2130795055722,1.4501593068727,1.5164442149095,1.2210973671167,kognition,1.68622578288,0.20817474697249,1,0.0,3.2862797447762,3.3689701968711,4.3943908715029,0.97023992481276,0.5075523987745,0.67916794736893,vor_abwesenheit,1,1,-127
alle_lehrkraefte,537,1567,2025-09-03,1,4,4,31,19,0.48178844415813,0.17672058596592,0.13321092094036,0.39909980096634,0.4241107387945,0.46888162591085,0.37119780379291,1.8557894946228,0.67112099539523,0.51253071007797,1.5387169879473,1.6303501349293,1.8283196265842,1.4346266656897,kognition,1.8557894946228,0.19593500365144,1,0.0,3.8188537057484,3.8584144179737,4.6290043360953,0.82458020869249,0.54807127427772,0.57720614608474,vor_abwesenheit,1,1,-127
alle_lehrkraefte,713,2100,2025-09-03,1,4,5,35,21,0.43424563481527,0.13863291826307,0.20189341671555,0.44297268580578,0.33993426139034,0.46682132067366,0.3958317378755,1.5785075792171,0.44049686797524,0.66569799485229,1.5497089007832,1.2445736031466,1.6470663911455,1.4209258817759,performanz,1.6470663911455,0.19270747411192,1,0.0,3.4367567091445,3.553914073149,4.468622859967,1.0262094507638,0.4935323935159,0.71834661553466,vor_abwesenheit,1,1,-127
alle_lehrkraefte,122,451,2025-09-04,1,0,5,41,24,0.53284483867174,0.015296544475761,0.11576444445659,0.33176770574163,0.44804415986909,0.45577147076134,0.38352810554501,2.1491302126981,0.072315969049701,0.49188345835556,1.2963942707071,1.8022455955832,1.7914523226989,1.5059723076779,kognition,2.1491302126981,0.23592460491122,1,0.0,3.9079305156352,3.9806322683279,4.7275916595967,1.0163103020709,0.49595540873493,0.7114172114496,vor_abwesenheit,0,1,-126
alle_lehrkraefte,85,358,2025-09-04,1,5,5,42,28,0.45561834275779,0.12166799633834,0.20021643474067,0.40012137536928,0.40085118624861,0.43570606593171,0.42314446810298,1.9441712271726,0.5143626768783,0.83002472162646,1.7273275389915,1.7252029865975,1.8724724493022,1.8326690057441,kognition,1.9441712271726,0.18611222559052,1,0.0,4.190241794023,4.2918426769042,4.9388259433378,0.98016018847143,0.5050096481194,0.68611213193,vor_abwesenheit,0,1,-126
alle_lehrkraefte,150,555,2025-09-04,1,5,5,50,23,0.4610235955219,0.22632170506979,0.17756778275714,0.42827848179715,0.34464412204173,0.43676468430026,0.35530657101707,1.7366145236847,0.769,0.60841769060199,1.5513299749318,1.3020427939224,1.5979957748175,1.3176800003327,kognition,1.7366145236847,0.19549687444458,1,0.0,3.5169836931736,3.6772796703744,4.6925681131486,1.1982053008338,0.45491656289824,0.83874371058364,vor_abwesenheit,0,1,-126
alle_lehrkraefte,29,90,2025-09-04,1,6,4,33,16,0.50445182692946,0.11516673443213,0.23067435571747,0.34817379967507,0.39692104974493,0.48014469721079,0.31392415405267,1.763121193633,0.37459401873482,0.7798202688666,1.1807913473102,1.3770663515267,1.6343689118542,1.0714518578587,kognition,1.763121193633,0.21550850576149,1,0.0,3.3116140234301,3.4224230497865,4.0146564811436,0.98719589436679,0.50322165159195,0.69103712605675,vor_abwesenheit,0,1,-126
alle_lehrkraefte,619,1754,2025-09-04,1,6,5,46,27,0.37983991776871,0.02206976262645,0.068840279258914,0.28869163460747,0.29720652398982,0.28568760852157,0.28284877117372,1.2905399156196,0.089716310444126,0.23708273569916,0.98283837639704,1.0151265626556,0.99344426708332,0.97754399654952,kognition,1.2905399156196,0.19821048081863,1,0.17948717948718,2.3809089657213,3.2587876517676,3.5786828039544,1.7135995023451,0.36851421852628,1.2533658054877,vor_abwesenheit,0,1,-126
alle_lehrkraefte,699,2020,2025-09-04,1,6,5,50,25,0.45932068374725,0.17267402449483,0.22144279770182,0.42877326575418,0.38604033374322,0.43078654355658,0.38750166461007,1.8214520390014,0.6498,0.85322543683408,1.6797314123186,1.5519594894764,1.7192347434655,1.5526469064844,kognition,1.8214520390014,0.1853319869038,1,0.0,3.8812984438591,3.9620414693213,4.6687650182457,0.91632787826586,0.52183136891216,0.6414295147861,vor_abwesenheit,0,1,-126
alle_lehrkraefte,12,14,2025-09-05,1,7,5,44,25,0.45883084176274,0.096651315803717,0.17878026768975,0.39825528423119,0.40780097498076,0.48386984911726,0.35976589182697,1.7650360418344,0.43390779553431,0.75623192206178,1.5625069343158,1.5668341181338,1.8833636613635,1.4024400539727,performanz,1.8833636613635,0.19674914799836,1,0.0,3.7796572309417,3.8868322536211,4.1979491418417,0.98171390258218,0.50461370770877,0.68719973180753,vor_abwesenheit,0,1,-125
alle_lehrkraefte,223,863,2025-09-05,1,7,5,42,24,0.42484442673423,0.17705653177489,0.22805041243932,0.41153096417084,0.37142052212616,0.43867199838156,0.40743866469515,1.6338938068747,0.62341898722748,0.82189116923817,1.5792071499219,1.4522922722064,1.6915657144928,1.6045651669476,performanz,1.6915657144928,0.17982305911813,1,0.0,3.7111773478985,3.8398281481106,4.7417226108447,1.052552819091,0.48719818106451,0.73678697336373,vor_abwesenheit,0,1,-125
alle_lehrkraefte,244,954,2025-09-05,1,7,4,30,17,0.47659918875854,0.10658576567042,0.16382766270426,0.38088925595956,0.38108269847051,0.46564165003292,0.34693612624505,1.4892946893149,0.265,0.45107714935499,1.133683909538,1.2129740753463,1.4129086561687,1.0743638283524,kognition,1.4892946893149,0.21156850837425,1,0.0,2.8980697173891,3.050256735315,4.0994612769517,1.1688079624724,0.46108277786845,0.81816557373069,vor_abwesenheit,0,1,-125
alle_lehrkraefte,536,1566,2025-09-08,1,0,5,51,22,0.54042418545466,0.072731843394862,0.17588867203943,0.36001550996814,0.42672994072599,0.45241547056994,0.33251157515345,2.0862975969453,0.22938708901263,0.63306423480819,1.3976141690923,1.6790460952832,1.7775658968515,1.3452388040739,kognition,2.0862975969453,0.2280551835504,1,0.0,3.814178225829,3.8934497276822,4.6073855808479,0.91041737329864,0.52344582601515,0.63729216130905,vor_abwesenheit,0,1,-122
alle_lehrkraefte,11,13,2025-09-08,1,2,5,51,28,0.54550287240821,0.13013103625468,0.19866528911003,0.34109564052257,0.44352143133682,0.41166318694715,0.29747314318713,2.0043991010157,0.40036406794485,0.64944626334617,1.2632411006701,1.685186762418,1.6068424454459,1.2177952826934,kognition,2.0043991010157,0.22706884012018,1,0.0,3.6194320120312,3.7292202683539,4.4608733210844,1.119939036101,0.4717116780109,0.78395732527068,vor_abwesenheit,0,1,-122
alle_lehrkraefte,28,89,2025-09-08,1,2,5,46,23,0.51219217358565,0.11336998527634,0.12173404425676,0.34723533694345,0.45527180124785,0.43572538541396,0.34393693348731,1.8769865877305,0.39913043478261,0.4397507693003,1.3001370690071,1.6820376846314,1.5955941693879,1.3049744535047,kognition,1.8769865877305,0.21644269391993,1,0.0,3.5558755239746,3.679362756715,4.5273009039449,1.109974341308,0.47393941263763,0.77698203891563,vor_abwesenheit,0,1,-122
alle_lehrkraefte,37,135,2025-09-08,1,2,5,37,22,0.53885760779356,0.09172746952413,0.19468762676584,0.35297288378842,0.37703493102108,0.48511079592833,0.29392114440356,1.7863203694614,0.279042899278,0.61950873518794,1.1928617796145,1.2603612592789,1.6453717321116,1.0240355463647,kognition,1.7863203694614,0.22879536834575,1,0.0,3.2279905732779,3.3515367218887,3.7699749088641,0.96126046615418,0.50987618282078,0.67288232630792,vor_abwesenheit,0,1,-122
alle_lehrkraefte,71,320,2025-09-09,1,1,5,43,22,0.51343046407838,0.027172484505229,0.11366141248601,0.33943659330591,0.41832338874925,0.48128901078395,0.41540522147915,1.7668359697602,0.091985729086046,0.38272132128794,1.1810903502555,1.4199951403016,1.6505386873704,1.4403661030503,kognition,1.7668359697602,0.22270480285405,1,0.0,3.389238765775,3.4319085452649,4.6172952494101,0.88528869499654,0.53042274249771,0.61970208649758,vor_abwesenheit,0,1,-121
alle_lehrkraefte,104,424,2025-09-09,1,2,5,52,26,0.36247039624638,0.12182271259527,0.14816469107256,0.32736969662564,0.29964803738288,0.31768485613217,0.30979301060788,1.3767314591686,0.38751443898875,0.50586164940488,1.1693871011517,1.1556941106795,1.1790506366875,1.1781553159345,kognition,1.3767314591686,0.18023654852827,1,0.1304347826087,2.7897595562279,3.4116665492303,4.2571432703781,1.6453070183691,0.37802795405447,1.190845347641,vor_abwesenheit,0,1,-121
alle_lehrkraefte,121,450,2025-09-09,1,2,4,37,19,0.5297635651863,0.10067547918211,0.068941976709161,0.36082814365083,0.43390906842582,0.45395862633882,0.39051661581718,2.1046434827574,0.40540540540541,0.26892189690107,1.4291330160256,1.7231338172266,1.7986463405965,1.5515520587146,kognition,2.1046434827574,0.22675838940874,1,0.0,3.9141091576354,3.9677562639193,4.2474282510106,0.6488084808206,0.6064985785992,0.45416593657442,vor_abwesenheit,0,1,-121
alle_lehrkraefte,149,554,2025-09-09,1,2,5,33,21,0.61465311527,0.0,0.17077751708402,0.21914539693132,0.46507536488136,0.45831192095496,0.22787544349919,1.9789037556121,0.0,0.54567191652887,0.75510757483686,1.5184761554064,1.5180326069937,0.79484810303034,kognition,1.9789037556121,0.27828611909516,1,0.0,3.1663830629544,3.2703469448674,3.9620163447076,0.87900865499665,0.5321955262637,0.61530605849766,vor_abwesenheit,0,1,-121
alle_lehrkraefte,472,1476,2025-09-09,1,2,5,41,20,0.53464238106857,0.09779789110164,0.17614018423307,0.32819374646658,0.45739373741125,0.41049741561799,0.34394953003315,1.8038609423105,0.3490243902439,0.60490985954245,1.1506864222495,1.5526659711849,1.4133720213656,1.1868608902961,kognition,1.8038609423105,0.22376576108008,1,0.0,3.2989026003308,3.412068141054,4.3234541329808,1.0968464523324,0.47690664182286,0.76779251663266,vor_abwesenheit,0,1,-121
alle_lehrkraefte,95,389,2025-09-09,1,4,5,52,26,0.36247039624638,0.12182271259527,0.14816469107256,0.32736969662564,0.29964803738288,0.31768485613217,0.30979301060788,1.3767314591686,0.38751443898875,0.50586164940488,1.1693871011517,1.1556941106795,1.1790506366875,1.1781553159345,kognition,1.3767314591686,0.18023654852827,1,0.1304347826087,2.7897595562279,3.4116665492303,4.2571432703781,1.6453070183691,0.37802795405447,1.190845347641,vor_abwesenheit,1,1,-121
alle_lehrkraefte,618,1753,2025-09-10,19,0,5,38,22,0.57995558748949,0.034631547691276,0.11515887774123,0.30604156421226,0.46538078106782,0.43899840399762,0.33440913768697,2.1956718674608,0.15186085063163,0.42275280553823,1.2415037304791,1.8099992758912,1.6915049016359,1.3657927582765,kognition,2.1956718674608,0.24728579276042,1,0.0,3.8166430517462,3.8658262898939,4.6073855808479,0.88998312621938,0.52910525291321,0.62298818835357,vor_abwesenheit,0,0,-120
alle_lehrkraefte,222,862,2025-09-10,1,3,5,50,22,0.50216954108363,0.091313796744101,0.21962436729461,0.36706435349684,0.3997528981755,0.43689024434999,0.33284794265522,1.8006166969773,0.27446520505511,0.74533313323783,1.1988295391606,1.4321217207318,1.4896339986566,1.1151908969688,kognition,1.8006166969773,0.22350719519122,1,0.0,3.2899693298438,3.4441929059461,4.4050032557178,1.2166085942258,0.45113963854735,0.85162601595809,vor_abwesenheit,0,1,-120
alle_lehrkraefte,243,953,2025-09-10,1,3,5,43,22,0.46864429005798,0.15511634720275,0.1414170146795,0.39925854908833,0.41422265549299,0.44133564005097,0.39436082037858,1.7236705192848,0.46823713234747,0.52290140323721,1.4246480815379,1.503574243076,1.6257119020613,1.4373535250387,kognition,1.7236705192848,0.19798430428448,1,0.0,3.5302965815614,3.6200125579866,4.5184642616466,1.0071150580928,0.49822754105101,0.70498054066493,vor_abwesenheit,0,1,-120
alle_lehrkraefte,47,207,2025-09-10,1,4,5,38,26,0.45759334549916,0.20001306185552,0.22107497739274,0.4188613609258,0.40009687524197,0.43090782353619,0.40190560609757,1.8264348459649,0.7662399088471,0.82744695851723,1.6576631335725,1.6062675372423,1.7177349655486,1.6191841069569,kognition,1.8264348459649,0.18226125619318,1,0.0,3.9380159170981,3.9701631722396,4.3981983724756,0.7068753214136,0.58586587283471,0.49481272498952,vor_abwesenheit,1,1,-120
alle_lehrkraefte,471,1475,2025-09-10,1,4,5,45,27,0.41645571358874,0.0096612938987056,0.096497047794823,0.19216448571615,0.38006775395172,0.28453254673704,0.21432759261791,1.5629076905257,0.056407526061309,0.38540112261355,0.77797063482065,1.4340120508863,1.135104167946,0.87221872739539,kognition,1.5629076905257,0.21525990577124,1,0.18421052631579,2.7028229935848,3.5696127021096,3.8904053841416,1.7874867700899,0.3587460972838,1.3065038969577,vor_abwesenheit,1,1,-120
alle_lehrkraefte,535,1565,2025-09-10,1,4,4,31,20,0.48435827096576,0.098528782006334,0.13811666279984,0.37579158456747,0.39346746577207,0.49501440372672,0.41216720659212,1.5857293274124,0.32114149518387,0.45977991202955,1.2302720185884,1.2886931407526,1.622595030804,1.3551711608397,performanz,1.622595030804,0.20634823707387,1,0.0,3.2361504426025,3.2778668313864,3.3852427938085,0.50765536149938,0.66328155992195,0.35535875304957,vor_abwesenheit,1,1,-120
alle_lehrkraefte,675,1900,2025-09-10,1,4,5,42,25,0.50175404785646,0.14068847224244,0.11982592813497,0.37449007933246,0.40511629654987,0.42788050673369,0.40644827147993,1.949799140328,0.44162215420448,0.48260072977498,1.3954898898993,1.551051375879,1.641985743675,1.5424726937338,kognition,1.949799140328,0.21652353534859,1,0.0,3.6956923405312,3.7973502867415,4.8184848736233,1.1327484351464,0.46887855291351,0.79292390460248,vor_abwesenheit,1,1,-120
alle_lehrkraefte,712,2099,2025-09-10,1,4,5,47,26,0.55429053312906,0.023922603225805,0.10762714144854,0.3344531799752,0.45154671957309,0.4366284803337,0.37019207299023,2.1700031765983,0.12693617021277,0.45579650944905,1.3196901774947,1.7637021355483,1.7102483497471,1.4688776323641,kognition,2.1700031765983,0.23575600427286,1,0.0,3.8558469030768,3.9250018920927,4.290361661197,0.84678454881562,0.54148167995087,0.59274918417094,vor_abwesenheit,1,1,-120
alle_lehrkraefte,120,449,2025-09-11,18,0,5,60,21,0.51003163906182,0.074551873953018,0.2151093022218,0.38840904587684,0.396585995431,0.44309878863304,0.3459689567359,2.0115928385047,0.25,0.81595253063809,1.4614267836486,1.5742306557063,1.7294914226158,1.3273483661696,kognition,2.0115928385047,0.21936570273956,1,0.0,3.7605516812808,3.8815226908087,4.4050032557178,1.0326029532099,0.49197999954728,0.72282206724693,vor_abwesenheit,0,0,-119
alle_lehrkraefte,84,357,2025-09-11,1,5,5,47,25,0.41415452412698,0.02080377232824,0.025223610387841,0.22709929241064,0.35352644618034,0.24973913098378,0.31035594226521,1.5112861075943,0.072678654068508,0.10168431999167,0.90534668698915,1.2989199527881,1.018265111142,1.1793275131919,kognition,1.5112861075943,0.21368626129712,1,0.175,2.6896338921925,3.5207133307975,4.5184642616466,1.7401166464668,0.36494796719309,1.2705816525267,vor_abwesenheit,0,1,-119
alle_lehrkraefte,148,553,2025-09-11,1,5,5,42,23,0.44840106443398,0.17035367817626,0.16651359412091,0.43168024636799,0.33648246008027,0.47182530259328,0.41110876515686,1.3853051053298,0.54512730642232,0.52537552217525,1.3784346443325,1.0442981728722,1.4777610005352,1.2661653705798,performanz,1.4777610005352,0.19386912095982,1,0.0,3.0446422642537,3.1250243190238,3.7699749088641,0.85084716530211,0.54029312562757,0.59559301571148,vor_abwesenheit,0,1,-119
alle_lehrkraefte,171,664,2025-09-11,1,5,5,36,22,0.31268253692993,0.10123905453405,0.067580621492378,0.23194993181876,0.30169724233856,0.18721104239742,0.3152741860552,1.1388403023643,0.31849164550149,0.26818885486091,0.87403443769459,1.0646666327577,0.88947503973112,1.0464614192265,kognition,1.1388403023643,0.18960601015789,1,0.28571428571429,2.292164481409,3.1006159998527,3.9998412574664,1.869694064819,0.34846920173809,1.3945001310876,vor_abwesenheit,0,1,-119
alle_lehrkraefte,27,88,2025-09-11,1,6,5,40,23,0.49030365006835,0.12062401428481,0.14371152558409,0.36892706252358,0.40404346362665,0.48610316286379,0.38743355490259,1.8472927777355,0.49875023705254,0.53844867816665,1.4023903946275,1.534896099253,1.8029503288288,1.4677658837995,kognition,1.8472927777355,0.20316677652773,1,0.0,3.6984781758135,3.7712073100738,4.2474282510106,0.90648294937304,0.524526065302,0.63453806456113,vor_abwesenheit,0,1,-119
alle_lehrkraefte,617,1752,2025-09-11,1,6,5,42,26,0.45926839755642,0.1158781651707,0.1590654662649,0.36654270863108,0.4093908918639,0.46516850652136,0.44703376798674,1.5008955388445,0.43359013224099,0.55673194314852,1.2446327268035,1.3363547265956,1.5656847828851,1.44418605175,performanz,1.5656847828851,0.19372309810227,1,0.0,3.2592384155158,3.3070845305207,4.3850337175204,0.94819267030565,0.51329625413441,0.66373486921396,vor_abwesenheit,0,1,-119
alle_lehrkraefte,698,2019,2025-09-11,1,6,5,37,26,0.50116511648557,0.10085740860907,0.15756924216709,0.36851606435791,0.40426962648829,0.44955099889512,0.3755735330369,1.7869053178394,0.32189453827389,0.49749997644399,1.3310310073672,1.4567066091207,1.6078254839849,1.3929014288604,kognition,1.7869053178394,0.21285949680152,1,0.0,3.4587668034079,3.5704174879954,4.8184848736233,1.0464639581896,0.4886477457852,0.7325247707327,vor_abwesenheit,0,1,-119
alle_lehrkraefte,674,1899,2025-09-11,18,6,5,37,27,0.5249377648683,0.06476900478627,0.16705276304227,0.35508331716314,0.39256550781985,0.46941969088412,0.3650859476902,1.7866159231602,0.18050615023048,0.4875614005914,1.221255461556,1.3511717579485,1.6040499493495,1.3071665904333,kognition,1.7866159231602,0.2250620150392,1,0.0,3.3258210720841,3.4099745573951,4.6925681131486,1.0391360012763,0.49040377854841,0.72739520089343,vor_abwesenheit,0,0,-119
alle_lehrkraefte,10,12,2025-09-12,1,7,3,33,14,0.58592206841188,-0.066883694933885,0.029963181459065,0.26716068042889,0.45310270895877,0.41619385602214,0.29924964937754,1.7332168627848,-0.10827272727273,0.13714301839381,0.9837117087163,1.4349916305195,1.3822638858472,1.1314488255527,kognition,1.7332168627848,0.24856154164236,1,0.0,3.0417579596174,3.1592351098124,3.8951055276764,1.1804854917474,0.45861346190321,0.82633984422318,vor_abwesenheit,0,1,-118
alle_lehrkraefte,221,861,2025-09-12,1,7,5,58,25,0.52036143349985,-0.075514677101614,0.20926677369281,0.33174794068089,0.42944748218394,0.41217120030844,0.36055213891577,1.8085934755584,-0.19683588331478,0.68488519596181,1.0959602702139,1.5042404471338,1.422245006651,1.2170962190553,kognition,1.8085934755584,0.22457441723898,1,0.0,3.2782304309648,3.4137760513562,4.3390173775696,1.1414322977769,0.46697717272599,0.79900260844386,vor_abwesenheit,0,1,-118
alle_lehrkraefte,242,952,2025-09-12,1,7,5,43,24,0.34374386974689,0.051066767021486,0.10866857057629,0.27945588566073,0.27762464481043,0.26584210522393,0.24138449817554,1.3726978960174,0.21928556952205,0.46233253989018,1.1823801002751,1.1071810029452,1.1407077426752,1.0433367336259,kognition,1.3726978960174,0.18476794861535,1,0.19444444444444,2.675775629778,3.730478463711,4.7023538701082,2.2128371387017,0.31125138213638,1.6073193304245,vor_abwesenheit,0,1,-118
alle_lehrkraefte,534,1564,2025-09-15,12,0,6,78,31,0.28855946487151,0.071495650553218,0.099214649525451,0.18481183488047,0.24219718050288,0.21348377413371,0.1758258768466,0.53321797740892,0.19824981220099,0.29096716282181,0.30242525581156,0.48227373868398,0.11885221092009,0.22126854463962,kognition,0.53321797740892,0.22247054418683,1,0.3,0.89186372309608,4.6569939296766,8.2528167358745,4.2569839273571,0.19022314197995,3.06988874915,vor_abwesenheit,0,0,-115
alle_lehrkraefte,637,1803,2025-09-15,22,0,5,38,26,0.56900909413963,-0.039000698548306,0.051417353178633,0.34536084003769,0.40983747072517,0.46132540432508,0.3554758149403,1.8098119243557,-0.097514096863963,0.20854071172483,1.2077829363451,1.4009326147417,1.5201481115195,1.259806502491,kognition,1.8098119243557,0.23586960371188,1,0.0,3.2630862609073,3.3127925635673,4.8127294984424,1.398322731501,0.41695806276002,0.97882591205073,vor_abwesenheit,0,0,-115
alle_lehrkraefte,197,753,2025-09-15,1,1,5,52,28,0.48668260095988,0.096808372847078,0.137886656143,0.38641817082291,0.42106787069441,0.46394539718533,0.38509336219468,2.0212319790653,0.38703736545211,0.5917208235624,1.5620746225022,1.7167422926858,1.8928331701461,1.5505962200709,kognition,2.0212319790653,0.20789784167231,1,0.0,3.9949665132457,4.0840318428425,4.7035557511802,1.0717672343135,0.48267970621292,0.75023706401946,vor_abwesenheit,0,1,-115
alle_lehrkraefte,9,11,2025-09-15,1,2,5,44,25,0.48605171721673,0.086754236288884,0.12981883179605,0.38636221066282,0.405148870688,0.49484366228882,0.39209824959241,2.0563971010914,0.34985941861514,0.52560802502156,1.6174838366312,1.7259350668248,2.0804745828594,1.6682131204315,performanz,2.0804745828594,0.20754993718765,1,0.0,4.1633940202556,4.2173443170215,4.7035557511802,0.85654745676801,0.5386342247027,0.59958321973761,vor_abwesenheit,0,1,-115
alle_lehrkraefte,26,87,2025-09-15,1,2,5,44,24,0.45128312358097,0.090138045820391,0.17712492859596,0.32979481605835,0.38812133977897,0.33089381995921,0.36228027090582,1.4983278914803,0.15321332615227,0.4847336695762,0.97465181706144,1.2474035085444,1.2409310565328,1.097014660762,kognition,1.4983278914803,0.21028467155757,1,0.0,2.7843743021985,3.0193718247872,3.6638202593924,1.1603601173105,0.46288579019175,0.81225208211735,vor_abwesenheit,0,1,-115
alle_lehrkraefte,36,134,2025-09-15,1,2,5,47,21,0.49450349121762,0.052905461697743,0.086951034359097,0.3609956042566,0.43057028153819,0.49153408569648,0.26255224653396,1.2354435624916,0.10218773282091,0.30147072599425,0.73229988070658,0.99207856765317,1.0645167151076,0.68451363601019,kognition,1.2354435624916,0.24016884526618,1,0.0,2.1794231993304,2.29269402419,3.8701983392444,1.4765434542844,0.40378859424817,1.0335804179991,vor_abwesenheit,0,1,-115
alle_lehrkraefte,57,262,2025-09-15,1,2,5,40,26,0.43829268264141,0.18797975303681,0.25052766890007,0.44729452295505,0.34765708115501,0.40112999236053,0.29760315846193,1.4706494596682,0.37804003083938,0.64113202750086,1.3102933561551,1.2240625136963,1.3461857700977,1.0496425060134,kognition,1.4706494596682,0.19820058451022,1,0.0,2.9742120989417,3.1422902659682,4.6073855808479,1.4675103201833,0.40526679536874,1.0272572241283,vor_abwesenheit,0,1,-115
alle_lehrkraefte,183,733,2025-09-16,19,0,6,46,28,0.50732164578411,0.081053445332783,0.16027925099969,0.35041077833767,0.4337178606514,0.43796748113664,0.34895707528944,1.7431905333387,0.30019888191,0.518629419715,1.3676932070139,1.5688334225121,1.6746620063263,1.4279719165084,kognition,1.7431905333387,0.20266878004052,1,0.0,3.5458748885273,3.6314423981549,4.7689253591515,1.3668910767296,0.42249514979022,0.9568237537107,vor_abwesenheit,0,0,-114
alle_lehrkraefte,70,319,2025-09-16,1,1,5,44,27,0.45266724039853,0.15850931575861,0.17135852597446,0.39155980632552,0.39327511755652,0.43489320582599,0.45810883714195,1.7274550379661,0.61311918484651,0.69900824806255,1.5551056320997,1.5134678007056,1.7180356564766,1.7718398259035,regulation,1.7718398259035,0.18460450426082,1,0.0,3.8273528410932,3.886604489388,4.6687650182457,0.90174765697382,0.52583211885812,0.63122335988167,vor_abwesenheit,0,1,-114
alle_lehrkraefte,103,423,2025-09-16,1,2,3,26,15,0.49825549503228,0.18081922156401,0.20397583257784,0.36994868888308,0.42375089197188,0.43876104272829,0.378623870031,1.9450287404548,0.71196153846154,0.81924919804976,1.4592090519229,1.6630739246146,1.7021600586996,1.4415027081832,kognition,1.9450287404548,0.19965014998736,1,0.0,3.8511790585517,3.8976654051047,4.3833223071631,0.77021419401012,0.56490339043925,0.53914993580708,vor_abwesenheit,0,1,-114
alle_lehrkraefte,119,448,2025-09-16,1,2,5,50,28,0.58069627294524,0.063486841512332,0.14127480496359,0.33285332386633,0.43186744841418,0.42808837988558,0.35329857728844,2.253170416172,0.20947667274254,0.52939740087002,1.3202343230843,1.7017809394092,1.7090386131387,1.4225028657273,kognition,2.253170416172,0.24636657112265,1,0.0,3.8709589802233,3.9233932602541,4.7035557511802,0.92997040043351,0.51814266155345,0.65097928030346,vor_abwesenheit,0,1,-114
alle_lehrkraefte,147,552,2025-09-16,1,2,5,36,19,0.50628579606109,0.10656101944138,0.18247985494791,0.35979713637543,0.39299983129952,0.46705336944734,0.40052454866803,1.5627110547815,0.40631783866714,0.67142103774927,1.1531911886895,1.318555404144,1.4780333479864,1.2815820660109,kognition,1.5627110547815,0.19851986646582,1,0.0,3.1549072375962,3.1998279440413,4.2195669844004,1.1203854152517,0.47161237424437,0.78426979067622,vor_abwesenheit,0,1,-114
alle_lehrkraefte,470,1474,2025-09-16,1,2,4,40,20,0.48488668634193,0.087847729737354,0.064632171308408,0.3507203578978,0.48832944172465,0.40698414753508,0.42832885278161,1.7368832119172,0.3,0.27132970971235,1.238093949579,1.7346704726235,1.4626764605372,1.4525529889219,kognition,1.7368832119172,0.20975380373382,1,0.0,3.4600106927037,3.5344373767982,4.6073855808479,1.2113322098516,0.45221608745395,0.84793254689614,vor_abwesenheit,0,1,-114
alle_lehrkraefte,94,388,2025-09-16,1,4,3,26,15,0.49825549503228,0.18081922156401,0.20397583257784,0.36994868888308,0.42375089197188,0.43876104272829,0.378623870031,1.9450287404548,0.71196153846154,0.81924919804976,1.4592090519229,1.6630739246146,1.7021600586996,1.4415027081832,kognition,1.9450287404548,0.19965014998736,1,0.0,3.8511790585517,3.8976654051047,4.3833223071631,0.77021419401012,0.56490339043925,0.53914993580708,vor_abwesenheit,1,1,-114
alle_lehrkraefte,616,1751,2025-09-17,19,0,5,38,21,0.38879762331035,0.023029584622747,0.039500074176999,0.20713806005706,0.32571957900237,0.25248532815239,0.26266241661274,1.0827147782208,0.11709353556459,0.11796940133657,0.80611906520897,1.0033758897507,0.90107612884577,1.0393118868175,kognition,1.0827147782208,0.18048928737143,1,0.1875,2.1791276874434,2.968287109814,3.9839254947078,1.9409483895113,0.34002636821729,1.4149138726579,vor_abwesenheit,0,0,-113
alle_lehrkraefte,170,663,2025-09-17,1,3,4,37,16,0.56350536704906,0.10520999402063,0.19640772658398,0.31321247553817,0.45520560024726,0.43046073913816,0.30970264888086,2.2038748472,0.33959459459459,0.72605199660076,1.1789366390596,1.7860695181535,1.6778189163756,1.188392429322,kognition,2.2038748472,0.24216438482783,1,0.0,3.782436931051,3.864657178599,4.4467495553359,0.95891297866557,0.51048719922271,0.6712390850659,vor_abwesenheit,0,1,-113
alle_lehrkraefte,196,752,2025-09-17,1,3,5,33,19,0.49981231827818,0.094650035419065,0.20414347694996,0.37380614081323,0.36949330365353,0.50137272090504,0.30984144595904,1.6029857984951,0.34358364402289,0.71225853292051,1.1965364703118,1.3163376041956,1.6329769797687,1.0907975020487,performanz,1.6329769797687,0.20682437256311,1,0.0,3.1962200531676,3.2822095367789,4.149830156151,1.1961857847395,0.4553348842109,0.83733004931768,vor_abwesenheit,0,1,-113
alle_lehrkraefte,533,1563,2025-09-17,1,4,3,31,17,0.52242548309373,0.071985190517137,0.11219491110949,0.37732221283872,0.42015738225213,0.42629151654453,0.43214751907775,2.2272224699313,0.30327541676153,0.47203059952496,1.6101474514682,1.7915674226116,1.8194680412152,1.8470907411838,kognition,2.2272224699313,0.22115641220759,1,0.0,4.2189815833053,4.2655724886983,4.4350301470164,0.62162278925311,0.61666622264268,0.43513595247717,vor_abwesenheit,1,1,-113
alle_lehrkraefte,711,2098,2025-09-17,1,4,4,39,20,0.46481851696502,0.16318562072239,0.071182342021327,0.38451928922881,0.42635477828512,0.43291858822484,0.42832454948741,1.7407378902401,0.53507098767292,0.23628869908531,1.4626137177385,1.5860540873982,1.6199674105256,1.6294153094917,kognition,1.7407378902401,0.19566140500119,1,0.0,3.6477934194692,3.7380215733389,4.9125764837446,1.1139108790594,0.47305683976846,0.77973761534158,vor_abwesenheit,1,1,-113
alle_lehrkraefte,118,447,2025-09-18,20,0,6,51,28,0.49440410733279,0.060187665254409,0.19361185753877,0.29709065471345,0.39201782164152,0.46463270291142,0.2915112428821,1.9778480519115,0.35356370004563,0.84030979561515,1.3205063954431,1.6485659399587,1.8457876750001,1.4096992050334,kognition,1.9778480519115,0.20646677580433,1,0.0625,3.8208247208815,3.9540880547247,5.0706726894758,1.321955218814,0.43067152712392,0.94411865316983,vor_abwesenheit,0,0,-112
alle_lehrkraefte,83,356,2025-09-18,1,5,5,34,20,0.34160329210989,0.21951756534053,0.16527246221912,0.48133502953816,0.32673519376755,0.46012638202709,0.39805665337227,1.1381710535357,0.58302040332909,0.52286558589828,1.5037553673053,1.0969793161764,1.4777289649225,1.2758660734002,motivation,1.5037553673053,0.19790455709856,1,0.0,3.0306592541169,3.2008210668241,4.1754495604128,1.273669069216,0.43981774372504,0.8915683484512,vor_abwesenheit,0,1,-112
alle_lehrkraefte,146,551,2025-09-18,1,5,5,38,18,0.57721675703461,0.16440229615373,0.23027804139617,0.33583734881907,0.41233935620096,0.449680696909,0.23090905158011,1.8980087066318,0.53015614158508,0.72873757819789,1.1031657044717,1.3670784423398,1.4753720347712,0.78513554262406,kognition,1.8980087066318,0.24063031547628,1,0.0,3.2083639979119,3.2903484882066,3.816340021111,0.76515045771294,0.56652394453427,0.53560532039906,vor_abwesenheit,0,1,-112
alle_lehrkraefte,169,662,2025-09-18,1,5,5,47,26,0.52210812735148,0.038589119947351,0.12294879226895,0.3624481625939,0.44337137879932,0.4621853230994,0.37932099219993,2.1961115367649,0.16914893617021,0.51141285710341,1.5476272746053,1.8736618355373,1.9497843464225,1.6195751085237,kognition,2.1961115367649,0.22256409186867,1,0.0,4.1765418398102,4.2323207122057,4.6046572277403,0.71909702999193,0.58170073157807,0.50336792099435,vor_abwesenheit,0,1,-112
alle_lehrkraefte,697,2018,2025-09-18,1,6,4,37,16,0.44437814289358,0.13988591299325,0.16716209986024,0.46657606139479,0.33333475006145,0.45025692105741,0.40194011149718,1.6325830696162,0.48553931705507,0.6051494979091,1.6221724486158,1.3414757525661,1.6361649081499,1.5239980957289,performanz,1.6361649081499,0.18493834539269,1,0.0,3.5634096414306,3.652019532444,4.5184642616466,1.1951889401986,0.45554165369907,0.83663225813904,vor_abwesenheit,0,1,-112
alle_lehrkraefte,673,1898,2025-09-18,20,6,6,73,32,0.52303958980796,0.082452634862039,0.16267901600894,0.33745632076043,0.43071304165051,0.46062746434138,0.34588817123195,1.9202211668037,0.29146705523629,0.60774989452595,1.2390134579609,1.5780913010477,1.7006709293691,1.2687396689482,kognition,1.9202211668037,0.21837736046604,1,0.0,3.5593638152119,3.671269969591,4.184164420855,0.89490774648864,0.52773017676087,0.62643542254205,vor_abwesenheit,0,0,-112
alle_lehrkraefte,8,10,2025-09-19,1,7,5,34,21,0.52446173048856,0.0540200074322,0.16848605761078,0.3573758305464,0.41834397152682,0.46293341900074,0.3788975141235,1.9468170119921,0.19990007700733,0.61897618788339,1.3340459467081,1.5518735816585,1.7139342100849,1.4146995754878,kognition,1.9468170119921,0.22172691755914,1,0.0,3.6524133948526,3.7142221568467,3.9351727697706,0.70426873995378,0.58676192114345,0.49298811796765,vor_abwesenheit,0,1,-111
alle_lehrkraefte,182,731,2025-09-19,1,7,5,47,23,0.21574722888729,-0.019053363059865,0.028691739191715,0.10611034094173,0.19052758871187,0.19906801704682,0.19462106993152,0.81816699777987,-0.075988962388454,0.12335331020553,0.28543937158373,0.64085952360084,0.64219777536436,0.47785024702758,kognition,0.81816699777987,0.22459027308868,1,0.51612903225806,1.3503047814871,2.9649536334059,3.8701983392444,2.5072748115027,0.28512165534344,1.9099310777293,vor_abwesenheit,0,1,-111
alle_lehrkraefte,220,860,2025-09-19,1,7,4,27,14,0.30917481540509,0.12122697586298,0.042931119244363,0.20894617660253,0.28184264192535,0.096024914535771,0.25132887609247,1.0234323234266,0.34300709038035,0.18427517294808,0.70949642837659,0.9257171189065,0.4834674207368,0.79604689852992,kognition,1.0234323234266,0.19630418548349,1,0.35,1.8511600961935,2.9128393042296,3.2698876076559,2.0548285947265,0.32735060871378,1.5433800163086,vor_abwesenheit,0,1,-111
alle_lehrkraefte,241,951,2025-09-19,1,7,5,28,19,0.35001618319612,0.057397796829304,-0.0032783398390674,0.40748850309399,0.32927088319571,0.4976663499499,0.48825726516265,0.83501721317332,0.20934945179331,0.040410859491371,0.9357260047678,0.77676563750303,1.0851332374009,1.0673624008772,performanz,1.0851332374009,0.21323799540663,1,0.0,2.1303611492302,2.2361930815574,3.6479410450167,1.1131722314153,0.47322219416553,0.77922056199069,vor_abwesenheit,0,1,-111
alle_lehrkraefte,507,1532,2025-09-19,1,7,5,40,23,0.53120319955307,0.076620368270096,0.17993137777175,0.33171108001182,0.42906473527678,0.45619311925483,0.3655364417595,2.0640477720231,0.278225,0.68853053250996,1.2701526066788,1.6690034880046,1.764563647694,1.3739315131037,kognition,2.0640477720231,0.22660790131008,1,0.0,3.7698819088539,3.840926453868,4.290361661197,0.81824020745745,0.54998233781133,0.57276814522022,vor_abwesenheit,0,1,-111
alle_lehrkraefte,46,206,2025-09-22,1,0,5,43,22,0.58404094044603,0.048679300685142,0.14185264651593,0.32590150880383,0.42941767938066,0.42132144113392,0.32968856235853,2.0533310977369,0.14554382134301,0.47902005851689,1.2340116137326,1.5421671650593,1.5516788660165,1.2621679205468,kognition,2.0533310977369,0.24834915709093,1,0.0,3.5169093261044,3.6160676873897,4.7023538701082,1.0190451063852,0.49528363523802,0.71333157446963,vor_abwesenheit,0,1,-108
alle_lehrkraefte,532,1562,2025-09-22,12,0,6,64,27,0.41315677739635,0.054904831085846,0.016541974546339,0.23310062358715,0.34363709121536,0.29009498915779,0.27660140166746,1.7251636188734,0.1875,0.21076957947925,1.0164060801697,1.4818185480285,1.289343991721,1.1756514237519,kognition,1.7251636188734,0.22573291654829,1,0.16363636363636,3.054374126685,3.5370472450234,4.4050032557178,1.8123089898949,0.35557970464596,1.3177072020173,vor_abwesenheit,0,0,-108
alle_lehrkraefte,195,751,2025-09-22,1,1,5,43,21,0.55729357699494,0.053434734966549,0.12867307962027,0.32373268794756,0.43784031859137,0.48027437173239,0.33446858853093,2.0828958194057,0.18604651162791,0.48014364087833,1.197843586966,1.6398124111701,1.7752756421289,1.2415004871452,kognition,2.0828958194057,0.24209815047286,1,0.0,3.6633792163306,3.7165492885176,4.0581131318012,0.7010380337434,0.58787633207668,0.49072662362038,vor_abwesenheit,0,1,-108
alle_lehrkraefte,7,9,2025-09-22,1,2,3,28,16,0.51980317563653,0.1311563411118,0.18169649942774,0.35563830684429,0.44399043726906,0.44174736041703,0.3664789683047,2.1683046933818,0.54681115442865,0.74551214905767,1.4899543331103,1.8564573239546,1.8461176821456,1.5356759640265,kognition,2.1683046933818,0.21281187251925,1,0.0,4.1217938958153,4.1771737821717,4.3850337175204,0.68959882483825,0.59185647225798,0.48271917738678,vor_abwesenheit,0,1,-108
alle_lehrkraefte,25,86,2025-09-22,1,2,4,48,20,0.53046169182615,0.16104176093916,0.24073251021587,0.38139197462803,0.39137925464233,0.42202171406549,0.3046697088011,1.9016337511243,0.52167442595551,0.796838668628,1.36279382438,1.4228008854271,1.5184900642059,1.1522224994057,kognition,1.9016337511243,0.21917176360471,1,0.0,3.4696260784847,3.5877657431318,4.2571432703781,1.0092958422301,0.49768679105516,0.7065070895611,vor_abwesenheit,0,1,-108
alle_lehrkraefte,35,133,2025-09-22,1,2,4,33,20,0.39413681218647,0.20323304225261,0.19946371133376,0.44071828207936,0.37247226383934,0.46393561049411,0.4496277675169,1.6243445659189,0.80822113749174,0.8414094618289,1.8196968083642,1.5398540319192,1.9104431431569,1.868804486903,performanz,1.9104431431569,0.18347111058176,1,0.0,4.1017504416854,4.1261406860568,4.9388259433378,0.6013558449746,0.62447082148432,0.42094909148222,vor_abwesenheit,0,1,-108
alle_lehrkraefte,56,261,2025-09-22,1,2,5,41,22,0.4700279124027,0.1325108702253,0.18686773280943,0.39400870425329,0.39751334760812,0.46916149082553,0.38531163141352,1.7089841409646,0.46125535769958,0.67844283533968,1.4352719589976,1.4522317967302,1.7019316959168,1.4038786963284,kognition,1.7089841409646,0.19328034618066,1,0.0,3.5538848685894,3.6375865831952,4.1754495604128,0.77132434434916,0.56454934591182,0.53992704104441,vor_abwesenheit,0,1,-108
alle_lehrkraefte,69,318,2025-09-23,1,1,4,32,20,0.29535217844988,0.11431378044619,0.09668009144072,0.22218099940697,0.28363790225878,0.11428530439062,0.31765404247622,1.3381378079614,0.47561963072017,0.51958776149501,1.1610298471729,1.2587719795011,0.99142456493643,1.3771083003241,regulation,1.3771083003241,0.15479398600162,1,0.33333333333333,2.8458119068733,3.7343629746139,4.9388259433378,2.4212823522952,0.29228806541767,1.7948976466067,vor_abwesenheit,0,1,-107
alle_lehrkraefte,102,422,2025-09-23,1,2,5,37,21,0.52890358933702,0.030297128544631,0.12248949132848,0.3371002008689,0.4786766978421,0.42668158615785,0.39286121140622,2.1593784601123,0.12266711147227,0.5040556189463,1.3829171033838,1.9602615292358,1.7430313003954,1.6065585577624,kognition,2.1593784601123,0.22780970017664,1,0.0,4.0381069961972,4.0888159468495,4.6073855808479,0.74489241052528,0.57310123762815,0.5214246873677,vor_abwesenheit,0,1,-107
alle_lehrkraefte,117,446,2025-09-23,1,2,5,39,25,0.46702223936392,0.16640798279203,0.26912974484211,0.40546247352192,0.38345797493539,0.46356996641842,0.37203742081676,1.7991829352545,0.62597483135383,1.0321167162746,1.5643712882059,1.492888091926,1.798706874742,1.4701246715837,kognition,1.7991829352545,0.18390225244339,1,0.0,3.8427534390893,3.8748186892139,4.4608733210844,0.73448050787602,0.57654150361399,0.51413635551321,vor_abwesenheit,0,1,-107
alle_lehrkraefte,93,387,2025-09-23,1,4,5,37,21,0.52890358933702,0.030297128544631,0.12248949132848,0.3371002008689,0.4786766978421,0.42668158615785,0.39286121140622,2.1593784601123,0.12266711147227,0.5040556189463,1.3829171033838,1.9602615292358,1.7430313003954,1.6065585577624,kognition,2.1593784601123,0.22780970017664,1,0.0,4.0381069961972,4.0888159468495,4.6073855808479,0.74489241052528,0.57310123762815,0.5214246873677,vor_abwesenheit,1,1,-107
alle_lehrkraefte,615,1750,2025-09-24,19,0,5,42,20,0.43949938888749,0.068350841537874,0.093057246946406,0.38333180469358,0.32693038212084,0.48395081662902,0.43143921573879,1.4849544666369,0.26490476190476,0.43179651792645,1.0492260421061,1.1807327639127,1.3527491498562,1.1932544202105,kognition,1.4849544666369,0.21062190839336,1,0.0,2.8653977131905,2.9805147669666,4.3833223071631,1.433152191528,0.4109894989232,1.0032065340696,vor_abwesenheit,0,0,-106
alle_lehrkraefte,168,661,2025-09-24,1,3,5,47,24,0.57334950925525,0.020518183195907,0.18373189702409,0.29535789078901,0.44243553518971,0.4891712499547,0.30769009150304,1.9838774056567,0.061016351473273,0.61772933985404,1.0243861226798,1.5374004205874,1.6763281440163,1.0584950527949,kognition,1.9838774056567,0.24925485235446,1,0.0,3.4153384748678,3.4486894821193,3.8951055276764,0.56345531386974,0.63960894253183,0.39441871970882,vor_abwesenheit,0,1,-106
alle_lehrkraefte,181,730,2025-09-24,1,3,5,28,19,0.54759627836839,0.0,0.10194968590464,0.32323808296252,0.46091743111352,0.48450809584679,0.34915887876117,1.3258171136746,0.0,0.25424016600878,0.80504682228188,1.1130254882032,1.2070548424714,0.87006118347503,kognition,1.3258171136746,0.23780425203913,1,0.0,2.4337919097788,2.4547141916386,3.497170459027,0.62495876882141,0.61540022995494,0.43747113817499,vor_abwesenheit,0,1,-106
alle_lehrkraefte,194,750,2025-09-24,1,3,4,38,18,0.53285202848937,0.016504166408058,0.14745022356078,0.30658957565881,0.48409504537901,0.45363982636182,0.35592138057147,2.2540391230079,0.078025124500994,0.61617240560152,1.3022014206063,2.0353568874737,1.9007687576574,1.5175622952684,kognition,2.2540391230079,0.23227636571588,1,0.0,4.1497918153627,4.2213613931174,4.7275916595967,0.85634094749394,0.53869414524848,0.59943866324576,vor_abwesenheit,0,1,-106
alle_lehrkraefte,219,859,2025-09-24,1,3,4,27,18,0.52143010994325,0.033964371432447,0.082747665373375,0.32056687965379,0.47779358115006,0.38939333418445,0.47081421249224,1.6715317358912,0.099712745675796,0.25159376348536,1.0595002154557,1.5330169690531,1.2761307591983,1.5260686522824,kognition,1.6715317358912,0.22534807921372,1,0.0,3.2089464591316,3.2334868307708,3.9433548328915,0.63201781927095,0.61273840775018,0.44241247348967,vor_abwesenheit,0,1,-106
alle_lehrkraefte,45,205,2025-09-24,1,4,5,44,23,0.57733117837075,0.13842377089728,0.23494528964471,0.33229867622751,0.41184814233371,0.38823743203435,0.26300168199361,1.788412713376,0.34098600722158,0.66742438725943,1.0210875132145,1.3182817439835,1.2808352991553,0.897129123552,kognition,1.788412713376,0.24451386062277,1,0.0,2.9976679264463,3.1286660098987,4.1870663396681,1.1105613288067,0.47380760101646,0.77739293016468,vor_abwesenheit,1,1,-106
alle_lehrkraefte,469,1472,2025-09-24,1,4,4,22,16,0.5751057503738,-0.034572068596046,0.091199194330999,0.29219918788976,0.44511612224808,0.48027499775105,0.29271705364311,1.9011983743517,-0.12631818181818,0.27033754755758,1.0039359814093,1.4797857185343,1.601563381595,1.0075170441861,kognition,1.9011983743517,0.25201214228138,1,0.0,3.2374902344953,3.336365987894,3.6537540629531,0.79709315881232,0.55645417996076,0.55796521116862,vor_abwesenheit,1,1,-106
alle_lehrkraefte,672,1897,2025-09-24,1,4,5,41,22,0.53186431842439,0.023728587886542,0.13564913627168,0.30797082563631,0.43183563382433,0.48564462413387,0.37284847860884,1.939373555409,0.077463414634146,0.46233440977427,1.2031587676364,1.5988582450603,1.8187699242751,1.4432997386844,kognition,1.939373555409,0.22700631805994,1,0.0,3.6573078015885,3.7295386243674,4.5184642616466,0.88510574696853,0.53047421960711,0.61957402287797,vor_abwesenheit,1,1,-106
alle_lehrkraefte,710,2097,2025-09-24,1,4,4,38,18,0.60365842612979,0.0,0.1493393801795,0.2621250430329,0.43716998687232,0.49077619869994,0.275889656183,2.120488074204,0.0,0.48644586855628,0.95244674456656,1.5622648515168,1.6798523273036,1.031199623404,kognition,2.120488074204,0.27072258018808,1,0.0,3.4592198583283,3.5128990992252,4.4036519153337,0.99846112474679,0.50038501505838,0.69892278732275,vor_abwesenheit,1,1,-106
alle_lehrkraefte,116,445,2025-09-25,18,0,5,41,25,0.38396518521201,0.03701077826667,0.078739307345281,0.25681432609647,0.33718333623859,0.28794540544083,0.27352734368019,1.6424750425123,0.18659911789161,0.37936843215593,1.1760611446659,1.4709432675607,1.3554866791819,1.2902848627338,kognition,1.6424750425123,0.19492693997752,1,0.17142857142857,3.1504661528422,3.9077887573024,4.555070966853,1.9161666826962,0.34291592655994,1.3927452493159,vor_abwesenheit,0,0,-105
alle_lehrkraefte,82,355,2025-09-25,1,5,4,41,20,0.56451784845137,0.070111309236208,0.14185972150371,0.32925182880174,0.43146404584215,0.43683515937119,0.39557534408906,2.1076572919129,0.23978753667611,0.51410021785846,1.2342109359992,1.617672450337,1.6375624595005,1.4797238666352,kognition,2.1076572919129,0.23867346522365,1,0.0,3.7115159541992,3.7376027510749,4.1276460126599,0.55012135163096,0.64511078371242,0.38508494614167,vor_abwesenheit,0,1,-105
alle_lehrkraefte,145,549,2025-09-25,1,5,4,29,16,0.53038834970705,0.14381645990879,0.10773281690249,0.31996336492602,0.4160857688641,0.47793306835048,0.3598851676009,1.9031711322049,0.61948119762199,0.34692410787005,1.2219126980776,1.5295448763406,1.6822295062517,1.3981475102337,kognition,1.9031711322049,0.21871982899663,1,0.0,3.569798928767,3.6549707601463,4.3252358042605,1.1196984874194,0.47176520903094,0.7837889411936,vor_abwesenheit,0,1,-105
alle_lehrkraefte,167,660,2025-09-25,1,5,5,44,21,0.47891022752673,0.051137698645173,0.16751899332395,0.40196531471111,0.38666831975918,0.49983309419216,0.37545250325146,1.8411433063735,0.23671714014343,0.63768936074732,1.5596590942711,1.5039006401486,1.9325896059505,1.4546294968632,performanz,1.9325896059505,0.2108357316111,1,0.0,3.7944162375531,3.8642940142272,4.6290043360953,0.85638862193588,0.53868031089158,0.59947203535511,vor_abwesenheit,0,1,-105
alle_lehrkraefte,24,84,2025-09-25,1,6,4,42,21,0.4536787165962,0.07337982965085,0.16829934377401,0.3816144915895,0.38454414100104,0.51421935012954,0.42513040746503,1.7324146374395,0.28569509611921,0.62492927152427,1.4943965579719,1.4842466573178,1.9786657630564,1.6729054662888,performanz,1.9786657630564,0.21337341568256,1,0.0,3.8240500613404,3.8635533066281,4.7689253591515,0.78112536728046,0.56144279250083,0.54678775709632,vor_abwesenheit,0,1,-105
alle_lehrkraefte,614,1749,2025-09-25,1,6,5,37,20,0.37406426366013,0.16858825482303,0.11100095301548,0.44582963741939,0.35609193244602,0.4632640720481,0.44012216068336,1.2684592699267,0.40405405405405,0.31489396176252,1.3696076813088,1.19467930598,1.4902755532129,1.4336031620019,performanz,1.4902755532129,0.19935268581498,1,0.0,3.0741876814303,3.2000809819087,4.2589436920402,1.1512116732623,0.46485430161482,0.80584817128361,vor_abwesenheit,0,1,-105
alle_lehrkraefte,696,2017,2025-09-25,1,6,5,54,24,0.53364680513987,0.082214871500718,0.24016071890594,0.27669099309336,0.41782632151463,0.47492739016793,0.31528919264105,1.8692353858272,0.30872937686481,0.85942733359571,1.0065853823875,1.4728444515064,1.6840806922168,1.1407368382638,kognition,1.8692353858272,0.22408489298083,1,0.0,3.4128966172356,3.5499029837137,4.1508586304112,0.98183965974671,0.50458168756589,0.6872877618227,vor_abwesenheit,0,1,-105
alle_lehrkraefte,671,1896,2025-09-25,18,6,5,36,22,0.49485861464085,0.15123398659175,0.1299698705127,0.38041856449941,0.40440734302774,0.43568757076446,0.38920082723321,1.9390859717862,0.52966389320768,0.51529549335136,1.5321432788171,1.6352937101096,1.7270970250428,1.5941794904808,kognition,1.9390859717862,0.20470129134206,1,0.0,3.8538355722765,3.9666079847641,4.9388259433378,1.2102569456585,0.4524360852996,0.84717986196097,vor_abwesenheit,0,0,-105
alle_lehrkraefte,6,8,2025-09-26,1,7,5,31,19,0.43629830349893,0.14017477194799,0.22770966352997,0.39237134748035,0.40645357400174,0.47664132175234,0.38361394215701,1.592914712462,0.4994605229235,0.82151230211464,1.3767496194645,1.4632864360411,1.70289664801,1.359767188162,performanz,1.70289664801,0.19314691332549,1,0.0,3.4995987007179,3.5729338162015,4.2764814618867,0.97606288286608,0.50605677009104,0.68324401800625,vor_abwesenheit,0,1,-104
alle_lehrkraefte,180,729,2025-09-26,1,7,5,37,21,0.48214397571272,0.035108016605869,0.094800112109057,0.36808961600719,0.43634607938256,0.45472489559823,0.44358392921651,1.8290428998564,0.15203253948892,0.39468735478498,1.4197411860056,1.6810946645424,1.7466446775528,1.695074758928,kognition,1.8290428998564,0.2050883230685,1,0.0,3.7802222560291,3.8347904750595,4.3304123418736,0.79500723021791,0.55710082007781,0.55650506115254,vor_abwesenheit,0,1,-104
alle_lehrkraefte,506,1530,2025-09-26,1,7,5,51,28,0.56205666092918,0.036727104554231,0.17894941030338,0.30605883120611,0.45685747163369,0.46526256711373,0.31933451385696,2.2128353983994,0.17147058823529,0.73036455046519,1.220380815295,1.8118216794119,1.8269185933677,1.2775026557655,kognition,2.2128353983994,0.23919198019226,1,0.0,3.8988648032758,3.9635138343021,4.6687650182457,0.87335028742623,0.53380299814291,0.61134520119836,vor_abwesenheit,0,1,-104
alle_lehrkraefte,531,1560,2025-09-29,12,0,6,38,26,0.52151002924137,0.022263786869097,0.14439181905309,0.32812644531716,0.40339011382814,0.53164847014333,0.33552369254204,1.6086249210857,0.076775985815239,0.44314062759828,1.0416218842343,1.2776821922414,1.6437316131292,1.0774098548545,performanz,1.6437316131292,0.22928366239544,1,0.0,3.0610546956873,3.1200042998292,3.9620163447076,0.73785965433595,0.57542045901405,0.51650175803517,vor_abwesenheit,0,0,-101
alle_lehrkraefte,193,748,2025-09-29,1,1,5,38,24,0.55130443016564,0.042648240151886,0.077113153950842,0.33348369385781,0.43283419881647,0.44808659421961,0.36754054935561,2.1353158244303,0.10565789473684,0.28425573221165,1.2395829300527,1.668168636147,1.7022606643322,1.3494741950154,kognition,2.1353158244303,0.24488128070799,1,0.0,3.6999544583043,3.7783856800582,4.4036519153337,0.92486818640093,0.51951609313559,0.64740773048065,vor_abwesenheit,0,1,-101
alle_lehrkraefte,5,6,2025-09-29,1,2,5,56,24,0.33650179495601,0.06180919297115,0.11578277064478,0.23489485069079,0.28285996693468,0.34169349592673,0.18467303211411,1.3408604340269,0.23521428571429,0.48388990752331,0.84622910677433,1.1301856808429,1.2241487754664,0.63887560852733,kognition,1.3408604340269,0.22432843495432,1,0.19148936170213,2.4469384030513,3.8229032492778,4.4467495553359,2.4764505139917,0.28764971512619,1.7909621683048,vor_abwesenheit,0,1,-101
alle_lehrkraefte,23,82,2025-09-29,1,2,5,35,22,0.51909272053512,0.073961192915451,0.10954923754487,0.36077508871644,0.42404016295999,0.44060435709645,0.39928472353597,1.8933616307715,0.25614156374394,0.42529863937743,1.4185605113233,1.5705831267193,1.67203930665,1.5585472126288,kognition,1.8933616307715,0.21528850343179,1,0.0,3.6790128889972,3.7550439654032,4.7668121124854,1.0614428279997,0.48509713023201,0.74300997959978,vor_abwesenheit,0,1,-101
alle_lehrkraefte,34,131,2025-09-29,1,2,5,50,23,0.53632881222246,0.15471997200793,0.24122005458248,0.32402755529597,0.42722830044705,0.42967293906622,0.28787647338715,2.0829232585277,0.62056828000876,0.96305584623531,1.3161841478349,1.6790853458932,1.6889296090338,1.1840642703309,kognition,2.0829232585277,0.2184545987774,1,0.0,3.802277026255,3.9497348735117,4.4050032557178,1.1881144786476,0.45701447970769,0.83168013505333,vor_abwesenheit,0,1,-101
alle_lehrkraefte,55,259,2025-09-29,1,2,5,33,20,0.58097382579113,0.058703839804723,0.14470610885836,0.29064211306424,0.38782589858402,0.44669542178946,0.37097650499887,1.7474899514758,0.18314450058315,0.44517680512162,0.82545011214476,1.2494478950379,1.3344685467513,1.173528428636,kognition,1.7474899514758,0.25112282244271,1,0.0,2.9471865620556,3.006902126302,4.2589436920402,0.95585383627524,0.51128565000768,0.66909768539267,vor_abwesenheit,0,1,-101
alle_lehrkraefte,218,857,2025-09-30,19,0,5,41,23,0.29207178246315,0.18343779316956,0.081346948972729,0.2702046901982,0.30151837149197,0.15197864953562,0.33514770976018,1.1444710396764,0.53005699588023,0.35364560595043,1.0230264352918,1.1264256150708,0.81656445177378,1.1791638404007,regulation,1.1791638404007,0.15600507314761,1,0.24242424242424,2.467480945043,3.2752601036512,4.4022411360453,2.0782764158031,0.32485711642601,1.5275207637895,vor_abwesenheit,0,0,-100
alle_lehrkraefte,68,316,2025-09-30,1,1,2,10,8,0.41037075466025,0.0,0.0,0.40839931685349,0.46449590042892,0.45787776024615,0.48898818983693,1.2058882654536,0.0,0.0,1.2138893161216,1.3661692167207,1.3431003466514,1.4294304353661,regulation,1.4294304353661,0.21795156236515,1,0.0,2.9396091610951,2.940032862866,4.0994612769517,0.92883103117687,0.51844873077858,0.65018172182381,vor_abwesenheit,0,1,-100
alle_lehrkraefte,101,420,2025-09-30,1,2,5,47,25,0.52997727629602,0.0050320400571855,0.075655133674121,0.35931465041449,0.44068962759493,0.45324135612961,0.4204251775857,2.2354210456964,0.018335843621547,0.32472587813237,1.4961983486164,1.8459096998253,1.8972820580905,1.7552372250495,kognition,2.2354210456964,0.23351042895897,1,0.0,4.1748556134429,4.190242549969,4.7035557511802,0.52136833776304,0.65730301806488,0.36495783643412,vor_abwesenheit,0,1,-100
alle_lehrkraefte,115,443,2025-09-30,1,2,5,41,18,0.46716446590996,0.029898336417707,0.11487535872894,0.32991075905512,0.35126499061073,0.52133560085204,0.33820698819157,1.3160431125777,0.11884618812657,0.37040074747623,0.96945113001298,0.99644508865855,1.4653318750361,0.96209092110083,performanz,1.4653318750361,0.23282945272539,1,0.0,2.6246609984878,2.8566880615125,3.9750000629739,1.1288706917216,0.46973261640016,0.7902094842051,vor_abwesenheit,0,1,-100
alle_lehrkraefte,144,547,2025-09-30,1,2,2,14,10,0.46735715144921,0.0,0.11637378596123,0.35910974006144,0.44934519949903,0.52183615717131,0.38714852963558,1.7069698898041,0.0,0.42598973675304,1.24036701881,1.6092820887207,1.8316595778173,1.3556374376991,performanz,1.8316595778173,0.22419592513733,1,0.0,3.5236688712827,3.5471446306505,3.9620163447076,0.66103311076509,0.60203495855624,0.46272317753556,vor_abwesenheit,0,1,-100
alle_lehrkraefte,468,1470,2025-09-30,1,2,5,38,24,0.47430312443946,0.11436770051983,0.14971684902401,0.40644506886551,0.3990546624427,0.43546398943318,0.44752396973789,1.8548940206801,0.45121082651506,0.59141638200955,1.5894848454173,1.5602527993439,1.70535250358,1.7481133407222,kognition,1.8548940206801,0.19523710829275,1,0.0,3.8625088556504,3.9108827726024,4.1478207849846,0.66608851269014,0.6002082076572,0.4662619588831,vor_abwesenheit,0,1,-100
alle_lehrkraefte,505,1529,2025-09-30,1,2,4,31,20,0.3980820120921,0.032748680026346,0.064934043805775,0.14689710601034,0.27996337500358,0.19593990236782,0.12498782271847,1.3949611164752,0.13312742840096,0.23343568682449,0.59348169593356,0.99152577382982,0.76434948532594,0.53553281620458,kognition,1.3949611164752,0.22316494729971,1,0.29166666666667,2.0553591085454,3.3244377525904,3.8070387604908,2.2916613958531,0.30379795481388,1.6916629770972,vor_abwesenheit,0,1,-100
alle_lehrkraefte,92,385,2025-09-30,1,4,5,47,25,0.52997727629602,0.0050320400571855,0.075655133674121,0.35931465041449,0.44068962759493,0.45324135612961,0.4204251775857,2.2354210456964,0.018335843621547,0.32472587813237,1.4961983486164,1.8459096998253,1.8972820580905,1.7552372250495,kognition,2.2354210456964,0.23351042895897,1,0.0,4.1748556134429,4.190242549969,4.7035557511802,0.52136833776304,0.65730301806488,0.36495783643412,vor_abwesenheit,1,1,-100
alle_lehrkraefte,613,1748,2025-10-01,19,0,4,41,25,0.51264003730315,0.077996530745019,0.1915116398672,0.36358940636955,0.4017359478422,0.4769307115556,0.37765296495853,1.8094108160878,0.2614140738849,0.6570612671156,1.2738219621574,1.4184313398282,1.6829233161948,1.3231311124972,kognition,1.8094108160878,0.21473643262765,1,0.0,3.4628761188173,3.5171949302156,3.973711383169,0.67402639923642,0.59736214462098,0.47181847946549,vor_abwesenheit,0,0,-99
alle_lehrkraefte,166,658,2025-10-01,1,3,5,46,26,0.46763924242861,0.13467971748336,0.18589863099348,0.38086781826756,0.36476958159343,0.495505329669,0.35477097151226,1.708980822569,0.41150568445703,0.55001704320033,1.3669923579815,1.3814711406197,1.7551515359814,1.3503672391963,performanz,1.7551515359814,0.20589529646924,1,0.0,3.4747158649531,3.5861082429056,4.8276336812305,1.4464980064155,0.40874752294,1.0125486044909,vor_abwesenheit,0,1,-99
alle_lehrkraefte,192,747,2025-10-01,1,3,4,38,21,0.52001436903412,0.030747811413812,0.17410416734988,0.3116451386255,0.43245261015836,0.50547486871747,0.36710504523885,1.778296275108,0.1040891144921,0.59559414966757,1.1027321780847,1.4971293152987,1.7556043587655,1.29070997578,kognition,1.778296275108,0.21888998852586,1,0.0,3.4254047828456,3.4640042067861,4.1622117759406,0.64971086164063,0.60616682792857,0.45479760314844,vor_abwesenheit,0,1,-99
alle_lehrkraefte,217,856,2025-10-01,1,3,5,44,26,0.42206567555351,0.14034601105875,0.23160222067061,0.43797627396438,0.35893731778291,0.42462290389271,0.41164705603169,1.6915888623467,0.47314471874124,0.8180023279132,1.6481804755358,1.4549128029866,1.6754006777,1.6011756822102,kognition,1.6915888623467,0.18067887080691,1,0.0,3.7361032845641,3.8678789817639,4.8127294984424,1.3401272800217,0.42732718366957,0.9380890960152,vor_abwesenheit,0,1,-99
alle_lehrkraefte,240,949,2025-10-01,1,3,5,46,23,0.48852464202415,0.18140579850666,0.14242147600159,0.38368913784339,0.42896050545623,0.41456393871791,0.3694312743489,1.8232181060154,0.56295683877422,0.54989195247341,1.3165181949615,1.5820354454167,1.4974308511654,1.2919805812233,kognition,1.8232181060154,0.21016562645905,1,0.0,3.4772108231052,3.60079162007,4.4050032557178,1.0785270782747,0.48110992175769,0.75496895479232,vor_abwesenheit,0,1,-99
alle_lehrkraefte,530,1559,2025-10-01,1,4,5,43,28,0.41806553974601,0.20328933378769,0.26605960977015,0.41606104661603,0.31748251496173,0.4749709507167,0.37754810540007,1.4865198724531,0.66859139176048,0.89838210534997,1.4367681991165,1.1383899044157,1.6482651823534,1.3321302155082,performanz,1.6482651823534,0.19145733634159,1,0.0,3.363841500791,3.4821700144099,4.4608733210844,1.1606442704033,0.46282491463223,0.81245098928228,vor_abwesenheit,1,1,-99
alle_lehrkraefte,670,1894,2025-10-01,1,4,5,45,25,0.36168852188078,0.078086870877648,0.0061070174286246,0.41132152989602,0.37878582592573,0.4839640617758,0.47958596771684,1.3506870862008,0.26666666666667,0.10935520262922,1.3312153537859,1.4198566505342,1.5589733811389,1.5210590396354,performanz,1.5589733811389,0.20195668230288,1,0.0,3.2310325141757,3.3411052967543,4.4256814363149,1.3190163923504,0.43121730544839,0.9233114746453,vor_abwesenheit,1,1,-99
alle_lehrkraefte,709,2095,2025-10-01,1,4,5,55,24,0.60632654813537,0.03457621046066,0.18720267340371,0.26422226703011,0.47022201423536,0.4418899141994,0.2675866864245,2.3453158827238,0.1210052546131,0.72149599106047,1.021990122351,1.8279027581496,1.7114367837023,1.0424336658092,kognition,2.3453158827238,0.26676840345361,1,0.0,3.7996159598271,3.8703117754683,4.4050032557178,0.81505374684362,0.55094787233656,0.57053762279054,vor_abwesenheit,1,1,-99
alle_lehrkraefte,114,442,2025-10-02,18,0,3,28,15,0.54845831727047,0.17888941929227,0.27110438819495,0.37449086902631,0.40815300653014,0.3735029251097,0.23782839523669,1.8789813490181,0.43630015043527,0.79259240532232,1.2530764059418,1.4783485889252,1.3777050694887,0.97073756074643,kognition,1.8789813490181,0.22948713539155,1,0.0,3.3083604930609,3.4468883562965,4.6073855808479,1.4392901576526,0.40995532936612,1.0075031103568,vor_abwesenheit,0,0,-98
alle_lehrkraefte,143,546,2025-10-02,1,5,5,33,21,0.56160690413929,0.051943457385866,0.16415742724203,0.29325623407075,0.44797693798926,0.43350212224981,0.35860961728203,1.7297600510247,0.19504118009774,0.5412469288458,1.0225228266028,1.4104965459869,1.4104160201484,1.2102116960358,kognition,1.7297600510247,0.23003060547089,1,0.0,3.1324109357359,3.2109042900837,4.2195669844004,1.066782626885,0.4838438193702,0.74674783881947,vor_abwesenheit,0,1,-98
alle_lehrkraefte,165,657,2025-10-02,1,5,5,37,25,0.52473223446347,0.10742828325814,0.1534963851871,0.36914197092429,0.43281904066838,0.42725908321739,0.37679643877287,2.0165999061121,0.35676139920932,0.53625247657547,1.3764122897674,1.6915663087162,1.6286576494751,1.4347067189125,kognition,2.0165999061121,0.22305160417749,1,0.0,3.73474725686,3.8012822937152,4.6073855808479,1.0044390776972,0.49889268829705,0.70310735438801,vor_abwesenheit,0,1,-98
alle_lehrkraefte,22,81,2025-10-02,1,6,4,33,19,0.59979893886602,0.13969283218334,0.19953359871422,0.3064385071991,0.418664102905,0.39341754395215,0.34353388957366,1.9971892945663,0.50387550369605,0.70399290455612,1.0796202029431,1.4082401650577,1.3566578318342,1.1887070848052,kognition,1.9971892945663,0.24242785755317,1,0.0,3.3377427645714,3.3950271377412,3.7004722196336,0.65835483786456,0.60300725584621,0.46084838650519,vor_abwesenheit,0,1,-98
alle_lehrkraefte,612,1747,2025-10-02,1,6,4,34,17,0.50971118334923,0.14461997483999,0.2783148405825,0.3672810943906,0.38689969697095,0.45472211330871,0.32031038354373,1.7150036506632,0.48313250833124,0.96157727246411,1.2194964532697,1.3055278236067,1.5279563010685,1.0877372822809,kognition,1.7150036506632,0.20661620949521,1,0.0,3.2876561170995,3.3577674814952,3.9027212950711,0.80171196929806,0.55502767203661,0.56119837850864,vor_abwesenheit,0,1,-98
alle_lehrkraefte,695,2016,2025-10-02,1,6,5,44,24,0.58865689458644,0.0852706505308,0.19312574062289,0.26719305453763,0.42475649197676,0.41524727782602,0.26376318522986,1.9145119521487,0.36252145568705,0.69711049456301,0.98275330696362,1.3987201018546,1.4094047697289,0.9331780023855,kognition,1.9145119521487,0.24869604991096,1,0.0,3.1720980182105,3.3834739933261,4.2514112502238,1.16563788116,0.46175771522078,0.815946516812,vor_abwesenheit,0,1,-98
alle_lehrkraefte,669,1893,2025-10-02,18,6,5,40,24,0.47213701399146,0.17223829541116,0.22097924116816,0.38806833484722,0.42047785173643,0.42827325757831,0.38825860565406,1.8067101779188,0.6426479071273,0.80031778379693,1.5105799368972,1.6302460538319,1.6660299602781,1.5306812110971,kognition,1.8067101779188,0.18844998771664,1,0.0,3.7915565794187,3.8592300992989,4.3850337175204,0.87153984924018,0.53431937364624,0.61007789446813,vor_abwesenheit,0,0,-98
alle_lehrkraefte,67,315,2025-10-07,1,1,5,34,24,0.54081805262436,0.13852742812911,0.17749171507093,0.3710477076112,0.41960229414253,0.43184250202667,0.31321936678902,1.7949760243472,0.48264087246081,0.57105679945455,1.261019922833,1.4053589649653,1.4576390426181,1.076159115573,kognition,1.7949760243472,0.22301022615869,1,0.0,3.2602181053941,3.3533558462792,4.3850337175204,0.9985914922135,0.50035237510817,0.69901404454945,vor_abwesenheit,0,1,-93
alle_lehrkraefte,44,203,2025-10-07,1,2,4,40,22,0.45620612094333,0.038821333653969,0.12327030502785,0.37350627174603,0.42631256486287,0.46083332470569,0.44319900484824,1.8053469861954,0.12412216546146,0.45254203817529,1.4651987892533,1.6971244102817,1.8156155368803,1.742492940381,performanz,1.8156155368803,0.19359109426815,1,0.0,3.8521758176233,3.9380815923404,4.6046572277403,0.9088060443926,0.52388769562924,0.63616423107482,vor_abwesenheit,0,1,-93
alle_lehrkraefte,113,441,2025-10-07,1,2,5,42,24,0.33375831978153,0.078320989590628,0.099135535847714,0.25538572367456,0.32366251455444,0.20460813533066,0.33739563228809,1.5533326792005,0.27746524114094,0.47847409235963,1.2131686966104,1.4575287627164,1.2548741655216,1.426375611561,kognition,1.5533326792005,0.19345641979931,1,0.23529411764706,3.1502685229205,3.8802807689515,4.6073855808479,2.0614955727004,0.32663774167014,1.5136351361844,vor_abwesenheit,0,1,-93
alle_lehrkraefte,668,1892,2025-10-07,1,2,5,48,27,0.45644181237031,0.08112522570461,0.12981164416736,0.38700373733944,0.40213396753997,0.49187700275469,0.42787664600664,1.6910136170824,0.3132246990442,0.47371052521919,1.421390251241,1.5023387580612,1.7888867016511,1.5687305513865,performanz,1.7888867016511,0.2042272443702,1,0.0,3.6222150117637,3.6799958641624,4.3850337175204,0.79419711278574,0.55735236272193,0.55593797895002,vor_abwesenheit,0,1,-93
alle_lehrkraefte,77,347,2025-10-07,1,3,4,23,16,0.54242930391291,0.11670261294587,0.14791426559226,0.32610227387941,0.40565733874725,0.42796284961617,0.33939856795634,1.8241044791256,0.35565217391304,0.41809186309415,1.1441107508563,1.3646627805037,1.487575659788,1.2169481631182,kognition,1.8241044791256,0.23352585003414,1,0.0,3.239411137165,3.3991855091674,4.2589436920402,1.2355880633883,0.4473095989269,0.86491164437182,vor_abwesenheit,0,1,-93
alle_lehrkraefte,112,440,2025-10-09,18,0,5,37,22,0.51357146481902,0.064908277318427,0.18146517776232,0.33078470104286,0.40665429798001,0.4951799249939,0.34508344514079,1.9167198636801,0.26918005894744,0.70635544613584,1.2939946905026,1.5363525719063,1.8948466017262,1.345383623712,kognition,1.9167198636801,0.21385201468601,1,0.0,3.6987177750572,3.8109136333631,4.4224182502916,0.99688941092747,0.50077885862269,0.69782258764923,vor_abwesenheit,0,0,-91
alle_lehrkraefte,81,353,2025-10-09,18,5,5,33,21,0.56458053790841,0.090981405910152,0.20648233471772,0.25854085655773,0.46198034459358,0.40873528173148,0.36149779725246,1.7190599529222,0.30602108415044,0.65533829712325,0.82290361684964,1.4153699759568,1.2600805921252,1.1277006472462,kognition,1.7190599529222,0.23527900239951,1,0.0,3.0030382430592,3.0858562167367,4.0487932155118,0.7821287032986,0.56112670097792,0.54749009230902,vor_abwesenheit,0,0,-91
alle_lehrkraefte,667,1891,2025-10-09,18,6,5,44,22,0.48573472653106,0.090687565704913,0.20356927475438,0.35904831607152,0.41901945270959,0.48244685085835,0.37674779765029,1.9022846231114,0.37610733594583,0.81856078269585,1.4147303516742,1.64265832668,1.8898345584495,1.4809197789381,kognition,1.9022846231114,0.19971291329167,1,0.0,3.8593486065093,3.9290046969005,4.2896244081191,0.76759106978106,0.56574171316891,0.53731374884674,vor_abwesenheit,0,0,-91
alle_lehrkraefte,694,2015,2025-10-09,18,6,5,43,25,0.52524062433489,0.11197669975972,0.20930704311928,0.3619959237545,0.43733941969817,0.45099871960867,0.31142616381709,1.9650853841617,0.39723804820943,0.75015110712229,1.3855605303685,1.6692742237307,1.7236556696749,1.251568405015,kognition,1.9650853841617,0.2149388254878,1,0.0,3.7182996214492,3.800236984952,4.9388259433378,0.93248907048404,0.51746735092764,0.65274234933883,vor_abwesenheit,0,0,-91
alle_lehrkraefte,191,746,2025-10-13,12,1,4,36,20,0.51062282760216,0.071611445043133,0.20610000446613,0.32307337514409,0.41461192585393,0.50033399302559,0.34052124272783,1.7213937531925,0.25733536750332,0.71584188160296,1.1136531515321,1.4065553748886,1.7094483539493,1.1728565888963,kognition,1.7213937531925,0.21259426886771,1,0.0,3.3253984966975,3.4089794071498,3.5934849692513,0.75662542873763,0.56927332579868,0.52963780011634,vor_abwesenheit,0,0,-87
alle_lehrkraefte,164,656,2025-10-15,1,3,5,45,22,0.34874924915947,0.043016649773317,0.05825796006318,0.28401995634553,0.2565090080662,0.35109651832352,0.29728303355168,1.3542091679633,0.2574631786951,0.37918015788622,1.0074308712593,1.1047491528786,1.2792837438182,1.1395769678244,kognition,1.3542091679633,0.1827191253045,1,0.15384615384615,2.68598912229,3.4404141218537,4.770377344071,2.1932102076054,0.31316447555449,1.5814009914776,vor_abwesenheit,0,1,-85
alle_lehrkraefte,666,1890,2025-10-15,1,4,5,41,26,0.4374238457519,0.022807027017569,0.062917714725125,0.35397655034187,0.40827929872755,0.50131168214626,0.45564309326885,1.542063031002,0.077463414634146,0.24971696790568,1.1742941761796,1.4375354870547,1.6629338434127,1.5005474401386,performanz,1.6629338434127,0.21486238180363,1,0.0,3.3028448665771,3.379838318075,4.3866474131126,1.0051166850627,0.49872409294163,0.70358167954386,vor_abwesenheit,1,1,-85
alle_lehrkraefte,611,1746,2025-10-16,18,6,4,30,22,0.46651812688226,0.14620185437023,0.19725050288405,0.37236595224113,0.39281565530308,0.42596836943931,0.43921359534175,1.5800723830064,0.57677664259419,0.74855743259801,1.321349313876,1.3164469815823,1.4676041526614,1.5235410782223,kognition,1.5800723830064,0.18514271809265,1,0.0,3.368037157072,3.4630387052998,4.093711306297,0.92423458403215,0.51968715680421,0.64696420882251,vor_abwesenheit,0,0,-84
alle_lehrkraefte,665,1889,2025-10-16,18,6,5,35,23,0.39870070796001,0.014665611001839,0.080744454679782,0.2197081944755,0.30478548960076,0.29921522389257,0.20305410407662,1.4974486895095,0.081223421707276,0.34634647113219,0.87309580587568,1.1613342040351,1.2170031252692,0.84834168860358,kognition,1.4974486895095,0.20888401934143,1,0.20689655172414,2.5847010169942,3.4259473174589,3.830950518204,1.8561998985426,0.35011555056432,1.3614088944971,vor_abwesenheit,0,0,-84
alle_lehrkraefte,693,2014,2025-10-16,18,6,3,24,16,0.27344126256436,0.048441726077862,0.061944410635218,0.22787548498697,0.24298651286359,0.19052555425162,0.10892777881872,1.0092376235012,0.33531238979017,0.41291570519448,0.98129568184391,0.92535149242213,0.87605570318017,0.55837382570484,kognition,1.0092376235012,0.15134667665101,1,0.33333333333333,2.0493818294973,3.3267191292453,4.1958668984378,2.4952994666212,0.28609851875343,1.8467096266349,vor_abwesenheit,0,0,-84
alle_lehrkraefte,636,1795,2025-10-20,24,0,4,40,22,0.58398429275938,0.032899970306712,0.12321458220053,0.31146168002524,0.47777786654342,0.44414883443985,0.32758013761245,2.3505552744318,0.14426780810005,0.49480049043806,1.277910654636,1.9405364081104,1.7938836781341,1.3509237744525,kognition,2.3505552744318,0.25131892581509,1,0.0,4.0289578939773,4.055583604333,4.6073855808479,0.64960112811284,0.60620715090321,0.45472078967899,vor_abwesenheit,0,0,-80
alle_lehrkraefte,190,745,2025-10-20,1,1,5,39,23,0.55316771090748,0.080816539910132,0.15019244922223,0.29892085735186,0.45015179940406,0.45343359761593,0.38221609871546,1.99925220469,0.30293540623708,0.51685502531363,1.1116928135404,1.642565231865,1.6418721790108,1.3995224436748,kognition,1.99925220469,0.23207462760577,1,0.0,3.5978058772911,3.6365690893504,4.3850337175204,0.6691156832814,0.59911964761726,0.46838097829698,vor_abwesenheit,0,1,-80
alle_lehrkraefte,4,5,2025-10-20,1,2,5,51,24,0.52102789518447,0.11797694997437,0.14503789138931,0.32888381625571,0.43655694589905,0.43169642235976,0.32857460061263,1.9648372842883,0.35436249923488,0.55393903706857,1.1875295051412,1.6147521728914,1.5922373595362,1.2068458553295,kognition,1.9648372842883,0.23185278462509,1,0.0,3.5074712293117,3.675104155282,4.2571432703781,1.2440301404988,0.44562681309517,0.87082109834917,vor_abwesenheit,0,1,-80
alle_lehrkraefte,21,80,2025-10-20,1,2,5,49,29,0.51993705005366,0.075489913830697,0.17182251542704,0.34163891620836,0.42389209466464,0.45388840566852,0.38125149205726,1.9625481848451,0.28168890519579,0.64829524632329,1.3314960746835,1.6228974750521,1.7494632733036,1.4716105927085,kognition,1.9625481848451,0.21642569899586,1,0.0,3.7395411799033,3.8179808370417,4.4036519153337,0.89681354266181,0.52719994744275,0.62776947986327,vor_abwesenheit,0,1,-80
alle_lehrkraefte,33,130,2025-10-20,1,2,5,48,29,0.52438542924881,0.054614260025002,0.16826313983627,0.33072301921821,0.44919528343326,0.46467320830945,0.37137021518498,2.1528611148438,0.213613957296,0.6853264174181,1.3285980994049,1.833296554291,1.8740380774569,1.486625571011,kognition,2.1528611148438,0.2248569263822,1,0.0,3.9997922034562,4.0592274451185,4.4050032557178,0.8345361645982,0.5450969129404,0.58417531521874,vor_abwesenheit,0,1,-80
alle_lehrkraefte,54,258,2025-10-20,1,2,5,39,24,0.47097641484656,0.18120114584254,0.19443266400075,0.37459073485519,0.40125034773324,0.4376745618517,0.37252983892745,1.6898012842608,0.63262765782346,0.77902308352149,1.3474542280846,1.4337772378983,1.5261007772505,1.3774976824739,kognition,1.6898012842608,0.19232267910641,1,0.0,3.4583748510877,3.5701226596018,4.770377344071,1.3088521672645,0.43311564689081,0.91619651708514,vor_abwesenheit,0,1,-80
alle_lehrkraefte,66,314,2025-10-21,1,1,5,38,23,0.55203511722023,0.090954870809573,0.13696508634245,0.32560074434393,0.43880546548175,0.4442634097046,0.33568544667814,1.9197974299491,0.28040234220317,0.47060617696988,1.1547517514938,1.5535748567502,1.5633791273913,1.2081822896073,kognition,1.9197974299491,0.23553791075792,1,0.0,3.4112494783206,3.5120945674358,4.4022411360453,0.89910588153604,0.526563584328,0.62937411707523,vor_abwesenheit,0,1,-79
alle_lehrkraefte,100,419,2025-10-21,1,2,5,39,23,0.52750501635284,0.12632700805805,0.18207671646388,0.34159172466975,0.45032613957106,0.42320808562902,0.37172223800727,1.8613570309267,0.52355301192789,0.68896984316523,1.3116726331075,1.5930780119989,1.5743037609155,1.3736127812355,kognition,1.8613570309267,0.20851926457644,1,0.0,3.5828849061662,3.6380540989413,4.4608733210844,1.0471664406671,0.48848006695251,0.73301650846697,vor_abwesenheit,0,1,-79
alle_lehrkraefte,111,439,2025-10-21,1,2,4,29,21,0.49704608115852,0.12656694177415,0.22189352390449,0.36328254692036,0.39547996237259,0.47370295166825,0.37685421431614,1.8407051300041,0.52403420102834,0.85587067408984,1.4056235705854,1.4804194821567,1.7701832471508,1.4461004151122,kognition,1.8407051300041,0.19743833786088,1,0.0,3.7131518194996,3.7724052897964,4.3730545704504,0.83771046276325,0.5441553608485,0.58639732393428,vor_abwesenheit,0,1,-79
alle_lehrkraefte,467,1469,2025-10-21,1,2,5,48,22,0.54765790057586,0.10583466963434,0.21284918919366,0.33295533611487,0.45024996682631,0.41080037619877,0.30378938208959,2.0194093202662,0.32098406870605,0.7311476102227,1.228813429428,1.6965369590301,1.5487813059396,1.1949912556134,kognition,2.0194093202662,0.23103614691074,1,0.0,3.5959100844423,3.7117889761733,4.4050032557178,1.1761880762928,0.45951910631895,0.82333165340494,vor_abwesenheit,0,1,-79
alle_lehrkraefte,76,345,2025-10-21,1,3,5,42,30,0.50593588199183,0.20968092835769,0.2653298098557,0.40422467772485,0.35395976931269,0.38735442247327,0.31355716717676,1.596857801684,0.52153059421585,0.72008099151723,1.174008379436,1.1509928799242,1.2485780558561,1.0632833671489,kognition,1.596857801684,0.21361697203245,1,0.0,2.9551758998221,3.0383473332745,4.134383264,1.0789337672139,0.48101580520296,0.7552536370497,vor_abwesenheit,0,1,-79
alle_lehrkraefte,91,384,2025-10-21,1,4,5,39,23,0.52750501635284,0.12632700805805,0.18207671646388,0.34159172466975,0.45032613957106,0.42320808562902,0.37172223800727,1.8613570309267,0.52355301192789,0.68896984316523,1.3116726331075,1.5930780119989,1.5743037609155,1.3736127812355,kognition,1.8613570309267,0.20851926457644,1,0.0,3.5828849061662,3.6380540989413,4.4608733210844,1.0471664406671,0.48848006695251,0.73301650846697,vor_abwesenheit,1,1,-79
alle_lehrkraefte,610,1745,2025-10-22,1,0,5,49,28,0.4596931265727,0.15881080650514,0.23971218666425,0.43684454699062,0.35558054617134,0.42100051114877,0.37686234457326,1.6906707726565,0.50469095158872,0.79259458721632,1.5186679591815,1.3173191619239,1.5300356421899,1.3813328147292,kognition,1.6906707726565,0.19100164613147,1,0.0,3.4687257536235,3.5919553572595,4.7035557511802,1.1500299750822,0.46510979455612,0.80502098255755,vor_abwesenheit,0,1,-78
alle_lehrkraefte,163,655,2025-10-22,1,3,4,29,17,0.32529455847504,-0.03774402713268,0.075574328932703,0.26218444077512,0.21400822957569,0.27149383372874,0.2218269700161,1.0866397076035,-0.11100772096427,0.28468855717385,0.91508870765615,0.72734746173148,0.92582399492316,0.78816090816935,kognition,1.0866397076035,0.17651143216458,1,0.26086956521739,2.0295136123094,3.2369240324897,3.5867604415688,2.1192875220686,0.32058602899704,1.5617621350133,vor_abwesenheit,0,1,-78
alle_lehrkraefte,189,744,2025-10-22,1,3,5,54,24,0.53404650577089,0.0929859470816,0.19781361950886,0.34819518242271,0.4239643340901,0.42689081132315,0.34560858505974,2.2655536578522,0.37455976590795,0.81189040761171,1.5122888485273,1.8242104881458,1.8420148490363,1.5553894852722,kognition,2.2655536578522,0.22242040361438,1,0.0,4.1664386531213,4.2992474728082,4.9125764837446,1.1964615516628,0.45527771667251,0.83752308616396,vor_abwesenheit,0,1,-78
alle_lehrkraefte,216,855,2025-10-22,1,3,5,46,26,0.54509995797454,0.057355791189437,0.15356920113913,0.34595931650769,0.42853548528047,0.45050301870037,0.32497252176519,1.9037471609566,0.2723680492918,0.61446670959745,1.3449823819791,1.5879697415963,1.6528293134913,1.2923237425805,kognition,1.9037471609566,0.21791853541462,1,0.0,3.5789073538668,3.6688245448823,4.8127294984424,1.2200769811131,0.4504348310925,0.85405388677914,vor_abwesenheit,0,1,-78
alle_lehrkraefte,466,1468,2025-10-22,1,4,5,46,29,0.50797732434597,0.10660496745976,0.18467043216266,0.37668450989501,0.37409026762482,0.48453246826728,0.37018076894146,1.881639724787,0.36716680651601,0.64472512555409,1.3412373100106,1.4135221502007,1.6776721469516,1.3722494679373,kognition,1.881639724787,0.21632486842657,1,0.0,3.5476280570275,3.610663473373,4.7035557511802,1.0077446618909,0.49807130308003,0.70542126332366,vor_abwesenheit,1,1,-78
alle_lehrkraefte,529,1558,2025-10-22,1,4,5,34,20,0.52698813252496,0.13453225943959,0.16052278600791,0.31831107851159,0.43652188171884,0.40895451206445,0.31081412854631,1.8002381516888,0.45638068756557,0.52964550865564,1.1980275701983,1.5458951978424,1.4656673592133,1.203186074734,kognition,1.8002381516888,0.21956692868304,1,0.0,3.3392461214445,3.5430970281624,4.6046572277403,1.2691320091876,0.44069714584741,0.88839240643134,vor_abwesenheit,1,1,-78
alle_lehrkraefte,664,1888,2025-10-22,1,4,5,35,21,0.46159251491027,0.02779634580995,0.11875261949388,0.36229628185235,0.417532959117,0.5323832536717,0.40632010519163,1.463119808807,0.090742857142857,0.37546038250243,1.1431677805844,1.3217771177,1.6800018382988,1.2898140392175,performanz,1.6800018382988,0.22813453491198,1,0.0,3.1352636405518,3.1637293903409,3.4593492831486,0.4443695196127,0.69234360488869,0.31105866372889,vor_abwesenheit,1,1,-78
alle_lehrkraefte,708,2094,2025-10-22,1,4,5,36,26,0.40222087443405,0.16213388414117,0.16861851572219,0.46704440916059,0.32151723122833,0.48826576223307,0.39817199497925,1.485924963632,0.54509909625521,0.58328289458946,1.5475863700059,1.3135863704258,1.6928483520144,1.4516342167519,performanz,1.6928483520144,0.19638697945909,1,0.0,3.4552619473439,3.5332636122937,4.4608733210844,1.3488906578665,0.4257328865654,0.94422346050655,vor_abwesenheit,1,1,-78
alle_lehrkraefte,179,724,2025-10-23,1,0,3,18,12,0.46861009713918,0.10739863825367,0.15823484468245,0.39731834845727,0.38770128257257,0.44199300274918,0.4408156352387,1.1179897325434,0.265,0.41027641740585,0.96182661703459,0.94327869864156,1.0780168956111,1.0274321879065,kognition,1.1179897325434,0.19262996212185,1,0.0,2.3496968428434,2.4038804257932,3.0931400144544,0.80856082589866,0.55292583234136,0.56599257812906,vor_abwesenheit,0,1,-77
alle_lehrkraefte,188,743,2025-10-23,1,0,5,41,21,0.4845055535151,0.11520212623244,0.04822748783588,0.39367234538909,0.41127861322792,0.41402197469407,0.44197664241262,1.726347324602,0.39116547927348,0.17468262030388,1.3146601112166,1.5392806608349,1.4137142765242,1.567265665966,kognition,1.726347324602,0.21028828537473,1,0.0,3.422926440837,3.4938913542011,4.2571432703781,1.0223685069963,0.4944697252457,0.71565795489738,vor_abwesenheit,0,1,-77
alle_lehrkraefte,110,438,2025-10-23,18,0,4,25,18,0.48469382221302,0.06782867309134,0.1575912152841,0.36220760506826,0.38937210215604,0.48541983377671,0.39609996049825,1.3661112131722,0.21747792285576,0.49077967077134,1.0419218965954,1.0754335348151,1.382915311793,1.1190444713373,performanz,1.382915311793,0.20660002883078,1,0.0,2.749780899228,2.8335593203867,3.332074934788,0.81188868894981,0.55191028350622,0.56832208226486,vor_abwesenheit,0,0,-77
alle_lehrkraefte,80,351,2025-10-23,1,5,5,45,24,0.61850141324597,0.0061556389373595,0.11075300392961,0.24322338674351,0.44022295987923,0.40167024028737,0.2958386372328,1.937772908198,0.091055653022262,0.39267244655063,0.88011495463623,1.4279197421243,1.3630842964932,1.0831230576431,kognition,1.937772908198,0.26257206878303,1,0.0,3.1244452478225,3.2442072482517,4.2589436920402,1.1977410559307,0.4550126582481,0.83841873915147,vor_abwesenheit,0,1,-77
alle_lehrkraefte,162,654,2025-10-23,1,5,4,36,24,0.54691603680136,0.11941971898746,0.10906014046375,0.33586314934243,0.43928192736491,0.46054081899945,0.34006488600684,2.1024029727716,0.4539487049223,0.42171214089547,1.3049548498219,1.7078434973545,1.7825968590823,1.3279684745826,kognition,2.1024029727716,0.23099705764871,1,0.0,3.7900919803381,3.8668709498078,4.294573352571,0.80060017408404,0.55537037838436,0.56042012185883,vor_abwesenheit,0,1,-77
alle_lehrkraefte,20,78,2025-10-23,1,6,4,43,21,0.42905304810177,0.16218124837962,0.22242946913411,0.42010608600183,0.3501327466571,0.4567494859011,0.40214174767082,1.6532116825266,0.50712346033162,0.7769611359244,1.4342714810332,1.3897287081333,1.6421765107513,1.4460374493479,kognition,1.6532116825266,0.18681391428014,1,0.0,3.5171295453669,3.6220075734967,4.7417226108447,1.0765172117641,0.48157558932557,0.7535620482349,vor_abwesenheit,0,1,-77
alle_lehrkraefte,609,1744,2025-10-23,1,6,5,40,21,0.53650210298182,0.05839971199139,0.10167764083201,0.3248154982879,0.48449802363635,0.43551464439634,0.35850990485812,1.9561038678262,0.2,0.36958669911033,1.2337487307105,1.7901229551905,1.6342400046229,1.3644714805515,kognition,1.9561038678262,0.2288302793964,1,0.0,3.6417215172308,3.7140011755929,4.1870663396681,0.88733599638235,0.52984736258769,0.62113519746765,vor_abwesenheit,0,1,-77
alle_lehrkraefte,635,1793,2025-10-23,1,6,5,56,28,0.52852661502423,0.042103486228271,0.13982112657741,0.36007212197511,0.44990707852691,0.44278624932675,0.37091401939443,2.2102332693872,0.18455357142857,0.59301530085057,1.5507806459026,1.8859266677417,1.8660190356936,1.5949279116829,kognition,2.2102332693872,0.22358434242716,1,0.0,4.1543134650285,4.222335201974,4.8127294984424,0.93712211309237,0.51622971687811,0.65598547916466,vor_abwesenheit,0,1,-77
alle_lehrkraefte,662,1886,2025-10-23,1,6,5,34,25,0.4483038478981,0.038205782776975,0.11032375479603,0.38578235755952,0.43469613887447,0.47737262147857,0.42282848259916,1.7592211645779,0.16544717532618,0.41310351827071,1.5720754358912,1.7359168533649,1.8748540620668,1.7475503706806,performanz,1.8748540620668,0.20228959430847,1,0.0,3.9174896222674,3.9891578615899,4.6046572277403,0.87139046961232,0.53436202451494,0.60997332872862,vor_abwesenheit,0,1,-77
alle_lehrkraefte,692,2013,2025-10-23,1,6,3,24,15,0.50966743938312,0.0,0.057074203003121,0.35035454951604,0.46482146837504,0.44826870426192,0.42592857487471,2.0667490158368,0.0,0.22109869212735,1.4487554583209,1.898679937867,1.8330306564676,1.758118050532,kognition,2.0667490158368,0.22400306620581,1,0.0,4.0589647051622,4.0918292904854,4.6046572277403,0.58376445777091,0.63140702210698,0.40863512043964,vor_abwesenheit,0,1,-77
alle_lehrkraefte,663,1887,2025-10-23,18,6,5,42,24,0.42905197793454,0.18987773664961,0.28556560233785,0.42233051282842,0.32658725601672,0.40363195807953,0.37248255427629,1.4513524430034,0.5893129506705,0.91188822298584,1.3429079903985,1.0995938490943,1.3326421437394,1.2070378232541,kognition,1.4513524430034,0.18291125861232,1,0.0,3.0871730907966,3.2761207747588,3.830950518204,1.0813788921197,0.48045072609609,0.75696522448381,vor_abwesenheit,0,0,-77
alle_lehrkraefte,3,4,2025-10-24,1,7,5,39,23,0.46717281993977,0.17424082764685,0.18761532870379,0.37548958127819,0.38443566950258,0.46744180808136,0.39434881809187,1.7382162082197,0.61237867998061,0.71591060531487,1.4313760301529,1.4531421850722,1.7615096232717,1.5055581299492,performanz,1.7615096232717,0.19109266061642,1,0.0,3.6659258331671,3.7533775320247,4.3813670000398,0.97574617887012,0.50613788891237,0.68302232520908,vor_abwesenheit,0,1,-76
alle_lehrkraefte,178,723,2025-10-24,1,7,5,45,22,0.49090287768599,0.14422427199978,0.14052842174057,0.38470155797067,0.40376786264713,0.45559512496718,0.35212991542598,1.9631454532884,0.50361192253403,0.62564454455981,1.3823294961066,1.6788206974659,1.7640081489165,1.3512330539215,kognition,1.9631454532884,0.21180162143995,1,0.0,3.7637515089233,3.8636789002988,4.6290043360953,1.3358351386104,0.42811240548205,0.93508459702727,vor_abwesenheit,0,1,-76
alle_lehrkraefte,215,854,2025-10-24,1,7,3,36,19,0.53724291284577,0.039820949443763,0.12655208308893,0.36693485197042,0.43849461427609,0.44959595939431,0.36437147339662,2.3520053663203,0.18783333333333,0.57513101326027,1.5979150931115,1.923507543979,1.9670772251381,1.6018159969674,kognition,2.3520053663203,0.22394022212369,1,0.0,4.3111955999537,4.3784931099907,4.7035557511802,0.79943780202973,0.55572912765977,0.55960646142081,vor_abwesenheit,0,1,-76
alle_lehrkraefte,177,722,2025-10-27,1,0,5,38,23,0.46903237923873,0.11588467082478,0.087520534718833,0.36540205032629,0.43171668800506,0.45834079813622,0.38212737551355,1.5204447727584,0.38502661598875,0.29248011755533,1.2270802954229,1.4110149859638,1.5082199755801,1.2882517893473,kognition,1.5204447727584,0.19760415027994,1,0.0,3.1585680190109,3.2888751344471,4.1408141954246,0.97381846405611,0.50663220463803,0.68167292483928,vor_abwesenheit,0,1,-73
alle_lehrkraefte,528,1557,2025-10-27,12,0,6,41,23,0.45081803464313,-0.046097264212594,-0.0036190613692837,0.23883196620068,0.31972619906618,0.29292137880016,0.24973834783954,1.7893025212359,-0.1238645280133,0.054987994852294,1.069687723187,1.3120458509639,1.3051311423123,1.1710722693856,kognition,1.7893025212359,0.22841434263806,1,0.17142857142857,3.0266224264525,3.7281854053005,4.9125764837446,1.8619557395741,0.34941141338154,1.3547975891304,vor_abwesenheit,0,0,-73
alle_lehrkraefte,634,1792,2025-10-27,12,0,6,45,26,0.3352680136077,0.12238105971044,0.11263196922885,0.26102429542942,0.29567701358505,0.2343514803095,0.35975663207527,1.2780932538313,0.41483643951411,0.4589016889676,1.0649996161083,1.1157658607586,1.123214837677,1.3387739534312,regulation,1.3387739534312,0.16617098833379,1,0.21621621621622,2.7293382541349,3.3896596745682,4.2896244081191,1.778091396435,0.35995935961044,1.3095288423693,vor_abwesenheit,0,0,-73
alle_lehrkraefte,187,742,2025-10-27,1,1,4,41,21,0.56455030569985,0.028062104865877,0.12569873397222,0.32614604694278,0.4614696826468,0.44520086076007,0.36277692055933,2.2714952308811,0.091760209566719,0.48825392420372,1.3353269532514,1.8477436897074,1.8168213810794,1.5016442996314,kognition,2.2714952308811,0.24286155617923,1,0.0,4.0198921332259,4.0453120384868,4.7035557511802,0.81246503510475,0.55173478143384,0.56872552457333,vor_abwesenheit,0,1,-73
alle_lehrkraefte,2,3,2025-10-27,1,2,5,44,28,0.48932448275012,0.042810601508664,0.13955110948413,0.34088755468565,0.4121278928091,0.49994926688682,0.41273390913632,1.6927611201682,0.17220862504328,0.51611550768725,1.1839987015311,1.4204801241336,1.7439082699433,1.4417154336307,performanz,1.7439082699433,0.20827067568878,1,0.0,3.4206501416542,3.4730624717389,3.689846849301,0.62824065814276,0.61415982643539,0.43976846069993,vor_abwesenheit,0,1,-73
alle_lehrkraefte,19,77,2025-10-27,1,2,5,37,22,0.53722525287777,0.085120043948562,0.1984498997346,0.32156620044957,0.39896696441563,0.48610710000199,0.27625652197941,1.7740868930816,0.17887460672906,0.55635060483214,0.94526032505372,1.3269781822962,1.502265205683,0.90375730905105,kognition,1.7740868930816,0.24682696952115,1,0.0,3.0359302733945,3.1464285754967,3.830950518204,0.94029580783681,0.51538533246375,0.65820706548577,vor_abwesenheit,0,1,-73
alle_lehrkraefte,32,129,2025-10-27,1,2,5,36,21,0.54022135920108,0.10239016576095,0.20354102783929,0.35396855854172,0.43083708499311,0.43896414682942,0.30358137993681,1.8597327065315,0.29155668755812,0.64849964329237,1.2049115297016,1.5031951459079,1.5426948254178,1.0771813274833,kognition,1.8597327065315,0.22881211938731,1,0.0,3.3489994336953,3.4448613259108,4.149830156151,0.94010987421253,0.5154347252657,0.65807691194877,vor_abwesenheit,0,1,-73
alle_lehrkraefte,53,257,2025-10-27,1,2,4,24,15,0.071527836907668,0.029656118016299,-0.082874212690411,-0.018743267744416,0.033387610316989,-0.25326771535857,0.064427590898757,0.015548767725496,0.096732185760487,-0.14856019187281,-0.046245205114174,0.071590002251798,-0.57487960477262,0.099496489884763,performanz,-0.57487960477262,0.29238776972729,-1,0.71428571428571,0.61588868267767,2.1358736130431,3.4484593132687,2.0376864306936,0.32919790202692,1.6406662157713,vor_abwesenheit,0,1,-73
alle_lehrkraefte,214,853,2025-10-28,19,0,5,50,25,0.49784263996679,0.065613567302442,0.17124390779708,0.35169050217412,0.42090854036479,0.47178396481381,0.41076886585243,1.97238994976,0.24458055922315,0.66594281231294,1.3760370997505,1.6468549498724,1.8550398188971,1.6166211434364,kognition,1.97238994976,0.2103329278577,1,0.0,3.8799313872856,3.9275697156311,4.7133597626093,0.84439020192306,0.54218461958719,0.59107314134614,vor_abwesenheit,0,0,-72
alle_lehrkraefte,65,313,2025-10-28,1,1,5,41,18,0.55140051027159,0.070188029765123,0.15219941684365,0.36053869870506,0.39116081428543,0.43916532598114,0.32333779826283,2.0439404982438,0.19418714945068,0.51175486616521,1.2450277863654,1.5543301426402,1.5957640704956,1.231360219378,kognition,2.0439404982438,0.24401283414212,1,0.0,3.5363882411452,3.6461336204173,4.9125764837446,1.379723872461,0.42021682077167,0.96580671072267,vor_abwesenheit,0,1,-72
alle_lehrkraefte,99,418,2025-10-28,1,2,5,39,20,0.43064270129449,0.14823876570742,0.23588119924312,0.41115349956817,0.34933155955967,0.41330244052582,0.40708206625775,1.3631056354127,0.46882051282051,0.74864667130715,1.3055695676035,1.1034237854878,1.3410687730841,1.2590082748935,kognition,1.3631056354127,0.17960075273515,1,0.0,2.9906428609278,3.1476831134055,3.8229300313861,1.205766493726,0.45335714494002,0.84403654560822,vor_abwesenheit,0,1,-72
alle_lehrkraefte,142,545,2025-10-28,1,2,4,29,16,0.18506533910395,0.13822195429407,-0.0020541835905554,0.22764329639207,0.17545759406427,0.13031388396054,0.35481165306184,0.55595757687263,0.38041028518733,0.022062602972881,0.66715282986742,0.51164555469682,0.49910255019467,0.93972953269224,regulation,0.93972953269224,0.16577683255659,1,0.38095238095238,1.5143832385081,2.534790502465,3.1813676431278,1.922277203471,0.34219888476432,1.4598797567154,vor_abwesenheit,0,1,-72
alle_lehrkraefte,90,383,2025-10-28,1,4,5,39,20,0.43064270129449,0.14823876570742,0.23588119924312,0.41115349956817,0.34933155955967,0.41330244052582,0.40708206625775,1.3631056354127,0.46882051282051,0.74864667130715,1.3055695676035,1.1034237854878,1.3410687730841,1.2590082748935,kognition,1.3631056354127,0.17960075273515,1,0.0,2.9906428609278,3.1476831134055,3.8229300313861,1.205766493726,0.45335714494002,0.84403654560822,vor_abwesenheit,1,1,-72
alle_lehrkraefte,608,1743,2025-10-29,19,0,5,42,25,0.48732148086351,0.12326488139119,0.20273943092506,0.38920227884729,0.42936287191892,0.45873490504101,0.34730298115406,1.9339800686448,0.51789506199047,0.83182689340575,1.5390357769996,1.7123695750673,1.795630193494,1.3629141849879,kognition,1.9339800686448,0.19950995946694,1,0.0,3.8836958858376,3.9572746151415,4.3833223071631,0.94471355192135,0.51421454795335,0.66129948634495,vor_abwesenheit,0,0,-71
alle_lehrkraefte,161,653,2025-10-29,1,3,4,38,22,0.48591929572052,0.18030728418572,0.2465991915557,0.4076458418421,0.33860176746502,0.4508083727895,0.29226345789671,1.4235838684029,0.46026315789474,0.67777227855583,1.1556343724192,1.0274990086925,1.3572417101389,0.89703164575854,kognition,1.4235838684029,0.2033974241399,1,0.0,2.7813349879662,2.9297511560769,3.5594354574754,1.0356451469115,0.49124475428205,0.72495160283808,vor_abwesenheit,0,1,-71
alle_lehrkraefte,186,741,2025-10-29,1,3,4,27,22,0.51502845740878,0.03463289287853,0.10283314927553,0.33795423538193,0.42151748493467,0.47020743541118,0.43861919240388,1.7037213003604,0.11762962962963,0.35020168048017,1.1341691832383,1.3618014536996,1.5873334570858,1.4604817140105,kognition,1.7037213003604,0.22082262733599,1,0.0,3.2912948048646,3.3186241057781,4.0581131318012,0.66224962296135,0.60159436115165,0.46357473607295,vor_abwesenheit,0,1,-71
alle_lehrkraefte,213,852,2025-10-29,1,3,5,39,24,0.32464815075645,0.13178214862372,0.02361456285744,0.38014262494239,0.29248124989959,0.34971486102752,0.32279406614956,1.0381010859183,0.37392307692308,0.054155889846074,1.1666852098479,0.95644499300658,1.1163256303232,1.0488911282341,motivation,1.1666852098479,0.18377141195654,1,0.11428571428571,2.4171682001415,2.945140654717,3.4143577757872,1.4299657766207,0.41152842958581,1.0352617579202,vor_abwesenheit,0,1,-71
alle_lehrkraefte,239,948,2025-10-29,1,3,4,22,13,0.49316854581755,0.089305291120895,0.1251984992308,0.34296318776345,0.41449136423796,0.47182608288652,0.36808530279384,1.5520602768522,0.24838590909091,0.30677335698171,1.1123974245979,1.3165786890454,1.4557490578175,1.1252902684099,kognition,1.5520602768522,0.21807068062302,1,0.0,2.9868022260582,3.0670476841258,3.7760138483445,1.2198197811375,0.45048702083715,0.85387384679625,vor_abwesenheit,0,1,-71
alle_lehrkraefte,465,1466,2025-10-29,1,4,4,27,17,0.45037629849468,0.11318820753715,0.11071835043464,0.40891558380359,0.42264019628156,0.43314630278414,0.43693506724511,1.5043896449081,0.32745900926575,0.30428811087429,1.3426293983279,1.4167030637614,1.4496589208621,1.4633805901784,kognition,1.5043896449081,0.19266030113442,1,0.0,3.2427926038442,3.3116141821364,3.6093466292389,0.74442524995091,0.57325471528696,0.52109767496564,vor_abwesenheit,1,1,-71
alle_lehrkraefte,661,1885,2025-10-29,1,4,5,58,24,0.52227093791335,0.1197191846098,0.17538281385985,0.3725418247026,0.40408131875036,0.42271732794192,0.36164210006207,1.8563964715428,0.43017257727761,0.62995158195525,1.3010695390735,1.4436231666109,1.4787680034723,1.2698895859666,kognition,1.8563964715428,0.22074018589582,1,0.0,3.4065083975717,3.5321078973028,4.0273551720063,1.0074258172801,0.49815041302743,0.70519807209606,vor_abwesenheit,1,1,-71
alle_lehrkraefte,707,2092,2025-10-29,1,4,5,42,24,0.49724380458246,0.10482519353015,0.14845409123348,0.35778328843099,0.43365155455358,0.44429342782408,0.37634479493377,2.0549954493593,0.39700363520031,0.67336500569331,1.4262753852764,1.7731426370214,1.8023121931483,1.4974557131039,kognition,2.0549954493593,0.21351600286191,1,0.0,3.9373897132858,4.0530130477809,4.9388259433378,1.2706894670417,0.4403948732377,0.88948262692918,vor_abwesenheit,1,1,-71
alle_lehrkraefte,109,437,2025-10-30,18,0,4,29,19,0.63877822866625,-0.076109032166146,0.10051475981742,0.19511650147827,0.46200710571369,0.43363960686603,0.18238589141583,1.7426225257992,-0.12320689655172,0.35825783813091,0.68106815465173,1.3431266699873,1.3333856949259,0.68113594646414,kognition,1.7426225257992,0.27515292018516,1,0.0,2.773079255498,2.8937344658075,3.9620163447076,1.1994347716242,0.45466226727949,0.83960434013693,vor_abwesenheit,0,0,-70
alle_lehrkraefte,485,1494,2025-10-30,18,0,5,55,28,0.46783824902704,0.095845191454381,0.17792104511383,0.38370048964761,0.40211134719708,0.48205698013657,0.41941656446996,1.9166282237272,0.38210297120668,0.71001147511169,1.577627471297,1.6561247926909,1.9794761541335,1.7383725531757,performanz,1.9794761541335,0.19873572894786,1,0.0,4.0614659261106,4.1075121998324,4.7689253591515,0.70493633516251,0.58653216508796,0.49345543461375,vor_abwesenheit,0,0,-70
alle_lehrkraefte,141,544,2025-10-30,1,5,5,43,25,0.29904334865742,0.12750951183837,0.13357943046687,0.28804506641609,0.26947055659806,0.23745367998056,0.31157045068094,1.1845302783779,0.34408828032833,0.45345636469566,1.0612462259182,1.0568388855905,1.0812548168124,1.1108724488108,kognition,1.1845302783779,0.18001659734198,1,0.22857142857143,2.5245658950134,3.2825839589867,4.6046572277403,1.9821989192833,0.33532303748548,1.4561106720697,vor_abwesenheit,0,1,-70
alle_lehrkraefte,160,652,2025-10-30,1,5,5,44,27,0.45128205968394,0.13626984123849,0.19674534280806,0.41314754443009,0.39184459305051,0.47203153374648,0.38853196082906,1.8553807286029,0.56645764410801,0.80758486659893,1.7031282807933,1.6167921109491,1.9358007582959,1.6147486872605,performanz,1.9358007582959,0.19166547047703,1,0.0,4.0354560829096,4.1183353046046,4.5837065650839,0.88960107824905,0.52921222977213,0.62272075477433,vor_abwesenheit,0,1,-70
alle_lehrkraefte,18,76,2025-10-30,1,6,3,32,14,0.42894178906011,0.052349324097053,0.029691501363453,0.38063356353355,0.35530429643599,0.51563147333209,0.46504116815166,1.580792128348,0.1875,0.15765908011079,1.2900624354999,1.3104289891194,1.7323448641219,1.5640807684994,performanz,1.7323448641219,0.21805434000492,1,0.0,3.3745768609176,3.4678186005016,4.1276460126599,1.0619613591238,0.48497514057437,0.74337295138667,vor_abwesenheit,0,1,-70
alle_lehrkraefte,607,1742,2025-10-30,1,6,4,33,19,0.49814294740692,0.11887428455805,0.18226585114357,0.3494251356838,0.39326714775735,0.4786074601259,0.38182247834285,1.7120776322246,0.40007177874001,0.6580187922495,1.2282276885481,1.3647528953506,1.6676387777396,1.3436211626521,kognition,1.7120776322246,0.20444161348389,1,0.0,3.3884637551393,3.4694116675155,4.3730545704504,0.81937780952601,0.54963845044396,0.57356446666821,vor_abwesenheit,0,1,-70
alle_lehrkraefte,691,2012,2025-10-30,1,6,4,33,19,0.45534173266296,0.16737354888152,0.1324403784064,0.40052042463062,0.43348537606703,0.4008732281521,0.41328223853626,1.719745320265,0.51615161328636,0.46743208784192,1.4630748762634,1.6251914812956,1.513285342277,1.5407001264822,kognition,1.719745320265,0.19286499804628,1,0.0,3.589993602019,3.7067331587976,4.7417226108447,1.1795365053279,0.45881314561857,0.82567555372952,vor_abwesenheit,0,1,-70
alle_lehrkraefte,527,1555,2025-11-03,12,0,6,59,35,0.51382596789972,0.056944436016138,0.10551264624692,0.37840689252475,0.42267563023277,0.45573361613302,0.3996853947133,2.1018009286071,0.21645275125427,0.41850315511459,1.5562948475525,1.7482665998841,1.8616140579359,1.6548452402002,kognition,2.1018009286071,0.21990477502683,1,0.0,4.0400709466997,4.10356488333,4.7668121124854,0.90036482931327,0.52621474812358,0.63025538051929,vor_abwesenheit,0,0,-66
alle_lehrkraefte,484,1493,2025-11-03,21,0,5,35,23,0.3404672702448,0.046424390294259,0.077580292605852,0.26595375908924,0.26654295724474,0.29494666068625,0.27353490402571,1.214007108885,0.19898935947355,0.32745732162126,1.0029588707545,0.97196103304101,1.1415669114287,1.0530325487836,kognition,1.214007108885,0.17604104005268,1,0.20689655172414,2.446083733508,3.3002929215184,3.5934849692513,1.8065097183774,0.35631446185697,1.3266257683814,vor_abwesenheit,0,0,-66
alle_lehrkraefte,633,1790,2025-11-03,21,0,5,34,26,0.47030841671094,0.043131021950532,0.16103838739572,0.36608705838374,0.44838499514864,0.50883970933594,0.37030472614817,1.7887746876235,0.15124310024412,0.60139319185108,1.3731458340297,1.6981284167672,1.9172325468436,1.403488900224,performanz,1.9172325468436,0.21461382158439,1,0.0,3.7415230137917,3.7781041222726,4.2367227168256,0.67815459924965,0.59589265521015,0.47470821947476,vor_abwesenheit,0,0,-66
alle_lehrkraefte,185,740,2025-11-03,1,1,5,39,24,0.48640164694179,0.14610824514376,0.21107367866059,0.36389060105526,0.3945223543273,0.44310210910433,0.38438218922438,1.6365607392544,0.55406306441546,0.77316366787068,1.3067975915736,1.3456020683635,1.5322646031233,1.2976935379247,kognition,1.6365607392544,0.19376421864042,1,0.0,3.3366610846798,3.4599403474043,4.2514112502238,1.0847158859812,0.47968167112101,0.75930112018687,vor_abwesenheit,0,1,-66
alle_lehrkraefte,321,1174,2025-11-03,1,1,4,37,17,0.44873130881194,-0.012012214802681,0.039466172596036,0.26374255607862,0.36189415847487,0.38179936852686,0.32084377031313,1.5753287142593,0.024480919898118,0.20315375535303,1.0818640650169,1.3282405524864,1.4185329530136,1.3047683544143,kognition,1.5753287142593,0.20572788198738,1,0.15625,3.0286697310261,3.3335023980359,4.1276460126599,1.4116130594078,0.41466021926649,1.0350041415855,vor_abwesenheit,0,1,-66
alle_lehrkraefte,1,2,2025-11-03,1,2,5,44,24,0.4767939699331,0.078379113854922,0.048259980049996,0.38464059847163,0.44401045175208,0.4392887029514,0.40542876252935,1.7889583682245,0.2657364593679,0.21569749551506,1.4207563274106,1.6380527794054,1.6418005205204,1.5216583755785,kognition,1.7889583682245,0.20449466275437,1,0.0,3.6097412552417,3.7139449224662,4.783303865063,1.1189059186255,0.47194167103403,0.78323414303784,vor_abwesenheit,0,1,-66
alle_lehrkraefte,17,75,2025-11-03,1,2,4,40,19,0.44479718970718,0.14583293076445,0.19375562227094,0.39275419799107,0.4038157506155,0.4262427002591,0.42296655922912,1.7748570165928,0.64803671978529,0.85079557922235,1.5797544236247,1.5963523391666,1.6948483199589,1.6770576409054,kognition,1.7748570165928,0.18070768279255,1,0.0,3.8759411922106,4.0099601061434,4.5339339963113,1.0986929014105,0.47648705502741,0.76908503098733,vor_abwesenheit,0,1,-66
alle_lehrkraefte,31,128,2025-11-03,1,2,5,44,22,0.54880485760861,0.10182040468986,0.12388082369004,0.34375560897926,0.43592879755351,0.41702474936961,0.39096780129451,2.0413486754812,0.34558297202109,0.4333897873184,1.2650183320933,1.6229788486017,1.5370630733529,1.4531628767952,kognition,2.0413486754812,0.23467703821845,1,0.0,3.6308312649713,3.6975537992169,4.2571432703781,0.78905124512591,0.55895548141754,0.55233587158814,vor_abwesenheit,0,1,-66
alle_lehrkraefte,52,256,2025-11-03,1,2,2,15,11,0.4796031629083,0.053051109183359,0.07845368081568,0.35241124424992,0.41586573095459,0.43113044976584,0.51173826011697,1.5803779378419,0.12635645798249,0.18685998042559,1.2750082556785,1.4584774672461,1.4855206929292,1.7336591191079,regulation,1.7336591191079,0.22095356752465,1,0.0,3.3931733345168,3.4191212650589,4.6046572277403,1.1833520558854,0.45801133963001,0.82834643911975,vor_abwesenheit,0,1,-66
alle_lehrkraefte,212,851,2025-11-04,19,0,4,31,14,0.58305623346757,0.1730250205281,0.20364654792501,0.30614209136239,0.44104144054624,0.40543334230858,0.28926442075009,1.9633918895846,0.56239949412095,0.6560349671699,1.0348655419018,1.4932814452355,1.3775292244801,0.99958876604236,kognition,1.9633918895846,0.24278097152889,1,0.0,3.2862111026559,3.3743047171897,3.816340021111,0.79678625968329,0.55654922482336,0.5577503817783,vor_abwesenheit,0,0,-65
alle_lehrkraefte,497,1517,2025-11-04,30,0,6,51,27,0.49369210582765,0.12498488305953,0.19624313480337,0.40819759428474,0.37787208790963,0.45649519041335,0.33950188283689,1.720814302187,0.42741930034803,0.68129000170344,1.4132360429445,1.3326410991428,1.6068129500029,1.1909606994699,kognition,1.720814302187,0.20551516316804,1,0.0,3.3736402955151,3.492649305892,4.0146564811436,0.99747693016807,0.50063156419827,0.69823385111765,vor_abwesenheit,0,0,-65
alle_lehrkraefte,64,312,2025-11-04,1,1,4,30,18,0.42676948061954,0.15885361241454,0.19358791711714,0.40421268055427,0.3968261453136,0.44462043091369,0.43182898995817,1.6948326996388,0.63515460880369,0.76296427979757,1.6660421972576,1.6004502229584,1.7948548838098,1.7411074340982,performanz,1.7948548838098,0.18138263600433,1,0.0,3.9304058848056,4.0358334714361,4.6046572277403,1.022272900577,0.4944931021499,0.7155910304039,vor_abwesenheit,0,1,-65
alle_lehrkraefte,98,417,2025-11-04,1,2,5,40,20,0.53757954483165,0.1305376368303,0.2205844651254,0.34329466292602,0.42542718118842,0.43556400277445,0.27715906621227,1.8439789753253,0.48460818303148,0.78400509370099,1.2713462405714,1.4989879169406,1.5558830636293,1.027363376934,kognition,1.8439789753253,0.2178054958205,1,0.0,3.4043062720552,3.5503863334055,4.1958668984378,1.1422133877554,0.46680690435224,0.79954937142875,vor_abwesenheit,0,1,-65
alle_lehrkraefte,108,436,2025-11-04,1,2,5,48,22,0.47370239205971,-0.020672541107209,0.11268362894457,0.19219901605424,0.37988171967085,0.34107422588781,0.17518787721537,1.9624459535743,-0.049625,0.49730065431956,0.89288047515273,1.6049671912998,1.5121805312478,0.87440553397709,kognition,1.9624459535743,0.2390056824735,1,0.14285714285714,3.2442865050893,3.8740771683395,4.6073855808479,1.725316227005,0.36692989609464,1.2505785017607,vor_abwesenheit,0,1,-65
alle_lehrkraefte,140,543,2025-11-04,1,2,4,37,17,0.53458313515104,0.11552801053407,0.1857825164479,0.36026720366649,0.4359758633884,0.40170111947124,0.37142627024427,2.0550299937455,0.38675675675676,0.64284844227695,1.3838624435775,1.683335942965,1.5544663980986,1.4506702032256,kognition,2.0550299937455,0.2244224839881,1,0.0,3.749064972069,3.8354538167617,4.2571432703781,0.9362382003448,0.51646538107859,0.65536674024136,vor_abwesenheit,0,1,-65
alle_lehrkraefte,75,344,2025-11-04,1,3,5,50,23,0.45577130840686,0.090020888998984,0.16543661073452,0.40156816858819,0.42032257151326,0.4311801887913,0.44208626003633,1.7870682680468,0.318,0.62519030519054,1.5691955232415,1.637564666223,1.6907816466076,1.7203024891189,kognition,1.7870682680468,0.19116908398037,1,0.0,3.8272412739676,3.8982920798629,4.7668121124854,0.86068388104205,0.53743680492356,0.60247871672943,vor_abwesenheit,0,1,-65
alle_lehrkraefte,89,382,2025-11-04,1,4,5,40,20,0.53757954483165,0.1305376368303,0.2205844651254,0.34329466292602,0.42542718118842,0.43556400277445,0.27715906621227,1.8439789753253,0.48460818303148,0.78400509370099,1.2713462405714,1.4989879169406,1.5558830636293,1.027363376934,kognition,1.8439789753253,0.2178054958205,1,0.0,3.4043062720552,3.5503863334055,4.1958668984378,1.1422133877554,0.46680690435224,0.79954937142875,vor_abwesenheit,1,1,-65
alle_lehrkraefte,79,350,2025-11-05,1,0,5,32,21,0.50039879082679,0.15334898658922,0.15270402170679,0.360084501474,0.39741236119157,0.4408988020094,0.31573145649398,1.2966884987586,0.359460236204,0.39130487989268,0.87985089415959,1.0165793128883,1.1200750020604,0.78334326319627,kognition,1.2966884987586,0.22175842455719,1,0.0,2.3747627264284,2.5322739193619,3.1172442691244,0.9100910587673,0.52353525001335,0.63706374113711,vor_abwesenheit,0,1,-64
alle_lehrkraefte,606,1741,2025-11-05,19,0,5,36,22,0.4902684356284,0.10851806207455,0.11262051759834,0.33594792466122,0.43499595733995,0.45341568107857,0.42552911290903,1.8317957453444,0.38805555555556,0.35361994549525,1.277197637428,1.6419980932246,1.6962841949261,1.5666891112346,kognition,1.8317957453444,0.20921322554302,1,0.0,3.6455995689507,3.7218052296377,4.6046572277403,1.0158716070767,0.4960633388007,0.7111101249537,vor_abwesenheit,0,0,-64
alle_lehrkraefte,159,651,2025-11-05,1,3,4,37,18,0.41723782618874,0.32485868709425,0.20817058861961,0.46562747848043,0.34228067982276,0.40645681949758,0.37293418287499,1.4800419737218,1.0923559078983,0.77302972618788,1.6053908174271,1.193879800065,1.4294152021928,1.2999332143175,motivation,1.6053908174271,0.18090853950026,1,0.0,3.4230137987886,3.4880229747253,4.3813670000398,0.87508674886838,0.53330865924123,0.61256072420786,vor_abwesenheit,0,1,-64
alle_lehrkraefte,176,720,2025-11-05,1,3,5,38,24,0.53325082346918,0.12363464701214,0.22349221466684,0.34970288815796,0.3632900255282,0.44266008366915,0.2633398756672,1.5127806193071,0.46959772881059,0.7658721708269,1.1698979631215,1.0919027263377,1.3562881989273,0.91329934710592,kognition,1.5127806193071,0.20550781346014,1,0.0,2.8861970817973,3.0453129611112,4.3730545704504,1.3850108803723,0.4192852989601,0.96950761626062,vor_abwesenheit,0,1,-64
alle_lehrkraefte,184,739,2025-11-05,1,3,4,31,16,0.40187171898371,0.096727812286508,0.17449266536089,0.45309088742408,0.30693373123449,0.46209829131299,0.41321280503476,1.3701492519841,0.28209677419355,0.52672875372376,1.4652325531037,1.0348032788005,1.5424414054033,1.3654156774114,performanz,1.5424414054033,0.20330411277595,1,0.0,3.1137662828858,3.3009021350343,3.8609115095819,1.1271608744638,0.47011018865795,0.78901261212467,vor_abwesenheit,0,1,-64
alle_lehrkraefte,211,850,2025-11-05,1,3,5,48,24,0.54089621001954,0.1097934685479,0.20225303188686,0.37609449535254,0.402184265741,0.40670420826685,0.31614108738449,2.0248031152976,0.26174051319597,0.6388487900269,1.4160808772183,1.5515338315966,1.6212962946355,1.3492903702457,kognition,2.0248031152976,0.22844042301168,1,0.0,3.6658139598368,3.7905606627756,4.7668121124854,1.3458484518703,0.42628499688577,0.94209391630919,vor_abwesenheit,0,1,-64
alle_lehrkraefte,238,947,2025-11-05,1,3,5,37,23,0.5626299742782,0.038726690286536,0.089307180129151,0.32168410622652,0.45027119269533,0.43593398928163,0.37408493863414,1.8955605569355,0.1392125433532,0.31050109426305,1.0834766262085,1.5244096146983,1.4799794084877,1.2691223560224,kognition,1.8955605569355,0.24127997975506,1,0.0,3.3177850689584,3.3823868764766,3.9620163447076,0.84697410712219,0.54142610670277,0.59288187498554,vor_abwesenheit,0,1,-64
alle_lehrkraefte,43,198,2025-11-05,1,4,3,21,13,0.23645902680183,0.0059508516150629,0.021494153180173,0.11600361124319,0.1933411384792,0.12613810028486,0.082539195669943,0.79120336348157,0.029932162977017,0.090203671978057,0.41994254655756,0.64772698715642,0.47514426719636,0.32296359342745,kognition,0.79120336348157,0.17611394379417,1,0.5,1.2494018364131,3.0862841193113,3.2490547979925,2.6882634119176,0.27113030939405,2.0317843883424,vor_abwesenheit,1,1,-64
alle_lehrkraefte,464,1464,2025-11-05,1,4,5,43,22,0.48918769936152,0.18464112109051,0.25610064895111,0.38545788051391,0.42923664052317,0.41186567835622,0.36282568438054,1.8827227370937,0.68571715290284,0.95999200263906,1.4740835485588,1.6627648021149,1.588843923524,1.3866877210596,kognition,1.8827227370937,0.19528674130216,1,0.0,3.7843724060967,3.8343540695555,4.3833223071631,0.67906332241497,0.59557015310281,0.47534432569048,vor_abwesenheit,1,1,-64
alle_lehrkraefte,526,1554,2025-11-05,1,4,4,34,16,0.51463893791767,0.13735213086034,0.2308749634035,0.36422293801305,0.41188251325329,0.44687073276632,0.31700208553338,1.7270089193995,0.468019797867,0.76898161826165,1.2370073023214,1.4067367649606,1.4927425919568,1.0969243295827,kognition,1.7270089193995,0.21067709601184,1,0.0,3.2762102940236,3.378999263219,4.1754495604128,0.94728611138471,0.51353521917172,0.6631002779693,vor_abwesenheit,1,1,-64
alle_lehrkraefte,660,1884,2025-11-05,1,4,5,44,21,0.53142468024209,0.18131702429535,0.27006047914095,0.35759119108282,0.40706056323814,0.4209506968353,0.31671297191397,1.9366795988986,0.67885119840717,0.99033567034691,1.3253780102436,1.5121150474394,1.5319917118875,1.2045505895622,kognition,1.9366795988986,0.2109695327294,1,0.0,3.6101788145696,3.6760739571259,4.3981983724756,0.84251156775578,0.5427374337834,0.58975809742905,vor_abwesenheit,1,1,-64
alle_lehrkraefte,706,2091,2025-11-05,1,4,5,41,22,0.52400729644432,0.022366781187221,0.11938534301764,0.32695881191766,0.43849402900329,0.47137646512127,0.40661549016484,1.9008082786721,0.065664491054792,0.42698507267286,1.1990036040676,1.6065425173536,1.7232189659405,1.4538422810264,kognition,1.9008082786721,0.22693331902717,1,0.0,3.5918560209519,3.6296331759641,4.1979491418417,0.74547395485497,0.57291029592194,0.52183176839848,vor_abwesenheit,1,1,-64
alle_lehrkraefte,107,435,2025-11-06,18,0,3,35,14,0.52258193328813,0.12780321249089,0.20783612057862,0.38894215882919,0.40055429140061,0.41644418979875,0.34204325126222,2.0688320276437,0.42857142857143,0.77130267952063,1.4650350389015,1.6069741485807,1.62725127604,1.3349012051276,kognition,2.0688320276437,0.22238648029249,1,0.0,3.7705767163219,3.8924750738038,4.6073855808479,1.106008694622,0.47483184782364,0.77420608623537,vor_abwesenheit,0,0,-63
alle_lehrkraefte,78,349,2025-11-06,1,5,5,41,21,0.54529482798789,0.03395893640426,0.16844431759892,0.30717771533504,0.46785771646695,0.45001847451638,0.32826737130553,2.0448465574527,0.083765853658537,0.59688519227454,1.1612594821132,1.7783277858957,1.7102419415434,1.265201837748,kognition,2.0448465574527,0.23665757503047,1,0.0,3.6852845999004,3.771558228694,4.4050032557178,1.0737915416388,0.48220854407082,0.75165407914713,vor_abwesenheit,0,1,-63
alle_lehrkraefte,139,542,2025-11-06,1,5,3,20,12,0.38633220501561,0.12659659436709,0.22046272347668,0.4153295306827,0.3370831767283,0.5123781495154,0.38397824714253,1.2569468863131,0.27825,0.57717125112365,1.2046975351339,1.0890896914728,1.5411032692737,1.1446478511823,performanz,1.5411032692737,0.21730451080285,1,0.0,2.8832439521567,3.0016273225454,3.9998412574664,1.1306221914975,0.46934646789592,0.79143553404823,vor_abwesenheit,0,1,-63
alle_lehrkraefte,158,650,2025-11-06,1,5,5,39,20,0.39967049207258,0.037754769871755,0.11379083334024,0.26722465124664,0.30952158838719,0.28294083401199,0.20079812982707,1.3812272515799,0.12169211529346,0.38664341952034,0.94179871905296,1.0853096818053,1.0204470209,0.75337980248573,kognition,1.3812272515799,0.19868261540436,1,0.18181818181818,2.3970536095751,3.3536318198157,3.5901109529121,1.911031909531,0.34352079643164,1.3922677912171,vor_abwesenheit,0,1,-63
alle_lehrkraefte,16,74,2025-11-06,1,6,4,41,21,0.49712081269586,0.022807027017569,0.10412572262528,0.33498414732627,0.42681037741648,0.49564623090328,0.41808291013223,1.8551306211677,0.077463414634146,0.3774851653779,1.2138281324531,1.5881286626426,1.8051252074608,1.5180839949156,kognition,1.8551306211677,0.21992610498913,1,0.0,3.6260988219783,3.6750838073552,4.2150986427417,0.72206033440756,0.58069974670431,0.50544223408529,vor_abwesenheit,0,1,-63
alle_lehrkraefte,605,1740,2025-11-06,1,6,5,48,28,0.49561286110096,0.090016034630366,0.18568113302937,0.36704294612196,0.4160450969683,0.46308637448763,0.4111782817555,1.8741405963403,0.35124139958143,0.70365461875834,1.4172221750586,1.5856657848395,1.7708093494506,1.5704082695003,kognition,1.8741405963403,0.20210415814049,1,0.0,3.7756729039783,3.8159665567753,4.6687650182457,0.75902907684994,0.5684954348741,0.53132035379496,vor_abwesenheit,0,1,-63
alle_lehrkraefte,659,1883,2025-11-06,1,6,5,43,23,0.54435196698186,0.057455820236911,0.17853624836906,0.31620734605207,0.42803011307853,0.47361813329808,0.3496341818448,2.0713631134205,0.2313955693512,0.66094388077558,1.2389385943006,1.6461444538672,1.7701546541198,1.4006774168753,kognition,2.0713631134205,0.22965087726402,1,0.0,3.7577973601274,3.8264900938398,4.7035557511802,1.0251268940141,0.49379621739052,0.7175888258099,vor_abwesenheit,0,1,-63
alle_lehrkraefte,690,2010,2025-11-06,1,6,5,43,30,0.54937600457388,-0.017688035095651,0.074658311461942,0.33707452457209,0.44225450901993,0.47867173145749,0.36434711212375,2.0438807831815,-0.064627906976744,0.28106385315131,1.2881472912614,1.6688680789115,1.8147920602822,1.3869924565478,kognition,2.0438807831815,0.23692044165427,1,0.0,3.7312577929091,3.7722807434047,4.5170133117316,0.66334431196142,0.60119843667292,0.46434101837299,vor_abwesenheit,0,1,-63
alle_lehrkraefte,210,849,2025-11-07,1,7,5,49,25,0.57085134070639,0.069376479719241,0.16395558030339,0.28562325112565,0.44585083316659,0.37880711584398,0.31354178221597,1.8815701347476,0.36476004519052,0.64467595396303,1.1441880331458,1.5557634280526,1.3840459793599,1.2190288040146,kognition,1.8815701347476,0.22455851041332,1,0.0,3.3496483017503,3.5014232194435,4.6046572277403,1.3425128922956,0.42689199418666,0.93975902460689,vor_abwesenheit,0,1,-62
alle_lehrkraefte,237,946,2025-11-07,1,7,4,29,17,0.57640034550282,0.023896930118298,0.17162950723053,0.30084920361558,0.44161820581776,0.46184407975989,0.31541132761269,1.9920777872943,0.093263297028809,0.59148951097645,1.0975810927663,1.5449560574008,1.6068371839547,1.1695536168165,kognition,1.9920777872943,0.24606437752766,1,0.0,3.4450379776781,3.5080674232743,3.9027212950711,0.79292955804623,0.55774639640037,0.55505069063236,vor_abwesenheit,0,1,-62
alle_lehrkraefte,504,1528,2025-11-07,1,7,4,34,18,0.5269356859552,0.093588599431803,0.11165739596731,0.34965812151141,0.43483817091823,0.44279325522544,0.39038392208891,2.18537708421,0.32110257238174,0.44688443386215,1.4360893833489,1.7883828968491,1.8422115136901,1.6359579105839,kognition,2.18537708421,0.22632309162018,1,0.0,4.0508583298472,4.1265293622236,4.7035557511802,0.92670311802255,0.51902132230229,0.64869218261578,vor_abwesenheit,0,1,-62
alle_lehrkraefte,525,1553,2025-11-10,12,0,4,24,18,0.45739677122308,0.11465682272179,0.1080362592712,0.40254812033635,0.41347388439699,0.49704978263019,0.39846009353046,1.6370951027417,0.41322864420746,0.37955578148115,1.4294338205201,1.469111421588,1.7650190000976,1.416747685926,performanz,1.7650190000976,0.20740062184343,1,0.0,3.5098342370601,3.5588268125809,3.816340021111,0.6363780196189,0.61110573963398,0.44546461373323,vor_abwesenheit,0,0,-59
alle_lehrkraefte,483,1491,2025-11-10,21,0,4,31,19,0.56377830615795,0.0,0.13616879827531,0.31527121097386,0.46124125813487,0.4528106845833,0.36510980124924,2.2059874964795,0.0,0.55018395577148,1.2503097059487,1.8100247189889,1.7849682586398,1.4355613011768,kognition,2.2059874964795,0.24410521701025,1,0.0,3.9058283369524,3.9317849065355,4.3943908715029,0.54306595830595,0.64806043747984,0.38014617081417,vor_abwesenheit,0,0,-59
alle_lehrkraefte,310,1148,2025-11-10,1,1,4,39,20,0.49962638060489,0.0,0.12264726288199,0.36379237309267,0.43450366600028,0.48464182086369,0.40668356695744,2.1223599295787,0.0,0.51827826585342,1.5751044027157,1.8521033150097,2.0451453856965,1.7628129007491,kognition,2.1223599295787,0.2149050230931,1,0.0,4.2396218666463,4.2677539877557,4.949608611212,0.81718877933931,0.55030055840625,0.57203214553752,vor_abwesenheit,0,1,-59
alle_lehrkraefte,320,1173,2025-11-10,1,1,5,40,28,0.49983228036515,0.0809139524466,0.15491866202658,0.38759890377109,0.38823322296116,0.43691485563494,0.40206961767508,1.7927300344323,0.26549455155021,0.56904244903392,1.3777645073313,1.495325369344,1.599362342933,1.4911089591777,kognition,1.7927300344323,0.20867953471028,1,0.0,3.5388948094085,3.636591652989,4.7368989722033,1.3877114311317,0.41881107865955,0.97139800179219,vor_abwesenheit,0,1,-59
alle_lehrkraefte,273,1057,2025-11-10,1,2,5,49,27,0.50864918592219,0.060201489069849,0.13598344370793,0.35484300413386,0.44201744045752,0.46575202193307,0.3965009095576,2.1808421792518,0.26080479807385,0.58531231863198,1.5142843840116,1.882942295416,1.9896539724915,1.6975105846381,kognition,2.1808421792518,0.21568258090142,1,0.0,4.2243906380189,4.2743109356525,4.7368989722033,0.75285323224534,0.57049842029218,0.52699726257174,vor_abwesenheit,0,1,-59
alle_lehrkraefte,282,1078,2025-11-10,1,2,4,28,15,0.29561649654382,0.16756737984131,0.082429382910015,0.18457259743145,0.25701821023795,0.047605734039721,0.26894416638863,1.0540573498338,0.4738760944935,0.28461241848867,0.69842885574407,0.88808786968175,0.47737595678747,0.87300988689839,kognition,1.0540573498338,0.19764886571171,1,0.4,1.9191499878806,2.9303424608449,3.816340021111,2.1178110007442,0.32073785093494,1.6024677005209,vor_abwesenheit,0,1,-59
alle_lehrkraefte,388,1310,2025-11-10,1,2,5,33,19,0.50099101013372,0.16677700077522,0.28907815613871,0.38411348590162,0.39169104535647,0.43451003653558,0.28852248652801,1.7273460580754,0.55904800087948,0.97524577480527,1.3063730730359,1.3448477265822,1.4959433114377,1.0169478913975,kognition,1.7273460580754,0.20500794370081,1,0.0,3.3218396727433,3.4245671734189,4.3813670000398,1.0495006529426,0.48792372842831,0.73465045705982,vor_abwesenheit,0,1,-59
alle_lehrkraefte,448,1426,2025-11-10,1,2,5,50,29,0.45769134629377,0.099564431604393,0.18286709411398,0.38741565521625,0.37107589741163,0.48436282932271,0.39133033367253,1.6841036222023,0.29322129868936,0.63098396656214,1.2768526397402,1.3833304796907,1.691910547008,1.3460754774541,performanz,1.691910547008,0.20368567046384,1,0.0,3.3968751634571,3.4924226628883,4.4608733210844,0.96962476662246,0.5077109188238,0.67873733663572,vor_abwesenheit,0,1,-59
alle_lehrkraefte,358,1266,2025-11-11,19,0,4,32,19,0.47896272184414,0.17761976135934,0.25275354738714,0.3997487401573,0.35603798477258,0.4437256152159,0.27236724264145,1.422796523164,0.49445218594399,0.70125382711523,1.2381001239294,1.1486122344373,1.3503801492593,0.97103585335769,kognition,1.422796523164,0.19419519600836,1,0.0,2.8946897931469,3.0467214839786,4.1967909784104,1.4324418046134,0.41110952710293,1.0027092632294,vor_abwesenheit,0,0,-58
alle_lehrkraefte,496,1515,2025-11-11,28,0,5,34,24,0.47534333667591,0.083352707369168,0.11364493158429,0.39096527718403,0.41973848195553,0.48066386590835,0.4068568810577,1.8408843106408,0.3286518938064,0.42051771059009,1.513268076337,1.6136145527043,1.8542652189931,1.582906298018,performanz,1.8542652189931,0.20256099301196,1,0.0,3.8093734791456,3.8579047925013,4.4350301470164,0.85751135124932,0.53835471817032,0.60025794587452,vor_abwesenheit,0,0,-58
alle_lehrkraefte,340,1232,2025-11-11,1,1,4,31,18,0.41206326979322,0.2098847946307,0.24300040635423,0.41356470027513,0.3307956556126,0.43051650474577,0.38859126551367,1.4003889972287,0.48538475903984,0.61101965292008,1.2888933873642,1.195279977469,1.4722457413112,1.4261534643665,performanz,1.4722457413112,0.18684824960591,1,0.0,3.1402857098335,3.2565670907324,4.7689253591515,1.5108257987933,0.39827534051968,1.0575780591553,vor_abwesenheit,0,1,-58
alle_lehrkraefte,398,1334,2025-11-11,1,2,5,43,28,0.46009461922646,0.15037296620496,0.22000117071208,0.42288962111002,0.38257764121946,0.44109564151513,0.41385613140905,1.7824067172432,0.54206360268509,0.82222577900027,1.638087969935,1.4743278198814,1.7037263956037,1.6160890590828,kognition,1.7824067172432,0.18607581552078,1,0.0,3.8102839897267,3.8603486916662,4.7668121124854,0.78777362739439,0.55935493435903,0.55144153917607,vor_abwesenheit,0,1,-58
alle_lehrkraefte,440,1414,2025-11-11,1,2,5,45,30,0.43752333655367,0.12412352447502,0.18365270435172,0.40063964554291,0.37782794615859,0.47671826975512,0.45903249230688,1.7745144288217,0.50746566068973,0.74357742844547,1.6283304034347,1.5321135299044,1.9201496925407,1.8617463001903,performanz,1.9201496925407,0.19263337161352,1,0.0,4.0138804349745,4.0509536501043,4.7275916595967,0.67537714491402,0.5968805310707,0.47276400143982,vor_abwesenheit,0,1,-58
alle_lehrkraefte,259,1036,2025-11-11,1,3,5,28,19,0.47345714406299,0.034441236078843,0.13722776511189,0.25640820354604,0.41138831891902,0.38536604751821,0.31197239630345,1.6184440927177,0.10242030425871,0.43712451726352,0.93857758080973,1.4032939371949,1.3996361588691,1.1381244815827,kognition,1.6184440927177,0.22799431236988,1,0.076923076923077,2.9875407119784,3.1388348922927,4.2367227168256,0.99682119580085,0.50079596616007,0.72085176013751,vor_abwesenheit,0,1,-58
alle_lehrkraefte,332,1189,2025-11-11,1,4,4,44,20,0.52388591351377,0.096008212889192,0.18455730040922,0.36571370187635,0.40668187591371,0.43590839128455,0.38493747557591,1.9092104005443,0.3400922214857,0.65205710588243,1.3638102044623,1.4913505778648,1.5836111112148,1.4257173845007,kognition,1.9092104005443,0.21780096819455,1,0.0,3.5791793156975,3.6586548165412,4.2571432703781,0.91216841985511,0.52296648643312,0.63851789389858,vor_abwesenheit,1,1,-58
alle_lehrkraefte,457,1456,2025-11-11,1,4,4,36,19,0.53439067055627,0.020686651374876,0.1454999894765,0.33599911417873,0.42505684481298,0.47372137589418,0.38681678574093,2.0331692482342,0.05592296645698,0.53505702443133,1.3668915722535,1.6390465287247,1.8433910946012,1.5417092711913,kognition,2.0331692482342,0.2255271120872,1,0.0,3.8409653588246,3.8854081355358,4.7668121124854,0.87895358233174,0.53221112506623,0.61526750763221,vor_abwesenheit,1,1,-58
alle_lehrkraefte,604,1739,2025-11-12,19,0,5,50,22,0.54804309498308,0.16635975726825,0.25201612838097,0.31519872577549,0.38580373988212,0.42395466031524,0.22496904967004,1.9124562444219,0.56106209331918,0.85767475816155,1.0718509620269,1.3480570622719,1.4697573624264,0.7780041153069,kognition,1.9124562444219,0.23909102338071,1,0.0,3.2310191868752,3.4600719887411,3.830950518204,1.2572723605737,0.44301255686568,0.88009065240162,vor_abwesenheit,0,0,-57
alle_lehrkraefte,295,1102,2025-11-12,1,3,5,45,23,0.48793589022557,0.0,0.10945834507842,0.36513064995882,0.44135739289886,0.46769092109573,0.41934421424239,2.2176140718528,0.0,0.49520509461352,1.6799800030551,2.0056630248617,2.1248264836685,1.9297139801494,kognition,2.2176140718528,0.21215091437033,1,0.0,4.499637859679,4.557036820596,4.949608611212,0.81139496353773,0.55206071570772,0.56797647447641,vor_abwesenheit,0,1,-57
alle_lehrkraefte,309,1147,2025-11-12,1,3,4,31,19,0.43530994527748,0.13265067546856,0.16141901965411,0.45072144231743,0.3915392105605,0.43681542215649,0.43444875601389,1.701482836046,0.52610953059601,0.61549365273822,1.7345283902523,1.5400873944431,1.6903720895711,1.6802659560181,motivation,1.7345283902523,0.18280630940022,1,0.0,3.8225354045937,3.8812123452505,4.3850337175204,0.74901158086469,0.57175150292922,0.52430810660528,vor_abwesenheit,0,1,-57
alle_lehrkraefte,357,1265,2025-11-12,1,3,5,43,19,0.57577362704161,0.0,0.12304995910004,0.2953145743181,0.45234811367819,0.44369394501224,0.35668848120258,2.2284612153403,0.0,0.48054861933461,1.1852090875016,1.7797438652276,1.7289122347938,1.4111738524161,kognition,2.2284612153403,0.25283059432069,1,0.0,3.8405369843414,3.906960131426,4.783303865063,1.1072148987261,0.47456004634579,0.77505042910829,vor_abwesenheit,0,1,-57
alle_lehrkraefte,406,1358,2025-11-12,1,4,5,31,21,0.51195257715257,0.11452644667011,0.23362022182004,0.33827758513131,0.44427682060904,0.41533273130118,0.35705613141334,1.4832423828418,0.27254238635719,0.61857422908604,0.94854892492356,1.3203267153515,1.2279626972108,1.0606405808354,kognition,1.4832423828418,0.21397534112685,1,0.0,2.8165191142986,2.8914797958276,3.8904053841416,0.93297506264493,0.51733724833039,0.65308254385145,vor_abwesenheit,1,1,-57
alle_lehrkraefte,463,1463,2025-11-12,1,4,5,45,23,0.47144426987105,0.12391735535881,0.20226200840969,0.38716756536076,0.38939281641452,0.45619382360226,0.38293969547273,1.7508922798745,0.46570205785777,0.73381502813137,1.4698298561669,1.4544131637581,1.6982846529197,1.458303611124,kognition,1.7508922798745,0.19387062616995,1,0.0,3.6204315101215,3.7400380391708,4.6172952494101,1.0696669517825,0.48316952596588,0.74876686624775,vor_abwesenheit,1,1,-57
alle_lehrkraefte,524,1552,2025-11-12,1,4,5,31,22,0.46305841653359,0.16856684205841,0.15614080287336,0.40279344198229,0.39405704374651,0.45374097233876,0.39883039995985,1.5632318503634,0.53964598001892,0.48656968376439,1.3789439038512,1.3360893589398,1.5573161698536,1.4022340716256,kognition,1.5632318503634,0.18916093694223,1,0.0,3.3241204503531,3.4044877500777,4.4350301470164,0.90081215013599,0.52609091325961,0.6305685050952,vor_abwesenheit,1,1,-57
alle_lehrkraefte,658,1882,2025-11-12,1,4,5,41,23,0.49934336695484,0.085802535762688,0.16647322671811,0.37412509907519,0.40822498613337,0.46147393803364,0.3674272052025,1.923725523924,0.3494596732055,0.65156630245834,1.4396500106043,1.5787216151751,1.7750439475369,1.400226819459,kognition,1.923725523924,0.21097197013337,1,0.0,3.7314542545724,3.8552723680224,4.1958668984378,1.0143460400096,0.49643903288594,0.71004222800675,vor_abwesenheit,1,1,-57
alle_lehrkraefte,397,1333,2025-11-12,1,6,5,46,24,0.36789108042733,0.080288785537727,0.11617126040332,0.28130384566791,0.27252058206996,0.29239763144769,0.20357724752752,1.3900673989475,0.18549715297916,0.36818047006962,0.93822086511389,1.0644462882139,1.0852585841155,0.75574469044369,kognition,1.3900673989475,0.20582046033041,1,0.17948717948718,2.4216717262417,3.371864252538,4.4036519153337,2.1479909978258,0.31766291602824,1.5574398523242,vor_abwesenheit,0,1,-57
alle_lehrkraefte,294,1101,2025-11-13,1,5,4,32,19,0.47486811351748,0.18650295986875,0.18706683297555,0.38119818851023,0.41921238857057,0.43359590385356,0.35235260141924,1.762699110084,0.69359720191202,0.71703123671946,1.3999656365812,1.5472989805116,1.6033885363841,1.2986111285655,kognition,1.762699110084,0.19335320626315,1,0.0,3.5656139171488,3.6967176628467,4.0593204219849,0.99235590053796,0.50191835692106,0.69464913037657,vor_abwesenheit,0,1,-56
alle_lehrkraefte,331,1188,2025-11-13,1,5,4,23,21,0.42716736913311,0.040656004683492,0.11693638125503,0.38100055898872,0.39456716161344,0.53083139595821,0.45435793540828,1.4846781120144,0.13808695652174,0.39839019088701,1.3217874408396,1.3966917963061,1.8147659340535,1.5811681995229,performanz,1.8147659340535,0.22306565361997,1,0.0,3.4457785957987,3.4665791458569,4.2367227168256,0.62047621197524,0.61710254838056,0.43433334838267,vor_abwesenheit,0,1,-56
alle_lehrkraefte,439,1413,2025-11-13,1,5,5,40,22,0.45472723144569,0.1361907927625,0.1854870539847,0.38991002577289,0.36099131157875,0.51796749413798,0.34485117732252,1.5748481915034,0.45913885415777,0.57248313806324,1.3158032806088,1.2812903957019,1.7296681978034,1.2058552489177,performanz,1.7296681978034,0.21251377858641,1,0.0,3.2920471692033,3.3894091777438,4.6290043360953,1.2083135145794,0.45283425265386,0.84581946020561,vor_abwesenheit,0,1,-56
alle_lehrkraefte,272,1056,2025-11-13,1,6,5,42,24,0.38976388859859,0.1619929426935,0.20731678255012,0.45195671885299,0.31551373521735,0.49522446648421,0.35016678282488,1.3136346623088,0.34502902011679,0.50868216764521,1.3939810281818,1.1270123124531,1.6133082314731,1.2412236486306,performanz,1.6133082314731,0.2138851660499,1,0.0,3.0757402447919,3.2116261087964,4.7417226108447,1.3078950659819,0.4332952631772,0.91552654618735,vor_abwesenheit,0,1,-56
alle_lehrkraefte,603,1738,2025-11-13,1,6,5,44,26,0.40424070020952,0.031013736942482,0.021782775916825,0.23218439097296,0.3336746823769,0.25913747290156,0.2889985805403,1.5307699296688,0.14587212728889,0.10593629004917,0.93027179824919,1.2665929692414,1.0503240162008,1.1361875035583,kognition,1.5307699296688,0.21228715457774,1,0.18918918918919,2.690636300812,3.5748597896414,4.3850337175204,1.8075499832971,0.35618243876308,1.3220417450647,vor_abwesenheit,0,1,-56
alle_lehrkraefte,632,1788,2025-11-13,1,6,4,38,19,0.53610384325254,-0.0054566501937684,0.064029940665303,0.32914755050896,0.45948441675821,0.43531633708248,0.39327765774191,1.8574897597013,-0.052631578947368,0.21286545440452,1.1306304494008,1.5936782716765,1.4973087605859,1.3684074180107,kognition,1.8574897597013,0.23135331429954,1,0.0,3.3809699828742,3.4577502212466,3.821655576211,0.68985219350025,0.59176773202197,0.48289653545017,vor_abwesenheit,0,1,-56
alle_lehrkraefte,657,1881,2025-11-13,1,6,5,62,26,0.55702433171572,0.13568964715505,0.2372776976251,0.33344128404865,0.4214006249,0.38864343635897,0.30466338527678,2.0573491419786,0.4151623838237,0.80300066027369,1.2285887303949,1.5959083940535,1.4806721869594,1.2126995747636,kognition,2.0573491419786,0.23396565269664,1,0.0,3.5734072832344,3.7128375484957,4.4050032557178,1.2636417642692,0.44176601429813,0.88454923498846,vor_abwesenheit,0,1,-56
alle_lehrkraefte,689,2009,2025-11-13,1,6,5,33,22,0.49452488337019,0.14385007112039,0.2104572699923,0.35692459123297,0.40791006041583,0.43248067942337,0.40835916621767,1.6395950930889,0.4986174880823,0.71111330617013,1.199651363607,1.3560108495976,1.442855319639,1.3701364193894,kognition,1.6395950930889,0.19951315592104,1,0.0,3.2679669065786,3.3369429302707,4.0273551720063,0.78011104255928,0.56176270810741,0.5460777297915,vor_abwesenheit,0,1,-56
alle_lehrkraefte,377,1295,2025-11-13,23,11,5,38,22,0.39201440791548,0.10641044397732,0.12486608811819,0.434466179354,0.36309888928033,0.4860887870126,0.43360630837012,1.2901003951736,0.28598651213103,0.34653120896472,1.3750152128998,1.2214770459732,1.5545120838262,1.4222715756242,performanz,1.5545120838262,0.20738181151605,1,0.0,3.1125983448993,3.2221776452961,3.7218957796626,0.91891758527615,0.52112712274513,0.6432423096933,vor_abwesenheit,0,0,-56
alle_lehrkraefte,299,1119,2025-11-14,1,7,5,36,26,0.48202941222253,0.047309335881713,0.16316927807169,0.39332751297795,0.40931955186672,0.47251643220311,0.40372920516403,1.7370562808056,0.12171954438656,0.55048955595406,1.3986283595484,1.48262266221,1.701762266255,1.450528050184,kognition,1.7370562808056,0.20574393546471,1,0.0,3.5340595075972,3.5772626348481,4.3943908715029,0.76955096606989,0.56511511630601,0.53868567624892,vor_abwesenheit,0,1,-55
alle_lehrkraefte,356,1264,2025-11-14,1,7,5,30,17,0.48933058330109,0.097087889275206,0.16364983849176,0.3158750075201,0.41115368716749,0.43024437796608,0.4704102984298,1.6049669548766,0.23743872527739,0.48886793147736,0.99442727918978,1.3312764037611,1.4023830008297,1.3962907210299,kognition,1.6049669548766,0.21526851932007,1,0.0,3.0901094259577,3.1410266676134,4.009456607552,0.87273262578659,0.53397905618266,0.61091283805062,vor_abwesenheit,0,1,-55
alle_lehrkraefte,387,1309,2025-11-14,1,7,5,54,27,0.45109204315751,0.10792067950168,0.20831638748664,0.38621842085925,0.38216631869125,0.50812290896343,0.40287683818896,1.7515862602001,0.42608226838528,0.80401018975975,1.512821354825,1.4834613914739,1.9616313051878,1.5669798116111,performanz,1.9616313051878,0.20634474605674,1,0.0,3.832589486325,3.8834473755512,4.5184642616466,0.79344360403324,0.55758653227295,0.55541052282327,vor_abwesenheit,0,1,-55
alle_lehrkraefte,419,1379,2025-11-14,1,7,5,38,24,0.51860593907435,0.074972764648405,0.087839386926999,0.37145505581502,0.42453840646279,0.45884492851859,0.4063461026721,1.9296187252565,0.27976345809401,0.32882277056304,1.4048803122889,1.5848655714991,1.7211288173098,1.5412160058897,kognition,1.9296187252565,0.21951693090818,1,0.0,3.7057980498067,3.7498326258248,4.2589436920402,0.70493280485448,0.58653337958698,0.49345296339813,vor_abwesenheit,0,1,-55
alle_lehrkraefte,503,1527,2025-11-14,1,7,4,37,20,0.46514599037112,0.13449388244156,0.2288470329617,0.37822714522907,0.37706016535534,0.45458014735539,0.3921307647518,1.5598889749331,0.493272280405,0.78623181840975,1.3801136829875,1.2966803034476,1.5817445159327,1.4467997177826,performanz,1.5817445159327,0.18511342972976,1,0.0,3.387620160731,3.4821280172805,3.9839254947078,0.85045850211477,0.54040660671783,0.59532095148034,vor_abwesenheit,0,1,-55
alle_lehrkraefte,523,1551,2025-11-17,12,0,6,57,29,0.4726797274136,0.096626167166674,0.17285710654282,0.39446914190731,0.38782169270775,0.42604412536087,0.41444436143138,1.6267252454994,0.29903903049123,0.54536190917834,1.3100772066018,1.3212142002751,1.4293971969656,1.3899928254954,kognition,1.6267252454994,0.20534773433786,1,0.0,3.2357757385166,3.3600023292786,4.2571432703781,1.0024452383716,0.49938943689327,0.70171166686011,vor_abwesenheit,0,0,-52
alle_lehrkraefte,631,1787,2025-11-17,21,0,4,25,15,0.58089969233395,0.027370657953904,0.14069436931889,0.26572562933177,0.45558173735795,0.40680032072312,0.33435681752486,1.754638191838,0.091201357023437,0.4300603960961,0.90138615135554,1.4405667810448,1.3039310139486,1.115818110955,kognition,1.754638191838,0.24932330519318,1,0.0,3.0174559825203,3.160637624747,4.0152056905849,1.0483269863056,0.48820330283478,0.73382889041392,vor_abwesenheit,0,0,-52
alle_lehrkraefte,308,1146,2025-11-17,1,1,5,42,26,0.39230003965888,0.061328150633954,0.028225527967867,0.29124739163847,0.32558393541483,0.31159566163854,0.27592758427633,1.7502539125351,0.29884496228663,0.17921337515179,1.3564475106102,1.4684328524405,1.4711013291833,1.3317427533021,kognition,1.7502539125351,0.19430182870507,1,0.16666666666667,3.3344770619284,4.1635177799288,4.7668121124854,1.8734400679957,0.34801491464463,1.361408047597,vor_abwesenheit,0,1,-52
alle_lehrkraefte,319,1172,2025-11-17,1,1,5,53,29,0.53064544806112,0.05635150553143,0.12580142430707,0.35754788924335,0.41400735949764,0.41361596755921,0.367985716652,1.9838741062937,0.092015029386397,0.36859040113407,1.3529169856845,1.6016600062949,1.6540553285188,1.5261844256074,kognition,1.9838741062937,0.22575514344387,1,0.0,3.6797987982701,3.8039239915547,4.7368989722033,1.2416953601675,0.44609094427768,0.86918675211723,vor_abwesenheit,0,1,-52
alle_lehrkraefte,281,1077,2025-11-17,1,2,4,38,17,0.51091494918696,0.22000717057985,0.23473909374432,0.36858675155029,0.40936461958748,0.42329610726279,0.31978229981643,1.9595388616729,0.84627327151972,0.8694814728145,1.4427106590372,1.5918504583264,1.6609066032267,1.3006437622035,kognition,1.9595388616729,0.20261160024637,1,0.0,3.7917879556005,3.8860068002093,4.2474282510106,0.92497245288054,0.51948795345284,0.64748071701638,vor_abwesenheit,0,1,-52
alle_lehrkraefte,386,1308,2025-11-17,1,2,5,44,20,0.54267856660699,0.10448786616489,0.23863976033585,0.34087992886363,0.44280575512103,0.43891980162026,0.28644202305949,1.9831182200643,0.37843288377442,0.87016997530305,1.2797935037847,1.6350740804257,1.64950594794,1.1092114401223,kognition,1.9831182200643,0.22268950765025,1,0.0,3.6188014120961,3.713451186019,4.4224182502916,0.8995858563523,0.52643053571701,0.62971009944661,vor_abwesenheit,0,1,-52
alle_lehrkraefte,447,1425,2025-11-17,1,2,5,37,21,0.50703876137645,0.017957857441549,0.084060817152923,0.34240248227595,0.42341789980876,0.47277713405573,0.43033764457889,1.9114489351094,0.074397169205431,0.28513051347209,1.3613088311853,1.6208355816484,1.7760979606348,1.7000646386086,kognition,1.9114489351094,0.2189697363676,1,0.0,3.7769676776283,3.8264936703976,4.7417226108447,1.0967642281533,0.47692534361898,0.76773495970731,vor_abwesenheit,0,1,-52
alle_lehrkraefte,355,1263,2025-11-18,19,0,4,34,20,0.40616287744075,0.19912279162776,0.1205286482474,0.41935710729336,0.41628231482631,0.41005191415443,0.41842618643803,1.5616655385704,0.70672959368445,0.4588025654582,1.5895088845186,1.593509099657,1.5770578483972,1.5926006867744,methodik,1.593509099657,0.17360118645854,1,0.0,3.6384150280552,3.8102906003673,4.671907671991,1.1637828656175,0.46215358106859,0.81464800593227,vor_abwesenheit,0,0,-51
alle_lehrkraefte,339,1230,2025-11-18,1,1,4,29,19,0.49266719144277,0.092761572396502,0.19155850594756,0.36952411045494,0.38658620885043,0.46884624031982,0.42319931277924,1.8546175603905,0.35456988122549,0.71409457939578,1.47052442488,1.4670491651099,1.7970895960618,1.6511793649563,kognition,1.8546175603905,0.19922577531779,1,0.0,3.7875924824158,3.8349062603392,4.4608733210844,0.83932122255495,0.54367882441487,0.58752485578846,vor_abwesenheit,0,1,-51
alle_lehrkraefte,396,1332,2025-11-18,1,2,5,46,22,0.46029094408938,0.097294991770382,0.11392401640819,0.34543044790993,0.38943020713042,0.47616616640793,0.43998458984368,1.4539235426072,0.32085910364658,0.37771887320565,1.0508991126337,1.2352731492577,1.4365082241454,1.3233151781517,kognition,1.4539235426072,0.19962841227439,1,0.0,2.967241718548,3.0773718312383,3.4817423048328,0.800765721639,0.55531932221024,0.5605360051473,vor_abwesenheit,0,1,-51
alle_lehrkraefte,438,1412,2025-11-18,1,2,4,30,18,0.52115658501837,0.042421683342677,0.1281093497564,0.36305389617889,0.4442725901558,0.46658675076676,0.36939428587392,1.9750938857907,0.12728482111355,0.4601337425061,1.3560863905359,1.6915182776229,1.766879176346,1.4073966964658,kognition,1.9750938857907,0.22484124833138,1,0.0,3.7325262506141,3.7771548182874,4.290361661197,0.59384885439119,0.62741206435285,0.41569419807383,vor_abwesenheit,0,1,-51
alle_lehrkraefte,456,1454,2025-11-18,1,4,5,51,28,0.56573976803358,0.053673583314892,0.17170316353205,0.30868416648282,0.45256850646048,0.44437991031032,0.32648994127102,2.0494004053205,0.20616983745207,0.62793038002541,1.1822060732871,1.65320565299,1.6338211692268,1.2310732815768,kognition,2.0494004053205,0.23875192593449,1,0.0,3.5989523133521,3.6766493655833,4.4036519153337,0.93233362508834,0.51750897827195,0.65263353756184,vor_abwesenheit,1,1,-51
alle_lehrkraefte,293,1100,2025-11-20,1,5,5,42,24,0.3549271319566,0.043653676811847,0.083744439511614,0.27628083798509,0.31386170959161,0.31719260600907,0.29925848985575,1.4222965497818,0.25591950317419,0.41975415017681,1.1640571077904,1.2695358993932,1.318819436836,1.275277698546,kognition,1.4222965497818,0.17399078669282,1,0.16666666666667,2.932061404481,3.8199232646719,4.770377344071,1.9107188003461,0.34355774933707,1.3875031602422,vor_abwesenheit,0,1,-49
alle_lehrkraefte,330,1187,2025-11-20,1,5,4,36,20,0.49640439228456,0.10409168135079,0.17422403571828,0.36062441667788,0.42373444680794,0.42389689922783,0.40545771524311,1.9195875289702,0.41185572332168,0.68162105829113,1.3999962306279,1.6387115968482,1.6410339293954,1.570833099677,kognition,1.9195875289702,0.20057353714163,1,0.0,3.7583138258003,3.8737323555043,4.0273551720063,0.91009415855436,0.5235344003967,0.63706591098805,vor_abwesenheit,0,1,-49
alle_lehrkraefte,437,1411,2025-11-20,1,5,5,42,25,0.52366796778914,0.020489204181843,0.11539524233944,0.35270542553627,0.45364449079856,0.44957994737497,0.37306077705644,1.8856481740249,0.14204761904762,0.48858588299154,1.3495508836387,1.645035051782,1.6715121369392,1.4179847752059,kognition,1.8856481740249,0.21398450540263,1,0.0,3.625827392901,3.698383549751,4.6687650182457,0.97667626506782,0.5058997356685,0.68367338554748,vor_abwesenheit,0,1,-49
alle_lehrkraefte,271,1055,2025-11-20,1,6,4,39,19,0.51828063079702,0.048865124212752,0.093042613984928,0.34220968198119,0.42576544928202,0.4754676072778,0.38318377041259,1.965049177793,0.17948717948718,0.33919349060096,1.3380957477803,1.6304586008024,1.8084012313777,1.5283029588426,kognition,1.965049177793,0.22358081400701,1,0.0,3.7501475397143,3.8250367722057,4.7035557511802,1.0037900653773,0.49905427583388,0.70265304576413,vor_abwesenheit,0,1,-49
alle_lehrkraefte,656,1880,2025-11-20,1,6,4,32,21,0.59991657260808,0.059427861729259,0.13393395298269,0.31337145957754,0.41314657914526,0.44633654070177,0.35406163187183,1.9712964437048,0.20797778136627,0.44810541845117,1.0641988626701,1.3599721320791,1.4810783992179,1.1885381105087,kognition,1.9712964437048,0.255310681134,1,0.0,3.2738849058347,3.3151144443114,3.7622172169312,0.62561530895165,0.61515168717555,0.43793071626615,vor_abwesenheit,0,1,-49
alle_lehrkraefte,688,2007,2025-11-20,1,6,4,33,18,0.5041484533697,0.088787297959033,0.082100886880721,0.37185118481021,0.41664007705653,0.45269078874766,0.42422109800284,1.8768217516754,0.29553622001821,0.28658658964635,1.3675361319681,1.5491482106825,1.6257589219318,1.5707672298832,kognition,1.8768217516754,0.21894398076762,1,0.0,3.615570554129,3.6756993775494,4.2571432703781,0.92731724991493,0.5188559382448,0.64912207494045,vor_abwesenheit,0,1,-49
alle_lehrkraefte,376,1294,2025-11-20,23,11,4,33,16,0.5463921326271,-0.1202581971448,0.096305174188731,0.25743582360846,0.44009095188933,0.41258600428848,0.34632615193319,1.6850564119384,-0.15302557884935,0.34975779130362,1.0135318318996,1.5153861295956,1.3474969385832,1.2533455084433,kognition,1.6850564119384,0.22959476158933,1,0.0,3.1137481129412,3.2272826660308,4.6073855808479,1.4675713950363,0.40525676461138,1.0272999765254,vor_abwesenheit,0,0,-49
alle_lehrkraefte,522,1550,2025-11-24,12,0,4,39,22,0.47272298148325,0.1078697477673,0.11227123742549,0.36579748169536,0.46115305407956,0.43575291651668,0.39820536551338,1.8405904286155,0.37704193881629,0.43659914231669,1.4143439578183,1.7820862347384,1.6882545798856,1.5477933860984,kognition,1.8405904286155,0.20064765641852,1,0.0,3.7606675780006,3.8670460172583,4.7417226108447,1.0260116939731,0.4935805666743,0.71820818578117,vor_abwesenheit,0,0,-45
alle_lehrkraefte,630,1785,2025-11-24,21,0,5,42,22,0.40648394686382,0.031959619430582,0.1144399133226,0.21931155316312,0.33005557297559,0.32836733666096,0.24068805714148,1.5476757603764,0.10450468311765,0.41564396441699,0.82767928194297,1.2609646023414,1.2541699261882,0.92543580587713,kognition,1.5476757603764,0.22967165729083,1,0.16666666666667,2.6987848654304,3.6161134729569,3.9917421716075,1.8016211543702,0.35693619690161,1.3111348080591,vor_abwesenheit,0,0,-45
alle_lehrkraefte,307,1145,2025-11-24,1,1,5,38,25,0.52636583501863,0.026617115221997,0.11205614968538,0.3445943608738,0.43267235619697,0.47753603181329,0.37298765497705,1.9669716730217,0.083076688047583,0.40048306549586,1.3103463399745,1.6331590594147,1.7838700142997,1.4201590564096,kognition,1.9669716730217,0.22876908558993,1,0.0,3.690464198684,3.7485503232963,4.4036519153337,0.90668027125616,0.52447178222554,0.63467618987931,vor_abwesenheit,0,1,-45
alle_lehrkraefte,318,1171,2025-11-24,1,1,4,21,17,0.37926995972571,0.2250587660099,0.095868637984102,0.47227517263071,0.35478245064881,0.45448194065517,0.43975057822673,1.1753768038411,0.62650203448661,0.34651244746159,1.4137701609374,1.0871372524011,1.384488349964,1.3507746068753,motivation,1.4137701609374,0.19144943556602,1,0.0,2.9691917771928,3.0320332517872,4.1408141954246,1.0356167097396,0.49125161687629,0.72493169681775,vor_abwesenheit,0,1,-45
alle_lehrkraefte,270,1054,2025-11-24,1,2,5,46,27,0.55728405892419,0.063362277800017,0.16601070483627,0.32293321099914,0.44967788510148,0.45154135171705,0.34247447013005,2.0615946261507,0.25456423328343,0.62191382818726,1.2480566534089,1.6730647108248,1.7035265750385,1.329732798941,kognition,2.0615946261507,0.2318364266223,1,0.0,3.7052307898832,3.7630660233537,4.7275916595967,0.83588437875688,0.54469661138308,0.58511906512982,vor_abwesenheit,0,1,-45
alle_lehrkraefte,280,1076,2025-11-24,1,2,4,36,18,0.5537263257691,0.025711991309046,0.15243029897921,0.30568215973967,0.44247399828093,0.4885765150998,0.33770783056079,2.0746606173971,0.088333333333333,0.55917646525639,1.1109335089601,1.6566626901603,1.7893045169564,1.2245407432136,kognition,2.0746606173971,0.24397404865441,1,0.0,3.647535193928,3.6952411116713,4.0146564811436,0.6946487927042,0.59009276984423,0.48625415489294,vor_abwesenheit,0,1,-45
alle_lehrkraefte,385,1307,2025-11-24,1,2,4,31,20,0.51915961715517,0.0,0.098563219742425,0.3488420326486,0.43297168505375,0.48475777068502,0.39917042236739,1.9669534311548,0.0,0.39501049341763,1.2920344962238,1.6146646278117,1.7993849600219,1.4651987710523,kognition,1.9669534311548,0.23050469322394,1,0.0,3.699463172276,3.7268174671317,4.5273009039449,0.96381957375704,0.50921174906454,0.67467370162993,vor_abwesenheit,0,1,-45
alle_lehrkraefte,446,1424,2025-11-24,1,2,4,21,13,0.46600350481661,0.023583010781579,0.12642652184797,0.3452695867372,0.41177428918703,0.50587844169399,0.41340914525443,1.6243994478674,0.037809523809524,0.40880916828273,1.1261794241518,1.4564449192506,1.6889655874239,1.3274558027982,performanz,1.6889655874239,0.22020228452604,1,0.0,3.2880820586587,3.3528305376343,3.8701983392444,0.94155959851865,0.51504986030971,0.65909171896305,vor_abwesenheit,0,1,-45
alle_lehrkraefte,354,1262,2025-11-25,19,0,4,36,21,0.45766399542849,0.15660788977296,0.14856522404571,0.4045381157461,0.39801553219345,0.44138118420458,0.38935441196346,1.7591272409496,0.60974844583972,0.62858064821974,1.5251598778915,1.4879080311466,1.6607190082952,1.4346266473539,kognition,1.7591272409496,0.19318607231674,1,0.0,3.6355961894114,3.7848869082369,4.4036519153337,1.3153054953742,0.43190844663821,0.92071384676197,vor_abwesenheit,0,0,-44
alle_lehrkraefte,495,1512,2025-11-25,28,0,5,46,22,0.55561960233785,0.10260952064347,0.23318765489683,0.31776838066917,0.41333559071817,0.45571562099985,0.27832747547743,1.9858099224438,0.33673058877281,0.77618576582359,1.2104839848821,1.5135283814367,1.6732606214721,1.1460226190104,kognition,1.9858099224438,0.22978533833116,1,0.0,3.5395623275035,3.6536796077658,4.7035557511802,1.3250867279527,0.43009148346072,0.92756070956688,vor_abwesenheit,0,0,-44
alle_lehrkraefte,338,1229,2025-11-25,1,1,4,31,17,0.47367085311097,0.099430757304628,0.19569708651564,0.38982323216519,0.39760033704129,0.43010500052919,0.34267540470898,1.5899806509804,0.38572961976578,0.72790496340288,1.3685011409951,1.3417516302649,1.463925445563,1.1749516353388,kognition,1.5899806509804,0.19744579443888,1,0.0,3.2254229663068,3.4347792476806,3.8951055276764,1.3160466387929,0.43177023435123,0.92123264715503,vor_abwesenheit,0,1,-44
alle_lehrkraefte,375,1293,2025-11-25,1,2,4,40,20,0.47280979417595,0.17520413664673,0.21682282685146,0.38991357655807,0.40351095497957,0.46818479779963,0.37340613143028,1.9249151204993,0.72776409121031,0.87392774784481,1.5985040996151,1.6470143520832,1.9167822888945,1.5259208695061,kognition,1.9249151204993,0.18844321344931,1,0.0,4.0334909169977,4.0834172304623,4.6290043360953,0.7158832676806,0.58279022753787,0.50111828737642,vor_abwesenheit,0,1,-44
alle_lehrkraefte,395,1331,2025-11-25,1,2,5,32,19,0.3682233176186,0.088326498177725,0.14107266958742,0.26013222645315,0.22092915726557,0.27558624101501,0.13427392022762,1.1559312620705,0.34488776935662,0.53883216707922,0.7948729785992,0.80699674669655,0.89728755253167,0.50912471887847,kognition,1.1559312620705,0.18675502219413,1,0.23076923076923,2.0230829179621,2.9491984128153,4.1967909784104,2.0971407242116,0.32287845114127,1.5372292761789,vor_abwesenheit,0,1,-44
alle_lehrkraefte,436,1410,2025-11-25,1,2,4,35,18,0.53832815182264,0.051725100320952,0.15481691181805,0.32366426826335,0.42878233667671,0.47295655277016,0.35503890770309,1.943135390713,0.16529302800637,0.49927979693229,1.1932360538181,1.5565946899272,1.6675050458447,1.3146586130034,kognition,1.943135390713,0.23299816308341,1,0.0,3.5225100287828,3.6001865146772,4.2571432703781,0.94158765482209,0.51504241774324,0.65911135837546,vor_abwesenheit,0,1,-44
alle_lehrkraefte,329,1186,2025-11-25,1,4,5,35,23,0.47417731416503,0.15860984961032,0.20995207575732,0.39407512859897,0.36674812060268,0.45135287648196,0.33546169965664,1.4562535086989,0.45173145437511,0.62068043979182,1.1840696368494,1.1439563998927,1.3708832404556,1.0181985450287,kognition,1.4562535086989,0.20097972479402,1,0.0,2.8873320007638,3.0260305202737,3.689846849301,0.99413021704275,0.50147176521049,0.69589115192993,vor_abwesenheit,1,1,-44
alle_lehrkraefte,455,1453,2025-11-25,1,4,5,39,20,0.2366054015266,0.095377949934177,0.043031838877745,0.10539228323391,0.23421386301371,0.001296324590659,0.15048042832681,1.0207768052441,0.35292525634032,0.28036963813968,0.5974324623461,0.98834075962851,0.46562101215718,0.68615988005402,kognition,1.0207768052441,0.18135014461156,1,0.56,1.8073488785633,3.2481283817535,4.0865439516009,2.704426016298,0.26994735367919,2.0610982114086,vor_abwesenheit,1,1,-44
alle_lehrkraefte,602,1737,2025-11-26,19,0,5,50,29,0.40564260453965,0.17534799156276,0.13967289517223,0.41934089870997,0.36891923274652,0.45743136077037,0.4519999720296,1.3732721539706,0.53419037535485,0.41203687389007,1.3516117754081,1.2475928275079,1.4938228513274,1.5008430498784,regulation,1.5008430498784,0.18805509853019,1,0.0,3.1950569599969,3.28780385019,4.2589436920402,0.84842982951635,0.54099970906748,0.59390088066145,vor_abwesenheit,0,0,-43
alle_lehrkraefte,292,1099,2025-11-26,1,3,5,38,24,0.55765454186736,0.060662827359432,0.17095791042811,0.30530630929148,0.41029116284223,0.47094191155226,0.33136527465841,1.9215151589345,0.24304234589755,0.57639526214214,1.1438311843815,1.4437781103075,1.6287077519355,1.269880933353,kognition,1.9215151589345,0.23355779151688,1,0.0,3.4266095666722,3.5326662212386,4.5938888463992,1.1526166823568,0.4645508920358,0.80683167764975,vor_abwesenheit,0,1,-43
alle_lehrkraefte,306,1144,2025-11-26,1,3,4,37,15,0.48710327893457,0.11046537027358,0.23028951592656,0.33471856568642,0.3817367105217,0.41472115302195,0.24704407570054,1.8638568730542,0.17678969851095,0.68392695406318,1.0712114216799,1.5073579498631,1.5229949957169,0.96850247650551,kognition,1.8638568730542,0.23912031661817,1,0.0,3.26344998769,3.3777892734195,4.4050032557178,1.5120211463928,0.39808582082837,1.0584148024749,vor_abwesenheit,0,1,-43
alle_lehrkraefte,353,1261,2025-11-26,1,3,5,42,24,0.50121067136119,0.14730341232641,0.15424010963015,0.35417956762995,0.43669841970926,0.4205602186905,0.38504756501095,1.6854328033455,0.44406481029477,0.50676784519265,1.1686950884213,1.4616670813765,1.4239303478743,1.2865394547341,kognition,1.6854328033455,0.20981146039938,1,0.0,3.2372474743091,3.3358330805025,3.9027212950711,0.95024262439818,0.51275671421067,0.66516983707873,vor_abwesenheit,0,1,-43
alle_lehrkraefte,418,1378,2025-11-26,1,3,5,46,28,0.47580996605182,0.15121518034178,0.19851633922115,0.37637574677451,0.37397441298084,0.43889795711387,0.38137302170764,1.6039001844,0.43917967315763,0.61312653781102,1.2036640397463,1.2754655633694,1.4342607656712,1.2535313562536,kognition,1.6039001844,0.20502031408838,1,0.0,3.1377321535108,3.2754959376483,4.2647293923297,1.1069402481484,0.47462190770659,0.77485817370391,vor_abwesenheit,0,1,-43
alle_lehrkraefte,462,1462,2025-11-26,1,4,4,32,20,0.52361999841227,0.012175263203734,0.097956771117373,0.35059524378684,0.44216905191667,0.44611379686211,0.42544802076681,1.6915573694131,0.037559487434876,0.32729054427085,1.1385672807284,1.4117375778301,1.4626964062758,1.3136030625056,kognition,1.6915573694131,0.22911481542049,1,0.0,3.1818655492714,3.2067272943285,3.8956169978604,0.96825624038559,0.50806392962539,0.67777936826991,vor_abwesenheit,1,1,-43
alle_lehrkraefte,521,1549,2025-11-26,1,4,5,43,28,0.47642084323665,0.10003236744571,0.14450731257705,0.37432400236242,0.43297727336838,0.45321594391275,0.40566377467195,1.906251368189,0.42961363337907,0.58493924351344,1.5714506909187,1.760311272466,1.8542191127242,1.6946640483125,kognition,1.906251368189,0.19448668215542,1,0.0,4.0048325652771,4.0859969289546,4.3850337175204,0.83588010568963,0.54469787918115,0.58511607398274,vor_abwesenheit,1,1,-43
alle_lehrkraefte,655,1878,2025-11-26,1,4,5,48,22,0.48134981735661,-0.0049304352104896,0.22415451794524,0.38081573668894,0.39386731043974,0.40245690426945,0.36132760112905,1.6114773002605,0.14516339669333,0.76915276814655,1.3109937110525,1.3364267320789,1.3681011559119,1.2678398125977,kognition,1.6114773002605,0.19106565196051,1,0.0,3.1927084059763,3.4006243200806,4.770377344071,1.3805065925483,0.42007865180055,0.96635461478379,vor_abwesenheit,1,1,-43
alle_lehrkraefte,705,2089,2025-11-26,1,4,5,42,21,0.38867924261497,0.11892117153997,0.18776414673719,0.26331049291624,0.30004677212435,0.28815451249447,0.21439513091232,1.4853160665566,0.47283187307629,0.74883692179938,1.0943864175486,1.185253427956,1.2346583695379,0.98122741909759,kognition,1.4853160665566,0.18424618058205,1,0.16666666666667,2.8425668664208,3.6081812821258,4.1508586304112,1.8874383566941,0.34632773983959,1.3712068496859,vor_abwesenheit,1,1,-43
alle_lehrkraefte,394,1330,2025-11-26,1,6,4,31,17,0.54667539784555,0.10178584303907,0.25307691956195,0.33657764543262,0.38900557458599,0.46997718007393,0.25061542887692,1.5907683671419,0.27765687652785,0.75061103625555,0.95521048943982,1.1421860401486,1.3441537956427,0.74918719611912,kognition,1.5907683671419,0.23360076466033,1,0.0,2.7849777696324,2.884962246764,3.9027212950711,0.9843670685969,0.50393902208178,0.68905694801783,vor_abwesenheit,0,1,-43
alle_lehrkraefte,298,1118,2025-11-27,1,0,5,37,22,0.56162827063102,0.043410216898806,0.095853006266933,0.31193496696747,0.44902140787443,0.43313447443446,0.39993022172713,1.6560805020685,0.15156433814615,0.30214848346917,0.91505111139328,1.3047030991961,1.2875828553689,1.1418071209356,kognition,1.6560805020685,0.24502083344857,1,0.0,2.8910257536669,2.9314606725127,3.6685738639532,0.96115757970786,0.5099029319964,0.6728103057955,vor_abwesenheit,0,1,-42
alle_lehrkraefte,291,1098,2025-11-27,1,5,4,28,18,0.36927285914006,0.21331252210193,0.23814547350038,0.46152808488636,0.29479684259717,0.47467529435691,0.40055504075689,1.3279244919144,0.71352879233111,0.81137335844847,1.6037909120688,1.0756744655857,1.6519568340959,1.4136245554837,performanz,1.6519568340959,0.19213551483422,1,0.0,3.3745147994403,3.5199773398303,4.468622859967,1.0691677755167,0.48328608817151,0.74841744286166,vor_abwesenheit,0,1,-42
alle_lehrkraefte,435,1409,2025-11-27,1,5,5,36,19,0.52979184511741,0.23550339536514,0.25914769004365,0.36604851481091,0.39919743845937,0.38263082230204,0.21441530650715,1.5780091873285,0.57776675451819,0.6378087899445,0.96016648819376,1.2049515368576,1.0906872724523,0.64401383310646,kognition,1.5780091873285,0.23575586051107,1,0.0,2.6849409500393,2.8152239511084,3.689846849301,1.1204474736382,0.47159857173177,0.78431323154672,vor_abwesenheit,0,1,-42
alle_lehrkraefte,269,1053,2025-11-27,1,6,4,36,21,0.53723376741912,0.10966365757155,0.19929426178698,0.3247095796168,0.4187365541404,0.44635828976367,0.38441771348366,2.1102252725261,0.4270200902856,0.75028338122558,1.3276868463277,1.6576020017603,1.7641890677057,1.5614754449941,kognition,2.1102252725261,0.21984989391867,1,0.0,3.9063137867486,3.9716688435594,4.7275916595967,0.94077837544055,0.51525718374361,0.65854486280838,vor_abwesenheit,0,1,-42
alle_lehrkraefte,601,1736,2025-11-27,1,6,5,41,24,0.54970245603737,0.039312346033971,0.18396156424868,0.31942293826927,0.4453567416658,0.44418681863035,0.31610470383941,2.0036878931498,0.087597465311505,0.61317936782851,1.0858307376275,1.6357951214225,1.5767150878397,1.1215355039682,kognition,2.0036878931498,0.24018629297466,1,0.0,3.4636907845741,3.5613943840183,4.4050032557178,1.0679739173348,0.48356509316559,0.74758174213435,vor_abwesenheit,0,1,-42
alle_lehrkraefte,687,2006,2025-11-27,1,6,5,47,23,0.51206951373862,0.02865934110489,0.11881779126783,0.3584030640896,0.46127928662311,0.45191478019048,0.38013185452297,2.0601429776111,0.13759141611658,0.50253337464147,1.4413691158017,1.8512733193633,1.8123437320525,1.5129242368485,kognition,2.0601429776111,0.21564918521422,1,0.0,3.9489172768171,4.0160019475513,4.3833223071631,0.69366990916024,0.5904338233746,0.48556893641217,vor_abwesenheit,0,1,-42
alle_lehrkraefte,374,1291,2025-11-27,18,11,5,45,23,0.39568854542214,0.14552812305514,0.15505729141718,0.4188064963582,0.3734275356293,0.47431130604106,0.44218913185983,1.2637469336944,0.42285523003727,0.45544436718018,1.2836356723845,1.1712916909069,1.4780809921866,1.3755019733959,performanz,1.4780809921866,0.19838530461589,1,0.0,3.0132484617889,3.0990260480808,3.5786828039544,0.89783013927572,0.52691754615175,0.628481097493,vor_abwesenheit,0,0,-42
alle_lehrkraefte,258,1035,2025-11-28,1,0,5,34,21,0.56794114267293,0.083527412601105,0.17820763248073,0.28707068967013,0.43743223055239,0.42193952565203,0.35745184970118,1.7119355867311,0.3130071803896,0.58818004089237,0.91594349543414,1.3274088168421,1.2840158664988,1.134786321239,kognition,1.7119355867311,0.23530863694257,1,0.0,2.9853067016214,3.068337771799,4.134383264,0.97020313377654,0.50756187666963,0.67914219364358,vor_abwesenheit,0,1,-41
alle_lehrkraefte,297,1117,2025-11-28,1,7,5,49,25,0.51840831579535,0.099929014493313,0.21166461894294,0.34925554179813,0.3899015547497,0.44820869703612,0.38282527561909,1.5350403231981,0.36307575846007,0.6544965327989,1.0824399840938,1.1741213609844,1.316023767607,1.1952740142099,kognition,1.5350403231981,0.20969144850692,1,0.0,2.9372392355932,3.0054965268567,4.134383264,0.95133736462287,0.51246904719281,0.66593615523601,vor_abwesenheit,0,1,-41
alle_lehrkraefte,352,1260,2025-11-28,1,7,5,34,27,0.45251225550452,0.13388655925492,0.18845309723573,0.41338025522708,0.37035595060079,0.43776085741227,0.41236689325819,1.6408676330573,0.46640588019293,0.65257952755463,1.469096175519,1.344708466843,1.574921841544,1.5011919171195,kognition,1.6408676330573,0.18410830858483,1,0.0,3.4693344443565,3.5906148879138,4.1478207849846,0.97928492546569,0.50523296930821,0.68549944782598,vor_abwesenheit,0,1,-41
alle_lehrkraefte,384,1305,2025-11-28,1,7,4,38,20,0.52236622599958,0.083252927463627,0.17678221135009,0.36590492702948,0.41173443818862,0.43952904103691,0.38866212735408,2.0500999785086,0.33301697620887,0.68667506041365,1.4221856107575,1.6245664024513,1.6724880286571,1.5134806633215,kognition,2.0500999785086,0.22038131418308,1,0.0,3.8124795997601,3.8914799652542,4.2571432703781,0.91241043978087,0.52290030382525,0.63868730784661,vor_abwesenheit,0,1,-41
alle_lehrkraefte,417,1377,2025-11-28,1,7,4,28,20,0.46922373512645,0.068674785705768,0.15082215335439,0.40406451017723,0.41069702242938,0.45430379533977,0.43284953772448,1.7113526634747,0.28392857142857,0.54756842159176,1.4313437350294,1.5076098328136,1.6290458399811,1.5555446031629,kognition,1.7113526634747,0.19746998914855,1,0.0,3.5643114630702,3.6111898817791,4.134383264,0.85489419305116,0.53911430837738,0.59842593513581,vor_abwesenheit,0,1,-41
alle_lehrkraefte,502,1526,2025-11-28,1,7,5,50,28,0.46414841827072,0.11122327668348,0.13491948821075,0.39293221763817,0.41681195925892,0.42940796306292,0.45550766223424,1.7814848273112,0.4134198650035,0.51251005836126,1.4859525654257,1.5927906325743,1.6399253354963,1.719857038835,kognition,1.7814848273112,0.19478421730237,1,0.0,3.7416000722399,3.8057334015621,4.35657860226,0.76535561969294,0.56645810557645,0.53574893378506,vor_abwesenheit,0,1,-41
alle_lehrkraefte,405,1355,2025-12-01,1,0,5,43,26,0.54848556768292,0.021828895699781,0.092282593495026,0.30976646568788,0.46087050898384,0.42373776630972,0.38557015816294,1.978001620466,0.033645975408597,0.32112805881309,1.109473215904,1.6676791446885,1.526512959929,1.3972867555886,kognition,1.978001620466,0.23531332374796,1,0.0,3.5087721973642,3.6030466820995,3.9433548328915,0.86357202950254,0.53660388982493,0.60450042065178,vor_abwesenheit,0,1,-38
alle_lehrkraefte,520,1548,2025-12-01,12,0,5,40,24,0.47262096122246,0.071370330180116,0.18098090742447,0.37768384447526,0.4017479375187,0.48637021357525,0.39670988299388,1.5980848158334,0.27582140752269,0.67292917312784,1.2225244295161,1.4375382666162,1.6348694632728,1.3576088833373,performanz,1.6348694632728,0.19938948716288,1,0.0,3.3406239672102,3.3770632352295,4.1967909784104,0.86205393009817,0.53704137341891,0.60343775106872,vor_abwesenheit,0,0,-38
alle_lehrkraefte,305,1142,2025-12-01,1,1,5,36,24,0.51013936410321,0.089011188751996,0.17224055713687,0.34408271007725,0.42505612725592,0.49095089282822,0.33385374184227,1.7190328902958,0.35498430848941,0.58797207872178,1.2233951519487,1.4569277756505,1.6771688172467,1.1879618713562,kognition,1.7190328902958,0.20944804765117,1,0.0,3.3571240657985,3.4423028683733,4.3850337175204,0.95628818913619,0.51117212972673,0.66940173239533,vor_abwesenheit,0,1,-38
alle_lehrkraefte,317,1169,2025-12-01,1,1,5,47,26,0.49196668232405,0.11683013506343,0.15770828626702,0.3885954907792,0.39153991671982,0.45932649154612,0.4218990906482,1.6665145535319,0.45509969373909,0.54416115110848,1.3361613368424,1.3544354565098,1.5656521853186,1.4327088976923,kognition,1.6665145535319,0.19946951012428,1,0.0,3.3770167191759,3.4192584695842,4.3981983724756,0.86897716507552,0.53505201598308,0.60828401555287,vor_abwesenheit,0,1,-38
alle_lehrkraefte,494,1510,2025-12-01,12,1,6,55,27,0.49412955197886,0.1003256088239,0.18930982824716,0.36322436482998,0.41292268462626,0.45276740860888,0.35780816921219,2.0547071534458,0.38053937791139,0.74078874078626,1.4994510392978,1.7174706339,1.8699535167709,1.5011293835781,kognition,2.0547071534458,0.21043617047023,1,0.0,3.9829102477615,4.1204834682957,4.9125764837446,1.1384991279105,0.46761767959058,0.79694938953737,vor_abwesenheit,0,0,-38
alle_lehrkraefte,268,1052,2025-12-01,1,2,5,33,18,0.53050779481792,0.060342386197526,0.17689182399302,0.33520946366168,0.40874450661199,0.50132763466248,0.33865508284493,1.8023508617828,0.22072011129597,0.59119921126329,1.1566898832368,1.394987575423,1.686773071007,1.1947634027137,kognition,1.8023508617828,0.22396451308771,1,0.0,3.3471312055256,3.4148036357266,4.1428655878915,0.74610696657138,0.57270260020987,0.52227487659996,vor_abwesenheit,0,1,-38
alle_lehrkraefte,279,1074,2025-12-01,1,2,5,29,23,0.48377285340779,0.097963760863046,0.19945013644862,0.38710796333698,0.37883870674362,0.47155435457921,0.33861438084353,1.5234071753596,0.30114154020548,0.61469111073673,1.243783339552,1.201975929786,1.5085060617536,1.1047896811331,kognition,1.5234071753596,0.20316714775369,1,0.0,3.0458487684405,3.1766500282127,3.7622172169312,0.94829766774639,0.5132685916299,0.66380836742247,vor_abwesenheit,0,1,-38
alle_lehrkraefte,383,1304,2025-12-01,1,2,5,47,24,0.44673930965548,0.081216731844913,0.13362087686643,0.3889986710085,0.35129602394713,0.52621424390256,0.38403186032709,1.6928909557659,0.32752796636311,0.5045665939789,1.4729658018287,1.3516707911582,1.9057388514485,1.4422197363721,performanz,1.9057388514485,0.21911137336436,1,0.0,3.5966960287953,3.7189084911225,4.7668121124854,1.2860646944,0.43743293986807,0.90024528608003,vor_abwesenheit,0,1,-38
alle_lehrkraefte,482,1489,2025-12-02,1,0,5,36,21,0.48395031637983,0.038675455349297,0.13182645280823,0.36455661216189,0.43317679695941,0.48214643153035,0.38926376991882,1.8347756993223,0.0954,0.44481393415817,1.4187439241528,1.6613930720583,1.8883617921641,1.5385356695778,performanz,1.8883617921641,0.21260489419134,1,0.0,3.7788127751606,3.843031075554,4.5184642616466,0.90479127596577,0.52499190468676,0.63335389317604,vor_abwesenheit,0,1,-37
alle_lehrkraefte,493,1509,2025-12-02,28,0,4,29,19,0.48915453382934,0.056148207954998,0.13423320145753,0.3778386033605,0.4449573881114,0.45385919291087,0.41891992006432,2.0708734719386,0.21189499072544,0.54478649217243,1.5570603843917,1.8676773805937,1.8787628951492,1.7520443386694,kognition,2.0708734719386,0.20953683375182,1,0.0,4.1403229300869,4.1722294636147,4.8127294984424,0.75255032333317,0.57059702462529,0.52678522633322,vor_abwesenheit,0,0,-37
alle_lehrkraefte,337,1228,2025-12-02,1,1,5,31,20,0.36389246485837,-0.03074704391141,-0.0063141391674961,0.2123132179894,0.31900185964618,0.25128398217281,0.22941013502414,1.2486499294615,-0.074175666082113,0.016632511322358,0.8665287294555,1.1525695233073,1.0241960521812,0.95816897143392,kognition,1.2486499294615,0.19466294644608,1,0.24,2.3688096572681,3.2819536911186,4.5170133117316,1.981612257967,0.33538901556631,1.4591285805769,vor_abwesenheit,0,1,-37
alle_lehrkraefte,373,1290,2025-12-02,1,2,5,38,20,0.46845670462188,0.12863975332115,0.21329534275595,0.39553422677654,0.35461388913854,0.46835410056063,0.35646224481803,1.6710845044032,0.3975,0.71488386467635,1.2262370136745,1.3328779133587,1.5581117815776,1.204470935091,kognition,1.6710845044032,0.20617523463035,1,0.0,3.2588758665874,3.3634416578971,4.04857516276,1.2545016464652,0.44355700585444,0.87815115252562,vor_abwesenheit,0,1,-37
alle_lehrkraefte,393,1329,2025-12-02,1,2,5,38,20,0.33835331879627,0.11724088323505,0.15734642785577,0.36805356070303,0.27420358241286,0.4554268964971,0.33661000594852,1.1749480393287,0.46465819514936,0.66179317742599,1.1434880135279,0.96609344633314,1.3693009775583,0.94665953913853,performanz,1.3693009775583,0.20287934177779,1,0.055555555555556,2.6545114762312,2.8921834840582,4.1958668984378,1.532122110133,0.39492566175945,1.0891521437598,vor_abwesenheit,0,1,-37
alle_lehrkraefte,434,1408,2025-12-02,1,2,5,38,25,0.43017627578128,0.13163471068693,0.19363324056316,0.41227614718127,0.33374431917729,0.48545185700402,0.38160257636471,1.5055046156833,0.38885528829572,0.62404899128103,1.3225332027878,1.2119350380691,1.6175681602358,1.3102017792916,performanz,1.6175681602358,0.20268634170936,1,0.0,3.2184197661339,3.3514349277153,4.7275916595967,1.2579785802927,0.44287399744525,0.88058500620491,vor_abwesenheit,0,1,-37
alle_lehrkraefte,454,1452,2025-12-02,1,4,5,41,28,0.46971055645111,0.1374385673779,0.2194786447112,0.38945501774122,0.42172384068849,0.43190836922881,0.40461391924247,1.8874568710488,0.6095823650455,0.92758209215975,1.5925270688447,1.68597491814,1.7422393183514,1.6344705348834,kognition,1.8874568710488,0.18725080460182,1,0.0,3.9849765744545,4.048713501788,4.770377344071,0.96636928932824,0.50855147373748,0.67645850252977,vor_abwesenheit,1,1,-37
alle_lehrkraefte,600,1735,2025-12-03,19,0,5,45,23,0.46681349797066,0.085517389260503,0.16269940401935,0.37329742203472,0.38222298539499,0.51704216298196,0.37660540626006,1.4280453738322,0.2662993869812,0.48366804027361,1.172806752411,1.1853431131262,1.5926993595499,1.1905973414942,performanz,1.5926993595499,0.21759795082479,1,0.0,3.0131198084763,3.095454755706,3.4484593132687,0.78016337333347,0.56174619418635,0.54611436133343,vor_abwesenheit,0,0,-36
alle_lehrkraefte,290,1097,2025-12-03,1,3,4,34,17,0.4889313632799,0.13908571132218,0.15660014591624,0.3598632831945,0.4030991582538,0.47830867547514,0.3696086587054,1.7828381179402,0.44333674657175,0.61222978930703,1.223615076181,1.4472539100973,1.6756081731288,1.2728156046539,kognition,1.7828381179402,0.21079473878684,1,0.0,3.4306536678616,3.52208549149,4.2594688496216,1.0154473632259,0.49616775820899,0.7108131542581,vor_abwesenheit,0,1,-36
alle_lehrkraefte,304,1141,2025-12-03,1,3,4,42,19,0.4380701103126,0.10500280318976,0.13398102276813,0.38654276659945,0.35833408228699,0.50462807477846,0.36959668081856,1.7311356643891,0.32904271786045,0.40101953919691,1.2773437163323,1.4642111132802,1.6940512736212,1.3436442326262,kognition,1.7311356643891,0.21007785139045,1,0.0,3.4229559104594,3.5538625335449,4.6876347106964,1.5320423652901,0.39493809965752,1.072429655703,vor_abwesenheit,0,1,-36
alle_lehrkraefte,351,1259,2025-12-03,1,3,5,44,22,0.54622667953329,0.086844050041099,0.188140673828,0.30918718979884,0.42079301970802,0.43669351895554,0.31095258800202,1.7500827260392,0.4580511768913,0.78826719886988,1.1019910129641,1.3998267970888,1.4302423969999,1.1348760478305,kognition,1.7500827260392,0.21450437566485,1,0.0,3.2251204346603,3.3513500874767,4.770377344071,1.3883914246891,0.41869183989813,0.97187399728237,vor_abwesenheit,0,1,-36
alle_lehrkraefte,416,1376,2025-12-03,1,3,5,49,23,0.51292891073459,-0.0003376405259649,0.14024893340918,0.21954887072984,0.41791657107597,0.37008730643517,0.23753522529381,1.7613032081106,0.0086165435402896,0.50892678210937,0.78007398844183,1.4393867863021,1.3086538217501,0.86246433991575,kognition,1.7613032081106,0.2429043942954,1,0.088888888888889,2.9151396220599,3.2692229126205,3.9272529646647,1.2320231513604,0.44802402671788,0.88908287261893,vor_abwesenheit,0,1,-36
alle_lehrkraefte,654,1877,2025-12-03,1,4,5,39,21,0.54350597776959,0.082629747012779,0.18571429167397,0.30393582904324,0.4548804681271,0.39955145837784,0.32399215044428,1.6549499760514,0.34154953156821,0.66368194363766,1.0290089821897,1.3920440638966,1.3368885229488,1.0645495038686,kognition,1.6549499760514,0.22117097476974,1,0.0,3.0353207340071,3.1534885723127,4.4608733210844,1.3363813481046,0.4280123194834,0.93546694367321,vor_abwesenheit,1,1,-36
alle_lehrkraefte,704,2088,2025-12-03,1,4,5,48,29,0.47303361383548,0.15315772302587,0.23862855667594,0.38519587185699,0.34783950857033,0.47533648664632,0.34180023328154,1.6806781061944,0.39477057008644,0.71235410078926,1.2895243932751,1.2610595115415,1.6925604749249,1.288578324874,performanz,1.6925604749249,0.20344435252357,1,0.0,3.356532493165,3.4534562635736,4.4664829717323,1.1901291021021,0.45659408801069,0.8330903714715,vor_abwesenheit,1,1,-36
alle_lehrkraefte,481,1488,2025-12-04,1,0,5,51,28,0.43666046399679,0.13373980135481,0.096058191299799,0.41695399264302,0.4187065338655,0.4840582726346,0.4258020830763,1.8105201977292,0.56514267380551,0.38365321481689,1.7062327153013,1.7212494486776,1.9828872579542,1.7358351374322,performanz,1.9828872579542,0.20018001363831,1,0.0,4.0698224362765,4.1033971847305,4.6876347106964,0.71130855124375,0.58434815818177,0.49791598587063,vor_abwesenheit,0,1,-35
alle_lehrkraefte,289,1096,2025-12-04,1,5,5,42,27,0.48080977303614,0.052295553021158,0.11813734893401,0.36422270168123,0.38108895235162,0.50116272348607,0.44086106672103,1.8616354234383,0.20215219830371,0.43331849390129,1.4448726793964,1.4903698759326,1.9122981403486,1.7113297086284,performanz,1.9122981403486,0.21116421140625,1,0.0,3.8195169660841,3.8706270607155,4.7872046326009,0.96647248832625,0.50852478533841,0.67653074182837,vor_abwesenheit,0,1,-35
alle_lehrkraefte,433,1407,2025-12-04,1,5,4,41,23,0.40562425620163,0.22829255153739,0.24104632901787,0.43111197864877,0.35375313601015,0.48215022743613,0.38156521222386,1.6131929328552,0.8148039081994,0.82473664524134,1.5883162400867,1.3876515430788,1.8018102286579,1.4406189570457,performanz,1.8018102286579,0.19024236200604,1,0.0,3.7036084761301,3.7564446862242,4.4094769977487,0.92249378790782,0.52015772757751,0.64574565153547,vor_abwesenheit,0,1,-35
alle_lehrkraefte,267,1051,2025-12-04,1,6,4,37,17,0.53400131131015,0.09177001593655,0.24905509898498,0.31086070658469,0.37563978584106,0.54256975917669,0.25454093984979,1.6081819818973,0.27228886365601,0.7554785419416,0.93350237268136,1.1295519164651,1.6362301512329,0.75014732499557,performanz,1.6362301512329,0.23093043492377,1,0.0,2.9357150182362,3.0072930417721,3.343350635076,0.6740394472736,0.59735748857569,0.47182761309152,vor_abwesenheit,0,1,-35
alle_lehrkraefte,599,1734,2025-12-04,1,6,5,42,27,0.42854216298566,0.14963766713578,0.21234594496973,0.41066264900374,0.38090393331541,0.41620390413465,0.42700997552146,1.5955807540799,0.60137078437564,0.8622456592486,1.5043024844289,1.379203573554,1.533877085887,1.4874737911821,kognition,1.5955807540799,0.17775203959567,1,0.0,3.5187324416627,3.647531480583,4.2195669844004,1.1921283463013,0.45617766938112,0.83448984241089,vor_abwesenheit,0,1,-35
alle_lehrkraefte,653,1876,2025-12-04,1,6,4,33,19,0.50862748835586,0.1626281769005,0.26380739996241,0.38965860101899,0.36411331136523,0.45382938638482,0.33382426000243,1.7329540358378,0.57538506221406,0.91017296282576,1.3367205782509,1.2618204065355,1.5365321919023,1.1783982076268,kognition,1.7329540358378,0.20311268147316,1,0.0,3.3602349080925,3.4250279404595,4.1478207849846,0.86349968864114,0.53662472073134,0.6044497820488,vor_abwesenheit,0,1,-35
alle_lehrkraefte,686,2005,2025-12-04,1,6,4,39,19,0.52563758337855,0.21763893971461,0.23288730958549,0.34668265416345,0.38584240286461,0.41518770850545,0.2729406398122,1.7604817827424,0.63114533918833,0.63472465048999,1.0599953839203,1.3358687601123,1.3571326207092,0.9784824923304,kognition,1.7604817827424,0.22692963742696,1,0.0,3.0996594046206,3.2263723856322,4.2474282510106,1.3151709610833,0.43193354478326,0.92061967275834,vor_abwesenheit,0,1,-35
alle_lehrkraefte,372,1289,2025-12-04,1,11,5,40,20,0.54302107384696,0.11476385556206,0.15224388078478,0.335369044616,0.43458432888974,0.46270478323987,0.30916700386503,1.9428109790432,0.42474311151387,0.50745239628558,1.21170011825,1.5560695394604,1.6345748897701,1.1366285868607,kognition,1.9428109790432,0.23090274359018,1,0.0,3.4735800478044,3.5776079600455,3.9646280613375,0.92821796986568,0.51861356736016,0.64975257890597,vor_abwesenheit,0,1,-35
alle_lehrkraefte,257,1034,2025-12-05,1,0,5,39,24,0.4864860624269,0.025125137244189,0.13655920875362,0.34305899979318,0.39673513462343,0.52717321082427,0.36586231523923,1.4545370532553,0.082288884812483,0.3763098973987,1.0573512393997,1.219644687648,1.5129660494296,1.1726279800607,performanz,1.5129660494296,0.21133836178247,1,0.0,2.921250775379,3.0106642755568,3.8268397507859,0.96460351717209,0.50900855631137,0.67522246202046,vor_abwesenheit,0,1,-34
alle_lehrkraefte,519,1547,2025-12-08,12,0,5,46,26,0.42140449415736,0.13742093243779,0.074368410433604,0.39815841299724,0.36329549416821,0.48746153472487,0.47197298185355,1.4767420295228,0.41233347885747,0.29023711117887,1.3042480231672,1.2346247085487,1.5708200323789,1.5053709661172,performanz,1.5708200323789,0.20153248469007,1,0.0,3.2239729987854,3.2843107440426,4.5853147875198,1.3197027451184,0.43108971703569,0.92379192158288,vor_abwesenheit,0,0,-31
alle_lehrkraefte,629,1782,2025-12-08,21,0,5,44,20,0.55344710028571,0.088540116118842,0.20285678737245,0.28133978931683,0.42108627413772,0.46019153824975,0.31723383099929,1.7290700770075,0.36109250318295,0.68660706847137,1.0136750570254,1.3633381243448,1.4779043926701,1.163206223538,kognition,1.7290700770075,0.22182087400329,1,0.0,3.1646450777948,3.2838061870948,4.1478207849846,1.252802629359,0.44389152736586,0.8769618405513,vor_abwesenheit,0,0,-31
alle_lehrkraefte,303,1140,2025-12-08,1,1,5,48,27,0.41219702706195,0.10883648666368,0.10497793785954,0.42026041589187,0.41425930057252,0.46870524439523,0.47026331231242,1.9035141615375,0.48361134941244,0.45922965460818,1.9304427367918,1.9159822145729,2.1489698182412,2.1533047331606,regulation,2.1533047331606,0.19584302198733,1,0.0,4.5519806168613,4.5924410530365,4.9211234034393,0.67083524233352,0.59850305683245,0.46958466963347,vor_abwesenheit,0,1,-31
alle_lehrkraefte,316,1168,2025-12-08,1,1,5,49,25,0.43423451823153,-0.029207860161612,0.18887379323991,0.40172149659347,0.38383873307504,0.44887586573004,0.3843134897839,1.4048190426892,-0.041428571428571,0.56249910756565,1.295634475766,1.2600343502008,1.4636212040641,1.2936530998421,performanz,1.4636212040641,0.18642296986376,1,0.0,3.0616529433366,3.2392226301009,4.2367227168256,1.2116119431521,0.45215888940026,0.84812836020647,vor_abwesenheit,0,1,-31
alle_lehrkraefte,266,1050,2025-12-08,1,2,5,45,23,0.48986998741971,0.17801871224039,0.1794053283221,0.36722753067496,0.38878751857653,0.41893877785318,0.41300665471591,1.5187712916135,0.57791040081996,0.58316198890253,1.1849965302959,1.2452946305155,1.3635955248495,1.3223052445657,kognition,1.5187712916135,0.19481328296666,1,0.0,3.0892691662763,3.1810143514962,4.1508586304112,1.1185119401176,0.4720294377687,0.78295835808233,vor_abwesenheit,0,1,-31
alle_lehrkraefte,278,1073,2025-12-08,1,2,5,48,25,0.55314639812499,0.16865797627911,0.22656139684913,0.35523265175731,0.41325475697566,0.45187643508176,0.27855958779928,2.0800911619455,0.61764969897042,0.82371357902388,1.3384390120658,1.5745979698059,1.7189097179547,1.0879906658039,kognition,2.0800911619455,0.22508418706928,1,0.0,3.714286811193,3.780444943095,4.2117482404431,0.78526062370991,0.56014230455715,0.54968243659693,vor_abwesenheit,0,1,-31
alle_lehrkraefte,382,1303,2025-12-08,1,2,5,61,27,0.48698621227685,0.066728537034016,0.17525095379517,0.34771528747704,0.41786911561002,0.49333768100684,0.38369950492061,1.9420160305304,0.27582645690017,0.70083513954139,1.3987777546885,1.6724822554123,1.9638465538441,1.5414581575466,performanz,1.9638465538441,0.20682426859404,1,0.0,3.9147463557901,4.0006818302303,4.5381470004485,0.81835417751852,0.5499478662428,0.57284792426296,vor_abwesenheit,0,1,-31
alle_lehrkraefte,445,1422,2025-12-08,1,2,5,51,26,0.47115738093659,0.06462915681338,0.13143002898593,0.35504308775149,0.40193224080897,0.48527734387327,0.44476261272884,1.6092033119696,0.21379620149058,0.43090655448358,1.2180024371772,1.3712141492532,1.643391294933,1.5199257869951,performanz,1.643391294933,0.20480753539594,1,0.0,3.3459814853102,3.4061556250304,3.5786828039544,0.67318995588792,0.59766077155856,0.47123296912154,vor_abwesenheit,0,1,-31
alle_lehrkraefte,480,1486,2025-12-09,1,0,5,57,24,0.56175642537393,0.035162021391636,0.16045426934519,0.29341392440557,0.42633802586287,0.50194636725288,0.31938474716002,1.9529475140976,0.12111507891522,0.5247762105363,1.003705110545,1.4807478823968,1.6832510271204,1.1113116092852,kognition,1.9529475140976,0.24790347812755,1,0.0,3.3723061367106,3.4319225244564,3.9150206387277,0.82048909930878,0.54930293204155,0.57434236951615,vor_abwesenheit,0,1,-30
alle_lehrkraefte,492,1507,2025-12-09,28,0,4,36,21,0.5087326592129,0.079753972814399,0.13498780548454,0.32839279035287,0.40679655242519,0.43705268374871,0.47514466790015,1.8727741306991,0.28832046977266,0.50019798536465,1.2277413865051,1.5075913054724,1.6330476453119,1.7511088750338,kognition,1.8727741306991,0.21328102368876,1,0.0,3.6543148500126,3.7035898317303,4.1979491418417,0.66905430024891,0.59914168152041,0.46833801017424,vor_abwesenheit,0,0,-30
alle_lehrkraefte,336,1227,2025-12-09,1,1,4,34,19,0.44531957431271,0.11079318849367,0.14028244872773,0.34401879409249,0.39109607730915,0.5356390979337,0.37502824929408,1.4106448859947,0.39525545899227,0.39616018825391,1.0431928555908,1.2437020398524,1.4931222851575,1.1661113408837,performanz,1.4931222851575,0.20888119686349,1,0.0,2.9201651807156,2.9992884194233,3.8716179078558,1.0088665344479,0.49779314994406,0.7062065741135,vor_abwesenheit,0,1,-30
alle_lehrkraefte,371,1288,2025-12-09,1,2,5,40,22,0.45982928718466,0.052988905670953,0.14419140142843,0.35857939647968,0.3733946661576,0.50910575646157,0.43237474374946,1.6754161558469,0.19046994537764,0.48983038602909,1.3289533964641,1.3817404984887,1.7598693432212,1.6235680612428,performanz,1.7598693432212,0.20827231302289,1,0.0,3.5343555554411,3.6085445735021,4.7023538701082,1.0944450278621,0.47745344790489,0.76611151950346,vor_abwesenheit,0,1,-30
alle_lehrkraefte,432,1406,2025-12-09,1,2,5,48,20,0.52203532002517,0.092266784197895,0.22425140957715,0.36093769678237,0.40523090638826,0.466915501712,0.31019779878328,1.9187496879854,0.31752338564412,0.81617964895815,1.3249304302704,1.4848954528606,1.7218349967055,1.1669666034162,kognition,1.9187496879854,0.21925861069184,1,0.0,3.5686765957845,3.6753429301267,4.2145445230141,1.0183330481055,0.49545836894393,0.71283313367388,vor_abwesenheit,0,1,-30
alle_lehrkraefte,256,1033,2025-12-09,1,3,4,42,20,0.61026164949323,0.070430207225607,0.18228806311946,0.25227414638268,0.42639150928201,0.35874802279241,0.29732166941223,1.4619071988328,0.24266730936756,0.50531149844557,0.77280206442654,1.052556541062,1.0454221268738,0.89512443057638,kognition,1.4619071988328,0.24463826752742,1,0.0,2.4598075664536,2.6043799605793,3.4454904312317,1.0895088009649,0.47858137737358,0.76265616067544,vor_abwesenheit,0,1,-30
alle_lehrkraefte,453,1450,2025-12-09,1,4,5,35,21,0.51514159245029,0.0943014363662,0.158328009362,0.35582985033171,0.40784845036735,0.48418855068625,0.362728516929,1.6730412976048,0.35014285714286,0.54874711736625,1.1750094301272,1.3414624338833,1.5142100623047,1.2302639035327,kognition,1.6730412976048,0.21359218022019,1,0.0,3.1952058791641,3.2507613603786,4.134383264,0.99723881980154,0.50069124938167,0.69806717386108,vor_abwesenheit,1,1,-30
alle_lehrkraefte,328,1185,2025-12-10,1,0,5,43,21,0.43855257662015,0.21995782630121,0.22161584261133,0.40859168343878,0.35423545828422,0.44951450892942,0.27728730419197,1.2648407375032,0.58120889180745,0.55463960854905,1.1657151916176,1.0650595224302,1.3174428137577,0.90331465541997,performanz,1.3174428137577,0.19074286935544,1,0.0,2.7000236278671,2.8753213923915,4.3730545704504,1.3045077985802,0.43393213970294,0.91315545900613,vor_abwesenheit,0,1,-29
alle_lehrkraefte,598,1733,2025-12-10,19,0,4,33,17,0.59727820605083,0.0,0.16516069887371,0.21554858674581,0.39740346680627,0.44211017548834,0.19871721567072,1.224768002786,0.0,0.31501320100741,0.54316880637831,0.82528785547235,1.0192303929512,0.54387393371993,kognition,1.224768002786,0.27391506847563,1,0.0,1.9773850974875,2.1539253724006,3.4884766997422,1.1373066648648,0.46787857654636,0.79611466540536,vor_abwesenheit,0,0,-29
alle_lehrkraefte,288,1094,2025-12-10,1,3,5,56,27,0.43548401878987,0.10567724187647,0.21191637700595,0.39734475785257,0.36263126301056,0.50274287194328,0.43620118181072,1.7247407108585,0.41737831366386,0.84109546816114,1.5716140474187,1.4333497017405,1.9821110251674,1.7156160383941,performanz,1.9821110251674,0.20463869536918,1,0.0,3.9055014213004,3.9487187105554,4.3813670000398,0.63671762163274,0.61097894150026,0.44570233514292,vor_abwesenheit,0,1,-29
alle_lehrkraefte,302,1139,2025-12-10,1,3,4,46,19,0.60270074222935,0.04999994336765,0.15838921284348,0.27245655765577,0.44998621324693,0.39592262328592,0.32838009579263,2.1696298906729,0.20739130434783,0.58125082218885,1.1155308367771,1.6515962545257,1.5955465737918,1.3399716515286,kognition,2.1696298906729,0.25050809366318,1,0.0,3.6608236321514,3.7587651096882,4.6172952494101,1.1426748309073,0.46670637353618,0.79987238163513,vor_abwesenheit,0,1,-29
alle_lehrkraefte,350,1257,2025-12-10,1,3,5,43,23,0.53539293385006,0.057455820236911,0.13549063087679,0.31578147905903,0.43875491089883,0.43758720622812,0.39430049078348,1.9183799790181,0.2313955693512,0.53804411526652,1.073303593255,1.5248114792714,1.527293603143,1.3090285264568,kognition,1.9183799790181,0.23618804609649,1,0.0,3.3980037091323,3.4862605892034,4.0273551720063,1.0422189449724,0.48966346260858,0.72955326148065,vor_abwesenheit,0,1,-29
alle_lehrkraefte,415,1374,2025-12-10,1,3,4,36,20,0.62729293853525,0.099827817951741,0.16671767649358,0.19296082160001,0.44506083291359,0.35346756358981,0.18658309939281,1.7643381936951,0.38570740538602,0.48744960384531,0.7315644887703,1.3003915205399,1.2104514808751,0.70741484435903,kognition,1.7643381936951,0.25271750900529,1,0.0,2.7732832235608,3.0160456525796,4.0280536647229,1.4768667968066,0.4037358816749,1.0338067577646,vor_abwesenheit,0,1,-29
alle_lehrkraefte,461,1461,2025-12-10,1,4,5,36,23,0.51961847491496,0.10442188039377,0.12105204107175,0.33789092304938,0.46518384566209,0.42117143899061,0.36649232067242,1.6892328661204,0.35135237793714,0.3608810067758,1.1369495483302,1.4852329715119,1.4181712975085,1.1972841932107,kognition,1.6892328661204,0.22112970425829,1,0.0,3.1702463301798,3.2563302849895,4.4262994160691,1.1497982011239,0.46515993895482,0.80485874078676,vor_abwesenheit,1,1,-29
alle_lehrkraefte,518,1546,2025-12-10,1,4,5,40,21,0.5350726977758,0.10744334381782,0.22161756418432,0.34138625454934,0.39855241612308,0.46833258586685,0.33500001087147,1.9249122020431,0.38329358904452,0.75369409403373,1.243808983355,1.4504711080563,1.6383517457381,1.2668153732714,kognition,1.9249122020431,0.22224166527558,1,0.0,3.5157076959637,3.5963416291604,4.6172952494101,1.0327026630132,0.49195586653959,0.72289186410925,vor_abwesenheit,1,1,-29
alle_lehrkraefte,652,1875,2025-12-10,1,4,4,41,20,0.43869767431604,0.03189549809185,0.11392165708804,0.20901442832539,0.34009634014865,0.30145074956306,0.22896926306857,1.8425600094394,0.17458536585366,0.53150845948646,0.95699497415788,1.4541166533139,1.3831366613445,1.080957784009,kognition,1.8425600094394,0.21836727791861,1,0.17142857142857,3.1336624032647,3.849169981177,4.290361661197,1.7747920678105,0.36038736437253,1.2937830188959,vor_abwesenheit,1,1,-29
alle_lehrkraefte,703,2087,2025-12-10,1,4,5,41,23,0.48876966184225,0.022807027017569,0.14971298355524,0.32875459998256,0.37082709404336,0.56982603035027,0.33878249215146,1.6305308319898,0.077463414634146,0.42643065586912,1.0790991569799,1.2510823409251,1.726757150511,1.1705831512945,performanz,1.726757150511,0.23455170491715,1,0.0,3.1508874407452,3.2190845983307,4.8184848736233,1.064540914308,0.48436918496973,0.74517864001557,vor_abwesenheit,1,1,-29
alle_lehrkraefte,404,1352,2025-12-10,19,4,5,52,24,0.49868058637906,0.11010900465106,0.16078151210875,0.35777182693248,0.39438025975913,0.44254089501785,0.36733783406253,1.9678533287673,0.34563438853725,0.57467328465503,1.2649203808948,1.5861997993204,1.6651713889899,1.3726070220682,kognition,1.9678533287673,0.22420416631152,1,0.0,3.6187094941823,3.7671477054905,4.3834204353023,1.2139897782373,0.45167326869781,0.84979284476614,vor_abwesenheit,1,0,-29
alle_lehrkraefte,392,1328,2025-12-10,1,6,5,42,24,0.42844761589654,0.17482757011091,0.2149954529291,0.4107606661704,0.35622467309849,0.42548054800421,0.34752235821985,1.2411470997053,0.36127041239714,0.53504372247507,1.1196110402891,1.094289076566,1.241047943822,1.0623353005353,kognition,1.2411470997053,0.18650559489398,1,0.0,2.6602608844242,2.7959395200883,4.8373835872764,1.5585873081333,0.39084067869061,1.0910111156933,vor_abwesenheit,0,1,-29
alle_lehrkraefte,479,1485,2025-12-11,18,0,5,39,23,0.5163287197065,0.050661666375475,0.18921866264404,0.32621354790985,0.39216220447943,0.5402523432728,0.31840741073599,1.7421969599667,0.15447904269364,0.58504708192558,1.133953544791,1.3386858345129,1.8060211670708,1.1274052883203,performanz,1.8060211670708,0.22896418572461,1,0.0,3.3184453672358,3.391204647244,4.841502701482,0.90729452899288,0.52430287236657,0.63510617029501,vor_abwesenheit,0,0,-28
alle_lehrkraefte,287,1093,2025-12-11,1,5,5,44,22,0.48764126027799,0.18889199379705,0.24542342576278,0.34330351812698,0.38532990576621,0.41133158710269,0.40618772234676,1.7545956582158,0.72317051504666,0.90913185105405,1.2903153619947,1.3999154316128,1.5152607750377,1.5297167213044,kognition,1.7545956582158,0.19234545156219,1,0.0,3.5621380732836,3.6844125415103,4.2514112502238,1.0543450054148,0.48677315512449,0.73804150379036,vor_abwesenheit,0,1,-28
alle_lehrkraefte,327,1184,2025-12-11,1,5,4,51,24,0.51118527894598,0.099257904554704,0.20775595021132,0.34118345953243,0.39895627774545,0.47486052516406,0.38215631208787,2.0172346296767,0.3816822107168,0.80699217371083,1.3304205665092,1.5714949740601,1.8576694243823,1.4935956239562,kognition,2.0172346296767,0.2132588562259,1,0.0,3.8454560386315,3.9211717983503,4.1478207849846,0.78812189198679,0.55924599127238,0.55168532439075,vor_abwesenheit,0,1,-28
alle_lehrkraefte,431,1405,2025-12-11,1,5,4,41,22,0.48331772412989,0.09551946718009,0.060745987327572,0.39084387780261,0.41580429247748,0.48730411869198,0.41349467137761,2.0266606967097,0.44740964858124,0.23657455405986,1.7034171722842,1.7886488027429,2.0334513768681,1.7942264946058,performanz,2.0334513768681,0.20272906946992,1,0.0,4.2212041304915,4.257551825535,4.8184848736233,0.90893407375847,0.52385255926158,0.63625385163093,vor_abwesenheit,0,1,-28
alle_lehrkraefte,651,1874,2025-12-11,1,6,5,43,27,0.43601684319221,0.11030572807168,0.081151646791539,0.40190725921385,0.38559259319041,0.47135914521457,0.47990641373481,1.7984479094372,0.42800474328116,0.30736349654751,1.6223939152611,1.5776294367605,1.8760936957888,1.8908014513016,regulation,1.8908014513016,0.19901634150201,1,0.0,3.9658554691103,4.0191703421783,4.8184848736233,0.91587047113259,0.52195595426075,0.64110932979281,vor_abwesenheit,0,1,-28
alle_lehrkraefte,685,2004,2025-12-11,1,6,5,37,23,0.48454341343527,0.067321134577145,0.17875054413202,0.35809146095158,0.42941032148855,0.47669449935788,0.37002924412801,1.732894689516,0.23616363671031,0.5873641579588,1.339475326838,1.5852297399741,1.7184200865726,1.431227562072,kognition,1.732894689516,0.20078088577582,1,0.0,3.565420217925,3.6570002450681,4.9211234034393,1.0361562693595,0.49112144045532,0.72530938855168,vor_abwesenheit,0,1,-28
alle_lehrkraefte,370,1287,2025-12-11,18,11,5,48,22,0.53509845757958,0.11288296347124,0.16703960167127,0.35972277136368,0.40013740036068,0.48651023414151,0.30225912423714,1.9742254452598,0.42821888270518,0.56372372191034,1.3761358593199,1.5054114090844,1.8191449729578,1.2167525876315,kognition,1.9742254452598,0.22223226880539,1,0.0,3.6535613667919,3.7508520829498,4.6172952494101,1.1107235355843,0.47377118942447,0.77750647490901,vor_abwesenheit,0,0,-28
alle_lehrkraefte,326,1183,2025-12-12,23,0,4,37,19,0.52075081157996,0.13505684385532,0.22323284204597,0.31644714234668,0.43011420316186,0.44060083587782,0.39154123427034,1.9434852169418,0.51977206309052,0.83636374805028,1.2142300781196,1.6208070493434,1.6424142294098,1.4692704065087,kognition,1.9434852169418,0.21018961342597,1,0.0,3.7019524993326,3.7551176675219,4.3234541329808,0.79930154444753,0.55577121193827,0.55951108111327,abwesenheit_vertretung,0,0,-27
alle_lehrkraefte,349,1256,2025-12-12,23,7,5,52,25,0.45349587467422,0.18576097591601,0.17501255074596,0.42222304405158,0.34446872481115,0.51180710434263,0.3570585744426,1.5289432929603,0.66748974219032,0.58794368291566,1.4242095499733,1.1718851256833,1.6955883728472,1.1907653802399,performanz,1.6955883728472,0.20510756460132,1,0.0,3.2899114933754,3.3577326973033,4.0280536647229,0.81661074787534,0.55047565977994,0.57162752351274,abwesenheit_vertretung,0,0,-27
alle_lehrkraefte,414,1373,2025-12-12,23,7,5,42,26,0.45960739417597,0.14861615704973,0.11237462757953,0.39983408917132,0.40925637746528,0.47530668387313,0.41711393753175,1.8961044504161,0.60520579505495,0.44621851617996,1.6144291688681,1.6555459285287,1.9010312497533,1.6947993480259,performanz,1.9010312497533,0.19371919484827,1,0.0,3.9992593827864,4.0518435992773,4.841502701482,0.8342099084232,0.54519387089107,0.58394693589624,abwesenheit_vertretung,0,0,-27
alle_lehrkraefte,501,1524,2025-12-12,23,7,5,40,25,0.41167342576658,0.046294345190747,0.13722327807504,0.21058487036975,0.28601519746718,0.31554157607055,0.20194596813354,1.2484929911912,0.26145020279696,0.53490121578128,0.78862902251164,0.92768489216821,1.0625437676961,0.81203299417352,kognition,1.2484929911912,0.18733318415877,1,0.17647058823529,2.2768711216144,3.0478144042811,4.1478207849846,1.8565928425831,0.35006738975644,1.3525561662787,abwesenheit_vertretung,0,0,-27
alle_lehrkraefte,517,1545,2025-12-15,12,0,4,40,21,0.50223061521624,0.16285346850751,0.20107293861999,0.36284470231766,0.41052911392359,0.45324356741872,0.36184160380883,1.9189034800819,0.64043674875519,0.79569055298758,1.4190930932653,1.5702034739507,1.7524123968382,1.4150046586015,kognition,1.9189034800819,0.20174043776639,1,0.0,3.7786273698999,3.8571427680859,4.1967909784104,0.77683245245177,0.56279926597477,0.54378271671624,abwesenheit_vertretung,0,0,-24
alle_lehrkraefte,628,1780,2025-12-15,21,0,5,31,19,0.43249566247933,0.11124025507054,0.1176241165323,0.38833660701916,0.37863270198431,0.45468277528327,0.46374887430576,1.2889626655076,0.28194483999024,0.28046683012158,1.1619418371115,1.1234185918451,1.3378002713676,1.3605358366212,regulation,1.3605358366212,0.1990521915555,1,0.0,2.8412188903361,2.9341966631062,3.8000370444236,0.96541096814156,0.50879944002021,0.67578767769909,abwesenheit_vertretung,0,0,-24
alle_lehrkraefte,315,1167,2025-12-15,12,1,4,32,19,0.48137348247388,0.093004448785346,0.11873762922148,0.34860693920901,0.42578182222359,0.43348437060573,0.47634628182434,1.8861648659196,0.3871904797604,0.49049796876758,1.4039363880732,1.6751080292443,1.7190789525042,1.881648213164,kognition,1.8861648659196,0.19913619034098,1,0.0,3.901407356436,3.9548676263628,4.9388259433378,0.82571863366117,0.54772952500061,0.57800304356282,abwesenheit_vertretung,0,0,-24
alle_lehrkraefte,265,1049,2025-12-15,19,2,5,36,19,0.51540383161981,0.18800292060553,0.098894562766357,0.33331496258451,0.40401612819349,0.42237732071844,0.36258485084272,1.7202000339504,0.65033403900916,0.33478089776313,1.1133024036165,1.3606756828121,1.3906068974136,1.1903109139427,kognition,1.7202000339504,0.2216692385166,1,0.0,3.152080097219,3.3242214595678,4.0755904428795,1.1203088526461,0.47162940377862,0.78421619685226,abwesenheit_vertretung,0,0,-24
alle_lehrkraefte,444,1421,2025-12-15,19,2,5,49,25,0.51326295103823,0.13146079594546,0.16085214898549,0.34734597491755,0.39758897051417,0.44558350793175,0.32485513357023,1.8356171593739,0.33757589479398,0.42065570934349,1.0905670887187,1.43379932239,1.5259330357109,1.1737853830068,kognition,1.8356171593739,0.23479569600568,1,0.0,3.257569629809,3.3869109922237,4.2474282510106,1.2198957985829,0.45047159449482,0.85392705900803,abwesenheit_vertretung,0,0,-24
alle_lehrkraefte,277,1071,2025-12-16,18,0,5,41,23,0.38597038434802,0.1797448775818,0.178123949939,0.41659422711557,0.38191727106785,0.44882312569585,0.48899644249883,1.4916859407324,0.69895512746753,0.72352267602655,1.5732698391652,1.458082060285,1.6675134761939,1.8075512917559,regulation,1.8075512917559,0.19187260368004,1,0.0,3.726415761249,3.7766821738195,4.770377344071,0.94576907137538,0.51393560248809,0.66203834996277,abwesenheit_vertretung,0,0,-23
alle_lehrkraefte,348,1255,2025-12-16,19,0,3,32,14,0.50095126608168,0.12905634932404,0.17445433525515,0.34490163585706,0.39428457420927,0.48218686176041,0.35900491999619,1.9023271769106,0.5497861063721,0.66049402918563,1.3458584904223,1.5197489210744,1.8172174154719,1.4299311133138,kognition,1.9023271769106,0.20620620834018,1,0.0,3.7182414925107,3.8465766468106,4.2600369426858,1.0365064668003,0.49103698726338,0.72555452676019,abwesenheit_vertretung,0,0,-23
alle_lehrkraefte,491,1505,2025-12-16,28,0,5,45,22,0.40906385169106,0.08516111088478,0.15731264104891,0.42116642272815,0.36734716286741,0.48678369672104,0.4659846871304,1.3338097982641,0.27027615878204,0.50260287474033,1.3402163084087,1.2021217676191,1.5483372628188,1.4613650464727,performanz,1.5483372628188,0.20216634103744,1,0.0,3.1430749284168,3.1938475855517,4.2195669844004,0.78026461622407,0.5617142479195,0.54618523135685,abwesenheit_vertretung,0,0,-23
alle_lehrkraefte,369,1286,2025-12-16,18,2,5,44,23,0.41390404343779,0.068441946839359,0.21956634427103,0.40011803652915,0.32937170263222,0.58140158060159,0.37239646754017,1.4635793818758,0.27421662083288,0.80748108104062,1.4776384004608,1.1885070993868,2.0481627356209,1.3929142774172,performanz,2.0481627356209,0.23671341590324,1,0.0,3.5497084671926,3.6011637974746,4.3318536999298,0.92501755854416,0.51947578117484,0.64751229098091,abwesenheit_vertretung,0,0,-23
alle_lehrkraefte,430,1404,2025-12-16,18,2,5,42,23,0.50516568745817,0.12407708746733,0.21957731605068,0.35090465671017,0.40454692551124,0.44759217588803,0.26572419854662,1.3506425076082,0.33314243685049,0.5789916065872,0.96964236018676,1.1172280180319,1.207302918535,0.79676139452683,kognition,1.3506425076082,0.21257536833129,1,0.0,2.5595437396033,2.707496540397,4.4608733210844,1.1924239183528,0.45611616970103,0.83469674284697,abwesenheit_vertretung,0,0,-23
alle_lehrkraefte,255,1031,2025-12-16,18,3,5,37,19,0.41777002302579,0.067204235129565,0.13897727333956,0.40507528998416,0.33605802872167,0.52837695360519,0.37889339793323,1.0445708564245,0.12980603898872,0.36198397337531,0.90929146197314,0.82207751581824,1.2851507820834,0.84938708901622,performanz,1.2851507820834,0.23789098379513,1,0.0,2.2615710564425,2.3783883360296,3.023874182954,0.84783269190013,0.54117453619229,0.59348288433009,abwesenheit_vertretung,0,0,-23
alle_lehrkraefte,597,1732,2025-12-17,19,0,4,50,25,0.46088765682768,0.19080324179362,0.19865823947766,0.38455790983922,0.38937089044882,0.45585482686842,0.42181536878888,1.6735160200161,0.69553036380717,0.70192910260809,1.3966730290441,1.4084511017487,1.6211484965813,1.5187945251312,kognition,1.6735160200161,0.18561536219769,1,0.0,3.5561794295183,3.6021079969992,4.1478207849846,0.68141441738953,0.59473737685237,0.47699009217267,abwesenheit_vertretung,0,0,-22
alle_lehrkraefte,347,1254,2025-12-17,19,3,4,40,19,0.4980180129701,0.049818428005195,0.12715041121872,0.37811649099946,0.37397749081766,0.51072739415246,0.37911857962125,1.6156826596341,0.23317062210687,0.39501648948758,1.2970895808198,1.2543032734313,1.6835429796349,1.2898816601621,performanz,1.6835429796349,0.21670881091581,1,0.0,3.2518712715198,3.3255591254069,4.6803990663509,0.97586087061768,0.50610850939489,0.68310260943238,abwesenheit_vertretung,0,0,-22
alle_lehrkraefte,413,1372,2025-12-17,19,3,5,54,25,0.43549825406164,0.189394551732,0.20707318042358,0.28598398330304,0.35794585531889,0.30543213557858,0.40692560537418,1.4212940467221,0.5442304629336,0.55143760687437,1.0644940599235,1.1952030064354,1.1716202144754,1.2716646050664,kognition,1.4212940467221,0.20172194544348,1,0.0,2.8586412197508,3.0533735929956,4.1508586304112,1.6827248878553,0.37275532967507,1.1779074214987,abwesenheit_vertretung,0,0,-22
alle_lehrkraefte,403,1350,2025-12-17,23,4,5,50,26,0.50691435917992,0.096871567938032,0.14180328044467,0.37226907104149,0.42002420681193,0.45376727653241,0.39431673934095,1.9927335652401,0.39466387246142,0.56308413254796,1.4583464025079,1.6459296198631,1.7704396094997,1.5459060052695,kognition,1.9927335652401,0.21264663520819,1,0.0,3.8475902466157,3.9171252125613,4.5853147875198,0.89703046327446,0.5271396634685,0.62792132429212,abwesenheit_vertretung,1,0,-22
alle_lehrkraefte,516,1544,2025-12-17,23,4,5,41,22,0.51048656916227,0.018331385231226,0.1156993019725,0.33096608809804,0.40258030932013,0.51446629039722,0.40715148748057,1.613717631837,0.067335099919766,0.38119320138908,1.0109076596541,1.2515646886613,1.5777504029269,1.2701113518202,kognition,1.613717631837,0.22498426280233,1,0.0,3.0732319329946,3.108232768648,3.7622172169312,0.7415440180172,0.57420311496837,0.51908081261204,abwesenheit_vertretung,1,0,-22
alle_lehrkraefte,702,2086,2025-12-17,23,4,5,49,27,0.49470357760186,0.13239143565826,0.14366085805982,0.40556201860103,0.40835041962123,0.40037055421005,0.3695953823943,1.8817308511225,0.41557739355157,0.42750832380687,1.6370127705141,1.6578261759645,1.6696448684503,1.6372153525113,kognition,1.8817308511225,0.20176139776133,1,0.0,3.8461364342417,3.9672559708307,4.9211234034393,1.3652528939371,0.42278777147396,0.95567702575596,abwesenheit_vertretung,1,0,-22
alle_lehrkraefte,391,1327,2025-12-17,23,6,5,56,26,0.50543034166001,0.054243681753323,0.16614089384013,0.33572151694068,0.38824853751517,0.53444599853477,0.36494380511224,1.7368191479643,0.22189739240397,0.55345775349381,1.1978940206586,1.3502706030503,1.8013450355218,1.3085179148158,performanz,1.8013450355218,0.22047742083304,1,0.0,3.4040180003898,3.4531252686812,4.5853147875198,0.8804471397235,0.53178841291281,0.61631299780645,abwesenheit_vertretung,0,0,-22
alle_lehrkraefte,296,1116,2025-12-18,23,0,4,39,20,0.44077586215496,0.15916549506927,0.086434246403998,0.37278382878642,0.40694418455761,0.41131203434512,0.50189437633895,1.530530300998,0.47127017722605,0.3245443206974,1.2339199698451,1.3869928499785,1.4061135354672,1.7237986500506,regulation,1.7237986500506,0.213416170741,1,0.0,3.3263932895445,3.3969080037441,3.7903140793782,0.82445071785382,0.54811017377128,0.57711550249767,abwesenheit_vertretung,0,0,-21
alle_lehrkraefte,429,1403,2025-12-18,23,5,5,49,25,0.51415261902316,0.10103499619687,0.21166894869044,0.33805526785515,0.40590597949418,0.47812648677315,0.34865662612866,1.8684655998078,0.46352740900571,0.83738953059448,1.3022151020339,1.5129375750556,1.7165619655853,1.3322798203799,kognition,1.8684655998078,0.20684021039955,1,0.0,3.6212623989405,3.7164973711689,4.770377344071,1.1153183247786,0.47274208722447,0.78072282734501,abwesenheit_vertretung,0,0,-21
alle_lehrkraefte,684,2003,2025-12-18,18,6,5,46,26,0.50034427798994,0.11211693230497,0.1758809613083,0.40500293727355,0.37640630880651,0.42926706023976,0.40529929965822,1.7860969940862,0.37565291142578,0.60477129959789,1.4268144545877,1.3532372584075,1.5280478260429,1.439559959347,kognition,1.7860969940862,0.20977907990055,1,0.0,3.4599594661724,3.5516943652068,4.2117482404431,0.83183174044155,0.54590166657935,0.58228221830908,abwesenheit_vertretung,0,0,-21
alle_lehrkraefte,650,1871,2025-12-18,23,6,5,47,27,0.46408997896791,0.17940266243321,0.18515582911935,0.39755599923921,0.42385113696851,0.42142049691025,0.41699326289549,1.817755395561,0.74377542549818,0.77075804329506,1.5401376395632,1.6371646000249,1.6254290595462,1.5904322608108,kognition,1.817755395561,0.18690702666122,1,0.0,3.8308394384507,3.8800830218994,4.3234541329808,0.79803027339281,0.55616416185977,0.55862119137497,abwesenheit_vertretung,0,0,-21
alle_lehrkraefte,368,1285,2025-12-18,18,11,5,35,24,0.43194058927545,0.17750001438559,0.19346723100221,0.39127861813679,0.35464939222689,0.46918125074936,0.43577783247953,1.4728093066587,0.58141211825674,0.66338202851782,1.294502502828,1.1955862883465,1.524687037273,1.4175543510152,performanz,1.524687037273,0.18707968751044,1,0.0,3.2228213141931,3.3011665164088,4.1478207849846,0.93520705009726,0.51674057303054,0.65464493506808,abwesenheit_vertretung,0,0,-21
alle_lehrkraefte,627,1778,2025-12-22,21,0,5,43,24,0.42788683900018,0.1616602412817,0.21313679723648,0.40057952753265,0.36075101181873,0.46266541204429,0.45777995314497,1.5573584958417,0.56640934812174,0.75579855970014,1.4308568342515,1.3239884002959,1.6712263193626,1.6702855849559,performanz,1.6712263193626,0.18618990140057,1,0.0,3.5637851235925,3.6152826975801,4.1408141954246,0.66760195672034,0.59966348442448,0.46732136970424,abwesenheit_vertretung,0,0,-17
alle_lehrkraefte,490,1503,2025-12-23,29,0,5,48,26,0.39916650931123,0.19258734005535,0.1598690695474,0.40707448379456,0.36885229230208,0.48044533012798,0.43226337454498,1.4352753841214,0.70265640384065,0.54431190230262,1.4216992468613,1.3303406543432,1.5747035593216,1.5588935168069,performanz,1.5747035593216,0.18245866252024,1,0.0,3.3986603535391,3.4714811312493,4.1478207849846,0.96341247354814,0.50931733065384,0.6743887314837,abwesenheit_vertretung,0,0,-16
alle_lehrkraefte,367,1284,2025-12-23,25,2,4,31,14,0.51629092450563,0.06114218670245,0.1737077060212,0.33474156327431,0.44219400733095,0.47165903307934,0.36618457583593,2.0328496626782,0.2604338510787,0.72311560705301,1.2853649272301,1.7088843683531,1.8400778118359,1.3528018891745,kognition,2.0328496626782,0.22087721542722,1,0.0,3.8094104279431,3.8665328832787,4.2594688496216,0.85861198036815,0.5380359163519,0.60102838625771,abwesenheit_vertretung,0,0,-16
alle_lehrkraefte,428,1402,2025-12-23,25,2,5,35,18,0.4875861065884,0.027156329150941,0.13963119877183,0.30932449131182,0.38640786753783,0.47998491490397,0.28756643647447,1.458166567156,0.10891416170198,0.37243100247014,1.1153223633157,1.2423926276158,1.6128435237783,1.0948090899091,performanz,1.6128435237783,0.23024572536199,1,0.0,2.9772758479185,3.1887677111734,4.6661959262483,1.6217288339555,0.38142770032066,1.1352101837688,abwesenheit_vertretung,0,0,-16
alle_lehrkraefte,515,1541,2026-01-05,12,0,3,28,18,0.45808715409282,0.1948165754981,0.27060240853604,0.40655754240329,0.37263874855021,0.43547051041257,0.4218869991497,1.792302409631,0.77750155027455,1.0605396636336,1.5848976235696,1.4602247718703,1.6942802429418,1.6401808978872,kognition,1.792302409631,0.1790524926922,1,0.0,3.89185518068,3.9051632325496,4.1478207849846,0.43359513769499,0.69754700870976,0.30351659638649,abwesenheit_vertretung,0,0,-3
alle_lehrkraefte,452,1447,2026-01-05,26,0,5,44,25,0.5009329038385,0.17786110631518,0.27119489473749,0.38261941089397,0.3619705382662,0.43390175261032,0.30382681955893,1.7532473988201,0.46798405908401,0.81355016713437,1.195575610023,1.2912225379281,1.4702568718709,1.0832702798743,kognition,1.7532473988201,0.21711754595469,1,0.0,3.2228148947385,3.3278537056374,3.9453024964552,1.113543785698,0.47313900320724,0.77948064998858,abwesenheit_vertretung,0,0,-3
alle_lehrkraefte,314,1166,2026-01-05,24,1,4,36,21,0.5039055750791,0.13006842746858,0.21147571301858,0.38943698667732,0.38643629547129,0.46237476991006,0.34085031682719,1.8656646630464,0.46410203131883,0.76272638603785,1.4694384281358,1.4601131594437,1.753856100256,1.3465025101288,kognition,1.8656646630464,0.20451460060646,1,0.0,3.6685292465815,3.7621940695199,4.2367227168256,0.93385978378426,0.51710057181248,0.65370184864898,abwesenheit_vertretung,0,0,-3
alle_lehrkraefte,443,1420,2026-01-05,12,2,3,29,15,0.42926315343073,0.1187637825057,0.038308693327956,0.38712376579157,0.394631460319,0.46198589026505,0.50277416873764,1.576541030667,0.44065517241379,0.10599670343482,1.3819171144077,1.4317824699978,1.6317941601656,1.7424818961798,regulation,1.7424818961798,0.20965546376182,1,0.0,3.5141976602977,3.5609877293357,4.2474282510106,0.80458625936926,0.5541436408529,0.56321038155848,abwesenheit_vertretung,0,0,-3
alle_lehrkraefte,276,1069,2026-01-06,23,0,5,36,25,0.51569707779183,0.0,0.11564261182733,0.35574467128807,0.37762601762852,0.5235006627551,0.38815199079528,1.8613806415081,0.0,0.39666602638466,1.3352441647626,1.375261265698,1.8891566435739,1.4832360694227,performanz,1.8891566435739,0.22649192463224,1,0.0,3.6145821915025,3.6502887383632,4.4664829717323,0.81083968876559,0.55222999926718,0.56758778213591,abwesenheit_vertretung,0,0,-2
alle_lehrkraefte,335,1225,2026-01-06,19,1,5,41,24,0.53946502715352,0.067379388428224,0.12936882459781,0.35990893376133,0.4144697692973,0.42486276814277,0.39682524399275,1.7885036860003,0.12860583028075,0.38133009464984,1.1728904360154,1.435572202361,1.4893227508569,1.3560335836072,kognition,1.7885036860003,0.23070743405597,1,0.0,3.2945631568818,3.3559480586876,4.6661959262483,1.0060375911633,0.49849514505862,0.70422631381431,abwesenheit_vertretung,0,0,-2
alle_lehrkraefte,366,1282,2026-01-06,23,2,5,52,25,0.49475616339212,0.10720352672708,0.13287831920061,0.34897241617984,0.43147581006428,0.4565784090531,0.40659144605213,2.0051554398267,0.45397985834513,0.5265993903303,1.4771863480386,1.7759436024344,1.8924074844541,1.7064703947789,kognition,2.0051554398267,0.20382272011241,1,0.0,4.0414546204158,4.1268938161252,4.9211234034393,0.91190094348909,0.52303964983409,0.63833066044236,abwesenheit_vertretung,0,0,-2
alle_lehrkraefte,390,1325,2026-01-06,23,2,6,65,34,0.35056682395249,0.030515614018397,0.063633475622915,0.21102897270547,0.28445972080945,0.32317347862567,0.28053154385523,1.4214439841802,0.14857730904512,0.23934602783531,0.9184665942007,1.1796012665434,1.3333464230536,1.174605225341,kognition,1.4214439841802,0.20709852902677,1,0.2037037037037,2.7372275919126,4.0506830077909,4.6876347106964,2.3400993168333,0.2993922950016,1.6991806328944,abwesenheit_vertretung,0,0,-2
alle_lehrkraefte,427,1401,2026-01-06,23,2,6,54,27,0.26672681796753,0.10116208277199,0.13812732860849,0.32083677346765,0.26604870295238,0.33683153801178,0.3553467702191,1.2994989120793,0.36281930133632,0.57033649510384,1.2323950089246,1.1984953573354,1.3623871968879,1.3843521725983,regulation,1.3843521725983,0.1726472886911,1,0.17391304347826,2.9788147604649,3.3426490472063,4.5731513341773,1.5819042617612,0.38731103039346,1.1595068962763,abwesenheit_vertretung,0,0,-2
alle_lehrkraefte,596,1731,2026-01-07,19,0,5,53,28,0.47325375272959,0.13966622767583,0.17751707977734,0.36900480516256,0.39571854425024,0.43791796209761,0.45156464959489,1.8328773048345,0.58849334773393,0.72995533963951,1.4943395981245,1.5485218517747,1.7232996498245,1.7860420140782,kognition,1.8328773048345,0.18888770104264,1,0.0,3.876761141966,3.9533922088911,4.9387901719456,0.92994709566124,0.51814891830358,0.65096296696287,abwesenheit_vertretung,0,0,-1
alle_lehrkraefte,346,1253,2026-01-07,19,3,5,36,21,0.41940049624751,0.11778196170013,0.11566642978738,0.38712102842058,0.36153836453242,0.48782014789342,0.48117526110458,1.405882924529,0.36464083722361,0.40910633186989,1.2961623161948,1.2237244261844,1.6426591081165,1.5955325993185,performanz,1.6426591081165,0.20694374190329,1,0.0,3.2708453296601,3.3447135564052,3.9780565338039,0.90314208472597,0.52544684289507,0.63219945930818,abwesenheit_vertretung,0,0,-1
alle_lehrkraefte,412,1371,2026-01-07,19,3,5,38,28,0.50149054304489,0.0,0.069838465402916,0.35630757862356,0.40530526203267,0.5083725882761,0.4245424459124,1.8950693841251,0.0,0.27303133989531,1.3359765164732,1.5490669040627,1.8852556989476,1.5973137489783,kognition,1.8950693841251,0.22201651491613,1,0.0,3.7357563989282,3.7583025679886,4.8373835872764,0.82312191404326,0.54850967030627,0.57618533983028,abwesenheit_vertretung,0,0,-1
alle_lehrkraefte,402,1348,2026-01-07,23,4,6,45,26,0.34692342377116,0.020779735727118,0.12539656097188,0.35143190269303,0.32670999982266,0.50033358510867,0.37241540819702,1.2686225194827,0.070577777777778,0.44983906290633,1.1628687102164,1.1652518786573,1.6213239593283,1.2430223200999,performanz,1.6213239593283,0.22947229303682,1,0.071428571428571,2.9496798045626,3.1122371595542,4.2145445230141,1.1643004416563,0.46204306054417,0.836438880588,abwesenheit_vertretung,1,0,-1
alle_lehrkraefte,460,1459,2026-01-07,23,4,5,42,23,0.48384473181833,0.23867861994348,0.19518578873194,0.36926096466406,0.38923741350176,0.34698431516645,0.35436230083857,1.4373977434873,0.63925989463962,0.47235438062629,1.0384424467574,1.2028977856633,1.0928717555043,1.149029718822,kognition,1.4373977434873,0.20440072266947,1,0.0,2.781698745995,2.9259728666262,3.9646280613375,1.3587009083288,0.42396218887647,0.95109063583015,abwesenheit_vertretung,1,0,-1
alle_lehrkraefte,513,1539,2026-01-07,23,4,5,40,26,0.5214253539946,0.048578799726907,0.1583108150071,0.31550586526641,0.39975250096796,0.52117586342739,0.35387216495846,1.6290281252406,0.17181491114414,0.50806507375286,1.0648523667618,1.2773160508952,1.6797492999807,1.1840634041856,performanz,1.6797492999807,0.22352282889769,1,0.0,3.1512527395425,3.2172872430455,4.290361661197,0.82922819299564,0.54667865049814,0.58045973509695,abwesenheit_vertretung,1,0,-1
alle_lehrkraefte,514,1540,2026-01-07,23,4,4,30,18,0.48313694431986,0.04042895247516,0.15685355643596,0.35789429515513,0.40857232542781,0.50512666509936,0.37405569127457,1.7167518269827,0.16271185006855,0.5215164397613,1.3509648447671,1.522016307694,1.8067495812373,1.4533197158705,performanz,1.8067495812373,0.21171116826728,1,0.0,3.5726479363442,3.6624240478035,4.9211234034393,1.091807205723,0.47805552885757,0.76426504400612,abwesenheit_vertretung,1,0,-1
alle_lehrkraefte,649,1870,2026-01-07,23,4,4,38,19,0.44268734349372,0.18957701154118,0.2043627543159,0.44395454804655,0.32798476644618,0.4874354135132,0.36722283132803,1.4876813484058,0.63807848283475,0.71646972337049,1.5057697786069,1.1155515552105,1.6291172540693,1.2528055119035,performanz,1.6291172540693,0.19520968150323,1,0.0,3.2968183731923,3.3719750930096,4.4608733210844,0.91078118949094,0.52334616098373,0.63754683264366,abwesenheit_vertretung,1,0,-1
alle_lehrkraefte,701,2085,2026-01-07,23,4,6,52,25,0.46140693252322,0.22222691579267,0.1990086136908,0.37515750446013,0.39869102337158,0.41235736900318,0.3909869626119,1.591742529244,0.82642507178974,0.68257979043352,1.3798971042996,1.4169451214875,1.4841350955555,1.4840733920464,kognition,1.591742529244,0.17953742126973,1,0.0,3.4640320667679,3.5704151821361,4.272990899278,0.94308595064229,0.51464527324149,0.6601601654496,abwesenheit_vertretung,1,0,-1
alle_lehrkraefte,389,1324,2026-01-07,23,6,5,41,19,0.40536679070085,0.032227033751988,0.21466443354215,0.40902533617757,0.31356966938751,0.53436978803689,0.40143669976752,1.0296669845955,0.096829268292683,0.56683059319741,1.0227190268674,0.80806195066172,1.3258558584465,1.0134776555533,performanz,1.3258558584465,0.22612247349368,1,0.0,2.4238060911416,2.5207577044739,3.0045876008173,0.77304686762676,0.56400088359678,0.54113280733873,abwesenheit_vertretung,0,0,-1
alle_lehrkraefte,478,1484,2026-01-08,18,0,5,55,26,0.41272720476559,0.12416684300515,0.17844640660453,0.42818408336486,0.38640860050905,0.4635546845805,0.41848906403364,1.6198962819642,0.44177342524897,0.59795975856746,1.6150110370226,1.5231237650419,1.7577389314434,1.61631844152,performanz,1.7577389314434,0.19164556401998,1,0.0,3.7157881674408,3.8079725139432,4.9983860457275,1.1157909205105,0.47263649272053,0.78105364435733,abwesenheit_vertretung,0,0,0
alle_lehrkraefte,286,1092,2026-01-08,23,5,4,40,22,0.39549332519972,0.15725237386085,0.12071009422928,0.44545174740694,0.36726090116537,0.44372420360458,0.47939951527968,1.3398822743256,0.54641174875519,0.42153149293491,1.4839965199132,1.2454259721555,1.4800594936959,1.5642173415587,regulation,1.5642173415587,0.19155483908381,1,0.0,3.2653059010623,3.3388418969721,4.1967909784104,0.88988897013866,0.52913161344427,0.62292227909706,abwesenheit_vertretung,0,0,0
alle_lehrkraefte,325,1182,2026-01-08,23,5,5,50,24,0.52298830438519,0.10720643667265,0.15959134179858,0.34359772728651,0.40452798220213,0.48795758336943,0.35198208270378,1.804988291675,0.39263966839502,0.52305093645255,1.2488907691983,1.41618006256,1.6970069193101,1.2813581676259,kognition,1.804988291675,0.21580147230777,1,0.0,3.4311421254903,3.5010860813891,4.5853147875198,1.044430719773,0.48913371841284,0.7311015038411,abwesenheit_vertretung,0,0,0
alle_lehrkraefte,426,1400,2026-01-08,23,5,5,45,19,0.5376193237625,0.067736778874014,0.17145479557188,0.27583604322609,0.41864800949638,0.45666182294456,0.38143109118723,1.6456880472121,0.20916367602158,0.50865936073498,0.84598857691074,1.281502452226,1.3568420594302,1.1824625632995,kognition,1.6456880472121,0.23408481436858,1,0.0,2.9339318725109,3.0310121900903,3.6380853479174,0.93777977093601,0.51605451506853,0.65644583965521,abwesenheit_vertretung,0,0,0
alle_lehrkraefte,648,1869,2026-01-08,18,6,5,45,25,0.48825635399491,0.088420415472382,0.21830281873174,0.33136335138352,0.37945053026464,0.5280755028887,0.36486039234167,1.6084264548345,0.29944436894899,0.72415165193218,1.1040168386968,1.2489269236607,1.7378794008205,1.204469677592,performanz,1.7378794008205,0.21922672827287,1,0.0,3.2327607184121,3.3000477256176,3.5631589522928,0.70047138264821,0.58807223114961,0.49032996785374,abwesenheit_vertretung,0,0,0
alle_lehrkraefte,264,1047,2026-01-08,19,6,5,38,23,0.44677111946192,0.068611459591618,0.11477510048764,0.3760468526019,0.37461405296964,0.50349866083235,0.44968500735378,1.5139503708216,0.25840721979572,0.4334836078266,1.2579622394654,1.289022471302,1.6218983507113,1.482538931394,performanz,1.6218983507113,0.20642026507445,1,0.0,3.2587193689223,3.3324455758513,4.109921516526,1.102126635206,0.47570873383753,0.77148864464421,abwesenheit_vertretung,0,0,0
alle_lehrkraefte,595,1730,2026-01-08,19,6,5,41,26,0.46248811287341,0.13176278328648,0.11059988973367,0.36530880406867,0.4139447615835,0.45965682299135,0.4527078451308,1.4894259515568,0.39380487804878,0.34927225696922,1.1847779772076,1.332049573837,1.499605774877,1.4586184701347,performanz,1.499605774877,0.19456310045308,1,0.0,3.1701582453456,3.2270939045348,3.7699749088641,0.64071887609143,0.60948893474197,0.448503213264,abwesenheit_vertretung,0,0,0
alle_lehrkraefte,683,2001,2026-01-08,19,6,4,34,18,0.56770045589866,0.02964893768694,0.14936539310091,0.26270965905029,0.39655738134782,0.44201298144007,0.24811176070712,1.9218113427343,0.10872342487546,0.50069820064191,1.0525725767587,1.3779413465665,1.6328994724983,1.0345459951989,kognition,1.9218113427343,0.23883746103787,1,0.0,3.2709564038205,3.514061601284,3.9936444483664,1.2707486563478,0.44038339391043,0.88952405944349,abwesenheit_vertretung,0,0,0
alle_lehrkraefte,365,1280,2026-01-08,18,11,5,46,26,0.37225089420232,0.093667321379765,0.092898454348497,0.28964859845821,0.33248762307758,0.31210228893236,0.29129276720149,1.6865196470236,0.50516673119556,0.49478158345462,1.4280144243349,1.5390124936529,1.5322856759317,1.4750366807656,kognition,1.6865196470236,0.17883440194026,1,0.15,3.5036792112617,4.1971418452681,5.0139708897179,1.9626368842747,0.33753714648861,1.4188458189923,abwesenheit_vertretung,0,0,0
alle_lehrkraefte,500,1522,2026-01-09,19,7,5,40,24,0.50688016961165,0.066391411965171,0.1882815079115,0.37595793601696,0.41149142376304,0.44614960368106,0.40554344479244,2.0644794228869,0.27023725235357,0.7890566424349,1.5630828454268,1.6775713402835,1.8260259934524,1.6658324120241,kognition,2.0644794228869,0.20945815106993,1,0.0,4.0403658228155,4.1001982382388,4.923070497384,0.89303029888561,0.52825356286621,0.62512120921992,abwesenheit_vertretung,0,0,1
alle_lehrkraefte,512,1538,2026-01-12,12,0,5,48,25,0.50270034219463,0.16652751948553,0.19638340147976,0.3715467198085,0.3796314276537,0.46459477335738,0.3365749520253,1.700204467038,0.62168121941266,0.68081270926311,1.3072076826117,1.3126036339034,1.5820423172561,1.2022091171681,kognition,1.700204467038,0.20224250902083,1,0.0,3.3347524036436,3.4544524528256,4.1508586304112,1.0438814233805,0.48926517387981,0.73071699636638,nach_rueckkehr,0,0,4
alle_lehrkraefte,626,1775,2026-01-12,21,0,5,46,24,0.50511002301378,0.15289267164543,0.10220382520837,0.38191644645889,0.44511023771043,0.41680605046436,0.39677456943349,1.8123417184928,0.5779447974594,0.38375639917359,1.3695494291198,1.5785341987519,1.4865684261398,1.3804724884575,kognition,1.8123417184928,0.21100318831137,1,0.0,3.4998424964306,3.5596230292231,3.8471321766507,0.73758895106709,0.57551010518678,0.51631226574696,nach_rueckkehr,0,0,4
alle_lehrkraefte,451,1445,2026-01-12,26,0,6,53,25,0.45554651561572,0.061536866986724,0.13744325158508,0.37548248953854,0.40831019276415,0.48671211859416,0.42410844692534,1.5411443625208,0.21595773435931,0.47581487170842,1.334449987656,1.401019440544,1.7008363077039,1.5033970164421,performanz,1.7008363077039,0.20811396660818,1,0.0,3.3977672754746,3.4512223960185,4.840594801353,0.9809368429451,0.50481165190167,0.68665579006157,nach_rueckkehr,0,0,4
alle_lehrkraefte,313,1165,2026-01-12,1,1,5,40,23,0.50758583704845,0.0,0.08898443482578,0.35727115110464,0.4504159908694,0.46767495771775,0.4114862965047,2.0129928383647,0.0,0.32957550377233,1.452472279834,1.8056847183559,1.8667352786135,1.6748637977581,kognition,2.0129928383647,0.22018392113585,1,0.0,3.9775372464938,4.0074203613371,4.6661959262483,0.72679840587765,0.57910639516241,0.50875888411436,nach_rueckkehr,0,1,4
alle_lehrkraefte,489,1501,2026-01-12,12,1,6,43,24,0.43456320831867,0.14446646804426,0.13267701149197,0.36454825727815,0.38639857037949,0.47094412169066,0.47251368906795,1.5716420133526,0.51996418200486,0.43558175754731,1.304077259499,1.3841961588386,1.6294339522503,1.642267867082,regulation,1.642267867082,0.19350021087209,1,0.0,3.4494735965207,3.5265221131359,4.6172952494101,1.0831029752003,0.48005308038304,0.75817208264024,nach_rueckkehr,0,0,4
alle_lehrkraefte,442,1419,2026-01-12,12,2,5,52,26,0.49909408382659,0.15536533310943,0.20019804143179,0.38708794545489,0.37596743948629,0.48307544299963,0.29910830362415,1.6736555300523,0.4967005709257,0.60389209372065,1.338127720284,1.307270024604,1.7087962852999,1.1128613507938,performanz,1.7087962852999,0.20734538772997,1,0.0,3.327236961062,3.422289109117,4.4094769977487,1.0797864699804,0.48081859096305,0.75585052898631,nach_rueckkehr,0,0,4
alle_lehrkraefte,275,1068,2026-01-13,23,0,4,33,16,0.56773647970451,0.0,0.15862398993113,0.27658422725692,0.44147381671958,0.4985037388551,0.28372585151397,1.9116982945139,0.0,0.51331524317025,0.97065731183271,1.5007490370159,1.6837812556191,1.023879628679,kognition,1.9116982945139,0.25140425938756,1,0.0,3.3160149288015,3.3992152879643,3.9410439263483,0.85445745157966,0.53924127466402,0.59812021610576,nach_rueckkehr,0,0,5
alle_lehrkraefte,488,1500,2026-01-13,28,0,4,34,20,0.52727441344513,0.1235434309362,0.17696351921676,0.32858072924529,0.41115556617203,0.44291276254534,0.41275886395471,1.8423465749988,0.47482898023889,0.63944698551613,1.2231350772771,1.4559991064388,1.5920163083728,1.4867257789547,kognition,1.8423465749988,0.21141165026092,1,0.0,3.5198662180997,3.5783689267528,4.272990899278,0.84617655941553,0.54166000261459,0.59232359159087,nach_rueckkehr,0,0,5
alle_lehrkraefte,334,1224,2026-01-13,19,1,5,45,24,0.45034990765524,0.21765107747068,0.10544397802833,0.41276217766459,0.4018555238808,0.4434026158213,0.40936479606939,1.7914718963138,0.82123453702913,0.45641302985194,1.6162917522256,1.5941500119892,1.7683089964198,1.6063039828707,kognition,1.7914718963138,0.1842901090498,1,0.0,3.8669048417505,3.9424558453468,4.6290043360953,0.89591882944445,0.52744874119586,0.62714318061112,nach_rueckkehr,0,0,5
alle_lehrkraefte,263,1046,2026-01-13,23,1,4,33,19,0.54127773343562,0.0,0.14558821936925,0.29346212831504,0.41048317766588,0.53541309799997,0.31795914544438,1.7130958078845,0.0,0.43854424088996,0.95386018671704,1.3206405956118,1.6722937541359,1.0320819503551,kognition,1.7130958078845,0.24024848681481,1,0.0,3.1052727237977,3.1717140017732,4.2117482404431,0.7879653961867,0.55929494056919,0.55157577733069,nach_rueckkehr,0,0,5
alle_lehrkraefte,364,1279,2026-01-13,23,2,5,43,22,0.48978386071272,0.068491933010656,0.15649141213061,0.36177956999173,0.38491406434781,0.45568109600426,0.44327921736863,1.5676600899305,0.25104180965362,0.51626459299553,1.1839579977478,1.2529200868264,1.4786937425239,1.4775124677386,kognition,1.5676600899305,0.20285323337718,1,0.0,3.1824916085737,3.256465473725,3.7903140793782,0.7569139123757,0.56917985164555,0.52983973866299,nach_rueckkehr,0,0,5
alle_lehrkraefte,425,1399,2026-01-13,23,2,5,40,23,0.49407885489948,0.08309035438517,0.12734203431096,0.36954700066687,0.40929254438644,0.46262730310573,0.41006867021917,1.830606748368,0.2885,0.50025344389175,1.3481712320984,1.5017219810072,1.7055113617453,1.5045472004504,kognition,1.830606748368,0.21091611353641,1,0.0,3.5957993114216,3.6700564922811,4.1478207849846,0.80508053571996,0.55399190241733,0.56355637500397,nach_rueckkehr,0,0,5
alle_lehrkraefte,594,1729,2026-01-14,19,0,5,42,24,0.43500672301934,0.1654380949979,0.10324986710837,0.41397476084333,0.35492759318829,0.44665557593258,0.40513264759075,1.3822279097533,0.52469083784819,0.2869866214273,1.1943323822673,1.1292837336556,1.3192357858227,1.1702953412717,kognition,1.3822279097533,0.19691427635452,1,0.0,2.8425167766488,2.978064528644,4.272990899278,1.2888111876207,0.43690803566875,0.90216783133447,nach_rueckkehr,0,0,6
alle_lehrkraefte,345,1252,2026-01-14,19,3,5,47,28,0.50709217445612,0.042355032965462,0.15906437244164,0.36719009480005,0.39764161892037,0.5039186697625,0.38041564129197,1.8172692794294,0.1505844670257,0.55696726799506,1.3301724322258,1.4345123835063,1.767576835089,1.3864940633496,kognition,1.8172692794294,0.21522505661249,1,0.0,3.536839547791,3.5780922359842,4.0612622331448,0.76787785676851,0.56564993795889,0.53751449973796,nach_rueckkehr,0,0,6
alle_lehrkraefte,411,1370,2026-01-14,19,3,5,48,26,0.47571283040999,0.16339262283226,0.16602698939508,0.40247470480404,0.4063425205685,0.41097317075267,0.37508070167209,1.5199485538458,0.54995513441226,0.56826992529416,1.3423544174823,1.2859612157462,1.3531382524358,1.2388537448107,kognition,1.5199485538458,0.1905367122373,1,0.0,3.1236162257826,3.2495663333833,4.3730545704504,1.0398666094111,0.4902281332448,0.72790662658778,nach_rueckkehr,0,0,6
alle_lehrkraefte,285,1091,2026-01-14,23,3,4,34,21,0.51200689627919,0.094572220447662,0.15669078079901,0.35062462798522,0.40701687545191,0.486746926083,0.37178514890695,1.843325142777,0.40710927582101,0.59791589700779,1.29463030086,1.4971984455503,1.7080715559493,1.3490992605786,kognition,1.843325142777,0.21194101289686,1,0.0,3.5463131588662,3.6213040625924,4.3234541329808,0.97307665361896,0.50682268130122,0.68115365753327,nach_rueckkehr,0,0,6
alle_lehrkraefte,401,1346,2026-01-14,23,4,5,45,25,0.50254181976693,0.13832489870283,0.18616596328166,0.33807758363063,0.42255956279068,0.47903025423745,0.36538889496726,1.9183821323397,0.5319215272164,0.68275588377957,1.2926582960836,1.5990193437626,1.7927792554402,1.3795034836587,kognition,1.9183821323397,0.20858736292309,1,0.0,3.7113611742804,3.7827146010611,4.4350301470164,0.86220684327018,0.53699727482685,0.60354479028913,nach_rueckkehr,1,0,6
alle_lehrkraefte,459,1458,2026-01-14,23,4,5,45,21,0.53403986405957,0.1212415002938,0.145841137925,0.29408959063394,0.43793636833754,0.42036407727839,0.35739906081336,1.8180905800909,0.34708439589123,0.51551563041937,0.97458133192746,1.475079555371,1.4291299917474,1.2317667169163,kognition,1.8180905800909,0.23335036092668,1,0.0,3.2213362981723,3.3643477525024,3.9410439263483,1.1051877613959,0.47501701194429,0.77363143297716,nach_rueckkehr,1,0,6
alle_lehrkraefte,511,1537,2026-01-14,23,4,4,35,19,0.40811908242355,0.12997349369152,0.19160455849346,0.40578045716233,0.35869077159306,0.49572287022244,0.4677550816533,1.4733494665132,0.45778782274131,0.69205605136039,1.4486015286982,1.2843885807298,1.7535863558975,1.6172310420799,performanz,1.7535863558975,0.20093802973507,1,0.0,3.5068321439245,3.5418615183621,4.4608733210844,0.71051663670513,0.58461869270459,0.49736164569359,nach_rueckkehr,1,0,6
alle_lehrkraefte,647,1868,2026-01-14,23,4,5,40,22,0.48649378069334,0.039613661479189,0.19357105424966,0.34467963474966,0.38539215114545,0.55247159268677,0.3491067399046,1.6038430359589,0.11448698935329,0.60765939569211,1.1540759187203,1.2773613989429,1.810355625281,1.1624780270106,performanz,1.810355625281,0.23419076896792,1,0.0,3.2476076916473,3.2946030129268,4.1979491418417,0.75287602150925,0.57049100320226,0.52701321505647,nach_rueckkehr,1,0,6
alle_lehrkraefte,324,1180,2026-01-15,23,5,5,40,23,0.49250364582209,0.083347427569072,0.14705170285314,0.36867909123796,0.38597398175245,0.53330464049163,0.33484553178014,1.7683928768247,0.3039228536452,0.49800145819889,1.3339992148049,1.3984615488157,1.8951445336038,1.2315762661501,performanz,1.8951445336038,0.22482292119024,1,0.0,3.5087304586345,3.5905204478138,3.973711383169,0.83963695178005,0.5435855150835,0.58774586624603,nach_rueckkehr,0,0,7
alle_lehrkraefte,424,1398,2026-01-15,23,5,5,40,24,0.4328076573118,0.098547030029419,0.10437464113592,0.3926440025455,0.38636203864257,0.52436038393892,0.38817923807717,1.7224209358287,0.39696608480769,0.34000355822959,1.4906695152292,1.5494458723173,1.8836907617045,1.5396346011745,performanz,1.8836907617045,0.21110908546716,1,0.0,3.7123526338451,3.8065785863628,4.6661959262483,1.0824456244928,0.48020461530348,0.75771193714499,nach_rueckkehr,0,0,7
alle_lehrkraefte,262,1045,2026-01-15,1,6,4,44,23,0.4410550755526,0.050408012008729,0.18956083734907,0.38907957762254,0.36575174600449,0.54675270636998,0.40910096436055,1.6176028955033,0.20475480646377,0.7043828268064,1.4820621989566,1.3632080273872,2.0023366518121,1.5438433740456,performanz,2.0023366518121,0.22452274244723,1,0.0,3.6881387912189,3.7174100976089,4.9388259433378,0.77162317166459,0.56445412094064,0.54013622016522,nach_rueckkehr,0,1,7
alle_lehrkraefte,593,1728,2026-01-15,1,6,5,44,29,0.50041859010171,0.17718212525611,0.19292840833672,0.38580917855614,0.41528278565566,0.44411765530207,0.38230641694524,1.8237392482733,0.67236717172602,0.7214076358872,1.4203949744324,1.5115992212011,1.6276369409019,1.4058494608635,kognition,1.8237392482733,0.19859961996393,1,0.0,3.6368393205297,3.6637868489324,4.134383264,0.56700000369564,0.63816209166661,0.39690000258695,nach_rueckkehr,0,1,7
alle_lehrkraefte,682,2000,2026-01-15,1,6,5,41,23,0.47751977531262,0.11873176463546,0.14083364153417,0.38240890616439,0.37523934726239,0.45982469691385,0.38991008664038,1.4847968148124,0.35846495953361,0.39610520768743,1.1981708926643,1.1769701125601,1.4130269957322,1.2068772741508,kognition,1.4847968148124,0.20524083533487,1,0.0,2.9604202781809,3.0920646318102,3.6479410450167,0.99143010004616,0.50215169489344,0.69400107003231,nach_rueckkehr,0,1,7
alle_lehrkraefte,363,1278,2026-01-15,18,11,5,48,26,0.49342659545807,0.064334568751513,0.10276966424689,0.38630680399008,0.42077426950475,0.46350328302772,0.41516681360436,2.0234502751322,0.23684041723841,0.38771642689853,1.5765727567953,1.7326443774849,1.9034504484043,1.7154362449179,kognition,2.0234502751322,0.2113018830252,1,0.0,4.0440390382717,4.0868999023869,4.840594801353,0.82916531969054,0.54669744130573,0.58041572378338,nach_rueckkehr,0,0,7
alle_lehrkraefte,344,1251,2026-01-16,1,7,4,33,22,0.48979885915363,0.19266826366362,0.1257865111628,0.41204480904856,0.39322088734333,0.35803678459467,0.38705001836092,1.5269751007732,0.35415054657268,0.32544725847062,1.2158767078208,1.3018389992119,1.2942108871191,1.2674141600221,kognition,1.5269751007732,0.20957908260132,1,0.0,3.0029074091483,3.1204669646969,4.8373835872764,1.5089853353681,0.39856749495639,1.0562897347577,nach_rueckkehr,0,1,8
alle_lehrkraefte,381,1300,2026-01-16,1,7,4,38,18,0.52035716700842,0.050620027215155,0.10680407673163,0.32498881805231,0.40623953891749,0.52587039334196,0.32917145036144,1.7479000431664,0.23728870283043,0.31563373403043,1.1173530025208,1.4394747306705,1.6548740672148,1.1557409928993,kognition,1.7479000431664,0.22793943360892,1,0.0,3.2566847862418,3.3483977739152,4.6876347106964,1.2239933023884,0.44964164187278,0.85679531167189,nach_rueckkehr,0,1,8
alle_lehrkraefte,410,1369,2026-01-16,1,7,5,35,22,0.38527568796291,0.075182734329842,0.10486147801853,0.4028132133983,0.34365218612561,0.5158314584819,0.48078945614449,1.3090977115564,0.21324456946118,0.28482406551827,1.3122766986278,1.1541083976719,1.6306362651809,1.5562996639414,performanz,1.6306362651809,0.21856967030198,1,0.0,3.1583879454163,3.2360139057899,4.344653919943,1.0091315238216,0.49772749476244,0.70639206667515,nach_rueckkehr,0,1,8
alle_lehrkraefte,499,1521,2026-01-16,1,7,5,46,26,0.50746652855186,0.13772410866819,0.22121819382122,0.41086966539557,0.37852413538954,0.4068676999746,0.31988955109971,1.6320914708706,0.29199930514997,0.65151602152148,1.3747482352394,1.3045973801796,1.507705184145,1.1872105799172,kognition,1.6320914708706,0.20529792878676,1,0.0,3.2323381951501,3.364232921474,4.8373835872764,1.4509759233298,0.40800074390019,1.0156831463309,nach_rueckkehr,0,1,8
alle_lehrkraefte,510,1536,2026-01-19,12,0,4,34,20,0.50494005384218,0.13880245989763,0.24947462614695,0.37468765407616,0.34097577102418,0.47211388145898,0.28436767587804,1.3329199755232,0.3242657036937,0.63743208228553,1.0013930022669,0.91717660010441,1.3072682469855,0.82113982078909,kognition,1.3329199755232,0.21018685122534,1,0.0,2.5525213618886,2.678977634927,3.332074934788,0.89963728786397,0.52641628293391,0.62974610150478,nach_rueckkehr,0,0,11
alle_lehrkraefte,625,1773,2026-01-19,21,0,5,42,26,0.45752248574559,0.14930645220193,0.13170772881243,0.4056161279608,0.39314159977272,0.45251121099188,0.41113978883645,1.5080330736756,0.50662306102779,0.4190338286747,1.3422695783143,1.3019898028956,1.481650362328,1.3665736824621,kognition,1.5080330736756,0.18855831614604,1,0.0,3.2040749866905,3.3024912681218,3.5133459698655,0.81417761698582,0.55121394434436,0.56992433189008,nach_rueckkehr,0,0,11
alle_lehrkraefte,450,1444,2026-01-19,26,0,6,41,28,0.47823087541816,0.12321214136652,0.14897473307369,0.38520989421636,0.40557557324441,0.45481572323196,0.3924295847147,1.7400930173283,0.40332693200458,0.5070790602441,1.409641152814,1.4980902987964,1.6818663870262,1.4517695452289,kognition,1.7400930173283,0.20019785608314,1,0.0,3.5518160954209,3.6537315258044,4.8373835872764,1.1066213390282,0.47469375794955,0.77463493731974,nach_rueckkehr,0,0,11
alle_lehrkraefte,301,1138,2026-01-19,1,1,4,39,23,0.42218000431752,0.12689114982391,0.23688762225774,0.39484116596178,0.34353827332609,0.48991187366949,0.42391359137428,1.3889673065576,0.3468377090867,0.70137803003928,1.2184050417911,1.1134577608783,1.5417041783811,1.3483543210283,performanz,1.5417041783811,0.2012904000755,1,0.0,3.0758198737812,3.152539127896,3.4884766997422,0.70236993478715,0.58741638909702,0.49165895435101,nach_rueckkehr,0,1,11
alle_lehrkraefte,312,1164,2026-01-19,1,1,5,41,24,0.52527189927252,0.07141539543769,0.14881732069635,0.34424479583291,0.41447081180248,0.45090910779952,0.40387094745387,1.9065716454085,0.3406790985678,0.61159319857817,1.3131015623097,1.5247877333972,1.6528437316941,1.5204494931388,kognition,1.9065716454085,0.21494542923195,1,0.0,3.635656245476,3.7194485094897,4.770377344071,0.93290859180503,0.51735503905343,0.65303601426352,nach_rueckkehr,0,1,11
alle_lehrkraefte,441,1418,2026-01-19,12,2,4,30,18,0.3840694372589,0.17708702034019,0.2495892378307,0.42535799384261,0.32023946797221,0.50154878869589,0.40411532718742,1.3568289163702,0.55162409272056,0.78449078648131,1.3769480575017,1.1171342175602,1.6259512299862,1.3478963445445,performanz,1.6259512299862,0.19923739794079,1,0.0,3.2195056162514,3.3056042460581,4.1478207849846,1.113349747445,0.47318244469898,0.77934482321151,nach_rueckkehr,0,0,11
alle_lehrkraefte,274,1067,2026-01-20,23,0,5,43,23,0.49893650111942,0.11682025679786,0.12795528251913,0.3682407174711,0.43502817696297,0.46148449721568,0.379986434332,1.9365088184304,0.46033899025891,0.49829671179353,1.4395073027011,1.6883297685665,1.7976788257976,1.4839072635995,kognition,1.9365088184304,0.20812453461476,1,0.0,3.8166145485806,3.8924092041079,4.2195669844004,0.78954832614523,0.55880022092169,0.55268382830166,nach_rueckkehr,0,0,12
alle_lehrkraefte,487,1498,2026-01-20,28,0,4,29,15,0.34440397678657,0.011345738299499,0.018646047956161,0.15457716281629,0.21172258025923,0.3270895816181,0.17846219884573,0.66178117519824,0.054758620689655,0.088736750522443,0.24769567314355,0.4635221020998,0.45022499403427,0.41748227618117,kognition,0.66178117519824,0.18236086112011,1,0.26086956521739,1.0497747011085,2.0224787329435,3.0045876008173,1.7283804214657,0.36651780379761,1.2881271645912,nach_rueckkehr,0,0,12
alle_lehrkraefte,261,1044,2026-01-20,23,1,3,27,12,0.55131163459456,0.0,0.10777643948683,0.26260642384339,0.39106828822389,0.48386260744942,0.31885363706905,1.1691875633311,0.0,0.25435658067493,0.59228433965198,0.83274212707464,1.1125765837385,0.6927463765714,kognition,1.1691875633311,0.25122782579429,1,0.0,2.0478479471188,2.1635381154003,2.8959664573768,0.91408565840689,0.52244265851316,0.63985996088482,nach_rueckkehr,0,0,12
alle_lehrkraefte,362,1277,2026-01-20,23,2,4,31,18,0.44051083193686,0.0,0.16365351421271,0.39713883995581,0.34328377764152,0.57597356846857,0.39467713600597,1.5030759544895,0.0,0.58837211703191,1.4113785453642,1.1926919539088,1.9655657698298,1.3844135925496,performanz,1.9655657698298,0.24430629230855,1,0.0,3.435108784167,3.4626755895454,4.2145445230141,0.80519627514999,0.55395638345028,0.56363739260499,nach_rueckkehr,0,0,12
alle_lehrkraefte,423,1396,2026-01-20,23,2,4,30,17,0.55256116016078,-0.035657044511326,0.065971073628031,0.2895002925476,0.49851927755067,0.40566774178837,0.36476774674787,1.7970159432648,-0.2,0.19953539505356,0.94538492865032,1.5978064883924,1.344378894153,1.2202905050109,kognition,1.7970159432648,0.24160761432323,1,0.0,3.17053346293,3.2466757362397,3.821655576211,0.91110170245334,0.52325839002512,0.63777119171734,nach_rueckkehr,0,0,12
alle_lehrkraefte,380,1299,2026-01-21,19,0,5,48,28,0.46248484693961,0.15314380484759,0.21145022084903,0.39145151730436,0.38253604254317,0.45151986649808,0.39937807770684,1.8142152063628,0.64825308356917,0.86786313546754,1.5972911502771,1.5174238407561,1.7917356864429,1.6135013509751,kognition,1.8142152063628,0.18417898478379,1,0.0,3.890040206499,3.9975768565636,4.3304123418736,0.92017709454786,0.52078529779331,0.6441239661835,nach_rueckkehr,0,0,13
alle_lehrkraefte,592,1727,2026-01-21,19,0,5,45,23,0.50050072713994,-0.022462359930074,0.051642375814656,0.33968213242592,0.42791987323784,0.49288142316134,0.42111326077085,1.5824202206594,-0.085960076500466,0.14462892876551,1.0493505133385,1.3562578238965,1.4989687039364,1.3355163630782,kognition,1.5824202206594,0.22142115532739,1,0.0,3.0827655332013,3.123442153777,3.8268397507859,0.82972870202793,0.54652911051331,0.58081009141955,nach_rueckkehr,0,0,13
alle_lehrkraefte,300,1137,2026-01-21,1,3,5,42,21,0.40808675778941,0.15126341368867,0.27266461562263,0.38727527566915,0.34064262721901,0.52593239473727,0.32729985077317,1.4463023467455,0.47267076583468,0.85429074449321,1.2097175751681,1.1863014517399,1.6295318144867,1.0723364575915,performanz,1.6295318144867,0.20702585710506,1,0.0,3.117856309386,3.2408033360566,4.2594688496216,1.1913160857307,0.4563467618897,0.83392126001147,nach_rueckkehr,0,1,13
alle_lehrkraefte,343,1250,2026-01-21,1,3,5,50,26,0.46134215085385,0.19195616026243,0.19929070749635,0.3876234468315,0.41281794616369,0.46268051884347,0.37440061536341,1.9020551426204,0.82613538118796,0.84098361989967,1.5972397875793,1.6818550218312,1.8722604937435,1.5444777209524,kognition,1.9020551426204,0.18529506229516,1,0.0,4.034618807644,4.1031442667269,4.770377344071,0.89776149284691,0.52693660597985,0.62843304499284,nach_rueckkehr,0,1,13
alle_lehrkraefte,409,1368,2026-01-21,1,3,5,36,20,0.24527109153676,0.15052444155097,0.12329772977756,0.19074332114299,0.24142871303701,0.028213670441915,0.3051480822101,1.152881516398,0.50297347617982,0.49927242168715,0.90740955222616,1.0811647934478,0.67027703144085,1.3324879376202,regulation,1.3324879376202,0.18039866255224,1,0.44,2.4593689980344,3.3746172722969,4.2195669844004,2.3298169228452,0.30031681115535,1.7628718459916,nach_rueckkehr,0,1,13
alle_lehrkraefte,284,1090,2026-01-21,23,3,5,43,21,0.61148776222875,0.0,0.12911053091228,0.28708755501357,0.41850161488527,0.37931268661231,0.34043038243196,1.6732917502959,0.0,0.34658619346213,0.88971654586116,1.1594935348528,1.1625036473739,1.0680633962264,kognition,1.6732917502959,0.26561640791675,1,0.0,2.74740281156,2.8440358591448,3.5189025333983,0.9489600499561,0.51309414988908,0.66427203496927,nach_rueckkehr,0,0,13
alle_lehrkraefte,400,1344,2026-01-21,23,4,5,41,26,0.21479714668583,0.13696167037567,0.041444453857,0.22822563235912,0.21565698118743,0.24304078864265,0.28598718543641,0.66668766889078,0.53916646059206,0.14097060575002,0.68484440483718,0.63755747895459,0.70945755159197,0.70668205065134,performanz,0.70945755159197,0.19468224402909,1,0.28125,1.6227342874899,3.8034795987178,4.9952554499874,3.0646925353069,0.24602106833758,2.2296597747149,nach_rueckkehr,1,0,13
alle_lehrkraefte,458,1457,2026-01-21,23,4,3,28,13,0.49303053471467,0.071788036133496,0.13429436941926,0.34294415174637,0.39592080844618,0.47020959759268,0.45338345918797,1.8968616825095,0.27209992196805,0.51296511834522,1.3139387902757,1.521275358003,1.8020928855756,1.7358996346724,kognition,1.8968616825095,0.20947915403671,1,0.0,3.773175849613,3.8362381343715,3.9351727697706,0.69292858748314,0.5906923702474,0.4850500112382,nach_rueckkehr,1,0,13
alle_lehrkraefte,509,1535,2026-01-21,23,4,5,50,27,0.4746612209849,0.086167582714072,0.14222396486382,0.35929989307353,0.40918270696356,0.44677393163482,0.46736294601559,1.9052672267534,0.34317595630211,0.57365341279283,1.4582637457964,1.6392928737891,1.804605047591,1.8739908159893,kognition,1.9052672267534,0.1981301990039,1,0.0,3.9571639358126,4.0220890917088,4.841502701482,0.81673320944491,0.55043855355379,0.57171324661144,nach_rueckkehr,1,0,13
alle_lehrkraefte,646,1867,2026-01-21,23,4,5,52,25,0.51166442437072,0.13470980986915,0.15999496867064,0.38276300034621,0.41130056055149,0.4437031929914,0.36116777828457,1.8890787202907,0.49437832937458,0.58010212816956,1.4252648585718,1.5330535998714,1.6593605840634,1.3779483842319,kognition,1.8890787202907,0.2108538200696,1,0.0,3.6308951207418,3.7200647701501,4.1478207849846,0.86835386427531,0.53523051447637,0.60784770499272,nach_rueckkehr,1,0,13
alle_lehrkraefte,477,1483,2026-01-22,18,0,5,53,26,0.45928072582828,0.15315005846189,0.11353144271503,0.39109868081056,0.40312635127289,0.5033386731976,0.37419073141781,1.5996300081553,0.57292629236087,0.38720506993083,1.3820902310701,1.4161200271799,1.7381185806866,1.3186747955679,performanz,1.7381185806866,0.20500445161158,1,0.0,3.4223555076647,3.4934862437952,4.4094769977487,0.92038591004204,0.52072866957148,0.64427013702943,nach_rueckkehr,0,0,14
alle_lehrkraefte,283,1089,2026-01-22,23,5,5,39,19,0.36135775391746,0.12376785244771,0.15708495003493,0.25674470991476,0.27068355564671,0.29823894445886,0.23354125229285,1.2527260003648,0.48260150937285,0.64041540994166,0.85023893266368,0.95903696611064,0.96031301810494,0.7617775238046,kognition,1.2527260003648,0.18325086376368,1,0.18181818181818,2.3146323206136,3.0934197054042,4.0273551720063,1.9669117017695,0.33705081260207,1.4313836457841,nach_rueckkehr,0,0,14
alle_lehrkraefte,323,1178,2026-01-22,23,5,5,44,23,0.46811928501228,0.078192322980458,0.14725858906076,0.317008890046,0.4130819668167,0.43864335660344,0.46088118701287,1.5925610373491,0.26616435945687,0.46635606624094,1.1180815792072,1.4332585262912,1.4468163027171,1.6236289925752,regulation,1.6236289925752,0.19805356435908,1,0.0,3.295203642377,3.4047224986285,4.3952655488905,1.1819948183079,0.45829623040787,0.82739637281552,nach_rueckkehr,0,0,14
alle_lehrkraefte,422,1395,2026-01-22,23,5,5,35,23,0.51183448465,0.0,0.062617470207164,0.33542615199952,0.39734330987953,0.49178962880915,0.43095650566718,1.3993514082922,0.0,0.19188188077914,0.86532867626393,1.0564960475095,1.3141369745352,1.0651448119156,kognition,1.3993514082922,0.23676978261259,1,0.0,2.5925798145129,2.6264624446432,3.4869710272648,0.68388229221944,0.59386573789665,0.47871760455361,nach_rueckkehr,0,0,14
alle_lehrkraefte,260,1043,2026-01-22,18,6,5,54,24,0.60468875664109,0.043599264837135,0.10712665652607,0.2600516483861,0.47482166351748,0.39743146279841,0.33978928837366,2.0510119602943,0.18518518518519,0.35406273599897,0.96507746567698,1.6384424683891,1.4681756701926,1.2489011227611,kognition,2.0510119602943,0.25926547045374,1,0.0,3.420155856838,3.4942615274888,4.2474282510106,0.91462700121107,0.52229494275776,0.64023890084775,nach_rueckkehr,0,0,14
alle_lehrkraefte,645,1866,2026-01-22,18,6,5,51,28,0.45807228575842,0.12617323530422,0.14556670696266,0.38942676701333,0.40196719495945,0.47184196150729,0.44105936857392,1.843753710638,0.51723991222841,0.55760039269792,1.5810519061826,1.638091947966,1.8857346022937,1.791047764134,performanz,1.8857346022937,0.19213721678923,1,0.0,3.9905889933645,4.0378543123483,4.9211234034393,0.79393472992591,0.55743388168938,0.55575431094814,nach_rueckkehr,0,0,14
alle_lehrkraefte,681,1998,2026-01-22,18,6,5,54,28,0.44772550146092,0.1622801545762,0.14096862603398,0.39186480571758,0.3793613943715,0.491267051611,0.43589207362115,1.7354368443504,0.6326374942703,0.51179409910039,1.4958065558879,1.4641251610865,1.8620651416582,1.6180480441353,performanz,1.8620651416582,0.19979425490672,1,0.0,3.7603683655504,3.8026030110021,4.4094769977487,0.78242711801361,0.56103275690421,0.54769898260953,nach_rueckkehr,0,0,14
alle_lehrkraefte,361,1276,2026-01-22,18,11,4,43,19,0.53066438773134,0.029113376255603,0.13270451365929,0.31845393278268,0.43162013304685,0.47667426364459,0.39826739011987,1.8539526357193,0.098556138306478,0.44137001563455,1.1552658547619,1.5140754089389,1.6793678011896,1.4412906060914,kognition,1.8539526357193,0.22653716628801,1,0.0,3.4880251634129,3.5316226248109,4.6172952494101,0.74966061761061,0.57153941166352,0.52476243232743,nach_rueckkehr,0,0,14
alle_lehrkraefte,342,1249,2026-01-23,23,7,3,32,15,0.36437049608068,0.28537257393062,0.24487884525838,0.40322653285323,0.35198713414157,0.4297744429993,0.45946059056621,1.3450718931592,0.97812392484802,0.77593393324226,1.3689838923161,1.2865822786079,1.4669252170616,1.6370325845306,regulation,1.6370325845306,0.18479473694054,1,0.0,3.4247882286645,3.4870620133797,4.057292130385,0.92178045800191,0.5203508006527,0.64524632060134,nach_rueckkehr,0,0,15
alle_lehrkraefte,379,1298,2026-01-23,23,7,5,47,24,0.47908972218626,0.057986169027031,0.17095386565259,0.37205096672088,0.38291054736253,0.52603750056259,0.36835128228614,1.7945922412376,0.2491479730008,0.64041356650633,1.399405580821,1.4772007065708,1.8139922732966,1.4078151955618,performanz,1.8139922732966,0.20654464262933,1,0.0,3.6201843959234,3.6848608294239,4.7668121124854,1.1789871077367,0.45892882819242,0.82529097541569,nach_rueckkehr,0,0,15
alle_lehrkraefte,408,1367,2026-01-23,23,7,5,40,25,0.42868323750364,0.086103742316631,0.066726427264872,0.39747104920872,0.36882542203908,0.51340139778438,0.46651340193224,1.6558690642753,0.319475,0.21827022826159,1.5117983152296,1.438303526622,1.9083650239345,1.7270470176787,performanz,1.9083650239345,0.21737523199071,1,0.0,3.7242996888903,3.7738836162965,4.840594801353,1.0399417360746,0.49021007919779,0.72795921525222,nach_rueckkehr,0,0,15
alle_lehrkraefte,498,1520,2026-01-23,23,7,4,39,19,0.49890944851669,0.18535484542991,0.078027851905122,0.37134610695099,0.44152002329115,0.44067226904657,0.36967824060641,1.9599487347091,0.80709797426053,0.29079214398757,1.5914566229846,1.7927970892779,1.7989762383686,1.5643033558089,kognition,1.9599487347091,0.19988519587507,1,0.0,4.0009476796282,4.0789880899477,4.6876347106964,1.0561156638974,0.48635396225934,0.73928096472818,nach_rueckkehr,0,0,15
alle_lehrkraefte,449,1443,2026-01-26,26,0,5,51,26,0.44723512480898,0.1401511588331,0.12526560975608,0.37923536441982,0.40961472972936,0.47570734539179,0.42939441993188,1.7358903778754,0.55330991998766,0.43031046665954,1.4547063566845,1.5939584214588,1.7666819314682,1.6243898913274,performanz,1.7666819314682,0.19288505495879,1,0.0,3.7311279754003,3.800814701902,4.6876347106964,1.0036949321048,0.4990779703922,0.70258645247335,nach_rueckkehr,0,0,18
alle_lehrkraefte,311,1163,2026-01-26,12,1,4,36,23,0.49024368815971,0.12206003623231,0.095757806750354,0.37504464423713,0.42956955622964,0.42903552956693,0.43449649407106,1.9050563235097,0.52686056082383,0.38779203419286,1.5099371761248,1.7002250436527,1.6989216833303,1.7118083767009,kognition,1.9050563235097,0.20126131137956,1,0.0,3.8787243505591,3.9502786586922,4.6876347106964,0.95371048743393,0.51184656397757,0.66759734120375,nach_rueckkehr,0,0,18
alle_lehrkraefte,486,1496,2026-01-27,28,0,5,43,21,0.49179392694046,0.091757539569351,0.12906792254536,0.37017602347942,0.43090022549599,0.45080041798041,0.4008292690756,1.8367666401737,0.36452955720721,0.51009276695077,1.3712707836124,1.6194955222079,1.6559285920295,1.4936033885497,kognition,1.8367666401737,0.20750469239884,1,0.0,3.6390779068407,3.7263599986143,4.9211234034393,1.1253768786487,0.47050478907806,0.78776381505409,nach_rueckkehr,0,0,19
alle_lehrkraefte,333,1223,2026-01-27,19,1,4,39,20,0.4518346686982,0.13409231099382,0.10580684633309,0.35222325803278,0.45362782520408,0.44915799130944,0.43185763525066,1.5850196614452,0.45825562971365,0.35513249668121,1.230852520179,1.5865799187158,1.5444252615151,1.5068394283866,methodik,1.5865799187158,0.18992673504077,1,0.0,3.3965354194798,3.4772280999134,4.2195669844004,0.84998536145492,0.54054481772415,0.59498975301844,nach_rueckkehr,0,0,19
alle_lehrkraefte,360,1275,2026-01-27,23,2,4,33,21,0.45017660385416,0.11927560891822,0.20283140238323,0.39015462022815,0.35390575970889,0.52235104919099,0.39000900351265,1.6745907224805,0.53528604506198,0.81751575535178,1.5105337495212,1.3433442448335,1.9033187338269,1.5148163772082,performanz,1.9033187338269,0.20467100908449,1,0.0,3.7098105175155,3.7862291871979,4.770377344071,1.02015059133,0.49501260168017,0.714105413931,nach_rueckkehr,0,0,19
alle_lehrkraefte,421,1394,2026-01-27,23,2,4,43,21,0.49808908661869,0.15422803699381,0.20653766095081,0.36598567185039,0.40088462236758,0.41719965003596,0.3886275887975,1.7484448306438,0.58384921322692,0.75658759882057,1.3581937588895,1.4381425157483,1.5054984649668,1.4530155368586,kognition,1.7484448306438,0.1977044133209,1,0.0,3.501583639575,3.6174237663126,4.770377344071,1.1233826498632,0.47094667560953,0.78636785490421,nach_rueckkehr,0,0,19
alle_lehrkraefte,378,1297,2026-01-28,19,0,5,42,22,0.5434404382156,0.05366371088274,0.11128607407172,0.32202635341993,0.44780285075762,0.47724109029121,0.36665028391762,2.0230067917243,0.21428571428571,0.41733601647675,1.2187051585942,1.6780436354116,1.7827867251497,1.3769419534359,kognition,2.0230067917243,0.23223305890978,1,0.0,3.6997316867294,3.743492522204,3.9931114364572,0.6258045470161,0.61508008563227,0.43806318291127,nach_rueckkehr,0,0,20
alle_lehrkraefte,591,1726,2026-01-28,19,0,4,41,23,0.45928811633482,0.060969809748535,0.16534488780498,0.38952480693775,0.3881036962231,0.47391108213758,0.43829955221291,1.7611153504261,0.25207317073171,0.69582731964821,1.4669094486465,1.4441208925701,1.8168897906693,1.5670174618933,performanz,1.8168897906693,0.20150402317753,1,0.0,3.6936681686205,3.7504678648831,4.2145445230141,0.9607462496273,0.51000990066414,0.67252237473911,nach_rueckkehr,0,0,20
alle_lehrkraefte,341,1248,2026-01-28,19,3,5,42,22,0.42634925061573,0.15875251513426,0.15583771806989,0.25126172790081,0.33500833266939,0.27299083652323,0.45637321040686,1.0910110576388,0.26930546065227,0.33103819314207,0.70217399795504,0.87813496268475,0.84514877641048,1.0097258730229,kognition,1.0910110576388,0.21911048181516,1,0.0,2.0905523129928,2.2880068261113,3.2164627232014,1.3454038575715,0.42636580338681,0.94178270030005,nach_rueckkehr,0,0,20
alle_lehrkraefte,407,1366,2026-01-28,19,3,4,31,21,0.51347962644173,0.12434164226901,0.13095237531757,0.37689541829244,0.40150059021657,0.44241076906591,0.40871192289585,1.9236910395482,0.43677419354839,0.53331377198626,1.4046814669562,1.5241418289189,1.6591257767381,1.5288376161151,kognition,1.9236910395482,0.21349281553649,1,0.0,3.682657142463,3.7453429660773,4.2117482404431,0.87069977230065,0.53455932095943,0.60948984061045,nach_rueckkehr,0,0,20
alle_lehrkraefte,679,1911,2026-01-28,23,3,5,41,24,0.45850508272838,0.068066144123519,0.1146428762857,0.36511619349689,0.42760554347149,0.45780379234015,0.46971413167755,1.8684388480946,0.28099463853198,0.45892614823303,1.5124385184176,1.7665409262029,1.8713189451754,1.9348076361443,regulation,1.9348076361443,0.19959916337958,1,0.0,4.0538977817506,4.1049018155089,4.9983860457275,0.7910604453336,0.55832844871617,0.55374231173352,nach_rueckkehr,0,0,20
alle_lehrkraefte,399,1343,2026-01-28,23,4,5,47,26,0.35786251368324,0.19445430205387,0.23449447211654,0.42869277479909,0.32856343784821,0.51687191674779,0.3929326961295,1.2973654504683,0.66327503707887,0.74940604979088,1.4492201100322,1.1883362317104,1.6708066736874,1.394139626263,performanz,1.6708066736874,0.19860884473068,1,0.0,3.3064032542351,3.3968265575853,4.3304123418736,1.1192447049411,0.47186622557954,0.78347129345878,nach_rueckkehr,1,0,20
alle_lehrkraefte,508,1534,2026-01-28,23,4,5,58,28,0.43987959264071,0.1568412906168,0.16121978106707,0.40824550319074,0.35597454996601,0.50648619808337,0.39018465738889,1.568950687702,0.54185466607124,0.5294338243941,1.3613923269057,1.2995751570202,1.7263646255647,1.3281222197963,performanz,1.7263646255647,0.20660937647181,1,0.0,3.3648240699353,3.4328516374042,4.4094769977487,0.94407785493934,0.51438269175244,0.66085449845754,nach_rueckkehr,1,0,20
alle_lehrkraefte,644,1865,2026-01-28,23,4,4,27,16,0.45438041748702,0.1099823597709,0.048276698476267,0.3868013535781,0.35196642311733,0.52458169279584,0.42876331337205,1.3646142386149,0.35429579225912,0.18254527691021,1.131892317419,1.0645917482989,1.4901795610271,1.2055406965103,performanz,1.4901795610271,0.21934857528314,1,0.0,2.8477218281618,2.9118189618376,3.933743338039,1.1058448023062,0.47486880272698,0.77409136161437,nach_rueckkehr,1,0,20
alle_lehrkraefte,476,1481,2026-01-29,18,0,4,37,17,0.51778620243373,0.062162091754375,0.11977598448663,0.32060579047419,0.41909239291756,0.46253185547818,0.39548311710932,1.7322666885859,0.25783783783784,0.46926898364538,1.0452735199871,1.4044240718551,1.4390178638533,1.2518366615696,kognition,1.7322666885859,0.22720529627283,1,0.0,3.1607456011118,3.2573793528571,4.1478207849846,1.1647138955129,0.46195481170646,0.81529972685901,nach_rueckkehr,0,0,21
alle_lehrkraefte,322,1176,2026-01-29,23,5,5,49,24,0.45673113979618,0.073632800670015,0.1205595069281,0.24993967510687,0.34534941133304,0.28903930405971,0.25887838904678,1.6079852293231,0.24173404156936,0.47159245924827,0.85199432798529,1.2274687456835,1.1022101112889,0.92563341621501,kognition,1.6079852293231,0.22077679856489,1,0.13953488372093,2.6778143138359,3.293400657036,4.1478207849846,1.7606178548379,0.36223774987456,1.2742929635028,nach_rueckkehr,0,0,21
alle_lehrkraefte,420,1392,2026-01-29,23,5,4,36,20,0.44952068965993,0.055835139214942,0.12787695131655,0.36882841629318,0.38541353228568,0.50542986575101,0.4624475149517,1.7168409638377,0.21163327264182,0.46252743391718,1.4423460900145,1.4949130043477,1.9263205903789,1.7892599644429,performanz,1.9263205903789,0.21299805274206,1,0.0,3.7991515546962,3.8460767777806,4.840594801353,0.9127441784187,0.52280906735093,0.63892092489309,nach_rueckkehr,0,0,21
alle_lehrkraefte,678,1909,2026-01-29,23,5,5,44,23,0.20210589880637,0.16982835464984,0.087966849760668,0.24770460919618,0.21319897995149,0.29529019058986,0.26504426486386,0.52608742942542,0.58165435646082,0.27844860530929,0.70379488130408,0.58074468523016,0.81339137912543,0.67793676127759,performanz,0.81339137912543,0.20290875693868,1,0.25714285714286,1.6267817345569,3.6616847759088,4.9952554499874,2.7680976131884,0.2653859062727,2.0148111863747,nach_rueckkehr,0,0,21
alle_lehrkraefte,590,1725,2026-01-29,1,6,5,43,25,0.45366710667541,-0.0041633883293623,0.062841993482385,0.34884872650217,0.40544388215212,0.51623109633709,0.44289130620747,1.429087083461,-0.025330312616767,0.18565707364889,1.0829646332558,1.3124254140779,1.5163989713273,1.3753417839465,performanz,1.5163989713273,0.21257596449589,1,0.0,3.0271610120971,3.0881988945001,4.2117482404431,1.0673130029664,0.48371968761629,0.74711910207648,nach_rueckkehr,0,1,21
alle_lehrkraefte,624,1770,2026-01-29,1,6,5,48,25,0.47308983417272,0.055361638114958,0.12802900474152,0.35944604562214,0.44882770252439,0.45489668626313,0.42372727596694,1.5635770444405,0.21813014440045,0.44265912744678,1.2596311496664,1.5042696640274,1.541374799153,1.4884389023131,kognition,1.5635770444405,0.19500639583328,1,0.0,3.336028406596,3.3949414785311,4.9211234034393,1.0800944860858,0.48074739233685,0.75606614026004,nach_rueckkehr,0,1,21
alle_lehrkraefte,643,1864,2026-01-29,1,6,5,46,26,0.49364063325968,0.10924668128657,0.17778244969054,0.3793148743326,0.42033110432245,0.45485673223838,0.4002825592593,2.0887388648946,0.46195553763126,0.74471147256039,1.5910662982712,1.7736293823589,1.8890816972235,1.681342245168,kognition,2.0887388648946,0.20416730941933,1,0.0,4.1477250026328,4.1994473121319,4.8184848736233,0.74114029059752,0.57433625848542,0.51879820341827,nach_rueckkehr,0,1,21
alle_lehrkraefte,680,1996,2026-01-29,1,6,5,47,24,0.48696407137365,0.10736130349789,0.13281763705516,0.36416729601996,0.39786400551125,0.48420697091349,0.42688226291994,1.8580327730429,0.44692832037184,0.51264584534153,1.3935793385374,1.5336291268935,1.8251542602654,1.6199937943729,kognition,1.8580327730429,0.20218064863561,1,0.0,3.7635735825441,3.8101573322892,4.4094769977487,0.82614491723465,0.54760166652837,0.57830144206425,nach_rueckkehr,0,1,21
alle_lehrkraefte,359,1274,2026-01-29,18,11,5,40,24,0.50920494807119,0.082786194333694,0.15471157368451,0.35290047711063,0.4153633777017,0.46604522526877,0.38232701941032,1.7313090492134,0.3174228536452,0.56629469885472,1.2265470518872,1.4080164731752,1.5786566784914,1.3102475263468,kognition,1.7313090492134,0.21273087854693,1,0.0,3.3338733518124,3.4096012553789,4.2117482404431,1.0690729942662,0.48330822681036,0.74835109598634,nach_rueckkehr,0,0,21
lehrkraft_1_thiele,15,68,2024-11-15,1,7,1,10,7,0.38584210710878,0.20475654702027,0.094389622887818,0.50624833129389,0.40597887647218,0.34812601160082,0.50792425020403,1.2368801353658,0.65638068248491,0.30258141188747,1.6228620282829,1.3014318510991,1.1159750074446,1.6282344611259,regulation,1.6282344611259,0.20704004485063,1,0.0,3.2056539557411,3.2056539557411,3.2056539557411,3.1401849173676e-16,1.0,2.1981294421573e-16,vor_abwesenheit,0,1,-419
lehrkraft_1_thiele,209,820,2024-11-28,1,0,1,2,1,0.0,0.0,0.0,0.0,0.0,0.0,0.0,0.0,0.0,0.0,0.0,0.0,0.0,0.0,kognition,0.0,0.0,0,0.0,0.0,0.0,0.0,0.0,1.0,0.0,vor_abwesenheit,0,1,-406
lehrkraft_1_thiele,235,934,2024-12-06,1,7,1,2,2,0.35754733876044,0.0,0.18564278707616,0.53374679901391,0.34825512002736,0.4673163655838,0.46166848620052,1.0207780896184,0.0,0.53,1.5238179082138,0.99424931354205,1.3341626553894,1.3180382687634,motivation,1.5238179082138,0.22672331878317,1,0.0,2.8549352868458,2.8549352868458,2.8549352868458,0.0,1.0,0.0,vor_abwesenheit,0,1,-398
lehrkraft_1_thiele,156,640,2025-01-28,1,2,1,10,5,0.10787884677906,0.0,0.10349779588682,-0.55671700191943,-0.31445795583399,-0.24861863497391,-0.71204652096068,0.19160044264252,0.0,0.18381938717841,-0.98876867133036,-0.55849951430841,-0.44156423555159,-1.264644855516,regulation,-1.264644855516,0.34849289422984,-1,0.0,1.7760605491683,1.7760605491683,1.7760605491683,0.0,1.0,0.0,vor_abwesenheit,0,1,-345
lehrkraft_1_thiele,138,540,2025-01-30,1,0,1,10,4,0.58154349185122,0.0,0.21828400442796,0.37225775439185,0.44072008422283,0.39914501357092,0.34932376646031,2.1552661542541,0.0,0.8089852837335,1.3796294687185,1.6333586298108,1.4792767014729,1.294633507688,kognition,2.1552661542541,0.24628377034899,1,0.0,3.7061034454334,3.7061034454334,3.7061034454334,2.2204460492503e-16,1.0,1.5543122344752e-16,vor_abwesenheit,0,1,-343
lehrkraft_1_thiele,62,285,2025-02-04,1,0,1,4,2,0.33230377068704,0.0,0.0,0.3984365934718,0.54655225441948,0.40936763856019,0.51430567140873,0.608,0.0,0.0,0.729,1.0,0.749,0.941,methodik,1.0,0.24832381425379,1,0.0,1.8296412216607,1.8296412216607,1.8296412216607,0.0,1.0,0.0,vor_abwesenheit,0,1,-338
lehrkraft_1_thiele,251,1006,2025-02-07,1,7,1,3,3,0.36839078685677,0.0,-0.44435234991286,0.20814889136234,0.46996745227656,-0.34082409501138,0.53520953898983,0.21969853098828,0.0,-0.265,0.12413449871895,0.28027617020077,-0.20325848438908,0.31918482677118,regulation,0.31918482677118,0.22612323967291,1,0.0,0.59636357617658,0.59636357617658,0.59636357617658,0.0,1.0,0.0,vor_abwesenheit,0,1,-335
lehrkraft_1_thiele,204,801,2025-02-10,1,1,1,8,2,0.24950992013753,0.0,0.2175004238041,0.35949126651394,0.19698151589805,0.82075631624187,0.22078344906906,0.304,0.0,0.265,0.438,0.24,1.0,0.269,performanz,1.0,0.39745627980922,1,0.0,1.2183784305379,1.2183784305379,1.2183784305379,0.0,1.0,0.0,vor_abwesenheit,0,1,-332
lehrkraft_1_thiele,42,178,2025-02-10,1,2,1,5,5,0.48166660719416,0.0,0.1398042758767,0.32968190077148,0.32133498158981,0.65529375268848,0.3272452130188,1.5084784915336,0.0,0.43783758316345,1.0324943621454,1.0063535671058,2.052242187444,1.0248631686796,performanz,2.052242187444,0.2905924544661,1,0.0,3.1317796424684,3.1317796424684,3.1317796424684,0.0,1.0,0.0,vor_abwesenheit,0,1,-332
lehrkraft_1_thiele,135,535,2025-02-18,1,2,1,9,5,0.51126861938186,0.0,0.15697092626673,0.35506527073211,0.41746093921572,0.53677880329532,0.35423625582924,2.1589432128455,0.0,0.66284395918404,1.4993405174976,1.7628198312612,2.2666655261864,1.4958398213272,performanz,2.2666655261864,0.23020122642168,1,0.0,4.2227080214107,4.2227080214107,4.2227080214107,0.0,1.0,0.0,vor_abwesenheit,0,1,-324
lehrkraft_1_thiele,134,534,2025-02-20,1,0,1,4,1,0.0,0.0,0.0,0.0,0.0,0.0,0.0,0.0,0.0,0.0,0.0,0.0,0.0,0.0,kognition,0.0,0.0,0,0.0,0.0,0.0,0.0,0.0,1.0,0.0,vor_abwesenheit,0,1,-322
lehrkraft_1_thiele,640,1847,2025-02-20,1,6,1,6,2,0.29494245967888,0.0,0.36832408635619,0.57888457203824,0.26721888278764,0.41844288561889,0.44241825442017,1.2622010356889,0.0,1.5762364081933,2.477326279731,1.1435584790925,1.790718922531,1.89332108895,motivation,2.477326279731,0.2442312743467,1,0.0,4.2794722999141,4.2794722999141,4.2794722999141,2.2204460492503e-16,1.0,1.5543122344752e-16,vor_abwesenheit,0,1,-322
lehrkraft_1_thiele,250,1002,2025-02-21,1,7,1,4,2,0.2605465039152,0.0,0.34096209154335,0.64332470102519,0.23224021707009,0.40143461343972,0.43231419908893,0.405,0.0,0.53,1.0,0.361,0.624,0.672,motivation,1.0,0.27839643652561,1,0.0,1.5544150025009,1.5544150025009,1.5544150025009,0.0,1.0,0.0,vor_abwesenheit,0,1,-321
lehrkraft_1_thiele,175,717,2025-02-26,1,3,1,1,1,0.0,0.0,0.0,0.0,0.0,0.0,0.0,0.0,0.0,0.0,0.0,0.0,0.0,0.0,kognition,0.0,0.0,0,0.0,0.0,0.0,0.0,0.0,1.0,0.0,vor_abwesenheit,0,1,-316
lehrkraft_1_thiele,203,797,2025-02-26,1,3,1,1,1,0.24950992013753,0.0,0.2175004238041,0.35949126651394,0.19698151589805,0.82075631624187,0.22078344906906,0.304,0.0,0.265,0.438,0.24,1.0,0.269,performanz,1.0,0.39745627980922,1,0.0,1.2183784305379,1.2183784305379,1.2183784305379,0.0,1.0,0.0,vor_abwesenheit,0,1,-316
lehrkraft_1_thiele,249,1000,2025-02-28,1,7,1,3,2,0.2605465039152,0.0,0.34096209154335,0.64332470102519,0.23224021707009,0.40143461343972,0.43231419908893,0.405,0.0,0.53,1.0,0.361,0.624,0.672,motivation,1.0,0.27839643652561,1,0.0,1.5544150025009,1.5544150025009,1.5544150025009,0.0,1.0,0.0,vor_abwesenheit,0,1,-314
lehrkraft_1_thiele,41,171,2025-03-04,1,0,1,4,3,0.42799992106815,0.0,0.09951581277891,0.40617593558213,0.34257092543608,0.58433652380286,0.42792786460941,1.1397181605203,0.0,0.265,1.0816032138369,0.91222985277975,1.5560258664799,1.1395262818526,performanz,1.5560258664799,0.25533302778278,1,0.0,2.6628833895032,2.6628833895032,2.6628833895032,0.0,1.0,0.0,vor_abwesenheit,0,1,-310
lehrkraft_1_thiele,133,531,2025-03-04,1,2,1,9,6,0.55890708267316,0.0,0.0092704313701004,0.30898794338983,0.51783819571669,0.3765680037892,0.42672769817645,1.5977721130427,0.0,0.026501787467389,0.88331734293549,1.48036669034,1.0765114162462,1.2199051276077,kognition,1.5977721130427,0.25424521067733,1,0.0,2.8587337206929,2.8587337206929,2.8587337206929,0.0,1.0,0.0,vor_abwesenheit,0,1,-310
lehrkraft_1_thiele,61,283,2025-03-10,1,2,1,4,2,0.49980710653328,0.0,0.0,0.3995168647618,0.39513259189747,0.41047754692261,0.51570009566646,0.912,0.0,0.0,0.729,0.721,0.749,0.941,regulation,0.941,0.2322309970385,1,0.0,1.8246939469401,1.8246939469401,1.8246939469401,0.0,1.0,0.0,vor_abwesenheit,0,1,-304
lehrkraft_1_thiele,230,910,2025-03-21,1,7,1,1,1,0.49980710653328,0.0,0.0,0.3995168647618,0.39513259189747,0.41047754692261,0.51570009566646,0.912,0.0,0.0,0.729,0.721,0.749,0.941,regulation,0.941,0.2322309970385,1,0.0,1.8246939469401,1.8246939469401,1.8246939469401,0.0,1.0,0.0,vor_abwesenheit,0,1,-293
lehrkraft_1_thiele,248,994,2025-03-21,1,7,1,1,1,0.49980710653328,0.0,0.0,0.3995168647618,0.39513259189747,0.41047754692261,0.51570009566646,0.912,0.0,0.0,0.729,0.721,0.749,0.941,regulation,0.941,0.2322309970385,1,0.0,1.8246939469401,1.8246939469401,1.8246939469401,0.0,1.0,0.0,vor_abwesenheit,0,1,-293
lehrkraft_1_thiele,131,524,2025-03-25,1,2,1,6,1,0.0,0.0,0.0,0.0,0.0,0.0,0.0,0.0,0.0,0.0,0.0,0.0,0.0,0.0,kognition,0.0,0.0,0,0.0,0.0,0.0,0.0,0.0,1.0,0.0,vor_abwesenheit,0,1,-289
lehrkraft_1_thiele,40,163,2025-04-01,1,0,1,4,3,0.46715926755757,0.31714834091772,0.41008150150236,0.39892873071411,0.36929884023285,0.33739546972809,0.32193548568629,1.114246137927,0.75644718741235,0.97810695627057,0.95150589611616,0.88083408603188,0.80473967917649,0.76786525816575,kognition,1.114246137927,0.17817261530434,1,0.0,2.3851425920755,2.3851425920755,2.3851425920755,0.0,1.0,0.0,vor_abwesenheit,0,1,-282
lehrkraft_1_thiele,155,621,2025-04-03,1,5,1,4,2,0.33230377068704,0.0,0.0,0.3984365934718,0.54655225441948,0.40936763856019,0.51430567140873,0.608,0.0,0.0,0.729,1.0,0.749,0.941,methodik,1.0,0.24832381425379,1,0.0,1.8296412216607,1.8296412216607,1.8296412216607,0.0,1.0,0.0,vor_abwesenheit,0,1,-280
lehrkraft_1_thiele,60,276,2025-04-28,1,2,1,4,1,0.0,0.0,0.0,0.0,0.0,0.0,0.0,0.0,0.0,0.0,0.0,0.0,0.0,0.0,kognition,0.0,0.0,0,0.0,0.0,0.0,0.0,0.0,1.0,0.0,vor_abwesenheit,0,1,-255
lehrkraft_1_thiele,154,588,2025-04-29,1,2,1,1,1,0.0,0.0,0.0,0.0,0.0,0.0,0.0,0.0,0.0,0.0,0.0,0.0,0.0,0.0,kognition,0.0,0.0,0,0.0,0.0,0.0,0.0,0.0,1.0,0.0,vor_abwesenheit,0,1,-254
lehrkraft_1_thiele,174,696,2025-04-30,1,3,1,8,3,0.40729142780461,0.0,0.19532558530984,0.52233322670971,0.28803064528438,0.4531621494934,0.48456645748095,1.1051519768597,0.0,0.53,1.4173084888854,0.78154759786621,1.2296184283821,1.3148314495385,motivation,1.4173084888854,0.22220237271722,1,0.0,2.7134082096998,2.7134082096998,2.7134082096998,0.0,1.0,0.0,vor_abwesenheit,0,1,-253
lehrkraft_1_thiele,202,782,2025-04-30,1,3,1,8,5,0.4431765522133,0.0,0.20414274858276,0.45632397547202,0.45298554354219,0.41228366005444,0.42250306907492,1.4415047862759,0.0,0.66400793926464,1.4842689475565,1.4734101474204,1.3410205623554,1.3742608746923,motivation,1.4842689475565,0.19081751629254,1,0.0,3.2526548331839,3.2526548331839,3.2526548331839,0.0,1.0,0.0,vor_abwesenheit,0,1,-253
lehrkraft_1_thiele,546,1585,2025-04-30,1,4,1,3,3,0.36116696197119,0.0,0.17763184300839,0.52830772248059,0.3527145628206,0.46973204566868,0.4624213243881,1.0223383949925,0.0,0.50281413418776,1.4954559135618,0.99841258479581,1.3296484900626,1.3089543739135,motivation,1.4954559135618,0.2246230694209,1,0.0,2.8306431400679,2.8306431400679,2.8306431400679,0.0,1.0,0.0,vor_abwesenheit,1,1,-253
lehrkraft_1_thiele,128,513,2025-05-06,1,2,1,6,4,0.57389125067528,0.50603915037956,0.097101131660258,0.32065199944885,0.33254628835552,0.38416965505942,0.21011133052848,1.7011270281504,1.5,0.28782693469693,0.95047586498499,0.98573288679174,1.1387547429026,0.62281148712768,kognition,1.7011270281504,0.236703935998,1,0.0,2.9641875307146,2.9641875307146,2.9641875307146,1.1102230246252e-16,1.0,7.7715611723761e-17,vor_abwesenheit,0,1,-247
lehrkraft_1_thiele,74,329,2025-06-24,1,1,1,4,1,0.0,0.0,0.0,0.0,0.0,0.0,0.0,0.0,0.0,0.0,0.0,0.0,0.0,0.0,kognition,0.0,0.0,0,0.0,0.0,0.0,0.0,0.0,1.0,0.0,vor_abwesenheit,0,1,-198
lehrkraft_1_thiele,715,2105,2025-06-25,1,4,1,1,1,0.0,0.0,0.0,0.0,0.0,0.0,0.0,0.0,0.0,0.0,0.0,0.0,0.0,0.0,kognition,0.0,0.0,0,0.0,0.0,0.0,0.0,0.0,1.0,0.0,vor_abwesenheit,1,1,-197
lehrkraft_1_thiele,716,2150,2025-08-22,1,7,5,44,21,0.55440786001233,0.029909063915193,0.14391426743343,0.31538923973664,0.44015227289641,0.48486130487831,0.31935926579651,2.0328493693856,0.13115255281823,0.50320734091423,1.2432947982643,1.6518578469034,1.7950377692976,1.2847646050939,kognition,2.0328493693856,0.23522456908859,1,0.0,3.6810449826301,3.7472914762812,4.3850337175204,0.90612702128589,0.52462400922547,0.63428891490012,vor_abwesenheit,0,1,-139
lehrkraft_1_thiele,227,867,2025-08-25,1,0,5,40,27,0.43590166243087,0.15913832850666,0.18858501379049,0.4231243562731,0.34679129700027,0.43310277249168,0.40917105248177,1.5365883086265,0.54119637852964,0.63995388183556,1.4852314459351,1.2435486398785,1.550111149347,1.4559013940752,performanz,1.550111149347,0.18339017188981,1,0.0,3.3672477238178,3.5132597951791,4.4608733210844,1.2031162524609,0.45390251144623,0.84218137672263,vor_abwesenheit,0,1,-136
lehrkraft_1_thiele,201,757,2025-08-25,1,1,5,42,26,0.46188468550316,0.10016476578392,0.091816667970578,0.38222623729831,0.43187468693952,0.44271487430351,0.43918868629407,1.7897462548895,0.35011037175799,0.36632117462032,1.4571627892822,1.6499642797312,1.7105562085237,1.6785342426538,kognition,1.7897462548895,0.1970489171605,1,0.0,3.7482189633767,3.8352543444507,4.290361661197,0.84475998801961,0.54207593751723,0.59133199161373,vor_abwesenheit,0,1,-136
lehrkraft_1_thiele,39,137,2025-08-25,1,2,5,39,24,0.44162500547214,0.10054822070381,0.18931478219382,0.39364390269977,0.41114415223836,0.48171362890209,0.41360415233394,1.8171501683659,0.40394160978504,0.76464065326155,1.6338245056545,1.7001686790466,1.9933100167038,1.7215588138319,performanz,1.9933100167038,0.19864380442096,1,0.0,4.067786192979,4.133219296861,4.5170133117316,0.77923761424175,0.56203847760164,0.54546632996922,vor_abwesenheit,0,1,-136
lehrkraft_1_thiele,59,266,2025-08-25,1,2,5,35,20,0.50932851291964,0.16020340339872,0.13659312662677,0.34199354274426,0.45976146141145,0.40722652473803,0.29963111456522,1.5473146026905,0.52166812336427,0.40008396347368,1.0736346070873,1.4102478417633,1.2533056864833,0.94490747142861,kognition,1.5473146026905,0.21349369727486,1,0.0,2.9037050136901,3.0837812877422,3.414990033546,1.0712201907808,0.48280718991205,0.74985413354659,vor_abwesenheit,0,1,-136
lehrkraft_1_thiele,73,322,2025-08-26,1,1,4,37,21,0.56018468355588,0.044136438926991,0.19325197575753,0.31621030067076,0.45811690262259,0.46029255703815,0.31619687449503,2.1205090835183,0.19337837837838,0.74388070020295,1.2230770562244,1.7429673910864,1.7581495420521,1.2354297553726,kognition,2.1205090835183,0.23515769364654,1,0.0,3.7733992329428,3.8237319760173,4.3813670000398,0.67016047028851,0.59874486181993,0.46911232920196,vor_abwesenheit,0,1,-135
lehrkraft_1_thiele,106,426,2025-08-26,1,2,4,38,22,0.53339464281894,0.062009966812159,0.17365767361923,0.33913145436462,0.42891214838348,0.47751868561946,0.34226847835749,2.0511672168401,0.25105263157895,0.67947702508328,1.3181943013021,1.6572368250826,1.8434312672653,1.3350972015149,kognition,2.0511672168401,0.22452324295195,1,0.0,3.7943111216527,3.8678066837607,4.290361661197,0.79098658228754,0.55835147504162,0.55369060760128,vor_abwesenheit,0,1,-135
lehrkraft_1_thiele,125,454,2025-08-26,1,2,4,26,16,0.61041496213592,0.050615338933403,0.13016910982961,0.25913772770435,0.46258493066791,0.43906611750552,0.28273972823155,2.0983940696097,0.22195047400008,0.42905471050674,0.97184748281347,1.6259208950481,1.5401374463304,1.0511534926318,kognition,2.0983940696097,0.26433268509974,1,0.0,3.4207690559808,3.5162239386591,4.3850337175204,0.9703160483234,0.50753278939738,0.67922123382638,vor_abwesenheit,0,1,-135
lehrkraft_1_thiele,153,558,2025-08-26,1,2,4,37,21,0.39157264915942,0.097012966803165,0.1425410031456,0.40296368850129,0.3187588588016,0.52311545044837,0.46150482762167,1.3056920508842,0.34420209303533,0.52757040554528,1.295902161337,1.0639387132209,1.6619284988896,1.4631696859857,performanz,1.6619284988896,0.21395520812477,1,0.0,3.1330236526487,3.2342325764046,3.5934849692513,0.90402626964652,0.52520283776633,0.63281838875257,vor_abwesenheit,0,1,-135
lehrkraft_1_thiele,475,1479,2025-08-26,1,2,4,34,24,0.46981284808954,0.086118565086626,0.16834620709659,0.38991455295283,0.42094370634135,0.43685419586879,0.4266108287231,1.9691095741706,0.41081891297881,0.75446501412238,1.7041568664666,1.7946792459402,1.8674778943321,1.8547206927308,kognition,1.9691095741706,0.19015240470979,1,0.0,4.2033164176734,4.2930322691041,4.770377344071,1.0439094455177,0.48925846602108,0.7307366118624,vor_abwesenheit,0,1,-135
lehrkraft_1_thiele,97,391,2025-08-26,1,4,4,38,22,0.53339464281894,0.062009966812159,0.17365767361923,0.33913145436462,0.42891214838348,0.47751868561946,0.34226847835749,2.0511672168401,0.25105263157895,0.67947702508328,1.3181943013021,1.6572368250826,1.8434312672653,1.3350972015149,kognition,2.0511672168401,0.22452324295195,1,0.0,3.7943111216527,3.8678066837607,4.290361661197,0.79098658228754,0.55835147504162,0.55369060760128,vor_abwesenheit,1,1,-135
lehrkraft_1_thiele,173,666,2025-08-27,1,3,4,35,22,0.45060375796979,0.089984046459909,0.18659619185364,0.39335473581286,0.38117561489868,0.51630344580878,0.32607684127078,1.6426135899916,0.18909601282786,0.52703569133722,1.335656504014,1.4412361609969,1.7702281431502,1.2548915686485,performanz,1.7702281431502,0.21691958204422,1,0.0,3.4031314732731,3.510779025427,4.7417226108447,1.2281094658962,0.44881098317034,0.85967662612731,vor_abwesenheit,0,1,-134
lehrkraft_1_thiele,200,756,2025-08-27,1,3,4,28,17,0.44266012593266,0.17618723575529,0.22932192296204,0.3997094145235,0.3907881483488,0.42044169342409,0.30724892230385,1.3322870306373,0.33781093949587,0.5217512929594,1.053292399093,1.2241914226791,1.2380343330081,0.97858876660565,kognition,1.3322870306373,0.19926649141528,1,0.0,2.694394899738,2.8460983386786,3.8701983392444,1.3063676559512,0.43358221635638,0.91445735916584,vor_abwesenheit,0,1,-134
lehrkraft_1_thiele,247,957,2025-08-27,1,3,4,32,23,0.49157659201861,0.14310424568517,0.17628347518909,0.39321540712965,0.4248669930555,0.45001899288853,0.38095813554055,1.8759102403974,0.52083521586301,0.63294765496769,1.4731768798668,1.631031597135,1.7069967375403,1.4494755486785,kognition,1.8759102403974,0.20191977909056,1,0.0,3.7465000606509,3.7904220947862,4.3850337175204,0.7083019659699,0.5853766019828,0.49581137617893,vor_abwesenheit,0,1,-134
lehrkraft_1_thiele,49,209,2025-08-27,1,4,5,34,22,0.52382952730813,0.053435750682876,0.11736782905954,0.32767333092197,0.45168189594479,0.43456672217544,0.38907728435951,1.7650637456928,0.16650834625498,0.37124237386237,1.1321088687393,1.5207524167175,1.4868440020023,1.3496445813569,kognition,1.7650637456928,0.22651777733297,1,0.0,3.3026655812827,3.3933038962029,3.8956169978604,0.84838165130611,0.54101381026661,0.59386715591428,vor_abwesenheit,1,1,-134
lehrkraft_1_thiele,539,1569,2025-08-27,1,4,5,33,23,0.47236051942107,0.10885261265991,0.16189307810907,0.38789685969399,0.39626600551701,0.51568030586515,0.35373404394205,1.6967592621359,0.42658999849115,0.5962842212257,1.4238873032806,1.427309904014,1.8498179296971,1.3063002585772,performanz,1.8498179296971,0.21196617004174,1,0.0,3.5509775057112,3.6198752619512,4.1967909784104,0.81136601425175,0.55206953875254,0.56795620997623,vor_abwesenheit,1,1,-134
lehrkraft_1_thiele,677,1903,2025-08-27,1,4,5,42,26,0.47745068948374,0.066418851794681,0.094485508053967,0.38322241158513,0.44809617641942,0.44692478574679,0.41137951761343,1.9310862089928,0.27944553152386,0.37793415063085,1.5715127719365,1.8260195781198,1.8215665824748,1.6931395241341,kognition,1.9310862089928,0.19880642029278,1,0.0,3.9923481972987,4.0743064897655,4.6046572277403,0.8709525497778,0.53448709862725,0.60966678484446,vor_abwesenheit,1,1,-134
lehrkraft_1_thiele,714,2101,2025-08-27,1,4,3,24,16,0.5485102695122,0.028511102035316,0.1726678450598,0.31452724637915,0.43655192675707,0.46726840837337,0.36785360969289,2.062594044394,0.09500141356608,0.6324203856766,1.1596188698584,1.6447776796835,1.7457645261649,1.3600490821039,kognition,2.062594044394,0.2370736167142,1,0.0,3.6892698234519,3.7345948246465,3.9620163447076,0.60202718668439,0.6242091322243,0.42141903067907,vor_abwesenheit,1,1,-134
lehrkraft_1_thiele,152,557,2025-08-28,1,5,4,25,18,0.49821901119068,0.10052534927911,0.098629023513241,0.36578572994524,0.40587598897535,0.49076345565317,0.38520502808639,1.7915890860035,0.35859818924151,0.3218064870075,1.3691470452354,1.491112775641,1.7228466316501,1.5067025761888,kognition,1.7915890860035,0.20925372024377,1,0.0,3.5746716828169,3.6342916180236,4.7275916595967,1.0764324812297,0.4815952404134,0.75350273686078,vor_abwesenheit,0,1,-133
lehrkraft_1_thiele,172,665,2025-08-28,1,5,5,47,26,0.49770107967273,0.0,0.088689714861662,0.34633481958757,0.44277106928074,0.49039226595851,0.41401832620199,1.9984076013484,0.0,0.3407673734506,1.3862868925114,1.7860320758831,1.9325456576463,1.6532459447588,kognition,1.9984076013484,0.21967075687926,1,0.0,3.9609862586377,3.9946631439501,4.7417226108447,0.77430860019481,0.56359981566352,0.54201602013636,vor_abwesenheit,0,1,-133
lehrkraft_1_thiele,621,1757,2025-08-28,1,6,5,47,29,0.5296762977361,0.13817226742004,0.204674671523,0.37677673621752,0.37812049734783,0.41768510391043,0.28907565477859,1.8560920218711,0.27132726296063,0.52469293111517,1.1950868253866,1.3687661016031,1.4811866529708,1.092156197145,kognition,1.8560920218711,0.23828715253353,1,0.0,3.2376644313846,3.3512480923394,4.4036519153337,1.2256045180183,0.44931612598019,0.85792316261283,vor_abwesenheit,0,1,-133
lehrkraft_1_thiele,700,2022,2025-08-28,1,6,5,29,18,0.46042935068709,0.12161159193869,0.0325236751972,0.40777483230484,0.41554581094193,0.41122461633141,0.45805718868478,1.1950038699352,0.37931034482759,0.069948413824215,1.0829925479609,1.1114189039775,1.0706040776356,1.202004622128,regulation,1.202004622128,0.19411075662225,1,0.0,2.5643588690303,2.6376268703916,3.2219433504903,0.90155710357944,0.52588481204042,0.63108997250561,vor_abwesenheit,0,1,-133
lehrkraft_1_thiele,226,866,2025-08-29,1,7,5,40,22,0.37515549273245,0.056609713582418,0.15044148191724,0.25531151026074,0.31436986251239,0.30467497106094,0.25393497077463,1.3902084955665,0.22889314187037,0.60411860170867,0.95138977695352,1.182212938523,1.1779737775253,0.98441092795656,kognition,1.3902084955665,0.18683274013429,1,0.17647058823529,2.6475437771247,3.3854406485777,3.9027212950711,1.7486338444795,0.36381710208817,1.2769848676063,vor_abwesenheit,0,1,-132
lehrkraft_1_thiele,246,956,2025-08-29,1,7,5,24,17,0.47095243137151,0.064774729809478,0.093402985904974,0.39036337787704,0.43357392077095,0.45139594536376,0.409065119448,1.3874774185045,0.16666666666667,0.2914099638554,1.0691841457077,1.3087613605649,1.3044157367988,1.1528076499519,kognition,1.3874774185045,0.20768372383346,1,0.0,2.8150076483392,2.886226482321,3.8904053841416,1.0002329266822,0.49994177511053,0.70016304867751,vor_abwesenheit,0,1,-132
lehrkraft_1_thiele,199,755,2025-09-01,1,1,5,30,22,0.46394770623086,0.11233353462592,0.13019869888817,0.39373037608791,0.39900687797079,0.43391565360563,0.44438961747386,1.8710602226458,0.34878634482911,0.49487614327883,1.5416615503204,1.6333522456314,1.7303920332194,1.7491618582858,kognition,1.8710602226458,0.19970138005362,1,0.0,3.8685661888418,3.9558783410888,4.7275916595967,1.1676307028603,0.46133319604693,0.81734149200223,vor_abwesenheit,0,1,-129
lehrkraft_1_thiele,13,15,2025-09-01,1,2,5,40,24,0.48958191659776,0.073468898630193,0.080413104436928,0.36813807092725,0.40487307211547,0.4879443604442,0.40954129262633,1.9572105696727,0.2625,0.31789740285776,1.483888021387,1.6269398633911,1.963456915324,1.6556227123859,performanz,1.963456915324,0.21186443319119,1,0.0,3.9301074827529,4.0120205366713,4.5184642616466,0.81314411285125,0.55152813993779,0.56920087899587,vor_abwesenheit,0,1,-129
lehrkraft_1_thiele,30,91,2025-09-01,1,2,5,47,21,0.54068875117131,0.04543972864262,0.18106284427144,0.33038477293479,0.43935957147398,0.47455030041733,0.32170385979759,2.2209841451358,0.15888064636454,0.72687841279276,1.3232544285434,1.8110229632305,1.9270027270933,1.3076509554216,kognition,2.2209841451358,0.23438797913895,1,0.0,3.9925509197962,4.0739745663967,4.4467495553359,0.76484378699103,0.56662238741535,0.53539065089372,vor_abwesenheit,0,1,-129
lehrkraft_1_thiele,38,136,2025-09-01,1,2,5,49,28,0.48070932950625,0.090113774364637,0.16750959339817,0.36858609161837,0.40122182629664,0.46100156615775,0.38297781030699,1.856266460043,0.41104945964182,0.68872340600577,1.479192029005,1.5605468081136,1.7845435482602,1.5441342247404,kognition,1.856266460043,0.19907504232115,1,0.0,3.7790591868308,3.934751624786,4.7275916595967,1.1835003529714,0.4579802328125,0.82845024707996,vor_abwesenheit,0,1,-129
lehrkraft_1_thiele,58,265,2025-09-01,1,2,4,26,19,0.4637651409527,0.065556205841021,0.17646615329606,0.39607257315251,0.37790478825314,0.50501493755587,0.38991385891414,1.7494435121201,0.22544422152475,0.64674398005878,1.4690343927508,1.4359277403648,1.8765409120108,1.4627438835582,performanz,1.8765409120108,0.21165876363782,1,0.0,3.6620529025168,3.7418447523042,4.0994612769517,0.81247405727313,0.55173203499779,0.56873184009119,vor_abwesenheit,0,1,-129
lehrkraft_1_thiele,225,865,2025-09-02,1,0,4,26,15,0.58294944645903,0.091633307459881,0.20539506471098,0.29988448399302,0.44483622152329,0.42772342754378,0.2355805668392,1.7159623321575,0.27567973567223,0.61348146118645,0.90240907111162,1.3044902402799,1.2859505164883,0.70100639029654,kognition,1.7159623321575,0.25238526896128,1,0.0,2.8386618597442,2.9680686880112,3.4593492831486,0.90363342793971,0.52531122080699,0.6325433995578,vor_abwesenheit,0,1,-128
lehrkraft_1_thiele,72,321,2025-09-02,1,1,5,40,22,0.43119609784783,0.10755355385798,0.21515146845965,0.42582229145663,0.36678426542508,0.43274592289823,0.39644907680396,1.6197205822923,0.30183419061536,0.70062671227746,1.4478088296377,1.3879590807093,1.5462066883887,1.3892707437901,kognition,1.6197205822923,0.19297488565037,1,0.0,3.3983651323764,3.5557247505585,4.6073855808479,1.3173885193978,0.43152021839646,0.92217196357846,vor_abwesenheit,0,1,-128
lehrkraft_1_thiele,105,425,2025-09-02,1,2,5,48,24,0.51723735471619,0.080391456385892,0.16390051814983,0.35123159831526,0.40192946330816,0.42956406460702,0.38749872887414,2.0618264543929,0.21033475858679,0.53752176269332,1.3823603774335,1.6127442364491,1.7113067025198,1.5716604433494,kognition,2.0618264543929,0.22687963247464,1,0.0,3.8072102711368,3.9141471002424,4.9125764837446,1.3194896098801,0.43112932937504,0.9236427269161,vor_abwesenheit,0,1,-128
lehrkraft_1_thiele,123,452,2025-09-02,1,2,3,29,14,0.51530964008585,0.023896930118298,0.17189530156586,0.35800613662811,0.42512507932172,0.49990438010551,0.36290622469153,2.0785902423691,0.093263297028809,0.68570030770662,1.4500510917248,1.7169709595518,2.0245605338509,1.4699520985218,kognition,2.0785902423691,0.21836021754117,1,0.0,4.0136843824552,4.0413292810199,4.1979491418417,0.44817475713,0.69052439636623,0.313722329991,vor_abwesenheit,0,1,-128
lehrkraft_1_thiele,151,556,2025-09-02,1,2,4,42,19,0.54983070793862,0.067760819895571,0.22532672314311,0.26449756928823,0.45027793921891,0.47621597689258,0.28753543056859,2.0571992894039,0.28383333333333,0.86222349726426,1.054896935587,1.6981282437004,1.81274813293,1.1239242717089,kognition,2.0571992894039,0.23132913516634,1,0.0,3.6880575206212,3.8079756355555,4.6687650182457,1.0067794888738,0.49831085355631,0.70474564221166,vor_abwesenheit,0,1,-128
lehrkraft_1_thiele,474,1478,2025-09-02,1,2,4,27,16,0.6371841674426,0.086518091839096,0.11998832967814,0.25426918486075,0.46533903823312,0.40620648323548,0.28728523350738,1.9878028753861,0.2962962962963,0.3759619919838,0.8052553008567,1.4570464259802,1.2653200111582,0.89998999292398,kognition,1.9878028753861,0.28045917255927,1,0.0,3.0598915488999,3.1291319234727,3.4246644235568,0.68208123108375,0.59450160998212,0.47745686175862,vor_abwesenheit,0,1,-128
lehrkraft_1_thiele,96,390,2025-09-02,1,4,5,48,24,0.51723735471619,0.080391456385892,0.16390051814983,0.35123159831526,0.40192946330816,0.42956406460702,0.38749872887414,2.0618264543929,0.21033475858679,0.53752176269332,1.3823603774335,1.6127442364491,1.7113067025198,1.5716604433494,kognition,2.0618264543929,0.22687963247464,1,0.0,3.8072102711368,3.9141471002424,4.9125764837446,1.3194896098801,0.43112932937504,0.9236427269161,vor_abwesenheit,1,1,-128
lehrkraft_1_thiele,198,754,2025-09-03,1,3,5,38,23,0.44002240246197,0.099695174220027,0.16071207375541,0.40517138771719,0.38969623851753,0.44643950063318,0.43543751822134,1.7946042401133,0.45201233661609,0.68801959421469,1.6956856839826,1.5756255572095,1.8057899411778,1.8054825154372,performanz,1.8057899411778,0.18394107143569,1,0.0,3.9720121794517,4.1075662897556,4.9125764837446,1.3879558910141,0.41876820412093,0.9715691237099,vor_abwesenheit,0,1,-127
lehrkraft_1_thiele,224,864,2025-09-03,1,3,5,42,21,0.43972299054579,-0.023625761265381,0.044885873819302,0.22369051448327,0.34287199842586,0.3156547704996,0.26339482633764,1.7788744043192,-0.056714285714286,0.21813057629664,0.99314023181846,1.4119598960734,1.3734632870018,1.1915922017591,kognition,1.7788744043192,0.22463742403107,1,0.16666666666667,3.0824411185086,3.743204044322,4.783303865063,1.6306553576719,0.38013341317542,1.1914587503703,vor_abwesenheit,0,1,-127
lehrkraft_1_thiele,245,955,2025-09-03,1,3,5,42,26,0.51630486767932,0.10389838258834,0.16081372463676,0.32992156835706,0.4492641157394,0.43785499362835,0.4075826431489,1.6749965232883,0.38152814938595,0.54904810286509,1.1024612383014,1.4570545199645,1.4498516364277,1.2815753158184,kognition,1.6749965232883,0.21211843708115,1,0.0,3.2148972946168,3.2571437807694,4.3850337175204,0.93889367711268,0.51575803861982,0.65722557397888,vor_abwesenheit,0,1,-127
lehrkraft_1_thiele,48,208,2025-09-03,1,4,4,40,21,0.52330092208227,-0.052333202895868,0.063328218059434,0.34218005024679,0.44956609969606,0.45199244841517,0.41829391168581,2.1768492914273,-0.2,0.26804123660125,1.4644047675059,1.8837054303248,1.9067217243199,1.7775746291105,kognition,2.1768492914273,0.22494393564562,1,0.0,4.163977150452,4.2051982930064,4.8127294984424,0.81411219491847,0.55123382269361,0.56987853644293,vor_abwesenheit,1,1,-127
lehrkraft_1_thiele,473,1477,2025-09-03,1,4,5,44,26,0.51498230713572,0.10380576773308,0.21866476491533,0.34928454645819,0.43054812924644,0.44133346807976,0.33819572774563,1.68622578288,0.30910983727991,0.70393361868388,1.2130795055722,1.4501593068727,1.5164442149095,1.2210973671167,kognition,1.68622578288,0.20817474697249,1,0.0,3.2862797447762,3.3689701968711,4.3943908715029,0.97023992481276,0.5075523987745,0.67916794736893,vor_abwesenheit,1,1,-127
lehrkraft_1_thiele,537,1567,2025-09-03,1,4,4,31,19,0.48178844415813,0.17672058596592,0.13321092094036,0.39909980096634,0.4241107387945,0.46888162591085,0.37119780379291,1.8557894946228,0.67112099539523,0.51253071007797,1.5387169879473,1.6303501349293,1.8283196265842,1.4346266656897,kognition,1.8557894946228,0.19593500365144,1,0.0,3.8188537057484,3.8584144179737,4.6290043360953,0.82458020869249,0.54807127427772,0.57720614608474,vor_abwesenheit,1,1,-127
lehrkraft_1_thiele,713,2100,2025-09-03,1,4,5,35,21,0.43424563481527,0.13863291826307,0.20189341671555,0.44297268580578,0.33993426139034,0.46682132067366,0.3958317378755,1.5785075792171,0.44049686797524,0.66569799485229,1.5497089007832,1.2445736031466,1.6470663911455,1.4209258817759,performanz,1.6470663911455,0.19270747411192,1,0.0,3.4367567091445,3.553914073149,4.468622859967,1.0262094507638,0.4935323935159,0.71834661553466,vor_abwesenheit,1,1,-127
lehrkraft_1_thiele,122,451,2025-09-04,1,0,5,41,24,0.53284483867174,0.015296544475761,0.11576444445659,0.33176770574163,0.44804415986909,0.45577147076134,0.38352810554501,2.1491302126981,0.072315969049701,0.49188345835556,1.2963942707071,1.8022455955832,1.7914523226989,1.5059723076779,kognition,2.1491302126981,0.23592460491122,1,0.0,3.9079305156352,3.9806322683279,4.7275916595967,1.0163103020709,0.49595540873493,0.7114172114496,vor_abwesenheit,0,1,-126
lehrkraft_1_thiele,85,358,2025-09-04,1,5,5,42,28,0.45561834275779,0.12166799633834,0.20021643474067,0.40012137536928,0.40085118624861,0.43570606593171,0.42314446810298,1.9441712271726,0.5143626768783,0.83002472162646,1.7273275389915,1.7252029865975,1.8724724493022,1.8326690057441,kognition,1.9441712271726,0.18611222559052,1,0.0,4.190241794023,4.2918426769042,4.9388259433378,0.98016018847143,0.5050096481194,0.68611213193,vor_abwesenheit,0,1,-126
lehrkraft_1_thiele,150,555,2025-09-04,1,5,5,50,23,0.4610235955219,0.22632170506979,0.17756778275714,0.42827848179715,0.34464412204173,0.43676468430026,0.35530657101707,1.7366145236847,0.769,0.60841769060199,1.5513299749318,1.3020427939224,1.5979957748175,1.3176800003327,kognition,1.7366145236847,0.19549687444458,1,0.0,3.5169836931736,3.6772796703744,4.6925681131486,1.1982053008338,0.45491656289824,0.83874371058364,vor_abwesenheit,0,1,-126
lehrkraft_1_thiele,29,90,2025-09-04,1,6,4,33,16,0.50445182692946,0.11516673443213,0.23067435571747,0.34817379967507,0.39692104974493,0.48014469721079,0.31392415405267,1.763121193633,0.37459401873482,0.7798202688666,1.1807913473102,1.3770663515267,1.6343689118542,1.0714518578587,kognition,1.763121193633,0.21550850576149,1,0.0,3.3116140234301,3.4224230497865,4.0146564811436,0.98719589436679,0.50322165159195,0.69103712605675,vor_abwesenheit,0,1,-126
lehrkraft_1_thiele,619,1754,2025-09-04,1,6,5,46,27,0.37983991776871,0.02206976262645,0.068840279258914,0.28869163460747,0.29720652398982,0.28568760852157,0.28284877117372,1.2905399156196,0.089716310444126,0.23708273569916,0.98283837639704,1.0151265626556,0.99344426708332,0.97754399654952,kognition,1.2905399156196,0.19821048081863,1,0.17948717948718,2.3809089657213,3.2587876517676,3.5786828039544,1.7135995023451,0.36851421852628,1.2533658054877,vor_abwesenheit,0,1,-126
lehrkraft_1_thiele,699,2020,2025-09-04,1,6,5,50,25,0.45932068374725,0.17267402449483,0.22144279770182,0.42877326575418,0.38604033374322,0.43078654355658,0.38750166461007,1.8214520390014,0.6498,0.85322543683408,1.6797314123186,1.5519594894764,1.7192347434655,1.5526469064844,kognition,1.8214520390014,0.1853319869038,1,0.0,3.8812984438591,3.9620414693213,4.6687650182457,0.91632787826586,0.52183136891216,0.6414295147861,vor_abwesenheit,0,1,-126
lehrkraft_1_thiele,12,14,2025-09-05,1,7,5,44,25,0.45883084176274,0.096651315803717,0.17878026768975,0.39825528423119,0.40780097498076,0.48386984911726,0.35976589182697,1.7650360418344,0.43390779553431,0.75623192206178,1.5625069343158,1.5668341181338,1.8833636613635,1.4024400539727,performanz,1.8833636613635,0.19674914799836,1,0.0,3.7796572309417,3.8868322536211,4.1979491418417,0.98171390258218,0.50461370770877,0.68719973180753,vor_abwesenheit,0,1,-125
lehrkraft_1_thiele,223,863,2025-09-05,1,7,5,42,24,0.42484442673423,0.17705653177489,0.22805041243932,0.41153096417084,0.37142052212616,0.43867199838156,0.40743866469515,1.6338938068747,0.62341898722748,0.82189116923817,1.5792071499219,1.4522922722064,1.6915657144928,1.6045651669476,performanz,1.6915657144928,0.17982305911813,1,0.0,3.7111773478985,3.8398281481106,4.7417226108447,1.052552819091,0.48719818106451,0.73678697336373,vor_abwesenheit,0,1,-125
lehrkraft_1_thiele,244,954,2025-09-05,1,7,4,30,17,0.47659918875854,0.10658576567042,0.16382766270426,0.38088925595956,0.38108269847051,0.46564165003292,0.34693612624505,1.4892946893149,0.265,0.45107714935499,1.133683909538,1.2129740753463,1.4129086561687,1.0743638283524,kognition,1.4892946893149,0.21156850837425,1,0.0,2.8980697173891,3.050256735315,4.0994612769517,1.1688079624724,0.46108277786845,0.81816557373069,vor_abwesenheit,0,1,-125
lehrkraft_1_thiele,536,1566,2025-09-08,1,0,5,51,22,0.54042418545466,0.072731843394862,0.17588867203943,0.36001550996814,0.42672994072599,0.45241547056994,0.33251157515345,2.0862975969453,0.22938708901263,0.63306423480819,1.3976141690923,1.6790460952832,1.7775658968515,1.3452388040739,kognition,2.0862975969453,0.2280551835504,1,0.0,3.814178225829,3.8934497276822,4.6073855808479,0.91041737329864,0.52344582601515,0.63729216130905,vor_abwesenheit,0,1,-122
lehrkraft_1_thiele,11,13,2025-09-08,1,2,5,51,28,0.54550287240821,0.13013103625468,0.19866528911003,0.34109564052257,0.44352143133682,0.41166318694715,0.29747314318713,2.0043991010157,0.40036406794485,0.64944626334617,1.2632411006701,1.685186762418,1.6068424454459,1.2177952826934,kognition,2.0043991010157,0.22706884012018,1,0.0,3.6194320120312,3.7292202683539,4.4608733210844,1.119939036101,0.4717116780109,0.78395732527068,vor_abwesenheit,0,1,-122
lehrkraft_1_thiele,28,89,2025-09-08,1,2,5,46,23,0.51219217358565,0.11336998527634,0.12173404425676,0.34723533694345,0.45527180124785,0.43572538541396,0.34393693348731,1.8769865877305,0.39913043478261,0.4397507693003,1.3001370690071,1.6820376846314,1.5955941693879,1.3049744535047,kognition,1.8769865877305,0.21644269391993,1,0.0,3.5558755239746,3.679362756715,4.5273009039449,1.109974341308,0.47393941263763,0.77698203891563,vor_abwesenheit,0,1,-122
lehrkraft_1_thiele,37,135,2025-09-08,1,2,5,37,22,0.53885760779356,0.09172746952413,0.19468762676584,0.35297288378842,0.37703493102108,0.48511079592833,0.29392114440356,1.7863203694614,0.279042899278,0.61950873518794,1.1928617796145,1.2603612592789,1.6453717321116,1.0240355463647,kognition,1.7863203694614,0.22879536834575,1,0.0,3.2279905732779,3.3515367218887,3.7699749088641,0.96126046615418,0.50987618282078,0.67288232630792,vor_abwesenheit,0,1,-122
lehrkraft_1_thiele,71,320,2025-09-09,1,1,5,43,22,0.51343046407838,0.027172484505229,0.11366141248601,0.33943659330591,0.41832338874925,0.48128901078395,0.41540522147915,1.7668359697602,0.091985729086046,0.38272132128794,1.1810903502555,1.4199951403016,1.6505386873704,1.4403661030503,kognition,1.7668359697602,0.22270480285405,1,0.0,3.389238765775,3.4319085452649,4.6172952494101,0.88528869499654,0.53042274249771,0.61970208649758,vor_abwesenheit,0,1,-121
lehrkraft_1_thiele,104,424,2025-09-09,1,2,5,52,26,0.36247039624638,0.12182271259527,0.14816469107256,0.32736969662564,0.29964803738288,0.31768485613217,0.30979301060788,1.3767314591686,0.38751443898875,0.50586164940488,1.1693871011517,1.1556941106795,1.1790506366875,1.1781553159345,kognition,1.3767314591686,0.18023654852827,1,0.1304347826087,2.7897595562279,3.4116665492303,4.2571432703781,1.6453070183691,0.37802795405447,1.190845347641,vor_abwesenheit,0,1,-121
lehrkraft_1_thiele,121,450,2025-09-09,1,2,4,37,19,0.5297635651863,0.10067547918211,0.068941976709161,0.36082814365083,0.43390906842582,0.45395862633882,0.39051661581718,2.1046434827574,0.40540540540541,0.26892189690107,1.4291330160256,1.7231338172266,1.7986463405965,1.5515520587146,kognition,2.1046434827574,0.22675838940874,1,0.0,3.9141091576354,3.9677562639193,4.2474282510106,0.6488084808206,0.6064985785992,0.45416593657442,vor_abwesenheit,0,1,-121
lehrkraft_1_thiele,149,554,2025-09-09,1,2,5,33,21,0.61465311527,0.0,0.17077751708402,0.21914539693132,0.46507536488136,0.45831192095496,0.22787544349919,1.9789037556121,0.0,0.54567191652887,0.75510757483686,1.5184761554064,1.5180326069937,0.79484810303034,kognition,1.9789037556121,0.27828611909516,1,0.0,3.1663830629544,3.2703469448674,3.9620163447076,0.87900865499665,0.5321955262637,0.61530605849766,vor_abwesenheit,0,1,-121
lehrkraft_1_thiele,472,1476,2025-09-09,1,2,5,41,20,0.53464238106857,0.09779789110164,0.17614018423307,0.32819374646658,0.45739373741125,0.41049741561799,0.34394953003315,1.8038609423105,0.3490243902439,0.60490985954245,1.1506864222495,1.5526659711849,1.4133720213656,1.1868608902961,kognition,1.8038609423105,0.22376576108008,1,0.0,3.2989026003308,3.412068141054,4.3234541329808,1.0968464523324,0.47690664182286,0.76779251663266,vor_abwesenheit,0,1,-121
lehrkraft_1_thiele,95,389,2025-09-09,1,4,5,52,26,0.36247039624638,0.12182271259527,0.14816469107256,0.32736969662564,0.29964803738288,0.31768485613217,0.30979301060788,1.3767314591686,0.38751443898875,0.50586164940488,1.1693871011517,1.1556941106795,1.1790506366875,1.1781553159345,kognition,1.3767314591686,0.18023654852827,1,0.1304347826087,2.7897595562279,3.4116665492303,4.2571432703781,1.6453070183691,0.37802795405447,1.190845347641,vor_abwesenheit,1,1,-121
lehrkraft_1_thiele,222,862,2025-09-10,1,3,5,50,22,0.50216954108363,0.091313796744101,0.21962436729461,0.36706435349684,0.3997528981755,0.43689024434999,0.33284794265522,1.8006166969773,0.27446520505511,0.74533313323783,1.1988295391606,1.4321217207318,1.4896339986566,1.1151908969688,kognition,1.8006166969773,0.22350719519122,1,0.0,3.2899693298438,3.4441929059461,4.4050032557178,1.2166085942258,0.45113963854735,0.85162601595809,vor_abwesenheit,0,1,-120
lehrkraft_1_thiele,243,953,2025-09-10,1,3,5,43,22,0.46864429005798,0.15511634720275,0.1414170146795,0.39925854908833,0.41422265549299,0.44133564005097,0.39436082037858,1.7236705192848,0.46823713234747,0.52290140323721,1.4246480815379,1.503574243076,1.6257119020613,1.4373535250387,kognition,1.7236705192848,0.19798430428448,1,0.0,3.5302965815614,3.6200125579866,4.5184642616466,1.0071150580928,0.49822754105101,0.70498054066493,vor_abwesenheit,0,1,-120
lehrkraft_1_thiele,47,207,2025-09-10,1,4,5,38,26,0.45759334549916,0.20001306185552,0.22107497739274,0.4188613609258,0.40009687524197,0.43090782353619,0.40190560609757,1.8264348459649,0.7662399088471,0.82744695851723,1.6576631335725,1.6062675372423,1.7177349655486,1.6191841069569,kognition,1.8264348459649,0.18226125619318,1,0.0,3.9380159170981,3.9701631722396,4.3981983724756,0.7068753214136,0.58586587283471,0.49481272498952,vor_abwesenheit,1,1,-120
lehrkraft_1_thiele,471,1475,2025-09-10,1,4,5,45,27,0.41645571358874,0.0096612938987056,0.096497047794823,0.19216448571615,0.38006775395172,0.28453254673704,0.21432759261791,1.5629076905257,0.056407526061309,0.38540112261355,0.77797063482065,1.4340120508863,1.135104167946,0.87221872739539,kognition,1.5629076905257,0.21525990577124,1,0.18421052631579,2.7028229935848,3.5696127021096,3.8904053841416,1.7874867700899,0.3587460972838,1.3065038969577,vor_abwesenheit,1,1,-120
lehrkraft_1_thiele,535,1565,2025-09-10,1,4,4,31,20,0.48435827096576,0.098528782006334,0.13811666279984,0.37579158456747,0.39346746577207,0.49501440372672,0.41216720659212,1.5857293274124,0.32114149518387,0.45977991202955,1.2302720185884,1.2886931407526,1.622595030804,1.3551711608397,performanz,1.622595030804,0.20634823707387,1,0.0,3.2361504426025,3.2778668313864,3.3852427938085,0.50765536149938,0.66328155992195,0.35535875304957,vor_abwesenheit,1,1,-120
lehrkraft_1_thiele,675,1900,2025-09-10,1,4,5,42,25,0.50175404785646,0.14068847224244,0.11982592813497,0.37449007933246,0.40511629654987,0.42788050673369,0.40644827147993,1.949799140328,0.44162215420448,0.48260072977498,1.3954898898993,1.551051375879,1.641985743675,1.5424726937338,kognition,1.949799140328,0.21652353534859,1,0.0,3.6956923405312,3.7973502867415,4.8184848736233,1.1327484351464,0.46887855291351,0.79292390460248,vor_abwesenheit,1,1,-120
lehrkraft_1_thiele,712,2099,2025-09-10,1,4,5,47,26,0.55429053312906,0.023922603225805,0.10762714144854,0.3344531799752,0.45154671957309,0.4366284803337,0.37019207299023,2.1700031765983,0.12693617021277,0.45579650944905,1.3196901774947,1.7637021355483,1.7102483497471,1.4688776323641,kognition,2.1700031765983,0.23575600427286,1,0.0,3.8558469030768,3.9250018920927,4.290361661197,0.84678454881562,0.54148167995087,0.59274918417094,vor_abwesenheit,1,1,-120
lehrkraft_1_thiele,84,357,2025-09-11,1,5,5,47,25,0.41415452412698,0.02080377232824,0.025223610387841,0.22709929241064,0.35352644618034,0.24973913098378,0.31035594226521,1.5112861075943,0.072678654068508,0.10168431999167,0.90534668698915,1.2989199527881,1.018265111142,1.1793275131919,kognition,1.5112861075943,0.21368626129712,1,0.175,2.6896338921925,3.5207133307975,4.5184642616466,1.7401166464668,0.36494796719309,1.2705816525267,vor_abwesenheit,0,1,-119
lehrkraft_1_thiele,148,553,2025-09-11,1,5,5,42,23,0.44840106443398,0.17035367817626,0.16651359412091,0.43168024636799,0.33648246008027,0.47182530259328,0.41110876515686,1.3853051053298,0.54512730642232,0.52537552217525,1.3784346443325,1.0442981728722,1.4777610005352,1.2661653705798,performanz,1.4777610005352,0.19386912095982,1,0.0,3.0446422642537,3.1250243190238,3.7699749088641,0.85084716530211,0.54029312562757,0.59559301571148,vor_abwesenheit,0,1,-119
lehrkraft_1_thiele,171,664,2025-09-11,1,5,5,36,22,0.31268253692993,0.10123905453405,0.067580621492378,0.23194993181876,0.30169724233856,0.18721104239742,0.3152741860552,1.1388403023643,0.31849164550149,0.26818885486091,0.87403443769459,1.0646666327577,0.88947503973112,1.0464614192265,kognition,1.1388403023643,0.18960601015789,1,0.28571428571429,2.292164481409,3.1006159998527,3.9998412574664,1.869694064819,0.34846920173809,1.3945001310876,vor_abwesenheit,0,1,-119
lehrkraft_1_thiele,27,88,2025-09-11,1,6,5,40,23,0.49030365006835,0.12062401428481,0.14371152558409,0.36892706252358,0.40404346362665,0.48610316286379,0.38743355490259,1.8472927777355,0.49875023705254,0.53844867816665,1.4023903946275,1.534896099253,1.8029503288288,1.4677658837995,kognition,1.8472927777355,0.20316677652773,1,0.0,3.6984781758135,3.7712073100738,4.2474282510106,0.90648294937304,0.524526065302,0.63453806456113,vor_abwesenheit,0,1,-119
lehrkraft_1_thiele,617,1752,2025-09-11,1,6,5,42,26,0.45926839755642,0.1158781651707,0.1590654662649,0.36654270863108,0.4093908918639,0.46516850652136,0.44703376798674,1.5008955388445,0.43359013224099,0.55673194314852,1.2446327268035,1.3363547265956,1.5656847828851,1.44418605175,performanz,1.5656847828851,0.19372309810227,1,0.0,3.2592384155158,3.3070845305207,4.3850337175204,0.94819267030565,0.51329625413441,0.66373486921396,vor_abwesenheit,0,1,-119
lehrkraft_1_thiele,698,2019,2025-09-11,1,6,5,37,26,0.50116511648557,0.10085740860907,0.15756924216709,0.36851606435791,0.40426962648829,0.44955099889512,0.3755735330369,1.7869053178394,0.32189453827389,0.49749997644399,1.3310310073672,1.4567066091207,1.6078254839849,1.3929014288604,kognition,1.7869053178394,0.21285949680152,1,0.0,3.4587668034079,3.5704174879954,4.8184848736233,1.0464639581896,0.4886477457852,0.7325247707327,vor_abwesenheit,0,1,-119
lehrkraft_1_thiele,10,12,2025-09-12,1,7,3,33,14,0.58592206841188,-0.066883694933885,0.029963181459065,0.26716068042889,0.45310270895877,0.41619385602214,0.29924964937754,1.7332168627848,-0.10827272727273,0.13714301839381,0.9837117087163,1.4349916305195,1.3822638858472,1.1314488255527,kognition,1.7332168627848,0.24856154164236,1,0.0,3.0417579596174,3.1592351098124,3.8951055276764,1.1804854917474,0.45861346190321,0.82633984422318,vor_abwesenheit,0,1,-118
lehrkraft_1_thiele,221,861,2025-09-12,1,7,5,58,25,0.52036143349985,-0.075514677101614,0.20926677369281,0.33174794068089,0.42944748218394,0.41217120030844,0.36055213891577,1.8085934755584,-0.19683588331478,0.68488519596181,1.0959602702139,1.5042404471338,1.422245006651,1.2170962190553,kognition,1.8085934755584,0.22457441723898,1,0.0,3.2782304309648,3.4137760513562,4.3390173775696,1.1414322977769,0.46697717272599,0.79900260844386,vor_abwesenheit,0,1,-118
lehrkraft_1_thiele,242,952,2025-09-12,1,7,5,43,24,0.34374386974689,0.051066767021486,0.10866857057629,0.27945588566073,0.27762464481043,0.26584210522393,0.24138449817554,1.3726978960174,0.21928556952205,0.46233253989018,1.1823801002751,1.1071810029452,1.1407077426752,1.0433367336259,kognition,1.3726978960174,0.18476794861535,1,0.19444444444444,2.675775629778,3.730478463711,4.7023538701082,2.2128371387017,0.31125138213638,1.6073193304245,vor_abwesenheit,0,1,-118
lehrkraft_1_thiele,197,753,2025-09-15,1,1,5,52,28,0.48668260095988,0.096808372847078,0.137886656143,0.38641817082291,0.42106787069441,0.46394539718533,0.38509336219468,2.0212319790653,0.38703736545211,0.5917208235624,1.5620746225022,1.7167422926858,1.8928331701461,1.5505962200709,kognition,2.0212319790653,0.20789784167231,1,0.0,3.9949665132457,4.0840318428425,4.7035557511802,1.0717672343135,0.48267970621292,0.75023706401946,vor_abwesenheit,0,1,-115
lehrkraft_1_thiele,9,11,2025-09-15,1,2,5,44,25,0.48605171721673,0.086754236288884,0.12981883179605,0.38636221066282,0.405148870688,0.49484366228882,0.39209824959241,2.0563971010914,0.34985941861514,0.52560802502156,1.6174838366312,1.7259350668248,2.0804745828594,1.6682131204315,performanz,2.0804745828594,0.20754993718765,1,0.0,4.1633940202556,4.2173443170215,4.7035557511802,0.85654745676801,0.5386342247027,0.59958321973761,vor_abwesenheit,0,1,-115
lehrkraft_1_thiele,26,87,2025-09-15,1,2,5,44,24,0.45128312358097,0.090138045820391,0.17712492859596,0.32979481605835,0.38812133977897,0.33089381995921,0.36228027090582,1.4983278914803,0.15321332615227,0.4847336695762,0.97465181706144,1.2474035085444,1.2409310565328,1.097014660762,kognition,1.4983278914803,0.21028467155757,1,0.0,2.7843743021985,3.0193718247872,3.6638202593924,1.1603601173105,0.46288579019175,0.81225208211735,vor_abwesenheit,0,1,-115
lehrkraft_1_thiele,36,134,2025-09-15,1,2,5,47,21,0.49450349121762,0.052905461697743,0.086951034359097,0.3609956042566,0.43057028153819,0.49153408569648,0.26255224653396,1.2354435624916,0.10218773282091,0.30147072599425,0.73229988070658,0.99207856765317,1.0645167151076,0.68451363601019,kognition,1.2354435624916,0.24016884526618,1,0.0,2.1794231993304,2.29269402419,3.8701983392444,1.4765434542844,0.40378859424817,1.0335804179991,vor_abwesenheit,0,1,-115
lehrkraft_1_thiele,57,262,2025-09-15,1,2,5,40,26,0.43829268264141,0.18797975303681,0.25052766890007,0.44729452295505,0.34765708115501,0.40112999236053,0.29760315846193,1.4706494596682,0.37804003083938,0.64113202750086,1.3102933561551,1.2240625136963,1.3461857700977,1.0496425060134,kognition,1.4706494596682,0.19820058451022,1,0.0,2.9742120989417,3.1422902659682,4.6073855808479,1.4675103201833,0.40526679536874,1.0272572241283,vor_abwesenheit,0,1,-115
lehrkraft_1_thiele,70,319,2025-09-16,1,1,5,44,27,0.45266724039853,0.15850931575861,0.17135852597446,0.39155980632552,0.39327511755652,0.43489320582599,0.45810883714195,1.7274550379661,0.61311918484651,0.69900824806255,1.5551056320997,1.5134678007056,1.7180356564766,1.7718398259035,regulation,1.7718398259035,0.18460450426082,1,0.0,3.8273528410932,3.886604489388,4.6687650182457,0.90174765697382,0.52583211885812,0.63122335988167,vor_abwesenheit,0,1,-114
lehrkraft_1_thiele,103,423,2025-09-16,1,2,3,26,15,0.49825549503228,0.18081922156401,0.20397583257784,0.36994868888308,0.42375089197188,0.43876104272829,0.378623870031,1.9450287404548,0.71196153846154,0.81924919804976,1.4592090519229,1.6630739246146,1.7021600586996,1.4415027081832,kognition,1.9450287404548,0.19965014998736,1,0.0,3.8511790585517,3.8976654051047,4.3833223071631,0.77021419401012,0.56490339043925,0.53914993580708,vor_abwesenheit,0,1,-114
lehrkraft_1_thiele,119,448,2025-09-16,1,2,5,50,28,0.58069627294524,0.063486841512332,0.14127480496359,0.33285332386633,0.43186744841418,0.42808837988558,0.35329857728844,2.253170416172,0.20947667274254,0.52939740087002,1.3202343230843,1.7017809394092,1.7090386131387,1.4225028657273,kognition,2.253170416172,0.24636657112265,1,0.0,3.8709589802233,3.9233932602541,4.7035557511802,0.92997040043351,0.51814266155345,0.65097928030346,vor_abwesenheit,0,1,-114
lehrkraft_1_thiele,147,552,2025-09-16,1,2,5,36,19,0.50628579606109,0.10656101944138,0.18247985494791,0.35979713637543,0.39299983129952,0.46705336944734,0.40052454866803,1.5627110547815,0.40631783866714,0.67142103774927,1.1531911886895,1.318555404144,1.4780333479864,1.2815820660109,kognition,1.5627110547815,0.19851986646582,1,0.0,3.1549072375962,3.1998279440413,4.2195669844004,1.1203854152517,0.47161237424437,0.78426979067622,vor_abwesenheit,0,1,-114
lehrkraft_1_thiele,470,1474,2025-09-16,1,2,4,40,20,0.48488668634193,0.087847729737354,0.064632171308408,0.3507203578978,0.48832944172465,0.40698414753508,0.42832885278161,1.7368832119172,0.3,0.27132970971235,1.238093949579,1.7346704726235,1.4626764605372,1.4525529889219,kognition,1.7368832119172,0.20975380373382,1,0.0,3.4600106927037,3.5344373767982,4.6073855808479,1.2113322098516,0.45221608745395,0.84793254689614,vor_abwesenheit,0,1,-114
lehrkraft_1_thiele,94,388,2025-09-16,1,4,3,26,15,0.49825549503228,0.18081922156401,0.20397583257784,0.36994868888308,0.42375089197188,0.43876104272829,0.378623870031,1.9450287404548,0.71196153846154,0.81924919804976,1.4592090519229,1.6630739246146,1.7021600586996,1.4415027081832,kognition,1.9450287404548,0.19965014998736,1,0.0,3.8511790585517,3.8976654051047,4.3833223071631,0.77021419401012,0.56490339043925,0.53914993580708,vor_abwesenheit,1,1,-114
lehrkraft_1_thiele,170,663,2025-09-17,1,3,4,37,16,0.56350536704906,0.10520999402063,0.19640772658398,0.31321247553817,0.45520560024726,0.43046073913816,0.30970264888086,2.2038748472,0.33959459459459,0.72605199660076,1.1789366390596,1.7860695181535,1.6778189163756,1.188392429322,kognition,2.2038748472,0.24216438482783,1,0.0,3.782436931051,3.864657178599,4.4467495553359,0.95891297866557,0.51048719922271,0.6712390850659,vor_abwesenheit,0,1,-113
lehrkraft_1_thiele,196,752,2025-09-17,1,3,5,33,19,0.49981231827818,0.094650035419065,0.20414347694996,0.37380614081323,0.36949330365353,0.50137272090504,0.30984144595904,1.6029857984951,0.34358364402289,0.71225853292051,1.1965364703118,1.3163376041956,1.6329769797687,1.0907975020487,performanz,1.6329769797687,0.20682437256311,1,0.0,3.1962200531676,3.2822095367789,4.149830156151,1.1961857847395,0.4553348842109,0.83733004931768,vor_abwesenheit,0,1,-113
lehrkraft_1_thiele,533,1563,2025-09-17,1,4,3,31,17,0.52242548309373,0.071985190517137,0.11219491110949,0.37732221283872,0.42015738225213,0.42629151654453,0.43214751907775,2.2272224699313,0.30327541676153,0.47203059952496,1.6101474514682,1.7915674226116,1.8194680412152,1.8470907411838,kognition,2.2272224699313,0.22115641220759,1,0.0,4.2189815833053,4.2655724886983,4.4350301470164,0.62162278925311,0.61666622264268,0.43513595247717,vor_abwesenheit,1,1,-113
lehrkraft_1_thiele,711,2098,2025-09-17,1,4,4,39,20,0.46481851696502,0.16318562072239,0.071182342021327,0.38451928922881,0.42635477828512,0.43291858822484,0.42832454948741,1.7407378902401,0.53507098767292,0.23628869908531,1.4626137177385,1.5860540873982,1.6199674105256,1.6294153094917,kognition,1.7407378902401,0.19566140500119,1,0.0,3.6477934194692,3.7380215733389,4.9125764837446,1.1139108790594,0.47305683976846,0.77973761534158,vor_abwesenheit,1,1,-113
lehrkraft_1_thiele,83,356,2025-09-18,1,5,5,34,20,0.34160329210989,0.21951756534053,0.16527246221912,0.48133502953816,0.32673519376755,0.46012638202709,0.39805665337227,1.1381710535357,0.58302040332909,0.52286558589828,1.5037553673053,1.0969793161764,1.4777289649225,1.2758660734002,motivation,1.5037553673053,0.19790455709856,1,0.0,3.0306592541169,3.2008210668241,4.1754495604128,1.273669069216,0.43981774372504,0.8915683484512,vor_abwesenheit,0,1,-112
lehrkraft_1_thiele,146,551,2025-09-18,1,5,5,38,18,0.57721675703461,0.16440229615373,0.23027804139617,0.33583734881907,0.41233935620096,0.449680696909,0.23090905158011,1.8980087066318,0.53015614158508,0.72873757819789,1.1031657044717,1.3670784423398,1.4753720347712,0.78513554262406,kognition,1.8980087066318,0.24063031547628,1,0.0,3.2083639979119,3.2903484882066,3.816340021111,0.76515045771294,0.56652394453427,0.53560532039906,vor_abwesenheit,0,1,-112
lehrkraft_1_thiele,169,662,2025-09-18,1,5,5,47,26,0.52210812735148,0.038589119947351,0.12294879226895,0.3624481625939,0.44337137879932,0.4621853230994,0.37932099219993,2.1961115367649,0.16914893617021,0.51141285710341,1.5476272746053,1.8736618355373,1.9497843464225,1.6195751085237,kognition,2.1961115367649,0.22256409186867,1,0.0,4.1765418398102,4.2323207122057,4.6046572277403,0.71909702999193,0.58170073157807,0.50336792099435,vor_abwesenheit,0,1,-112
lehrkraft_1_thiele,697,2018,2025-09-18,1,6,4,37,16,0.44437814289358,0.13988591299325,0.16716209986024,0.46657606139479,0.33333475006145,0.45025692105741,0.40194011149718,1.6325830696162,0.48553931705507,0.6051494979091,1.6221724486158,1.3414757525661,1.6361649081499,1.5239980957289,performanz,1.6361649081499,0.18493834539269,1,0.0,3.5634096414306,3.652019532444,4.5184642616466,1.1951889401986,0.45554165369907,0.83663225813904,vor_abwesenheit,0,1,-112
lehrkraft_1_thiele,8,10,2025-09-19,1,7,5,34,21,0.52446173048856,0.0540200074322,0.16848605761078,0.3573758305464,0.41834397152682,0.46293341900074,0.3788975141235,1.9468170119921,0.19990007700733,0.61897618788339,1.3340459467081,1.5518735816585,1.7139342100849,1.4146995754878,kognition,1.9468170119921,0.22172691755914,1,0.0,3.6524133948526,3.7142221568467,3.9351727697706,0.70426873995378,0.58676192114345,0.49298811796765,vor_abwesenheit,0,1,-111
lehrkraft_1_thiele,182,731,2025-09-19,1,7,5,47,23,0.21574722888729,-0.019053363059865,0.028691739191715,0.10611034094173,0.19052758871187,0.19906801704682,0.19462106993152,0.81816699777987,-0.075988962388454,0.12335331020553,0.28543937158373,0.64085952360084,0.64219777536436,0.47785024702758,kognition,0.81816699777987,0.22459027308868,1,0.51612903225806,1.3503047814871,2.9649536334059,3.8701983392444,2.5072748115027,0.28512165534344,1.9099310777293,vor_abwesenheit,0,1,-111
lehrkraft_1_thiele,220,860,2025-09-19,1,7,4,27,14,0.30917481540509,0.12122697586298,0.042931119244363,0.20894617660253,0.28184264192535,0.096024914535771,0.25132887609247,1.0234323234266,0.34300709038035,0.18427517294808,0.70949642837659,0.9257171189065,0.4834674207368,0.79604689852992,kognition,1.0234323234266,0.19630418548349,1,0.35,1.8511600961935,2.9128393042296,3.2698876076559,2.0548285947265,0.32735060871378,1.5433800163086,vor_abwesenheit,0,1,-111
lehrkraft_1_thiele,241,951,2025-09-19,1,7,5,28,19,0.35001618319612,0.057397796829304,-0.0032783398390674,0.40748850309399,0.32927088319571,0.4976663499499,0.48825726516265,0.83501721317332,0.20934945179331,0.040410859491371,0.9357260047678,0.77676563750303,1.0851332374009,1.0673624008772,performanz,1.0851332374009,0.21323799540663,1,0.0,2.1303611492302,2.2361930815574,3.6479410450167,1.1131722314153,0.47322219416553,0.77922056199069,vor_abwesenheit,0,1,-111
lehrkraft_1_thiele,507,1532,2025-09-19,1,7,5,40,23,0.53120319955307,0.076620368270096,0.17993137777175,0.33171108001182,0.42906473527678,0.45619311925483,0.3655364417595,2.0640477720231,0.278225,0.68853053250996,1.2701526066788,1.6690034880046,1.764563647694,1.3739315131037,kognition,2.0640477720231,0.22660790131008,1,0.0,3.7698819088539,3.840926453868,4.290361661197,0.81824020745745,0.54998233781133,0.57276814522022,vor_abwesenheit,0,1,-111
lehrkraft_1_thiele,46,206,2025-09-22,1,0,5,43,22,0.58404094044603,0.048679300685142,0.14185264651593,0.32590150880383,0.42941767938066,0.42132144113392,0.32968856235853,2.0533310977369,0.14554382134301,0.47902005851689,1.2340116137326,1.5421671650593,1.5516788660165,1.2621679205468,kognition,2.0533310977369,0.24834915709093,1,0.0,3.5169093261044,3.6160676873897,4.7023538701082,1.0190451063852,0.49528363523802,0.71333157446963,vor_abwesenheit,0,1,-108
lehrkraft_1_thiele,195,751,2025-09-22,1,1,5,43,21,0.55729357699494,0.053434734966549,0.12867307962027,0.32373268794756,0.43784031859137,0.48027437173239,0.33446858853093,2.0828958194057,0.18604651162791,0.48014364087833,1.197843586966,1.6398124111701,1.7752756421289,1.2415004871452,kognition,2.0828958194057,0.24209815047286,1,0.0,3.6633792163306,3.7165492885176,4.0581131318012,0.7010380337434,0.58787633207668,0.49072662362038,vor_abwesenheit,0,1,-108
lehrkraft_1_thiele,7,9,2025-09-22,1,2,3,28,16,0.51980317563653,0.1311563411118,0.18169649942774,0.35563830684429,0.44399043726906,0.44174736041703,0.3664789683047,2.1683046933818,0.54681115442865,0.74551214905767,1.4899543331103,1.8564573239546,1.8461176821456,1.5356759640265,kognition,2.1683046933818,0.21281187251925,1,0.0,4.1217938958153,4.1771737821717,4.3850337175204,0.68959882483825,0.59185647225798,0.48271917738678,vor_abwesenheit,0,1,-108
lehrkraft_1_thiele,25,86,2025-09-22,1,2,4,48,20,0.53046169182615,0.16104176093916,0.24073251021587,0.38139197462803,0.39137925464233,0.42202171406549,0.3046697088011,1.9016337511243,0.52167442595551,0.796838668628,1.36279382438,1.4228008854271,1.5184900642059,1.1522224994057,kognition,1.9016337511243,0.21917176360471,1,0.0,3.4696260784847,3.5877657431318,4.2571432703781,1.0092958422301,0.49768679105516,0.7065070895611,vor_abwesenheit,0,1,-108
lehrkraft_1_thiele,35,133,2025-09-22,1,2,4,33,20,0.39413681218647,0.20323304225261,0.19946371133376,0.44071828207936,0.37247226383934,0.46393561049411,0.4496277675169,1.6243445659189,0.80822113749174,0.8414094618289,1.8196968083642,1.5398540319192,1.9104431431569,1.868804486903,performanz,1.9104431431569,0.18347111058176,1,0.0,4.1017504416854,4.1261406860568,4.9388259433378,0.6013558449746,0.62447082148432,0.42094909148222,vor_abwesenheit,0,1,-108
lehrkraft_1_thiele,56,261,2025-09-22,1,2,5,41,22,0.4700279124027,0.1325108702253,0.18686773280943,0.39400870425329,0.39751334760812,0.46916149082553,0.38531163141352,1.7089841409646,0.46125535769958,0.67844283533968,1.4352719589976,1.4522317967302,1.7019316959168,1.4038786963284,kognition,1.7089841409646,0.19328034618066,1,0.0,3.5538848685894,3.6375865831952,4.1754495604128,0.77132434434916,0.56454934591182,0.53992704104441,vor_abwesenheit,0,1,-108
lehrkraft_1_thiele,69,318,2025-09-23,1,1,4,32,20,0.29535217844988,0.11431378044619,0.09668009144072,0.22218099940697,0.28363790225878,0.11428530439062,0.31765404247622,1.3381378079614,0.47561963072017,0.51958776149501,1.1610298471729,1.2587719795011,0.99142456493643,1.3771083003241,regulation,1.3771083003241,0.15479398600162,1,0.33333333333333,2.8458119068733,3.7343629746139,4.9388259433378,2.4212823522952,0.29228806541767,1.7948976466067,vor_abwesenheit,0,1,-107
lehrkraft_1_thiele,102,422,2025-09-23,1,2,5,37,21,0.52890358933702,0.030297128544631,0.12248949132848,0.3371002008689,0.4786766978421,0.42668158615785,0.39286121140622,2.1593784601123,0.12266711147227,0.5040556189463,1.3829171033838,1.9602615292358,1.7430313003954,1.6065585577624,kognition,2.1593784601123,0.22780970017664,1,0.0,4.0381069961972,4.0888159468495,4.6073855808479,0.74489241052528,0.57310123762815,0.5214246873677,vor_abwesenheit,0,1,-107
lehrkraft_1_thiele,117,446,2025-09-23,1,2,5,39,25,0.46702223936392,0.16640798279203,0.26912974484211,0.40546247352192,0.38345797493539,0.46356996641842,0.37203742081676,1.7991829352545,0.62597483135383,1.0321167162746,1.5643712882059,1.492888091926,1.798706874742,1.4701246715837,kognition,1.7991829352545,0.18390225244339,1,0.0,3.8427534390893,3.8748186892139,4.4608733210844,0.73448050787602,0.57654150361399,0.51413635551321,vor_abwesenheit,0,1,-107
lehrkraft_1_thiele,93,387,2025-09-23,1,4,5,37,21,0.52890358933702,0.030297128544631,0.12248949132848,0.3371002008689,0.4786766978421,0.42668158615785,0.39286121140622,2.1593784601123,0.12266711147227,0.5040556189463,1.3829171033838,1.9602615292358,1.7430313003954,1.6065585577624,kognition,2.1593784601123,0.22780970017664,1,0.0,4.0381069961972,4.0888159468495,4.6073855808479,0.74489241052528,0.57310123762815,0.5214246873677,vor_abwesenheit,1,1,-107
lehrkraft_1_thiele,168,661,2025-09-24,1,3,5,47,24,0.57334950925525,0.020518183195907,0.18373189702409,0.29535789078901,0.44243553518971,0.4891712499547,0.30769009150304,1.9838774056567,0.061016351473273,0.61772933985404,1.0243861226798,1.5374004205874,1.6763281440163,1.0584950527949,kognition,1.9838774056567,0.24925485235446,1,0.0,3.4153384748678,3.4486894821193,3.8951055276764,0.56345531386974,0.63960894253183,0.39441871970882,vor_abwesenheit,0,1,-106
lehrkraft_1_thiele,181,730,2025-09-24,1,3,5,28,19,0.54759627836839,0.0,0.10194968590464,0.32323808296252,0.46091743111352,0.48450809584679,0.34915887876117,1.3258171136746,0.0,0.25424016600878,0.80504682228188,1.1130254882032,1.2070548424714,0.87006118347503,kognition,1.3258171136746,0.23780425203913,1,0.0,2.4337919097788,2.4547141916386,3.497170459027,0.62495876882141,0.61540022995494,0.43747113817499,vor_abwesenheit,0,1,-106
lehrkraft_1_thiele,194,750,2025-09-24,1,3,4,38,18,0.53285202848937,0.016504166408058,0.14745022356078,0.30658957565881,0.48409504537901,0.45363982636182,0.35592138057147,2.2540391230079,0.078025124500994,0.61617240560152,1.3022014206063,2.0353568874737,1.9007687576574,1.5175622952684,kognition,2.2540391230079,0.23227636571588,1,0.0,4.1497918153627,4.2213613931174,4.7275916595967,0.85634094749394,0.53869414524848,0.59943866324576,vor_abwesenheit,0,1,-106
lehrkraft_1_thiele,219,859,2025-09-24,1,3,4,27,18,0.52143010994325,0.033964371432447,0.082747665373375,0.32056687965379,0.47779358115006,0.38939333418445,0.47081421249224,1.6715317358912,0.099712745675796,0.25159376348536,1.0595002154557,1.5330169690531,1.2761307591983,1.5260686522824,kognition,1.6715317358912,0.22534807921372,1,0.0,3.2089464591316,3.2334868307708,3.9433548328915,0.63201781927095,0.61273840775018,0.44241247348967,vor_abwesenheit,0,1,-106
lehrkraft_1_thiele,45,205,2025-09-24,1,4,5,44,23,0.57733117837075,0.13842377089728,0.23494528964471,0.33229867622751,0.41184814233371,0.38823743203435,0.26300168199361,1.788412713376,0.34098600722158,0.66742438725943,1.0210875132145,1.3182817439835,1.2808352991553,0.897129123552,kognition,1.788412713376,0.24451386062277,1,0.0,2.9976679264463,3.1286660098987,4.1870663396681,1.1105613288067,0.47380760101646,0.77739293016468,vor_abwesenheit,1,1,-106
lehrkraft_1_thiele,469,1472,2025-09-24,1,4,4,22,16,0.5751057503738,-0.034572068596046,0.091199194330999,0.29219918788976,0.44511612224808,0.48027499775105,0.29271705364311,1.9011983743517,-0.12631818181818,0.27033754755758,1.0039359814093,1.4797857185343,1.601563381595,1.0075170441861,kognition,1.9011983743517,0.25201214228138,1,0.0,3.2374902344953,3.336365987894,3.6537540629531,0.79709315881232,0.55645417996076,0.55796521116862,vor_abwesenheit,1,1,-106
lehrkraft_1_thiele,672,1897,2025-09-24,1,4,5,41,22,0.53186431842439,0.023728587886542,0.13564913627168,0.30797082563631,0.43183563382433,0.48564462413387,0.37284847860884,1.939373555409,0.077463414634146,0.46233440977427,1.2031587676364,1.5988582450603,1.8187699242751,1.4432997386844,kognition,1.939373555409,0.22700631805994,1,0.0,3.6573078015885,3.7295386243674,4.5184642616466,0.88510574696853,0.53047421960711,0.61957402287797,vor_abwesenheit,1,1,-106
lehrkraft_1_thiele,710,2097,2025-09-24,1,4,4,38,18,0.60365842612979,0.0,0.1493393801795,0.2621250430329,0.43716998687232,0.49077619869994,0.275889656183,2.120488074204,0.0,0.48644586855628,0.95244674456656,1.5622648515168,1.6798523273036,1.031199623404,kognition,2.120488074204,0.27072258018808,1,0.0,3.4592198583283,3.5128990992252,4.4036519153337,0.99846112474679,0.50038501505838,0.69892278732275,vor_abwesenheit,1,1,-106
lehrkraft_1_thiele,82,355,2025-09-25,1,5,4,41,20,0.56451784845137,0.070111309236208,0.14185972150371,0.32925182880174,0.43146404584215,0.43683515937119,0.39557534408906,2.1076572919129,0.23978753667611,0.51410021785846,1.2342109359992,1.617672450337,1.6375624595005,1.4797238666352,kognition,2.1076572919129,0.23867346522365,1,0.0,3.7115159541992,3.7376027510749,4.1276460126599,0.55012135163096,0.64511078371242,0.38508494614167,vor_abwesenheit,0,1,-105
lehrkraft_1_thiele,145,549,2025-09-25,1,5,4,29,16,0.53038834970705,0.14381645990879,0.10773281690249,0.31996336492602,0.4160857688641,0.47793306835048,0.3598851676009,1.9031711322049,0.61948119762199,0.34692410787005,1.2219126980776,1.5295448763406,1.6822295062517,1.3981475102337,kognition,1.9031711322049,0.21871982899663,1,0.0,3.569798928767,3.6549707601463,4.3252358042605,1.1196984874194,0.47176520903094,0.7837889411936,vor_abwesenheit,0,1,-105
lehrkraft_1_thiele,167,660,2025-09-25,1,5,5,44,21,0.47891022752673,0.051137698645173,0.16751899332395,0.40196531471111,0.38666831975918,0.49983309419216,0.37545250325146,1.8411433063735,0.23671714014343,0.63768936074732,1.5596590942711,1.5039006401486,1.9325896059505,1.4546294968632,performanz,1.9325896059505,0.2108357316111,1,0.0,3.7944162375531,3.8642940142272,4.6290043360953,0.85638862193588,0.53868031089158,0.59947203535511,vor_abwesenheit,0,1,-105
lehrkraft_1_thiele,24,84,2025-09-25,1,6,4,42,21,0.4536787165962,0.07337982965085,0.16829934377401,0.3816144915895,0.38454414100104,0.51421935012954,0.42513040746503,1.7324146374395,0.28569509611921,0.62492927152427,1.4943965579719,1.4842466573178,1.9786657630564,1.6729054662888,performanz,1.9786657630564,0.21337341568256,1,0.0,3.8240500613404,3.8635533066281,4.7689253591515,0.78112536728046,0.56144279250083,0.54678775709632,vor_abwesenheit,0,1,-105
lehrkraft_1_thiele,614,1749,2025-09-25,1,6,5,37,20,0.37406426366013,0.16858825482303,0.11100095301548,0.44582963741939,0.35609193244602,0.4632640720481,0.44012216068336,1.2684592699267,0.40405405405405,0.31489396176252,1.3696076813088,1.19467930598,1.4902755532129,1.4336031620019,performanz,1.4902755532129,0.19935268581498,1,0.0,3.0741876814303,3.2000809819087,4.2589436920402,1.1512116732623,0.46485430161482,0.80584817128361,vor_abwesenheit,0,1,-105
lehrkraft_1_thiele,696,2017,2025-09-25,1,6,5,54,24,0.53364680513987,0.082214871500718,0.24016071890594,0.27669099309336,0.41782632151463,0.47492739016793,0.31528919264105,1.8692353858272,0.30872937686481,0.85942733359571,1.0065853823875,1.4728444515064,1.6840806922168,1.1407368382638,kognition,1.8692353858272,0.22408489298083,1,0.0,3.4128966172356,3.5499029837137,4.1508586304112,0.98183965974671,0.50458168756589,0.6872877618227,vor_abwesenheit,0,1,-105
lehrkraft_1_thiele,6,8,2025-09-26,1,7,5,31,19,0.43629830349893,0.14017477194799,0.22770966352997,0.39237134748035,0.40645357400174,0.47664132175234,0.38361394215701,1.592914712462,0.4994605229235,0.82151230211464,1.3767496194645,1.4632864360411,1.70289664801,1.359767188162,performanz,1.70289664801,0.19314691332549,1,0.0,3.4995987007179,3.5729338162015,4.2764814618867,0.97606288286608,0.50605677009104,0.68324401800625,vor_abwesenheit,0,1,-104
lehrkraft_1_thiele,180,729,2025-09-26,1,7,5,37,21,0.48214397571272,0.035108016605869,0.094800112109057,0.36808961600719,0.43634607938256,0.45472489559823,0.44358392921651,1.8290428998564,0.15203253948892,0.39468735478498,1.4197411860056,1.6810946645424,1.7466446775528,1.695074758928,kognition,1.8290428998564,0.2050883230685,1,0.0,3.7802222560291,3.8347904750595,4.3304123418736,0.79500723021791,0.55710082007781,0.55650506115254,vor_abwesenheit,0,1,-104
lehrkraft_1_thiele,506,1530,2025-09-26,1,7,5,51,28,0.56205666092918,0.036727104554231,0.17894941030338,0.30605883120611,0.45685747163369,0.46526256711373,0.31933451385696,2.2128353983994,0.17147058823529,0.73036455046519,1.220380815295,1.8118216794119,1.8269185933677,1.2775026557655,kognition,2.2128353983994,0.23919198019226,1,0.0,3.8988648032758,3.9635138343021,4.6687650182457,0.87335028742623,0.53380299814291,0.61134520119836,vor_abwesenheit,0,1,-104
lehrkraft_1_thiele,193,748,2025-09-29,1,1,5,38,24,0.55130443016564,0.042648240151886,0.077113153950842,0.33348369385781,0.43283419881647,0.44808659421961,0.36754054935561,2.1353158244303,0.10565789473684,0.28425573221165,1.2395829300527,1.668168636147,1.7022606643322,1.3494741950154,kognition,2.1353158244303,0.24488128070799,1,0.0,3.6999544583043,3.7783856800582,4.4036519153337,0.92486818640093,0.51951609313559,0.64740773048065,vor_abwesenheit,0,1,-101
lehrkraft_1_thiele,5,6,2025-09-29,1,2,5,56,24,0.33650179495601,0.06180919297115,0.11578277064478,0.23489485069079,0.28285996693468,0.34169349592673,0.18467303211411,1.3408604340269,0.23521428571429,0.48388990752331,0.84622910677433,1.1301856808429,1.2241487754664,0.63887560852733,kognition,1.3408604340269,0.22432843495432,1,0.19148936170213,2.4469384030513,3.8229032492778,4.4467495553359,2.4764505139917,0.28764971512619,1.7909621683048,vor_abwesenheit,0,1,-101
lehrkraft_1_thiele,23,82,2025-09-29,1,2,5,35,22,0.51909272053512,0.073961192915451,0.10954923754487,0.36077508871644,0.42404016295999,0.44060435709645,0.39928472353597,1.8933616307715,0.25614156374394,0.42529863937743,1.4185605113233,1.5705831267193,1.67203930665,1.5585472126288,kognition,1.8933616307715,0.21528850343179,1,0.0,3.6790128889972,3.7550439654032,4.7668121124854,1.0614428279997,0.48509713023201,0.74300997959978,vor_abwesenheit,0,1,-101
lehrkraft_1_thiele,34,131,2025-09-29,1,2,5,50,23,0.53632881222246,0.15471997200793,0.24122005458248,0.32402755529597,0.42722830044705,0.42967293906622,0.28787647338715,2.0829232585277,0.62056828000876,0.96305584623531,1.3161841478349,1.6790853458932,1.6889296090338,1.1840642703309,kognition,2.0829232585277,0.2184545987774,1,0.0,3.802277026255,3.9497348735117,4.4050032557178,1.1881144786476,0.45701447970769,0.83168013505333,vor_abwesenheit,0,1,-101
lehrkraft_1_thiele,55,259,2025-09-29,1,2,5,33,20,0.58097382579113,0.058703839804723,0.14470610885836,0.29064211306424,0.38782589858402,0.44669542178946,0.37097650499887,1.7474899514758,0.18314450058315,0.44517680512162,0.82545011214476,1.2494478950379,1.3344685467513,1.173528428636,kognition,1.7474899514758,0.25112282244271,1,0.0,2.9471865620556,3.006902126302,4.2589436920402,0.95585383627524,0.51128565000768,0.66909768539267,vor_abwesenheit,0,1,-101
lehrkraft_1_thiele,68,316,2025-09-30,1,1,2,10,8,0.41037075466025,0.0,0.0,0.40839931685349,0.46449590042892,0.45787776024615,0.48898818983693,1.2058882654536,0.0,0.0,1.2138893161216,1.3661692167207,1.3431003466514,1.4294304353661,regulation,1.4294304353661,0.21795156236515,1,0.0,2.9396091610951,2.940032862866,4.0994612769517,0.92883103117687,0.51844873077858,0.65018172182381,vor_abwesenheit,0,1,-100
lehrkraft_1_thiele,101,420,2025-09-30,1,2,5,47,25,0.52997727629602,0.0050320400571855,0.075655133674121,0.35931465041449,0.44068962759493,0.45324135612961,0.4204251775857,2.2354210456964,0.018335843621547,0.32472587813237,1.4961983486164,1.8459096998253,1.8972820580905,1.7552372250495,kognition,2.2354210456964,0.23351042895897,1,0.0,4.1748556134429,4.190242549969,4.7035557511802,0.52136833776304,0.65730301806488,0.36495783643412,vor_abwesenheit,0,1,-100
lehrkraft_1_thiele,115,443,2025-09-30,1,2,5,41,18,0.46716446590996,0.029898336417707,0.11487535872894,0.32991075905512,0.35126499061073,0.52133560085204,0.33820698819157,1.3160431125777,0.11884618812657,0.37040074747623,0.96945113001298,0.99644508865855,1.4653318750361,0.96209092110083,performanz,1.4653318750361,0.23282945272539,1,0.0,2.6246609984878,2.8566880615125,3.9750000629739,1.1288706917216,0.46973261640016,0.7902094842051,vor_abwesenheit,0,1,-100
lehrkraft_1_thiele,144,547,2025-09-30,1,2,2,14,10,0.46735715144921,0.0,0.11637378596123,0.35910974006144,0.44934519949903,0.52183615717131,0.38714852963558,1.7069698898041,0.0,0.42598973675304,1.24036701881,1.6092820887207,1.8316595778173,1.3556374376991,performanz,1.8316595778173,0.22419592513733,1,0.0,3.5236688712827,3.5471446306505,3.9620163447076,0.66103311076509,0.60203495855624,0.46272317753556,vor_abwesenheit,0,1,-100
lehrkraft_1_thiele,468,1470,2025-09-30,1,2,5,38,24,0.47430312443946,0.11436770051983,0.14971684902401,0.40644506886551,0.3990546624427,0.43546398943318,0.44752396973789,1.8548940206801,0.45121082651506,0.59141638200955,1.5894848454173,1.5602527993439,1.70535250358,1.7481133407222,kognition,1.8548940206801,0.19523710829275,1,0.0,3.8625088556504,3.9108827726024,4.1478207849846,0.66608851269014,0.6002082076572,0.4662619588831,vor_abwesenheit,0,1,-100
lehrkraft_1_thiele,505,1529,2025-09-30,1,2,4,31,20,0.3980820120921,0.032748680026346,0.064934043805775,0.14689710601034,0.27996337500358,0.19593990236782,0.12498782271847,1.3949611164752,0.13312742840096,0.23343568682449,0.59348169593356,0.99152577382982,0.76434948532594,0.53553281620458,kognition,1.3949611164752,0.22316494729971,1,0.29166666666667,2.0553591085454,3.3244377525904,3.8070387604908,2.2916613958531,0.30379795481388,1.6916629770972,vor_abwesenheit,0,1,-100
lehrkraft_1_thiele,92,385,2025-09-30,1,4,5,47,25,0.52997727629602,0.0050320400571855,0.075655133674121,0.35931465041449,0.44068962759493,0.45324135612961,0.4204251775857,2.2354210456964,0.018335843621547,0.32472587813237,1.4961983486164,1.8459096998253,1.8972820580905,1.7552372250495,kognition,2.2354210456964,0.23351042895897,1,0.0,4.1748556134429,4.190242549969,4.7035557511802,0.52136833776304,0.65730301806488,0.36495783643412,vor_abwesenheit,1,1,-100
lehrkraft_1_thiele,166,658,2025-10-01,1,3,5,46,26,0.46763924242861,0.13467971748336,0.18589863099348,0.38086781826756,0.36476958159343,0.495505329669,0.35477097151226,1.708980822569,0.41150568445703,0.55001704320033,1.3669923579815,1.3814711406197,1.7551515359814,1.3503672391963,performanz,1.7551515359814,0.20589529646924,1,0.0,3.4747158649531,3.5861082429056,4.8276336812305,1.4464980064155,0.40874752294,1.0125486044909,vor_abwesenheit,0,1,-99
lehrkraft_1_thiele,192,747,2025-10-01,1,3,4,38,21,0.52001436903412,0.030747811413812,0.17410416734988,0.3116451386255,0.43245261015836,0.50547486871747,0.36710504523885,1.778296275108,0.1040891144921,0.59559414966757,1.1027321780847,1.4971293152987,1.7556043587655,1.29070997578,kognition,1.778296275108,0.21888998852586,1,0.0,3.4254047828456,3.4640042067861,4.1622117759406,0.64971086164063,0.60616682792857,0.45479760314844,vor_abwesenheit,0,1,-99
lehrkraft_1_thiele,217,856,2025-10-01,1,3,5,44,26,0.42206567555351,0.14034601105875,0.23160222067061,0.43797627396438,0.35893731778291,0.42462290389271,0.41164705603169,1.6915888623467,0.47314471874124,0.8180023279132,1.6481804755358,1.4549128029866,1.6754006777,1.6011756822102,kognition,1.6915888623467,0.18067887080691,1,0.0,3.7361032845641,3.8678789817639,4.8127294984424,1.3401272800217,0.42732718366957,0.9380890960152,vor_abwesenheit,0,1,-99
lehrkraft_1_thiele,240,949,2025-10-01,1,3,5,46,23,0.48852464202415,0.18140579850666,0.14242147600159,0.38368913784339,0.42896050545623,0.41456393871791,0.3694312743489,1.8232181060154,0.56295683877422,0.54989195247341,1.3165181949615,1.5820354454167,1.4974308511654,1.2919805812233,kognition,1.8232181060154,0.21016562645905,1,0.0,3.4772108231052,3.60079162007,4.4050032557178,1.0785270782747,0.48110992175769,0.75496895479232,vor_abwesenheit,0,1,-99
lehrkraft_1_thiele,530,1559,2025-10-01,1,4,5,43,28,0.41806553974601,0.20328933378769,0.26605960977015,0.41606104661603,0.31748251496173,0.4749709507167,0.37754810540007,1.4865198724531,0.66859139176048,0.89838210534997,1.4367681991165,1.1383899044157,1.6482651823534,1.3321302155082,performanz,1.6482651823534,0.19145733634159,1,0.0,3.363841500791,3.4821700144099,4.4608733210844,1.1606442704033,0.46282491463223,0.81245098928228,vor_abwesenheit,1,1,-99
lehrkraft_1_thiele,670,1894,2025-10-01,1,4,5,45,25,0.36168852188078,0.078086870877648,0.0061070174286246,0.41132152989602,0.37878582592573,0.4839640617758,0.47958596771684,1.3506870862008,0.26666666666667,0.10935520262922,1.3312153537859,1.4198566505342,1.5589733811389,1.5210590396354,performanz,1.5589733811389,0.20195668230288,1,0.0,3.2310325141757,3.3411052967543,4.4256814363149,1.3190163923504,0.43121730544839,0.9233114746453,vor_abwesenheit,1,1,-99
lehrkraft_1_thiele,709,2095,2025-10-01,1,4,5,55,24,0.60632654813537,0.03457621046066,0.18720267340371,0.26422226703011,0.47022201423536,0.4418899141994,0.2675866864245,2.3453158827238,0.1210052546131,0.72149599106047,1.021990122351,1.8279027581496,1.7114367837023,1.0424336658092,kognition,2.3453158827238,0.26676840345361,1,0.0,3.7996159598271,3.8703117754683,4.4050032557178,0.81505374684362,0.55094787233656,0.57053762279054,vor_abwesenheit,1,1,-99
lehrkraft_1_thiele,143,546,2025-10-02,1,5,5,33,21,0.56160690413929,0.051943457385866,0.16415742724203,0.29325623407075,0.44797693798926,0.43350212224981,0.35860961728203,1.7297600510247,0.19504118009774,0.5412469288458,1.0225228266028,1.4104965459869,1.4104160201484,1.2102116960358,kognition,1.7297600510247,0.23003060547089,1,0.0,3.1324109357359,3.2109042900837,4.2195669844004,1.066782626885,0.4838438193702,0.74674783881947,vor_abwesenheit,0,1,-98
lehrkraft_1_thiele,165,657,2025-10-02,1,5,5,37,25,0.52473223446347,0.10742828325814,0.1534963851871,0.36914197092429,0.43281904066838,0.42725908321739,0.37679643877287,2.0165999061121,0.35676139920932,0.53625247657547,1.3764122897674,1.6915663087162,1.6286576494751,1.4347067189125,kognition,2.0165999061121,0.22305160417749,1,0.0,3.73474725686,3.8012822937152,4.6073855808479,1.0044390776972,0.49889268829705,0.70310735438801,vor_abwesenheit,0,1,-98
lehrkraft_1_thiele,22,81,2025-10-02,1,6,4,33,19,0.59979893886602,0.13969283218334,0.19953359871422,0.3064385071991,0.418664102905,0.39341754395215,0.34353388957366,1.9971892945663,0.50387550369605,0.70399290455612,1.0796202029431,1.4082401650577,1.3566578318342,1.1887070848052,kognition,1.9971892945663,0.24242785755317,1,0.0,3.3377427645714,3.3950271377412,3.7004722196336,0.65835483786456,0.60300725584621,0.46084838650519,vor_abwesenheit,0,1,-98
lehrkraft_1_thiele,612,1747,2025-10-02,1,6,4,34,17,0.50971118334923,0.14461997483999,0.2783148405825,0.3672810943906,0.38689969697095,0.45472211330871,0.32031038354373,1.7150036506632,0.48313250833124,0.96157727246411,1.2194964532697,1.3055278236067,1.5279563010685,1.0877372822809,kognition,1.7150036506632,0.20661620949521,1,0.0,3.2876561170995,3.3577674814952,3.9027212950711,0.80171196929806,0.55502767203661,0.56119837850864,vor_abwesenheit,0,1,-98
lehrkraft_1_thiele,695,2016,2025-10-02,1,6,5,44,24,0.58865689458644,0.0852706505308,0.19312574062289,0.26719305453763,0.42475649197676,0.41524727782602,0.26376318522986,1.9145119521487,0.36252145568705,0.69711049456301,0.98275330696362,1.3987201018546,1.4094047697289,0.9331780023855,kognition,1.9145119521487,0.24869604991096,1,0.0,3.1720980182105,3.3834739933261,4.2514112502238,1.16563788116,0.46175771522078,0.815946516812,vor_abwesenheit,0,1,-98
lehrkraft_1_thiele,67,315,2025-10-07,1,1,5,34,24,0.54081805262436,0.13852742812911,0.17749171507093,0.3710477076112,0.41960229414253,0.43184250202667,0.31321936678902,1.7949760243472,0.48264087246081,0.57105679945455,1.261019922833,1.4053589649653,1.4576390426181,1.076159115573,kognition,1.7949760243472,0.22301022615869,1,0.0,3.2602181053941,3.3533558462792,4.3850337175204,0.9985914922135,0.50035237510817,0.69901404454945,vor_abwesenheit,0,1,-93
lehrkraft_1_thiele,44,203,2025-10-07,1,2,4,40,22,0.45620612094333,0.038821333653969,0.12327030502785,0.37350627174603,0.42631256486287,0.46083332470569,0.44319900484824,1.8053469861954,0.12412216546146,0.45254203817529,1.4651987892533,1.6971244102817,1.8156155368803,1.742492940381,performanz,1.8156155368803,0.19359109426815,1,0.0,3.8521758176233,3.9380815923404,4.6046572277403,0.9088060443926,0.52388769562924,0.63616423107482,vor_abwesenheit,0,1,-93
lehrkraft_1_thiele,113,441,2025-10-07,1,2,5,42,24,0.33375831978153,0.078320989590628,0.099135535847714,0.25538572367456,0.32366251455444,0.20460813533066,0.33739563228809,1.5533326792005,0.27746524114094,0.47847409235963,1.2131686966104,1.4575287627164,1.2548741655216,1.426375611561,kognition,1.5533326792005,0.19345641979931,1,0.23529411764706,3.1502685229205,3.8802807689515,4.6073855808479,2.0614955727004,0.32663774167014,1.5136351361844,vor_abwesenheit,0,1,-93
lehrkraft_1_thiele,668,1892,2025-10-07,1,2,5,48,27,0.45644181237031,0.08112522570461,0.12981164416736,0.38700373733944,0.40213396753997,0.49187700275469,0.42787664600664,1.6910136170824,0.3132246990442,0.47371052521919,1.421390251241,1.5023387580612,1.7888867016511,1.5687305513865,performanz,1.7888867016511,0.2042272443702,1,0.0,3.6222150117637,3.6799958641624,4.3850337175204,0.79419711278574,0.55735236272193,0.55593797895002,vor_abwesenheit,0,1,-93
lehrkraft_1_thiele,77,347,2025-10-07,1,3,4,23,16,0.54242930391291,0.11670261294587,0.14791426559226,0.32610227387941,0.40565733874725,0.42796284961617,0.33939856795634,1.8241044791256,0.35565217391304,0.41809186309415,1.1441107508563,1.3646627805037,1.487575659788,1.2169481631182,kognition,1.8241044791256,0.23352585003414,1,0.0,3.239411137165,3.3991855091674,4.2589436920402,1.2355880633883,0.4473095989269,0.86491164437182,vor_abwesenheit,0,1,-93
lehrkraft_1_thiele,164,656,2025-10-15,1,3,5,45,22,0.34874924915947,0.043016649773317,0.05825796006318,0.28401995634553,0.2565090080662,0.35109651832352,0.29728303355168,1.3542091679633,0.2574631786951,0.37918015788622,1.0074308712593,1.1047491528786,1.2792837438182,1.1395769678244,kognition,1.3542091679633,0.1827191253045,1,0.15384615384615,2.68598912229,3.4404141218537,4.770377344071,2.1932102076054,0.31316447555449,1.5814009914776,vor_abwesenheit,0,1,-85
lehrkraft_1_thiele,666,1890,2025-10-15,1,4,5,41,26,0.4374238457519,0.022807027017569,0.062917714725125,0.35397655034187,0.40827929872755,0.50131168214626,0.45564309326885,1.542063031002,0.077463414634146,0.24971696790568,1.1742941761796,1.4375354870547,1.6629338434127,1.5005474401386,performanz,1.6629338434127,0.21486238180363,1,0.0,3.3028448665771,3.379838318075,4.3866474131126,1.0051166850627,0.49872409294163,0.70358167954386,vor_abwesenheit,1,1,-85
lehrkraft_1_thiele,190,745,2025-10-20,1,1,5,39,23,0.55316771090748,0.080816539910132,0.15019244922223,0.29892085735186,0.45015179940406,0.45343359761593,0.38221609871546,1.99925220469,0.30293540623708,0.51685502531363,1.1116928135404,1.642565231865,1.6418721790108,1.3995224436748,kognition,1.99925220469,0.23207462760577,1,0.0,3.5978058772911,3.6365690893504,4.3850337175204,0.6691156832814,0.59911964761726,0.46838097829698,vor_abwesenheit,0,1,-80
lehrkraft_1_thiele,4,5,2025-10-20,1,2,5,51,24,0.52102789518447,0.11797694997437,0.14503789138931,0.32888381625571,0.43655694589905,0.43169642235976,0.32857460061263,1.9648372842883,0.35436249923488,0.55393903706857,1.1875295051412,1.6147521728914,1.5922373595362,1.2068458553295,kognition,1.9648372842883,0.23185278462509,1,0.0,3.5074712293117,3.675104155282,4.2571432703781,1.2440301404988,0.44562681309517,0.87082109834917,vor_abwesenheit,0,1,-80
lehrkraft_1_thiele,21,80,2025-10-20,1,2,5,49,29,0.51993705005366,0.075489913830697,0.17182251542704,0.34163891620836,0.42389209466464,0.45388840566852,0.38125149205726,1.9625481848451,0.28168890519579,0.64829524632329,1.3314960746835,1.6228974750521,1.7494632733036,1.4716105927085,kognition,1.9625481848451,0.21642569899586,1,0.0,3.7395411799033,3.8179808370417,4.4036519153337,0.89681354266181,0.52719994744275,0.62776947986327,vor_abwesenheit,0,1,-80
lehrkraft_1_thiele,33,130,2025-10-20,1,2,5,48,29,0.52438542924881,0.054614260025002,0.16826313983627,0.33072301921821,0.44919528343326,0.46467320830945,0.37137021518498,2.1528611148438,0.213613957296,0.6853264174181,1.3285980994049,1.833296554291,1.8740380774569,1.486625571011,kognition,2.1528611148438,0.2248569263822,1,0.0,3.9997922034562,4.0592274451185,4.4050032557178,0.8345361645982,0.5450969129404,0.58417531521874,vor_abwesenheit,0,1,-80
lehrkraft_1_thiele,54,258,2025-10-20,1,2,5,39,24,0.47097641484656,0.18120114584254,0.19443266400075,0.37459073485519,0.40125034773324,0.4376745618517,0.37252983892745,1.6898012842608,0.63262765782346,0.77902308352149,1.3474542280846,1.4337772378983,1.5261007772505,1.3774976824739,kognition,1.6898012842608,0.19232267910641,1,0.0,3.4583748510877,3.5701226596018,4.770377344071,1.3088521672645,0.43311564689081,0.91619651708514,vor_abwesenheit,0,1,-80
lehrkraft_1_thiele,66,314,2025-10-21,1,1,5,38,23,0.55203511722023,0.090954870809573,0.13696508634245,0.32560074434393,0.43880546548175,0.4442634097046,0.33568544667814,1.9197974299491,0.28040234220317,0.47060617696988,1.1547517514938,1.5535748567502,1.5633791273913,1.2081822896073,kognition,1.9197974299491,0.23553791075792,1,0.0,3.4112494783206,3.5120945674358,4.4022411360453,0.89910588153604,0.526563584328,0.62937411707523,vor_abwesenheit,0,1,-79
lehrkraft_1_thiele,100,419,2025-10-21,1,2,5,39,23,0.52750501635284,0.12632700805805,0.18207671646388,0.34159172466975,0.45032613957106,0.42320808562902,0.37172223800727,1.8613570309267,0.52355301192789,0.68896984316523,1.3116726331075,1.5930780119989,1.5743037609155,1.3736127812355,kognition,1.8613570309267,0.20851926457644,1,0.0,3.5828849061662,3.6380540989413,4.4608733210844,1.0471664406671,0.48848006695251,0.73301650846697,vor_abwesenheit,0,1,-79
lehrkraft_1_thiele,111,439,2025-10-21,1,2,4,29,21,0.49704608115852,0.12656694177415,0.22189352390449,0.36328254692036,0.39547996237259,0.47370295166825,0.37685421431614,1.8407051300041,0.52403420102834,0.85587067408984,1.4056235705854,1.4804194821567,1.7701832471508,1.4461004151122,kognition,1.8407051300041,0.19743833786088,1,0.0,3.7131518194996,3.7724052897964,4.3730545704504,0.83771046276325,0.5441553608485,0.58639732393428,vor_abwesenheit,0,1,-79
lehrkraft_1_thiele,467,1469,2025-10-21,1,2,5,48,22,0.54765790057586,0.10583466963434,0.21284918919366,0.33295533611487,0.45024996682631,0.41080037619877,0.30378938208959,2.0194093202662,0.32098406870605,0.7311476102227,1.228813429428,1.6965369590301,1.5487813059396,1.1949912556134,kognition,2.0194093202662,0.23103614691074,1,0.0,3.5959100844423,3.7117889761733,4.4050032557178,1.1761880762928,0.45951910631895,0.82333165340494,vor_abwesenheit,0,1,-79
lehrkraft_1_thiele,76,345,2025-10-21,1,3,5,42,30,0.50593588199183,0.20968092835769,0.2653298098557,0.40422467772485,0.35395976931269,0.38735442247327,0.31355716717676,1.596857801684,0.52153059421585,0.72008099151723,1.174008379436,1.1509928799242,1.2485780558561,1.0632833671489,kognition,1.596857801684,0.21361697203245,1,0.0,2.9551758998221,3.0383473332745,4.134383264,1.0789337672139,0.48101580520296,0.7552536370497,vor_abwesenheit,0,1,-79
lehrkraft_1_thiele,91,384,2025-10-21,1,4,5,39,23,0.52750501635284,0.12632700805805,0.18207671646388,0.34159172466975,0.45032613957106,0.42320808562902,0.37172223800727,1.8613570309267,0.52355301192789,0.68896984316523,1.3116726331075,1.5930780119989,1.5743037609155,1.3736127812355,kognition,1.8613570309267,0.20851926457644,1,0.0,3.5828849061662,3.6380540989413,4.4608733210844,1.0471664406671,0.48848006695251,0.73301650846697,vor_abwesenheit,1,1,-79
lehrkraft_1_thiele,610,1745,2025-10-22,1,0,5,49,28,0.4596931265727,0.15881080650514,0.23971218666425,0.43684454699062,0.35558054617134,0.42100051114877,0.37686234457326,1.6906707726565,0.50469095158872,0.79259458721632,1.5186679591815,1.3173191619239,1.5300356421899,1.3813328147292,kognition,1.6906707726565,0.19100164613147,1,0.0,3.4687257536235,3.5919553572595,4.7035557511802,1.1500299750822,0.46510979455612,0.80502098255755,vor_abwesenheit,0,1,-78
lehrkraft_1_thiele,163,655,2025-10-22,1,3,4,29,17,0.32529455847504,-0.03774402713268,0.075574328932703,0.26218444077512,0.21400822957569,0.27149383372874,0.2218269700161,1.0866397076035,-0.11100772096427,0.28468855717385,0.91508870765615,0.72734746173148,0.92582399492316,0.78816090816935,kognition,1.0866397076035,0.17651143216458,1,0.26086956521739,2.0295136123094,3.2369240324897,3.5867604415688,2.1192875220686,0.32058602899704,1.5617621350133,vor_abwesenheit,0,1,-78
lehrkraft_1_thiele,189,744,2025-10-22,1,3,5,54,24,0.53404650577089,0.0929859470816,0.19781361950886,0.34819518242271,0.4239643340901,0.42689081132315,0.34560858505974,2.2655536578522,0.37455976590795,0.81189040761171,1.5122888485273,1.8242104881458,1.8420148490363,1.5553894852722,kognition,2.2655536578522,0.22242040361438,1,0.0,4.1664386531213,4.2992474728082,4.9125764837446,1.1964615516628,0.45527771667251,0.83752308616396,vor_abwesenheit,0,1,-78
lehrkraft_1_thiele,216,855,2025-10-22,1,3,5,46,26,0.54509995797454,0.057355791189437,0.15356920113913,0.34595931650769,0.42853548528047,0.45050301870037,0.32497252176519,1.9037471609566,0.2723680492918,0.61446670959745,1.3449823819791,1.5879697415963,1.6528293134913,1.2923237425805,kognition,1.9037471609566,0.21791853541462,1,0.0,3.5789073538668,3.6688245448823,4.8127294984424,1.2200769811131,0.4504348310925,0.85405388677914,vor_abwesenheit,0,1,-78
lehrkraft_1_thiele,466,1468,2025-10-22,1,4,5,46,29,0.50797732434597,0.10660496745976,0.18467043216266,0.37668450989501,0.37409026762482,0.48453246826728,0.37018076894146,1.881639724787,0.36716680651601,0.64472512555409,1.3412373100106,1.4135221502007,1.6776721469516,1.3722494679373,kognition,1.881639724787,0.21632486842657,1,0.0,3.5476280570275,3.610663473373,4.7035557511802,1.0077446618909,0.49807130308003,0.70542126332366,vor_abwesenheit,1,1,-78
lehrkraft_1_thiele,529,1558,2025-10-22,1,4,5,34,20,0.52698813252496,0.13453225943959,0.16052278600791,0.31831107851159,0.43652188171884,0.40895451206445,0.31081412854631,1.8002381516888,0.45638068756557,0.52964550865564,1.1980275701983,1.5458951978424,1.4656673592133,1.203186074734,kognition,1.8002381516888,0.21956692868304,1,0.0,3.3392461214445,3.5430970281624,4.6046572277403,1.2691320091876,0.44069714584741,0.88839240643134,vor_abwesenheit,1,1,-78
lehrkraft_1_thiele,664,1888,2025-10-22,1,4,5,35,21,0.46159251491027,0.02779634580995,0.11875261949388,0.36229628185235,0.417532959117,0.5323832536717,0.40632010519163,1.463119808807,0.090742857142857,0.37546038250243,1.1431677805844,1.3217771177,1.6800018382988,1.2898140392175,performanz,1.6800018382988,0.22813453491198,1,0.0,3.1352636405518,3.1637293903409,3.4593492831486,0.4443695196127,0.69234360488869,0.31105866372889,vor_abwesenheit,1,1,-78
lehrkraft_1_thiele,708,2094,2025-10-22,1,4,5,36,26,0.40222087443405,0.16213388414117,0.16861851572219,0.46704440916059,0.32151723122833,0.48826576223307,0.39817199497925,1.485924963632,0.54509909625521,0.58328289458946,1.5475863700059,1.3135863704258,1.6928483520144,1.4516342167519,performanz,1.6928483520144,0.19638697945909,1,0.0,3.4552619473439,3.5332636122937,4.4608733210844,1.3488906578665,0.4257328865654,0.94422346050655,vor_abwesenheit,1,1,-78
lehrkraft_1_thiele,179,724,2025-10-23,1,0,3,18,12,0.46861009713918,0.10739863825367,0.15823484468245,0.39731834845727,0.38770128257257,0.44199300274918,0.4408156352387,1.1179897325434,0.265,0.41027641740585,0.96182661703459,0.94327869864156,1.0780168956111,1.0274321879065,kognition,1.1179897325434,0.19262996212185,1,0.0,2.3496968428434,2.4038804257932,3.0931400144544,0.80856082589866,0.55292583234136,0.56599257812906,vor_abwesenheit,0,1,-77
lehrkraft_1_thiele,188,743,2025-10-23,1,0,5,41,21,0.4845055535151,0.11520212623244,0.04822748783588,0.39367234538909,0.41127861322792,0.41402197469407,0.44197664241262,1.726347324602,0.39116547927348,0.17468262030388,1.3146601112166,1.5392806608349,1.4137142765242,1.567265665966,kognition,1.726347324602,0.21028828537473,1,0.0,3.422926440837,3.4938913542011,4.2571432703781,1.0223685069963,0.4944697252457,0.71565795489738,vor_abwesenheit,0,1,-77
lehrkraft_1_thiele,80,351,2025-10-23,1,5,5,45,24,0.61850141324597,0.0061556389373595,0.11075300392961,0.24322338674351,0.44022295987923,0.40167024028737,0.2958386372328,1.937772908198,0.091055653022262,0.39267244655063,0.88011495463623,1.4279197421243,1.3630842964932,1.0831230576431,kognition,1.937772908198,0.26257206878303,1,0.0,3.1244452478225,3.2442072482517,4.2589436920402,1.1977410559307,0.4550126582481,0.83841873915147,vor_abwesenheit,0,1,-77
lehrkraft_1_thiele,162,654,2025-10-23,1,5,4,36,24,0.54691603680136,0.11941971898746,0.10906014046375,0.33586314934243,0.43928192736491,0.46054081899945,0.34006488600684,2.1024029727716,0.4539487049223,0.42171214089547,1.3049548498219,1.7078434973545,1.7825968590823,1.3279684745826,kognition,2.1024029727716,0.23099705764871,1,0.0,3.7900919803381,3.8668709498078,4.294573352571,0.80060017408404,0.55537037838436,0.56042012185883,vor_abwesenheit,0,1,-77
lehrkraft_1_thiele,20,78,2025-10-23,1,6,4,43,21,0.42905304810177,0.16218124837962,0.22242946913411,0.42010608600183,0.3501327466571,0.4567494859011,0.40214174767082,1.6532116825266,0.50712346033162,0.7769611359244,1.4342714810332,1.3897287081333,1.6421765107513,1.4460374493479,kognition,1.6532116825266,0.18681391428014,1,0.0,3.5171295453669,3.6220075734967,4.7417226108447,1.0765172117641,0.48157558932557,0.7535620482349,vor_abwesenheit,0,1,-77
lehrkraft_1_thiele,609,1744,2025-10-23,1,6,5,40,21,0.53650210298182,0.05839971199139,0.10167764083201,0.3248154982879,0.48449802363635,0.43551464439634,0.35850990485812,1.9561038678262,0.2,0.36958669911033,1.2337487307105,1.7901229551905,1.6342400046229,1.3644714805515,kognition,1.9561038678262,0.2288302793964,1,0.0,3.6417215172308,3.7140011755929,4.1870663396681,0.88733599638235,0.52984736258769,0.62113519746765,vor_abwesenheit,0,1,-77
lehrkraft_1_thiele,635,1793,2025-10-23,1,6,5,56,28,0.52852661502423,0.042103486228271,0.13982112657741,0.36007212197511,0.44990707852691,0.44278624932675,0.37091401939443,2.2102332693872,0.18455357142857,0.59301530085057,1.5507806459026,1.8859266677417,1.8660190356936,1.5949279116829,kognition,2.2102332693872,0.22358434242716,1,0.0,4.1543134650285,4.222335201974,4.8127294984424,0.93712211309237,0.51622971687811,0.65598547916466,vor_abwesenheit,0,1,-77
lehrkraft_1_thiele,662,1886,2025-10-23,1,6,5,34,25,0.4483038478981,0.038205782776975,0.11032375479603,0.38578235755952,0.43469613887447,0.47737262147857,0.42282848259916,1.7592211645779,0.16544717532618,0.41310351827071,1.5720754358912,1.7359168533649,1.8748540620668,1.7475503706806,performanz,1.8748540620668,0.20228959430847,1,0.0,3.9174896222674,3.9891578615899,4.6046572277403,0.87139046961232,0.53436202451494,0.60997332872862,vor_abwesenheit,0,1,-77
lehrkraft_1_thiele,692,2013,2025-10-23,1,6,3,24,15,0.50966743938312,0.0,0.057074203003121,0.35035454951604,0.46482146837504,0.44826870426192,0.42592857487471,2.0667490158368,0.0,0.22109869212735,1.4487554583209,1.898679937867,1.8330306564676,1.758118050532,kognition,2.0667490158368,0.22400306620581,1,0.0,4.0589647051622,4.0918292904854,4.6046572277403,0.58376445777091,0.63140702210698,0.40863512043964,vor_abwesenheit,0,1,-77
lehrkraft_1_thiele,3,4,2025-10-24,1,7,5,39,23,0.46717281993977,0.17424082764685,0.18761532870379,0.37548958127819,0.38443566950258,0.46744180808136,0.39434881809187,1.7382162082197,0.61237867998061,0.71591060531487,1.4313760301529,1.4531421850722,1.7615096232717,1.5055581299492,performanz,1.7615096232717,0.19109266061642,1,0.0,3.6659258331671,3.7533775320247,4.3813670000398,0.97574617887012,0.50613788891237,0.68302232520908,vor_abwesenheit,0,1,-76
lehrkraft_1_thiele,178,723,2025-10-24,1,7,5,45,22,0.49090287768599,0.14422427199978,0.14052842174057,0.38470155797067,0.40376786264713,0.45559512496718,0.35212991542598,1.9631454532884,0.50361192253403,0.62564454455981,1.3823294961066,1.6788206974659,1.7640081489165,1.3512330539215,kognition,1.9631454532884,0.21180162143995,1,0.0,3.7637515089233,3.8636789002988,4.6290043360953,1.3358351386104,0.42811240548205,0.93508459702727,vor_abwesenheit,0,1,-76
lehrkraft_1_thiele,215,854,2025-10-24,1,7,3,36,19,0.53724291284577,0.039820949443763,0.12655208308893,0.36693485197042,0.43849461427609,0.44959595939431,0.36437147339662,2.3520053663203,0.18783333333333,0.57513101326027,1.5979150931115,1.923507543979,1.9670772251381,1.6018159969674,kognition,2.3520053663203,0.22394022212369,1,0.0,4.3111955999537,4.3784931099907,4.7035557511802,0.79943780202973,0.55572912765977,0.55960646142081,vor_abwesenheit,0,1,-76
lehrkraft_1_thiele,177,722,2025-10-27,1,0,5,38,23,0.46903237923873,0.11588467082478,0.087520534718833,0.36540205032629,0.43171668800506,0.45834079813622,0.38212737551355,1.5204447727584,0.38502661598875,0.29248011755533,1.2270802954229,1.4110149859638,1.5082199755801,1.2882517893473,kognition,1.5204447727584,0.19760415027994,1,0.0,3.1585680190109,3.2888751344471,4.1408141954246,0.97381846405611,0.50663220463803,0.68167292483928,vor_abwesenheit,0,1,-73
lehrkraft_1_thiele,187,742,2025-10-27,1,1,4,41,21,0.56455030569985,0.028062104865877,0.12569873397222,0.32614604694278,0.4614696826468,0.44520086076007,0.36277692055933,2.2714952308811,0.091760209566719,0.48825392420372,1.3353269532514,1.8477436897074,1.8168213810794,1.5016442996314,kognition,2.2714952308811,0.24286155617923,1,0.0,4.0198921332259,4.0453120384868,4.7035557511802,0.81246503510475,0.55173478143384,0.56872552457333,vor_abwesenheit,0,1,-73
lehrkraft_1_thiele,2,3,2025-10-27,1,2,5,44,28,0.48932448275012,0.042810601508664,0.13955110948413,0.34088755468565,0.4121278928091,0.49994926688682,0.41273390913632,1.6927611201682,0.17220862504328,0.51611550768725,1.1839987015311,1.4204801241336,1.7439082699433,1.4417154336307,performanz,1.7439082699433,0.20827067568878,1,0.0,3.4206501416542,3.4730624717389,3.689846849301,0.62824065814276,0.61415982643539,0.43976846069993,vor_abwesenheit,0,1,-73
lehrkraft_1_thiele,19,77,2025-10-27,1,2,5,37,22,0.53722525287777,0.085120043948562,0.1984498997346,0.32156620044957,0.39896696441563,0.48610710000199,0.27625652197941,1.7740868930816,0.17887460672906,0.55635060483214,0.94526032505372,1.3269781822962,1.502265205683,0.90375730905105,kognition,1.7740868930816,0.24682696952115,1,0.0,3.0359302733945,3.1464285754967,3.830950518204,0.94029580783681,0.51538533246375,0.65820706548577,vor_abwesenheit,0,1,-73
lehrkraft_1_thiele,32,129,2025-10-27,1,2,5,36,21,0.54022135920108,0.10239016576095,0.20354102783929,0.35396855854172,0.43083708499311,0.43896414682942,0.30358137993681,1.8597327065315,0.29155668755812,0.64849964329237,1.2049115297016,1.5031951459079,1.5426948254178,1.0771813274833,kognition,1.8597327065315,0.22881211938731,1,0.0,3.3489994336953,3.4448613259108,4.149830156151,0.94010987421253,0.5154347252657,0.65807691194877,vor_abwesenheit,0,1,-73
lehrkraft_1_thiele,53,257,2025-10-27,1,2,4,24,15,0.071527836907668,0.029656118016299,-0.082874212690411,-0.018743267744416,0.033387610316989,-0.25326771535857,0.064427590898757,0.015548767725496,0.096732185760487,-0.14856019187281,-0.046245205114174,0.071590002251798,-0.57487960477262,0.099496489884763,performanz,-0.57487960477262,0.29238776972729,-1,0.71428571428571,0.61588868267767,2.1358736130431,3.4484593132687,2.0376864306936,0.32919790202692,1.6406662157713,vor_abwesenheit,0,1,-73
lehrkraft_1_thiele,65,313,2025-10-28,1,1,5,41,18,0.55140051027159,0.070188029765123,0.15219941684365,0.36053869870506,0.39116081428543,0.43916532598114,0.32333779826283,2.0439404982438,0.19418714945068,0.51175486616521,1.2450277863654,1.5543301426402,1.5957640704956,1.231360219378,kognition,2.0439404982438,0.24401283414212,1,0.0,3.5363882411452,3.6461336204173,4.9125764837446,1.379723872461,0.42021682077167,0.96580671072267,vor_abwesenheit,0,1,-72
lehrkraft_1_thiele,99,418,2025-10-28,1,2,5,39,20,0.43064270129449,0.14823876570742,0.23588119924312,0.41115349956817,0.34933155955967,0.41330244052582,0.40708206625775,1.3631056354127,0.46882051282051,0.74864667130715,1.3055695676035,1.1034237854878,1.3410687730841,1.2590082748935,kognition,1.3631056354127,0.17960075273515,1,0.0,2.9906428609278,3.1476831134055,3.8229300313861,1.205766493726,0.45335714494002,0.84403654560822,vor_abwesenheit,0,1,-72
lehrkraft_1_thiele,142,545,2025-10-28,1,2,4,29,16,0.18506533910395,0.13822195429407,-0.0020541835905554,0.22764329639207,0.17545759406427,0.13031388396054,0.35481165306184,0.55595757687263,0.38041028518733,0.022062602972881,0.66715282986742,0.51164555469682,0.49910255019467,0.93972953269224,regulation,0.93972953269224,0.16577683255659,1,0.38095238095238,1.5143832385081,2.534790502465,3.1813676431278,1.922277203471,0.34219888476432,1.4598797567154,vor_abwesenheit,0,1,-72
lehrkraft_1_thiele,90,383,2025-10-28,1,4,5,39,20,0.43064270129449,0.14823876570742,0.23588119924312,0.41115349956817,0.34933155955967,0.41330244052582,0.40708206625775,1.3631056354127,0.46882051282051,0.74864667130715,1.3055695676035,1.1034237854878,1.3410687730841,1.2590082748935,kognition,1.3631056354127,0.17960075273515,1,0.0,2.9906428609278,3.1476831134055,3.8229300313861,1.205766493726,0.45335714494002,0.84403654560822,vor_abwesenheit,1,1,-72
lehrkraft_1_thiele,161,653,2025-10-29,1,3,4,38,22,0.48591929572052,0.18030728418572,0.2465991915557,0.4076458418421,0.33860176746502,0.4508083727895,0.29226345789671,1.4235838684029,0.46026315789474,0.67777227855583,1.1556343724192,1.0274990086925,1.3572417101389,0.89703164575854,kognition,1.4235838684029,0.2033974241399,1,0.0,2.7813349879662,2.9297511560769,3.5594354574754,1.0356451469115,0.49124475428205,0.72495160283808,vor_abwesenheit,0,1,-71
lehrkraft_1_thiele,186,741,2025-10-29,1,3,4,27,22,0.51502845740878,0.03463289287853,0.10283314927553,0.33795423538193,0.42151748493467,0.47020743541118,0.43861919240388,1.7037213003604,0.11762962962963,0.35020168048017,1.1341691832383,1.3618014536996,1.5873334570858,1.4604817140105,kognition,1.7037213003604,0.22082262733599,1,0.0,3.2912948048646,3.3186241057781,4.0581131318012,0.66224962296135,0.60159436115165,0.46357473607295,vor_abwesenheit,0,1,-71
lehrkraft_1_thiele,213,852,2025-10-29,1,3,5,39,24,0.32464815075645,0.13178214862372,0.02361456285744,0.38014262494239,0.29248124989959,0.34971486102752,0.32279406614956,1.0381010859183,0.37392307692308,0.054155889846074,1.1666852098479,0.95644499300658,1.1163256303232,1.0488911282341,motivation,1.1666852098479,0.18377141195654,1,0.11428571428571,2.4171682001415,2.945140654717,3.4143577757872,1.4299657766207,0.41152842958581,1.0352617579202,vor_abwesenheit,0,1,-71
lehrkraft_1_thiele,239,948,2025-10-29,1,3,4,22,13,0.49316854581755,0.089305291120895,0.1251984992308,0.34296318776345,0.41449136423796,0.47182608288652,0.36808530279384,1.5520602768522,0.24838590909091,0.30677335698171,1.1123974245979,1.3165786890454,1.4557490578175,1.1252902684099,kognition,1.5520602768522,0.21807068062302,1,0.0,2.9868022260582,3.0670476841258,3.7760138483445,1.2198197811375,0.45048702083715,0.85387384679625,vor_abwesenheit,0,1,-71
lehrkraft_1_thiele,465,1466,2025-10-29,1,4,4,27,17,0.45037629849468,0.11318820753715,0.11071835043464,0.40891558380359,0.42264019628156,0.43314630278414,0.43693506724511,1.5043896449081,0.32745900926575,0.30428811087429,1.3426293983279,1.4167030637614,1.4496589208621,1.4633805901784,kognition,1.5043896449081,0.19266030113442,1,0.0,3.2427926038442,3.3116141821364,3.6093466292389,0.74442524995091,0.57325471528696,0.52109767496564,vor_abwesenheit,1,1,-71
lehrkraft_1_thiele,661,1885,2025-10-29,1,4,5,58,24,0.52227093791335,0.1197191846098,0.17538281385985,0.3725418247026,0.40408131875036,0.42271732794192,0.36164210006207,1.8563964715428,0.43017257727761,0.62995158195525,1.3010695390735,1.4436231666109,1.4787680034723,1.2698895859666,kognition,1.8563964715428,0.22074018589582,1,0.0,3.4065083975717,3.5321078973028,4.0273551720063,1.0074258172801,0.49815041302743,0.70519807209606,vor_abwesenheit,1,1,-71
lehrkraft_1_thiele,707,2092,2025-10-29,1,4,5,42,24,0.49724380458246,0.10482519353015,0.14845409123348,0.35778328843099,0.43365155455358,0.44429342782408,0.37634479493377,2.0549954493593,0.39700363520031,0.67336500569331,1.4262753852764,1.7731426370214,1.8023121931483,1.4974557131039,kognition,2.0549954493593,0.21351600286191,1,0.0,3.9373897132858,4.0530130477809,4.9388259433378,1.2706894670417,0.4403948732377,0.88948262692918,vor_abwesenheit,1,1,-71
lehrkraft_1_thiele,141,544,2025-10-30,1,5,5,43,25,0.29904334865742,0.12750951183837,0.13357943046687,0.28804506641609,0.26947055659806,0.23745367998056,0.31157045068094,1.1845302783779,0.34408828032833,0.45345636469566,1.0612462259182,1.0568388855905,1.0812548168124,1.1108724488108,kognition,1.1845302783779,0.18001659734198,1,0.22857142857143,2.5245658950134,3.2825839589867,4.6046572277403,1.9821989192833,0.33532303748548,1.4561106720697,vor_abwesenheit,0,1,-70
lehrkraft_1_thiele,160,652,2025-10-30,1,5,5,44,27,0.45128205968394,0.13626984123849,0.19674534280806,0.41314754443009,0.39184459305051,0.47203153374648,0.38853196082906,1.8553807286029,0.56645764410801,0.80758486659893,1.7031282807933,1.6167921109491,1.9358007582959,1.6147486872605,performanz,1.9358007582959,0.19166547047703,1,0.0,4.0354560829096,4.1183353046046,4.5837065650839,0.88960107824905,0.52921222977213,0.62272075477433,vor_abwesenheit,0,1,-70
lehrkraft_1_thiele,18,76,2025-10-30,1,6,3,32,14,0.42894178906011,0.052349324097053,0.029691501363453,0.38063356353355,0.35530429643599,0.51563147333209,0.46504116815166,1.580792128348,0.1875,0.15765908011079,1.2900624354999,1.3104289891194,1.7323448641219,1.5640807684994,performanz,1.7323448641219,0.21805434000492,1,0.0,3.3745768609176,3.4678186005016,4.1276460126599,1.0619613591238,0.48497514057437,0.74337295138667,vor_abwesenheit,0,1,-70
lehrkraft_1_thiele,607,1742,2025-10-30,1,6,4,33,19,0.49814294740692,0.11887428455805,0.18226585114357,0.3494251356838,0.39326714775735,0.4786074601259,0.38182247834285,1.7120776322246,0.40007177874001,0.6580187922495,1.2282276885481,1.3647528953506,1.6676387777396,1.3436211626521,kognition,1.7120776322246,0.20444161348389,1,0.0,3.3884637551393,3.4694116675155,4.3730545704504,0.81937780952601,0.54963845044396,0.57356446666821,vor_abwesenheit,0,1,-70
lehrkraft_1_thiele,691,2012,2025-10-30,1,6,4,33,19,0.45534173266296,0.16737354888152,0.1324403784064,0.40052042463062,0.43348537606703,0.4008732281521,0.41328223853626,1.719745320265,0.51615161328636,0.46743208784192,1.4630748762634,1.6251914812956,1.513285342277,1.5407001264822,kognition,1.719745320265,0.19286499804628,1,0.0,3.589993602019,3.7067331587976,4.7417226108447,1.1795365053279,0.45881314561857,0.82567555372952,vor_abwesenheit,0,1,-70
lehrkraft_1_thiele,185,740,2025-11-03,1,1,5,39,24,0.48640164694179,0.14610824514376,0.21107367866059,0.36389060105526,0.3945223543273,0.44310210910433,0.38438218922438,1.6365607392544,0.55406306441546,0.77316366787068,1.3067975915736,1.3456020683635,1.5322646031233,1.2976935379247,kognition,1.6365607392544,0.19376421864042,1,0.0,3.3366610846798,3.4599403474043,4.2514112502238,1.0847158859812,0.47968167112101,0.75930112018687,vor_abwesenheit,0,1,-66
lehrkraft_1_thiele,321,1174,2025-11-03,1,1,4,37,17,0.44873130881194,-0.012012214802681,0.039466172596036,0.26374255607862,0.36189415847487,0.38179936852686,0.32084377031313,1.5753287142593,0.024480919898118,0.20315375535303,1.0818640650169,1.3282405524864,1.4185329530136,1.3047683544143,kognition,1.5753287142593,0.20572788198738,1,0.15625,3.0286697310261,3.3335023980359,4.1276460126599,1.4116130594078,0.41466021926649,1.0350041415855,vor_abwesenheit,0,1,-66
lehrkraft_1_thiele,1,2,2025-11-03,1,2,5,44,24,0.4767939699331,0.078379113854922,0.048259980049996,0.38464059847163,0.44401045175208,0.4392887029514,0.40542876252935,1.7889583682245,0.2657364593679,0.21569749551506,1.4207563274106,1.6380527794054,1.6418005205204,1.5216583755785,kognition,1.7889583682245,0.20449466275437,1,0.0,3.6097412552417,3.7139449224662,4.783303865063,1.1189059186255,0.47194167103403,0.78323414303784,vor_abwesenheit,0,1,-66
lehrkraft_1_thiele,17,75,2025-11-03,1,2,4,40,19,0.44479718970718,0.14583293076445,0.19375562227094,0.39275419799107,0.4038157506155,0.4262427002591,0.42296655922912,1.7748570165928,0.64803671978529,0.85079557922235,1.5797544236247,1.5963523391666,1.6948483199589,1.6770576409054,kognition,1.7748570165928,0.18070768279255,1,0.0,3.8759411922106,4.0099601061434,4.5339339963113,1.0986929014105,0.47648705502741,0.76908503098733,vor_abwesenheit,0,1,-66
lehrkraft_1_thiele,31,128,2025-11-03,1,2,5,44,22,0.54880485760861,0.10182040468986,0.12388082369004,0.34375560897926,0.43592879755351,0.41702474936961,0.39096780129451,2.0413486754812,0.34558297202109,0.4333897873184,1.2650183320933,1.6229788486017,1.5370630733529,1.4531628767952,kognition,2.0413486754812,0.23467703821845,1,0.0,3.6308312649713,3.6975537992169,4.2571432703781,0.78905124512591,0.55895548141754,0.55233587158814,vor_abwesenheit,0,1,-66
lehrkraft_1_thiele,52,256,2025-11-03,1,2,2,15,11,0.4796031629083,0.053051109183359,0.07845368081568,0.35241124424992,0.41586573095459,0.43113044976584,0.51173826011697,1.5803779378419,0.12635645798249,0.18685998042559,1.2750082556785,1.4584774672461,1.4855206929292,1.7336591191079,regulation,1.7336591191079,0.22095356752465,1,0.0,3.3931733345168,3.4191212650589,4.6046572277403,1.1833520558854,0.45801133963001,0.82834643911975,vor_abwesenheit,0,1,-66
lehrkraft_1_thiele,64,312,2025-11-04,1,1,4,30,18,0.42676948061954,0.15885361241454,0.19358791711714,0.40421268055427,0.3968261453136,0.44462043091369,0.43182898995817,1.6948326996388,0.63515460880369,0.76296427979757,1.6660421972576,1.6004502229584,1.7948548838098,1.7411074340982,performanz,1.7948548838098,0.18138263600433,1,0.0,3.9304058848056,4.0358334714361,4.6046572277403,1.022272900577,0.4944931021499,0.7155910304039,vor_abwesenheit,0,1,-65
lehrkraft_1_thiele,98,417,2025-11-04,1,2,5,40,20,0.53757954483165,0.1305376368303,0.2205844651254,0.34329466292602,0.42542718118842,0.43556400277445,0.27715906621227,1.8439789753253,0.48460818303148,0.78400509370099,1.2713462405714,1.4989879169406,1.5558830636293,1.027363376934,kognition,1.8439789753253,0.2178054958205,1,0.0,3.4043062720552,3.5503863334055,4.1958668984378,1.1422133877554,0.46680690435224,0.79954937142875,vor_abwesenheit,0,1,-65
lehrkraft_1_thiele,108,436,2025-11-04,1,2,5,48,22,0.47370239205971,-0.020672541107209,0.11268362894457,0.19219901605424,0.37988171967085,0.34107422588781,0.17518787721537,1.9624459535743,-0.049625,0.49730065431956,0.89288047515273,1.6049671912998,1.5121805312478,0.87440553397709,kognition,1.9624459535743,0.2390056824735,1,0.14285714285714,3.2442865050893,3.8740771683395,4.6073855808479,1.725316227005,0.36692989609464,1.2505785017607,vor_abwesenheit,0,1,-65
lehrkraft_1_thiele,140,543,2025-11-04,1,2,4,37,17,0.53458313515104,0.11552801053407,0.1857825164479,0.36026720366649,0.4359758633884,0.40170111947124,0.37142627024427,2.0550299937455,0.38675675675676,0.64284844227695,1.3838624435775,1.683335942965,1.5544663980986,1.4506702032256,kognition,2.0550299937455,0.2244224839881,1,0.0,3.749064972069,3.8354538167617,4.2571432703781,0.9362382003448,0.51646538107859,0.65536674024136,vor_abwesenheit,0,1,-65
lehrkraft_1_thiele,75,344,2025-11-04,1,3,5,50,23,0.45577130840686,0.090020888998984,0.16543661073452,0.40156816858819,0.42032257151326,0.4311801887913,0.44208626003633,1.7870682680468,0.318,0.62519030519054,1.5691955232415,1.637564666223,1.6907816466076,1.7203024891189,kognition,1.7870682680468,0.19116908398037,1,0.0,3.8272412739676,3.8982920798629,4.7668121124854,0.86068388104205,0.53743680492356,0.60247871672943,vor_abwesenheit,0,1,-65
lehrkraft_1_thiele,89,382,2025-11-04,1,4,5,40,20,0.53757954483165,0.1305376368303,0.2205844651254,0.34329466292602,0.42542718118842,0.43556400277445,0.27715906621227,1.8439789753253,0.48460818303148,0.78400509370099,1.2713462405714,1.4989879169406,1.5558830636293,1.027363376934,kognition,1.8439789753253,0.2178054958205,1,0.0,3.4043062720552,3.5503863334055,4.1958668984378,1.1422133877554,0.46680690435224,0.79954937142875,vor_abwesenheit,1,1,-65
lehrkraft_1_thiele,79,350,2025-11-05,1,0,5,32,21,0.50039879082679,0.15334898658922,0.15270402170679,0.360084501474,0.39741236119157,0.4408988020094,0.31573145649398,1.2966884987586,0.359460236204,0.39130487989268,0.87985089415959,1.0165793128883,1.1200750020604,0.78334326319627,kognition,1.2966884987586,0.22175842455719,1,0.0,2.3747627264284,2.5322739193619,3.1172442691244,0.9100910587673,0.52353525001335,0.63706374113711,vor_abwesenheit,0,1,-64
lehrkraft_1_thiele,159,651,2025-11-05,1,3,4,37,18,0.41723782618874,0.32485868709425,0.20817058861961,0.46562747848043,0.34228067982276,0.40645681949758,0.37293418287499,1.4800419737218,1.0923559078983,0.77302972618788,1.6053908174271,1.193879800065,1.4294152021928,1.2999332143175,motivation,1.6053908174271,0.18090853950026,1,0.0,3.4230137987886,3.4880229747253,4.3813670000398,0.87508674886838,0.53330865924123,0.61256072420786,vor_abwesenheit,0,1,-64
lehrkraft_1_thiele,176,720,2025-11-05,1,3,5,38,24,0.53325082346918,0.12363464701214,0.22349221466684,0.34970288815796,0.3632900255282,0.44266008366915,0.2633398756672,1.5127806193071,0.46959772881059,0.7658721708269,1.1698979631215,1.0919027263377,1.3562881989273,0.91329934710592,kognition,1.5127806193071,0.20550781346014,1,0.0,2.8861970817973,3.0453129611112,4.3730545704504,1.3850108803723,0.4192852989601,0.96950761626062,vor_abwesenheit,0,1,-64
lehrkraft_1_thiele,184,739,2025-11-05,1,3,4,31,16,0.40187171898371,0.096727812286508,0.17449266536089,0.45309088742408,0.30693373123449,0.46209829131299,0.41321280503476,1.3701492519841,0.28209677419355,0.52672875372376,1.4652325531037,1.0348032788005,1.5424414054033,1.3654156774114,performanz,1.5424414054033,0.20330411277595,1,0.0,3.1137662828858,3.3009021350343,3.8609115095819,1.1271608744638,0.47011018865795,0.78901261212467,vor_abwesenheit,0,1,-64
lehrkraft_1_thiele,211,850,2025-11-05,1,3,5,48,24,0.54089621001954,0.1097934685479,0.20225303188686,0.37609449535254,0.402184265741,0.40670420826685,0.31614108738449,2.0248031152976,0.26174051319597,0.6388487900269,1.4160808772183,1.5515338315966,1.6212962946355,1.3492903702457,kognition,2.0248031152976,0.22844042301168,1,0.0,3.6658139598368,3.7905606627756,4.7668121124854,1.3458484518703,0.42628499688577,0.94209391630919,vor_abwesenheit,0,1,-64
lehrkraft_1_thiele,238,947,2025-11-05,1,3,5,37,23,0.5626299742782,0.038726690286536,0.089307180129151,0.32168410622652,0.45027119269533,0.43593398928163,0.37408493863414,1.8955605569355,0.1392125433532,0.31050109426305,1.0834766262085,1.5244096146983,1.4799794084877,1.2691223560224,kognition,1.8955605569355,0.24127997975506,1,0.0,3.3177850689584,3.3823868764766,3.9620163447076,0.84697410712219,0.54142610670277,0.59288187498554,vor_abwesenheit,0,1,-64
lehrkraft_1_thiele,43,198,2025-11-05,1,4,3,21,13,0.23645902680183,0.0059508516150629,0.021494153180173,0.11600361124319,0.1933411384792,0.12613810028486,0.082539195669943,0.79120336348157,0.029932162977017,0.090203671978057,0.41994254655756,0.64772698715642,0.47514426719636,0.32296359342745,kognition,0.79120336348157,0.17611394379417,1,0.5,1.2494018364131,3.0862841193113,3.2490547979925,2.6882634119176,0.27113030939405,2.0317843883424,vor_abwesenheit,1,1,-64
lehrkraft_1_thiele,464,1464,2025-11-05,1,4,5,43,22,0.48918769936152,0.18464112109051,0.25610064895111,0.38545788051391,0.42923664052317,0.41186567835622,0.36282568438054,1.8827227370937,0.68571715290284,0.95999200263906,1.4740835485588,1.6627648021149,1.588843923524,1.3866877210596,kognition,1.8827227370937,0.19528674130216,1,0.0,3.7843724060967,3.8343540695555,4.3833223071631,0.67906332241497,0.59557015310281,0.47534432569048,vor_abwesenheit,1,1,-64
lehrkraft_1_thiele,526,1554,2025-11-05,1,4,4,34,16,0.51463893791767,0.13735213086034,0.2308749634035,0.36422293801305,0.41188251325329,0.44687073276632,0.31700208553338,1.7270089193995,0.468019797867,0.76898161826165,1.2370073023214,1.4067367649606,1.4927425919568,1.0969243295827,kognition,1.7270089193995,0.21067709601184,1,0.0,3.2762102940236,3.378999263219,4.1754495604128,0.94728611138471,0.51353521917172,0.6631002779693,vor_abwesenheit,1,1,-64
lehrkraft_1_thiele,660,1884,2025-11-05,1,4,5,44,21,0.53142468024209,0.18131702429535,0.27006047914095,0.35759119108282,0.40706056323814,0.4209506968353,0.31671297191397,1.9366795988986,0.67885119840717,0.99033567034691,1.3253780102436,1.5121150474394,1.5319917118875,1.2045505895622,kognition,1.9366795988986,0.2109695327294,1,0.0,3.6101788145696,3.6760739571259,4.3981983724756,0.84251156775578,0.5427374337834,0.58975809742905,vor_abwesenheit,1,1,-64
lehrkraft_1_thiele,706,2091,2025-11-05,1,4,5,41,22,0.52400729644432,0.022366781187221,0.11938534301764,0.32695881191766,0.43849402900329,0.47137646512127,0.40661549016484,1.9008082786721,0.065664491054792,0.42698507267286,1.1990036040676,1.6065425173536,1.7232189659405,1.4538422810264,kognition,1.9008082786721,0.22693331902717,1,0.0,3.5918560209519,3.6296331759641,4.1979491418417,0.74547395485497,0.57291029592194,0.52183176839848,vor_abwesenheit,1,1,-64
lehrkraft_1_thiele,78,349,2025-11-06,1,5,5,41,21,0.54529482798789,0.03395893640426,0.16844431759892,0.30717771533504,0.46785771646695,0.45001847451638,0.32826737130553,2.0448465574527,0.083765853658537,0.59688519227454,1.1612594821132,1.7783277858957,1.7102419415434,1.265201837748,kognition,2.0448465574527,0.23665757503047,1,0.0,3.6852845999004,3.771558228694,4.4050032557178,1.0737915416388,0.48220854407082,0.75165407914713,vor_abwesenheit,0,1,-63
lehrkraft_1_thiele,139,542,2025-11-06,1,5,3,20,12,0.38633220501561,0.12659659436709,0.22046272347668,0.4153295306827,0.3370831767283,0.5123781495154,0.38397824714253,1.2569468863131,0.27825,0.57717125112365,1.2046975351339,1.0890896914728,1.5411032692737,1.1446478511823,performanz,1.5411032692737,0.21730451080285,1,0.0,2.8832439521567,3.0016273225454,3.9998412574664,1.1306221914975,0.46934646789592,0.79143553404823,vor_abwesenheit,0,1,-63
lehrkraft_1_thiele,158,650,2025-11-06,1,5,5,39,20,0.39967049207258,0.037754769871755,0.11379083334024,0.26722465124664,0.30952158838719,0.28294083401199,0.20079812982707,1.3812272515799,0.12169211529346,0.38664341952034,0.94179871905296,1.0853096818053,1.0204470209,0.75337980248573,kognition,1.3812272515799,0.19868261540436,1,0.18181818181818,2.3970536095751,3.3536318198157,3.5901109529121,1.911031909531,0.34352079643164,1.3922677912171,vor_abwesenheit,0,1,-63
lehrkraft_1_thiele,16,74,2025-11-06,1,6,4,41,21,0.49712081269586,0.022807027017569,0.10412572262528,0.33498414732627,0.42681037741648,0.49564623090328,0.41808291013223,1.8551306211677,0.077463414634146,0.3774851653779,1.2138281324531,1.5881286626426,1.8051252074608,1.5180839949156,kognition,1.8551306211677,0.21992610498913,1,0.0,3.6260988219783,3.6750838073552,4.2150986427417,0.72206033440756,0.58069974670431,0.50544223408529,vor_abwesenheit,0,1,-63
lehrkraft_1_thiele,605,1740,2025-11-06,1,6,5,48,28,0.49561286110096,0.090016034630366,0.18568113302937,0.36704294612196,0.4160450969683,0.46308637448763,0.4111782817555,1.8741405963403,0.35124139958143,0.70365461875834,1.4172221750586,1.5856657848395,1.7708093494506,1.5704082695003,kognition,1.8741405963403,0.20210415814049,1,0.0,3.7756729039783,3.8159665567753,4.6687650182457,0.75902907684994,0.5684954348741,0.53132035379496,vor_abwesenheit,0,1,-63
lehrkraft_1_thiele,659,1883,2025-11-06,1,6,5,43,23,0.54435196698186,0.057455820236911,0.17853624836906,0.31620734605207,0.42803011307853,0.47361813329808,0.3496341818448,2.0713631134205,0.2313955693512,0.66094388077558,1.2389385943006,1.6461444538672,1.7701546541198,1.4006774168753,kognition,2.0713631134205,0.22965087726402,1,0.0,3.7577973601274,3.8264900938398,4.7035557511802,1.0251268940141,0.49379621739052,0.7175888258099,vor_abwesenheit,0,1,-63
lehrkraft_1_thiele,690,2010,2025-11-06,1,6,5,43,30,0.54937600457388,-0.017688035095651,0.074658311461942,0.33707452457209,0.44225450901993,0.47867173145749,0.36434711212375,2.0438807831815,-0.064627906976744,0.28106385315131,1.2881472912614,1.6688680789115,1.8147920602822,1.3869924565478,kognition,2.0438807831815,0.23692044165427,1,0.0,3.7312577929091,3.7722807434047,4.5170133117316,0.66334431196142,0.60119843667292,0.46434101837299,vor_abwesenheit,0,1,-63
lehrkraft_1_thiele,210,849,2025-11-07,1,7,5,49,25,0.57085134070639,0.069376479719241,0.16395558030339,0.28562325112565,0.44585083316659,0.37880711584398,0.31354178221597,1.8815701347476,0.36476004519052,0.64467595396303,1.1441880331458,1.5557634280526,1.3840459793599,1.2190288040146,kognition,1.8815701347476,0.22455851041332,1,0.0,3.3496483017503,3.5014232194435,4.6046572277403,1.3425128922956,0.42689199418666,0.93975902460689,vor_abwesenheit,0,1,-62
lehrkraft_1_thiele,237,946,2025-11-07,1,7,4,29,17,0.57640034550282,0.023896930118298,0.17162950723053,0.30084920361558,0.44161820581776,0.46184407975989,0.31541132761269,1.9920777872943,0.093263297028809,0.59148951097645,1.0975810927663,1.5449560574008,1.6068371839547,1.1695536168165,kognition,1.9920777872943,0.24606437752766,1,0.0,3.4450379776781,3.5080674232743,3.9027212950711,0.79292955804623,0.55774639640037,0.55505069063236,vor_abwesenheit,0,1,-62
lehrkraft_1_thiele,504,1528,2025-11-07,1,7,4,34,18,0.5269356859552,0.093588599431803,0.11165739596731,0.34965812151141,0.43483817091823,0.44279325522544,0.39038392208891,2.18537708421,0.32110257238174,0.44688443386215,1.4360893833489,1.7883828968491,1.8422115136901,1.6359579105839,kognition,2.18537708421,0.22632309162018,1,0.0,4.0508583298472,4.1265293622236,4.7035557511802,0.92670311802255,0.51902132230229,0.64869218261578,vor_abwesenheit,0,1,-62
lehrkraft_1_thiele,310,1148,2025-11-10,1,1,4,39,20,0.49962638060489,0.0,0.12264726288199,0.36379237309267,0.43450366600028,0.48464182086369,0.40668356695744,2.1223599295787,0.0,0.51827826585342,1.5751044027157,1.8521033150097,2.0451453856965,1.7628129007491,kognition,2.1223599295787,0.2149050230931,1,0.0,4.2396218666463,4.2677539877557,4.949608611212,0.81718877933931,0.55030055840625,0.57203214553752,vor_abwesenheit,0,1,-59
lehrkraft_1_thiele,320,1173,2025-11-10,1,1,5,40,28,0.49983228036515,0.0809139524466,0.15491866202658,0.38759890377109,0.38823322296116,0.43691485563494,0.40206961767508,1.7927300344323,0.26549455155021,0.56904244903392,1.3777645073313,1.495325369344,1.599362342933,1.4911089591777,kognition,1.7927300344323,0.20867953471028,1,0.0,3.5388948094085,3.636591652989,4.7368989722033,1.3877114311317,0.41881107865955,0.97139800179219,vor_abwesenheit,0,1,-59
lehrkraft_1_thiele,273,1057,2025-11-10,1,2,5,49,27,0.50864918592219,0.060201489069849,0.13598344370793,0.35484300413386,0.44201744045752,0.46575202193307,0.3965009095576,2.1808421792518,0.26080479807385,0.58531231863198,1.5142843840116,1.882942295416,1.9896539724915,1.6975105846381,kognition,2.1808421792518,0.21568258090142,1,0.0,4.2243906380189,4.2743109356525,4.7368989722033,0.75285323224534,0.57049842029218,0.52699726257174,vor_abwesenheit,0,1,-59
lehrkraft_1_thiele,282,1078,2025-11-10,1,2,4,28,15,0.29561649654382,0.16756737984131,0.082429382910015,0.18457259743145,0.25701821023795,0.047605734039721,0.26894416638863,1.0540573498338,0.4738760944935,0.28461241848867,0.69842885574407,0.88808786968175,0.47737595678747,0.87300988689839,kognition,1.0540573498338,0.19764886571171,1,0.4,1.9191499878806,2.9303424608449,3.816340021111,2.1178110007442,0.32073785093494,1.6024677005209,vor_abwesenheit,0,1,-59
lehrkraft_1_thiele,388,1310,2025-11-10,1,2,5,33,19,0.50099101013372,0.16677700077522,0.28907815613871,0.38411348590162,0.39169104535647,0.43451003653558,0.28852248652801,1.7273460580754,0.55904800087948,0.97524577480527,1.3063730730359,1.3448477265822,1.4959433114377,1.0169478913975,kognition,1.7273460580754,0.20500794370081,1,0.0,3.3218396727433,3.4245671734189,4.3813670000398,1.0495006529426,0.48792372842831,0.73465045705982,vor_abwesenheit,0,1,-59
lehrkraft_1_thiele,448,1426,2025-11-10,1,2,5,50,29,0.45769134629377,0.099564431604393,0.18286709411398,0.38741565521625,0.37107589741163,0.48436282932271,0.39133033367253,1.6841036222023,0.29322129868936,0.63098396656214,1.2768526397402,1.3833304796907,1.691910547008,1.3460754774541,performanz,1.691910547008,0.20368567046384,1,0.0,3.3968751634571,3.4924226628883,4.4608733210844,0.96962476662246,0.5077109188238,0.67873733663572,vor_abwesenheit,0,1,-59
lehrkraft_1_thiele,340,1232,2025-11-11,1,1,4,31,18,0.41206326979322,0.2098847946307,0.24300040635423,0.41356470027513,0.3307956556126,0.43051650474577,0.38859126551367,1.4003889972287,0.48538475903984,0.61101965292008,1.2888933873642,1.195279977469,1.4722457413112,1.4261534643665,performanz,1.4722457413112,0.18684824960591,1,0.0,3.1402857098335,3.2565670907324,4.7689253591515,1.5108257987933,0.39827534051968,1.0575780591553,vor_abwesenheit,0,1,-58
lehrkraft_1_thiele,398,1334,2025-11-11,1,2,5,43,28,0.46009461922646,0.15037296620496,0.22000117071208,0.42288962111002,0.38257764121946,0.44109564151513,0.41385613140905,1.7824067172432,0.54206360268509,0.82222577900027,1.638087969935,1.4743278198814,1.7037263956037,1.6160890590828,kognition,1.7824067172432,0.18607581552078,1,0.0,3.8102839897267,3.8603486916662,4.7668121124854,0.78777362739439,0.55935493435903,0.55144153917607,vor_abwesenheit,0,1,-58
lehrkraft_1_thiele,440,1414,2025-11-11,1,2,5,45,30,0.43752333655367,0.12412352447502,0.18365270435172,0.40063964554291,0.37782794615859,0.47671826975512,0.45903249230688,1.7745144288217,0.50746566068973,0.74357742844547,1.6283304034347,1.5321135299044,1.9201496925407,1.8617463001903,performanz,1.9201496925407,0.19263337161352,1,0.0,4.0138804349745,4.0509536501043,4.7275916595967,0.67537714491402,0.5968805310707,0.47276400143982,vor_abwesenheit,0,1,-58
lehrkraft_1_thiele,259,1036,2025-11-11,1,3,5,28,19,0.47345714406299,0.034441236078843,0.13722776511189,0.25640820354604,0.41138831891902,0.38536604751821,0.31197239630345,1.6184440927177,0.10242030425871,0.43712451726352,0.93857758080973,1.4032939371949,1.3996361588691,1.1381244815827,kognition,1.6184440927177,0.22799431236988,1,0.076923076923077,2.9875407119784,3.1388348922927,4.2367227168256,0.99682119580085,0.50079596616007,0.72085176013751,vor_abwesenheit,0,1,-58
lehrkraft_1_thiele,332,1189,2025-11-11,1,4,4,44,20,0.52388591351377,0.096008212889192,0.18455730040922,0.36571370187635,0.40668187591371,0.43590839128455,0.38493747557591,1.9092104005443,0.3400922214857,0.65205710588243,1.3638102044623,1.4913505778648,1.5836111112148,1.4257173845007,kognition,1.9092104005443,0.21780096819455,1,0.0,3.5791793156975,3.6586548165412,4.2571432703781,0.91216841985511,0.52296648643312,0.63851789389858,vor_abwesenheit,1,1,-58
lehrkraft_1_thiele,457,1456,2025-11-11,1,4,4,36,19,0.53439067055627,0.020686651374876,0.1454999894765,0.33599911417873,0.42505684481298,0.47372137589418,0.38681678574093,2.0331692482342,0.05592296645698,0.53505702443133,1.3668915722535,1.6390465287247,1.8433910946012,1.5417092711913,kognition,2.0331692482342,0.2255271120872,1,0.0,3.8409653588246,3.8854081355358,4.7668121124854,0.87895358233174,0.53221112506623,0.61526750763221,vor_abwesenheit,1,1,-58
lehrkraft_1_thiele,295,1102,2025-11-12,1,3,5,45,23,0.48793589022557,0.0,0.10945834507842,0.36513064995882,0.44135739289886,0.46769092109573,0.41934421424239,2.2176140718528,0.0,0.49520509461352,1.6799800030551,2.0056630248617,2.1248264836685,1.9297139801494,kognition,2.2176140718528,0.21215091437033,1,0.0,4.499637859679,4.557036820596,4.949608611212,0.81139496353773,0.55206071570772,0.56797647447641,vor_abwesenheit,0,1,-57
lehrkraft_1_thiele,309,1147,2025-11-12,1,3,4,31,19,0.43530994527748,0.13265067546856,0.16141901965411,0.45072144231743,0.3915392105605,0.43681542215649,0.43444875601389,1.701482836046,0.52610953059601,0.61549365273822,1.7345283902523,1.5400873944431,1.6903720895711,1.6802659560181,motivation,1.7345283902523,0.18280630940022,1,0.0,3.8225354045937,3.8812123452505,4.3850337175204,0.74901158086469,0.57175150292922,0.52430810660528,vor_abwesenheit,0,1,-57
lehrkraft_1_thiele,357,1265,2025-11-12,1,3,5,43,19,0.57577362704161,0.0,0.12304995910004,0.2953145743181,0.45234811367819,0.44369394501224,0.35668848120258,2.2284612153403,0.0,0.48054861933461,1.1852090875016,1.7797438652276,1.7289122347938,1.4111738524161,kognition,2.2284612153403,0.25283059432069,1,0.0,3.8405369843414,3.906960131426,4.783303865063,1.1072148987261,0.47456004634579,0.77505042910829,vor_abwesenheit,0,1,-57
lehrkraft_1_thiele,406,1358,2025-11-12,1,4,5,31,21,0.51195257715257,0.11452644667011,0.23362022182004,0.33827758513131,0.44427682060904,0.41533273130118,0.35705613141334,1.4832423828418,0.27254238635719,0.61857422908604,0.94854892492356,1.3203267153515,1.2279626972108,1.0606405808354,kognition,1.4832423828418,0.21397534112685,1,0.0,2.8165191142986,2.8914797958276,3.8904053841416,0.93297506264493,0.51733724833039,0.65308254385145,vor_abwesenheit,1,1,-57
lehrkraft_1_thiele,463,1463,2025-11-12,1,4,5,45,23,0.47144426987105,0.12391735535881,0.20226200840969,0.38716756536076,0.38939281641452,0.45619382360226,0.38293969547273,1.7508922798745,0.46570205785777,0.73381502813137,1.4698298561669,1.4544131637581,1.6982846529197,1.458303611124,kognition,1.7508922798745,0.19387062616995,1,0.0,3.6204315101215,3.7400380391708,4.6172952494101,1.0696669517825,0.48316952596588,0.74876686624775,vor_abwesenheit,1,1,-57
lehrkraft_1_thiele,524,1552,2025-11-12,1,4,5,31,22,0.46305841653359,0.16856684205841,0.15614080287336,0.40279344198229,0.39405704374651,0.45374097233876,0.39883039995985,1.5632318503634,0.53964598001892,0.48656968376439,1.3789439038512,1.3360893589398,1.5573161698536,1.4022340716256,kognition,1.5632318503634,0.18916093694223,1,0.0,3.3241204503531,3.4044877500777,4.4350301470164,0.90081215013599,0.52609091325961,0.6305685050952,vor_abwesenheit,1,1,-57
lehrkraft_1_thiele,658,1882,2025-11-12,1,4,5,41,23,0.49934336695484,0.085802535762688,0.16647322671811,0.37412509907519,0.40822498613337,0.46147393803364,0.3674272052025,1.923725523924,0.3494596732055,0.65156630245834,1.4396500106043,1.5787216151751,1.7750439475369,1.400226819459,kognition,1.923725523924,0.21097197013337,1,0.0,3.7314542545724,3.8552723680224,4.1958668984378,1.0143460400096,0.49643903288594,0.71004222800675,vor_abwesenheit,1,1,-57
lehrkraft_1_thiele,397,1333,2025-11-12,1,6,5,46,24,0.36789108042733,0.080288785537727,0.11617126040332,0.28130384566791,0.27252058206996,0.29239763144769,0.20357724752752,1.3900673989475,0.18549715297916,0.36818047006962,0.93822086511389,1.0644462882139,1.0852585841155,0.75574469044369,kognition,1.3900673989475,0.20582046033041,1,0.17948717948718,2.4216717262417,3.371864252538,4.4036519153337,2.1479909978258,0.31766291602824,1.5574398523242,vor_abwesenheit,0,1,-57
lehrkraft_1_thiele,294,1101,2025-11-13,1,5,4,32,19,0.47486811351748,0.18650295986875,0.18706683297555,0.38119818851023,0.41921238857057,0.43359590385356,0.35235260141924,1.762699110084,0.69359720191202,0.71703123671946,1.3999656365812,1.5472989805116,1.6033885363841,1.2986111285655,kognition,1.762699110084,0.19335320626315,1,0.0,3.5656139171488,3.6967176628467,4.0593204219849,0.99235590053796,0.50191835692106,0.69464913037657,vor_abwesenheit,0,1,-56
lehrkraft_1_thiele,331,1188,2025-11-13,1,5,4,23,21,0.42716736913311,0.040656004683492,0.11693638125503,0.38100055898872,0.39456716161344,0.53083139595821,0.45435793540828,1.4846781120144,0.13808695652174,0.39839019088701,1.3217874408396,1.3966917963061,1.8147659340535,1.5811681995229,performanz,1.8147659340535,0.22306565361997,1,0.0,3.4457785957987,3.4665791458569,4.2367227168256,0.62047621197524,0.61710254838056,0.43433334838267,vor_abwesenheit,0,1,-56
lehrkraft_1_thiele,439,1413,2025-11-13,1,5,5,40,22,0.45472723144569,0.1361907927625,0.1854870539847,0.38991002577289,0.36099131157875,0.51796749413798,0.34485117732252,1.5748481915034,0.45913885415777,0.57248313806324,1.3158032806088,1.2812903957019,1.7296681978034,1.2058552489177,performanz,1.7296681978034,0.21251377858641,1,0.0,3.2920471692033,3.3894091777438,4.6290043360953,1.2083135145794,0.45283425265386,0.84581946020561,vor_abwesenheit,0,1,-56
lehrkraft_1_thiele,272,1056,2025-11-13,1,6,5,42,24,0.38976388859859,0.1619929426935,0.20731678255012,0.45195671885299,0.31551373521735,0.49522446648421,0.35016678282488,1.3136346623088,0.34502902011679,0.50868216764521,1.3939810281818,1.1270123124531,1.6133082314731,1.2412236486306,performanz,1.6133082314731,0.2138851660499,1,0.0,3.0757402447919,3.2116261087964,4.7417226108447,1.3078950659819,0.4332952631772,0.91552654618735,vor_abwesenheit,0,1,-56
lehrkraft_1_thiele,603,1738,2025-11-13,1,6,5,44,26,0.40424070020952,0.031013736942482,0.021782775916825,0.23218439097296,0.3336746823769,0.25913747290156,0.2889985805403,1.5307699296688,0.14587212728889,0.10593629004917,0.93027179824919,1.2665929692414,1.0503240162008,1.1361875035583,kognition,1.5307699296688,0.21228715457774,1,0.18918918918919,2.690636300812,3.5748597896414,4.3850337175204,1.8075499832971,0.35618243876308,1.3220417450647,vor_abwesenheit,0,1,-56
lehrkraft_1_thiele,632,1788,2025-11-13,1,6,4,38,19,0.53610384325254,-0.0054566501937684,0.064029940665303,0.32914755050896,0.45948441675821,0.43531633708248,0.39327765774191,1.8574897597013,-0.052631578947368,0.21286545440452,1.1306304494008,1.5936782716765,1.4973087605859,1.3684074180107,kognition,1.8574897597013,0.23135331429954,1,0.0,3.3809699828742,3.4577502212466,3.821655576211,0.68985219350025,0.59176773202197,0.48289653545017,vor_abwesenheit,0,1,-56
lehrkraft_1_thiele,657,1881,2025-11-13,1,6,5,62,26,0.55702433171572,0.13568964715505,0.2372776976251,0.33344128404865,0.4214006249,0.38864343635897,0.30466338527678,2.0573491419786,0.4151623838237,0.80300066027369,1.2285887303949,1.5959083940535,1.4806721869594,1.2126995747636,kognition,2.0573491419786,0.23396565269664,1,0.0,3.5734072832344,3.7128375484957,4.4050032557178,1.2636417642692,0.44176601429813,0.88454923498846,vor_abwesenheit,0,1,-56
lehrkraft_1_thiele,689,2009,2025-11-13,1,6,5,33,22,0.49452488337019,0.14385007112039,0.2104572699923,0.35692459123297,0.40791006041583,0.43248067942337,0.40835916621767,1.6395950930889,0.4986174880823,0.71111330617013,1.199651363607,1.3560108495976,1.442855319639,1.3701364193894,kognition,1.6395950930889,0.19951315592104,1,0.0,3.2679669065786,3.3369429302707,4.0273551720063,0.78011104255928,0.56176270810741,0.5460777297915,vor_abwesenheit,0,1,-56
lehrkraft_1_thiele,299,1119,2025-11-14,1,7,5,36,26,0.48202941222253,0.047309335881713,0.16316927807169,0.39332751297795,0.40931955186672,0.47251643220311,0.40372920516403,1.7370562808056,0.12171954438656,0.55048955595406,1.3986283595484,1.48262266221,1.701762266255,1.450528050184,kognition,1.7370562808056,0.20574393546471,1,0.0,3.5340595075972,3.5772626348481,4.3943908715029,0.76955096606989,0.56511511630601,0.53868567624892,vor_abwesenheit,0,1,-55
lehrkraft_1_thiele,356,1264,2025-11-14,1,7,5,30,17,0.48933058330109,0.097087889275206,0.16364983849176,0.3158750075201,0.41115368716749,0.43024437796608,0.4704102984298,1.6049669548766,0.23743872527739,0.48886793147736,0.99442727918978,1.3312764037611,1.4023830008297,1.3962907210299,kognition,1.6049669548766,0.21526851932007,1,0.0,3.0901094259577,3.1410266676134,4.009456607552,0.87273262578659,0.53397905618266,0.61091283805062,vor_abwesenheit,0,1,-55
lehrkraft_1_thiele,387,1309,2025-11-14,1,7,5,54,27,0.45109204315751,0.10792067950168,0.20831638748664,0.38621842085925,0.38216631869125,0.50812290896343,0.40287683818896,1.7515862602001,0.42608226838528,0.80401018975975,1.512821354825,1.4834613914739,1.9616313051878,1.5669798116111,performanz,1.9616313051878,0.20634474605674,1,0.0,3.832589486325,3.8834473755512,4.5184642616466,0.79344360403324,0.55758653227295,0.55541052282327,vor_abwesenheit,0,1,-55
lehrkraft_1_thiele,419,1379,2025-11-14,1,7,5,38,24,0.51860593907435,0.074972764648405,0.087839386926999,0.37145505581502,0.42453840646279,0.45884492851859,0.4063461026721,1.9296187252565,0.27976345809401,0.32882277056304,1.4048803122889,1.5848655714991,1.7211288173098,1.5412160058897,kognition,1.9296187252565,0.21951693090818,1,0.0,3.7057980498067,3.7498326258248,4.2589436920402,0.70493280485448,0.58653337958698,0.49345296339813,vor_abwesenheit,0,1,-55
lehrkraft_1_thiele,503,1527,2025-11-14,1,7,4,37,20,0.46514599037112,0.13449388244156,0.2288470329617,0.37822714522907,0.37706016535534,0.45458014735539,0.3921307647518,1.5598889749331,0.493272280405,0.78623181840975,1.3801136829875,1.2966803034476,1.5817445159327,1.4467997177826,performanz,1.5817445159327,0.18511342972976,1,0.0,3.387620160731,3.4821280172805,3.9839254947078,0.85045850211477,0.54040660671783,0.59532095148034,vor_abwesenheit,0,1,-55
lehrkraft_1_thiele,308,1146,2025-11-17,1,1,5,42,26,0.39230003965888,0.061328150633954,0.028225527967867,0.29124739163847,0.32558393541483,0.31159566163854,0.27592758427633,1.7502539125351,0.29884496228663,0.17921337515179,1.3564475106102,1.4684328524405,1.4711013291833,1.3317427533021,kognition,1.7502539125351,0.19430182870507,1,0.16666666666667,3.3344770619284,4.1635177799288,4.7668121124854,1.8734400679957,0.34801491464463,1.361408047597,vor_abwesenheit,0,1,-52
lehrkraft_1_thiele,319,1172,2025-11-17,1,1,5,53,29,0.53064544806112,0.05635150553143,0.12580142430707,0.35754788924335,0.41400735949764,0.41361596755921,0.367985716652,1.9838741062937,0.092015029386397,0.36859040113407,1.3529169856845,1.6016600062949,1.6540553285188,1.5261844256074,kognition,1.9838741062937,0.22575514344387,1,0.0,3.6797987982701,3.8039239915547,4.7368989722033,1.2416953601675,0.44609094427768,0.86918675211723,vor_abwesenheit,0,1,-52
lehrkraft_1_thiele,281,1077,2025-11-17,1,2,4,38,17,0.51091494918696,0.22000717057985,0.23473909374432,0.36858675155029,0.40936461958748,0.42329610726279,0.31978229981643,1.9595388616729,0.84627327151972,0.8694814728145,1.4427106590372,1.5918504583264,1.6609066032267,1.3006437622035,kognition,1.9595388616729,0.20261160024637,1,0.0,3.7917879556005,3.8860068002093,4.2474282510106,0.92497245288054,0.51948795345284,0.64748071701638,vor_abwesenheit,0,1,-52
lehrkraft_1_thiele,386,1308,2025-11-17,1,2,5,44,20,0.54267856660699,0.10448786616489,0.23863976033585,0.34087992886363,0.44280575512103,0.43891980162026,0.28644202305949,1.9831182200643,0.37843288377442,0.87016997530305,1.2797935037847,1.6350740804257,1.64950594794,1.1092114401223,kognition,1.9831182200643,0.22268950765025,1,0.0,3.6188014120961,3.713451186019,4.4224182502916,0.8995858563523,0.52643053571701,0.62971009944661,vor_abwesenheit,0,1,-52
lehrkraft_1_thiele,447,1425,2025-11-17,1,2,5,37,21,0.50703876137645,0.017957857441549,0.084060817152923,0.34240248227595,0.42341789980876,0.47277713405573,0.43033764457889,1.9114489351094,0.074397169205431,0.28513051347209,1.3613088311853,1.6208355816484,1.7760979606348,1.7000646386086,kognition,1.9114489351094,0.2189697363676,1,0.0,3.7769676776283,3.8264936703976,4.7417226108447,1.0967642281533,0.47692534361898,0.76773495970731,vor_abwesenheit,0,1,-52
lehrkraft_1_thiele,339,1230,2025-11-18,1,1,4,29,19,0.49266719144277,0.092761572396502,0.19155850594756,0.36952411045494,0.38658620885043,0.46884624031982,0.42319931277924,1.8546175603905,0.35456988122549,0.71409457939578,1.47052442488,1.4670491651099,1.7970895960618,1.6511793649563,kognition,1.8546175603905,0.19922577531779,1,0.0,3.7875924824158,3.8349062603392,4.4608733210844,0.83932122255495,0.54367882441487,0.58752485578846,vor_abwesenheit,0,1,-51
lehrkraft_1_thiele,396,1332,2025-11-18,1,2,5,46,22,0.46029094408938,0.097294991770382,0.11392401640819,0.34543044790993,0.38943020713042,0.47616616640793,0.43998458984368,1.4539235426072,0.32085910364658,0.37771887320565,1.0508991126337,1.2352731492577,1.4365082241454,1.3233151781517,kognition,1.4539235426072,0.19962841227439,1,0.0,2.967241718548,3.0773718312383,3.4817423048328,0.800765721639,0.55531932221024,0.5605360051473,vor_abwesenheit,0,1,-51
lehrkraft_1_thiele,438,1412,2025-11-18,1,2,4,30,18,0.52115658501837,0.042421683342677,0.1281093497564,0.36305389617889,0.4442725901558,0.46658675076676,0.36939428587392,1.9750938857907,0.12728482111355,0.4601337425061,1.3560863905359,1.6915182776229,1.766879176346,1.4073966964658,kognition,1.9750938857907,0.22484124833138,1,0.0,3.7325262506141,3.7771548182874,4.290361661197,0.59384885439119,0.62741206435285,0.41569419807383,vor_abwesenheit,0,1,-51
lehrkraft_1_thiele,456,1454,2025-11-18,1,4,5,51,28,0.56573976803358,0.053673583314892,0.17170316353205,0.30868416648282,0.45256850646048,0.44437991031032,0.32648994127102,2.0494004053205,0.20616983745207,0.62793038002541,1.1822060732871,1.65320565299,1.6338211692268,1.2310732815768,kognition,2.0494004053205,0.23875192593449,1,0.0,3.5989523133521,3.6766493655833,4.4036519153337,0.93233362508834,0.51750897827195,0.65263353756184,vor_abwesenheit,1,1,-51
lehrkraft_1_thiele,293,1100,2025-11-20,1,5,5,42,24,0.3549271319566,0.043653676811847,0.083744439511614,0.27628083798509,0.31386170959161,0.31719260600907,0.29925848985575,1.4222965497818,0.25591950317419,0.41975415017681,1.1640571077904,1.2695358993932,1.318819436836,1.275277698546,kognition,1.4222965497818,0.17399078669282,1,0.16666666666667,2.932061404481,3.8199232646719,4.770377344071,1.9107188003461,0.34355774933707,1.3875031602422,vor_abwesenheit,0,1,-49
lehrkraft_1_thiele,330,1187,2025-11-20,1,5,4,36,20,0.49640439228456,0.10409168135079,0.17422403571828,0.36062441667788,0.42373444680794,0.42389689922783,0.40545771524311,1.9195875289702,0.41185572332168,0.68162105829113,1.3999962306279,1.6387115968482,1.6410339293954,1.570833099677,kognition,1.9195875289702,0.20057353714163,1,0.0,3.7583138258003,3.8737323555043,4.0273551720063,0.91009415855436,0.5235344003967,0.63706591098805,vor_abwesenheit,0,1,-49
lehrkraft_1_thiele,437,1411,2025-11-20,1,5,5,42,25,0.52366796778914,0.020489204181843,0.11539524233944,0.35270542553627,0.45364449079856,0.44957994737497,0.37306077705644,1.8856481740249,0.14204761904762,0.48858588299154,1.3495508836387,1.645035051782,1.6715121369392,1.4179847752059,kognition,1.8856481740249,0.21398450540263,1,0.0,3.625827392901,3.698383549751,4.6687650182457,0.97667626506782,0.5058997356685,0.68367338554748,vor_abwesenheit,0,1,-49
lehrkraft_1_thiele,271,1055,2025-11-20,1,6,4,39,19,0.51828063079702,0.048865124212752,0.093042613984928,0.34220968198119,0.42576544928202,0.4754676072778,0.38318377041259,1.965049177793,0.17948717948718,0.33919349060096,1.3380957477803,1.6304586008024,1.8084012313777,1.5283029588426,kognition,1.965049177793,0.22358081400701,1,0.0,3.7501475397143,3.8250367722057,4.7035557511802,1.0037900653773,0.49905427583388,0.70265304576413,vor_abwesenheit,0,1,-49
lehrkraft_1_thiele,656,1880,2025-11-20,1,6,4,32,21,0.59991657260808,0.059427861729259,0.13393395298269,0.31337145957754,0.41314657914526,0.44633654070177,0.35406163187183,1.9712964437048,0.20797778136627,0.44810541845117,1.0641988626701,1.3599721320791,1.4810783992179,1.1885381105087,kognition,1.9712964437048,0.255310681134,1,0.0,3.2738849058347,3.3151144443114,3.7622172169312,0.62561530895165,0.61515168717555,0.43793071626615,vor_abwesenheit,0,1,-49
lehrkraft_1_thiele,688,2007,2025-11-20,1,6,4,33,18,0.5041484533697,0.088787297959033,0.082100886880721,0.37185118481021,0.41664007705653,0.45269078874766,0.42422109800284,1.8768217516754,0.29553622001821,0.28658658964635,1.3675361319681,1.5491482106825,1.6257589219318,1.5707672298832,kognition,1.8768217516754,0.21894398076762,1,0.0,3.615570554129,3.6756993775494,4.2571432703781,0.92731724991493,0.5188559382448,0.64912207494045,vor_abwesenheit,0,1,-49
lehrkraft_1_thiele,307,1145,2025-11-24,1,1,5,38,25,0.52636583501863,0.026617115221997,0.11205614968538,0.3445943608738,0.43267235619697,0.47753603181329,0.37298765497705,1.9669716730217,0.083076688047583,0.40048306549586,1.3103463399745,1.6331590594147,1.7838700142997,1.4201590564096,kognition,1.9669716730217,0.22876908558993,1,0.0,3.690464198684,3.7485503232963,4.4036519153337,0.90668027125616,0.52447178222554,0.63467618987931,vor_abwesenheit,0,1,-45
lehrkraft_1_thiele,318,1171,2025-11-24,1,1,4,21,17,0.37926995972571,0.2250587660099,0.095868637984102,0.47227517263071,0.35478245064881,0.45448194065517,0.43975057822673,1.1753768038411,0.62650203448661,0.34651244746159,1.4137701609374,1.0871372524011,1.384488349964,1.3507746068753,motivation,1.4137701609374,0.19144943556602,1,0.0,2.9691917771928,3.0320332517872,4.1408141954246,1.0356167097396,0.49125161687629,0.72493169681775,vor_abwesenheit,0,1,-45
lehrkraft_1_thiele,270,1054,2025-11-24,1,2,5,46,27,0.55728405892419,0.063362277800017,0.16601070483627,0.32293321099914,0.44967788510148,0.45154135171705,0.34247447013005,2.0615946261507,0.25456423328343,0.62191382818726,1.2480566534089,1.6730647108248,1.7035265750385,1.329732798941,kognition,2.0615946261507,0.2318364266223,1,0.0,3.7052307898832,3.7630660233537,4.7275916595967,0.83588437875688,0.54469661138308,0.58511906512982,vor_abwesenheit,0,1,-45
lehrkraft_1_thiele,280,1076,2025-11-24,1,2,4,36,18,0.5537263257691,0.025711991309046,0.15243029897921,0.30568215973967,0.44247399828093,0.4885765150998,0.33770783056079,2.0746606173971,0.088333333333333,0.55917646525639,1.1109335089601,1.6566626901603,1.7893045169564,1.2245407432136,kognition,2.0746606173971,0.24397404865441,1,0.0,3.647535193928,3.6952411116713,4.0146564811436,0.6946487927042,0.59009276984423,0.48625415489294,vor_abwesenheit,0,1,-45
lehrkraft_1_thiele,385,1307,2025-11-24,1,2,4,31,20,0.51915961715517,0.0,0.098563219742425,0.3488420326486,0.43297168505375,0.48475777068502,0.39917042236739,1.9669534311548,0.0,0.39501049341763,1.2920344962238,1.6146646278117,1.7993849600219,1.4651987710523,kognition,1.9669534311548,0.23050469322394,1,0.0,3.699463172276,3.7268174671317,4.5273009039449,0.96381957375704,0.50921174906454,0.67467370162993,vor_abwesenheit,0,1,-45
lehrkraft_1_thiele,446,1424,2025-11-24,1,2,4,21,13,0.46600350481661,0.023583010781579,0.12642652184797,0.3452695867372,0.41177428918703,0.50587844169399,0.41340914525443,1.6243994478674,0.037809523809524,0.40880916828273,1.1261794241518,1.4564449192506,1.6889655874239,1.3274558027982,performanz,1.6889655874239,0.22020228452604,1,0.0,3.2880820586587,3.3528305376343,3.8701983392444,0.94155959851865,0.51504986030971,0.65909171896305,vor_abwesenheit,0,1,-45
lehrkraft_1_thiele,338,1229,2025-11-25,1,1,4,31,17,0.47367085311097,0.099430757304628,0.19569708651564,0.38982323216519,0.39760033704129,0.43010500052919,0.34267540470898,1.5899806509804,0.38572961976578,0.72790496340288,1.3685011409951,1.3417516302649,1.463925445563,1.1749516353388,kognition,1.5899806509804,0.19744579443888,1,0.0,3.2254229663068,3.4347792476806,3.8951055276764,1.3160466387929,0.43177023435123,0.92123264715503,vor_abwesenheit,0,1,-44
lehrkraft_1_thiele,375,1293,2025-11-25,1,2,4,40,20,0.47280979417595,0.17520413664673,0.21682282685146,0.38991357655807,0.40351095497957,0.46818479779963,0.37340613143028,1.9249151204993,0.72776409121031,0.87392774784481,1.5985040996151,1.6470143520832,1.9167822888945,1.5259208695061,kognition,1.9249151204993,0.18844321344931,1,0.0,4.0334909169977,4.0834172304623,4.6290043360953,0.7158832676806,0.58279022753787,0.50111828737642,vor_abwesenheit,0,1,-44
lehrkraft_1_thiele,395,1331,2025-11-25,1,2,5,32,19,0.3682233176186,0.088326498177725,0.14107266958742,0.26013222645315,0.22092915726557,0.27558624101501,0.13427392022762,1.1559312620705,0.34488776935662,0.53883216707922,0.7948729785992,0.80699674669655,0.89728755253167,0.50912471887847,kognition,1.1559312620705,0.18675502219413,1,0.23076923076923,2.0230829179621,2.9491984128153,4.1967909784104,2.0971407242116,0.32287845114127,1.5372292761789,vor_abwesenheit,0,1,-44
lehrkraft_1_thiele,436,1410,2025-11-25,1,2,4,35,18,0.53832815182264,0.051725100320952,0.15481691181805,0.32366426826335,0.42878233667671,0.47295655277016,0.35503890770309,1.943135390713,0.16529302800637,0.49927979693229,1.1932360538181,1.5565946899272,1.6675050458447,1.3146586130034,kognition,1.943135390713,0.23299816308341,1,0.0,3.5225100287828,3.6001865146772,4.2571432703781,0.94158765482209,0.51504241774324,0.65911135837546,vor_abwesenheit,0,1,-44
lehrkraft_1_thiele,329,1186,2025-11-25,1,4,5,35,23,0.47417731416503,0.15860984961032,0.20995207575732,0.39407512859897,0.36674812060268,0.45135287648196,0.33546169965664,1.4562535086989,0.45173145437511,0.62068043979182,1.1840696368494,1.1439563998927,1.3708832404556,1.0181985450287,kognition,1.4562535086989,0.20097972479402,1,0.0,2.8873320007638,3.0260305202737,3.689846849301,0.99413021704275,0.50147176521049,0.69589115192993,vor_abwesenheit,1,1,-44
lehrkraft_1_thiele,455,1453,2025-11-25,1,4,5,39,20,0.2366054015266,0.095377949934177,0.043031838877745,0.10539228323391,0.23421386301371,0.001296324590659,0.15048042832681,1.0207768052441,0.35292525634032,0.28036963813968,0.5974324623461,0.98834075962851,0.46562101215718,0.68615988005402,kognition,1.0207768052441,0.18135014461156,1,0.56,1.8073488785633,3.2481283817535,4.0865439516009,2.704426016298,0.26994735367919,2.0610982114086,vor_abwesenheit,1,1,-44
lehrkraft_1_thiele,292,1099,2025-11-26,1,3,5,38,24,0.55765454186736,0.060662827359432,0.17095791042811,0.30530630929148,0.41029116284223,0.47094191155226,0.33136527465841,1.9215151589345,0.24304234589755,0.57639526214214,1.1438311843815,1.4437781103075,1.6287077519355,1.269880933353,kognition,1.9215151589345,0.23355779151688,1,0.0,3.4266095666722,3.5326662212386,4.5938888463992,1.1526166823568,0.4645508920358,0.80683167764975,vor_abwesenheit,0,1,-43
lehrkraft_1_thiele,306,1144,2025-11-26,1,3,4,37,15,0.48710327893457,0.11046537027358,0.23028951592656,0.33471856568642,0.3817367105217,0.41472115302195,0.24704407570054,1.8638568730542,0.17678969851095,0.68392695406318,1.0712114216799,1.5073579498631,1.5229949957169,0.96850247650551,kognition,1.8638568730542,0.23912031661817,1,0.0,3.26344998769,3.3777892734195,4.4050032557178,1.5120211463928,0.39808582082837,1.0584148024749,vor_abwesenheit,0,1,-43
lehrkraft_1_thiele,353,1261,2025-11-26,1,3,5,42,24,0.50121067136119,0.14730341232641,0.15424010963015,0.35417956762995,0.43669841970926,0.4205602186905,0.38504756501095,1.6854328033455,0.44406481029477,0.50676784519265,1.1686950884213,1.4616670813765,1.4239303478743,1.2865394547341,kognition,1.6854328033455,0.20981146039938,1,0.0,3.2372474743091,3.3358330805025,3.9027212950711,0.95024262439818,0.51275671421067,0.66516983707873,vor_abwesenheit,0,1,-43
lehrkraft_1_thiele,418,1378,2025-11-26,1,3,5,46,28,0.47580996605182,0.15121518034178,0.19851633922115,0.37637574677451,0.37397441298084,0.43889795711387,0.38137302170764,1.6039001844,0.43917967315763,0.61312653781102,1.2036640397463,1.2754655633694,1.4342607656712,1.2535313562536,kognition,1.6039001844,0.20502031408838,1,0.0,3.1377321535108,3.2754959376483,4.2647293923297,1.1069402481484,0.47462190770659,0.77485817370391,vor_abwesenheit,0,1,-43
lehrkraft_1_thiele,462,1462,2025-11-26,1,4,4,32,20,0.52361999841227,0.012175263203734,0.097956771117373,0.35059524378684,0.44216905191667,0.44611379686211,0.42544802076681,1.6915573694131,0.037559487434876,0.32729054427085,1.1385672807284,1.4117375778301,1.4626964062758,1.3136030625056,kognition,1.6915573694131,0.22911481542049,1,0.0,3.1818655492714,3.2067272943285,3.8956169978604,0.96825624038559,0.50806392962539,0.67777936826991,vor_abwesenheit,1,1,-43
lehrkraft_1_thiele,521,1549,2025-11-26,1,4,5,43,28,0.47642084323665,0.10003236744571,0.14450731257705,0.37432400236242,0.43297727336838,0.45321594391275,0.40566377467195,1.906251368189,0.42961363337907,0.58493924351344,1.5714506909187,1.760311272466,1.8542191127242,1.6946640483125,kognition,1.906251368189,0.19448668215542,1,0.0,4.0048325652771,4.0859969289546,4.3850337175204,0.83588010568963,0.54469787918115,0.58511607398274,vor_abwesenheit,1,1,-43
lehrkraft_1_thiele,655,1878,2025-11-26,1,4,5,48,22,0.48134981735661,-0.0049304352104896,0.22415451794524,0.38081573668894,0.39386731043974,0.40245690426945,0.36132760112905,1.6114773002605,0.14516339669333,0.76915276814655,1.3109937110525,1.3364267320789,1.3681011559119,1.2678398125977,kognition,1.6114773002605,0.19106565196051,1,0.0,3.1927084059763,3.4006243200806,4.770377344071,1.3805065925483,0.42007865180055,0.96635461478379,vor_abwesenheit,1,1,-43
lehrkraft_1_thiele,705,2089,2025-11-26,1,4,5,42,21,0.38867924261497,0.11892117153997,0.18776414673719,0.26331049291624,0.30004677212435,0.28815451249447,0.21439513091232,1.4853160665566,0.47283187307629,0.74883692179938,1.0943864175486,1.185253427956,1.2346583695379,0.98122741909759,kognition,1.4853160665566,0.18424618058205,1,0.16666666666667,2.8425668664208,3.6081812821258,4.1508586304112,1.8874383566941,0.34632773983959,1.3712068496859,vor_abwesenheit,1,1,-43
lehrkraft_1_thiele,394,1330,2025-11-26,1,6,4,31,17,0.54667539784555,0.10178584303907,0.25307691956195,0.33657764543262,0.38900557458599,0.46997718007393,0.25061542887692,1.5907683671419,0.27765687652785,0.75061103625555,0.95521048943982,1.1421860401486,1.3441537956427,0.74918719611912,kognition,1.5907683671419,0.23360076466033,1,0.0,2.7849777696324,2.884962246764,3.9027212950711,0.9843670685969,0.50393902208178,0.68905694801783,vor_abwesenheit,0,1,-43
lehrkraft_1_thiele,298,1118,2025-11-27,1,0,5,37,22,0.56162827063102,0.043410216898806,0.095853006266933,0.31193496696747,0.44902140787443,0.43313447443446,0.39993022172713,1.6560805020685,0.15156433814615,0.30214848346917,0.91505111139328,1.3047030991961,1.2875828553689,1.1418071209356,kognition,1.6560805020685,0.24502083344857,1,0.0,2.8910257536669,2.9314606725127,3.6685738639532,0.96115757970786,0.5099029319964,0.6728103057955,vor_abwesenheit,0,1,-42
lehrkraft_1_thiele,291,1098,2025-11-27,1,5,4,28,18,0.36927285914006,0.21331252210193,0.23814547350038,0.46152808488636,0.29479684259717,0.47467529435691,0.40055504075689,1.3279244919144,0.71352879233111,0.81137335844847,1.6037909120688,1.0756744655857,1.6519568340959,1.4136245554837,performanz,1.6519568340959,0.19213551483422,1,0.0,3.3745147994403,3.5199773398303,4.468622859967,1.0691677755167,0.48328608817151,0.74841744286166,vor_abwesenheit,0,1,-42
lehrkraft_1_thiele,435,1409,2025-11-27,1,5,5,36,19,0.52979184511741,0.23550339536514,0.25914769004365,0.36604851481091,0.39919743845937,0.38263082230204,0.21441530650715,1.5780091873285,0.57776675451819,0.6378087899445,0.96016648819376,1.2049515368576,1.0906872724523,0.64401383310646,kognition,1.5780091873285,0.23575586051107,1,0.0,2.6849409500393,2.8152239511084,3.689846849301,1.1204474736382,0.47159857173177,0.78431323154672,vor_abwesenheit,0,1,-42
lehrkraft_1_thiele,269,1053,2025-11-27,1,6,4,36,21,0.53723376741912,0.10966365757155,0.19929426178698,0.3247095796168,0.4187365541404,0.44635828976367,0.38441771348366,2.1102252725261,0.4270200902856,0.75028338122558,1.3276868463277,1.6576020017603,1.7641890677057,1.5614754449941,kognition,2.1102252725261,0.21984989391867,1,0.0,3.9063137867486,3.9716688435594,4.7275916595967,0.94077837544055,0.51525718374361,0.65854486280838,vor_abwesenheit,0,1,-42
lehrkraft_1_thiele,601,1736,2025-11-27,1,6,5,41,24,0.54970245603737,0.039312346033971,0.18396156424868,0.31942293826927,0.4453567416658,0.44418681863035,0.31610470383941,2.0036878931498,0.087597465311505,0.61317936782851,1.0858307376275,1.6357951214225,1.5767150878397,1.1215355039682,kognition,2.0036878931498,0.24018629297466,1,0.0,3.4636907845741,3.5613943840183,4.4050032557178,1.0679739173348,0.48356509316559,0.74758174213435,vor_abwesenheit,0,1,-42
lehrkraft_1_thiele,687,2006,2025-11-27,1,6,5,47,23,0.51206951373862,0.02865934110489,0.11881779126783,0.3584030640896,0.46127928662311,0.45191478019048,0.38013185452297,2.0601429776111,0.13759141611658,0.50253337464147,1.4413691158017,1.8512733193633,1.8123437320525,1.5129242368485,kognition,2.0601429776111,0.21564918521422,1,0.0,3.9489172768171,4.0160019475513,4.3833223071631,0.69366990916024,0.5904338233746,0.48556893641217,vor_abwesenheit,0,1,-42
lehrkraft_1_thiele,258,1035,2025-11-28,1,0,5,34,21,0.56794114267293,0.083527412601105,0.17820763248073,0.28707068967013,0.43743223055239,0.42193952565203,0.35745184970118,1.7119355867311,0.3130071803896,0.58818004089237,0.91594349543414,1.3274088168421,1.2840158664988,1.134786321239,kognition,1.7119355867311,0.23530863694257,1,0.0,2.9853067016214,3.068337771799,4.134383264,0.97020313377654,0.50756187666963,0.67914219364358,vor_abwesenheit,0,1,-41
lehrkraft_1_thiele,297,1117,2025-11-28,1,7,5,49,25,0.51840831579535,0.099929014493313,0.21166461894294,0.34925554179813,0.3899015547497,0.44820869703612,0.38282527561909,1.5350403231981,0.36307575846007,0.6544965327989,1.0824399840938,1.1741213609844,1.316023767607,1.1952740142099,kognition,1.5350403231981,0.20969144850692,1,0.0,2.9372392355932,3.0054965268567,4.134383264,0.95133736462287,0.51246904719281,0.66593615523601,vor_abwesenheit,0,1,-41
lehrkraft_1_thiele,352,1260,2025-11-28,1,7,5,34,27,0.45251225550452,0.13388655925492,0.18845309723573,0.41338025522708,0.37035595060079,0.43776085741227,0.41236689325819,1.6408676330573,0.46640588019293,0.65257952755463,1.469096175519,1.344708466843,1.574921841544,1.5011919171195,kognition,1.6408676330573,0.18410830858483,1,0.0,3.4693344443565,3.5906148879138,4.1478207849846,0.97928492546569,0.50523296930821,0.68549944782598,vor_abwesenheit,0,1,-41
lehrkraft_1_thiele,384,1305,2025-11-28,1,7,4,38,20,0.52236622599958,0.083252927463627,0.17678221135009,0.36590492702948,0.41173443818862,0.43952904103691,0.38866212735408,2.0500999785086,0.33301697620887,0.68667506041365,1.4221856107575,1.6245664024513,1.6724880286571,1.5134806633215,kognition,2.0500999785086,0.22038131418308,1,0.0,3.8124795997601,3.8914799652542,4.2571432703781,0.91241043978087,0.52290030382525,0.63868730784661,vor_abwesenheit,0,1,-41
lehrkraft_1_thiele,417,1377,2025-11-28,1,7,4,28,20,0.46922373512645,0.068674785705768,0.15082215335439,0.40406451017723,0.41069702242938,0.45430379533977,0.43284953772448,1.7113526634747,0.28392857142857,0.54756842159176,1.4313437350294,1.5076098328136,1.6290458399811,1.5555446031629,kognition,1.7113526634747,0.19746998914855,1,0.0,3.5643114630702,3.6111898817791,4.134383264,0.85489419305116,0.53911430837738,0.59842593513581,vor_abwesenheit,0,1,-41
lehrkraft_1_thiele,502,1526,2025-11-28,1,7,5,50,28,0.46414841827072,0.11122327668348,0.13491948821075,0.39293221763817,0.41681195925892,0.42940796306292,0.45550766223424,1.7814848273112,0.4134198650035,0.51251005836126,1.4859525654257,1.5927906325743,1.6399253354963,1.719857038835,kognition,1.7814848273112,0.19478421730237,1,0.0,3.7416000722399,3.8057334015621,4.35657860226,0.76535561969294,0.56645810557645,0.53574893378506,vor_abwesenheit,0,1,-41
lehrkraft_1_thiele,405,1355,2025-12-01,1,0,5,43,26,0.54848556768292,0.021828895699781,0.092282593495026,0.30976646568788,0.46087050898384,0.42373776630972,0.38557015816294,1.978001620466,0.033645975408597,0.32112805881309,1.109473215904,1.6676791446885,1.526512959929,1.3972867555886,kognition,1.978001620466,0.23531332374796,1,0.0,3.5087721973642,3.6030466820995,3.9433548328915,0.86357202950254,0.53660388982493,0.60450042065178,vor_abwesenheit,0,1,-38
lehrkraft_1_thiele,305,1142,2025-12-01,1,1,5,36,24,0.51013936410321,0.089011188751996,0.17224055713687,0.34408271007725,0.42505612725592,0.49095089282822,0.33385374184227,1.7190328902958,0.35498430848941,0.58797207872178,1.2233951519487,1.4569277756505,1.6771688172467,1.1879618713562,kognition,1.7190328902958,0.20944804765117,1,0.0,3.3571240657985,3.4423028683733,4.3850337175204,0.95628818913619,0.51117212972673,0.66940173239533,vor_abwesenheit,0,1,-38
lehrkraft_1_thiele,317,1169,2025-12-01,1,1,5,47,26,0.49196668232405,0.11683013506343,0.15770828626702,0.3885954907792,0.39153991671982,0.45932649154612,0.4218990906482,1.6665145535319,0.45509969373909,0.54416115110848,1.3361613368424,1.3544354565098,1.5656521853186,1.4327088976923,kognition,1.6665145535319,0.19946951012428,1,0.0,3.3770167191759,3.4192584695842,4.3981983724756,0.86897716507552,0.53505201598308,0.60828401555287,vor_abwesenheit,0,1,-38
lehrkraft_1_thiele,268,1052,2025-12-01,1,2,5,33,18,0.53050779481792,0.060342386197526,0.17689182399302,0.33520946366168,0.40874450661199,0.50132763466248,0.33865508284493,1.8023508617828,0.22072011129597,0.59119921126329,1.1566898832368,1.394987575423,1.686773071007,1.1947634027137,kognition,1.8023508617828,0.22396451308771,1,0.0,3.3471312055256,3.4148036357266,4.1428655878915,0.74610696657138,0.57270260020987,0.52227487659996,vor_abwesenheit,0,1,-38
lehrkraft_1_thiele,279,1074,2025-12-01,1,2,5,29,23,0.48377285340779,0.097963760863046,0.19945013644862,0.38710796333698,0.37883870674362,0.47155435457921,0.33861438084353,1.5234071753596,0.30114154020548,0.61469111073673,1.243783339552,1.201975929786,1.5085060617536,1.1047896811331,kognition,1.5234071753596,0.20316714775369,1,0.0,3.0458487684405,3.1766500282127,3.7622172169312,0.94829766774639,0.5132685916299,0.66380836742247,vor_abwesenheit,0,1,-38
lehrkraft_1_thiele,383,1304,2025-12-01,1,2,5,47,24,0.44673930965548,0.081216731844913,0.13362087686643,0.3889986710085,0.35129602394713,0.52621424390256,0.38403186032709,1.6928909557659,0.32752796636311,0.5045665939789,1.4729658018287,1.3516707911582,1.9057388514485,1.4422197363721,performanz,1.9057388514485,0.21911137336436,1,0.0,3.5966960287953,3.7189084911225,4.7668121124854,1.2860646944,0.43743293986807,0.90024528608003,vor_abwesenheit,0,1,-38
lehrkraft_1_thiele,482,1489,2025-12-02,1,0,5,36,21,0.48395031637983,0.038675455349297,0.13182645280823,0.36455661216189,0.43317679695941,0.48214643153035,0.38926376991882,1.8347756993223,0.0954,0.44481393415817,1.4187439241528,1.6613930720583,1.8883617921641,1.5385356695778,performanz,1.8883617921641,0.21260489419134,1,0.0,3.7788127751606,3.843031075554,4.5184642616466,0.90479127596577,0.52499190468676,0.63335389317604,vor_abwesenheit,0,1,-37
lehrkraft_1_thiele,337,1228,2025-12-02,1,1,5,31,20,0.36389246485837,-0.03074704391141,-0.0063141391674961,0.2123132179894,0.31900185964618,0.25128398217281,0.22941013502414,1.2486499294615,-0.074175666082113,0.016632511322358,0.8665287294555,1.1525695233073,1.0241960521812,0.95816897143392,kognition,1.2486499294615,0.19466294644608,1,0.24,2.3688096572681,3.2819536911186,4.5170133117316,1.981612257967,0.33538901556631,1.4591285805769,vor_abwesenheit,0,1,-37
lehrkraft_1_thiele,373,1290,2025-12-02,1,2,5,38,20,0.46845670462188,0.12863975332115,0.21329534275595,0.39553422677654,0.35461388913854,0.46835410056063,0.35646224481803,1.6710845044032,0.3975,0.71488386467635,1.2262370136745,1.3328779133587,1.5581117815776,1.204470935091,kognition,1.6710845044032,0.20617523463035,1,0.0,3.2588758665874,3.3634416578971,4.04857516276,1.2545016464652,0.44355700585444,0.87815115252562,vor_abwesenheit,0,1,-37
lehrkraft_1_thiele,393,1329,2025-12-02,1,2,5,38,20,0.33835331879627,0.11724088323505,0.15734642785577,0.36805356070303,0.27420358241286,0.4554268964971,0.33661000594852,1.1749480393287,0.46465819514936,0.66179317742599,1.1434880135279,0.96609344633314,1.3693009775583,0.94665953913853,performanz,1.3693009775583,0.20287934177779,1,0.055555555555556,2.6545114762312,2.8921834840582,4.1958668984378,1.532122110133,0.39492566175945,1.0891521437598,vor_abwesenheit,0,1,-37
lehrkraft_1_thiele,434,1408,2025-12-02,1,2,5,38,25,0.43017627578128,0.13163471068693,0.19363324056316,0.41227614718127,0.33374431917729,0.48545185700402,0.38160257636471,1.5055046156833,0.38885528829572,0.62404899128103,1.3225332027878,1.2119350380691,1.6175681602358,1.3102017792916,performanz,1.6175681602358,0.20268634170936,1,0.0,3.2184197661339,3.3514349277153,4.7275916595967,1.2579785802927,0.44287399744525,0.88058500620491,vor_abwesenheit,0,1,-37
lehrkraft_1_thiele,454,1452,2025-12-02,1,4,5,41,28,0.46971055645111,0.1374385673779,0.2194786447112,0.38945501774122,0.42172384068849,0.43190836922881,0.40461391924247,1.8874568710488,0.6095823650455,0.92758209215975,1.5925270688447,1.68597491814,1.7422393183514,1.6344705348834,kognition,1.8874568710488,0.18725080460182,1,0.0,3.9849765744545,4.048713501788,4.770377344071,0.96636928932824,0.50855147373748,0.67645850252977,vor_abwesenheit,1,1,-37
lehrkraft_1_thiele,290,1097,2025-12-03,1,3,4,34,17,0.4889313632799,0.13908571132218,0.15660014591624,0.3598632831945,0.4030991582538,0.47830867547514,0.3696086587054,1.7828381179402,0.44333674657175,0.61222978930703,1.223615076181,1.4472539100973,1.6756081731288,1.2728156046539,kognition,1.7828381179402,0.21079473878684,1,0.0,3.4306536678616,3.52208549149,4.2594688496216,1.0154473632259,0.49616775820899,0.7108131542581,vor_abwesenheit,0,1,-36
lehrkraft_1_thiele,304,1141,2025-12-03,1,3,4,42,19,0.4380701103126,0.10500280318976,0.13398102276813,0.38654276659945,0.35833408228699,0.50462807477846,0.36959668081856,1.7311356643891,0.32904271786045,0.40101953919691,1.2773437163323,1.4642111132802,1.6940512736212,1.3436442326262,kognition,1.7311356643891,0.21007785139045,1,0.0,3.4229559104594,3.5538625335449,4.6876347106964,1.5320423652901,0.39493809965752,1.072429655703,vor_abwesenheit,0,1,-36
lehrkraft_1_thiele,351,1259,2025-12-03,1,3,5,44,22,0.54622667953329,0.086844050041099,0.188140673828,0.30918718979884,0.42079301970802,0.43669351895554,0.31095258800202,1.7500827260392,0.4580511768913,0.78826719886988,1.1019910129641,1.3998267970888,1.4302423969999,1.1348760478305,kognition,1.7500827260392,0.21450437566485,1,0.0,3.2251204346603,3.3513500874767,4.770377344071,1.3883914246891,0.41869183989813,0.97187399728237,vor_abwesenheit,0,1,-36
lehrkraft_1_thiele,416,1376,2025-12-03,1,3,5,49,23,0.51292891073459,-0.0003376405259649,0.14024893340918,0.21954887072984,0.41791657107597,0.37008730643517,0.23753522529381,1.7613032081106,0.0086165435402896,0.50892678210937,0.78007398844183,1.4393867863021,1.3086538217501,0.86246433991575,kognition,1.7613032081106,0.2429043942954,1,0.088888888888889,2.9151396220599,3.2692229126205,3.9272529646647,1.2320231513604,0.44802402671788,0.88908287261893,vor_abwesenheit,0,1,-36
lehrkraft_1_thiele,654,1877,2025-12-03,1,4,5,39,21,0.54350597776959,0.082629747012779,0.18571429167397,0.30393582904324,0.4548804681271,0.39955145837784,0.32399215044428,1.6549499760514,0.34154953156821,0.66368194363766,1.0290089821897,1.3920440638966,1.3368885229488,1.0645495038686,kognition,1.6549499760514,0.22117097476974,1,0.0,3.0353207340071,3.1534885723127,4.4608733210844,1.3363813481046,0.4280123194834,0.93546694367321,vor_abwesenheit,1,1,-36
lehrkraft_1_thiele,704,2088,2025-12-03,1,4,5,48,29,0.47303361383548,0.15315772302587,0.23862855667594,0.38519587185699,0.34783950857033,0.47533648664632,0.34180023328154,1.6806781061944,0.39477057008644,0.71235410078926,1.2895243932751,1.2610595115415,1.6925604749249,1.288578324874,performanz,1.6925604749249,0.20344435252357,1,0.0,3.356532493165,3.4534562635736,4.4664829717323,1.1901291021021,0.45659408801069,0.8330903714715,vor_abwesenheit,1,1,-36
lehrkraft_1_thiele,481,1488,2025-12-04,1,0,5,51,28,0.43666046399679,0.13373980135481,0.096058191299799,0.41695399264302,0.4187065338655,0.4840582726346,0.4258020830763,1.8105201977292,0.56514267380551,0.38365321481689,1.7062327153013,1.7212494486776,1.9828872579542,1.7358351374322,performanz,1.9828872579542,0.20018001363831,1,0.0,4.0698224362765,4.1033971847305,4.6876347106964,0.71130855124375,0.58434815818177,0.49791598587063,vor_abwesenheit,0,1,-35
lehrkraft_1_thiele,289,1096,2025-12-04,1,5,5,42,27,0.48080977303614,0.052295553021158,0.11813734893401,0.36422270168123,0.38108895235162,0.50116272348607,0.44086106672103,1.8616354234383,0.20215219830371,0.43331849390129,1.4448726793964,1.4903698759326,1.9122981403486,1.7113297086284,performanz,1.9122981403486,0.21116421140625,1,0.0,3.8195169660841,3.8706270607155,4.7872046326009,0.96647248832625,0.50852478533841,0.67653074182837,vor_abwesenheit,0,1,-35
lehrkraft_1_thiele,433,1407,2025-12-04,1,5,4,41,23,0.40562425620163,0.22829255153739,0.24104632901787,0.43111197864877,0.35375313601015,0.48215022743613,0.38156521222386,1.6131929328552,0.8148039081994,0.82473664524134,1.5883162400867,1.3876515430788,1.8018102286579,1.4406189570457,performanz,1.8018102286579,0.19024236200604,1,0.0,3.7036084761301,3.7564446862242,4.4094769977487,0.92249378790782,0.52015772757751,0.64574565153547,vor_abwesenheit,0,1,-35
lehrkraft_1_thiele,267,1051,2025-12-04,1,6,4,37,17,0.53400131131015,0.09177001593655,0.24905509898498,0.31086070658469,0.37563978584106,0.54256975917669,0.25454093984979,1.6081819818973,0.27228886365601,0.7554785419416,0.93350237268136,1.1295519164651,1.6362301512329,0.75014732499557,performanz,1.6362301512329,0.23093043492377,1,0.0,2.9357150182362,3.0072930417721,3.343350635076,0.6740394472736,0.59735748857569,0.47182761309152,vor_abwesenheit,0,1,-35
lehrkraft_1_thiele,599,1734,2025-12-04,1,6,5,42,27,0.42854216298566,0.14963766713578,0.21234594496973,0.41066264900374,0.38090393331541,0.41620390413465,0.42700997552146,1.5955807540799,0.60137078437564,0.8622456592486,1.5043024844289,1.379203573554,1.533877085887,1.4874737911821,kognition,1.5955807540799,0.17775203959567,1,0.0,3.5187324416627,3.647531480583,4.2195669844004,1.1921283463013,0.45617766938112,0.83448984241089,vor_abwesenheit,0,1,-35
lehrkraft_1_thiele,653,1876,2025-12-04,1,6,4,33,19,0.50862748835586,0.1626281769005,0.26380739996241,0.38965860101899,0.36411331136523,0.45382938638482,0.33382426000243,1.7329540358378,0.57538506221406,0.91017296282576,1.3367205782509,1.2618204065355,1.5365321919023,1.1783982076268,kognition,1.7329540358378,0.20311268147316,1,0.0,3.3602349080925,3.4250279404595,4.1478207849846,0.86349968864114,0.53662472073134,0.6044497820488,vor_abwesenheit,0,1,-35
lehrkraft_1_thiele,686,2005,2025-12-04,1,6,4,39,19,0.52563758337855,0.21763893971461,0.23288730958549,0.34668265416345,0.38584240286461,0.41518770850545,0.2729406398122,1.7604817827424,0.63114533918833,0.63472465048999,1.0599953839203,1.3358687601123,1.3571326207092,0.9784824923304,kognition,1.7604817827424,0.22692963742696,1,0.0,3.0996594046206,3.2263723856322,4.2474282510106,1.3151709610833,0.43193354478326,0.92061967275834,vor_abwesenheit,0,1,-35
lehrkraft_1_thiele,372,1289,2025-12-04,1,11,5,40,20,0.54302107384696,0.11476385556206,0.15224388078478,0.335369044616,0.43458432888974,0.46270478323987,0.30916700386503,1.9428109790432,0.42474311151387,0.50745239628558,1.21170011825,1.5560695394604,1.6345748897701,1.1366285868607,kognition,1.9428109790432,0.23090274359018,1,0.0,3.4735800478044,3.5776079600455,3.9646280613375,0.92821796986568,0.51861356736016,0.64975257890597,vor_abwesenheit,0,1,-35
lehrkraft_1_thiele,257,1034,2025-12-05,1,0,5,39,24,0.4864860624269,0.025125137244189,0.13655920875362,0.34305899979318,0.39673513462343,0.52717321082427,0.36586231523923,1.4545370532553,0.082288884812483,0.3763098973987,1.0573512393997,1.219644687648,1.5129660494296,1.1726279800607,performanz,1.5129660494296,0.21133836178247,1,0.0,2.921250775379,3.0106642755568,3.8268397507859,0.96460351717209,0.50900855631137,0.67522246202046,vor_abwesenheit,0,1,-34
lehrkraft_1_thiele,303,1140,2025-12-08,1,1,5,48,27,0.41219702706195,0.10883648666368,0.10497793785954,0.42026041589187,0.41425930057252,0.46870524439523,0.47026331231242,1.9035141615375,0.48361134941244,0.45922965460818,1.9304427367918,1.9159822145729,2.1489698182412,2.1533047331606,regulation,2.1533047331606,0.19584302198733,1,0.0,4.5519806168613,4.5924410530365,4.9211234034393,0.67083524233352,0.59850305683245,0.46958466963347,vor_abwesenheit,0,1,-31
lehrkraft_1_thiele,316,1168,2025-12-08,1,1,5,49,25,0.43423451823153,-0.029207860161612,0.18887379323991,0.40172149659347,0.38383873307504,0.44887586573004,0.3843134897839,1.4048190426892,-0.041428571428571,0.56249910756565,1.295634475766,1.2600343502008,1.4636212040641,1.2936530998421,performanz,1.4636212040641,0.18642296986376,1,0.0,3.0616529433366,3.2392226301009,4.2367227168256,1.2116119431521,0.45215888940026,0.84812836020647,vor_abwesenheit,0,1,-31
lehrkraft_1_thiele,266,1050,2025-12-08,1,2,5,45,23,0.48986998741971,0.17801871224039,0.1794053283221,0.36722753067496,0.38878751857653,0.41893877785318,0.41300665471591,1.5187712916135,0.57791040081996,0.58316198890253,1.1849965302959,1.2452946305155,1.3635955248495,1.3223052445657,kognition,1.5187712916135,0.19481328296666,1,0.0,3.0892691662763,3.1810143514962,4.1508586304112,1.1185119401176,0.4720294377687,0.78295835808233,vor_abwesenheit,0,1,-31
lehrkraft_1_thiele,278,1073,2025-12-08,1,2,5,48,25,0.55314639812499,0.16865797627911,0.22656139684913,0.35523265175731,0.41325475697566,0.45187643508176,0.27855958779928,2.0800911619455,0.61764969897042,0.82371357902388,1.3384390120658,1.5745979698059,1.7189097179547,1.0879906658039,kognition,2.0800911619455,0.22508418706928,1,0.0,3.714286811193,3.780444943095,4.2117482404431,0.78526062370991,0.56014230455715,0.54968243659693,vor_abwesenheit,0,1,-31
lehrkraft_1_thiele,382,1303,2025-12-08,1,2,5,61,27,0.48698621227685,0.066728537034016,0.17525095379517,0.34771528747704,0.41786911561002,0.49333768100684,0.38369950492061,1.9420160305304,0.27582645690017,0.70083513954139,1.3987777546885,1.6724822554123,1.9638465538441,1.5414581575466,performanz,1.9638465538441,0.20682426859404,1,0.0,3.9147463557901,4.0006818302303,4.5381470004485,0.81835417751852,0.5499478662428,0.57284792426296,vor_abwesenheit,0,1,-31
lehrkraft_1_thiele,445,1422,2025-12-08,1,2,5,51,26,0.47115738093659,0.06462915681338,0.13143002898593,0.35504308775149,0.40193224080897,0.48527734387327,0.44476261272884,1.6092033119696,0.21379620149058,0.43090655448358,1.2180024371772,1.3712141492532,1.643391294933,1.5199257869951,performanz,1.643391294933,0.20480753539594,1,0.0,3.3459814853102,3.4061556250304,3.5786828039544,0.67318995588792,0.59766077155856,0.47123296912154,vor_abwesenheit,0,1,-31
lehrkraft_1_thiele,480,1486,2025-12-09,1,0,5,57,24,0.56175642537393,0.035162021391636,0.16045426934519,0.29341392440557,0.42633802586287,0.50194636725288,0.31938474716002,1.9529475140976,0.12111507891522,0.5247762105363,1.003705110545,1.4807478823968,1.6832510271204,1.1113116092852,kognition,1.9529475140976,0.24790347812755,1,0.0,3.3723061367106,3.4319225244564,3.9150206387277,0.82048909930878,0.54930293204155,0.57434236951615,vor_abwesenheit,0,1,-30
lehrkraft_1_thiele,336,1227,2025-12-09,1,1,4,34,19,0.44531957431271,0.11079318849367,0.14028244872773,0.34401879409249,0.39109607730915,0.5356390979337,0.37502824929408,1.4106448859947,0.39525545899227,0.39616018825391,1.0431928555908,1.2437020398524,1.4931222851575,1.1661113408837,performanz,1.4931222851575,0.20888119686349,1,0.0,2.9201651807156,2.9992884194233,3.8716179078558,1.0088665344479,0.49779314994406,0.7062065741135,vor_abwesenheit,0,1,-30
lehrkraft_1_thiele,371,1288,2025-12-09,1,2,5,40,22,0.45982928718466,0.052988905670953,0.14419140142843,0.35857939647968,0.3733946661576,0.50910575646157,0.43237474374946,1.6754161558469,0.19046994537764,0.48983038602909,1.3289533964641,1.3817404984887,1.7598693432212,1.6235680612428,performanz,1.7598693432212,0.20827231302289,1,0.0,3.5343555554411,3.6085445735021,4.7023538701082,1.0944450278621,0.47745344790489,0.76611151950346,vor_abwesenheit,0,1,-30
lehrkraft_1_thiele,432,1406,2025-12-09,1,2,5,48,20,0.52203532002517,0.092266784197895,0.22425140957715,0.36093769678237,0.40523090638826,0.466915501712,0.31019779878328,1.9187496879854,0.31752338564412,0.81617964895815,1.3249304302704,1.4848954528606,1.7218349967055,1.1669666034162,kognition,1.9187496879854,0.21925861069184,1,0.0,3.5686765957845,3.6753429301267,4.2145445230141,1.0183330481055,0.49545836894393,0.71283313367388,vor_abwesenheit,0,1,-30
lehrkraft_1_thiele,256,1033,2025-12-09,1,3,4,42,20,0.61026164949323,0.070430207225607,0.18228806311946,0.25227414638268,0.42639150928201,0.35874802279241,0.29732166941223,1.4619071988328,0.24266730936756,0.50531149844557,0.77280206442654,1.052556541062,1.0454221268738,0.89512443057638,kognition,1.4619071988328,0.24463826752742,1,0.0,2.4598075664536,2.6043799605793,3.4454904312317,1.0895088009649,0.47858137737358,0.76265616067544,vor_abwesenheit,0,1,-30
lehrkraft_1_thiele,453,1450,2025-12-09,1,4,5,35,21,0.51514159245029,0.0943014363662,0.158328009362,0.35582985033171,0.40784845036735,0.48418855068625,0.362728516929,1.6730412976048,0.35014285714286,0.54874711736625,1.1750094301272,1.3414624338833,1.5142100623047,1.2302639035327,kognition,1.6730412976048,0.21359218022019,1,0.0,3.1952058791641,3.2507613603786,4.134383264,0.99723881980154,0.50069124938167,0.69806717386108,vor_abwesenheit,1,1,-30
lehrkraft_1_thiele,328,1185,2025-12-10,1,0,5,43,21,0.43855257662015,0.21995782630121,0.22161584261133,0.40859168343878,0.35423545828422,0.44951450892942,0.27728730419197,1.2648407375032,0.58120889180745,0.55463960854905,1.1657151916176,1.0650595224302,1.3174428137577,0.90331465541997,performanz,1.3174428137577,0.19074286935544,1,0.0,2.7000236278671,2.8753213923915,4.3730545704504,1.3045077985802,0.43393213970294,0.91315545900613,vor_abwesenheit,0,1,-29
lehrkraft_1_thiele,288,1094,2025-12-10,1,3,5,56,27,0.43548401878987,0.10567724187647,0.21191637700595,0.39734475785257,0.36263126301056,0.50274287194328,0.43620118181072,1.7247407108585,0.41737831366386,0.84109546816114,1.5716140474187,1.4333497017405,1.9821110251674,1.7156160383941,performanz,1.9821110251674,0.20463869536918,1,0.0,3.9055014213004,3.9487187105554,4.3813670000398,0.63671762163274,0.61097894150026,0.44570233514292,vor_abwesenheit,0,1,-29
lehrkraft_1_thiele,302,1139,2025-12-10,1,3,4,46,19,0.60270074222935,0.04999994336765,0.15838921284348,0.27245655765577,0.44998621324693,0.39592262328592,0.32838009579263,2.1696298906729,0.20739130434783,0.58125082218885,1.1155308367771,1.6515962545257,1.5955465737918,1.3399716515286,kognition,2.1696298906729,0.25050809366318,1,0.0,3.6608236321514,3.7587651096882,4.6172952494101,1.1426748309073,0.46670637353618,0.79987238163513,vor_abwesenheit,0,1,-29
lehrkraft_1_thiele,350,1257,2025-12-10,1,3,5,43,23,0.53539293385006,0.057455820236911,0.13549063087679,0.31578147905903,0.43875491089883,0.43758720622812,0.39430049078348,1.9183799790181,0.2313955693512,0.53804411526652,1.073303593255,1.5248114792714,1.527293603143,1.3090285264568,kognition,1.9183799790181,0.23618804609649,1,0.0,3.3980037091323,3.4862605892034,4.0273551720063,1.0422189449724,0.48966346260858,0.72955326148065,vor_abwesenheit,0,1,-29
lehrkraft_1_thiele,415,1374,2025-12-10,1,3,4,36,20,0.62729293853525,0.099827817951741,0.16671767649358,0.19296082160001,0.44506083291359,0.35346756358981,0.18658309939281,1.7643381936951,0.38570740538602,0.48744960384531,0.7315644887703,1.3003915205399,1.2104514808751,0.70741484435903,kognition,1.7643381936951,0.25271750900529,1,0.0,2.7732832235608,3.0160456525796,4.0280536647229,1.4768667968066,0.4037358816749,1.0338067577646,vor_abwesenheit,0,1,-29
lehrkraft_1_thiele,461,1461,2025-12-10,1,4,5,36,23,0.51961847491496,0.10442188039377,0.12105204107175,0.33789092304938,0.46518384566209,0.42117143899061,0.36649232067242,1.6892328661204,0.35135237793714,0.3608810067758,1.1369495483302,1.4852329715119,1.4181712975085,1.1972841932107,kognition,1.6892328661204,0.22112970425829,1,0.0,3.1702463301798,3.2563302849895,4.4262994160691,1.1497982011239,0.46515993895482,0.80485874078676,vor_abwesenheit,1,1,-29
lehrkraft_1_thiele,518,1546,2025-12-10,1,4,5,40,21,0.5350726977758,0.10744334381782,0.22161756418432,0.34138625454934,0.39855241612308,0.46833258586685,0.33500001087147,1.9249122020431,0.38329358904452,0.75369409403373,1.243808983355,1.4504711080563,1.6383517457381,1.2668153732714,kognition,1.9249122020431,0.22224166527558,1,0.0,3.5157076959637,3.5963416291604,4.6172952494101,1.0327026630132,0.49195586653959,0.72289186410925,vor_abwesenheit,1,1,-29
lehrkraft_1_thiele,652,1875,2025-12-10,1,4,4,41,20,0.43869767431604,0.03189549809185,0.11392165708804,0.20901442832539,0.34009634014865,0.30145074956306,0.22896926306857,1.8425600094394,0.17458536585366,0.53150845948646,0.95699497415788,1.4541166533139,1.3831366613445,1.080957784009,kognition,1.8425600094394,0.21836727791861,1,0.17142857142857,3.1336624032647,3.849169981177,4.290361661197,1.7747920678105,0.36038736437253,1.2937830188959,vor_abwesenheit,1,1,-29
lehrkraft_1_thiele,703,2087,2025-12-10,1,4,5,41,23,0.48876966184225,0.022807027017569,0.14971298355524,0.32875459998256,0.37082709404336,0.56982603035027,0.33878249215146,1.6305308319898,0.077463414634146,0.42643065586912,1.0790991569799,1.2510823409251,1.726757150511,1.1705831512945,performanz,1.726757150511,0.23455170491715,1,0.0,3.1508874407452,3.2190845983307,4.8184848736233,1.064540914308,0.48436918496973,0.74517864001557,vor_abwesenheit,1,1,-29
lehrkraft_1_thiele,392,1328,2025-12-10,1,6,5,42,24,0.42844761589654,0.17482757011091,0.2149954529291,0.4107606661704,0.35622467309849,0.42548054800421,0.34752235821985,1.2411470997053,0.36127041239714,0.53504372247507,1.1196110402891,1.094289076566,1.241047943822,1.0623353005353,kognition,1.2411470997053,0.18650559489398,1,0.0,2.6602608844242,2.7959395200883,4.8373835872764,1.5585873081333,0.39084067869061,1.0910111156933,vor_abwesenheit,0,1,-29
lehrkraft_1_thiele,287,1093,2025-12-11,1,5,5,44,22,0.48764126027799,0.18889199379705,0.24542342576278,0.34330351812698,0.38532990576621,0.41133158710269,0.40618772234676,1.7545956582158,0.72317051504666,0.90913185105405,1.2903153619947,1.3999154316128,1.5152607750377,1.5297167213044,kognition,1.7545956582158,0.19234545156219,1,0.0,3.5621380732836,3.6844125415103,4.2514112502238,1.0543450054148,0.48677315512449,0.73804150379036,vor_abwesenheit,0,1,-28
lehrkraft_1_thiele,327,1184,2025-12-11,1,5,4,51,24,0.51118527894598,0.099257904554704,0.20775595021132,0.34118345953243,0.39895627774545,0.47486052516406,0.38215631208787,2.0172346296767,0.3816822107168,0.80699217371083,1.3304205665092,1.5714949740601,1.8576694243823,1.4935956239562,kognition,2.0172346296767,0.2132588562259,1,0.0,3.8454560386315,3.9211717983503,4.1478207849846,0.78812189198679,0.55924599127238,0.55168532439075,vor_abwesenheit,0,1,-28
lehrkraft_1_thiele,431,1405,2025-12-11,1,5,4,41,22,0.48331772412989,0.09551946718009,0.060745987327572,0.39084387780261,0.41580429247748,0.48730411869198,0.41349467137761,2.0266606967097,0.44740964858124,0.23657455405986,1.7034171722842,1.7886488027429,2.0334513768681,1.7942264946058,performanz,2.0334513768681,0.20272906946992,1,0.0,4.2212041304915,4.257551825535,4.8184848736233,0.90893407375847,0.52385255926158,0.63625385163093,vor_abwesenheit,0,1,-28
lehrkraft_1_thiele,651,1874,2025-12-11,1,6,5,43,27,0.43601684319221,0.11030572807168,0.081151646791539,0.40190725921385,0.38559259319041,0.47135914521457,0.47990641373481,1.7984479094372,0.42800474328116,0.30736349654751,1.6223939152611,1.5776294367605,1.8760936957888,1.8908014513016,regulation,1.8908014513016,0.19901634150201,1,0.0,3.9658554691103,4.0191703421783,4.8184848736233,0.91587047113259,0.52195595426075,0.64110932979281,vor_abwesenheit,0,1,-28
lehrkraft_1_thiele,685,2004,2025-12-11,1,6,5,37,23,0.48454341343527,0.067321134577145,0.17875054413202,0.35809146095158,0.42941032148855,0.47669449935788,0.37002924412801,1.732894689516,0.23616363671031,0.5873641579588,1.339475326838,1.5852297399741,1.7184200865726,1.431227562072,kognition,1.732894689516,0.20078088577582,1,0.0,3.565420217925,3.6570002450681,4.9211234034393,1.0361562693595,0.49112144045532,0.72530938855168,vor_abwesenheit,0,1,-28
lehrkraft_1_thiele,313,1165,2026-01-12,1,1,5,40,23,0.50758583704845,0.0,0.08898443482578,0.35727115110464,0.4504159908694,0.46767495771775,0.4114862965047,2.0129928383647,0.0,0.32957550377233,1.452472279834,1.8056847183559,1.8667352786135,1.6748637977581,kognition,2.0129928383647,0.22018392113585,1,0.0,3.9775372464938,4.0074203613371,4.6661959262483,0.72679840587765,0.57910639516241,0.50875888411436,nach_rueckkehr,0,1,4
lehrkraft_1_thiele,262,1045,2026-01-15,1,6,4,44,23,0.4410550755526,0.050408012008729,0.18956083734907,0.38907957762254,0.36575174600449,0.54675270636998,0.40910096436055,1.6176028955033,0.20475480646377,0.7043828268064,1.4820621989566,1.3632080273872,2.0023366518121,1.5438433740456,performanz,2.0023366518121,0.22452274244723,1,0.0,3.6881387912189,3.7174100976089,4.9388259433378,0.77162317166459,0.56445412094064,0.54013622016522,nach_rueckkehr,0,1,7
lehrkraft_1_thiele,593,1728,2026-01-15,1,6,5,44,29,0.50041859010171,0.17718212525611,0.19292840833672,0.38580917855614,0.41528278565566,0.44411765530207,0.38230641694524,1.8237392482733,0.67236717172602,0.7214076358872,1.4203949744324,1.5115992212011,1.6276369409019,1.4058494608635,kognition,1.8237392482733,0.19859961996393,1,0.0,3.6368393205297,3.6637868489324,4.134383264,0.56700000369564,0.63816209166661,0.39690000258695,nach_rueckkehr,0,1,7
lehrkraft_1_thiele,682,2000,2026-01-15,1,6,5,41,23,0.47751977531262,0.11873176463546,0.14083364153417,0.38240890616439,0.37523934726239,0.45982469691385,0.38991008664038,1.4847968148124,0.35846495953361,0.39610520768743,1.1981708926643,1.1769701125601,1.4130269957322,1.2068772741508,kognition,1.4847968148124,0.20524083533487,1,0.0,2.9604202781809,3.0920646318102,3.6479410450167,0.99143010004616,0.50215169489344,0.69400107003231,nach_rueckkehr,0,1,7
lehrkraft_1_thiele,344,1251,2026-01-16,1,7,4,33,22,0.48979885915363,0.19266826366362,0.1257865111628,0.41204480904856,0.39322088734333,0.35803678459467,0.38705001836092,1.5269751007732,0.35415054657268,0.32544725847062,1.2158767078208,1.3018389992119,1.2942108871191,1.2674141600221,kognition,1.5269751007732,0.20957908260132,1,0.0,3.0029074091483,3.1204669646969,4.8373835872764,1.5089853353681,0.39856749495639,1.0562897347577,nach_rueckkehr,0,1,8
lehrkraft_1_thiele,381,1300,2026-01-16,1,7,4,38,18,0.52035716700842,0.050620027215155,0.10680407673163,0.32498881805231,0.40623953891749,0.52587039334196,0.32917145036144,1.7479000431664,0.23728870283043,0.31563373403043,1.1173530025208,1.4394747306705,1.6548740672148,1.1557409928993,kognition,1.7479000431664,0.22793943360892,1,0.0,3.2566847862418,3.3483977739152,4.6876347106964,1.2239933023884,0.44964164187278,0.85679531167189,nach_rueckkehr,0,1,8
lehrkraft_1_thiele,410,1369,2026-01-16,1,7,5,35,22,0.38527568796291,0.075182734329842,0.10486147801853,0.4028132133983,0.34365218612561,0.5158314584819,0.48078945614449,1.3090977115564,0.21324456946118,0.28482406551827,1.3122766986278,1.1541083976719,1.6306362651809,1.5562996639414,performanz,1.6306362651809,0.21856967030198,1,0.0,3.1583879454163,3.2360139057899,4.344653919943,1.0091315238216,0.49772749476244,0.70639206667515,nach_rueckkehr,0,1,8
lehrkraft_1_thiele,499,1521,2026-01-16,1,7,5,46,26,0.50746652855186,0.13772410866819,0.22121819382122,0.41086966539557,0.37852413538954,0.4068676999746,0.31988955109971,1.6320914708706,0.29199930514997,0.65151602152148,1.3747482352394,1.3045973801796,1.507705184145,1.1872105799172,kognition,1.6320914708706,0.20529792878676,1,0.0,3.2323381951501,3.364232921474,4.8373835872764,1.4509759233298,0.40800074390019,1.0156831463309,nach_rueckkehr,0,1,8
lehrkraft_1_thiele,301,1138,2026-01-19,1,1,4,39,23,0.42218000431752,0.12689114982391,0.23688762225774,0.39484116596178,0.34353827332609,0.48991187366949,0.42391359137428,1.3889673065576,0.3468377090867,0.70137803003928,1.2184050417911,1.1134577608783,1.5417041783811,1.3483543210283,performanz,1.5417041783811,0.2012904000755,1,0.0,3.0758198737812,3.152539127896,3.4884766997422,0.70236993478715,0.58741638909702,0.49165895435101,nach_rueckkehr,0,1,11
lehrkraft_1_thiele,312,1164,2026-01-19,1,1,5,41,24,0.52527189927252,0.07141539543769,0.14881732069635,0.34424479583291,0.41447081180248,0.45090910779952,0.40387094745387,1.9065716454085,0.3406790985678,0.61159319857817,1.3131015623097,1.5247877333972,1.6528437316941,1.5204494931388,kognition,1.9065716454085,0.21494542923195,1,0.0,3.635656245476,3.7194485094897,4.770377344071,0.93290859180503,0.51735503905343,0.65303601426352,nach_rueckkehr,0,1,11
lehrkraft_1_thiele,300,1137,2026-01-21,1,3,5,42,21,0.40808675778941,0.15126341368867,0.27266461562263,0.38727527566915,0.34064262721901,0.52593239473727,0.32729985077317,1.4463023467455,0.47267076583468,0.85429074449321,1.2097175751681,1.1863014517399,1.6295318144867,1.0723364575915,performanz,1.6295318144867,0.20702585710506,1,0.0,3.117856309386,3.2408033360566,4.2594688496216,1.1913160857307,0.4563467618897,0.83392126001147,nach_rueckkehr,0,1,13
lehrkraft_1_thiele,343,1250,2026-01-21,1,3,5,50,26,0.46134215085385,0.19195616026243,0.19929070749635,0.3876234468315,0.41281794616369,0.46268051884347,0.37440061536341,1.9020551426204,0.82613538118796,0.84098361989967,1.5972397875793,1.6818550218312,1.8722604937435,1.5444777209524,kognition,1.9020551426204,0.18529506229516,1,0.0,4.034618807644,4.1031442667269,4.770377344071,0.89776149284691,0.52693660597985,0.62843304499284,nach_rueckkehr,0,1,13
lehrkraft_1_thiele,409,1368,2026-01-21,1,3,5,36,20,0.24527109153676,0.15052444155097,0.12329772977756,0.19074332114299,0.24142871303701,0.028213670441915,0.3051480822101,1.152881516398,0.50297347617982,0.49927242168715,0.90740955222616,1.0811647934478,0.67027703144085,1.3324879376202,regulation,1.3324879376202,0.18039866255224,1,0.44,2.4593689980344,3.3746172722969,4.2195669844004,2.3298169228452,0.30031681115535,1.7628718459916,nach_rueckkehr,0,1,13
lehrkraft_1_thiele,590,1725,2026-01-29,1,6,5,43,25,0.45366710667541,-0.0041633883293623,0.062841993482385,0.34884872650217,0.40544388215212,0.51623109633709,0.44289130620747,1.429087083461,-0.025330312616767,0.18565707364889,1.0829646332558,1.3124254140779,1.5163989713273,1.3753417839465,performanz,1.5163989713273,0.21257596449589,1,0.0,3.0271610120971,3.0881988945001,4.2117482404431,1.0673130029664,0.48371968761629,0.74711910207648,nach_rueckkehr,0,1,21
lehrkraft_1_thiele,624,1770,2026-01-29,1,6,5,48,25,0.47308983417272,0.055361638114958,0.12802900474152,0.35944604562214,0.44882770252439,0.45489668626313,0.42372727596694,1.5635770444405,0.21813014440045,0.44265912744678,1.2596311496664,1.5042696640274,1.541374799153,1.4884389023131,kognition,1.5635770444405,0.19500639583328,1,0.0,3.336028406596,3.3949414785311,4.9211234034393,1.0800944860858,0.48074739233685,0.75606614026004,nach_rueckkehr,0,1,21
lehrkraft_1_thiele,643,1864,2026-01-29,1,6,5,46,26,0.49364063325968,0.10924668128657,0.17778244969054,0.3793148743326,0.42033110432245,0.45485673223838,0.4002825592593,2.0887388648946,0.46195553763126,0.74471147256039,1.5910662982712,1.7736293823589,1.8890816972235,1.681342245168,kognition,2.0887388648946,0.20416730941933,1,0.0,4.1477250026328,4.1994473121319,4.8184848736233,0.74114029059752,0.57433625848542,0.51879820341827,nach_rueckkehr,0,1,21
lehrkraft_1_thiele,680,1996,2026-01-29,1,6,5,47,24,0.48696407137365,0.10736130349789,0.13281763705516,0.36416729601996,0.39786400551125,0.48420697091349,0.42688226291994,1.8580327730429,0.44692832037184,0.51264584534153,1.3935793385374,1.5336291268935,1.8251542602654,1.6199937943729,kognition,1.8580327730429,0.20218064863561,1,0.0,3.7635735825441,3.8101573322892,4.4094769977487,0.82614491723465,0.54760166652837,0.57830144206425,nach_rueckkehr,0,1,21
ohne_lehrkraft_1,589,1710,2023-12-04,36,0,1,1,1,0.0,0.5012089587606,0.47283864034019,0.63045152045358,0.0,0.31459530870634,0.16959145900201,0.0,0.795,0.75,1.0,0.0,0.499,0.269,motivation,1.0,0.30184123151222,1,0.0,1.5861547843764,1.5861547843764,1.5861547843764,0.0,1.0,0.0,vor_abwesenheit,0,0,-766
ohne_lehrkraft_1,588,1709,2023-12-11,36,0,1,2,2,0.19007534731641,0.33608286949943,0.31705931084852,0.57996767499582,0.18032789360788,0.41198079716444,0.4601910203311,0.44962095611006,0.795,0.75,1.3719065845528,0.42656347118134,0.97453563828931,1.0885763434124,motivation,1.3719065845528,0.23426554476762,1,0.0,2.3654780154531,2.3654780154531,2.3654780154531,0.0,1.0,0.0,vor_abwesenheit,0,0,-759
ohne_lehrkraft_1,587,1707,2023-12-18,36,0,1,23,7,0.42861166783918,0.067278353473262,0.16109029288319,0.40776774432032,0.38216693612708,0.51637264104704,0.45480164000885,2.0206399572948,0.31717598817232,0.75944148737973,1.9223736993058,1.8016816606706,2.4343788787033,2.1441095411101,performanz,2.4343788787033,0.21354573060492,1,0.0,4.7143739258547,4.7143739258547,4.7143739258547,2.2204460492503e-16,1.0,1.5543122344752e-16,vor_abwesenheit,0,0,-752
ohne_lehrkraft_1,586,1706,2023-12-20,34,4,1,5,3,0.2570329139412,0.0,0.35052814996317,0.65386300441248,0.23229114057317,0.35941121124614,0.44764279361541,0.67593321635133,0.0,0.92180264462353,1.7194985531183,0.61086845015291,0.94516290651364,1.1771902229385,motivation,1.7194985531183,0.28419321699211,1,0.0,2.6297435439604,2.6297435439604,2.6297435439604,1.1102230246252e-16,1.0,7.7715611723761e-17,vor_abwesenheit,1,0,-750
ohne_lehrkraft_1,585,1701,2024-01-15,37,0,3,19,9,0.48641988732027,0.0,0.17283859497569,0.33061781346532,0.35722365012476,0.49913290004209,0.28584157347971,1.118598502458,0.0,0.44942262984592,1.0965823101843,0.89468694207901,1.4638106581925,0.96089767765329,performanz,1.4638106581925,0.2446208173807,1,0.0,2.5538728995806,2.6863788063898,3.4913685710866,1.2583909272345,0.44279313556423,0.88087364906417,vor_abwesenheit,0,0,-724
ohne_lehrkraft_1,584,1698,2024-01-22,41,0,1,9,4,0.57238605652408,0.0,0.17610549762539,0.27769644826499,0.37209053273353,0.606990362491,0.23947100375361,1.0686513314124,0.0,0.32879098357022,0.51846245341654,0.69469729159086,1.1332579674803,0.4470951101605,performanz,1.1332579674803,0.27040565462148,1,0.0,1.8670014675784,1.8670014675784,1.8670014675784,0.0,1.0,0.0,vor_abwesenheit,0,0,-717
ohne_lehrkraft_1,583,1697,2024-01-24,38,4,1,9,4,0.78127282049294,0.0,0.089240397745375,0.11312483161997,0.48901700203676,0.26965918858486,0.23872476651964,1.8418775975492,0.0,0.21038731297459,0.26669568890913,1.1528744341879,0.63573082974315,0.56280186370141,kognition,1.8418775975492,0.39437528374378,1,0.0,2.3575244607369,2.3575244607369,2.3575244607369,0.0,1.0,0.0,vor_abwesenheit,1,0,-715
ohne_lehrkraft_1,582,1694,2024-02-05,37,0,2,18,6,0.35650069958735,0.0,0.2877271880223,0.55694845318942,0.31456150081335,0.42706670495099,0.42593284991089,1.1493600730049,0.0,0.80909660692186,1.58127494453,1.01202098867,1.295847957376,1.2634300823122,motivation,1.58127494453,0.22236930506044,1,0.0,2.9623909819577,2.9798459942807,3.8869384435952,1.1522784847338,0.46462388909847,0.80659493931369,vor_abwesenheit,0,0,-703
ohne_lehrkraft_1,581,1693,2024-02-12,37,0,1,1,1,0.34036261745856,0.0,0.0,0.39205477040592,0.32290812425556,0.41890783687208,0.67132666165397,0.507,0.0,0.0,0.584,0.481,0.624,1.0,regulation,1.0,0.31289111389237,1,0.0,1.4895777925305,1.4895777925305,1.4895777925305,0.0,1.0,0.0,vor_abwesenheit,0,0,-696
ohne_lehrkraft_1,580,1692,2024-02-26,37,0,3,32,11,-0.10217555541254,0.0,-0.028458419909197,-0.10844689598431,-0.056200421527653,-0.065092680644764,-0.029545013618665,-1.4337347658496,0.0,-0.35503560207559,-0.76715658083064,-0.89901599895863,-0.88720369494064,-0.35652600122673,kognition,-1.4337347658496,0.27478207831687,-1,0.77777777777778,2.1195862401208,3.6223265445239,5.0371377976649,3.3195905847821,0.23150342153328,2.5570467426808,vor_abwesenheit,0,0,-682
ohne_lehrkraft_1,579,1690,2024-03-04,37,0,1,31,10,0.51895054923805,0.086324079939407,0.19096321226075,0.40749175625108,0.42947313942885,0.50013849904149,0.2934826622711,2.4524754450753,0.40795348743912,0.90246091784625,1.9257394134059,2.0296198362544,2.3635727716966,1.3869510762287,kognition,2.4524754450753,0.21383939295044,1,0.0,4.7258264957434,4.7258264957434,4.7258264957434,0.0,1.0,0.0,vor_abwesenheit,0,0,-675
ohne_lehrkraft_1,578,1688,2024-03-11,37,0,2,6,4,0.53371933300841,0.0,0.19296913997681,0.25954178906149,0.36670341738983,0.59881941218908,0.23115631358847,0.95493414930517,0.0,0.35213766304563,0.45171589055593,0.65113222313567,1.0693425963986,0.38431257509789,performanz,1.0693425963986,0.27677541380774,1,0.0,1.7190434330992,1.7689540173543,1.8248292623191,0.32463501354241,0.75492493386971,0.22724450947968,vor_abwesenheit,0,0,-668
ohne_lehrkraft_1,577,1684,2024-03-25,37,0,3,44,13,0.39507065639278,0.14776584136883,0.27867312771465,0.4271139887165,0.35516787456466,0.43672128086278,0.37627511830574,1.6313262442948,0.50485446047011,1.0063903070012,1.6446122602353,1.4588717264752,1.7243982440719,1.491479263705,performanz,1.7243982440719,0.18224588295596,1,0.0,3.7363137837517,3.9388351860081,4.7867734246739,1.3832435508431,0.41959622617933,0.96827048559019,vor_abwesenheit,0,0,-654
ohne_lehrkraft_1,576,1683,2024-03-27,34,4,1,8,4,-0.35605660506409,0.0,-0.077136787333241,-0.48141521319846,-0.37647004036987,-0.44880792539875,-0.54069484982695,-1.856052333955,0.0,-0.40209874533259,-2.5095218494756,-1.9624635160661,-2.3395465372252,-2.81853481639,regulation,-2.81853481639,0.2370864047224,-1,0.0,5.212791300571,5.212791300571,5.212791300571,0.0,1.0,0.0,vor_abwesenheit,1,0,-652
ohne_lehrkraft_1,575,1681,2024-04-08,37,0,2,13,5,0.26700882428325,0.0,-0.44434756836405,-0.13896347319849,0.058376462711086,-0.69218015431008,0.25684733714859,0.17157642010388,0.0,-0.24461538461538,-0.048179106266255,0.055462480205909,-0.35078764981242,0.18989037983382,performanz,-0.35078764981242,0.35847469368954,-1,0.083333333333333,0.50376859661133,0.62273177744797,1.4895777925305,0.2363212549396,0.80885125609917,0.19042487845772,vor_abwesenheit,0,0,-640
ohne_lehrkraft_1,574,1675,2024-04-22,36,0,1,1,1,0.0,0.5012089587606,0.47283864034019,0.63045152045358,0.0,0.31459530870634,0.16959145900201,0.0,0.795,0.75,1.0,0.0,0.499,0.269,motivation,1.0,0.30184123151222,1,0.0,1.5861547843764,1.5861547843764,1.5861547843764,0.0,1.0,0.0,vor_abwesenheit,0,0,-626
ohne_lehrkraft_1,573,1674,2024-04-24,34,4,1,8,4,-0.16867831478272,-0.81285587024399,0.083483899050667,-0.06009307623638,0.010713704455792,-0.54455177540727,0.05970380646146,-0.20751319016997,-1.0,0.10270443027693,-0.073928329038631,0.013180324886595,-0.66992414687712,0.073449437528869,sozial,-1.0,0.46713694864762,-1,0.0,1.2302203970565,1.2302203970565,1.2302203970565,0.0,1.0,0.0,vor_abwesenheit,1,0,-624
ohne_lehrkraft_1,572,1673,2024-04-29,36,0,1,1,1,0.0,0.5012089587606,0.47283864034019,0.63045152045358,0.0,0.31459530870634,0.16959145900201,0.0,0.795,0.75,1.0,0.0,0.499,0.269,motivation,1.0,0.30184123151222,1,0.0,1.5861547843764,1.5861547843764,1.5861547843764,0.0,1.0,0.0,vor_abwesenheit,0,0,-619
ohne_lehrkraft_1,571,1671,2024-05-06,15,0,1,15,5,0.60341350675241,0.0,0.0059282270377111,0.31716454380552,0.41642403669944,0.40921791013839,0.44089598723975,1.9783168311471,0.0,0.019435944333903,1.0398374385594,1.365263905229,1.3416383129883,1.4454962353031,kognition,1.9783168311471,0.27514881074468,1,0.0,3.2785325069361,3.2785325069361,3.2785325069361,0.0,1.0,0.0,vor_abwesenheit,0,0,-612
ohne_lehrkraft_1,570,1668,2024-05-15,34,4,1,7,4,0.43345662134782,0.0,-0.085553111376179,0.389902896385,0.51034943113439,0.30122821000112,0.54915356942428,1.2150532376695,0.0,-0.23982004161591,1.0929646781175,1.4305969688834,0.84439432647532,1.5393716225443,regulation,1.5393716225443,0.24195583457906,1,0.0,2.8031614774395,2.8031614774395,2.8031614774395,0.0,1.0,0.0,vor_abwesenheit,1,0,-603
ohne_lehrkraft_1,569,1665,2024-05-27,10,0,1,1,1,0.81801143740294,0.0,0.17853023972912,0.0,0.48515844807745,0.25216135554961,0.0,0.811,0.0,0.177,0.0,0.481,0.25,0.0,kognition,0.811,0.4717859220477,1,0.0,0.99141868047763,0.99141868047763,0.99141868047763,0.0,1.0,0.0,vor_abwesenheit,0,0,-591
ohne_lehrkraft_1,568,1662,2024-06-03,15,0,1,11,4,0.77642166805509,-0.1337304753181,0.10644666458071,-0.14754143120737,0.44451910611943,0.1873785750225,-0.33685258266524,1.8143851256501,-0.31250877615392,0.24875045717632,-0.34478298225546,1.0387768494801,0.43787662474435,-0.78717575857412,kognition,1.8143851256501,0.36402321965169,1,0.0,2.3368453458781,2.3368453458781,2.3368453458781,5.5511151231258e-17,1.0,3.885780586188e-17,vor_abwesenheit,0,0,-584
ohne_lehrkraft_1,567,1659,2024-06-12,10,4,1,15,6,0.41897409606202,0.072339535955437,0.19516376730468,0.44800908337844,0.39923573217794,0.44608341878051,0.47121378816041,1.8047548060348,0.31160667546993,0.84067905466605,1.9298246692913,1.7197306782478,1.9215297592465,2.0297802581248,regulation,2.0297802581248,0.19225216412631,1,0.0,4.3075470136625,4.3075470136624,4.3075470136624,0.0,1.0,0.0,vor_abwesenheit,1,0,-575
ohne_lehrkraft_1,566,1658,2024-06-17,15,0,1,18,6,0.47621108036271,0.0,0.097078776355813,0.38259686909374,0.42584589207321,0.49408232347252,0.43812303798767,2.1205903967234,0.0,0.43229636888961,1.7037218995381,1.8963118382856,2.2001718850149,1.9509825479749,performanz,2.2001718850149,0.21352444528882,1,0.0,4.453037155283,4.453037155283,4.453037155283,2.2204460492503e-16,1.0,1.5543122344752e-16,vor_abwesenheit,0,0,-570
ohne_lehrkraft_1,63,310,2024-08-05,15,2,1,0,0,0.0,0.0,0.0,0.0,0.0,0.0,0.0,0.0,0.0,0.0,0.0,0.0,0.0,0.0,kognition,0.0,0.0,0,0.0,0.0,0.0,0.0,0.0,1.0,0.0,vor_abwesenheit,0,0,-521
ohne_lehrkraft_1,565,1652,2024-08-14,10,4,1,1,1,0.34036261745856,0.0,0.0,0.39205477040592,0.32290812425556,0.41890783687208,0.67132666165397,0.507,0.0,0.0,0.584,0.481,0.624,1.0,regulation,1.0,0.31289111389237,1,0.0,1.4895777925305,1.4895777925305,1.4895777925305,0.0,1.0,0.0,vor_abwesenheit,1,0,-512
ohne_lehrkraft_1,564,1649,2024-08-28,10,4,1,1,1,0.34036261745856,0.0,0.0,0.39205477040592,0.32290812425556,0.41890783687208,0.67132666165397,0.507,0.0,0.0,0.584,0.481,0.624,1.0,regulation,1.0,0.31289111389237,1,0.0,1.4895777925305,1.4895777925305,1.4895777925305,0.0,1.0,0.0,vor_abwesenheit,1,0,-498
ohne_lehrkraft_1,563,1647,2024-09-02,8,0,1,8,4,0.73265962215392,-0.28077966774472,-0.11556626631991,0.085411000704549,0.44498051205113,0.36020381766147,-0.18959112434284,0.64227171734145,-0.24614,-0.1013089053793,0.074873882009617,0.39008345624173,0.31576562644772,-0.16620134826919,kognition,0.64227171734145,0.33164144108478,1,0.0,0.87662042690037,0.87662042690037,0.87662042690037,0.0,1.0,0.0,vor_abwesenheit,0,0,-493
ohne_lehrkraft_1,562,1646,2024-09-04,14,4,1,13,6,0.5194729485143,0.0,0.15074945794179,0.36719145334326,0.39239777203022,0.56842424195237,0.30903878908448,1.7944417900164,0.0,0.52074150911369,1.2684080868898,1.3554795537558,1.9635367291694,1.0675283851744,performanz,1.9635367291694,0.24636175792188,1,0.0,3.4543407898699,3.4543407898699,3.4543407898699,3.8459253727671e-16,1.0,2.692147760937e-16,vor_abwesenheit,1,0,-491
ohne_lehrkraft_1,561,1644,2024-09-11,14,4,1,16,7,0.54242377458937,0.0,0.21586895127676,0.38746458474353,0.43786051514211,0.43918221410041,0.3527619311,2.4587043740761,0.0,0.97849312584646,1.7563036760874,1.9847388965023,1.990729907889,1.5990031109158,kognition,2.4587043740761,0.22833492925969,1,0.0,4.5328008561197,4.5328008561197,4.5328008561197,0.0,1.0,0.0,vor_abwesenheit,1,0,-484
ohne_lehrkraft_1,560,1642,2024-09-18,14,4,1,15,7,0.39672181781803,0.0,0.25023558605565,0.48210505709222,0.3934415888824,0.46232647956493,0.42310988936552,1.7142113903528,0.0,1.0812530912654,2.0831472913678,1.700037716126,1.9976852336753,1.8282326787834,motivation,2.0831472913678,0.20021469523599,1,0.0,4.3209305516967,4.3209305516967,4.3209305516967,0.0,1.0,0.0,vor_abwesenheit,1,0,-477
ohne_lehrkraft_1,559,1638,2024-10-02,14,4,1,13,5,0.65260050932528,0.0,0.12119064654541,0.2607919998723,0.4230457159622,0.48421079476102,0.27924601213039,1.9114344973904,0.0,0.35496138795149,0.76384682217722,1.2390799024956,1.4182293821253,0.81789770804284,kognition,1.9114344973904,0.29382050211482,1,0.0,2.9289403610204,2.9289403610204,2.9289403610204,1.1102230246252e-16,1.0,7.7715611723761e-17,vor_abwesenheit,1,0,-463
ohne_lehrkraft_1,558,1635,2024-10-23,14,4,1,15,6,0.41615792303321,0.0,0.18753130496318,0.49297542218794,0.36629095015876,0.44908010845342,0.46127393413321,1.9913810883718,0.0,0.89736677715868,2.3589648987623,1.7527597832847,2.1489189214997,2.2072682944413,motivation,2.3589648987623,0.20771643668855,1,0.0,4.7851472159372,4.7851472159371,4.7851472159371,0.0,1.0,0.0,vor_abwesenheit,1,0,-442
ohne_lehrkraft_1,236,944,2024-10-25,8,7,1,6,3,0.10546792432152,0.0,0.26875073494388,0.26921206274572,-0.0088351069963481,0.91609390710347,-0.069676372803484,0.15599399170595,0.0,0.3975,0.39818233413861,-0.013067703914491,1.3549630967508,-0.10305593469416,performanz,1.3549630967508,0.55926356086899,1,0.0,1.4790557226779,1.4790557226779,1.4790557226779,1.3985787785349e-17,1.0,9.7900514497446e-18,vor_abwesenheit,0,0,-440
ohne_lehrkraft_1,254,1029,2024-10-25,8,7,1,6,5,0.21855191265243,0.27037764927952,0.33061136592902,0.57841222020983,0.31382396949168,0.41250686165252,0.40818342488248,0.82264479021136,1.0177205125773,1.2444444638593,2.1771843301455,1.1812555214575,1.5527048770539,1.5364311565839,motivation,2.1771843301455,0.2283986831475,1,0.0,3.7640604225711,3.7640604225712,3.7640604225712,1.1102230246252e-16,1.0,7.7715611723761e-17,vor_abwesenheit,0,0,-440
ohne_lehrkraft_1,557,1632,2024-10-30,14,4,1,1,1,0.0,0.5012089587606,0.47283864034019,0.63045152045358,0.0,0.31459530870634,0.16959145900201,0.0,0.795,0.75,1.0,0.0,0.499,0.269,motivation,1.0,0.30184123151222,1,0.0,1.5861547843764,1.5861547843764,1.5861547843764,0.0,1.0,0.0,vor_abwesenheit,1,0,-435
ohne_lehrkraft_1,556,1628,2024-11-11,8,0,1,7,6,0.60147685226182,-0.1665307168815,-0.086304241408964,0.29889394146571,0.4759389544273,0.44360403903962,0.30065974949313,1.4338874822586,-0.397,-0.20574452858291,0.71254659190786,1.134612091066,1.0575274447659,0.71675618038506,kognition,1.4338874822586,0.25342323225626,1,0.0,2.3839345805214,2.3839345805214,2.3839345805214,5.5511151231258e-17,1.0,3.885780586188e-17,vor_abwesenheit,0,0,-423
ohne_lehrkraft_1,555,1627,2024-11-13,14,4,1,8,2,0.80329818390362,0.0,0.19026641213441,0.0,0.49757477048414,0.26630698833486,0.0,1.5077030055439,0.0,0.35710928666002,0.0,0.93389353041508,0.49982914782489,0.0,kognition,1.5077030055439,0.45708261972466,1,0.0,1.876880842971,1.876880842971,1.876880842971,0.0,1.0,0.0,vor_abwesenheit,1,0,-421
ohne_lehrkraft_1,554,1625,2024-11-25,8,0,1,10,4,0.69273084829201,0.0,0.19879408777669,-0.39355331932451,0.54022574135925,-0.035104579244147,-0.18060323558043,0.51397713541955,0.0,0.14749684675618,-0.292,0.40082476434871,-0.026046120400877,-0.134,kognition,0.51397713541955,0.33940560479009,1,0.0,0.74194791437151,0.74194791437152,0.74194791437152,3.4694469519536e-18,1.0,2.4286128663675e-18,vor_abwesenheit,0,0,-409
ohne_lehrkraft_1,552,1621,2024-12-04,14,4,1,5,5,0.40458851551047,0.0,0.22970715895633,0.49742486227008,0.30393720048614,0.49195214219796,0.44912303631411,1.609712279535,0.0,0.91392222046286,1.9790747345655,1.2092568747601,1.9573007484912,1.7868991305022,motivation,1.9790747345655,0.20928933957067,1,0.0,3.9786305639912,3.9786305639913,3.9786305639913,2.4825341532473e-16,1.0,1.7377739072731e-16,vor_abwesenheit,1,0,-400
ohne_lehrkraft_1,553,1622,2024-12-04,14,4,1,3,2,0.28582249733326,0.0,0.36142643366918,0.57815860108594,0.25784061072966,0.46312367785018,0.4152568045519,1.0337520172399,0.0,1.307193479783,2.091062200259,0.93254818621704,1.6750082329978,1.5018851328474,motivation,2.091062200259,0.24481351339991,1,0.0,3.6167522453967,3.6167522453966,3.6167522453966,0.0,1.0,0.0,vor_abwesenheit,1,0,-400
ohne_lehrkraft_1,51,241,2024-12-18,14,4,1,12,4,0.47102203585833,0.0,0.21037365077485,0.33176144881688,0.34873190592052,0.64029192217336,0.30367927917797,1.4023779656508,0.0,0.62634728301522,0.98775621999372,1.0382825081445,1.9063466565929,0.90414693437396,performanz,1.9063466565929,0.27768028187933,1,0.0,2.9772986159234,2.9772986159234,2.9772986159234,1.1102230246252e-16,1.0,7.7715611723761e-17,vor_abwesenheit,1,0,-386
ohne_lehrkraft_1,234,930,2025-01-06,8,0,1,6,2,-0.24950992013753,0.0,-0.2175004238041,-0.35949126651394,-0.19698151589805,-0.82075631624187,-0.22078344906906,-0.304,0.0,-0.265,-0.438,-0.24,-1.0,-0.269,performanz,-1.0,0.39745627980922,-1,0.0,1.2183784305379,1.2183784305379,1.2183784305379,0.0,1.0,0.0,vor_abwesenheit,0,0,-367
ohne_lehrkraft_1,208,810,2025-01-08,14,3,1,8,6,0.44018797003304,0.25332447617034,0.099658790470532,0.44618207715259,0.36206516431582,0.5102673179064,0.37627355456042,1.6821832111827,0.9680822962141,0.38084717345575,1.7050897580422,1.3836360423945,1.9499922165819,1.4379335633504,performanz,1.9499922165819,0.20509471659233,1,0.0,3.8215010945819,3.8215010945819,3.8215010945819,0.0,1.0,0.0,vor_abwesenheit,0,0,-365
ohne_lehrkraft_1,233,928,2025-01-08,14,3,1,6,5,0.44611445908116,0.0,0.27463736231879,0.46743492261988,0.29754221746377,0.5697312351963,0.30647887483053,1.3834091534891,0.0,0.8516555184166,1.4495243035715,0.92268389604904,1.7667470528137,0.95039663512554,performanz,1.7667470528137,0.24121334968729,1,0.0,3.1010084165257,3.1010084165257,3.1010084165257,1.1102230246252e-16,1.0,7.7715611723761e-17,vor_abwesenheit,0,0,-365
ohne_lehrkraft_1,253,1014,2025-01-08,14,3,1,7,6,0.40647131113637,0.085598026388795,0.29057710943831,0.45095342817924,0.30967886519634,0.52307737568349,0.41248458850522,1.4716724062926,0.3099167149517,1.0520651818331,1.6327246194056,1.1212251104446,1.8938570055466,1.4934441135021,performanz,1.8938570055466,0.21101693817116,1,0.0,3.6205958483641,3.6205958483642,3.6205958483642,0.0,1.0,0.0,vor_abwesenheit,0,0,-365
ohne_lehrkraft_1,157,644,2025-01-09,6,5,1,7,4,0.4687199540454,0.0,0.23413939442463,0.28818859713121,0.32233906515373,0.71217278526291,0.17699254024725,1.0685676424165,0.0,0.53378094646452,0.657,0.73485477188946,1.6235809625205,0.4035,performanz,1.6235809625205,0.32333977882702,1,0.0,2.2797470984422,2.2797470984423,2.2797470984423,0.0,1.0,0.0,vor_abwesenheit,0,0,-364
ohne_lehrkraft_1,232,927,2025-01-10,8,7,1,5,4,0.20292797280367,0.60806717554425,0.18347546557776,0.54023159011659,0.21559009046064,0.33885349502664,0.31977243928136,0.6833352282691,2.0475921405152,0.61783127983865,1.8191640701386,0.72597336701336,1.1410478662685,1.0767947354498,sozial,2.0475921405152,0.25242333603179,1,0.0,3.3673681826531,3.3673681826531,3.3673681826531,0.0,1.0,0.0,vor_abwesenheit,0,0,-363
ohne_lehrkraft_1,207,809,2025-01-13,8,1,1,10,2,-0.8180082287575,0.0,-0.17852953944522,0.0,-0.48515654504606,-0.25216036644806,0.0,-0.58392,0.0,-0.12744,0.0,-0.34632,-0.18,0.0,kognition,-0.58392,0.4717859220477,-1,0.0,0.71382144994389,0.71382144994389,0.71382144994389,0.0,1.0,0.0,vor_abwesenheit,0,0,-360
ohne_lehrkraft_1,206,808,2025-01-15,14,3,1,9,6,0.39304937948065,0.14852932487121,0.1328638690535,0.4096622856431,0.40925894184,0.42331879206963,0.5397028046235,1.7743066072903,0.67049224920183,0.5997751250575,1.8493007192497,1.8474799414741,1.9109490282156,2.4363306551505,regulation,2.4363306551505,0.21971422121091,1,0.0,4.5141978830776,4.5141978830776,4.5141978830776,0.0,1.0,0.0,vor_abwesenheit,0,0,-358
ohne_lehrkraft_1,231,925,2025-01-15,14,3,1,27,9,0.34858271068509,0.21410994508086,0.31347352391522,0.45475547684057,0.36367460889931,0.42845085246578,0.46015837828619,1.8620491359809,1.1437263697307,1.6745038880788,2.429199776057,1.9426666054328,2.2886864872794,2.4580608401896,regulation,2.4580608401896,0.17813463890809,1,0.0,5.3417613469532,5.3417613469532,5.3417613469532,0.0,1.0,0.0,vor_abwesenheit,0,0,-358
ohne_lehrkraft_1,252,1012,2025-01-15,14,3,1,35,8,0.36042788576488,0.23918296008956,0.34347522580321,0.43907034062232,0.36245542648307,0.42433527241865,0.43667758656509,2.0125515080025,1.3355460163556,1.9178915143727,2.4516739992617,2.0238728576846,2.3693965592937,2.4383133771335,motivation,2.4516739992617,0.16850866550429,1,0.0,5.5837741284993,5.5837741284993,5.5837741284993,2.2204460492503e-16,1.0,1.5543122344752e-16,vor_abwesenheit,0,0,-358
ohne_lehrkraft_1,551,1613,2025-01-15,14,4,1,9,3,0.42786465934078,0.0,0.10769526825618,0.38919158131742,0.28115356391593,0.63448811116355,0.41500946721165,1.0528237364672,0.0,0.265,0.9576629569628,0.69181957242997,1.5612510389814,1.0211916511455,performanz,1.5612510389814,0.28131921846612,1,0.0,2.4606366401999,2.4606366401999,2.4606366401999,1.1102230246252e-16,1.0,7.7715611723761e-17,vor_abwesenheit,1,0,-358
ohne_lehrkraft_1,205,806,2025-01-22,14,3,1,9,6,0.50485087865173,0.24605027582438,0.22165249681799,0.46599083892048,0.32588443931789,0.38570936420239,0.40413621036321,1.1092138957565,0.5406,0.48699534832195,1.0238340382931,0.71600459420332,0.8474466512553,0.88793249505761,kognition,1.1092138957565,0.19764942172102,1,0.0,2.1971019446574,2.1971019446574,2.1971019446574,0.0,1.0,0.0,vor_abwesenheit,0,0,-351
ohne_lehrkraft_1,550,1610,2025-01-22,14,4,1,11,7,0.43490856511811,0.067702192119689,0.13046625889563,0.39830805316113,0.3895120905184,0.4659024560446,0.51167480701406,2.0097859657441,0.3128632693985,0.60290662719037,1.8406488156164,1.8000011859939,2.1530139727413,2.3645357407077,regulation,2.3645357407077,0.21333344318154,1,0.0,4.6211589696161,4.6211589696162,4.6211589696162,0.0,1.0,0.0,vor_abwesenheit,1,0,-351
ohne_lehrkraft_1,642,1857,2025-01-27,21,0,1,3,2,0.17712331106546,0.87252862593824,0.0,0.38216753816095,0.0,0.21813215648456,0.11691883587572,0.203,1.0,0.0,0.438,0.0,0.25,0.134,sozial,1.0,0.49382716049383,1,0.0,1.1460842028403,1.1460842028403,1.1460842028403,2.7755575615629e-17,1.0,1.942890293094e-17,vor_abwesenheit,0,0,-346
ohne_lehrkraft_1,641,1854,2025-02-03,21,0,1,3,3,-0.27620659570854,0.0,-0.37856349625643,-0.68615377135531,-0.25534570074575,-0.095307894849774,-0.48504501507487,-0.14197253359697,0.0,-0.19458484889899,-0.35268885996923,-0.13124985659727,-0.048989066567744,-0.24931725298632,motivation,-0.35268885996923,0.31523784191078,-1,0.0,0.51399848423902,0.51399848423902,0.51399848423902,6.9388939039072e-18,1.0,4.8572257327351e-18,vor_abwesenheit,0,0,-339
ohne_lehrkraft_1,137,538,2025-02-06,7,0,1,1,1,0.34036261745856,0.0,0.0,0.39205477040592,0.32290812425556,0.41890783687208,0.67132666165397,0.507,0.0,0.0,0.584,0.481,0.624,1.0,regulation,1.0,0.31289111389237,1,0.0,1.4895777925305,1.4895777925305,1.4895777925305,0.0,1.0,0.0,vor_abwesenheit,0,0,-336
ohne_lehrkraft_1,136,536,2025-02-13,7,0,1,1,1,0.34036261745856,0.0,0.0,0.39205477040592,0.32290812425556,0.41890783687208,0.67132666165397,0.507,0.0,0.0,0.584,0.481,0.624,1.0,regulation,1.0,0.31289111389237,1,0.0,1.4895777925305,1.4895777925305,1.4895777925305,0.0,1.0,0.0,vor_abwesenheit,0,0,-329
ohne_lehrkraft_1,549,1600,2025-03-03,18,0,1,14,7,0.48711004327483,0.11685701730764,0.30886480661209,0.41876276036864,0.38436991128565,0.44751600166724,0.36096034325546,1.8192155564607,0.43642726464522,1.1535209934379,1.5639581623227,1.4355107879633,1.6713432277535,1.3480828013748,kognition,1.8192155564607,0.19295759564276,1,0.0,3.7347016561797,3.7347016561796,3.7347016561796,2.2204460492503e-16,1.0,1.5543122344752e-16,vor_abwesenheit,0,0,-311
ohne_lehrkraft_1,14,41,2025-03-03,6,2,1,1,1,0.81801143740294,0.0,0.17853023972912,0.0,0.48515844807745,0.25216135554961,0.0,0.811,0.0,0.177,0.0,0.481,0.25,0.0,kognition,0.811,0.4717859220477,1,0.0,0.99141868047763,0.99141868047763,0.99141868047763,0.0,1.0,0.0,vor_abwesenheit,0,0,-311
ohne_lehrkraft_1,132,527,2025-03-13,7,0,1,10,4,0.54202641494316,0.10066487831994,0.17319138369499,0.30399781557119,0.4592823235213,0.41814131355012,0.43344623434944,1.8153293893093,0.33714207840699,0.58004444087771,1.0181351935589,1.5382067679597,1.4004192313239,1.4516777526101,kognition,1.8153293893093,0.22298728120412,1,0.0,3.3491429919251,3.3491429919251,3.3491429919251,0.0,1.0,0.0,vor_abwesenheit,0,0,-301
ohne_lehrkraft_1,548,1594,2025-03-24,18,0,1,6,4,0.57239067611838,0.0,0.23156296797217,0.23303919279261,0.37546247601668,0.63480172725248,0.14312224397537,1.0445209791662,0.0,0.42256519565476,0.42525906866711,0.6851586677628,1.1584111156783,0.26117509011747,performanz,1.1584111156783,0.28981360984031,1,0.0,1.8248292623191,1.8248292623191,1.8248292623191,0.0,1.0,0.0,vor_abwesenheit,0,0,-290
ohne_lehrkraft_1,130,522,2025-03-27,7,0,1,12,3,0.65219535324322,0.0,0.076639005375027,0.27190915070637,0.40528985395453,0.43518418061259,0.37573747366446,1.4007696515714,0.0,0.16460343104579,0.584,0.87047189877415,0.93467822181609,0.807,kognition,1.4007696515714,0.29418519910348,1,0.0,2.147766190992,2.147766190992,2.147766190992,0.0,1.0,0.0,vor_abwesenheit,0,0,-287
ohne_lehrkraft_1,229,908,2025-03-27,7,0,1,8,3,0.35047934999276,0.0,0.13441043248646,0.41131134206444,0.32691020557988,0.67170230340904,0.36312533795054,1.0364935150117,0.0,0.3975,1.216395598512,0.96679107651183,1.9864653410143,1.0738922505132,performanz,1.9864653410143,0.29748470259487,1,0.0,2.9573497275647,2.9573497275647,2.9573497275647,0.0,1.0,0.0,vor_abwesenheit,0,0,-287
ohne_lehrkraft_1,129,520,2025-04-03,7,0,1,6,1,0.0,0.0,0.0,0.0,0.0,0.0,0.0,0.0,0.0,0.0,0.0,0.0,0.0,0.0,kognition,0.0,0.0,0,0.0,0.0,0.0,0.0,0.0,1.0,0.0,vor_abwesenheit,0,0,-280
ohne_lehrkraft_1,88,379,2025-04-03,7,5,1,1,1,0.81801143740294,0.0,0.17853023972912,0.0,0.48515844807745,0.25216135554961,0.0,0.811,0.0,0.177,0.0,0.481,0.25,0.0,kognition,0.811,0.4717859220477,1,0.0,0.99141868047763,0.99141868047763,0.99141868047763,0.0,1.0,0.0,vor_abwesenheit,0,0,-280
ohne_lehrkraft_1,547,1586,2025-04-28,18,0,1,11,3,0.26174164015434,0.0,0.34252609699211,0.56549119786432,0.23330551134745,0.56484492220962,0.34769630222972,0.405,0.0,0.53,0.875,0.361,0.874,0.538,motivation,0.875,0.24420876360592,1,0.0,1.5473173559422,1.5473173559422,1.5473173559422,1.1102230246252e-16,1.0,7.7715611723761e-17,vor_abwesenheit,0,0,-255
ohne_lehrkraft_1,545,1584,2025-05-05,12,0,1,12,6,0.48527207036651,0.095111707629719,0.12038381742484,0.3477524965183,0.45301262202477,0.42434025741418,0.48451057378553,1.890947177706,0.37061934137972,0.46909652069824,1.3550781963092,1.7652426162419,1.6535157515625,1.8879798735923,kognition,1.890947177706,0.20132566509598,1,0.0,3.8966642435389,3.8966642435388,3.8966642435388,2.2204460492503e-16,1.0,1.5543122344752e-16,vor_abwesenheit,0,0,-248
ohne_lehrkraft_1,544,1582,2025-05-12,12,0,1,10,5,0.57672610381958,0.069015213266708,0.18252789758905,0.28624018047842,0.4632869834454,0.42541207855005,0.38956276515878,2.500116846716,0.29918204885308,0.79126134353162,1.2408557418878,2.0083564529245,1.8441681368946,1.6887607923005,kognition,2.500116846716,0.24102851891678,1,0.0,4.3350059289792,4.3350059289792,4.3350059289792,0.0,1.0,0.0,vor_abwesenheit,0,0,-241
ohne_lehrkraft_1,127,508,2025-05-15,12,0,1,9,4,0.3177646427953,0.16307225935379,0.099279193670753,0.39728178676893,0.38630078768792,0.38134623351706,0.64037678754616,0.77359916205024,0.397,0.24169555290074,0.96718393411771,0.94045065248884,0.92838877259812,1.5589995849892,regulation,1.5589995849892,0.26845433236018,1,0.0,2.4344935849334,2.4344935849334,2.4344935849334,1.1102230246252e-16,1.0,7.7715611723761e-17,vor_abwesenheit,0,0,-238
ohne_lehrkraft_1,87,374,2025-05-15,12,5,1,8,4,0.49727819314316,0.10326413147796,0.1268654155992,0.35341224196116,0.36971182966662,0.4333793734263,0.52587630576998,1.8201778515143,0.37797572377749,0.46436305227313,1.2935880642699,1.3532491331432,1.5862902248492,1.9248549757401,regulation,1.9248549757401,0.21822517866174,1,0.0,3.6602708581036,3.6602708581037,3.6602708581037,0.0,1.0,0.0,vor_abwesenheit,0,0,-238
ohne_lehrkraft_1,543,1579,2025-05-19,12,0,1,8,4,0.36711213522993,0.11012864164,0.097922948360001,0.41813017449327,0.40086940795652,0.45880868161098,0.54540936848246,1.3233934017156,0.397,0.353,1.5073070620126,1.4450841542109,1.6539480001486,1.9661326614319,regulation,1.9661326614319,0.22740727479172,1,0.0,3.6048651177532,3.6048651177532,3.6048651177532,0.0,1.0,0.0,vor_abwesenheit,0,0,-234
ohne_lehrkraft_1,542,1577,2025-05-26,12,0,1,8,5,0.48266210078983,0.0,0.10690390416381,0.35745439415428,0.35207799109404,0.57941239133963,0.4100634975908,1.7536249015115,0.0,0.3884070203641,1.2987158629565,1.2791821264738,2.1051414561756,1.4898571058291,performanz,2.1051414561756,0.25317613530083,1,0.0,3.6332251320766,3.6332251320766,3.6332251320766,0.0,1.0,0.0,vor_abwesenheit,0,0,-227
ohne_lehrkraft_1,228,884,2025-06-02,12,0,1,16,4,0.64817179924524,0.0,0.1148154446287,0.25050313370011,0.49544872124957,0.42610257682704,0.27730593812893,1.7313043257707,0.0,0.30667868639521,0.66910834365075,1.3233721604299,1.1381446020048,0.7407001828891,kognition,1.7313043257707,0.29297918428737,1,0.0,2.6710477778711,2.6710477778711,2.6710477778711,0.0,1.0,0.0,vor_abwesenheit,0,0,-220
ohne_lehrkraft_1,623,1766,2025-06-04,44,0,1,8,5,0.5147337302047,0.11928885986171,0.15784892220717,0.32899975829785,0.42296591017621,0.37811334529254,0.5155443253165,1.604210240346,0.37177359733792,0.49194922068082,1.0253549560914,1.3182082397284,1.1784215118146,1.6067365270508,regulation,1.6067365270508,0.2115058109885,1,0.0,3.1165727032708,3.1165727032708,3.1165727032708,0.0,1.0,0.0,vor_abwesenheit,0,0,-218
ohne_lehrkraft_1,126,502,2025-06-12,18,0,1,9,2,-0.81801143740294,0.0,-0.17853023972912,0.0,-0.48515844807745,-0.25216135554961,0.0,-0.811,0.0,-0.177,0.0,-0.481,-0.25,0.0,kognition,-0.811,0.4717859220477,-1,0.0,0.99141868047763,0.99141868047763,0.99141868047763,0.0,1.0,0.0,vor_abwesenheit,0,0,-210
ohne_lehrkraft_1,541,1572,2025-08-18,12,0,1,19,7,0.6003794594176,0.06666799463208,0.14523993509549,0.25768908690577,0.49018324206746,0.40631285039233,0.37713100331809,2.9706409823267,0.32986917516417,0.71863834895962,1.2750299002621,2.4253968134551,2.0104112259141,1.8660212247259,kognition,2.9706409823267,0.25617790766085,1,0.0,4.9479290670833,4.9479290670832,4.9479290670832,0.0,1.0,0.0,vor_abwesenheit,0,0,-143
ohne_lehrkraft_1,639,1811,2025-08-18,22,0,1,26,5,0.56293178123916,0.0,0.23188175230481,0.37835769664785,0.44734843808477,0.42567640411676,0.32381741627857,2.0962485691381,0.0,0.86348258825999,1.4089305430127,1.6658386584198,1.5851362150514,1.2058331367288,kognition,2.0962485691381,0.2375226064872,1,0.0,3.7237956883619,3.7237956883619,3.7237956883619,2.2204460492503e-16,1.0,1.5543122344752e-16,vor_abwesenheit,0,0,-143
ohne_lehrkraft_1,50,210,2025-08-25,12,0,6,68,28,0.60231447872851,0.11273343100768,0.25265134962988,0.28328108784334,0.43177864009748,0.41216570331568,0.22778106048602,2.0064154940862,0.28765107243166,0.7782944361109,0.9307264588355,1.4836598131394,1.4324389996173,0.8681141858579,kognition,2.0064154940862,0.25765225117124,1,0.0,3.2537963078956,3.3592357649833,4.3390173775696,1.1785982423466,0.45901074395565,0.82501876964263,vor_abwesenheit,0,0,-136
ohne_lehrkraft_1,540,1570,2025-08-25,12,0,5,59,26,0.38159479456547,0.24987165960634,0.19992169030284,0.4142306624758,0.35085706857381,0.41924814150496,0.43549099139151,1.2430826198857,0.71488506516789,0.60317396645432,1.2627011906239,1.1532896551481,1.3160674203271,1.3554630484399,regulation,1.3554630484399,0.17629707707723,1,0.0,2.9856220032143,3.0955217073576,4.6687650182457,1.2615297574899,0.44217857257377,0.88307083024296,vor_abwesenheit,0,0,-136
ohne_lehrkraft_1,622,1758,2025-08-27,19,0,5,35,17,0.4498610898512,0.023396608360549,0.10370876801423,0.07198610005196,0.3464018471046,0.13554057251324,0.15774506310044,1.3517701313511,0.048672304166231,0.32403353953012,0.30281596621315,1.056635109125,0.58984073754731,0.50091779106137,kognition,1.3517701313511,0.27257723781386,1,0.2962962962963,1.9343358571477,2.7617832113,3.5434585667455,1.7591572479453,0.36242950659833,1.3202989624506,vor_abwesenheit,0,0,-134
ohne_lehrkraft_1,124,453,2025-08-28,19,0,5,52,23,0.60082361723406,0.0,0.1394557527272,0.26596061448317,0.47702246605849,0.45458157096948,0.28377814967902,2.2675340889818,0.0,0.51851327028777,1.0283821582476,1.8026746026818,1.7269650625039,1.0977896632518,kognition,2.2675340889818,0.26860601798245,1,0.0,3.7289841665749,3.7925673788918,4.4036519153337,0.79918452236989,0.55580736026052,0.55942916565892,vor_abwesenheit,0,0,-133
ohne_lehrkraft_1,86,359,2025-08-28,19,5,5,56,25,0.47183653218204,-0.016607870422845,0.24757335737307,0.38869275424488,0.4070494303522,0.41284784372432,0.37524384257283,1.7359909125697,0.044464285714286,0.85731732804791,1.3690313748356,1.4987890417968,1.5128617759523,1.3383629650095,kognition,1.7359909125697,0.19521896783688,1,0.0,3.4570531090136,3.6014554784808,4.3833223071631,1.1613022439406,0.46268401506711,0.81291157075843,vor_abwesenheit,0,0,-133
ohne_lehrkraft_1,676,1902,2025-08-28,19,6,5,44,23,0.43224135691304,-0.031551832731796,0.011324214437456,0.1627313615774,0.35173220800394,0.17974901362141,0.2572103012918,1.3321620704569,-0.042487939867771,0.10479231242596,0.6633285591656,1.1431733202092,0.78724727070831,0.93810293467377,kognition,1.3321620704569,0.23558987026653,1,0.22222222222222,2.2436773017673,2.9627940499663,4.0463572026297,1.9386306859523,0.34029454765458,1.4237081468333,vor_abwesenheit,0,0,-133
ohne_lehrkraft_1,538,1568,2025-09-01,12,0,6,44,23,0.44106621326374,0.11195836060934,0.10411717357221,0.36274860846613,0.40135504018676,0.50444569790137,0.36949505998122,1.3898526683107,0.29545454545455,0.28103309723583,1.0240331896,1.2690104771375,1.3612637310408,1.121481477061,kognition,1.3898526683107,0.206144473059,1,0.0,2.8049518076265,2.9095196995487,3.8904053841416,1.1504385592785,0.46502142350698,0.80530699149496,vor_abwesenheit,0,0,-129
ohne_lehrkraft_1,638,1807,2025-09-01,22,0,5,32,23,0.23491275268575,0.055685150471693,0.15229076848034,0.17955145590804,0.24000043675058,0.25272688746023,0.14717995948507,0.69603874337341,0.14488448743488,0.42417732415541,0.52250919541039,0.68100496907528,0.73944593975904,0.4510180671727,performanz,0.73944593975904,0.18161514614824,1,0.33333333333333,1.4738958820893,2.6824854667178,3.2308076414965,1.9949379025629,0.33389673927605,1.496456531794,vor_abwesenheit,0,0,-129
ohne_lehrkraft_1,620,1755,2025-09-03,19,0,3,24,14,0.47497599077624,0.12167966888083,0.24797776584938,0.35970848809543,0.41673803135996,0.47127358456184,0.36373583928472,1.6859268608834,0.3657837166734,0.82927760124951,1.2956326923663,1.5103369135106,1.7480717250103,1.3392694155546,performanz,1.7480717250103,0.19922637009553,1,0.0,3.5317173494813,3.5967536980327,4.1870663396681,1.0160952507149,0.49600831093939,0.7112666755004,vor_abwesenheit,0,0,-127
ohne_lehrkraft_1,618,1753,2025-09-10,19,0,5,38,22,0.57995558748949,0.034631547691276,0.11515887774123,0.30604156421226,0.46538078106782,0.43899840399762,0.33440913768697,2.1956718674608,0.15186085063163,0.42275280553823,1.2415037304791,1.8099992758912,1.6915049016359,1.3657927582765,kognition,2.1956718674608,0.24728579276042,1,0.0,3.8166430517462,3.8658262898939,4.6073855808479,0.88998312621938,0.52910525291321,0.62298818835357,vor_abwesenheit,0,0,-120
ohne_lehrkraft_1,120,449,2025-09-11,18,0,5,60,21,0.51003163906182,0.074551873953018,0.2151093022218,0.38840904587684,0.396585995431,0.44309878863304,0.3459689567359,2.0115928385047,0.25,0.81595253063809,1.4614267836486,1.5742306557063,1.7294914226158,1.3273483661696,kognition,2.0115928385047,0.21936570273956,1,0.0,3.7605516812808,3.8815226908087,4.4050032557178,1.0326029532099,0.49197999954728,0.72282206724693,vor_abwesenheit,0,0,-119
ohne_lehrkraft_1,674,1899,2025-09-11,18,6,5,37,27,0.5249377648683,0.06476900478627,0.16705276304227,0.35508331716314,0.39256550781985,0.46941969088412,0.3650859476902,1.7866159231602,0.18050615023048,0.4875614005914,1.221255461556,1.3511717579485,1.6040499493495,1.3071665904333,kognition,1.7866159231602,0.2250620150392,1,0.0,3.3258210720841,3.4099745573951,4.6925681131486,1.0391360012763,0.49040377854841,0.72739520089343,vor_abwesenheit,0,0,-119
ohne_lehrkraft_1,534,1564,2025-09-15,12,0,6,78,31,0.28855946487151,0.071495650553218,0.099214649525451,0.18481183488047,0.24219718050288,0.21348377413371,0.1758258768466,0.53321797740892,0.19824981220099,0.29096716282181,0.30242525581156,0.48227373868398,0.11885221092009,0.22126854463962,kognition,0.53321797740892,0.22247054418683,1,0.3,0.89186372309608,4.6569939296766,8.2528167358745,4.2569839273571,0.19022314197995,3.06988874915,vor_abwesenheit,0,0,-115
ohne_lehrkraft_1,637,1803,2025-09-15,22,0,5,38,26,0.56900909413963,-0.039000698548306,0.051417353178633,0.34536084003769,0.40983747072517,0.46132540432508,0.3554758149403,1.8098119243557,-0.097514096863963,0.20854071172483,1.2077829363451,1.4009326147417,1.5201481115195,1.259806502491,kognition,1.8098119243557,0.23586960371188,1,0.0,3.2630862609073,3.3127925635673,4.8127294984424,1.398322731501,0.41695806276002,0.97882591205073,vor_abwesenheit,0,0,-115
ohne_lehrkraft_1,183,733,2025-09-16,19,0,6,46,28,0.50732164578411,0.081053445332783,0.16027925099969,0.35041077833767,0.4337178606514,0.43796748113664,0.34895707528944,1.7431905333387,0.30019888191,0.518629419715,1.3676932070139,1.5688334225121,1.6746620063263,1.4279719165084,kognition,1.7431905333387,0.20266878004052,1,0.0,3.5458748885273,3.6314423981549,4.7689253591515,1.3668910767296,0.42249514979022,0.9568237537107,vor_abwesenheit,0,0,-114
ohne_lehrkraft_1,616,1751,2025-09-17,19,0,5,38,21,0.38879762331035,0.023029584622747,0.039500074176999,0.20713806005706,0.32571957900237,0.25248532815239,0.26266241661274,1.0827147782208,0.11709353556459,0.11796940133657,0.80611906520897,1.0033758897507,0.90107612884577,1.0393118868175,kognition,1.0827147782208,0.18048928737143,1,0.1875,2.1791276874434,2.968287109814,3.9839254947078,1.9409483895113,0.34002636821729,1.4149138726579,vor_abwesenheit,0,0,-113
ohne_lehrkraft_1,118,447,2025-09-18,20,0,6,51,28,0.49440410733279,0.060187665254409,0.19361185753877,0.29709065471345,0.39201782164152,0.46463270291142,0.2915112428821,1.9778480519115,0.35356370004563,0.84030979561515,1.3205063954431,1.6485659399587,1.8457876750001,1.4096992050334,kognition,1.9778480519115,0.20646677580433,1,0.0625,3.8208247208815,3.9540880547247,5.0706726894758,1.321955218814,0.43067152712392,0.94411865316983,vor_abwesenheit,0,0,-112
ohne_lehrkraft_1,673,1898,2025-09-18,20,6,6,73,32,0.52303958980796,0.082452634862039,0.16267901600894,0.33745632076043,0.43071304165051,0.46062746434138,0.34588817123195,1.9202211668037,0.29146705523629,0.60774989452595,1.2390134579609,1.5780913010477,1.7006709293691,1.2687396689482,kognition,1.9202211668037,0.21837736046604,1,0.0,3.5593638152119,3.671269969591,4.184164420855,0.89490774648864,0.52773017676087,0.62643542254205,vor_abwesenheit,0,0,-112
ohne_lehrkraft_1,532,1562,2025-09-22,12,0,6,64,27,0.41315677739635,0.054904831085846,0.016541974546339,0.23310062358715,0.34363709121536,0.29009498915779,0.27660140166746,1.7251636188734,0.1875,0.21076957947925,1.0164060801697,1.4818185480285,1.289343991721,1.1756514237519,kognition,1.7251636188734,0.22573291654829,1,0.16363636363636,3.054374126685,3.5370472450234,4.4050032557178,1.8123089898949,0.35557970464596,1.3177072020173,vor_abwesenheit,0,0,-108
ohne_lehrkraft_1,615,1750,2025-09-24,19,0,5,42,20,0.43949938888749,0.068350841537874,0.093057246946406,0.38333180469358,0.32693038212084,0.48395081662902,0.43143921573879,1.4849544666369,0.26490476190476,0.43179651792645,1.0492260421061,1.1807327639127,1.3527491498562,1.1932544202105,kognition,1.4849544666369,0.21062190839336,1,0.0,2.8653977131905,2.9805147669666,4.3833223071631,1.433152191528,0.4109894989232,1.0032065340696,vor_abwesenheit,0,0,-106
ohne_lehrkraft_1,116,445,2025-09-25,18,0,5,41,25,0.38396518521201,0.03701077826667,0.078739307345281,0.25681432609647,0.33718333623859,0.28794540544083,0.27352734368019,1.6424750425123,0.18659911789161,0.37936843215593,1.1760611446659,1.4709432675607,1.3554866791819,1.2902848627338,kognition,1.6424750425123,0.19492693997752,1,0.17142857142857,3.1504661528422,3.9077887573024,4.555070966853,1.9161666826962,0.34291592655994,1.3927452493159,vor_abwesenheit,0,0,-105
ohne_lehrkraft_1,671,1896,2025-09-25,18,6,5,36,22,0.49485861464085,0.15123398659175,0.1299698705127,0.38041856449941,0.40440734302774,0.43568757076446,0.38920082723321,1.9390859717862,0.52966389320768,0.51529549335136,1.5321432788171,1.6352937101096,1.7270970250428,1.5941794904808,kognition,1.9390859717862,0.20470129134206,1,0.0,3.8538355722765,3.9666079847641,4.9388259433378,1.2102569456585,0.4524360852996,0.84717986196097,vor_abwesenheit,0,0,-105
ohne_lehrkraft_1,531,1560,2025-09-29,12,0,6,38,26,0.52151002924137,0.022263786869097,0.14439181905309,0.32812644531716,0.40339011382814,0.53164847014333,0.33552369254204,1.6086249210857,0.076775985815239,0.44314062759828,1.0416218842343,1.2776821922414,1.6437316131292,1.0774098548545,performanz,1.6437316131292,0.22928366239544,1,0.0,3.0610546956873,3.1200042998292,3.9620163447076,0.73785965433595,0.57542045901405,0.51650175803517,vor_abwesenheit,0,0,-101
ohne_lehrkraft_1,218,857,2025-09-30,19,0,5,41,23,0.29207178246315,0.18343779316956,0.081346948972729,0.2702046901982,0.30151837149197,0.15197864953562,0.33514770976018,1.1444710396764,0.53005699588023,0.35364560595043,1.0230264352918,1.1264256150708,0.81656445177378,1.1791638404007,regulation,1.1791638404007,0.15600507314761,1,0.24242424242424,2.467480945043,3.2752601036512,4.4022411360453,2.0782764158031,0.32485711642601,1.5275207637895,vor_abwesenheit,0,0,-100
ohne_lehrkraft_1,613,1748,2025-10-01,19,0,4,41,25,0.51264003730315,0.077996530745019,0.1915116398672,0.36358940636955,0.4017359478422,0.4769307115556,0.37765296495853,1.8094108160878,0.2614140738849,0.6570612671156,1.2738219621574,1.4184313398282,1.6829233161948,1.3231311124972,kognition,1.8094108160878,0.21473643262765,1,0.0,3.4628761188173,3.5171949302156,3.973711383169,0.67402639923642,0.59736214462098,0.47181847946549,vor_abwesenheit,0,0,-99
ohne_lehrkraft_1,114,442,2025-10-02,18,0,3,28,15,0.54845831727047,0.17888941929227,0.27110438819495,0.37449086902631,0.40815300653014,0.3735029251097,0.23782839523669,1.8789813490181,0.43630015043527,0.79259240532232,1.2530764059418,1.4783485889252,1.3777050694887,0.97073756074643,kognition,1.8789813490181,0.22948713539155,1,0.0,3.3083604930609,3.4468883562965,4.6073855808479,1.4392901576526,0.40995532936612,1.0075031103568,vor_abwesenheit,0,0,-98
ohne_lehrkraft_1,669,1893,2025-10-02,18,6,5,40,24,0.47213701399146,0.17223829541116,0.22097924116816,0.38806833484722,0.42047785173643,0.42827325757831,0.38825860565406,1.8067101779188,0.6426479071273,0.80031778379693,1.5105799368972,1.6302460538319,1.6660299602781,1.5306812110971,kognition,1.8067101779188,0.18844998771664,1,0.0,3.7915565794187,3.8592300992989,4.3850337175204,0.87153984924018,0.53431937364624,0.61007789446813,vor_abwesenheit,0,0,-98
ohne_lehrkraft_1,112,440,2025-10-09,18,0,5,37,22,0.51357146481902,0.064908277318427,0.18146517776232,0.33078470104286,0.40665429798001,0.4951799249939,0.34508344514079,1.9167198636801,0.26918005894744,0.70635544613584,1.2939946905026,1.5363525719063,1.8948466017262,1.345383623712,kognition,1.9167198636801,0.21385201468601,1,0.0,3.6987177750572,3.8109136333631,4.4224182502916,0.99688941092747,0.50077885862269,0.69782258764923,vor_abwesenheit,0,0,-91
ohne_lehrkraft_1,81,353,2025-10-09,18,5,5,33,21,0.56458053790841,0.090981405910152,0.20648233471772,0.25854085655773,0.46198034459358,0.40873528173148,0.36149779725246,1.7190599529222,0.30602108415044,0.65533829712325,0.82290361684964,1.4153699759568,1.2600805921252,1.1277006472462,kognition,1.7190599529222,0.23527900239951,1,0.0,3.0030382430592,3.0858562167367,4.0487932155118,0.7821287032986,0.56112670097792,0.54749009230902,vor_abwesenheit,0,0,-91
ohne_lehrkraft_1,667,1891,2025-10-09,18,6,5,44,22,0.48573472653106,0.090687565704913,0.20356927475438,0.35904831607152,0.41901945270959,0.48244685085835,0.37674779765029,1.9022846231114,0.37610733594583,0.81856078269585,1.4147303516742,1.64265832668,1.8898345584495,1.4809197789381,kognition,1.9022846231114,0.19971291329167,1,0.0,3.8593486065093,3.9290046969005,4.2896244081191,0.76759106978106,0.56574171316891,0.53731374884674,vor_abwesenheit,0,0,-91
ohne_lehrkraft_1,694,2015,2025-10-09,18,6,5,43,25,0.52524062433489,0.11197669975972,0.20930704311928,0.3619959237545,0.43733941969817,0.45099871960867,0.31142616381709,1.9650853841617,0.39723804820943,0.75015110712229,1.3855605303685,1.6692742237307,1.7236556696749,1.251568405015,kognition,1.9650853841617,0.2149388254878,1,0.0,3.7182996214492,3.800236984952,4.9388259433378,0.93248907048404,0.51746735092764,0.65274234933883,vor_abwesenheit,0,0,-91
ohne_lehrkraft_1,191,746,2025-10-13,12,1,4,36,20,0.51062282760216,0.071611445043133,0.20610000446613,0.32307337514409,0.41461192585393,0.50033399302559,0.34052124272783,1.7213937531925,0.25733536750332,0.71584188160296,1.1136531515321,1.4065553748886,1.7094483539493,1.1728565888963,kognition,1.7213937531925,0.21259426886771,1,0.0,3.3253984966975,3.4089794071498,3.5934849692513,0.75662542873763,0.56927332579868,0.52963780011634,vor_abwesenheit,0,0,-87
ohne_lehrkraft_1,611,1746,2025-10-16,18,6,4,30,22,0.46651812688226,0.14620185437023,0.19725050288405,0.37236595224113,0.39281565530308,0.42596836943931,0.43921359534175,1.5800723830064,0.57677664259419,0.74855743259801,1.321349313876,1.3164469815823,1.4676041526614,1.5235410782223,kognition,1.5800723830064,0.18514271809265,1,0.0,3.368037157072,3.4630387052998,4.093711306297,0.92423458403215,0.51968715680421,0.64696420882251,vor_abwesenheit,0,0,-84
ohne_lehrkraft_1,665,1889,2025-10-16,18,6,5,35,23,0.39870070796001,0.014665611001839,0.080744454679782,0.2197081944755,0.30478548960076,0.29921522389257,0.20305410407662,1.4974486895095,0.081223421707276,0.34634647113219,0.87309580587568,1.1613342040351,1.2170031252692,0.84834168860358,kognition,1.4974486895095,0.20888401934143,1,0.20689655172414,2.5847010169942,3.4259473174589,3.830950518204,1.8561998985426,0.35011555056432,1.3614088944971,vor_abwesenheit,0,0,-84
ohne_lehrkraft_1,693,2014,2025-10-16,18,6,3,24,16,0.27344126256436,0.048441726077862,0.061944410635218,0.22787548498697,0.24298651286359,0.19052555425162,0.10892777881872,1.0092376235012,0.33531238979017,0.41291570519448,0.98129568184391,0.92535149242213,0.87605570318017,0.55837382570484,kognition,1.0092376235012,0.15134667665101,1,0.33333333333333,2.0493818294973,3.3267191292453,4.1958668984378,2.4952994666212,0.28609851875343,1.8467096266349,vor_abwesenheit,0,0,-84
ohne_lehrkraft_1,636,1795,2025-10-20,24,0,4,40,22,0.58398429275938,0.032899970306712,0.12321458220053,0.31146168002524,0.47777786654342,0.44414883443985,0.32758013761245,2.3505552744318,0.14426780810005,0.49480049043806,1.277910654636,1.9405364081104,1.7938836781341,1.3509237744525,kognition,2.3505552744318,0.25131892581509,1,0.0,4.0289578939773,4.055583604333,4.6073855808479,0.64960112811284,0.60620715090321,0.45472078967899,vor_abwesenheit,0,0,-80
ohne_lehrkraft_1,110,438,2025-10-23,18,0,4,25,18,0.48469382221302,0.06782867309134,0.1575912152841,0.36220760506826,0.38937210215604,0.48541983377671,0.39609996049825,1.3661112131722,0.21747792285576,0.49077967077134,1.0419218965954,1.0754335348151,1.382915311793,1.1190444713373,performanz,1.382915311793,0.20660002883078,1,0.0,2.749780899228,2.8335593203867,3.332074934788,0.81188868894981,0.55191028350622,0.56832208226486,vor_abwesenheit,0,0,-77
ohne_lehrkraft_1,663,1887,2025-10-23,18,6,5,42,24,0.42905197793454,0.18987773664961,0.28556560233785,0.42233051282842,0.32658725601672,0.40363195807953,0.37248255427629,1.4513524430034,0.5893129506705,0.91188822298584,1.3429079903985,1.0995938490943,1.3326421437394,1.2070378232541,kognition,1.4513524430034,0.18291125861232,1,0.0,3.0871730907966,3.2761207747588,3.830950518204,1.0813788921197,0.48045072609609,0.75696522448381,vor_abwesenheit,0,0,-77
ohne_lehrkraft_1,528,1557,2025-10-27,12,0,6,41,23,0.45081803464313,-0.046097264212594,-0.0036190613692837,0.23883196620068,0.31972619906618,0.29292137880016,0.24973834783954,1.7893025212359,-0.1238645280133,0.054987994852294,1.069687723187,1.3120458509639,1.3051311423123,1.1710722693856,kognition,1.7893025212359,0.22841434263806,1,0.17142857142857,3.0266224264525,3.7281854053005,4.9125764837446,1.8619557395741,0.34941141338154,1.3547975891304,vor_abwesenheit,0,0,-73
ohne_lehrkraft_1,634,1792,2025-10-27,12,0,6,45,26,0.3352680136077,0.12238105971044,0.11263196922885,0.26102429542942,0.29567701358505,0.2343514803095,0.35975663207527,1.2780932538313,0.41483643951411,0.4589016889676,1.0649996161083,1.1157658607586,1.123214837677,1.3387739534312,regulation,1.3387739534312,0.16617098833379,1,0.21621621621622,2.7293382541349,3.3896596745682,4.2896244081191,1.778091396435,0.35995935961044,1.3095288423693,vor_abwesenheit,0,0,-73
ohne_lehrkraft_1,214,853,2025-10-28,19,0,5,50,25,0.49784263996679,0.065613567302442,0.17124390779708,0.35169050217412,0.42090854036479,0.47178396481381,0.41076886585243,1.97238994976,0.24458055922315,0.66594281231294,1.3760370997505,1.6468549498724,1.8550398188971,1.6166211434364,kognition,1.97238994976,0.2103329278577,1,0.0,3.8799313872856,3.9275697156311,4.7133597626093,0.84439020192306,0.54218461958719,0.59107314134614,vor_abwesenheit,0,0,-72
ohne_lehrkraft_1,608,1743,2025-10-29,19,0,5,42,25,0.48732148086351,0.12326488139119,0.20273943092506,0.38920227884729,0.42936287191892,0.45873490504101,0.34730298115406,1.9339800686448,0.51789506199047,0.83182689340575,1.5390357769996,1.7123695750673,1.795630193494,1.3629141849879,kognition,1.9339800686448,0.19950995946694,1,0.0,3.8836958858376,3.9572746151415,4.3833223071631,0.94471355192135,0.51421454795335,0.66129948634495,vor_abwesenheit,0,0,-71
ohne_lehrkraft_1,109,437,2025-10-30,18,0,4,29,19,0.63877822866625,-0.076109032166146,0.10051475981742,0.19511650147827,0.46200710571369,0.43363960686603,0.18238589141583,1.7426225257992,-0.12320689655172,0.35825783813091,0.68106815465173,1.3431266699873,1.3333856949259,0.68113594646414,kognition,1.7426225257992,0.27515292018516,1,0.0,2.773079255498,2.8937344658075,3.9620163447076,1.1994347716242,0.45466226727949,0.83960434013693,vor_abwesenheit,0,0,-70
ohne_lehrkraft_1,485,1494,2025-10-30,18,0,5,55,28,0.46783824902704,0.095845191454381,0.17792104511383,0.38370048964761,0.40211134719708,0.48205698013657,0.41941656446996,1.9166282237272,0.38210297120668,0.71001147511169,1.577627471297,1.6561247926909,1.9794761541335,1.7383725531757,performanz,1.9794761541335,0.19873572894786,1,0.0,4.0614659261106,4.1075121998324,4.7689253591515,0.70493633516251,0.58653216508796,0.49345543461375,vor_abwesenheit,0,0,-70
ohne_lehrkraft_1,527,1555,2025-11-03,12,0,6,59,35,0.51382596789972,0.056944436016138,0.10551264624692,0.37840689252475,0.42267563023277,0.45573361613302,0.3996853947133,2.1018009286071,0.21645275125427,0.41850315511459,1.5562948475525,1.7482665998841,1.8616140579359,1.6548452402002,kognition,2.1018009286071,0.21990477502683,1,0.0,4.0400709466997,4.10356488333,4.7668121124854,0.90036482931327,0.52621474812358,0.63025538051929,vor_abwesenheit,0,0,-66
ohne_lehrkraft_1,484,1493,2025-11-03,21,0,5,35,23,0.3404672702448,0.046424390294259,0.077580292605852,0.26595375908924,0.26654295724474,0.29494666068625,0.27353490402571,1.214007108885,0.19898935947355,0.32745732162126,1.0029588707545,0.97196103304101,1.1415669114287,1.0530325487836,kognition,1.214007108885,0.17604104005268,1,0.20689655172414,2.446083733508,3.3002929215184,3.5934849692513,1.8065097183774,0.35631446185697,1.3266257683814,vor_abwesenheit,0,0,-66
ohne_lehrkraft_1,633,1790,2025-11-03,21,0,5,34,26,0.47030841671094,0.043131021950532,0.16103838739572,0.36608705838374,0.44838499514864,0.50883970933594,0.37030472614817,1.7887746876235,0.15124310024412,0.60139319185108,1.3731458340297,1.6981284167672,1.9172325468436,1.403488900224,performanz,1.9172325468436,0.21461382158439,1,0.0,3.7415230137917,3.7781041222726,4.2367227168256,0.67815459924965,0.59589265521015,0.47470821947476,vor_abwesenheit,0,0,-66
ohne_lehrkraft_1,212,851,2025-11-04,19,0,4,31,14,0.58305623346757,0.1730250205281,0.20364654792501,0.30614209136239,0.44104144054624,0.40543334230858,0.28926442075009,1.9633918895846,0.56239949412095,0.6560349671699,1.0348655419018,1.4932814452355,1.3775292244801,0.99958876604236,kognition,1.9633918895846,0.24278097152889,1,0.0,3.2862111026559,3.3743047171897,3.816340021111,0.79678625968329,0.55654922482336,0.5577503817783,vor_abwesenheit,0,0,-65
ohne_lehrkraft_1,497,1517,2025-11-04,30,0,6,51,27,0.49369210582765,0.12498488305953,0.19624313480337,0.40819759428474,0.37787208790963,0.45649519041335,0.33950188283689,1.720814302187,0.42741930034803,0.68129000170344,1.4132360429445,1.3326410991428,1.6068129500029,1.1909606994699,kognition,1.720814302187,0.20551516316804,1,0.0,3.3736402955151,3.492649305892,4.0146564811436,0.99747693016807,0.50063156419827,0.69823385111765,vor_abwesenheit,0,0,-65
ohne_lehrkraft_1,606,1741,2025-11-05,19,0,5,36,22,0.4902684356284,0.10851806207455,0.11262051759834,0.33594792466122,0.43499595733995,0.45341568107857,0.42552911290903,1.8317957453444,0.38805555555556,0.35361994549525,1.277197637428,1.6419980932246,1.6962841949261,1.5666891112346,kognition,1.8317957453444,0.20921322554302,1,0.0,3.6455995689507,3.7218052296377,4.6046572277403,1.0158716070767,0.4960633388007,0.7111101249537,vor_abwesenheit,0,0,-64
ohne_lehrkraft_1,107,435,2025-11-06,18,0,3,35,14,0.52258193328813,0.12780321249089,0.20783612057862,0.38894215882919,0.40055429140061,0.41644418979875,0.34204325126222,2.0688320276437,0.42857142857143,0.77130267952063,1.4650350389015,1.6069741485807,1.62725127604,1.3349012051276,kognition,2.0688320276437,0.22238648029249,1,0.0,3.7705767163219,3.8924750738038,4.6073855808479,1.106008694622,0.47483184782364,0.77420608623537,vor_abwesenheit,0,0,-63
ohne_lehrkraft_1,525,1553,2025-11-10,12,0,4,24,18,0.45739677122308,0.11465682272179,0.1080362592712,0.40254812033635,0.41347388439699,0.49704978263019,0.39846009353046,1.6370951027417,0.41322864420746,0.37955578148115,1.4294338205201,1.469111421588,1.7650190000976,1.416747685926,performanz,1.7650190000976,0.20740062184343,1,0.0,3.5098342370601,3.5588268125809,3.816340021111,0.6363780196189,0.61110573963398,0.44546461373323,vor_abwesenheit,0,0,-59
ohne_lehrkraft_1,483,1491,2025-11-10,21,0,4,31,19,0.56377830615795,0.0,0.13616879827531,0.31527121097386,0.46124125813487,0.4528106845833,0.36510980124924,2.2059874964795,0.0,0.55018395577148,1.2503097059487,1.8100247189889,1.7849682586398,1.4355613011768,kognition,2.2059874964795,0.24410521701025,1,0.0,3.9058283369524,3.9317849065355,4.3943908715029,0.54306595830595,0.64806043747984,0.38014617081417,vor_abwesenheit,0,0,-59
ohne_lehrkraft_1,358,1266,2025-11-11,19,0,4,32,19,0.47896272184414,0.17761976135934,0.25275354738714,0.3997487401573,0.35603798477258,0.4437256152159,0.27236724264145,1.422796523164,0.49445218594399,0.70125382711523,1.2381001239294,1.1486122344373,1.3503801492593,0.97103585335769,kognition,1.422796523164,0.19419519600836,1,0.0,2.8946897931469,3.0467214839786,4.1967909784104,1.4324418046134,0.41110952710293,1.0027092632294,vor_abwesenheit,0,0,-58
ohne_lehrkraft_1,496,1515,2025-11-11,28,0,5,34,24,0.47534333667591,0.083352707369168,0.11364493158429,0.39096527718403,0.41973848195553,0.48066386590835,0.4068568810577,1.8408843106408,0.3286518938064,0.42051771059009,1.513268076337,1.6136145527043,1.8542652189931,1.582906298018,performanz,1.8542652189931,0.20256099301196,1,0.0,3.8093734791456,3.8579047925013,4.4350301470164,0.85751135124932,0.53835471817032,0.60025794587452,vor_abwesenheit,0,0,-58
ohne_lehrkraft_1,604,1739,2025-11-12,19,0,5,50,22,0.54804309498308,0.16635975726825,0.25201612838097,0.31519872577549,0.38580373988212,0.42395466031524,0.22496904967004,1.9124562444219,0.56106209331918,0.85767475816155,1.0718509620269,1.3480570622719,1.4697573624264,0.7780041153069,kognition,1.9124562444219,0.23909102338071,1,0.0,3.2310191868752,3.4600719887411,3.830950518204,1.2572723605737,0.44301255686568,0.88009065240162,vor_abwesenheit,0,0,-57
ohne_lehrkraft_1,377,1295,2025-11-13,23,11,5,38,22,0.39201440791548,0.10641044397732,0.12486608811819,0.434466179354,0.36309888928033,0.4860887870126,0.43360630837012,1.2901003951736,0.28598651213103,0.34653120896472,1.3750152128998,1.2214770459732,1.5545120838262,1.4222715756242,performanz,1.5545120838262,0.20738181151605,1,0.0,3.1125983448993,3.2221776452961,3.7218957796626,0.91891758527615,0.52112712274513,0.6432423096933,vor_abwesenheit,0,0,-56
ohne_lehrkraft_1,523,1551,2025-11-17,12,0,6,57,29,0.4726797274136,0.096626167166674,0.17285710654282,0.39446914190731,0.38782169270775,0.42604412536087,0.41444436143138,1.6267252454994,0.29903903049123,0.54536190917834,1.3100772066018,1.3212142002751,1.4293971969656,1.3899928254954,kognition,1.6267252454994,0.20534773433786,1,0.0,3.2357757385166,3.3600023292786,4.2571432703781,1.0024452383716,0.49938943689327,0.70171166686011,vor_abwesenheit,0,0,-52
ohne_lehrkraft_1,631,1787,2025-11-17,21,0,4,25,15,0.58089969233395,0.027370657953904,0.14069436931889,0.26572562933177,0.45558173735795,0.40680032072312,0.33435681752486,1.754638191838,0.091201357023437,0.4300603960961,0.90138615135554,1.4405667810448,1.3039310139486,1.115818110955,kognition,1.754638191838,0.24932330519318,1,0.0,3.0174559825203,3.160637624747,4.0152056905849,1.0483269863056,0.48820330283478,0.73382889041392,vor_abwesenheit,0,0,-52
ohne_lehrkraft_1,355,1263,2025-11-18,19,0,4,34,20,0.40616287744075,0.19912279162776,0.1205286482474,0.41935710729336,0.41628231482631,0.41005191415443,0.41842618643803,1.5616655385704,0.70672959368445,0.4588025654582,1.5895088845186,1.593509099657,1.5770578483972,1.5926006867744,methodik,1.593509099657,0.17360118645854,1,0.0,3.6384150280552,3.8102906003673,4.671907671991,1.1637828656175,0.46215358106859,0.81464800593227,vor_abwesenheit,0,0,-51
ohne_lehrkraft_1,376,1294,2025-11-20,23,11,4,33,16,0.5463921326271,-0.1202581971448,0.096305174188731,0.25743582360846,0.44009095188933,0.41258600428848,0.34632615193319,1.6850564119384,-0.15302557884935,0.34975779130362,1.0135318318996,1.5153861295956,1.3474969385832,1.2533455084433,kognition,1.6850564119384,0.22959476158933,1,0.0,3.1137481129412,3.2272826660308,4.6073855808479,1.4675713950363,0.40525676461138,1.0272999765254,vor_abwesenheit,0,0,-49
ohne_lehrkraft_1,522,1550,2025-11-24,12,0,4,39,22,0.47272298148325,0.1078697477673,0.11227123742549,0.36579748169536,0.46115305407956,0.43575291651668,0.39820536551338,1.8405904286155,0.37704193881629,0.43659914231669,1.4143439578183,1.7820862347384,1.6882545798856,1.5477933860984,kognition,1.8405904286155,0.20064765641852,1,0.0,3.7606675780006,3.8670460172583,4.7417226108447,1.0260116939731,0.4935805666743,0.71820818578117,vor_abwesenheit,0,0,-45
ohne_lehrkraft_1,630,1785,2025-11-24,21,0,5,42,22,0.40648394686382,0.031959619430582,0.1144399133226,0.21931155316312,0.33005557297559,0.32836733666096,0.24068805714148,1.5476757603764,0.10450468311765,0.41564396441699,0.82767928194297,1.2609646023414,1.2541699261882,0.92543580587713,kognition,1.5476757603764,0.22967165729083,1,0.16666666666667,2.6987848654304,3.6161134729569,3.9917421716075,1.8016211543702,0.35693619690161,1.3111348080591,vor_abwesenheit,0,0,-45
ohne_lehrkraft_1,354,1262,2025-11-25,19,0,4,36,21,0.45766399542849,0.15660788977296,0.14856522404571,0.4045381157461,0.39801553219345,0.44138118420458,0.38935441196346,1.7591272409496,0.60974844583972,0.62858064821974,1.5251598778915,1.4879080311466,1.6607190082952,1.4346266473539,kognition,1.7591272409496,0.19318607231674,1,0.0,3.6355961894114,3.7848869082369,4.4036519153337,1.3153054953742,0.43190844663821,0.92071384676197,vor_abwesenheit,0,0,-44
ohne_lehrkraft_1,495,1512,2025-11-25,28,0,5,46,22,0.55561960233785,0.10260952064347,0.23318765489683,0.31776838066917,0.41333559071817,0.45571562099985,0.27832747547743,1.9858099224438,0.33673058877281,0.77618576582359,1.2104839848821,1.5135283814367,1.6732606214721,1.1460226190104,kognition,1.9858099224438,0.22978533833116,1,0.0,3.5395623275035,3.6536796077658,4.7035557511802,1.3250867279527,0.43009148346072,0.92756070956688,vor_abwesenheit,0,0,-44
ohne_lehrkraft_1,602,1737,2025-11-26,19,0,5,50,29,0.40564260453965,0.17534799156276,0.13967289517223,0.41934089870997,0.36891923274652,0.45743136077037,0.4519999720296,1.3732721539706,0.53419037535485,0.41203687389007,1.3516117754081,1.2475928275079,1.4938228513274,1.5008430498784,regulation,1.5008430498784,0.18805509853019,1,0.0,3.1950569599969,3.28780385019,4.2589436920402,0.84842982951635,0.54099970906748,0.59390088066145,vor_abwesenheit,0,0,-43
ohne_lehrkraft_1,374,1291,2025-11-27,18,11,5,45,23,0.39568854542214,0.14552812305514,0.15505729141718,0.4188064963582,0.3734275356293,0.47431130604106,0.44218913185983,1.2637469336944,0.42285523003727,0.45544436718018,1.2836356723845,1.1712916909069,1.4780809921866,1.3755019733959,performanz,1.4780809921866,0.19838530461589,1,0.0,3.0132484617889,3.0990260480808,3.5786828039544,0.89783013927572,0.52691754615175,0.628481097493,vor_abwesenheit,0,0,-42
ohne_lehrkraft_1,520,1548,2025-12-01,12,0,5,40,24,0.47262096122246,0.071370330180116,0.18098090742447,0.37768384447526,0.4017479375187,0.48637021357525,0.39670988299388,1.5980848158334,0.27582140752269,0.67292917312784,1.2225244295161,1.4375382666162,1.6348694632728,1.3576088833373,performanz,1.6348694632728,0.19938948716288,1,0.0,3.3406239672102,3.3770632352295,4.1967909784104,0.86205393009817,0.53704137341891,0.60343775106872,vor_abwesenheit,0,0,-38
ohne_lehrkraft_1,494,1510,2025-12-01,12,1,6,55,27,0.49412955197886,0.1003256088239,0.18930982824716,0.36322436482998,0.41292268462626,0.45276740860888,0.35780816921219,2.0547071534458,0.38053937791139,0.74078874078626,1.4994510392978,1.7174706339,1.8699535167709,1.5011293835781,kognition,2.0547071534458,0.21043617047023,1,0.0,3.9829102477615,4.1204834682957,4.9125764837446,1.1384991279105,0.46761767959058,0.79694938953737,vor_abwesenheit,0,0,-38
ohne_lehrkraft_1,493,1509,2025-12-02,28,0,4,29,19,0.48915453382934,0.056148207954998,0.13423320145753,0.3778386033605,0.4449573881114,0.45385919291087,0.41891992006432,2.0708734719386,0.21189499072544,0.54478649217243,1.5570603843917,1.8676773805937,1.8787628951492,1.7520443386694,kognition,2.0708734719386,0.20953683375182,1,0.0,4.1403229300869,4.1722294636147,4.8127294984424,0.75255032333317,0.57059702462529,0.52678522633322,vor_abwesenheit,0,0,-37
ohne_lehrkraft_1,600,1735,2025-12-03,19,0,5,45,23,0.46681349797066,0.085517389260503,0.16269940401935,0.37329742203472,0.38222298539499,0.51704216298196,0.37660540626006,1.4280453738322,0.2662993869812,0.48366804027361,1.172806752411,1.1853431131262,1.5926993595499,1.1905973414942,performanz,1.5926993595499,0.21759795082479,1,0.0,3.0131198084763,3.095454755706,3.4484593132687,0.78016337333347,0.56174619418635,0.54611436133343,vor_abwesenheit,0,0,-36
ohne_lehrkraft_1,519,1547,2025-12-08,12,0,5,46,26,0.42140449415736,0.13742093243779,0.074368410433604,0.39815841299724,0.36329549416821,0.48746153472487,0.47197298185355,1.4767420295228,0.41233347885747,0.29023711117887,1.3042480231672,1.2346247085487,1.5708200323789,1.5053709661172,performanz,1.5708200323789,0.20153248469007,1,0.0,3.2239729987854,3.2843107440426,4.5853147875198,1.3197027451184,0.43108971703569,0.92379192158288,vor_abwesenheit,0,0,-31
ohne_lehrkraft_1,629,1782,2025-12-08,21,0,5,44,20,0.55344710028571,0.088540116118842,0.20285678737245,0.28133978931683,0.42108627413772,0.46019153824975,0.31723383099929,1.7290700770075,0.36109250318295,0.68660706847137,1.0136750570254,1.3633381243448,1.4779043926701,1.163206223538,kognition,1.7290700770075,0.22182087400329,1,0.0,3.1646450777948,3.2838061870948,4.1478207849846,1.252802629359,0.44389152736586,0.8769618405513,vor_abwesenheit,0,0,-31
ohne_lehrkraft_1,492,1507,2025-12-09,28,0,4,36,21,0.5087326592129,0.079753972814399,0.13498780548454,0.32839279035287,0.40679655242519,0.43705268374871,0.47514466790015,1.8727741306991,0.28832046977266,0.50019798536465,1.2277413865051,1.5075913054724,1.6330476453119,1.7511088750338,kognition,1.8727741306991,0.21328102368876,1,0.0,3.6543148500126,3.7035898317303,4.1979491418417,0.66905430024891,0.59914168152041,0.46833801017424,vor_abwesenheit,0,0,-30
ohne_lehrkraft_1,598,1733,2025-12-10,19,0,4,33,17,0.59727820605083,0.0,0.16516069887371,0.21554858674581,0.39740346680627,0.44211017548834,0.19871721567072,1.224768002786,0.0,0.31501320100741,0.54316880637831,0.82528785547235,1.0192303929512,0.54387393371993,kognition,1.224768002786,0.27391506847563,1,0.0,1.9773850974875,2.1539253724006,3.4884766997422,1.1373066648648,0.46787857654636,0.79611466540536,vor_abwesenheit,0,0,-29
ohne_lehrkraft_1,404,1352,2025-12-10,19,4,5,52,24,0.49868058637906,0.11010900465106,0.16078151210875,0.35777182693248,0.39438025975913,0.44254089501785,0.36733783406253,1.9678533287673,0.34563438853725,0.57467328465503,1.2649203808948,1.5861997993204,1.6651713889899,1.3726070220682,kognition,1.9678533287673,0.22420416631152,1,0.0,3.6187094941823,3.7671477054905,4.3834204353023,1.2139897782373,0.45167326869781,0.84979284476614,vor_abwesenheit,1,0,-29
ohne_lehrkraft_1,479,1485,2025-12-11,18,0,5,39,23,0.5163287197065,0.050661666375475,0.18921866264404,0.32621354790985,0.39216220447943,0.5402523432728,0.31840741073599,1.7421969599667,0.15447904269364,0.58504708192558,1.133953544791,1.3386858345129,1.8060211670708,1.1274052883203,performanz,1.8060211670708,0.22896418572461,1,0.0,3.3184453672358,3.391204647244,4.841502701482,0.90729452899288,0.52430287236657,0.63510617029501,vor_abwesenheit,0,0,-28
ohne_lehrkraft_1,370,1287,2025-12-11,18,11,5,48,22,0.53509845757958,0.11288296347124,0.16703960167127,0.35972277136368,0.40013740036068,0.48651023414151,0.30225912423714,1.9742254452598,0.42821888270518,0.56372372191034,1.3761358593199,1.5054114090844,1.8191449729578,1.2167525876315,kognition,1.9742254452598,0.22223226880539,1,0.0,3.6535613667919,3.7508520829498,4.6172952494101,1.1107235355843,0.47377118942447,0.77750647490901,vor_abwesenheit,0,0,-28
ohne_lehrkraft_1,326,1183,2025-12-12,23,0,4,37,19,0.52075081157996,0.13505684385532,0.22323284204597,0.31644714234668,0.43011420316186,0.44060083587782,0.39154123427034,1.9434852169418,0.51977206309052,0.83636374805028,1.2142300781196,1.6208070493434,1.6424142294098,1.4692704065087,kognition,1.9434852169418,0.21018961342597,1,0.0,3.7019524993326,3.7551176675219,4.3234541329808,0.79930154444753,0.55577121193827,0.55951108111327,abwesenheit_vertretung,0,0,-27
ohne_lehrkraft_1,349,1256,2025-12-12,23,7,5,52,25,0.45349587467422,0.18576097591601,0.17501255074596,0.42222304405158,0.34446872481115,0.51180710434263,0.3570585744426,1.5289432929603,0.66748974219032,0.58794368291566,1.4242095499733,1.1718851256833,1.6955883728472,1.1907653802399,performanz,1.6955883728472,0.20510756460132,1,0.0,3.2899114933754,3.3577326973033,4.0280536647229,0.81661074787534,0.55047565977994,0.57162752351274,abwesenheit_vertretung,0,0,-27
ohne_lehrkraft_1,414,1373,2025-12-12,23,7,5,42,26,0.45960739417597,0.14861615704973,0.11237462757953,0.39983408917132,0.40925637746528,0.47530668387313,0.41711393753175,1.8961044504161,0.60520579505495,0.44621851617996,1.6144291688681,1.6555459285287,1.9010312497533,1.6947993480259,performanz,1.9010312497533,0.19371919484827,1,0.0,3.9992593827864,4.0518435992773,4.841502701482,0.8342099084232,0.54519387089107,0.58394693589624,abwesenheit_vertretung,0,0,-27
ohne_lehrkraft_1,501,1524,2025-12-12,23,7,5,40,25,0.41167342576658,0.046294345190747,0.13722327807504,0.21058487036975,0.28601519746718,0.31554157607055,0.20194596813354,1.2484929911912,0.26145020279696,0.53490121578128,0.78862902251164,0.92768489216821,1.0625437676961,0.81203299417352,kognition,1.2484929911912,0.18733318415877,1,0.17647058823529,2.2768711216144,3.0478144042811,4.1478207849846,1.8565928425831,0.35006738975644,1.3525561662787,abwesenheit_vertretung,0,0,-27
ohne_lehrkraft_1,517,1545,2025-12-15,12,0,4,40,21,0.50223061521624,0.16285346850751,0.20107293861999,0.36284470231766,0.41052911392359,0.45324356741872,0.36184160380883,1.9189034800819,0.64043674875519,0.79569055298758,1.4190930932653,1.5702034739507,1.7524123968382,1.4150046586015,kognition,1.9189034800819,0.20174043776639,1,0.0,3.7786273698999,3.8571427680859,4.1967909784104,0.77683245245177,0.56279926597477,0.54378271671624,abwesenheit_vertretung,0,0,-24
ohne_lehrkraft_1,628,1780,2025-12-15,21,0,5,31,19,0.43249566247933,0.11124025507054,0.1176241165323,0.38833660701916,0.37863270198431,0.45468277528327,0.46374887430576,1.2889626655076,0.28194483999024,0.28046683012158,1.1619418371115,1.1234185918451,1.3378002713676,1.3605358366212,regulation,1.3605358366212,0.1990521915555,1,0.0,2.8412188903361,2.9341966631062,3.8000370444236,0.96541096814156,0.50879944002021,0.67578767769909,abwesenheit_vertretung,0,0,-24
ohne_lehrkraft_1,315,1167,2025-12-15,12,1,4,32,19,0.48137348247388,0.093004448785346,0.11873762922148,0.34860693920901,0.42578182222359,0.43348437060573,0.47634628182434,1.8861648659196,0.3871904797604,0.49049796876758,1.4039363880732,1.6751080292443,1.7190789525042,1.881648213164,kognition,1.8861648659196,0.19913619034098,1,0.0,3.901407356436,3.9548676263628,4.9388259433378,0.82571863366117,0.54772952500061,0.57800304356282,abwesenheit_vertretung,0,0,-24
ohne_lehrkraft_1,265,1049,2025-12-15,19,2,5,36,19,0.51540383161981,0.18800292060553,0.098894562766357,0.33331496258451,0.40401612819349,0.42237732071844,0.36258485084272,1.7202000339504,0.65033403900916,0.33478089776313,1.1133024036165,1.3606756828121,1.3906068974136,1.1903109139427,kognition,1.7202000339504,0.2216692385166,1,0.0,3.152080097219,3.3242214595678,4.0755904428795,1.1203088526461,0.47162940377862,0.78421619685226,abwesenheit_vertretung,0,0,-24
ohne_lehrkraft_1,444,1421,2025-12-15,19,2,5,49,25,0.51326295103823,0.13146079594546,0.16085214898549,0.34734597491755,0.39758897051417,0.44558350793175,0.32485513357023,1.8356171593739,0.33757589479398,0.42065570934349,1.0905670887187,1.43379932239,1.5259330357109,1.1737853830068,kognition,1.8356171593739,0.23479569600568,1,0.0,3.257569629809,3.3869109922237,4.2474282510106,1.2198957985829,0.45047159449482,0.85392705900803,abwesenheit_vertretung,0,0,-24
ohne_lehrkraft_1,277,1071,2025-12-16,18,0,5,41,23,0.38597038434802,0.1797448775818,0.178123949939,0.41659422711557,0.38191727106785,0.44882312569585,0.48899644249883,1.4916859407324,0.69895512746753,0.72352267602655,1.5732698391652,1.458082060285,1.6675134761939,1.8075512917559,regulation,1.8075512917559,0.19187260368004,1,0.0,3.726415761249,3.7766821738195,4.770377344071,0.94576907137538,0.51393560248809,0.66203834996277,abwesenheit_vertretung,0,0,-23
ohne_lehrkraft_1,348,1255,2025-12-16,19,0,3,32,14,0.50095126608168,0.12905634932404,0.17445433525515,0.34490163585706,0.39428457420927,0.48218686176041,0.35900491999619,1.9023271769106,0.5497861063721,0.66049402918563,1.3458584904223,1.5197489210744,1.8172174154719,1.4299311133138,kognition,1.9023271769106,0.20620620834018,1,0.0,3.7182414925107,3.8465766468106,4.2600369426858,1.0365064668003,0.49103698726338,0.72555452676019,abwesenheit_vertretung,0,0,-23
ohne_lehrkraft_1,491,1505,2025-12-16,28,0,5,45,22,0.40906385169106,0.08516111088478,0.15731264104891,0.42116642272815,0.36734716286741,0.48678369672104,0.4659846871304,1.3338097982641,0.27027615878204,0.50260287474033,1.3402163084087,1.2021217676191,1.5483372628188,1.4613650464727,performanz,1.5483372628188,0.20216634103744,1,0.0,3.1430749284168,3.1938475855517,4.2195669844004,0.78026461622407,0.5617142479195,0.54618523135685,abwesenheit_vertretung,0,0,-23
ohne_lehrkraft_1,369,1286,2025-12-16,18,2,5,44,23,0.41390404343779,0.068441946839359,0.21956634427103,0.40011803652915,0.32937170263222,0.58140158060159,0.37239646754017,1.4635793818758,0.27421662083288,0.80748108104062,1.4776384004608,1.1885070993868,2.0481627356209,1.3929142774172,performanz,2.0481627356209,0.23671341590324,1,0.0,3.5497084671926,3.6011637974746,4.3318536999298,0.92501755854416,0.51947578117484,0.64751229098091,abwesenheit_vertretung,0,0,-23
ohne_lehrkraft_1,430,1404,2025-12-16,18,2,5,42,23,0.50516568745817,0.12407708746733,0.21957731605068,0.35090465671017,0.40454692551124,0.44759217588803,0.26572419854662,1.3506425076082,0.33314243685049,0.5789916065872,0.96964236018676,1.1172280180319,1.207302918535,0.79676139452683,kognition,1.3506425076082,0.21257536833129,1,0.0,2.5595437396033,2.707496540397,4.4608733210844,1.1924239183528,0.45611616970103,0.83469674284697,abwesenheit_vertretung,0,0,-23
ohne_lehrkraft_1,255,1031,2025-12-16,18,3,5,37,19,0.41777002302579,0.067204235129565,0.13897727333956,0.40507528998416,0.33605802872167,0.52837695360519,0.37889339793323,1.0445708564245,0.12980603898872,0.36198397337531,0.90929146197314,0.82207751581824,1.2851507820834,0.84938708901622,performanz,1.2851507820834,0.23789098379513,1,0.0,2.2615710564425,2.3783883360296,3.023874182954,0.84783269190013,0.54117453619229,0.59348288433009,abwesenheit_vertretung,0,0,-23
ohne_lehrkraft_1,597,1732,2025-12-17,19,0,4,50,25,0.46088765682768,0.19080324179362,0.19865823947766,0.38455790983922,0.38937089044882,0.45585482686842,0.42181536878888,1.6735160200161,0.69553036380717,0.70192910260809,1.3966730290441,1.4084511017487,1.6211484965813,1.5187945251312,kognition,1.6735160200161,0.18561536219769,1,0.0,3.5561794295183,3.6021079969992,4.1478207849846,0.68141441738953,0.59473737685237,0.47699009217267,abwesenheit_vertretung,0,0,-22
ohne_lehrkraft_1,347,1254,2025-12-17,19,3,4,40,19,0.4980180129701,0.049818428005195,0.12715041121872,0.37811649099946,0.37397749081766,0.51072739415246,0.37911857962125,1.6156826596341,0.23317062210687,0.39501648948758,1.2970895808198,1.2543032734313,1.6835429796349,1.2898816601621,performanz,1.6835429796349,0.21670881091581,1,0.0,3.2518712715198,3.3255591254069,4.6803990663509,0.97586087061768,0.50610850939489,0.68310260943238,abwesenheit_vertretung,0,0,-22
ohne_lehrkraft_1,413,1372,2025-12-17,19,3,5,54,25,0.43549825406164,0.189394551732,0.20707318042358,0.28598398330304,0.35794585531889,0.30543213557858,0.40692560537418,1.4212940467221,0.5442304629336,0.55143760687437,1.0644940599235,1.1952030064354,1.1716202144754,1.2716646050664,kognition,1.4212940467221,0.20172194544348,1,0.0,2.8586412197508,3.0533735929956,4.1508586304112,1.6827248878553,0.37275532967507,1.1779074214987,abwesenheit_vertretung,0,0,-22
ohne_lehrkraft_1,403,1350,2025-12-17,23,4,5,50,26,0.50691435917992,0.096871567938032,0.14180328044467,0.37226907104149,0.42002420681193,0.45376727653241,0.39431673934095,1.9927335652401,0.39466387246142,0.56308413254796,1.4583464025079,1.6459296198631,1.7704396094997,1.5459060052695,kognition,1.9927335652401,0.21264663520819,1,0.0,3.8475902466157,3.9171252125613,4.5853147875198,0.89703046327446,0.5271396634685,0.62792132429212,abwesenheit_vertretung,1,0,-22
ohne_lehrkraft_1,516,1544,2025-12-17,23,4,5,41,22,0.51048656916227,0.018331385231226,0.1156993019725,0.33096608809804,0.40258030932013,0.51446629039722,0.40715148748057,1.613717631837,0.067335099919766,0.38119320138908,1.0109076596541,1.2515646886613,1.5777504029269,1.2701113518202,kognition,1.613717631837,0.22498426280233,1,0.0,3.0732319329946,3.108232768648,3.7622172169312,0.7415440180172,0.57420311496837,0.51908081261204,abwesenheit_vertretung,1,0,-22
ohne_lehrkraft_1,702,2086,2025-12-17,23,4,5,49,27,0.49470357760186,0.13239143565826,0.14366085805982,0.40556201860103,0.40835041962123,0.40037055421005,0.3695953823943,1.8817308511225,0.41557739355157,0.42750832380687,1.6370127705141,1.6578261759645,1.6696448684503,1.6372153525113,kognition,1.8817308511225,0.20176139776133,1,0.0,3.8461364342417,3.9672559708307,4.9211234034393,1.3652528939371,0.42278777147396,0.95567702575596,abwesenheit_vertretung,1,0,-22
ohne_lehrkraft_1,391,1327,2025-12-17,23,6,5,56,26,0.50543034166001,0.054243681753323,0.16614089384013,0.33572151694068,0.38824853751517,0.53444599853477,0.36494380511224,1.7368191479643,0.22189739240397,0.55345775349381,1.1978940206586,1.3502706030503,1.8013450355218,1.3085179148158,performanz,1.8013450355218,0.22047742083304,1,0.0,3.4040180003898,3.4531252686812,4.5853147875198,0.8804471397235,0.53178841291281,0.61631299780645,abwesenheit_vertretung,0,0,-22
ohne_lehrkraft_1,296,1116,2025-12-18,23,0,4,39,20,0.44077586215496,0.15916549506927,0.086434246403998,0.37278382878642,0.40694418455761,0.41131203434512,0.50189437633895,1.530530300998,0.47127017722605,0.3245443206974,1.2339199698451,1.3869928499785,1.4061135354672,1.7237986500506,regulation,1.7237986500506,0.213416170741,1,0.0,3.3263932895445,3.3969080037441,3.7903140793782,0.82445071785382,0.54811017377128,0.57711550249767,abwesenheit_vertretung,0,0,-21
ohne_lehrkraft_1,429,1403,2025-12-18,23,5,5,49,25,0.51415261902316,0.10103499619687,0.21166894869044,0.33805526785515,0.40590597949418,0.47812648677315,0.34865662612866,1.8684655998078,0.46352740900571,0.83738953059448,1.3022151020339,1.5129375750556,1.7165619655853,1.3322798203799,kognition,1.8684655998078,0.20684021039955,1,0.0,3.6212623989405,3.7164973711689,4.770377344071,1.1153183247786,0.47274208722447,0.78072282734501,abwesenheit_vertretung,0,0,-21
ohne_lehrkraft_1,684,2003,2025-12-18,18,6,5,46,26,0.50034427798994,0.11211693230497,0.1758809613083,0.40500293727355,0.37640630880651,0.42926706023976,0.40529929965822,1.7860969940862,0.37565291142578,0.60477129959789,1.4268144545877,1.3532372584075,1.5280478260429,1.439559959347,kognition,1.7860969940862,0.20977907990055,1,0.0,3.4599594661724,3.5516943652068,4.2117482404431,0.83183174044155,0.54590166657935,0.58228221830908,abwesenheit_vertretung,0,0,-21
ohne_lehrkraft_1,650,1871,2025-12-18,23,6,5,47,27,0.46408997896791,0.17940266243321,0.18515582911935,0.39755599923921,0.42385113696851,0.42142049691025,0.41699326289549,1.817755395561,0.74377542549818,0.77075804329506,1.5401376395632,1.6371646000249,1.6254290595462,1.5904322608108,kognition,1.817755395561,0.18690702666122,1,0.0,3.8308394384507,3.8800830218994,4.3234541329808,0.79803027339281,0.55616416185977,0.55862119137497,abwesenheit_vertretung,0,0,-21
ohne_lehrkraft_1,368,1285,2025-12-18,18,11,5,35,24,0.43194058927545,0.17750001438559,0.19346723100221,0.39127861813679,0.35464939222689,0.46918125074936,0.43577783247953,1.4728093066587,0.58141211825674,0.66338202851782,1.294502502828,1.1955862883465,1.524687037273,1.4175543510152,performanz,1.524687037273,0.18707968751044,1,0.0,3.2228213141931,3.3011665164088,4.1478207849846,0.93520705009726,0.51674057303054,0.65464493506808,abwesenheit_vertretung,0,0,-21
ohne_lehrkraft_1,627,1778,2025-12-22,21,0,5,43,24,0.42788683900018,0.1616602412817,0.21313679723648,0.40057952753265,0.36075101181873,0.46266541204429,0.45777995314497,1.5573584958417,0.56640934812174,0.75579855970014,1.4308568342515,1.3239884002959,1.6712263193626,1.6702855849559,performanz,1.6712263193626,0.18618990140057,1,0.0,3.5637851235925,3.6152826975801,4.1408141954246,0.66760195672034,0.59966348442448,0.46732136970424,abwesenheit_vertretung,0,0,-17
ohne_lehrkraft_1,490,1503,2025-12-23,29,0,5,48,26,0.39916650931123,0.19258734005535,0.1598690695474,0.40707448379456,0.36885229230208,0.48044533012798,0.43226337454498,1.4352753841214,0.70265640384065,0.54431190230262,1.4216992468613,1.3303406543432,1.5747035593216,1.5588935168069,performanz,1.5747035593216,0.18245866252024,1,0.0,3.3986603535391,3.4714811312493,4.1478207849846,0.96341247354814,0.50931733065384,0.6743887314837,abwesenheit_vertretung,0,0,-16
ohne_lehrkraft_1,367,1284,2025-12-23,25,2,4,31,14,0.51629092450563,0.06114218670245,0.1737077060212,0.33474156327431,0.44219400733095,0.47165903307934,0.36618457583593,2.0328496626782,0.2604338510787,0.72311560705301,1.2853649272301,1.7088843683531,1.8400778118359,1.3528018891745,kognition,2.0328496626782,0.22087721542722,1,0.0,3.8094104279431,3.8665328832787,4.2594688496216,0.85861198036815,0.5380359163519,0.60102838625771,abwesenheit_vertretung,0,0,-16
ohne_lehrkraft_1,428,1402,2025-12-23,25,2,5,35,18,0.4875861065884,0.027156329150941,0.13963119877183,0.30932449131182,0.38640786753783,0.47998491490397,0.28756643647447,1.458166567156,0.10891416170198,0.37243100247014,1.1153223633157,1.2423926276158,1.6128435237783,1.0948090899091,performanz,1.6128435237783,0.23024572536199,1,0.0,2.9772758479185,3.1887677111734,4.6661959262483,1.6217288339555,0.38142770032066,1.1352101837688,abwesenheit_vertretung,0,0,-16
ohne_lehrkraft_1,515,1541,2026-01-05,12,0,3,28,18,0.45808715409282,0.1948165754981,0.27060240853604,0.40655754240329,0.37263874855021,0.43547051041257,0.4218869991497,1.792302409631,0.77750155027455,1.0605396636336,1.5848976235696,1.4602247718703,1.6942802429418,1.6401808978872,kognition,1.792302409631,0.1790524926922,1,0.0,3.89185518068,3.9051632325496,4.1478207849846,0.43359513769499,0.69754700870976,0.30351659638649,abwesenheit_vertretung,0,0,-3
ohne_lehrkraft_1,452,1447,2026-01-05,26,0,5,44,25,0.5009329038385,0.17786110631518,0.27119489473749,0.38261941089397,0.3619705382662,0.43390175261032,0.30382681955893,1.7532473988201,0.46798405908401,0.81355016713437,1.195575610023,1.2912225379281,1.4702568718709,1.0832702798743,kognition,1.7532473988201,0.21711754595469,1,0.0,3.2228148947385,3.3278537056374,3.9453024964552,1.113543785698,0.47313900320724,0.77948064998858,abwesenheit_vertretung,0,0,-3
ohne_lehrkraft_1,314,1166,2026-01-05,24,1,4,36,21,0.5039055750791,0.13006842746858,0.21147571301858,0.38943698667732,0.38643629547129,0.46237476991006,0.34085031682719,1.8656646630464,0.46410203131883,0.76272638603785,1.4694384281358,1.4601131594437,1.753856100256,1.3465025101288,kognition,1.8656646630464,0.20451460060646,1,0.0,3.6685292465815,3.7621940695199,4.2367227168256,0.93385978378426,0.51710057181248,0.65370184864898,abwesenheit_vertretung,0,0,-3
ohne_lehrkraft_1,443,1420,2026-01-05,12,2,3,29,15,0.42926315343073,0.1187637825057,0.038308693327956,0.38712376579157,0.394631460319,0.46198589026505,0.50277416873764,1.576541030667,0.44065517241379,0.10599670343482,1.3819171144077,1.4317824699978,1.6317941601656,1.7424818961798,regulation,1.7424818961798,0.20965546376182,1,0.0,3.5141976602977,3.5609877293357,4.2474282510106,0.80458625936926,0.5541436408529,0.56321038155848,abwesenheit_vertretung,0,0,-3
ohne_lehrkraft_1,276,1069,2026-01-06,23,0,5,36,25,0.51569707779183,0.0,0.11564261182733,0.35574467128807,0.37762601762852,0.5235006627551,0.38815199079528,1.8613806415081,0.0,0.39666602638466,1.3352441647626,1.375261265698,1.8891566435739,1.4832360694227,performanz,1.8891566435739,0.22649192463224,1,0.0,3.6145821915025,3.6502887383632,4.4664829717323,0.81083968876559,0.55222999926718,0.56758778213591,abwesenheit_vertretung,0,0,-2
ohne_lehrkraft_1,335,1225,2026-01-06,19,1,5,41,24,0.53946502715352,0.067379388428224,0.12936882459781,0.35990893376133,0.4144697692973,0.42486276814277,0.39682524399275,1.7885036860003,0.12860583028075,0.38133009464984,1.1728904360154,1.435572202361,1.4893227508569,1.3560335836072,kognition,1.7885036860003,0.23070743405597,1,0.0,3.2945631568818,3.3559480586876,4.6661959262483,1.0060375911633,0.49849514505862,0.70422631381431,abwesenheit_vertretung,0,0,-2
ohne_lehrkraft_1,366,1282,2026-01-06,23,2,5,52,25,0.49475616339212,0.10720352672708,0.13287831920061,0.34897241617984,0.43147581006428,0.4565784090531,0.40659144605213,2.0051554398267,0.45397985834513,0.5265993903303,1.4771863480386,1.7759436024344,1.8924074844541,1.7064703947789,kognition,2.0051554398267,0.20382272011241,1,0.0,4.0414546204158,4.1268938161252,4.9211234034393,0.91190094348909,0.52303964983409,0.63833066044236,abwesenheit_vertretung,0,0,-2
ohne_lehrkraft_1,390,1325,2026-01-06,23,2,6,65,34,0.35056682395249,0.030515614018397,0.063633475622915,0.21102897270547,0.28445972080945,0.32317347862567,0.28053154385523,1.4214439841802,0.14857730904512,0.23934602783531,0.9184665942007,1.1796012665434,1.3333464230536,1.174605225341,kognition,1.4214439841802,0.20709852902677,1,0.2037037037037,2.7372275919126,4.0506830077909,4.6876347106964,2.3400993168333,0.2993922950016,1.6991806328944,abwesenheit_vertretung,0,0,-2
ohne_lehrkraft_1,427,1401,2026-01-06,23,2,6,54,27,0.26672681796753,0.10116208277199,0.13812732860849,0.32083677346765,0.26604870295238,0.33683153801178,0.3553467702191,1.2994989120793,0.36281930133632,0.57033649510384,1.2323950089246,1.1984953573354,1.3623871968879,1.3843521725983,regulation,1.3843521725983,0.1726472886911,1,0.17391304347826,2.9788147604649,3.3426490472063,4.5731513341773,1.5819042617612,0.38731103039346,1.1595068962763,abwesenheit_vertretung,0,0,-2
ohne_lehrkraft_1,596,1731,2026-01-07,19,0,5,53,28,0.47325375272959,0.13966622767583,0.17751707977734,0.36900480516256,0.39571854425024,0.43791796209761,0.45156464959489,1.8328773048345,0.58849334773393,0.72995533963951,1.4943395981245,1.5485218517747,1.7232996498245,1.7860420140782,kognition,1.8328773048345,0.18888770104264,1,0.0,3.876761141966,3.9533922088911,4.9387901719456,0.92994709566124,0.51814891830358,0.65096296696287,abwesenheit_vertretung,0,0,-1
ohne_lehrkraft_1,346,1253,2026-01-07,19,3,5,36,21,0.41940049624751,0.11778196170013,0.11566642978738,0.38712102842058,0.36153836453242,0.48782014789342,0.48117526110458,1.405882924529,0.36464083722361,0.40910633186989,1.2961623161948,1.2237244261844,1.6426591081165,1.5955325993185,performanz,1.6426591081165,0.20694374190329,1,0.0,3.2708453296601,3.3447135564052,3.9780565338039,0.90314208472597,0.52544684289507,0.63219945930818,abwesenheit_vertretung,0,0,-1
ohne_lehrkraft_1,412,1371,2026-01-07,19,3,5,38,28,0.50149054304489,0.0,0.069838465402916,0.35630757862356,0.40530526203267,0.5083725882761,0.4245424459124,1.8950693841251,0.0,0.27303133989531,1.3359765164732,1.5490669040627,1.8852556989476,1.5973137489783,kognition,1.8950693841251,0.22201651491613,1,0.0,3.7357563989282,3.7583025679886,4.8373835872764,0.82312191404326,0.54850967030627,0.57618533983028,abwesenheit_vertretung,0,0,-1
ohne_lehrkraft_1,402,1348,2026-01-07,23,4,6,45,26,0.34692342377116,0.020779735727118,0.12539656097188,0.35143190269303,0.32670999982266,0.50033358510867,0.37241540819702,1.2686225194827,0.070577777777778,0.44983906290633,1.1628687102164,1.1652518786573,1.6213239593283,1.2430223200999,performanz,1.6213239593283,0.22947229303682,1,0.071428571428571,2.9496798045626,3.1122371595542,4.2145445230141,1.1643004416563,0.46204306054417,0.836438880588,abwesenheit_vertretung,1,0,-1
ohne_lehrkraft_1,460,1459,2026-01-07,23,4,5,42,23,0.48384473181833,0.23867861994348,0.19518578873194,0.36926096466406,0.38923741350176,0.34698431516645,0.35436230083857,1.4373977434873,0.63925989463962,0.47235438062629,1.0384424467574,1.2028977856633,1.0928717555043,1.149029718822,kognition,1.4373977434873,0.20440072266947,1,0.0,2.781698745995,2.9259728666262,3.9646280613375,1.3587009083288,0.42396218887647,0.95109063583015,abwesenheit_vertretung,1,0,-1
ohne_lehrkraft_1,513,1539,2026-01-07,23,4,5,40,26,0.5214253539946,0.048578799726907,0.1583108150071,0.31550586526641,0.39975250096796,0.52117586342739,0.35387216495846,1.6290281252406,0.17181491114414,0.50806507375286,1.0648523667618,1.2773160508952,1.6797492999807,1.1840634041856,performanz,1.6797492999807,0.22352282889769,1,0.0,3.1512527395425,3.2172872430455,4.290361661197,0.82922819299564,0.54667865049814,0.58045973509695,abwesenheit_vertretung,1,0,-1
ohne_lehrkraft_1,514,1540,2026-01-07,23,4,4,30,18,0.48313694431986,0.04042895247516,0.15685355643596,0.35789429515513,0.40857232542781,0.50512666509936,0.37405569127457,1.7167518269827,0.16271185006855,0.5215164397613,1.3509648447671,1.522016307694,1.8067495812373,1.4533197158705,performanz,1.8067495812373,0.21171116826728,1,0.0,3.5726479363442,3.6624240478035,4.9211234034393,1.091807205723,0.47805552885757,0.76426504400612,abwesenheit_vertretung,1,0,-1
ohne_lehrkraft_1,649,1870,2026-01-07,23,4,4,38,19,0.44268734349372,0.18957701154118,0.2043627543159,0.44395454804655,0.32798476644618,0.4874354135132,0.36722283132803,1.4876813484058,0.63807848283475,0.71646972337049,1.5057697786069,1.1155515552105,1.6291172540693,1.2528055119035,performanz,1.6291172540693,0.19520968150323,1,0.0,3.2968183731923,3.3719750930096,4.4608733210844,0.91078118949094,0.52334616098373,0.63754683264366,abwesenheit_vertretung,1,0,-1
ohne_lehrkraft_1,701,2085,2026-01-07,23,4,6,52,25,0.46140693252322,0.22222691579267,0.1990086136908,0.37515750446013,0.39869102337158,0.41235736900318,0.3909869626119,1.591742529244,0.82642507178974,0.68257979043352,1.3798971042996,1.4169451214875,1.4841350955555,1.4840733920464,kognition,1.591742529244,0.17953742126973,1,0.0,3.4640320667679,3.5704151821361,4.272990899278,0.94308595064229,0.51464527324149,0.6601601654496,abwesenheit_vertretung,1,0,-1
ohne_lehrkraft_1,389,1324,2026-01-07,23,6,5,41,19,0.40536679070085,0.032227033751988,0.21466443354215,0.40902533617757,0.31356966938751,0.53436978803689,0.40143669976752,1.0296669845955,0.096829268292683,0.56683059319741,1.0227190268674,0.80806195066172,1.3258558584465,1.0134776555533,performanz,1.3258558584465,0.22612247349368,1,0.0,2.4238060911416,2.5207577044739,3.0045876008173,0.77304686762676,0.56400088359678,0.54113280733873,abwesenheit_vertretung,0,0,-1
ohne_lehrkraft_1,478,1484,2026-01-08,18,0,5,55,26,0.41272720476559,0.12416684300515,0.17844640660453,0.42818408336486,0.38640860050905,0.4635546845805,0.41848906403364,1.6198962819642,0.44177342524897,0.59795975856746,1.6150110370226,1.5231237650419,1.7577389314434,1.61631844152,performanz,1.7577389314434,0.19164556401998,1,0.0,3.7157881674408,3.8079725139432,4.9983860457275,1.1157909205105,0.47263649272053,0.78105364435733,abwesenheit_vertretung,0,0,0
ohne_lehrkraft_1,286,1092,2026-01-08,23,5,4,40,22,0.39549332519972,0.15725237386085,0.12071009422928,0.44545174740694,0.36726090116537,0.44372420360458,0.47939951527968,1.3398822743256,0.54641174875519,0.42153149293491,1.4839965199132,1.2454259721555,1.4800594936959,1.5642173415587,regulation,1.5642173415587,0.19155483908381,1,0.0,3.2653059010623,3.3388418969721,4.1967909784104,0.88988897013866,0.52913161344427,0.62292227909706,abwesenheit_vertretung,0,0,0
ohne_lehrkraft_1,325,1182,2026-01-08,23,5,5,50,24,0.52298830438519,0.10720643667265,0.15959134179858,0.34359772728651,0.40452798220213,0.48795758336943,0.35198208270378,1.804988291675,0.39263966839502,0.52305093645255,1.2488907691983,1.41618006256,1.6970069193101,1.2813581676259,kognition,1.804988291675,0.21580147230777,1,0.0,3.4311421254903,3.5010860813891,4.5853147875198,1.044430719773,0.48913371841284,0.7311015038411,abwesenheit_vertretung,0,0,0
ohne_lehrkraft_1,426,1400,2026-01-08,23,5,5,45,19,0.5376193237625,0.067736778874014,0.17145479557188,0.27583604322609,0.41864800949638,0.45666182294456,0.38143109118723,1.6456880472121,0.20916367602158,0.50865936073498,0.84598857691074,1.281502452226,1.3568420594302,1.1824625632995,kognition,1.6456880472121,0.23408481436858,1,0.0,2.9339318725109,3.0310121900903,3.6380853479174,0.93777977093601,0.51605451506853,0.65644583965521,abwesenheit_vertretung,0,0,0
ohne_lehrkraft_1,648,1869,2026-01-08,18,6,5,45,25,0.48825635399491,0.088420415472382,0.21830281873174,0.33136335138352,0.37945053026464,0.5280755028887,0.36486039234167,1.6084264548345,0.29944436894899,0.72415165193218,1.1040168386968,1.2489269236607,1.7378794008205,1.204469677592,performanz,1.7378794008205,0.21922672827287,1,0.0,3.2327607184121,3.3000477256176,3.5631589522928,0.70047138264821,0.58807223114961,0.49032996785374,abwesenheit_vertretung,0,0,0
ohne_lehrkraft_1,264,1047,2026-01-08,19,6,5,38,23,0.44677111946192,0.068611459591618,0.11477510048764,0.3760468526019,0.37461405296964,0.50349866083235,0.44968500735378,1.5139503708216,0.25840721979572,0.4334836078266,1.2579622394654,1.289022471302,1.6218983507113,1.482538931394,performanz,1.6218983507113,0.20642026507445,1,0.0,3.2587193689223,3.3324455758513,4.109921516526,1.102126635206,0.47570873383753,0.77148864464421,abwesenheit_vertretung,0,0,0
ohne_lehrkraft_1,595,1730,2026-01-08,19,6,5,41,26,0.46248811287341,0.13176278328648,0.11059988973367,0.36530880406867,0.4139447615835,0.45965682299135,0.4527078451308,1.4894259515568,0.39380487804878,0.34927225696922,1.1847779772076,1.332049573837,1.499605774877,1.4586184701347,performanz,1.499605774877,0.19456310045308,1,0.0,3.1701582453456,3.2270939045348,3.7699749088641,0.64071887609143,0.60948893474197,0.448503213264,abwesenheit_vertretung,0,0,0
ohne_lehrkraft_1,683,2001,2026-01-08,19,6,4,34,18,0.56770045589866,0.02964893768694,0.14936539310091,0.26270965905029,0.39655738134782,0.44201298144007,0.24811176070712,1.9218113427343,0.10872342487546,0.50069820064191,1.0525725767587,1.3779413465665,1.6328994724983,1.0345459951989,kognition,1.9218113427343,0.23883746103787,1,0.0,3.2709564038205,3.514061601284,3.9936444483664,1.2707486563478,0.44038339391043,0.88952405944349,abwesenheit_vertretung,0,0,0
ohne_lehrkraft_1,365,1280,2026-01-08,18,11,5,46,26,0.37225089420232,0.093667321379765,0.092898454348497,0.28964859845821,0.33248762307758,0.31210228893236,0.29129276720149,1.6865196470236,0.50516673119556,0.49478158345462,1.4280144243349,1.5390124936529,1.5322856759317,1.4750366807656,kognition,1.6865196470236,0.17883440194026,1,0.15,3.5036792112617,4.1971418452681,5.0139708897179,1.9626368842747,0.33753714648861,1.4188458189923,abwesenheit_vertretung,0,0,0
ohne_lehrkraft_1,500,1522,2026-01-09,19,7,5,40,24,0.50688016961165,0.066391411965171,0.1882815079115,0.37595793601696,0.41149142376304,0.44614960368106,0.40554344479244,2.0644794228869,0.27023725235357,0.7890566424349,1.5630828454268,1.6775713402835,1.8260259934524,1.6658324120241,kognition,2.0644794228869,0.20945815106993,1,0.0,4.0403658228155,4.1001982382388,4.923070497384,0.89303029888561,0.52825356286621,0.62512120921992,abwesenheit_vertretung,0,0,1
ohne_lehrkraft_1,512,1538,2026-01-12,12,0,5,48,25,0.50270034219463,0.16652751948553,0.19638340147976,0.3715467198085,0.3796314276537,0.46459477335738,0.3365749520253,1.700204467038,0.62168121941266,0.68081270926311,1.3072076826117,1.3126036339034,1.5820423172561,1.2022091171681,kognition,1.700204467038,0.20224250902083,1,0.0,3.3347524036436,3.4544524528256,4.1508586304112,1.0438814233805,0.48926517387981,0.73071699636638,nach_rueckkehr,0,0,4
ohne_lehrkraft_1,626,1775,2026-01-12,21,0,5,46,24,0.50511002301378,0.15289267164543,0.10220382520837,0.38191644645889,0.44511023771043,0.41680605046436,0.39677456943349,1.8123417184928,0.5779447974594,0.38375639917359,1.3695494291198,1.5785341987519,1.4865684261398,1.3804724884575,kognition,1.8123417184928,0.21100318831137,1,0.0,3.4998424964306,3.5596230292231,3.8471321766507,0.73758895106709,0.57551010518678,0.51631226574696,nach_rueckkehr,0,0,4
ohne_lehrkraft_1,451,1445,2026-01-12,26,0,6,53,25,0.45554651561572,0.061536866986724,0.13744325158508,0.37548248953854,0.40831019276415,0.48671211859416,0.42410844692534,1.5411443625208,0.21595773435931,0.47581487170842,1.334449987656,1.401019440544,1.7008363077039,1.5033970164421,performanz,1.7008363077039,0.20811396660818,1,0.0,3.3977672754746,3.4512223960185,4.840594801353,0.9809368429451,0.50481165190167,0.68665579006157,nach_rueckkehr,0,0,4
ohne_lehrkraft_1,489,1501,2026-01-12,12,1,6,43,24,0.43456320831867,0.14446646804426,0.13267701149197,0.36454825727815,0.38639857037949,0.47094412169066,0.47251368906795,1.5716420133526,0.51996418200486,0.43558175754731,1.304077259499,1.3841961588386,1.6294339522503,1.642267867082,regulation,1.642267867082,0.19350021087209,1,0.0,3.4494735965207,3.5265221131359,4.6172952494101,1.0831029752003,0.48005308038304,0.75817208264024,nach_rueckkehr,0,0,4
ohne_lehrkraft_1,442,1419,2026-01-12,12,2,5,52,26,0.49909408382659,0.15536533310943,0.20019804143179,0.38708794545489,0.37596743948629,0.48307544299963,0.29910830362415,1.6736555300523,0.4967005709257,0.60389209372065,1.338127720284,1.307270024604,1.7087962852999,1.1128613507938,performanz,1.7087962852999,0.20734538772997,1,0.0,3.327236961062,3.422289109117,4.4094769977487,1.0797864699804,0.48081859096305,0.75585052898631,nach_rueckkehr,0,0,4
ohne_lehrkraft_1,275,1068,2026-01-13,23,0,4,33,16,0.56773647970451,0.0,0.15862398993113,0.27658422725692,0.44147381671958,0.4985037388551,0.28372585151397,1.9116982945139,0.0,0.51331524317025,0.97065731183271,1.5007490370159,1.6837812556191,1.023879628679,kognition,1.9116982945139,0.25140425938756,1,0.0,3.3160149288015,3.3992152879643,3.9410439263483,0.85445745157966,0.53924127466402,0.59812021610576,nach_rueckkehr,0,0,5
ohne_lehrkraft_1,488,1500,2026-01-13,28,0,4,34,20,0.52727441344513,0.1235434309362,0.17696351921676,0.32858072924529,0.41115556617203,0.44291276254534,0.41275886395471,1.8423465749988,0.47482898023889,0.63944698551613,1.2231350772771,1.4559991064388,1.5920163083728,1.4867257789547,kognition,1.8423465749988,0.21141165026092,1,0.0,3.5198662180997,3.5783689267528,4.272990899278,0.84617655941553,0.54166000261459,0.59232359159087,nach_rueckkehr,0,0,5
ohne_lehrkraft_1,334,1224,2026-01-13,19,1,5,45,24,0.45034990765524,0.21765107747068,0.10544397802833,0.41276217766459,0.4018555238808,0.4434026158213,0.40936479606939,1.7914718963138,0.82123453702913,0.45641302985194,1.6162917522256,1.5941500119892,1.7683089964198,1.6063039828707,kognition,1.7914718963138,0.1842901090498,1,0.0,3.8669048417505,3.9424558453468,4.6290043360953,0.89591882944445,0.52744874119586,0.62714318061112,nach_rueckkehr,0,0,5
ohne_lehrkraft_1,263,1046,2026-01-13,23,1,4,33,19,0.54127773343562,0.0,0.14558821936925,0.29346212831504,0.41048317766588,0.53541309799997,0.31795914544438,1.7130958078845,0.0,0.43854424088996,0.95386018671704,1.3206405956118,1.6722937541359,1.0320819503551,kognition,1.7130958078845,0.24024848681481,1,0.0,3.1052727237977,3.1717140017732,4.2117482404431,0.7879653961867,0.55929494056919,0.55157577733069,nach_rueckkehr,0,0,5
ohne_lehrkraft_1,364,1279,2026-01-13,23,2,5,43,22,0.48978386071272,0.068491933010656,0.15649141213061,0.36177956999173,0.38491406434781,0.45568109600426,0.44327921736863,1.5676600899305,0.25104180965362,0.51626459299553,1.1839579977478,1.2529200868264,1.4786937425239,1.4775124677386,kognition,1.5676600899305,0.20285323337718,1,0.0,3.1824916085737,3.256465473725,3.7903140793782,0.7569139123757,0.56917985164555,0.52983973866299,nach_rueckkehr,0,0,5
ohne_lehrkraft_1,425,1399,2026-01-13,23,2,5,40,23,0.49407885489948,0.08309035438517,0.12734203431096,0.36954700066687,0.40929254438644,0.46262730310573,0.41006867021917,1.830606748368,0.2885,0.50025344389175,1.3481712320984,1.5017219810072,1.7055113617453,1.5045472004504,kognition,1.830606748368,0.21091611353641,1,0.0,3.5957993114216,3.6700564922811,4.1478207849846,0.80508053571996,0.55399190241733,0.56355637500397,nach_rueckkehr,0,0,5
ohne_lehrkraft_1,594,1729,2026-01-14,19,0,5,42,24,0.43500672301934,0.1654380949979,0.10324986710837,0.41397476084333,0.35492759318829,0.44665557593258,0.40513264759075,1.3822279097533,0.52469083784819,0.2869866214273,1.1943323822673,1.1292837336556,1.3192357858227,1.1702953412717,kognition,1.3822279097533,0.19691427635452,1,0.0,2.8425167766488,2.978064528644,4.272990899278,1.2888111876207,0.43690803566875,0.90216783133447,nach_rueckkehr,0,0,6
ohne_lehrkraft_1,345,1252,2026-01-14,19,3,5,47,28,0.50709217445612,0.042355032965462,0.15906437244164,0.36719009480005,0.39764161892037,0.5039186697625,0.38041564129197,1.8172692794294,0.1505844670257,0.55696726799506,1.3301724322258,1.4345123835063,1.767576835089,1.3864940633496,kognition,1.8172692794294,0.21522505661249,1,0.0,3.536839547791,3.5780922359842,4.0612622331448,0.76787785676851,0.56564993795889,0.53751449973796,nach_rueckkehr,0,0,6
ohne_lehrkraft_1,411,1370,2026-01-14,19,3,5,48,26,0.47571283040999,0.16339262283226,0.16602698939508,0.40247470480404,0.4063425205685,0.41097317075267,0.37508070167209,1.5199485538458,0.54995513441226,0.56826992529416,1.3423544174823,1.2859612157462,1.3531382524358,1.2388537448107,kognition,1.5199485538458,0.1905367122373,1,0.0,3.1236162257826,3.2495663333833,4.3730545704504,1.0398666094111,0.4902281332448,0.72790662658778,nach_rueckkehr,0,0,6
ohne_lehrkraft_1,285,1091,2026-01-14,23,3,4,34,21,0.51200689627919,0.094572220447662,0.15669078079901,0.35062462798522,0.40701687545191,0.486746926083,0.37178514890695,1.843325142777,0.40710927582101,0.59791589700779,1.29463030086,1.4971984455503,1.7080715559493,1.3490992605786,kognition,1.843325142777,0.21194101289686,1,0.0,3.5463131588662,3.6213040625924,4.3234541329808,0.97307665361896,0.50682268130122,0.68115365753327,nach_rueckkehr,0,0,6
ohne_lehrkraft_1,401,1346,2026-01-14,23,4,5,45,25,0.50254181976693,0.13832489870283,0.18616596328166,0.33807758363063,0.42255956279068,0.47903025423745,0.36538889496726,1.9183821323397,0.5319215272164,0.68275588377957,1.2926582960836,1.5990193437626,1.7927792554402,1.3795034836587,kognition,1.9183821323397,0.20858736292309,1,0.0,3.7113611742804,3.7827146010611,4.4350301470164,0.86220684327018,0.53699727482685,0.60354479028913,nach_rueckkehr,1,0,6
ohne_lehrkraft_1,459,1458,2026-01-14,23,4,5,45,21,0.53403986405957,0.1212415002938,0.145841137925,0.29408959063394,0.43793636833754,0.42036407727839,0.35739906081336,1.8180905800909,0.34708439589123,0.51551563041937,0.97458133192746,1.475079555371,1.4291299917474,1.2317667169163,kognition,1.8180905800909,0.23335036092668,1,0.0,3.2213362981723,3.3643477525024,3.9410439263483,1.1051877613959,0.47501701194429,0.77363143297716,nach_rueckkehr,1,0,6
ohne_lehrkraft_1,511,1537,2026-01-14,23,4,4,35,19,0.40811908242355,0.12997349369152,0.19160455849346,0.40578045716233,0.35869077159306,0.49572287022244,0.4677550816533,1.4733494665132,0.45778782274131,0.69205605136039,1.4486015286982,1.2843885807298,1.7535863558975,1.6172310420799,performanz,1.7535863558975,0.20093802973507,1,0.0,3.5068321439245,3.5418615183621,4.4608733210844,0.71051663670513,0.58461869270459,0.49736164569359,nach_rueckkehr,1,0,6
ohne_lehrkraft_1,647,1868,2026-01-14,23,4,5,40,22,0.48649378069334,0.039613661479189,0.19357105424966,0.34467963474966,0.38539215114545,0.55247159268677,0.3491067399046,1.6038430359589,0.11448698935329,0.60765939569211,1.1540759187203,1.2773613989429,1.810355625281,1.1624780270106,performanz,1.810355625281,0.23419076896792,1,0.0,3.2476076916473,3.2946030129268,4.1979491418417,0.75287602150925,0.57049100320226,0.52701321505647,nach_rueckkehr,1,0,6
ohne_lehrkraft_1,324,1180,2026-01-15,23,5,5,40,23,0.49250364582209,0.083347427569072,0.14705170285314,0.36867909123796,0.38597398175245,0.53330464049163,0.33484553178014,1.7683928768247,0.3039228536452,0.49800145819889,1.3339992148049,1.3984615488157,1.8951445336038,1.2315762661501,performanz,1.8951445336038,0.22482292119024,1,0.0,3.5087304586345,3.5905204478138,3.973711383169,0.83963695178005,0.5435855150835,0.58774586624603,nach_rueckkehr,0,0,7
ohne_lehrkraft_1,424,1398,2026-01-15,23,5,5,40,24,0.4328076573118,0.098547030029419,0.10437464113592,0.3926440025455,0.38636203864257,0.52436038393892,0.38817923807717,1.7224209358287,0.39696608480769,0.34000355822959,1.4906695152292,1.5494458723173,1.8836907617045,1.5396346011745,performanz,1.8836907617045,0.21110908546716,1,0.0,3.7123526338451,3.8065785863628,4.6661959262483,1.0824456244928,0.48020461530348,0.75771193714499,nach_rueckkehr,0,0,7
ohne_lehrkraft_1,363,1278,2026-01-15,18,11,5,48,26,0.49342659545807,0.064334568751513,0.10276966424689,0.38630680399008,0.42077426950475,0.46350328302772,0.41516681360436,2.0234502751322,0.23684041723841,0.38771642689853,1.5765727567953,1.7326443774849,1.9034504484043,1.7154362449179,kognition,2.0234502751322,0.2113018830252,1,0.0,4.0440390382717,4.0868999023869,4.840594801353,0.82916531969054,0.54669744130573,0.58041572378338,nach_rueckkehr,0,0,7
ohne_lehrkraft_1,510,1536,2026-01-19,12,0,4,34,20,0.50494005384218,0.13880245989763,0.24947462614695,0.37468765407616,0.34097577102418,0.47211388145898,0.28436767587804,1.3329199755232,0.3242657036937,0.63743208228553,1.0013930022669,0.91717660010441,1.3072682469855,0.82113982078909,kognition,1.3329199755232,0.21018685122534,1,0.0,2.5525213618886,2.678977634927,3.332074934788,0.89963728786397,0.52641628293391,0.62974610150478,nach_rueckkehr,0,0,11
ohne_lehrkraft_1,625,1773,2026-01-19,21,0,5,42,26,0.45752248574559,0.14930645220193,0.13170772881243,0.4056161279608,0.39314159977272,0.45251121099188,0.41113978883645,1.5080330736756,0.50662306102779,0.4190338286747,1.3422695783143,1.3019898028956,1.481650362328,1.3665736824621,kognition,1.5080330736756,0.18855831614604,1,0.0,3.2040749866905,3.3024912681218,3.5133459698655,0.81417761698582,0.55121394434436,0.56992433189008,nach_rueckkehr,0,0,11
ohne_lehrkraft_1,450,1444,2026-01-19,26,0,6,41,28,0.47823087541816,0.12321214136652,0.14897473307369,0.38520989421636,0.40557557324441,0.45481572323196,0.3924295847147,1.7400930173283,0.40332693200458,0.5070790602441,1.409641152814,1.4980902987964,1.6818663870262,1.4517695452289,kognition,1.7400930173283,0.20019785608314,1,0.0,3.5518160954209,3.6537315258044,4.8373835872764,1.1066213390282,0.47469375794955,0.77463493731974,nach_rueckkehr,0,0,11
ohne_lehrkraft_1,441,1418,2026-01-19,12,2,4,30,18,0.3840694372589,0.17708702034019,0.2495892378307,0.42535799384261,0.32023946797221,0.50154878869589,0.40411532718742,1.3568289163702,0.55162409272056,0.78449078648131,1.3769480575017,1.1171342175602,1.6259512299862,1.3478963445445,performanz,1.6259512299862,0.19923739794079,1,0.0,3.2195056162514,3.3056042460581,4.1478207849846,1.113349747445,0.47318244469898,0.77934482321151,nach_rueckkehr,0,0,11
ohne_lehrkraft_1,274,1067,2026-01-20,23,0,5,43,23,0.49893650111942,0.11682025679786,0.12795528251913,0.3682407174711,0.43502817696297,0.46148449721568,0.379986434332,1.9365088184304,0.46033899025891,0.49829671179353,1.4395073027011,1.6883297685665,1.7976788257976,1.4839072635995,kognition,1.9365088184304,0.20812453461476,1,0.0,3.8166145485806,3.8924092041079,4.2195669844004,0.78954832614523,0.55880022092169,0.55268382830166,nach_rueckkehr,0,0,12
ohne_lehrkraft_1,487,1498,2026-01-20,28,0,4,29,15,0.34440397678657,0.011345738299499,0.018646047956161,0.15457716281629,0.21172258025923,0.3270895816181,0.17846219884573,0.66178117519824,0.054758620689655,0.088736750522443,0.24769567314355,0.4635221020998,0.45022499403427,0.41748227618117,kognition,0.66178117519824,0.18236086112011,1,0.26086956521739,1.0497747011085,2.0224787329435,3.0045876008173,1.7283804214657,0.36651780379761,1.2881271645912,nach_rueckkehr,0,0,12
ohne_lehrkraft_1,261,1044,2026-01-20,23,1,3,27,12,0.55131163459456,0.0,0.10777643948683,0.26260642384339,0.39106828822389,0.48386260744942,0.31885363706905,1.1691875633311,0.0,0.25435658067493,0.59228433965198,0.83274212707464,1.1125765837385,0.6927463765714,kognition,1.1691875633311,0.25122782579429,1,0.0,2.0478479471188,2.1635381154003,2.8959664573768,0.91408565840689,0.52244265851316,0.63985996088482,nach_rueckkehr,0,0,12
ohne_lehrkraft_1,362,1277,2026-01-20,23,2,4,31,18,0.44051083193686,0.0,0.16365351421271,0.39713883995581,0.34328377764152,0.57597356846857,0.39467713600597,1.5030759544895,0.0,0.58837211703191,1.4113785453642,1.1926919539088,1.9655657698298,1.3844135925496,performanz,1.9655657698298,0.24430629230855,1,0.0,3.435108784167,3.4626755895454,4.2145445230141,0.80519627514999,0.55395638345028,0.56363739260499,nach_rueckkehr,0,0,12
ohne_lehrkraft_1,423,1396,2026-01-20,23,2,4,30,17,0.55256116016078,-0.035657044511326,0.065971073628031,0.2895002925476,0.49851927755067,0.40566774178837,0.36476774674787,1.7970159432648,-0.2,0.19953539505356,0.94538492865032,1.5978064883924,1.344378894153,1.2202905050109,kognition,1.7970159432648,0.24160761432323,1,0.0,3.17053346293,3.2466757362397,3.821655576211,0.91110170245334,0.52325839002512,0.63777119171734,nach_rueckkehr,0,0,12
ohne_lehrkraft_1,380,1299,2026-01-21,19,0,5,48,28,0.46248484693961,0.15314380484759,0.21145022084903,0.39145151730436,0.38253604254317,0.45151986649808,0.39937807770684,1.8142152063628,0.64825308356917,0.86786313546754,1.5972911502771,1.5174238407561,1.7917356864429,1.6135013509751,kognition,1.8142152063628,0.18417898478379,1,0.0,3.890040206499,3.9975768565636,4.3304123418736,0.92017709454786,0.52078529779331,0.6441239661835,nach_rueckkehr,0,0,13
ohne_lehrkraft_1,592,1727,2026-01-21,19,0,5,45,23,0.50050072713994,-0.022462359930074,0.051642375814656,0.33968213242592,0.42791987323784,0.49288142316134,0.42111326077085,1.5824202206594,-0.085960076500466,0.14462892876551,1.0493505133385,1.3562578238965,1.4989687039364,1.3355163630782,kognition,1.5824202206594,0.22142115532739,1,0.0,3.0827655332013,3.123442153777,3.8268397507859,0.82972870202793,0.54652911051331,0.58081009141955,nach_rueckkehr,0,0,13
ohne_lehrkraft_1,284,1090,2026-01-21,23,3,5,43,21,0.61148776222875,0.0,0.12911053091228,0.28708755501357,0.41850161488527,0.37931268661231,0.34043038243196,1.6732917502959,0.0,0.34658619346213,0.88971654586116,1.1594935348528,1.1625036473739,1.0680633962264,kognition,1.6732917502959,0.26561640791675,1,0.0,2.74740281156,2.8440358591448,3.5189025333983,0.9489600499561,0.51309414988908,0.66427203496927,nach_rueckkehr,0,0,13
ohne_lehrkraft_1,400,1344,2026-01-21,23,4,5,41,26,0.21479714668583,0.13696167037567,0.041444453857,0.22822563235912,0.21565698118743,0.24304078864265,0.28598718543641,0.66668766889078,0.53916646059206,0.14097060575002,0.68484440483718,0.63755747895459,0.70945755159197,0.70668205065134,performanz,0.70945755159197,0.19468224402909,1,0.28125,1.6227342874899,3.8034795987178,4.9952554499874,3.0646925353069,0.24602106833758,2.2296597747149,nach_rueckkehr,1,0,13
ohne_lehrkraft_1,458,1457,2026-01-21,23,4,3,28,13,0.49303053471467,0.071788036133496,0.13429436941926,0.34294415174637,0.39592080844618,0.47020959759268,0.45338345918797,1.8968616825095,0.27209992196805,0.51296511834522,1.3139387902757,1.521275358003,1.8020928855756,1.7358996346724,kognition,1.8968616825095,0.20947915403671,1,0.0,3.773175849613,3.8362381343715,3.9351727697706,0.69292858748314,0.5906923702474,0.4850500112382,nach_rueckkehr,1,0,13
ohne_lehrkraft_1,509,1535,2026-01-21,23,4,5,50,27,0.4746612209849,0.086167582714072,0.14222396486382,0.35929989307353,0.40918270696356,0.44677393163482,0.46736294601559,1.9052672267534,0.34317595630211,0.57365341279283,1.4582637457964,1.6392928737891,1.804605047591,1.8739908159893,kognition,1.9052672267534,0.1981301990039,1,0.0,3.9571639358126,4.0220890917088,4.841502701482,0.81673320944491,0.55043855355379,0.57171324661144,nach_rueckkehr,1,0,13
ohne_lehrkraft_1,646,1867,2026-01-21,23,4,5,52,25,0.51166442437072,0.13470980986915,0.15999496867064,0.38276300034621,0.41130056055149,0.4437031929914,0.36116777828457,1.8890787202907,0.49437832937458,0.58010212816956,1.4252648585718,1.5330535998714,1.6593605840634,1.3779483842319,kognition,1.8890787202907,0.2108538200696,1,0.0,3.6308951207418,3.7200647701501,4.1478207849846,0.86835386427531,0.53523051447637,0.60784770499272,nach_rueckkehr,1,0,13
ohne_lehrkraft_1,477,1483,2026-01-22,18,0,5,53,26,0.45928072582828,0.15315005846189,0.11353144271503,0.39109868081056,0.40312635127289,0.5033386731976,0.37419073141781,1.5996300081553,0.57292629236087,0.38720506993083,1.3820902310701,1.4161200271799,1.7381185806866,1.3186747955679,performanz,1.7381185806866,0.20500445161158,1,0.0,3.4223555076647,3.4934862437952,4.4094769977487,0.92038591004204,0.52072866957148,0.64427013702943,nach_rueckkehr,0,0,14
ohne_lehrkraft_1,283,1089,2026-01-22,23,5,5,39,19,0.36135775391746,0.12376785244771,0.15708495003493,0.25674470991476,0.27068355564671,0.29823894445886,0.23354125229285,1.2527260003648,0.48260150937285,0.64041540994166,0.85023893266368,0.95903696611064,0.96031301810494,0.7617775238046,kognition,1.2527260003648,0.18325086376368,1,0.18181818181818,2.3146323206136,3.0934197054042,4.0273551720063,1.9669117017695,0.33705081260207,1.4313836457841,nach_rueckkehr,0,0,14
ohne_lehrkraft_1,323,1178,2026-01-22,23,5,5,44,23,0.46811928501228,0.078192322980458,0.14725858906076,0.317008890046,0.4130819668167,0.43864335660344,0.46088118701287,1.5925610373491,0.26616435945687,0.46635606624094,1.1180815792072,1.4332585262912,1.4468163027171,1.6236289925752,regulation,1.6236289925752,0.19805356435908,1,0.0,3.295203642377,3.4047224986285,4.3952655488905,1.1819948183079,0.45829623040787,0.82739637281552,nach_rueckkehr,0,0,14
ohne_lehrkraft_1,422,1395,2026-01-22,23,5,5,35,23,0.51183448465,0.0,0.062617470207164,0.33542615199952,0.39734330987953,0.49178962880915,0.43095650566718,1.3993514082922,0.0,0.19188188077914,0.86532867626393,1.0564960475095,1.3141369745352,1.0651448119156,kognition,1.3993514082922,0.23676978261259,1,0.0,2.5925798145129,2.6264624446432,3.4869710272648,0.68388229221944,0.59386573789665,0.47871760455361,nach_rueckkehr,0,0,14
ohne_lehrkraft_1,260,1043,2026-01-22,18,6,5,54,24,0.60468875664109,0.043599264837135,0.10712665652607,0.2600516483861,0.47482166351748,0.39743146279841,0.33978928837366,2.0510119602943,0.18518518518519,0.35406273599897,0.96507746567698,1.6384424683891,1.4681756701926,1.2489011227611,kognition,2.0510119602943,0.25926547045374,1,0.0,3.420155856838,3.4942615274888,4.2474282510106,0.91462700121107,0.52229494275776,0.64023890084775,nach_rueckkehr,0,0,14
ohne_lehrkraft_1,645,1866,2026-01-22,18,6,5,51,28,0.45807228575842,0.12617323530422,0.14556670696266,0.38942676701333,0.40196719495945,0.47184196150729,0.44105936857392,1.843753710638,0.51723991222841,0.55760039269792,1.5810519061826,1.638091947966,1.8857346022937,1.791047764134,performanz,1.8857346022937,0.19213721678923,1,0.0,3.9905889933645,4.0378543123483,4.9211234034393,0.79393472992591,0.55743388168938,0.55575431094814,nach_rueckkehr,0,0,14
ohne_lehrkraft_1,681,1998,2026-01-22,18,6,5,54,28,0.44772550146092,0.1622801545762,0.14096862603398,0.39186480571758,0.3793613943715,0.491267051611,0.43589207362115,1.7354368443504,0.6326374942703,0.51179409910039,1.4958065558879,1.4641251610865,1.8620651416582,1.6180480441353,performanz,1.8620651416582,0.19979425490672,1,0.0,3.7603683655504,3.8026030110021,4.4094769977487,0.78242711801361,0.56103275690421,0.54769898260953,nach_rueckkehr,0,0,14
ohne_lehrkraft_1,361,1276,2026-01-22,18,11,4,43,19,0.53066438773134,0.029113376255603,0.13270451365929,0.31845393278268,0.43162013304685,0.47667426364459,0.39826739011987,1.8539526357193,0.098556138306478,0.44137001563455,1.1552658547619,1.5140754089389,1.6793678011896,1.4412906060914,kognition,1.8539526357193,0.22653716628801,1,0.0,3.4880251634129,3.5316226248109,4.6172952494101,0.74966061761061,0.57153941166352,0.52476243232743,nach_rueckkehr,0,0,14
ohne_lehrkraft_1,342,1249,2026-01-23,23,7,3,32,15,0.36437049608068,0.28537257393062,0.24487884525838,0.40322653285323,0.35198713414157,0.4297744429993,0.45946059056621,1.3450718931592,0.97812392484802,0.77593393324226,1.3689838923161,1.2865822786079,1.4669252170616,1.6370325845306,regulation,1.6370325845306,0.18479473694054,1,0.0,3.4247882286645,3.4870620133797,4.057292130385,0.92178045800191,0.5203508006527,0.64524632060134,nach_rueckkehr,0,0,15
ohne_lehrkraft_1,379,1298,2026-01-23,23,7,5,47,24,0.47908972218626,0.057986169027031,0.17095386565259,0.37205096672088,0.38291054736253,0.52603750056259,0.36835128228614,1.7945922412376,0.2491479730008,0.64041356650633,1.399405580821,1.4772007065708,1.8139922732966,1.4078151955618,performanz,1.8139922732966,0.20654464262933,1,0.0,3.6201843959234,3.6848608294239,4.7668121124854,1.1789871077367,0.45892882819242,0.82529097541569,nach_rueckkehr,0,0,15
ohne_lehrkraft_1,408,1367,2026-01-23,23,7,5,40,25,0.42868323750364,0.086103742316631,0.066726427264872,0.39747104920872,0.36882542203908,0.51340139778438,0.46651340193224,1.6558690642753,0.319475,0.21827022826159,1.5117983152296,1.438303526622,1.9083650239345,1.7270470176787,performanz,1.9083650239345,0.21737523199071,1,0.0,3.7242996888903,3.7738836162965,4.840594801353,1.0399417360746,0.49021007919779,0.72795921525222,nach_rueckkehr,0,0,15
ohne_lehrkraft_1,498,1520,2026-01-23,23,7,4,39,19,0.49890944851669,0.18535484542991,0.078027851905122,0.37134610695099,0.44152002329115,0.44067226904657,0.36967824060641,1.9599487347091,0.80709797426053,0.29079214398757,1.5914566229846,1.7927970892779,1.7989762383686,1.5643033558089,kognition,1.9599487347091,0.19988519587507,1,0.0,4.0009476796282,4.0789880899477,4.6876347106964,1.0561156638974,0.48635396225934,0.73928096472818,nach_rueckkehr,0,0,15
ohne_lehrkraft_1,449,1443,2026-01-26,26,0,5,51,26,0.44723512480898,0.1401511588331,0.12526560975608,0.37923536441982,0.40961472972936,0.47570734539179,0.42939441993188,1.7358903778754,0.55330991998766,0.43031046665954,1.4547063566845,1.5939584214588,1.7666819314682,1.6243898913274,performanz,1.7666819314682,0.19288505495879,1,0.0,3.7311279754003,3.800814701902,4.6876347106964,1.0036949321048,0.4990779703922,0.70258645247335,nach_rueckkehr,0,0,18
ohne_lehrkraft_1,311,1163,2026-01-26,12,1,4,36,23,0.49024368815971,0.12206003623231,0.095757806750354,0.37504464423713,0.42956955622964,0.42903552956693,0.43449649407106,1.9050563235097,0.52686056082383,0.38779203419286,1.5099371761248,1.7002250436527,1.6989216833303,1.7118083767009,kognition,1.9050563235097,0.20126131137956,1,0.0,3.8787243505591,3.9502786586922,4.6876347106964,0.95371048743393,0.51184656397757,0.66759734120375,nach_rueckkehr,0,0,18
ohne_lehrkraft_1,486,1496,2026-01-27,28,0,5,43,21,0.49179392694046,0.091757539569351,0.12906792254536,0.37017602347942,0.43090022549599,0.45080041798041,0.4008292690756,1.8367666401737,0.36452955720721,0.51009276695077,1.3712707836124,1.6194955222079,1.6559285920295,1.4936033885497,kognition,1.8367666401737,0.20750469239884,1,0.0,3.6390779068407,3.7263599986143,4.9211234034393,1.1253768786487,0.47050478907806,0.78776381505409,nach_rueckkehr,0,0,19
ohne_lehrkraft_1,333,1223,2026-01-27,19,1,4,39,20,0.4518346686982,0.13409231099382,0.10580684633309,0.35222325803278,0.45362782520408,0.44915799130944,0.43185763525066,1.5850196614452,0.45825562971365,0.35513249668121,1.230852520179,1.5865799187158,1.5444252615151,1.5068394283866,methodik,1.5865799187158,0.18992673504077,1,0.0,3.3965354194798,3.4772280999134,4.2195669844004,0.84998536145492,0.54054481772415,0.59498975301844,nach_rueckkehr,0,0,19
ohne_lehrkraft_1,360,1275,2026-01-27,23,2,4,33,21,0.45017660385416,0.11927560891822,0.20283140238323,0.39015462022815,0.35390575970889,0.52235104919099,0.39000900351265,1.6745907224805,0.53528604506198,0.81751575535178,1.5105337495212,1.3433442448335,1.9033187338269,1.5148163772082,performanz,1.9033187338269,0.20467100908449,1,0.0,3.7098105175155,3.7862291871979,4.770377344071,1.02015059133,0.49501260168017,0.714105413931,nach_rueckkehr,0,0,19
ohne_lehrkraft_1,421,1394,2026-01-27,23,2,4,43,21,0.49808908661869,0.15422803699381,0.20653766095081,0.36598567185039,0.40088462236758,0.41719965003596,0.3886275887975,1.7484448306438,0.58384921322692,0.75658759882057,1.3581937588895,1.4381425157483,1.5054984649668,1.4530155368586,kognition,1.7484448306438,0.1977044133209,1,0.0,3.501583639575,3.6174237663126,4.770377344071,1.1233826498632,0.47094667560953,0.78636785490421,nach_rueckkehr,0,0,19
ohne_lehrkraft_1,378,1297,2026-01-28,19,0,5,42,22,0.5434404382156,0.05366371088274,0.11128607407172,0.32202635341993,0.44780285075762,0.47724109029121,0.36665028391762,2.0230067917243,0.21428571428571,0.41733601647675,1.2187051585942,1.6780436354116,1.7827867251497,1.3769419534359,kognition,2.0230067917243,0.23223305890978,1,0.0,3.6997316867294,3.743492522204,3.9931114364572,0.6258045470161,0.61508008563227,0.43806318291127,nach_rueckkehr,0,0,20
ohne_lehrkraft_1,591,1726,2026-01-28,19,0,4,41,23,0.45928811633482,0.060969809748535,0.16534488780498,0.38952480693775,0.3881036962231,0.47391108213758,0.43829955221291,1.7611153504261,0.25207317073171,0.69582731964821,1.4669094486465,1.4441208925701,1.8168897906693,1.5670174618933,performanz,1.8168897906693,0.20150402317753,1,0.0,3.6936681686205,3.7504678648831,4.2145445230141,0.9607462496273,0.51000990066414,0.67252237473911,nach_rueckkehr,0,0,20
ohne_lehrkraft_1,341,1248,2026-01-28,19,3,5,42,22,0.42634925061573,0.15875251513426,0.15583771806989,0.25126172790081,0.33500833266939,0.27299083652323,0.45637321040686,1.0910110576388,0.26930546065227,0.33103819314207,0.70217399795504,0.87813496268475,0.84514877641048,1.0097258730229,kognition,1.0910110576388,0.21911048181516,1,0.0,2.0905523129928,2.2880068261113,3.2164627232014,1.3454038575715,0.42636580338681,0.94178270030005,nach_rueckkehr,0,0,20
ohne_lehrkraft_1,407,1366,2026-01-28,19,3,4,31,21,0.51347962644173,0.12434164226901,0.13095237531757,0.37689541829244,0.40150059021657,0.44241076906591,0.40871192289585,1.9236910395482,0.43677419354839,0.53331377198626,1.4046814669562,1.5241418289189,1.6591257767381,1.5288376161151,kognition,1.9236910395482,0.21349281553649,1,0.0,3.682657142463,3.7453429660773,4.2117482404431,0.87069977230065,0.53455932095943,0.60948984061045,nach_rueckkehr,0,0,20
ohne_lehrkraft_1,679,1911,2026-01-28,23,3,5,41,24,0.45850508272838,0.068066144123519,0.1146428762857,0.36511619349689,0.42760554347149,0.45780379234015,0.46971413167755,1.8684388480946,0.28099463853198,0.45892614823303,1.5124385184176,1.7665409262029,1.8713189451754,1.9348076361443,regulation,1.9348076361443,0.19959916337958,1,0.0,4.0538977817506,4.1049018155089,4.9983860457275,0.7910604453336,0.55832844871617,0.55374231173352,nach_rueckkehr,0,0,20
ohne_lehrkraft_1,399,1343,2026-01-28,23,4,5,47,26,0.35786251368324,0.19445430205387,0.23449447211654,0.42869277479909,0.32856343784821,0.51687191674779,0.3929326961295,1.2973654504683,0.66327503707887,0.74940604979088,1.4492201100322,1.1883362317104,1.6708066736874,1.394139626263,performanz,1.6708066736874,0.19860884473068,1,0.0,3.3064032542351,3.3968265575853,4.3304123418736,1.1192447049411,0.47186622557954,0.78347129345878,nach_rueckkehr,1,0,20
ohne_lehrkraft_1,508,1534,2026-01-28,23,4,5,58,28,0.43987959264071,0.1568412906168,0.16121978106707,0.40824550319074,0.35597454996601,0.50648619808337,0.39018465738889,1.568950687702,0.54185466607124,0.5294338243941,1.3613923269057,1.2995751570202,1.7263646255647,1.3281222197963,performanz,1.7263646255647,0.20660937647181,1,0.0,3.3648240699353,3.4328516374042,4.4094769977487,0.94407785493934,0.51438269175244,0.66085449845754,nach_rueckkehr,1,0,20
ohne_lehrkraft_1,644,1865,2026-01-28,23,4,4,27,16,0.45438041748702,0.1099823597709,0.048276698476267,0.3868013535781,0.35196642311733,0.52458169279584,0.42876331337205,1.3646142386149,0.35429579225912,0.18254527691021,1.131892317419,1.0645917482989,1.4901795610271,1.2055406965103,performanz,1.4901795610271,0.21934857528314,1,0.0,2.8477218281618,2.9118189618376,3.933743338039,1.1058448023062,0.47486880272698,0.77409136161437,nach_rueckkehr,1,0,20
ohne_lehrkraft_1,476,1481,2026-01-29,18,0,4,37,17,0.51778620243373,0.062162091754375,0.11977598448663,0.32060579047419,0.41909239291756,0.46253185547818,0.39548311710932,1.7322666885859,0.25783783783784,0.46926898364538,1.0452735199871,1.4044240718551,1.4390178638533,1.2518366615696,kognition,1.7322666885859,0.22720529627283,1,0.0,3.1607456011118,3.2573793528571,4.1478207849846,1.1647138955129,0.46195481170646,0.81529972685901,nach_rueckkehr,0,0,21
ohne_lehrkraft_1,322,1176,2026-01-29,23,5,5,49,24,0.45673113979618,0.073632800670015,0.1205595069281,0.24993967510687,0.34534941133304,0.28903930405971,0.25887838904678,1.6079852293231,0.24173404156936,0.47159245924827,0.85199432798529,1.2274687456835,1.1022101112889,0.92563341621501,kognition,1.6079852293231,0.22077679856489,1,0.13953488372093,2.6778143138359,3.293400657036,4.1478207849846,1.7606178548379,0.36223774987456,1.2742929635028,nach_rueckkehr,0,0,21
ohne_lehrkraft_1,420,1392,2026-01-29,23,5,4,36,20,0.44952068965993,0.055835139214942,0.12787695131655,0.36882841629318,0.38541353228568,0.50542986575101,0.4624475149517,1.7168409638377,0.21163327264182,0.46252743391718,1.4423460900145,1.4949130043477,1.9263205903789,1.7892599644429,performanz,1.9263205903789,0.21299805274206,1,0.0,3.7991515546962,3.8460767777806,4.840594801353,0.9127441784187,0.52280906735093,0.63892092489309,nach_rueckkehr,0,0,21
ohne_lehrkraft_1,678,1909,2026-01-29,23,5,5,44,23,0.20210589880637,0.16982835464984,0.087966849760668,0.24770460919618,0.21319897995149,0.29529019058986,0.26504426486386,0.52608742942542,0.58165435646082,0.27844860530929,0.70379488130408,0.58074468523016,0.81339137912543,0.67793676127759,performanz,0.81339137912543,0.20290875693868,1,0.25714285714286,1.6267817345569,3.6616847759088,4.9952554499874,2.7680976131884,0.2653859062727,2.0148111863747,nach_rueckkehr,0,0,21
ohne_lehrkraft_1,359,1274,2026-01-29,18,11,5,40,24,0.50920494807119,0.082786194333694,0.15471157368451,0.35290047711063,0.4153633777017,0.46604522526877,0.38232701941032,1.7313090492134,0.3174228536452,0.56629469885472,1.2265470518872,1.4080164731752,1.5786566784914,1.3102475263468,kognition,1.7313090492134,0.21273087854693,1,0.0,3.3338733518124,3.4096012553789,4.2117482404431,1.0690729942662,0.48330822681036,0.74835109598634,nach_rueckkehr,0,0,21
