from;to;is_change;from_date;to_date;from_record_id;to_record_id;from_sentence_id;to_sentence_id;from_value;to_value;delta_dominance_value;from_polarity;to_polarity;polarity_change;from_d_semantisch;to_d_semantisch;delta_d_semantisch;from_operator_count;to_operator_count;from_has_operator;to_has_operator
kognition;kognition;False;2025-10-23;2025-10-23;751;752;1129;1130;2.4410982889583;1.752927244018;-0.6881710449403002;1;1;False;4.2776947265947;3.2645506643148;-1.0131440622799004;0;0;0;0
kognition;regulation;True;2025-10-23;2025-10-23;752;753;1130;1131;1.752927244018;1.6593102589405;-0.09361698507749994;1;1;False;3.2645506643148;3.445161991689;0.18061132737420005;0;0;0;0
regulation;motivation;True;2025-10-23;2025-10-23;753;754;1131;1132;1.6593102589405;0.292;-1.3673102589405;1;1;False;3.445161991689;0.47720959755646;-2.96795239413254;0;0;0;0
motivation;regulation;True;2025-10-23;2025-10-23;754;755;1132;1133;0.292;1.9411488061702;1.6491488061702;1;1;False;0.47720959755646;3.6709941375368;3.19378453998034;0;1;0;1
kognition;motivation;True;2025-09-02;2025-09-02;724;725;1102;1103;1.7309928114047;1.2801121571725;-0.4508806542321999;1;1;False;3.211982786319;2.2824880971967;-0.9294946891223002;2;0;1;0
motivation;regulation;True;2025-09-02;2025-09-02;725;726;1103;1104;1.2801121571725;0.47888898712129;-0.80122317005121;1;1;False;2.2824880971967;0.77591450022383;-1.5065735969728697;0;1;0;1
regulation;performanz;True;2025-09-02;2025-09-02;726;727;1104;1105;0.47888898712129;2.1296617818885;1.6507727947672102;1;1;False;0.77591450022383;4.1758633815523;3.3999488813284695;1;1;1;1
performanz;motivation;True;2025-09-02;2025-09-02;727;728;1105;1106;2.1296617818885;1.9323937282884;-0.19726805360010014;1;1;False;4.1758633815523;4.094843055123;-0.08102032642929924;1;2;1;1
motivation;kognition;True;2025-09-02;2025-10-23;728;700;1106;1077;1.9323937282884;1.6517086769815;-0.28068505130690014;1;1;False;4.094843055123;3.1105149252108;-0.9843281299122002;2;0;1;0
kognition;kognition;False;2025-10-23;2025-10-23;700;701;1077;1078;1.6517086769815;0.4788;-1.1729086769814998;1;1;False;3.1105149252108;0.87330889831434;-2.23720602689646;0;2;0;1
kognition;regulation;True;2025-10-23;2025-10-23;701;702;1078;1079;0.4788;1.1071349014458;0.6283349014458001;1;1;False;0.87330889831434;2.2195795672921;1.34627066897776;2;2;1;1
regulation;performanz;True;2025-10-23;2025-10-27;702;690;1079;1067;1.1071349014458;1.4253665391979;0.31823163775209995;1;1;False;2.2195795672921;2.8935343055325;0.6739547382404001;2;0;1;0
performanz;kognition;True;2025-10-27;2025-10-27;690;691;1067;1068;1.4253665391979;2.1149148429999;0.6895483038019998;1;1;False;2.8935343055325;2.9207356266883;0.027201321155799985;0;1;0;1
kognition;performanz;True;2025-10-27;2025-10-27;691;692;1068;1069;2.1149148429999;1.7349960417186;-0.37991880128129996;1;1;False;2.9207356266883;3.0088267944093;0.08809116772100012;1;0;1;0
performanz;regulation;True;2025-10-27;2025-10-27;692;693;1069;1070;1.7349960417186;2.0107729389583;0.2757768972396999;1;1;False;3.0088267944093;4.1826548987587;1.1738281043493997;0;2;0;1
regulation;regulation;False;2025-10-27;2025-10-27;693;694;1070;1071;2.0107729389583;1.4279047558095;-0.5828681831487998;1;1;False;4.1826548987587;3.0240571504654;-1.1585977482932996;2;2;1;1
regulation;kognition;True;2025-10-27;2025-11-27;694;1173;1071;1736;1.4279047558095;1.2955716240704;-0.13233313173909989;1;1;False;3.0240571504654;2.2281129454848;-0.7959442049806;2;2;1;1
kognition;kognition;False;2025-11-27;2025-11-27;1173;1174;1736;1737;1.2955716240704;2.1025459180996;0.8069742940292;1;1;False;2.2281129454848;3.2172632644708;0.9891503189859998;2;1;1;1
kognition;kognition;False;2025-11-27;2025-11-27;1174;1175;1737;1738;2.1025459180996;1.884870137549;-0.2176757805506;1;1;False;3.2172632644708;3.6334044341863;0.41614116971549997;1;2;1;1
kognition;kognition;False;2025-11-27;2025-11-27;1175;1176;1738;1739;1.884870137549;2.0200886874742;0.1352185499252001;1;1;False;3.6334044341863;3.6862887062023;0.0528842720160001;2;2;1;1
kognition;kognition;False;2025-11-27;2025-11-27;1176;1177;1739;1740;2.0200886874742;0.6297819547903;-1.3903067326839;1;1;False;3.6862887062023;1.113032525307;-2.5732561808953003;2;2;1;1
performanz;kognition;True;2025-08-25;2025-08-25;904;905;1341;1342;2.1625397852702;1.8124059963247;-0.3501337889455003;1;1;False;4.5039203437359;2.7008782028216;-1.8030421409143003;0;0;0;0
kognition;kognition;False;2025-08-25;2025-08-25;905;906;1342;1343;1.8124059963247;1.8759903888504;0.06358439252570003;1;1;False;2.7008782028216;3.4630972641871;0.7622190613655002;0;0;0;0
kognition;motivation;True;2025-08-25;2025-08-25;906;907;1343;1344;1.8759903888504;1.8151486855143;-0.06084170333609995;1;1;False;3.4630972641871;2.9587323352089;-0.5043649289782;0;0;0;0
motivation;regulation;True;2025-08-25;2025-08-25;907;908;1344;1345;1.8151486855143;1.8319677065092;0.016819020994899958;1;1;False;2.9587323352089;3.9096314098023;0.9508990745934001;0;1;0;1
regulation;performanz;True;2025-08-25;2025-09-02;908;895;1345;1332;1.8319677065092;1.4253665391979;-0.4066011673112999;1;1;False;3.9096314098023;2.8935343055325;-1.0160971042698002;1;0;1;0
performanz;kognition;True;2025-09-02;2025-09-02;895;896;1332;1333;1.4253665391979;2.1149148429999;0.6895483038019998;1;1;False;2.8935343055325;2.9207356266883;0.027201321155799985;0;1;0;1
kognition;methodik;True;2025-09-02;2025-09-02;896;897;1333;1334;2.1149148429999;1.3071304723696;-0.8077843706302998;1;1;False;2.9207356266883;2.3428052989296;-0.5779303277587;1;2;1;1
methodik;kognition;True;2025-09-02;2025-09-02;897;898;1334;1335;1.3071304723696;1.8346238946577;0.5274934222881;1;1;False;2.3428052989296;3.050519966414;0.7077146674843999;2;0;1;0
kognition;kognition;False;2025-01-30;2025-09-04;540;511;810;730;2.1556184500854;1.919667488646;-0.2359509614394002;1;1;False;3.7194891481524;3.1988921097457;-0.5205970384067;1;0;1;0
kognition;kognition;False;2025-09-04;2025-09-04;511;512;730;731;1.919667488646;2.7682973486899;0.8486298600439002;1;1;False;3.1988921097457;4.466581322438;1.2676892126923005;0;1;0;1
kognition;performanz;True;2025-09-04;2025-09-04;512;513;731;732;2.7682973486899;1.7011124840356;-1.0671848646543;1;1;False;4.466581322438;3.5863224441572;-0.8802588782808005;1;1;1;1
performanz;performanz;False;2025-09-04;2025-09-04;513;514;732;733;1.7011124840356;1.5905662396008;-0.11054624443479999;1;1;False;3.5863224441572;2.8317859427849;-0.7545365013723;1;0;1;0
performanz;regulation;True;2025-09-04;2025-09-04;514;515;733;734;1.5905662396008;2.3358286965014;0.7452624569005999;1;1;False;2.8317859427849;4.766014081322;1.9342281385371;0;0;0;0
performanz;kognition;True;2025-09-08;2025-09-08;2348;2349;2925;2926;2.1018406752718;2.6228056368715;0.5209649615997001;1;1;False;4.0297451295107;4.6361765459891;0.6064314164783999;0;0;0;0
kognition;kognition;False;2025-09-08;2025-09-08;2349;2350;2926;2927;2.6228056368715;1.9983364398439;-0.6244691970276;1;1;False;4.6361765459891;3.4475065704142;-1.1886699755749;0;0;0;0
kognition;kognition;False;2025-09-08;2025-09-08;2350;2351;2927;2928;1.9983364398439;1.8346238946577;-0.16371254518620004;1;1;False;3.4475065704142;3.050519966414;-0.39698660400020014;0;0;0;0
kognition;performanz;True;2025-09-08;2025-09-08;2351;2352;2928;2929;1.8346238946577;2.1296617818885;0.29503788723080016;1;1;False;3.050519966414;4.1758633815523;1.1253434151382997;0;1;0;1
kognition;kognition;False;2025-09-22;2025-09-22;189;190;321;322;1.919667488646;2.1969604991137;0.27729301046770005;1;1;False;3.1988921097457;3.9082087439743;0.7093166342286001;0;1;0;1
kognition;kognition;False;2025-09-22;2025-09-22;190;191;322;323;2.1969604991137;2.1578157776495;-0.03914472146419978;1;1;False;3.9082087439743;4.3971375276988;0.4889287837245;1;1;1;1
kognition;kognition;False;2025-09-22;2025-09-22;191;192;323;324;2.1578157776495;1.8497956426329;-0.3080201350166001;1;1;False;4.3971375276988;2.9898402914902;-1.4072972362086;1;1;1;1
kognition;kognition;False;2025-09-22;2025-09-22;192;193;324;325;1.8497956426329;1.9207934795839;0.07099783695099982;1;1;False;2.9898402914902;2.581090336861;-0.40874995462919994;1;1;1;1
kognition;regulation;True;2025-09-22;2025-12-01;193;1670;325;2241;1.9207934795839;1.8743802397078;-0.04641323987609991;1;1;False;2.581090336861;3.9112024651601;1.3301121282991;1;2;1;1
regulation;performanz;True;2025-12-01;2025-12-01;1670;1671;2241;2242;1.8743802397078;1.4230076958162;-0.4513725438916001;1;1;False;3.9112024651601;3.0867875408233;-0.8244149243368;2;0;1;0
performanz;kognition;True;2025-12-01;2025-12-01;1671;1672;2242;2243;1.4230076958162;1.9983364398439;0.5753287440277002;1;1;False;3.0867875408233;3.2196014696278;0.13281392880450005;0;2;0;1
kognition;kognition;False;2025-12-01;2025-12-01;1672;1673;2243;2244;1.9983364398439;2.0386456472603;0.04030920741639976;1;1;False;3.2196014696278;3.7892050143531;0.5696035447252998;2;2;1;1
kognition;kognition;False;2025-12-01;2025-12-01;1673;1674;2244;2245;2.0386456472603;2.5121830856213;0.47353743836100026;1;1;False;3.7892050143531;3.7871671413033;-0.0020378730498000763;2;0;1;0
motivation;kognition;True;2025-11-05;2025-11-05;318;319;502;503;1.2951057303566;2.1688746734496;0.8737689430929998;1;1;False;2.3852489463375;3.1172442691244;0.7319953227868998;1;0;1;0
kognition;kognition;False;2025-11-05;2025-11-05;319;320;503;504;2.1688746734496;1.476804441708;-0.6920702317415999;1;1;False;3.1172442691244;2.2750429610691;-0.8422013080553001;0;2;0;1
kognition;performanz;True;2025-11-05;2025-11-05;320;321;504;505;1.476804441708;1.5570911828289;0.08028674112090006;1;1;False;2.2750429610691;2.5553402422033;0.28029728113419994;2;0;1;0
performanz;motivation;True;2025-11-05;2025-11-05;321;322;505;506;1.5570911828289;1.2052751378734;-0.3518160449555001;1;1;False;2.5553402422033;2.5677818078907;0.012441565687400402;0;2;0;1
motivation;performanz;True;2025-11-05;2025-12-10;322;1310;506;1876;1.2052751378734;2.0870902816588;0.8818151437854003;1;1;False;2.5677818078907;4.4145152628884;1.8467334549976995;2;1;1;1
performanz;performanz;False;2025-12-10;2025-12-10;1310;1311;1876;1877;2.0870902816588;1.7655165425851;-0.3215737390737001;1;1;False;4.4145152628884;2.9398724507521;-1.4746428121362998;1;1;1;1
performanz;regulation;True;2025-12-10;2025-12-10;1311;1312;1877;1878;1.7655165425851;1.4279047558095;-0.3376117867756001;1;1;False;2.9398724507521;3.0240571504654;0.08418469971330023;1;2;1;1
regulation;motivation;True;2025-12-10;2025-12-10;1312;1313;1878;1879;1.4279047558095;0.89333260568571;-0.5345721501237899;1;1;False;3.0240571504654;1.8402929878184;-1.1837641626470001;2;2;1;1
motivation;performanz;True;2025-12-10;2025-12-10;1313;1314;1879;1880;0.89333260568571;1.5618287758453;0.66849617015959;1;1;False;1.8402929878184;1.9879308952083;0.1476379073898999;2;1;1;1
motivation;kognition;True;2025-10-22;2025-10-22;2527;2528;3225;3226;1.2951057303566;2.5684402293092;1.2733344989525999;1;1;False;2.3852489463375;4.7203348418297;2.3350858954922002;1;0;1;0
kognition;kognition;False;2025-10-22;2025-10-22;2528;2529;3226;3227;2.5684402293092;1.6773866972735;-0.8910535320356998;1;1;False;4.7203348418297;3.1560062704863;-1.5643285713434003;0;1;0;1
kognition;motivation;True;2025-10-22;2025-10-22;2529;2530;3227;3228;1.6773866972735;1.5116396645841;-0.16574703268940016;1;1;False;3.1560062704863;3.3246328476177;0.16862657713139972;1;2;1;1
motivation;motivation;False;2025-10-22;2025-10-22;2530;2531;3228;3229;1.5116396645841;1.7915442913418;0.2799046267577001;1;1;False;3.3246328476177;3.3533597644884;0.02872691687070006;2;0;1;0
performanz;kognition;True;2025-03-04;2025-04-01;175;174;284;275;1.553411875812;1.114246137927;-0.439165737885;1;1;False;2.676695890062;2.3851425920755;-0.2915532979865003;0;0;0;0
performanz;kognition;True;2025-11-28;2025-11-28;990;991;1550;1551;1.0546278376074;2.011929137674;0.9573013000666;1;1;False;2.0383290573272;4.1616133039273;2.1232842466001003;0;0;0;0
kognition;kognition;False;2025-11-28;2025-11-28;991;992;1551;1552;2.011929137674;1.6888048282246;-0.32312430944940007;1;1;False;4.1616133039273;2.9577030053811;-1.2039102985462002;0;0;0;0
kognition;kognition;False;2025-11-28;2025-11-28;992;993;1552;1553;1.6888048282246;1.7197401550854;0.030935326860799917;1;1;False;2.9577030053811;2.6745080662689;-0.28319493911219995;0;0;0;0
kognition;kognition;False;2025-11-28;2025-11-28;993;994;1553;1554;1.7197401550854;1.6566860222492;-0.06305413283619998;1;1;False;2.6745080662689;2.4618609597996;-0.21264710646930007;0;0;0;0
kognition;kognition;False;2025-11-28;2025-12-05;994;985;1554;1545;1.6566860222492;1.7348832013882;0.07819717913900015;1;1;False;2.4618609597996;3.586103254132;1.1242422943324;0;1;0;1
kognition;performanz;True;2025-12-05;2025-12-05;985;986;1545;1546;1.7348832013882;1.6348496052309;-0.10003359615730001;1;1;False;3.586103254132;2.5891291552071;-0.9969740989249001;1;1;1;1
performanz;performanz;False;2025-12-05;2025-12-05;986;987;1546;1547;1.6348496052309;1.1310979069143;-0.5037516983166002;1;1;False;2.5891291552071;1.6657688348041;-0.9233603204029999;1;1;1;1
performanz;regulation;True;2025-12-05;2025-12-05;987;988;1547;1548;1.1310979069143;1.9449987244184;0.8139008175041;1;1;False;1.6657688348041;3.8214492248625;2.1556803900584;1;0;1;0
regulation;performanz;True;2025-12-05;2025-12-05;988;989;1548;1549;1.9449987244184;1.5399390735643;-0.4050596508541;1;1;False;3.8214492248625;2.5074879048464;-1.3139613200161002;0;1;0;1
performanz;kognition;True;2025-12-02;2025-12-02;2034;2035;2607;2608;1.4253665391979;2.200270088071;0.7749035488731;1;1;False;2.8935343055325;4.1990309356057;1.3054966300732;0;0;0;0
kognition;kognition;False;2025-12-02;2025-12-02;2035;2036;2608;2609;2.200270088071;1.497714368025;-0.702555720046;1;1;False;4.1990309356057;2.4666707187762;-1.7323602168295;0;1;0;1
kognition;performanz;True;2025-12-02;2025-12-02;2036;2037;2609;2610;1.497714368025;2.260374675858;0.7626603078329999;1;1;False;2.4666707187762;4.5339414150742;2.0672706962980003;1;1;1;1
performanz;regulation;True;2025-12-02;2025-12-02;2037;2038;2610;2611;2.260374675858;1.6521674795534;-0.6082071963045999;1;1;False;4.5339414150742;3.5054604059233;-1.0284810091509002;1;2;1;1
regulation;performanz;True;2025-12-02;2025-12-04;2038;2029;2611;2602;1.6521674795534;2.1744618745086;0.5222943949552001;1;1;False;3.5054604059233;4.4388621375364;0.9334017316131002;2;0;1;0
performanz;methodik;True;2025-12-04;2025-12-04;2029;2030;2602;2603;2.1744618745086;2.1410505413095;-0.03341133319910039;1;1;False;4.4388621375364;4.7299790770357;0.2911169394992994;0;1;0;1
methodik;performanz;True;2025-12-04;2025-12-04;2030;2031;2603;2604;2.1410505413095;2.1602420544193;0.019191513109800162;1;1;False;4.7299790770357;4.0730731755336;-0.6569059015020997;1;0;1;0
performanz;methodik;True;2025-12-04;2025-12-04;2031;2032;2604;2605;2.1602420544193;1.6923157810732;-0.46792627334610004;1;1;False;4.0730731755336;3.4333342274091;-0.6397389481245002;0;1;0;1
methodik;performanz;True;2025-12-04;2025-12-04;2032;2033;2605;2606;1.6923157810732;1.7185730315922;0.026257250519000186;1;1;False;3.4333342274091;3.4752254188631;0.04189119145400033;1;0;1;0
performanz;kognition;True;2025-12-04;2025-12-09;2033;2024;2606;2597;1.7185730315922;2.5295856191585;0.8110125875662999;1;1;False;3.4752254188631;3.8675391175028;0.3923136986397;0;1;0;1
kognition;performanz;True;2025-12-09;2025-12-09;2024;2025;2597;2598;2.5295856191585;1.7655165425851;-0.7640690765734;1;1;False;3.8675391175028;2.9398724507521;-0.9276666667507003;1;1;1;1
performanz;performanz;False;2025-12-09;2025-12-09;2025;2026;2598;2599;1.7655165425851;1.6232860077824;-0.14223053480269998;1;1;False;2.9398724507521;2.6936098309784;-0.24626261977370012;1;1;1;1
performanz;performanz;False;2025-12-09;2025-12-09;2026;2027;2599;2600;1.6232860077824;1.5606138560581;-0.06267215172430007;1;1;False;2.6936098309784;2.8459524909515;0.15234265997310015;1;1;1;1
performanz;kognition;True;2025-12-09;2025-12-09;2027;2028;2600;2601;1.5606138560581;2.0937472961032;0.5331334400451002;1;1;False;2.8459524909515;3.79908591483;0.9531334238785001;1;4;1;1
performanz;kognition;True;2025-02-10;2025-08-25;819;812;1235;1190;1.0;2.3289522253193;1.3289522253192998;1;1;False;1.2396455138466;4.3258647160129;3.0862192021662995;0;1;0;1
kognition;kognition;False;2025-08-25;2025-08-25;812;813;1190;1191;2.3289522253193;2.2069589158005;-0.12199330951879972;1;1;False;4.3258647160129;3.916840808544;-0.40902390746889994;1;0;1;0
kognition;regulation;True;2025-08-25;2025-08-25;813;814;1191;1192;2.2069589158005;1.9126138920563;-0.2943450237442;1;1;False;3.916840808544;4.0164817262936;0.09964091774960027;0;0;0;0
regulation;regulation;False;2025-08-25;2025-08-25;814;815;1192;1193;1.9126138920563;1.6593102589405;-0.25330363311580006;1;1;False;4.0164817262936;3.445161991689;-0.5713197346046002;0;0;0;0
regulation;performanz;True;2025-08-25;2025-08-25;815;816;1193;1194;1.6593102589405;1.8490362237485;0.18972596480800008;1;1;False;3.445161991689;3.7094848636328;0.2643228719438002;0;0;0;0
performanz;regulation;True;2025-08-25;2025-09-01;816;803;1194;1181;1.8490362237485;2.2831943720438;0.4341581482953001;1;1;False;3.7094848636328;4.6221765003632;0.9126916367304001;0;1;0;1
regulation;kognition;True;2025-09-01;2025-09-01;803;804;1181;1182;2.2831943720438;2.2069589158005;-0.07623545624330008;1;1;False;4.6221765003632;3.916840808544;-0.7053356918192004;1;0;1;0
kognition;regulation;True;2025-09-01;2025-09-01;804;805;1182;1183;2.2069589158005;2.3358286965014;0.12886978070089983;1;1;False;3.916840808544;4.766014081322;0.8491732727780001;0;0;0;0
regulation;regulation;False;2025-09-01;2025-09-01;805;806;1183;1184;2.3358286965014;1.0959483968476;-1.2398802996537999;1;1;False;4.766014081322;1.6538928464461;-3.1121212348759;0;0;0;0
regulation;motivation;True;2025-09-01;2025-09-01;806;807;1184;1185;1.0959483968476;1.2623925324906;0.16644413564299998;1;1;False;1.6538928464461;2.6261746889041;0.9722818424580002;0;0;0;0
motivation;kognition;True;2025-09-01;2025-09-15;807;793;1185;1171;1.2623925324906;2.5299323006465;1.2675397681559002;1;1;False;2.6261746889041;4.4248015064122;1.7986268175080995;0;0;0;0
kognition;kognition;False;2025-09-15;2025-09-15;793;794;1171;1172;2.5299323006465;2.5684402293092;0.0385079286626997;1;1;False;4.4248015064122;4.7203348418297;0.2955333354175007;0;0;0;0
kognition;motivation;True;2025-09-15;2025-09-15;794;795;1172;1173;2.5684402293092;2.0519663720169;-0.5164738572922998;1;1;False;4.7203348418297;4.2418067613595;-0.4785280804702001;0;1;0;1
motivation;regulation;True;2025-09-15;2025-09-15;795;796;1173;1174;2.0519663720169;1.0748847029185;-0.9770816690984001;1;1;False;4.2418067613595;2.1705909655679;-2.0712157957916;1;1;1;1
regulation;kognition;True;2025-09-15;2025-09-15;796;797;1174;1175;1.0748847029185;1.5921009565853;0.5172162536667999;1;1;False;2.1705909655679;3.2676087905419;1.097017824974;1;0;1;0
kognition;kognition;False;2025-09-15;2025-09-22;797;783;1175;1161;1.5921009565853;2.340692642289;0.7485916857037;1;1;False;3.2676087905419;4.0340534938675;0.7664447033255999;0;0;0;0
kognition;kognition;False;2025-09-22;2025-09-22;783;784;1161;1162;2.340692642289;2.1969604991137;-0.14373214317530003;1;1;False;4.0340534938675;3.9082087439743;-0.12584474989319983;0;1;0;1
kognition;performanz;True;2025-09-22;2025-09-22;784;785;1162;1163;2.1969604991137;2.1602420544193;-0.0367184446944;1;1;False;3.9082087439743;4.0730731755336;0.16486443155929997;1;0;1;0
performanz;kognition;True;2025-09-22;2025-09-22;785;786;1163;1164;2.1602420544193;2.1505046567471;-0.009737397672199943;1;1;False;4.0730731755336;3.4817423048328;-0.5913308707008;0;0;0;0
kognition;performanz;True;2025-09-22;2025-09-22;786;787;1164;1165;2.1505046567471;1.5570911828289;-0.5934134739182;1;1;False;3.4817423048328;2.5553402422033;-0.9264020626295002;0;0;0;0
performanz;kognition;True;2025-09-22;2025-09-29;787;774;1165;1152;1.5570911828289;2.5299323006465;0.9728411178176002;1;1;False;2.5553402422033;4.4248015064122;1.8694612642089;0;0;0;0
kognition;performanz;True;2025-09-29;2025-09-29;774;775;1152;1153;2.5299323006465;1.4780206620485;-1.0519116385980003;1;1;False;4.4248015064122;3.1813676431278;-1.2434338632843995;0;0;0;0
performanz;regulation;True;2025-09-29;2025-09-29;775;776;1153;1154;1.4780206620485;1.0959483968476;-0.3820722652008999;1;1;False;3.1813676431278;1.6538928464461;-1.5274747966817002;0;0;0;0
regulation;kognition;True;2025-09-29;2025-09-29;776;777;1154;1155;1.0959483968476;2.5121830856213;1.4162346887737;1;1;False;1.6538928464461;3.7871671413033;2.1332742948572;0;0;0;0
kognition;kognition;False;2025-09-29;2025-09-29;777;778;1155;1156;2.5121830856213;1.9947276918836;-0.5174553937377;1;1;False;3.7871671413033;3.6328672145636;-0.15429992673970006;0;1;0;1
kognition;kognition;False;2025-09-29;2025-10-20;778;761;1156;1139;1.9947276918836;2.3310275582356;0.33629986635200004;1;1;False;3.6328672145636;3.6813879930869;0.048520778523299946;1;0;1;0
kognition;kognition;False;2025-10-20;2025-10-20;761;762;1139;1140;2.3310275582356;1.8767956837469;-0.45423187448870017;1;1;False;3.6813879930869;3.644316435302;-0.03707155778489968;0;1;0;1
kognition;kognition;False;2025-10-20;2025-10-20;762;763;1140;1141;1.8767956837469;1.7353345284312;-0.14146115531569992;1;1;False;3.644316435302;2.9900649591247;-0.6542514761773002;1;0;1;0
kognition;kognition;False;2025-10-20;2025-10-20;763;764;1141;1142;1.7353345284312;1.9316956848234;0.19636115639219986;1;1;False;2.9900649591247;3.8905038385904;0.9004388794657001;0;1;0;1
kognition;kognition;False;2025-10-20;2025-10-20;764;765;1142;1143;1.9316956848234;2.1820491743331;0.25035348950970016;1;1;False;3.8905038385904;4.4336617364237;0.5431578978332996;1;0;1;0
kognition;kognition;False;2025-10-20;2025-10-27;765;747;1143;1125;2.1820491743331;2.5299323006465;0.3478831263134001;1;1;False;4.4336617364237;4.4248015064122;-0.008860230011499937;0;0;0;0
kognition;kognition;False;2025-10-27;2025-10-27;747;748;1125;1126;2.5299323006465;2.5684402293092;0.0385079286626997;1;1;False;4.4248015064122;4.7203348418297;0.2955333354175007;0;0;0;0
kognition;kognition;False;2025-10-27;2025-10-27;748;749;1126;1127;2.5684402293092;1.7197401550854;-0.8487000742238;1;1;False;4.7203348418297;2.6745080662689;-2.0458267755608004;0;0;0;0
kognition;kognition;False;2025-10-27;2025-10-27;749;750;1127;1128;1.7197401550854;1.7810481523429;0.061307997257500135;1;1;False;2.6745080662689;3.4485985759833;0.7740905097144002;0;1;0;1
kognition;kognition;False;2025-10-27;2025-11-03;750;738;1128;1116;1.7810481523429;2.0547114305757;0.2736632782328001;1;1;False;3.4485985759833;4.0202243037138;0.5716257277304995;1;0;1;0
kognition;kognition;False;2025-11-03;2025-11-03;738;739;1116;1117;2.0547114305757;1.9342871926371;-0.12042423793860024;1;1;False;4.0202243037138;3.1073267084519;-0.9128975952618998;0;1;0;1
kognition;kognition;False;2025-11-03;2025-11-03;739;740;1117;1118;1.9342871926371;1.7810481523429;-0.15323904029419988;1;1;False;3.1073267084519;3.4485985759833;0.3412718675314004;1;1;1;1
kognition;motivation;True;2025-11-03;2025-11-03;740;741;1118;1119;1.7810481523429;2.0818792519938;0.3008310996508998;1;1;False;3.4485985759833;4.2766590717479;0.8280604957645994;1;0;1;0
motivation;kognition;True;2025-11-03;2025-11-03;741;742;1119;1120;2.0818792519938;1.2611174102;-0.8207618417937999;1;1;False;4.2766590717479;2.3952654381643;-1.8813936335835995;0;0;0;0
kognition;regulation;True;2025-11-03;2025-11-10;742;1228;1120;1792;1.2611174102;2.2831943720438;1.0220769618438001;1;1;False;2.3952654381643;4.6221765003632;2.2269110621989;0;1;0;1
regulation;kognition;True;2025-11-10;2025-11-10;1228;1229;1792;1793;2.2831943720438;2.5726698491549;0.2894754771110999;1;1;False;4.6221765003632;4.9706070017029;0.3484305013397;1;0;1;0
kognition;kognition;False;2025-11-10;2025-11-10;1229;1230;1793;1794;2.5726698491549;1.8346726067272;-0.7379972424277002;1;1;False;4.9706070017029;3.2578547618;-1.7127522399029003;0;0;0;0
kognition;performanz;True;2025-11-10;2025-11-10;1230;1231;1794;1795;1.8346726067272;2.06132346452;0.22665085779280014;1;1;False;3.2578547618;3.8092753542734;0.5514205924733999;0;0;0;0
performanz;kognition;True;2025-11-10;2025-11-17;1231;1219;1795;1783;2.06132346452;2.0547114305757;-0.006612033944299878;1;1;False;3.8092753542734;4.0202243037138;0.21094894944039977;0;0;0;0
kognition;regulation;True;2025-11-17;2025-11-17;1219;1220;1783;1784;2.0547114305757;-1.712806806005;-3.7675182365807;1;-1;True;4.0202243037138;2.9653595495889;-1.0548647541248997;0;1;0;1
regulation;kognition;True;2025-11-17;2025-11-17;1220;1221;1784;1785;-1.712806806005;2.2147698359634;3.9275766419683995;-1;1;True;2.9653595495889;4.5051999610504;1.5398404114615003;1;0;1;0
kognition;kognition;False;2025-11-17;2025-11-17;1221;1222;1785;1786;2.2147698359634;2.1820491743331;-0.03272066163029974;1;1;False;4.5051999610504;4.4336617364237;-0.07153822462670067;0;0;0;0
kognition;kognition;False;2025-11-17;2025-11-17;1222;1223;1786;1787;2.1820491743331;2.1462963786463;-0.03575279568680001;1;1;False;4.4336617364237;4.3406553652064;-0.09300637121729949;0;1;0;1
kognition;kognition;False;2025-11-17;2025-11-24;1223;1214;1787;1778;2.1462963786463;2.5299323006465;0.38363592200020014;1;1;False;4.3406553652064;4.4248015064122;0.08414614120579955;1;0;1;0
kognition;kognition;False;2025-11-24;2025-11-24;1214;1215;1778;1779;2.5299323006465;1.8124059963247;-0.7175263043218003;1;1;False;4.4248015064122;2.7008782028216;-1.7239233035905999;0;0;0;0
kognition;regulation;True;2025-11-24;2025-11-24;1215;1216;1779;1780;1.8124059963247;1.9126138920563;0.10020789573160016;1;1;False;2.7008782028216;4.0164817262936;1.3156035234720003;0;0;0;0
regulation;methodik;True;2025-11-24;2025-11-24;1216;1217;1780;1781;1.9126138920563;1.6923157810732;-0.22029811098310015;1;1;False;4.0164817262936;3.4333342274091;-0.5831474988845002;0;1;0;1
methodik;performanz;True;2025-11-24;2025-11-24;1217;1218;1781;1782;1.6923157810732;1.7623605672214;0.07004478614820009;1;1;False;3.4333342274091;3.1844962872024;-0.24883794020670003;1;0;1;0
performanz;kognition;True;2025-11-24;2025-12-01;1218;1205;1782;1768;1.7623605672214;1.6517086769815;-0.11065189023990007;1;1;False;3.1844962872024;3.1105149252108;-0.07398136199159966;0;0;0;0
kognition;performanz;True;2025-12-01;2025-12-01;1205;1206;1768;1769;1.6517086769815;1.8608741963844;0.20916551940290007;1;1;False;3.1105149252108;3.0556171049096;-0.05489782030120027;0;0;0;0
performanz;performanz;False;2025-12-01;2025-12-01;1206;1207;1769;1770;1.8608741963844;1.8171380778151;-0.04373611856929993;1;1;False;3.0556171049096;3.771468009549;0.7158509046393999;0;0;0;0
performanz;kognition;True;2025-12-01;2025-12-01;1207;1208;1770;1771;1.8171380778151;1.7197401550854;-0.09739792272970016;1;1;False;3.771468009549;2.6745080662689;-1.0969599432800998;0;0;0;0
kognition;kognition;False;2025-12-01;2025-12-01;1208;1209;1771;1772;1.7197401550854;2.1820491743331;0.4623090192477002;1;1;False;2.6745080662689;4.4336617364237;1.7591536701547996;0;0;0;0
kognition;performanz;True;2025-12-01;2025-12-08;1209;1196;1772;1759;2.1820491743331;2.1625397852702;-0.019509389062899896;1;1;False;4.4336617364237;4.5039203437359;0.07025860731220046;0;0;0;0
performanz;methodik;True;2025-12-08;2025-12-08;1196;1197;1759;1760;2.1625397852702;2.1410505413095;-0.0214892439607004;1;1;False;4.5039203437359;4.7299790770357;0.22605873329979964;0;1;0;1
methodik;regulation;True;2025-12-08;2025-12-08;1197;1198;1760;1761;2.1410505413095;2.5051943093294;0.3641437680199;1;1;False;4.7299790770357;4.9669401934215;0.23696111638580053;1;0;1;0
regulation;performanz;True;2025-12-08;2025-12-08;1198;1199;1761;1762;2.5051943093294;2.3969338314309;-0.10826047789849991;1;1;False;4.9669401934215;4.8647814867475;-0.1021587066740004;0;0;0;0
performanz;regulation;True;2025-12-08;2025-12-08;1199;1200;1762;1763;2.3969338314309;2.1507426574126;-0.24619117401829982;1;1;False;4.8647814867475;4.0230266961372;-0.8417547906102998;0;0;0;0
regulation;performanz;True;2025-12-08;2026-01-19;1200;1188;1763;1751;2.1507426574126;1.5752921706211;-0.5754504867915;1;1;False;4.0230266961372;3.3390173794307;-0.6840093167065002;0;0;0;0
performanz;kognition;True;2026-01-19;2026-01-19;1188;1189;1751;1752;1.5752921706211;2.0772518399554;0.5019596693342998;1;1;False;3.3390173794307;3.5046583852388;0.16564100580810015;0;1;0;1
kognition;performanz;True;2026-01-19;2026-01-19;1189;1190;1752;1753;2.0772518399554;1.171031134971;-0.9062207049843998;1;1;False;3.5046583852388;2.3554216638968;-1.149236721342;1;0;1;0
performanz;performanz;False;2026-01-19;2026-01-19;1190;1191;1753;1754;1.171031134971;1.7576385021604;0.5866073671893999;1;1;False;2.3554216638968;3.4507597507663;1.0953380868695;0;0;0;0
kognition;kognition;False;2025-08-26;2025-08-26;294;295;460;461;2.1740412824802;2.0758103279544;-0.09823095452580022;1;1;False;3.5213129836393;4.4037939267681;0.8824809431288001;0;1;0;1
kognition;kognition;False;2025-08-26;2025-08-26;295;296;461;462;2.0758103279544;2.2009129520582;0.12510262410380024;1;1;False;4.4037939267681;3.5655874874173;-0.8382064393507997;1;0;1;0
kognition;methodik;True;2025-08-26;2025-08-26;296;297;462;463;2.2009129520582;2.0534298272575;-0.14748312480070025;1;1;False;3.5655874874173;3.8995392280503;0.3339517406329997;0;0;0;0
methodik;kognition;True;2025-08-26;2025-09-02;297;289;463;455;2.0534298272575;2.0547114305757;0.001281603318200375;1;1;False;3.8995392280503;4.0202243037138;0.12068507566349984;0;0;0;0
kognition;kognition;False;2025-09-02;2025-09-02;289;290;455;456;2.0547114305757;2.6228056368715;0.5680942062957999;1;1;False;4.0202243037138;4.6361765459891;0.6159522422753003;0;0;0;0
kognition;kognition;False;2025-09-02;2025-09-02;290;291;456;457;2.6228056368715;0.811;-1.8118056368715;1;1;False;4.6361765459891;0.99141868047763;-3.64475786551147;0;1;0;1
kognition;motivation;True;2025-09-02;2025-09-02;291;292;457;458;0.811;1.8151486855143;1.0041486855142998;1;1;False;0.99141868047763;2.9587323352089;1.96731365473127;1;0;1;0
motivation;performanz;True;2025-09-02;2025-09-02;292;293;458;459;1.8151486855143;1.5570911828289;-0.25805750268539995;1;1;False;2.9587323352089;2.5553402422033;-0.4033920930056003;0;0;0;0
performanz;kognition;True;2025-09-02;2025-09-09;293;284;459;450;1.5570911828289;2.1928329711058;0.6357417882768999;1;1;False;2.5553402422033;3.9028243912711;1.3474841490678;0;1;0;1
kognition;kognition;False;2025-09-09;2025-09-09;284;285;450;451;2.1928329711058;1.8124059963247;-0.3804269747811;1;1;False;3.9028243912711;2.7008782028216;-1.2019461884495;1;0;1;0
kognition;kognition;False;2025-09-09;2025-09-09;285;286;451;452;1.8124059963247;2.4036580249543;0.5912520286296001;1;1;False;2.7008782028216;4.6452590913521;1.9443808885305005;0;1;0;1
kognition;performanz;True;2025-09-09;2025-09-09;286;287;452;453;2.4036580249543;1.7576385021604;-0.6460195227939001;1;1;False;4.6452590913521;3.4507597507663;-1.1944993405858004;1;0;1;0
performanz;regulation;True;2025-09-09;2025-09-09;287;288;453;454;1.7576385021604;1.0748847029185;-0.6827537992418999;1;1;False;3.4507597507663;2.1705909655679;-1.2801687851983998;0;1;0;1
regulation;performanz;True;2025-09-09;2025-09-16;288;279;454;445;1.0748847029185;2.1834193470863;1.1085346441678;1;1;False;2.1705909655679;4.7272578340427;2.5566668684747995;1;1;1;1
performanz;performanz;False;2025-09-16;2025-09-16;279;280;445;446;2.1834193470863;1.4780206620485;-0.7053986850378;1;1;False;4.7272578340427;3.1813676431278;-1.5458901909148994;1;0;1;0
performanz;kognition;True;2025-09-16;2025-09-16;280;281;446;447;1.4780206620485;1.9788076577981;0.5007869957496001;1;1;False;3.1813676431278;3.9084723722527;0.7271047291248998;0;2;0;1
kognition;regulation;True;2025-09-16;2025-09-16;281;282;447;448;1.9788076577981;1.9791706721549;0.0003630143568000843;1;1;False;3.9084723722527;4.2157345291432;0.30726215689049985;2;0;1;0
regulation;kognition;True;2025-09-16;2025-09-16;282;283;448;449;1.9791706721549;1.6888048282246;-0.29036584393030007;1;1;False;4.2157345291432;2.9577030053811;-1.2580315237620998;0;0;0;0
kognition;performanz;True;2025-09-16;2025-09-23;283;275;449;441;1.6888048282246;2.1834193470863;0.49461451886169994;1;1;False;2.9577030053811;4.7272578340427;1.7695548286615996;0;1;0;1
performanz;performanz;False;2025-09-23;2025-09-23;275;276;441;442;2.1834193470863;-1.8674785612985;-4.0508979083848;1;-1;True;4.7272578340427;2.1129969924978;-2.6142608415449;1;0;1;0
performanz;kognition;True;2025-09-23;2025-09-23;276;277;442;443;-1.8674785612985;1.8029567262567;3.6704352875552;-1;1;True;2.1129969924978;2.8302921275034;0.7172951350056;0;0;0;0
kognition;regulation;True;2025-09-23;2025-09-23;277;278;443;444;1.8029567262567;2.313833831872;0.5108771056153001;1;1;False;2.8302921275034;4.9946265310618;2.1643344035584002;0;1;0;1
regulation;regulation;False;2025-09-23;2025-09-30;278;273;444;439;2.313833831872;1.0748847029185;-1.2389491289535;1;1;False;4.9946265310618;2.1705909655679;-2.8240355654939;1;1;1;1
regulation;regulation;False;2025-09-30;2025-09-30;273;274;439;440;1.0748847029185;1.9603476546835;0.8854629517649999;1;1;False;2.1705909655679;4.105530115666;1.9349391500981001;1;0;1;0
regulation;kognition;True;2025-09-30;2025-10-07;274;268;440;434;1.9603476546835;1.919667488646;-0.04068016603750002;1;1;False;4.105530115666;3.1988921097457;-0.9066380059203003;0;0;0;0
kognition;methodik;True;2025-10-07;2025-10-07;268;269;434;435;1.919667488646;1.3071304723696;-0.6125370162763999;1;1;False;3.1988921097457;2.3428052989296;-0.8560868108160999;0;0;0;0
methodik;kognition;True;2025-10-07;2025-10-07;269;270;435;436;1.3071304723696;2.1820491743331;0.8749187019635001;1;1;False;2.3428052989296;4.4336617364237;2.0908564374940997;0;0;0;0
kognition;kognition;False;2025-10-07;2025-10-07;270;271;436;437;2.1820491743331;1.8346238946577;-0.34742527967540004;1;1;False;4.4336617364237;3.050519966414;-1.3831417700096997;0;0;0;0
kognition;performanz;True;2025-10-07;2025-10-07;271;272;437;438;1.8346238946577;1.8125938090566;-0.02203008560109998;1;1;False;3.050519966414;3.4721038792412;0.4215839128272001;0;0;0;0
performanz;regulation;True;2025-10-07;2025-10-21;272;263;438;429;1.8125938090566;2.277567118539;0.4649733094823998;1;1;False;3.4721038792412;4.625382459712;1.1532785804708001;0;1;0;1
regulation;kognition;True;2025-10-21;2025-10-21;263;264;429;430;2.277567118539;2.1688746734496;-0.10869244508940001;1;1;False;4.625382459712;3.1172442691244;-1.5081381905876001;1;0;1;0
kognition;kognition;False;2025-10-21;2025-10-21;264;265;430;431;2.1688746734496;1.8941985677148;-0.2746761057347997;1;1;False;3.1172442691244;3.5717878102127;0.4545435410883001;0;0;0;0
kognition;motivation;True;2025-10-21;2025-10-21;265;266;431;432;1.8941985677148;1.2623925324906;-0.6318060352242001;1;1;False;3.5717878102127;2.6261746889041;-0.9456131213085999;0;0;0;0
motivation;kognition;True;2025-10-21;2025-10-21;266;267;432;433;1.2623925324906;2.1107934644134;0.8484009319227999;1;1;False;2.6261746889041;3.6856067041269;1.0594320152227996;0;1;0;1
kognition;kognition;False;2025-10-21;2025-10-28;267;258;433;424;2.1107934644134;2.4326861730502;0.3218927086368;1;1;False;3.6856067041269;4.9394420737157;1.2538353695888;1;0;1;0
kognition;kognition;False;2025-10-28;2025-10-28;258;259;424;425;2.4326861730502;2.4784503914436;0.04576421839339995;1;1;False;4.9394420737157;3.9956993418333;-0.9437427318823999;0;0;0;0
kognition;kognition;False;2025-10-28;2025-10-28;259;260;425;426;2.4784503914436;1.8346238946577;-0.6438264967858998;1;1;False;3.9956993418333;3.050519966414;-0.9451793754193001;0;0;0;0
kognition;motivation;True;2025-10-28;2025-10-28;260;261;426;427;1.8346238946577;0.292;-1.5426238946577;1;1;False;3.050519966414;0.47720959755646;-2.57331036885754;0;0;0;0
motivation;regulation;True;2025-10-28;2025-10-28;261;262;427;428;0.292;1.0959483968476;0.8039483968476;1;1;False;0.47720959755646;1.6538928464461;1.1766832488896402;0;0;0;0
regulation;regulation;False;2025-10-28;2025-11-04;262;254;428;420;1.0959483968476;2.2831943720438;1.1872459751962001;1;1;False;1.6538928464461;4.6221765003632;2.9682836539171005;0;1;0;1
regulation;kognition;True;2025-11-04;2025-11-04;254;255;420;421;2.2831943720438;1.752927244018;-0.5302671280258002;1;1;False;4.6221765003632;3.2645506643148;-1.3576258360484004;1;0;1;0
kognition;motivation;True;2025-11-04;2025-11-04;255;256;421;422;1.752927244018;2.0519663720169;0.2990391279989002;1;1;False;3.2645506643148;4.2418067613595;0.9772560970447004;0;1;0;1
motivation;regulation;True;2025-11-04;2025-11-04;256;257;422;423;2.0519663720169;2.3378029514569;0.28583657943999974;1;1;False;4.2418067613595;4.1845300685627;-0.057276692796800255;1;0;1;0
regulation;kognition;True;2025-11-04;2025-11-11;257;1363;423;1929;2.3378029514569;1.752927244018;-0.5848757074388999;1;1;False;4.1845300685627;3.2645506643148;-0.9199794042479001;0;0;0;0
kognition;motivation;True;2025-11-11;2025-11-11;1363;1364;1929;1930;1.752927244018;0.85188551646247;-0.9010417275555299;1;1;False;3.2645506643148;1.5890209998845;-1.6755296644303;0;0;0;0
motivation;regulation;True;2025-11-11;2025-11-11;1364;1365;1930;1931;0.85188551646247;1.0959483968476;0.24406288038513002;1;1;False;1.5890209998845;1.6538928464461;0.06487184656160006;0;0;0;0
regulation;regulation;False;2025-11-11;2025-11-11;1365;1366;1931;1932;1.0959483968476;2.3556487699433;1.2597003730957002;1;1;False;1.6538928464461;4.8061660753965;3.1522732289504;0;0;0;0
regulation;performanz;True;2025-11-11;2025-11-18;1366;1359;1932;1925;2.3556487699433;2.1625397852702;-0.1931089846731;1;1;False;4.8061660753965;4.5039203437359;-0.30224573166059976;0;0;0;0
performanz;kognition;True;2025-11-18;2025-11-18;1359;1360;1925;1926;2.1625397852702;2.0091885173157;-0.15335126795450016;1;1;False;4.5039203437359;4.2213360198657;-0.28258432387019994;0;1;0;1
kognition;regulation;True;2025-11-18;2025-11-18;1360;1361;1926;1927;2.0091885173157;2.0503520248393;0.041163507523600096;1;1;False;4.2213360198657;3.788560861412;-0.4327751584537003;1;0;1;0
regulation;kognition;True;2025-11-18;2025-11-18;1361;1362;1927;1928;2.0503520248393;1.7353345284312;-0.31501749640810006;1;1;False;3.788560861412;2.9900649591247;-0.7984959022872999;0;0;0;0
kognition;performanz;True;2025-11-18;2025-11-25;1362;1355;1928;1921;1.7353345284312;1.0546278376074;-0.6807066908238;1;1;False;2.9900649591247;2.0383290573272;-0.9517359017975;0;0;0;0
performanz;kognition;True;2025-11-25;2025-11-25;1355;1356;1921;1922;1.0546278376074;2.1969604991137;1.1423326615062999;1;1;False;2.0383290573272;3.9082087439743;1.8698796866471001;0;1;0;1
kognition;motivation;True;2025-11-25;2025-11-25;1356;1357;1922;1923;2.1969604991137;2.2556815328026;0.058721033688899915;1;1;False;3.9082087439743;3.8951583485864;-0.013050395387899982;1;2;1;1
motivation;kognition;True;2025-11-25;2025-11-25;1357;1358;1923;1924;2.2556815328026;1.7197401550854;-0.5359413777172;1;1;False;3.8951583485864;2.6745080662689;-1.2206502823175;2;0;1;0
kognition;kognition;False;2025-11-25;2025-12-02;1358;1350;1924;1916;1.7197401550854;1.9138365334644;0.19409637837900018;1;1;False;2.6745080662689;3.2342344427424;0.5597263764734999;0;2;0;1
kognition;performanz;True;2025-12-02;2025-12-02;1350;1351;1916;1917;1.9138365334644;-1.4552652158942;-3.3691017493586;1;-1;True;3.2342344427424;2.4366088452089;-0.7976255975335;2;0;1;0
performanz;methodik;True;2025-12-02;2025-12-02;1351;1352;1917;1918;-1.4552652158942;1.9207781227253;3.3760433386195;-1;1;True;2.4366088452089;3.6468173346965;1.2102084894876;0;2;0;1
methodik;kognition;True;2025-12-02;2025-12-02;1352;1353;1918;1919;1.9207781227253;1.476804441708;-0.44397368101730006;1;1;False;3.6468173346965;2.2750429610691;-1.3717743736274;2;2;1;1
kognition;performanz;True;2025-12-02;2025-12-02;1353;1354;1919;1920;1.476804441708;2.3014253844218;0.8246209427137998;1;1;False;2.2750429610691;4.5347833117075;2.2597403506384;2;0;1;0
performanz;performanz;False;2025-12-02;2025-12-09;1354;1346;1920;1912;2.3014253844218;1.2891289111005;-1.0122964733212998;1;1;False;4.5347833117075;1.5980456774963;-2.9367376342112;0;0;0;0
performanz;kognition;True;2025-12-09;2025-12-09;1346;1347;1912;1913;1.2891289111005;1.6662193362077;0.37709042510720003;1;1;False;1.5980456774963;3.0045876008173;1.4065419233209997;0;1;0;1
kognition;methodik;True;2025-12-09;2025-12-09;1347;1348;1913;1914;1.6662193362077;1.6923157810732;0.02609644486549989;1;1;False;3.0045876008173;3.4333342274091;0.4287466265918001;1;1;1;1
methodik;kognition;True;2025-12-09;2025-12-09;1348;1349;1914;1915;1.6923157810732;1.8702221947077;0.1779064136345001;1;1;False;3.4333342274091;3.8832180547468;0.44988382733769994;1;2;1;1
kognition;kognition;False;2025-11-03;2025-11-03;2159;2160;2733;2734;1.919667488646;2.0339856327016;0.11431814405560004;1;1;False;3.1988921097457;3.7777885891187;0.5788964793730003;0;0;0;0
kognition;motivation;True;2025-11-03;2025-11-03;2160;2161;2734;2735;2.0339856327016;1.4723886372156;-0.5615969954859998;1;1;False;3.7777885891187;2.9357228581996;-0.8420657309191002;0;1;0;1
motivation;regulation;True;2025-11-03;2025-11-03;2161;2162;2735;2736;1.4723886372156;1.4279047558095;-0.044483881406100156;1;1;False;2.9357228581996;3.0240571504654;0.08833429226580014;1;2;1;1
regulation;performanz;True;2025-11-03;2025-11-03;2162;2163;2736;2737;1.4279047558095;1.7212648120425;0.2933600562330001;1;1;False;3.0240571504654;3.276288313951;0.2522311634855998;2;2;1;1
performanz;kognition;True;2025-11-03;2025-11-10;2163;2149;2737;2723;1.7212648120425;2.5676948589789;0.8464300469363999;1;1;False;3.276288313951;4.8411068993645;1.5648185854135002;2;0;1;0
kognition;performanz;True;2025-11-10;2025-11-10;2149;2150;2723;2724;2.5676948589789;1.5197445884373;-1.0479502705416;1;1;False;4.8411068993645;3.4361783473499;-1.4049285520146002;0;1;0;1
performanz;kognition;True;2025-11-10;2025-11-10;2150;2151;2724;2725;1.5197445884373;1.9207934795839;0.4010488911465999;1;1;False;3.4361783473499;2.581090336861;-0.8550880104888998;1;1;1;1
kognition;performanz;True;2025-11-10;2025-11-10;2151;2152;2725;2726;1.9207934795839;1.5570911828289;-0.3637022967549999;1;1;False;2.581090336861;2.5553402422033;-0.025750094657700284;1;0;1;0
regulation;motivation;True;2025-11-03;2025-11-03;1278;1279;1843;1844;1.7810357015046;1.2801121571725;-0.5009235443321001;1;1;False;3.5846603474751;2.2824880971967;-1.3021722502784003;0;0;0;0
motivation;kognition;True;2025-11-03;2025-11-03;1279;1280;1844;1845;1.2801121571725;2.2737656651341;0.9936535079615998;1;1;False;2.2824880971967;4.1458837301014;1.8633956329047003;0;1;0;1
kognition;kognition;False;2025-11-03;2025-11-03;1280;1281;1845;1847;2.2737656651341;0.811;-1.4627656651341;1;1;False;4.1458837301014;0.99141868047763;-3.15446504962377;1;1;1;1
kognition;motivation;True;2025-11-03;2025-11-10;1281;1273;1847;1838;0.811;1.6401735572884;0.8291735572883999;1;1;False;0.99141868047763;2.8880375884253;1.8966189079476696;1;1;1;1
motivation;kognition;True;2025-11-10;2025-11-10;1273;1274;1838;1839;1.6401735572884;2.6141570382954;0.9739834810069998;1;1;False;2.8880375884253;4.7509591241489;1.8629215357236002;1;0;1;0
kognition;kognition;False;2025-11-10;2025-11-10;1274;1275;1839;1840;2.6141570382954;0.45160220709135;-2.1625548312040497;1;1;False;4.7509591241489;0.7559504857546;-3.9950086383943;0;2;0;1
kognition;methodik;True;2025-11-10;2025-11-10;1275;1276;1840;1841;0.45160220709135;1.8245750082058;1.3729728011144502;1;1;False;0.7559504857546;3.8704021062177;3.1144516204631;2;0;1;0
methodik;kognition;True;2025-11-10;2025-11-10;1276;1277;1841;1842;1.8245750082058;1.9788076577981;0.15423264959229988;1;1;False;3.8704021062177;3.9084723722527;0.03807026603500008;0;2;0;1
kognition;kognition;False;2025-11-10;2025-11-17;1277;1268;1842;1833;1.9788076577981;1.919667488646;-0.059140169152100075;1;1;False;3.9084723722527;3.1988921097457;-0.709580262507;2;0;1;0
kognition;kognition;False;2025-11-17;2025-11-17;1268;1269;1833;1834;1.919667488646;2.6141570382954;0.6944895496493999;1;1;False;3.1988921097457;4.7509591241489;1.5520670144032;0;0;0;0
kognition;kognition;False;2025-11-17;2025-11-17;1269;1270;1834;1835;2.6141570382954;1.2999584535744;-1.3141985847209998;1;1;False;4.7509591241489;2.1790951612463;-2.5718639629026;0;1;0;1
kognition;regulation;True;2025-11-17;2025-11-17;1270;1271;1835;1836;1.2999584535744;1.9449987244184;0.645040270844;1;1;False;2.1790951612463;3.8214492248625;1.6423540636162;1;0;1;0
regulation;performanz;True;2025-11-17;2025-11-17;1271;1272;1836;1837;1.9449987244184;2.260374675858;0.31537595143959996;1;1;False;3.8214492248625;4.5339414150742;0.7124921902117003;0;1;0;1
performanz;performanz;False;2025-11-17;2025-11-24;1272;1264;1837;1829;2.260374675858;1.0546278376074;-1.2057468382505998;1;1;False;4.5339414150742;2.0383290573272;-2.4956123577470004;1;0;1;0
performanz;performanz;False;2025-11-24;2025-11-24;1264;1265;1829;1830;1.0546278376074;1.7623605672214;0.7077327296139999;1;1;False;2.0383290573272;3.1844962872024;1.1461672298752;0;2;0;1
performanz;regulation;True;2025-11-24;2025-11-24;1265;1266;1830;1831;1.7623605672214;2.0107729389583;0.24841237173689978;1;1;False;3.1844962872024;4.1826548987587;0.9981586115562999;2;2;1;1
regulation;motivation;True;2025-11-24;2025-11-24;1266;1267;1831;1832;2.0107729389583;1.1646065491769;-0.8461663897813998;1;1;False;4.1826548987587;2.3654242772316;-1.8172306215271;2;4;1;1
motivation;regulation;True;2025-11-24;2025-12-01;1267;1259;1832;1824;1.1646065491769;1.9959356940206;0.8313291448436999;1;1;False;2.3654242772316;4.4551129975811;2.0896887203495003;4;1;1;1
regulation;kognition;True;2025-12-01;2025-12-01;1259;1260;1824;1825;1.9959356940206;1.6662193362077;-0.3297163578128999;1;1;False;4.4551129975811;3.0045876008173;-1.4505253967638003;1;1;1;1
kognition;kognition;False;2025-12-01;2025-12-01;1260;1261;1825;1826;1.6662193362077;1.8702221947077;0.2040028585;1;1;False;3.0045876008173;3.8832180547468;0.8786304539295;1;2;1;1
kognition;kognition;False;2025-12-01;2025-12-01;1261;1262;1826;1827;1.8702221947077;1.7519315898945;-0.11829060481319997;1;1;False;3.8832180547468;3.1175897136971;-0.7656283410497;2;1;1;1
kognition;motivation;True;2025-12-01;2025-12-01;1262;1263;1827;1828;1.7519315898945;1.1890380162526;-0.5628935736419001;1;1;False;3.1175897136971;2.4979615897285;-0.6196281239685999;1;2;1;1
motivation;regulation;True;2025-12-01;2025-12-08;1263;1254;1828;1819;1.1890380162526;2.1828699354367;0.9938319191840999;1;1;False;2.4979615897285;4.0126552337059;1.5146936439773997;2;0;1;0
regulation;performanz;True;2025-12-08;2025-12-08;1254;1255;1819;1820;2.1828699354367;1.7655165425851;-0.4173533928515998;1;1;False;4.0126552337059;2.9398724507521;-1.0727827829537997;0;1;0;1
performanz;motivation;True;2025-12-08;2025-12-08;1255;1256;1820;1821;1.7655165425851;1.2782388005983;-0.48727774198679996;1;1;False;2.9398724507521;2.726925290001;-0.21294716075109976;1;0;1;0
motivation;regulation;True;2025-12-08;2025-12-08;1256;1257;1821;1822;1.2782388005983;1.8319677065092;0.5537289059108998;1;1;False;2.726925290001;3.9096314098023;1.1827061198013;0;1;0;1
regulation;motivation;True;2025-12-08;2025-12-08;1257;1258;1822;1823;1.8319677065092;1.3391291752914;-0.49283853121779986;1;1;False;3.9096314098023;2.9438340136339;-0.9657973961684001;1;1;1;1
motivation;kognition;True;2025-12-08;2026-01-12;1258;1241;1823;1805;1.3391291752914;2.0164952679339;0.6773660926424998;1;1;False;2.9438340136339;3.535433115609;0.5915991019750999;1;1;1;1
kognition;methodik;True;2026-01-12;2026-01-12;1241;1242;1805;1806;2.0164952679339;2.3478293915917;0.3313341236578;1;1;False;3.535433115609;4.8610905793176;1.3256574637086;1;1;1;1
methodik;performanz;True;2026-01-12;2026-01-12;1242;1243;1806;1807;2.3478293915917;2.1258005341702;-0.22202885742149991;1;1;False;4.8610905793176;4.394137892334;-0.4669526869835998;1;1;1;1
performanz;kognition;True;2026-01-12;2026-01-12;1243;1244;1807;1808;2.1258005341702;1.7210596468562;-0.40474088731399993;1;1;False;4.394137892334;3.2680013090368;-1.1261365832972001;1;0;1;0
kognition;kognition;False;2026-01-12;2026-01-12;1244;1245;1808;1809;1.7210596468562;1.8346726067272;0.11361295987099984;1;1;False;3.2680013090368;3.2578547618;-0.010146547236800085;0;0;0;0
kognition;kognition;False;2026-01-12;2026-01-19;1245;1236;1809;1800;1.8346726067272;2.0164952679339;0.1818226612067;1;1;False;3.2578547618;3.535433115609;0.277578353809;0;1;0;1
kognition;kognition;False;2026-01-19;2026-01-19;1236;1237;1800;1801;2.0164952679339;2.0772518399554;0.06075657202149998;1;1;False;3.535433115609;3.5046583852388;-0.030774730370199954;1;1;1;1
kognition;kognition;False;2026-01-19;2026-01-19;1237;1238;1801;1802;2.0772518399554;1.8346726067272;-0.24257923322819996;1;1;False;3.5046583852388;3.2578547618;-0.24680362343880002;1;0;1;0
kognition;kognition;False;2026-01-19;2026-01-19;1238;1239;1802;1803;1.8346726067272;1.6913255113697;-0.1433470953574998;1;1;False;3.2578547618;3.0923204142165;-0.16553434758349983;0;1;0;1
kognition;regulation;True;2026-01-19;2026-01-19;1239;1240;1803;1804;1.6913255113697;1.9611829425497;0.26985743117999994;1;1;False;3.0923204142165;4.1066196583502;1.0142992441337002;1;1;1;1
performanz;kognition;True;2025-08-26;2025-08-26;439;440;649;650;2.1524916087874;2.2375701027702;0.08507849398280021;1;1;False;3.7834187822736;4.04857516276;0.2651563804863999;0;0;0;0
kognition;kognition;False;2025-08-26;2025-08-26;440;441;650;651;2.2375701027702;2.2009129520582;-0.03665715071200015;1;1;False;4.04857516276;3.5655874874173;-0.4829876753426996;0;0;0;0
kognition;regulation;True;2025-08-26;2025-08-26;441;442;651;652;2.2009129520582;1.9126138920563;-0.2882990600019;1;1;False;3.5655874874173;4.0164817262936;0.4508942388763;0;0;0;0
regulation;kognition;True;2025-08-26;2025-09-02;442;434;652;644;1.9126138920563;2.4326861730502;0.5200722809938998;1;1;False;4.0164817262936;4.9394420737157;0.9229603474220998;0;0;0;0
kognition;kognition;False;2025-09-02;2025-09-02;434;435;644;645;2.4326861730502;2.6141570382954;0.18147086524519995;1;1;False;4.9394420737157;4.7509591241489;-0.1884829495667999;0;0;0;0
kognition;motivation;True;2025-09-02;2025-09-02;435;436;645;646;2.6141570382954;1.1140601570329;-1.5000968812624997;1;1;False;4.7509591241489;2.2244020276868;-2.5265570964621;0;0;0;0
motivation;kognition;True;2025-09-02;2025-09-02;436;437;646;647;1.1140601570329;1.9983364398439;0.884276282811;1;1;False;2.2244020276868;3.4475065704142;1.2231045427274;0;0;0;0
kognition;kognition;False;2025-09-02;2025-09-02;437;438;647;648;1.9983364398439;1.9179730577314;-0.08036338211250005;1;1;False;3.4475065704142;2.5315625227324;-0.9159440476817999;0;0;0;0
kognition;kognition;False;2025-09-02;2025-09-09;438;429;648;639;1.9179730577314;2.4410982889583;0.5231252312269001;1;1;False;2.5315625227324;4.2776947265947;1.7461322038623002;0;0;0;0
kognition;motivation;True;2025-09-09;2025-09-09;429;430;639;640;2.4410982889583;1.376852504409;-1.0642457845493;1;1;False;4.2776947265947;2.4862506965683;-1.7914440300264003;0;0;0;0
motivation;performanz;True;2025-09-09;2025-09-09;430;431;640;641;1.376852504409;-1.4208154801294;-2.7976679845384;1;-1;True;2.4862506965683;2.4266476899275;-0.05960300664079998;0;0;0;0
performanz;performanz;False;2025-09-09;2025-09-09;431;432;641;642;-1.4208154801294;1.5197445884373;2.9405600685667;-1;1;True;2.4266476899275;3.4361783473499;1.0095306574224;0;1;0;1
performanz;methodik;True;2025-09-09;2025-09-09;432;433;642;643;1.5197445884373;1.8245750082058;0.3048304197685001;1;1;False;3.4361783473499;3.8704021062177;0.43422375886779996;1;0;1;0
methodik;kognition;True;2025-09-09;2025-09-16;433;426;643;636;1.8245750082058;1.752927244018;-0.07164776418780017;1;1;False;3.8704021062177;3.2645506643148;-0.6058514419029;0;0;0;0
kognition;motivation;True;2025-09-16;2025-09-16;426;427;636;637;1.752927244018;1.7887542255783;0.035826981560300064;1;1;False;3.2645506643148;3.6925617798486;0.4280111155338;0;0;0;0
motivation;kognition;True;2025-09-16;2025-09-16;427;428;637;638;1.7887542255783;2.2741683893754;0.4854141637970999;1;1;False;3.6925617798486;4.4226026497114;0.7300408698627998;0;0;0;0
kognition;kognition;False;2025-09-16;2025-09-23;428;421;638;631;2.2741683893754;2.3310275582356;0.05685916886020026;1;1;False;4.4226026497114;3.6813879930869;-0.7412146566244999;0;0;0;0
kognition;kognition;False;2025-09-23;2025-09-23;421;422;631;632;2.3310275582356;2.6228056368715;0.2917780786358999;1;1;False;3.6813879930869;4.6361765459891;0.9547885529022002;0;0;0;0
kognition;regulation;True;2025-09-23;2025-09-23;422;423;632;633;2.6228056368715;1.8368648761565;-0.785940760715;1;1;False;4.6361765459891;4.1100040351697;-0.5261725108194;0;0;0;0
regulation;methodik;True;2025-09-23;2025-09-23;423;424;633;634;1.8368648761565;2.0353585414423;0.19849366528579981;1;1;False;4.1100040351697;4.1877424962358;0.07773846106610005;0;0;0;0
methodik;kognition;True;2025-09-23;2025-09-23;424;425;634;635;2.0353585414423;1.9316956848234;-0.10366285661889996;1;1;False;4.1877424962358;3.8905038385904;-0.29723865764540003;0;1;0;1
kognition;kognition;False;2025-09-23;2025-09-30;425;416;635;626;1.9316956848234;2.4410982889583;0.5094026041349002;1;1;False;3.8905038385904;4.2776947265947;0.38719088800430024;1;0;1;0
kognition;kognition;False;2025-09-30;2025-09-30;416;417;626;627;2.4410982889583;2.5684402293092;0.12734194035089974;1;1;False;4.2776947265947;4.7203348418297;0.44264011523500013;0;0;0;0
kognition;performanz;True;2025-09-30;2025-09-30;417;418;627;628;2.5684402293092;2.0864958050995;-0.48194442420969974;1;1;False;4.7203348418297;3.9909291971125;-0.7294056447172004;0;0;0;0
performanz;regulation;True;2025-09-30;2025-09-30;418;419;628;629;2.0864958050995;1.9411488061702;-0.14534699892930014;1;1;False;3.9909291971125;3.6709941375368;-0.3199350595757;0;1;0;1
regulation;methodik;True;2025-09-30;2025-09-30;419;420;629;630;1.9411488061702;1.6923157810732;-0.24883302509700012;1;1;False;3.6709941375368;3.4333342274091;-0.23765991012770016;1;1;1;1
methodik;performanz;True;2025-09-30;2025-10-21;420;411;630;621;1.6923157810732;2.1625397852702;0.4702240041970003;1;1;False;3.4333342274091;4.5039203437359;1.0705861163268002;1;0;1;0
performanz;kognition;True;2025-10-21;2025-10-21;411;412;621;622;2.1625397852702;2.0311230831007;-0.13141670216950008;1;1;False;4.5039203437359;3.8229300313861;-0.6809903123498002;0;0;0;0
kognition;methodik;True;2025-10-21;2025-10-21;412;413;622;623;2.0311230831007;1.3071304723696;-0.7239926107311001;1;1;False;3.8229300313861;2.3428052989296;-1.4801247324565;0;2;0;1
methodik;kognition;True;2025-10-21;2025-10-21;413;414;623;624;1.3071304723696;1.3594756108737;0.05234513850410005;1;1;False;2.3428052989296;2.0764094036694;-0.2663958952601999;2;2;1;1
kognition;kognition;False;2025-10-21;2025-10-21;414;415;624;625;1.3594756108737;2.1820491743331;0.8225735634594;1;1;False;2.0764094036694;4.4336617364237;2.3572523327542996;2;0;1;0
kognition;performanz;True;2025-10-21;2025-10-28;415;406;625;616;2.1820491743331;2.1524916087874;-0.029557565545700104;1;1;False;4.4336617364237;3.7834187822736;-0.6502429541500998;0;0;0;0
performanz;kognition;True;2025-10-28;2025-10-28;406;407;616;617;2.1524916087874;2.0311230831007;-0.12136852568669987;1;1;False;3.7834187822736;3.8229300313861;0.039511249112500035;0;0;0;0
kognition;kognition;False;2025-10-28;2025-10-28;407;408;617;618;2.0311230831007;1.3594756108737;-0.671647472227;1;1;False;3.8229300313861;2.0764094036694;-1.7465206277166998;0;2;0;1
kognition;regulation;True;2025-10-28;2025-10-28;408;409;618;619;1.3594756108737;1.0959483968476;-0.2635272140261;1;1;False;2.0764094036694;1.6538928464461;-0.42251655722330006;2;0;1;0
regulation;motivation;True;2025-10-28;2025-10-28;409;410;619;620;1.0959483968476;1.8151486855143;0.7192002886666999;1;1;False;1.6538928464461;2.9587323352089;1.3048394887628;0;0;0;0
motivation;kognition;True;2025-10-28;2025-11-04;410;401;620;611;1.8151486855143;2.2832192608297;0.4680705753154;1;1;False;2.9587323352089;3.6744837708226;0.7157514356136998;0;0;0;0
kognition;kognition;False;2025-11-04;2025-11-04;401;402;611;612;2.2832192608297;1.8124059963247;-0.47081326450500005;1;1;False;3.6744837708226;2.7008782028216;-0.9736055680010001;0;0;0;0
kognition;kognition;False;2025-11-04;2025-11-04;402;403;612;613;1.8124059963247;1.8497956426329;0.037389646308200186;1;1;False;2.7008782028216;2.9898402914902;0.2889620886686002;0;1;0;1
kognition;motivation;True;2025-11-04;2025-11-04;403;404;613;614;1.8497956426329;2.0519663720169;0.20217072938400005;1;1;False;2.9898402914902;4.2418067613595;1.2519664698693003;1;1;1;1
motivation;regulation;True;2025-11-04;2025-11-04;404;405;614;615;2.0519663720169;1.9603476546835;-0.09161871733340021;1;1;False;4.2418067613595;4.105530115666;-0.13627664569350006;1;0;1;0
regulation;kognition;True;2025-11-04;2025-11-11;405;1634;615;2205;1.9603476546835;1.7348832013882;-0.22546445329529985;1;1;False;4.105530115666;3.586103254132;-0.5194268615340003;0;1;0;1
kognition;kognition;False;2025-11-11;2025-11-11;1634;1635;2205;2206;1.7348832013882;2.0025209823477;0.2676377809595001;1;1;False;3.586103254132;4.1753366045791;0.5892333504471003;1;0;1;0
kognition;motivation;True;2025-11-11;2025-11-11;1635;1636;2206;2207;2.0025209823477;1.5116396645841;-0.4908813177636002;1;1;False;4.1753366045791;3.3246328476177;-0.8507037569614004;0;2;0;1
motivation;kognition;True;2025-11-11;2025-11-11;1636;1637;2207;2208;1.5116396645841;2.2147698359634;0.7031301713792999;1;1;False;3.3246328476177;4.5051999610504;1.1805671134327005;2;0;1;0
kognition;performanz;True;2025-11-11;2025-11-11;1637;1638;2208;2209;2.2147698359634;1.6514653847318;-0.5633044512315999;1;1;False;4.5051999610504;3.1819690767104;-1.3232308843400005;0;0;0;0
performanz;performanz;False;2025-11-11;2025-11-18;1638;1624;2209;2195;1.6514653847318;1.5566689652548;-0.0947964194769999;1;1;False;3.1819690767104;2.5067581730363;-0.6752109036740999;0;1;0;1
performanz;kognition;True;2025-11-18;2025-11-18;1624;1625;2195;2196;1.5566689652548;1.6662193362077;0.10955037095289999;1;1;False;2.5067581730363;3.0045876008173;0.4978294277809998;1;1;1;1
kognition;methodik;True;2025-11-18;2025-11-18;1625;1626;2196;2197;1.6662193362077;1.6923157810732;0.02609644486549989;1;1;False;3.0045876008173;3.4333342274091;0.4287466265918001;1;1;1;1
methodik;kognition;True;2025-11-18;2025-11-18;1626;1627;2197;2198;1.6923157810732;2.1505046567471;0.4581888756739001;1;1;False;3.4333342274091;3.4817423048328;0.048408077423700124;1;0;1;0
kognition;performanz;True;2025-11-18;2025-11-18;1627;1628;2198;2199;2.1505046567471;1.5410807252831;-0.609423931464;1;1;False;3.4817423048328;3.2610617527124;-0.22068055212039983;0;1;0;1
performanz;performanz;False;2025-11-18;2025-11-25;1628;1619;2199;2190;1.5410807252831;2.034911587693;0.49383086240990015;1;1;False;3.2610617527124;4.2375936204146;0.9765318677021999;1;0;1;0
performanz;performanz;False;2025-11-25;2025-11-25;1619;1620;2190;2191;2.034911587693;-1.4552652158942;-3.4901768035872003;1;-1;True;4.2375936204146;2.4366088452089;-1.8009847752057002;0;0;0;0
performanz;motivation;True;2025-11-25;2025-11-25;1620;1621;2191;2192;-1.4552652158942;0.292;1.7472652158942001;-1;1;True;2.4366088452089;0.47720959755646;-1.9593992476524398;0;0;0;0
motivation;kognition;True;2025-11-25;2025-11-25;1621;1622;2192;2193;0.292;1.8497956426329;1.5577956426329;1;1;False;0.47720959755646;2.9898402914902;2.51263069393374;0;1;0;1
kognition;performanz;True;2025-11-25;2025-11-25;1622;1623;2193;2194;1.8497956426329;1.5570911828289;-0.29270445980400006;1;1;False;2.9898402914902;2.5553402422033;-0.4345000492869002;1;0;1;0
performanz;performanz;False;2025-11-25;2025-12-02;1623;1610;2194;2180;1.5570911828289;0.91608656017512;-0.64100462265378;1;1;False;2.5553402422033;1.5071006143225;-1.0482396278807997;0;1;0;1
performanz;performanz;False;2025-12-02;2025-12-02;1610;1611;2180;2181;0.91608656017512;1.8608741963844;0.94478763620928;1;1;False;1.5071006143225;3.0556171049096;1.5485164905870998;1;0;1;0
performanz;kognition;True;2025-12-02;2025-12-02;1611;1612;2181;2182;1.8608741963844;1.9983364398439;0.1374622434595001;1;1;False;3.0556171049096;3.4475065704142;0.39188946550460013;0;0;0;0
kognition;motivation;True;2025-12-02;2025-12-02;1612;1613;2182;2183;1.9983364398439;2.0519663720169;0.05362993217300005;1;1;False;3.4475065704142;4.2418067613595;0.7943001909453002;0;1;0;1
motivation;performanz;True;2025-12-02;2025-12-02;1613;1614;2183;2184;2.0519663720169;-0.525;-2.5769663720169;1;-1;True;4.2418067613595;0.84545051969349;-3.3963562416660102;1;2;1;1
regulation;kognition;True;2025-08-26;2025-08-26;2001;2002;2573;2574;2.2831943720438;2.189211103481;-0.09398326856280015;1;1;False;4.6221765003632;4.4107099279058;-0.2114665724574003;1;0;1;0
kognition;kognition;False;2025-08-26;2025-08-26;2002;2003;2574;2575;2.189211103481;1.7575648543691;-0.43164624911189997;1;1;False;4.4107099279058;2.8941916929599;-1.5165182349459;0;2;0;1
kognition;regulation;True;2025-08-26;2025-08-26;2003;2004;2575;2576;1.7575648543691;1.9611829425497;0.2036180881806;1;1;False;2.8941916929599;4.1066196583502;1.2124279653903005;2;1;1;1
regulation;kognition;True;2025-08-26;2025-09-02;2004;1997;2576;2569;1.9611829425497;1.9138365334644;-0.04734640908529997;1;1;False;4.1066196583502;3.2342344427424;-0.8723852156078005;1;2;1;1
kognition;kognition;False;2025-09-02;2025-09-02;1997;1998;2569;2570;1.9138365334644;2.1149148429999;0.20107830953549977;1;1;False;3.2342344427424;2.9207356266883;-0.3134988160540999;2;1;1;1
kognition;kognition;False;2025-09-02;2025-09-02;1998;1999;2570;2571;2.1149148429999;2.1046227351488;-0.010292107851099797;1;1;False;2.9207356266883;3.4246644235568;0.5039287968684998;1;1;1;1
kognition;kognition;False;2025-09-02;2025-09-02;1999;2000;2571;2572;2.1046227351488;1.7575648543691;-0.3470578807797;1;1;False;3.4246644235568;2.8941916929599;-0.5304727305968999;1;2;1;1
kognition;regulation;True;2025-09-02;2025-09-09;2000;1987;2572;2559;1.7575648543691;1.7810357015046;0.023470847135500073;1;1;False;2.8941916929599;3.5846603474751;0.6904686545152003;2;0;1;0
regulation;kognition;True;2025-09-09;2025-09-09;1987;1988;2559;2560;1.7810357015046;2.1149148429999;0.33387914149529974;1;1;False;3.5846603474751;2.9207356266883;-0.6639247207868002;0;1;0;1
kognition;kognition;False;2025-09-09;2025-09-09;1988;1989;2560;2561;2.1149148429999;1.4758361358457;-0.6390787071541999;1;1;False;2.9207356266883;2.8006523873511;-0.1200832393372;1;0;1;0
kognition;methodik;True;2025-09-09;2025-09-09;1989;1990;2561;2562;1.4758361358457;1.3071304723696;-0.16870566347609994;1;1;False;2.8006523873511;2.3428052989296;-0.4578470884215;0;2;0;1
methodik;kognition;True;2025-09-09;2025-09-09;1990;1991;2562;2563;1.3071304723696;2.2688988134381;0.9617683410685001;1;1;False;2.3428052989296;4.362368859302;2.0195635603724003;2;0;1;0
kognition;kognition;False;2025-09-09;2025-09-16;1991;1978;2563;2550;2.2688988134381;2.6228056368715;0.35390682343339996;1;1;False;4.362368859302;4.6361765459891;0.27380768668709976;0;0;0;0
kognition;methodik;True;2025-09-16;2025-09-16;1978;1979;2550;2551;2.6228056368715;2.0534298272575;-0.5693758096140003;1;1;False;4.6361765459891;3.8995392280503;-0.7366373179388002;0;0;0;0
methodik;regulation;True;2025-09-16;2025-09-16;1979;1980;2551;2552;2.0534298272575;1.6593102589405;-0.3941195683169998;1;1;False;3.8995392280503;3.445161991689;-0.4543772363612999;0;0;0;0
regulation;kognition;True;2025-09-16;2025-09-16;1980;1981;2552;2553;1.6593102589405;0.6297819547903;-1.0295283041502001;1;1;False;3.445161991689;1.113032525307;-2.332129466382;0;2;0;1
kognition;motivation;True;2025-09-16;2025-09-30;1981;1969;2553;2541;0.6297819547903;1.7470306227058;1.1172486679154998;1;1;False;1.113032525307;3.6941165863736;2.5810840610666004;2;1;1;1
motivation;kognition;True;2025-09-30;2025-09-30;1969;1970;2541;2542;1.7470306227058;2.0025209823477;0.25549035964190026;1;1;False;3.6941165863736;4.1753366045791;0.4812200182055002;1;0;1;0
kognition;regulation;True;2025-09-30;2025-09-30;1970;1971;2542;2543;2.0025209823477;2.0107729389583;0.008251956610599631;1;1;False;4.1753366045791;4.1826548987587;0.007318294179599505;0;2;0;1
regulation;kognition;True;2025-09-30;2025-09-30;1971;1972;2543;2544;2.0107729389583;1.8888915756821;-0.1218813632761997;1;1;False;4.1826548987587;3.3233958757153;-0.8592590230433998;2;1;1;1
kognition;kognition;False;2025-09-30;2025-09-30;1972;1973;2544;2545;1.8888915756821;2.1799360603504;0.2910444846682998;1;1;False;3.3233958757153;3.9764145050982;0.6530186293828999;1;2;1;1
kognition;motivation;True;2025-09-30;2025-10-21;1973;1964;2545;2536;2.1799360603504;1.7470306227058;-0.4329054376446;1;1;False;3.9764145050982;3.6941165863736;-0.28229791872459975;2;1;1;1
motivation;kognition;True;2025-10-21;2025-10-21;1964;1965;2536;2537;1.7470306227058;2.7431027601632;0.9960721374574;1;1;False;3.6941165863736;4.4247995695105;0.7306829831369002;1;0;1;0
kognition;kognition;False;2025-10-21;2025-10-21;1965;1966;2537;2538;2.7431027601632;2.2035645934457;-0.5395381667174997;1;1;False;4.4247995695105;4.2358001921728;-0.18899937733770056;0;0;0;0
kognition;kognition;False;2025-10-21;2025-10-21;1966;1967;2538;2539;2.2035645934457;1.6229685506471;-0.5805960427986001;1;1;False;4.2358001921728;2.4341848557115;-1.8016153364612997;0;1;0;1
kognition;motivation;True;2025-10-21;2025-10-21;1967;1968;2539;2540;1.6229685506471;1.7458338296571;0.12286527901;1;1;False;2.4341848557115;3.5017444958452;1.0675596401337;1;0;1;0
performanz;kognition;True;2025-02-18;2025-03-04;537;535;803;797;2.2620039579833;1.5980585677535;-0.6639453902297998;1;1;False;4.2485018611867;2.8625021745655;-1.3859996866211999;1;0;1;0
kognition;kognition;False;2025-03-04;2025-05-06;535;530;797;776;1.5980585677535;1.7039846014093;0.10592603365580011;1;1;False;2.8625021745655;2.9804439385841;0.11794176401860001;0;1;0;1
kognition;kognition;False;2025-05-06;2025-08-26;530;524;776;743;1.7039846014093;2.078940017929;0.37495541651969977;1;1;False;2.9804439385841;3.0075822377954;0.027138299211300065;1;1;1;1
kognition;kognition;False;2025-08-26;2025-08-26;524;525;743;744;2.078940017929;2.1688746734496;0.08993465552059998;1;1;False;3.0075822377954;3.1172442691244;0.10966203132899999;1;0;1;0
kognition;kognition;False;2025-08-26;2025-08-26;525;526;744;745;2.1688746734496;2.1820491743331;0.01317450088350025;1;1;False;3.1172442691244;4.4336617364237;1.3164174672992996;0;0;0;0
kognition;kognition;False;2025-08-26;2025-08-26;526;527;745;746;2.1820491743331;1.8888915756821;-0.293157598651;1;1;False;4.4336617364237;3.3233958757153;-1.1102658607083997;0;1;0;1
kognition;performanz;True;2025-08-26;2025-09-02;527;516;746;735;1.8888915756821;2.1018406752718;0.21294909958969988;1;1;False;3.3233958757153;4.0297451295107;0.7063492537954001;1;0;1;0
performanz;kognition;True;2025-09-02;2025-09-02;516;517;735;736;2.1018406752718;2.2069589158005;0.10511824052870011;1;1;False;4.0297451295107;3.916840808544;-0.11290432096670022;0;0;0;0
kognition;performanz;True;2025-09-02;2025-09-02;517;518;736;737;2.2069589158005;2.2329100933114;0.025951177510899814;1;1;False;3.916840808544;4.2154606819304;0.2986198733864005;0;0;0;0
performanz;kognition;True;2025-09-02;2025-09-09;518;507;737;726;2.2329100933114;2.1969604991137;-0.03594959419769994;1;1;False;4.2154606819304;3.9082087439743;-0.3072519379561003;0;1;0;1
kognition;kognition;False;2025-09-09;2025-09-09;507;508;726;727;2.1969604991137;2.3317185870149;0.13475808790120025;1;1;False;3.9082087439743;3.9472334029979;0.03902465902360008;1;1;1;1
kognition;motivation;True;2025-09-09;2025-09-09;508;509;727;728;2.3317185870149;1.7887542255783;-0.5429643614366002;1;1;False;3.9472334029979;3.6925617798486;-0.25467162314930025;1;0;1;0
motivation;kognition;True;2025-09-09;2025-09-09;509;510;728;729;1.7887542255783;2.1462963786463;0.3575421530680001;1;1;False;3.6925617798486;4.3406553652064;0.6480935853578003;0;1;0;1
kognition;kognition;False;2025-09-09;2025-09-16;510;497;729;716;2.1462963786463;2.5299323006465;0.38363592200020014;1;1;False;4.3406553652064;4.4248015064122;0.08414614120579955;1;0;1;0
kognition;kognition;False;2025-09-16;2025-09-16;497;498;716;717;2.5299323006465;2.5684402293092;0.0385079286626997;1;1;False;4.4248015064122;4.7203348418297;0.2955333354175007;0;0;0;0
kognition;kognition;False;2025-09-16;2025-09-16;498;499;717;718;2.5684402293092;2.1107934644134;-0.45764676489580003;1;1;False;4.7203348418297;3.6856067041269;-1.0347281377028006;0;1;0;1
kognition;kognition;False;2025-09-16;2025-09-16;499;500;718;719;2.1107934644134;1.9179730577314;-0.19282040668199985;1;1;False;3.6856067041269;2.5315625227324;-1.1540441813944997;1;0;1;0
kognition;motivation;True;2025-09-16;2025-09-16;500;501;719;720;1.9179730577314;1.4967807162732;-0.42119234145819995;1;1;False;2.5315625227324;3.0334590316781;0.5018965089456997;0;1;0;1
motivation;performanz;True;2025-09-16;2025-09-23;501;486;720;705;1.4967807162732;2.1625397852702;0.6657590689970001;1;1;False;3.0334590316781;4.5039203437359;1.4704613120578003;1;0;1;0
performanz;kognition;True;2025-09-23;2025-09-23;486;487;705;706;2.1625397852702;2.2069589158005;0.04441913053029989;1;1;False;4.5039203437359;3.916840808544;-0.5870795351919003;0;0;0;0
kognition;motivation;True;2025-09-23;2025-09-23;487;488;706;707;2.2069589158005;1.4967807162732;-0.7101781995273;1;1;False;3.916840808544;3.0334590316781;-0.8833817768659;0;1;0;1
motivation;kognition;True;2025-09-23;2025-09-23;488;489;707;708;1.4967807162732;1.628635644424;0.1318549281507999;1;1;False;3.0334590316781;3.1766681938078;0.14320916212970003;1;0;1;0
kognition;performanz;True;2025-09-23;2025-09-23;489;490;708;709;1.628635644424;1.9966423536502;0.36800670922620005;1;1;False;3.1766681938078;4.363566322741;1.1868981289332;0;0;0;0
performanz;performanz;False;2025-09-23;2025-09-30;490;476;709;695;1.9966423536502;1.5566689652548;-0.4399733883954;1;1;False;4.363566322741;2.5067581730363;-1.8568081497046998;0;1;0;1
performanz;kognition;True;2025-09-30;2025-09-30;476;477;695;696;1.5566689652548;2.1688746734496;0.6122057081947998;1;1;False;2.5067581730363;3.1172442691244;0.6104860960881;1;0;1;0
kognition;motivation;True;2025-09-30;2025-09-30;477;478;696;697;2.1688746734496;2.3227360396724;0.1538613662228001;1;1;False;3.1172442691244;3.9750000629739;0.8577557938495;0;0;0;0
motivation;performanz;True;2025-09-30;2025-09-30;478;479;697;698;2.3227360396724;1.4379403300243;-0.8847957096480998;1;1;False;3.9750000629739;2.9937278924857;-0.9812721704882001;0;1;0;1
performanz;kognition;True;2025-09-30;2025-09-30;479;480;698;699;1.4379403300243;1.65799276022;0.22005243019569987;1;1;False;2.9937278924857;2.5548891531968;-0.43883873928889994;1;1;1;1
kognition;performanz;True;2025-09-30;2025-10-07;480;468;699;687;1.65799276022;1.7503923860708;0.09239962585079997;1;1;False;2.5548891531968;3.2500733602901;0.6951842070933001;1;0;1;0
performanz;kognition;True;2025-10-07;2025-10-07;468;469;687;688;1.7503923860708;2.6228056368715;0.8724132508007001;1;1;False;3.2500733602901;4.6361765459891;1.386103185699;0;0;0;0
kognition;performanz;True;2025-10-07;2025-10-07;469;470;688;689;2.6228056368715;-1.8674785612985;-4.49028419817;1;-1;True;4.6361765459891;2.1129969924978;-2.5231795534913;0;0;0;0
performanz;kognition;True;2025-10-07;2025-10-07;470;471;689;690;-1.8674785612985;1.7468429863796;3.6143215476781;-1;1;True;2.1129969924978;4.0578127668032;1.9448157743054;0;1;0;1
kognition;performanz;True;2025-10-07;2025-10-07;471;472;690;691;1.7468429863796;2.3014253844218;0.5545823980421998;1;1;False;4.0578127668032;4.5347833117075;0.4769705449043;1;0;1;0
performanz;performanz;False;2025-10-07;2025-10-21;472;459;691;677;2.3014253844218;2.0870902816588;-0.2143351027629996;1;1;False;4.5347833117075;4.4145152628884;-0.12026804881910014;0;1;0;1
performanz;kognition;True;2025-10-21;2025-10-21;459;460;677;678;2.0870902816588;1.8346726067272;-0.2524176749316003;1;1;False;4.4145152628884;3.2578547618;-1.1566605010883997;1;0;1;0
kognition;kognition;False;2025-10-21;2025-10-21;460;461;678;680;1.8346726067272;1.7468429863796;-0.08782962034759989;1;1;False;3.2578547618;4.0578127668032;0.7999580050031998;0;1;0;1
kognition;kognition;False;2025-10-21;2025-10-21;461;462;680;681;1.7468429863796;1.8515721846579;0.10472919827830007;1;1;False;4.0578127668032;3.1492118583832;-0.90860090842;1;1;1;1
kognition;performanz;True;2025-10-21;2025-11-04;462;446;681;664;1.8515721846579;2.1018406752718;0.2502684906138999;1;1;False;3.1492118583832;4.0297451295107;0.8805332711275002;1;0;1;0
performanz;kognition;True;2025-11-04;2025-11-04;446;447;664;665;2.1018406752718;2.6228056368715;0.5209649615997001;1;1;False;4.0297451295107;4.6361765459891;0.6064314164783999;0;0;0;0
kognition;kognition;False;2025-11-04;2025-11-04;447;448;665;666;2.6228056368715;2.4241953523872;-0.19861028448430007;1;1;False;4.6361765459891;3.6133900265862;-1.0227865194029002;0;0;0;0
kognition;performanz;True;2025-11-04;2025-11-04;448;449;666;667;2.4241953523872;-1.4208154801294;-3.8450108325166;1;-1;True;3.6133900265862;2.4266476899275;-1.1867423366586998;0;0;0;0
performanz;regulation;True;2025-11-04;2025-11-04;449;450;667;668;-1.4208154801294;1.9126138920563;3.3334293721857;-1;1;True;2.4266476899275;4.0164817262936;1.5898340363661;0;0;0;0
regulation;kognition;True;2025-11-04;2025-11-25;450;1524;668;2092;1.9126138920563;2.0311230831007;0.11850919104440005;1;1;False;4.0164817262936;3.8229300313861;-0.19355169490750024;0;0;0;0
kognition;performanz;True;2025-11-25;2025-11-25;1524;1525;2092;2093;2.0311230831007;2.3369126707959;0.3057895876951999;1;1;False;3.8229300313861;4.6528861597638;0.8299561283777002;0;0;0;0
performanz;performanz;False;2025-11-25;2025-11-25;1525;1526;2093;2094;2.3369126707959;2.06132346452;-0.2755892062759;1;1;False;4.6528861597638;3.8092753542734;-0.8436108054904001;0;0;0;0
performanz;kognition;True;2025-11-25;2025-11-25;1526;1527;2094;2095;2.06132346452;1.7468429863796;-0.31448047814040003;1;1;False;3.8092753542734;4.0578127668032;0.24853741252979988;0;1;0;1
kognition;kognition;False;2025-11-25;2025-12-02;1527;1514;2095;2082;1.7468429863796;2.1928329711058;0.4459899847261999;1;1;False;4.0578127668032;3.9028243912711;-0.1549883755321;1;1;1;1
kognition;kognition;False;2025-12-02;2025-12-02;1514;1515;2082;2083;2.1928329711058;2.2375701027702;0.0447371316644003;1;1;False;3.9028243912711;4.04857516276;0.14575077148889992;1;0;1;0
kognition;motivation;True;2025-12-02;2025-12-02;1515;1516;2083;2084;2.2375701027702;1.1140601570329;-1.1235099457373001;1;1;False;4.04857516276;2.2244020276868;-1.8241731350731998;0;0;0;0
motivation;performanz;True;2025-12-02;2025-12-02;1516;1517;2084;2085;1.1140601570329;2.0864958050995;0.9724356480666001;1;1;False;2.2244020276868;3.9909291971125;1.7665271694257;0;0;0;0
performanz;motivation;True;2025-12-02;2025-12-02;1517;1518;2085;2086;2.0864958050995;0.292;-1.7944958050995001;1;1;False;3.9909291971125;0.47720959755646;-3.51371959955604;0;0;0;0
motivation;performanz;True;2025-12-02;2025-12-09;1518;1504;2086;2072;0.292;1.6203139294579;1.3283139294579;1;1;False;0.47720959755646;2.8371568730149;2.35994727545844;0;0;0;0
performanz;regulation;True;2025-12-09;2025-12-09;1504;1505;2072;2073;1.6203139294579;1.9772187354812;0.3569048060233;1;1;False;2.8371568730149;3.5945149852943;0.7573581122794;0;1;0;1
regulation;performanz;True;2025-12-09;2025-12-09;1505;1506;2073;2074;1.9772187354812;1.5618287758453;-0.4153899596359001;1;1;False;3.5945149852943;1.9879308952083;-1.6065840900860002;1;1;1;1
performanz;kognition;True;2025-12-09;2025-12-09;1506;1507;2074;2075;1.5618287758453;2.1578157776495;0.5959870018042002;1;1;False;1.9879308952083;4.3971375276988;2.4092066324905;1;1;1;1
kognition;regulation;True;2025-12-09;2025-12-09;1507;1508;2075;2076;2.1578157776495;1.8319677065092;-0.32584807114030023;1;1;False;4.3971375276988;3.9096314098023;-0.4875061178964999;1;1;1;1
regulation;performanz;True;2025-01-28;2025-08-26;607;601;930;873;-1.263710942149;1.5566689652548;2.8203799074038;-1;1;True;1.7726867202882;2.5067581730363;0.7340714527481;1;1;1;1
performanz;kognition;True;2025-08-26;2025-08-26;601;602;873;874;1.5566689652548;2.0635169573234;0.5068479920686;1;1;False;2.5067581730363;3.5459767256588;1.0392185526225002;1;1;1;1
kognition;performanz;True;2025-08-26;2025-08-26;602;603;874;875;2.0635169573234;1.8144280300528;-0.24908892727060006;1;1;False;3.5459767256588;3.648548811648;0.10257208598919965;1;0;1;0
performanz;performanz;False;2025-08-26;2025-08-26;603;604;875;876;1.8144280300528;1.8125938090566;-0.0018342209961998979;1;1;False;3.648548811648;3.4721038792412;-0.17644493240679981;0;0;0;0
performanz;performanz;False;2025-08-26;2025-09-02;604;593;876;865;1.8125938090566;2.1834193470863;0.37082553802969986;1;1;False;3.4721038792412;4.7272578340427;1.2551539548014996;0;1;0;1
performanz;kognition;True;2025-09-02;2025-09-02;593;594;865;866;2.1834193470863;1.752927244018;-0.4304921030683;1;1;False;4.7272578340427;3.2645506643148;-1.4627071697278997;1;0;1;0
kognition;kognition;False;2025-09-02;2025-09-02;594;595;866;867;1.752927244018;2.4241953523872;0.6712681083692;1;1;False;3.2645506643148;3.6133900265862;0.3488393622713999;0;0;0;0
kognition;kognition;False;2025-09-02;2025-09-02;595;596;867;868;2.4241953523872;1.8941985677148;-0.5299967846723999;1;1;False;3.6133900265862;3.5717878102127;-0.0416022163734997;0;0;0;0
kognition;kognition;False;2025-09-02;2025-09-09;596;583;868;855;1.8941985677148;2.078940017929;0.18474145021419974;1;1;False;3.5717878102127;3.0075822377954;-0.5642055724173001;0;1;0;1
kognition;kognition;False;2025-09-09;2025-09-09;583;584;855;856;2.078940017929;2.1118789605959;0.03293894266690023;1;1;False;3.0075822377954;3.9754603937968;0.9678781560014;1;0;1;0
kognition;performanz;True;2025-09-09;2025-09-09;584;585;856;857;2.1118789605959;1.6514653847318;-0.46041357586410014;1;1;False;3.9754603937968;3.1819690767104;-0.7934913170864002;0;0;0;0
performanz;kognition;True;2025-09-09;2025-09-09;585;586;857;858;1.6514653847318;1.8515721846579;0.20010679992610014;1;1;False;3.1819690767104;3.1492118583832;-0.03275721832720002;0;1;0;1
kognition;kognition;False;2025-09-09;2025-09-09;586;587;858;859;1.8515721846579;2.1908165769441;0.33924439228619985;1;1;False;3.1492118583832;2.8268819818558;-0.32232987652739986;1;1;1;1
kognition;kognition;False;2025-09-09;2025-09-16;587;573;859;845;2.1908165769441;2.1266007185707;-0.06421585837339983;1;1;False;2.8268819818558;4.2434364120772;1.4165544302214;1;0;1;0
kognition;kognition;False;2025-09-16;2025-09-16;573;574;845;846;2.1266007185707;2.0311230831007;-0.09547763546999999;1;1;False;4.2434364120772;3.8229300313861;-0.4205063806911;0;0;0;0
kognition;performanz;True;2025-09-16;2025-09-16;574;575;846;847;2.0311230831007;1.7185730315922;-0.3125500515085;1;1;False;3.8229300313861;3.4752254188631;-0.34770461252299967;0;0;0;0
performanz;kognition;True;2025-09-16;2025-09-16;575;576;847;848;1.7185730315922;0.45160220709135;-1.26697082450085;1;1;False;3.4752254188631;0.7559504857546;-2.7192749331085;0;2;0;1
kognition;performanz;True;2025-09-16;2025-09-16;576;577;848;849;0.45160220709135;1.5619583131048;1.11035610601345;1;1;False;0.7559504857546;2.7800794322758;2.0241289465212;2;0;1;0
performanz;kognition;True;2025-09-16;2025-09-30;577;562;849;833;1.5619583131048;2.1118789605959;0.5499206474911;1;1;False;2.7800794322758;3.9754603937968;1.1953809615210003;0;0;0;0
kognition;performanz;True;2025-09-30;2025-09-30;562;563;833;834;2.1118789605959;1.5905662396008;-0.5213127209951001;1;1;False;3.9754603937968;2.8317859427849;-1.1436744510119001;0;0;0;0
performanz;performanz;False;2025-09-30;2025-10-28;563;553;834;824;1.5905662396008;1.5566689652548;-0.033897274345999984;1;1;False;2.8317859427849;2.5067581730363;-0.3250277697485999;0;1;0;1
performanz;performanz;False;2025-10-28;2025-10-28;553;554;824;825;1.5566689652548;1.4780206620485;-0.07864830320630012;1;1;False;2.5067581730363;3.1813676431278;0.6746094700915002;1;0;1;0
performanz;performanz;False;2025-10-28;2025-10-28;554;555;825;826;1.4780206620485;-1.8674785612985;-3.345499223347;1;-1;True;3.1813676431278;2.1129969924978;-1.0683706506300004;0;0;0;0
performanz;kognition;True;2025-10-28;2025-10-28;555;556;826;827;-1.8674785612985;0.811;2.6784785612985003;-1;1;True;2.1129969924978;0.99141868047763;-1.1215783120201697;0;1;0;1
kognition;kognition;False;2025-10-28;2025-11-04;556;544;827;815;0.811;2.4410982889583;1.6300982889583002;1;1;False;0.99141868047763;4.2776947265947;3.28627604611707;1;0;1;0
kognition;kognition;False;2025-11-04;2025-11-04;544;545;815;816;2.4410982889583;2.0311230831007;-0.40997520585760006;1;1;False;4.2776947265947;3.8229300313861;-0.4547646952086004;0;0;0;0
kognition;regulation;True;2025-11-04;2025-11-04;545;546;816;817;2.0311230831007;1.9603476546835;-0.07077542841720019;1;1;False;3.8229300313861;4.105530115666;0.28260008427990035;0;0;0;0
regulation;kognition;True;2025-11-04;2025-11-04;546;547;817;818;1.9603476546835;1.4758361358457;-0.48451151883779997;1;1;False;4.105530115666;2.8006523873511;-1.3048777283149002;0;0;0;0
kognition;performanz;True;2025-11-04;2025-11-11;547;1836;818;2407;1.4758361358457;2.1524916087874;0.6766554729417;1;1;False;2.8006523873511;3.7834187822736;0.9827663949224998;0;0;0;0
performanz;kognition;True;2025-11-11;2025-11-11;1836;1837;2407;2408;2.1524916087874;2.0025209823477;-0.14997062643969983;1;1;False;3.7834187822736;4.1753366045791;0.39191782230550043;0;0;0;0
kognition;regulation;True;2025-11-11;2025-11-11;1837;1838;2408;2409;2.0025209823477;1.539769585776;-0.46275139657170006;1;1;False;4.1753366045791;2.8957199704337;-1.2796166341454;0;0;0;0
regulation;regulation;False;2025-11-11;2025-11-11;1838;1839;2409;2410;1.539769585776;2.3358286965014;0.7960591107253998;1;1;False;2.8957199704337;4.766014081322;1.8702941108882998;0;0;0;0
regulation;regulation;False;2025-11-11;2025-11-11;1839;1840;2410;2411;2.3358286965014;1.9791706721549;-0.35665802434649985;1;1;False;4.766014081322;4.2157345291432;-0.5502795521788002;0;0;0;0
regulation;kognition;True;2025-11-11;2025-11-18;1840;1827;2411;2398;1.9791706721549;2.1684041030201;0.18923343086519973;1;1;False;4.2157345291432;3.7011651508002;-0.5145693783429999;0;1;0;1
kognition;kognition;False;2025-11-18;2025-11-18;1827;1828;2398;2399;2.1684041030201;2.1969604991137;0.028556396093600167;1;1;False;3.7011651508002;3.9082087439743;0.20704359317410015;1;1;1;1
kognition;motivation;True;2025-11-18;2025-11-18;1828;1829;2399;2400;2.1969604991137;1.4967807162732;-0.7001797828404999;1;1;False;3.9082087439743;3.0334590316781;-0.8747497122962002;1;1;1;1
motivation;regulation;True;2025-11-18;2025-11-18;1829;1830;2400;2401;1.4967807162732;1.9126138920563;0.4158331757831;1;1;False;3.0334590316781;4.0164817262936;0.9830226946155003;1;0;1;0
regulation;kognition;True;2025-11-18;2025-11-25;1830;1818;2401;2389;1.9126138920563;2.4410982889583;0.5284843969020001;1;1;False;4.0164817262936;4.2776947265947;0.2612130003011002;0;0;0;0
kognition;performanz;True;2025-11-25;2025-11-25;1818;1819;2389;2390;2.4410982889583;1.8608741963844;-0.5802240925739002;1;1;False;4.2776947265947;3.0556171049096;-1.2220776216851004;0;0;0;0
performanz;performanz;False;2025-11-25;2025-11-25;1819;1820;2390;2391;1.8608741963844;1.7185730315922;-0.1423011647921999;1;1;False;3.0556171049096;3.4752254188631;0.4196083139535003;0;0;0;0
performanz;kognition;True;2025-11-25;2025-11-25;1820;1821;2391;2392;1.7185730315922;1.7353345284312;0.016761496838999967;1;1;False;3.4752254188631;2.9900649591247;-0.4851604597384003;0;0;0;0
kognition;kognition;False;2025-11-25;2025-12-02;1821;1808;2392;2379;1.7353345284312;2.0249577812164;0.28962325278520007;1;1;False;2.9900649591247;3.2284332079851;0.2383682488604002;0;1;0;1
kognition;performanz;True;2025-12-02;2025-12-02;1808;1809;2379;2380;2.0249577812164;1.8608741963844;-0.16408358483200014;1;1;False;3.2284332079851;3.0556171049096;-0.17281610307550022;1;0;1;0
performanz;motivation;True;2025-12-02;2025-12-02;1809;1810;2380;2381;1.8608741963844;1.2459236375843;-0.6149505588001001;1;1;False;3.0556171049096;1.9935420942378;-1.0620750106718;0;4;0;1
motivation;performanz;True;2025-12-02;2025-12-02;1810;1811;2381;2382;1.2459236375843;1.8171380778151;0.5712144402308001;1;1;False;1.9935420942378;3.771468009549;1.7779259153112;4;0;1;0
performanz;regulation;True;2025-12-02;2025-12-02;1811;1812;2382;2383;1.8171380778151;2.3358286965014;0.5186906186862998;1;1;False;3.771468009549;4.766014081322;0.9945460717730001;0;0;0;0
regulation;performanz;True;2025-12-02;2025-12-09;1812;1799;2383;2370;2.3358286965014;1.9531896505829;-0.38263904591849984;1;1;False;4.766014081322;3.2870701844949;-1.4789438968270998;0;0;0;0
performanz;kognition;True;2025-12-09;2025-12-09;1799;1800;2370;2371;1.9531896505829;2.3459293201978;0.39273966961490014;1;1;False;3.2870701844949;3.9453024964552;0.6582323119602997;0;1;0;1
kognition;kognition;False;2025-12-09;2025-12-09;1800;1801;2371;2372;2.3459293201978;2.3317185870149;-0.014210733182900004;1;1;False;3.9453024964552;3.9472334029979;0.001930906542700228;1;1;1;1
kognition;kognition;False;2025-12-09;2025-12-09;1801;1802;2372;2373;2.3317185870149;1.8346238946577;-0.49709469235720016;1;1;False;3.9472334029979;3.050519966414;-0.8967134365839002;1;0;1;0
kognition;performanz;True;2025-12-09;2025-12-09;1802;1803;2373;2374;1.8346238946577;1.5511427607571;-0.28348113390060004;1;1;False;3.050519966414;2.6677743582537;-0.3827456081602998;0;0;0;0
regulation;kognition;True;2025-10-07;2025-10-07;180;181;312;313;2.2831943720438;2.200270088071;-0.08292428397280016;1;1;False;4.6221765003632;4.1990309356057;-0.4231455647575002;1;0;1;0
kognition;performanz;True;2025-10-07;2025-10-07;181;182;313;314;2.200270088071;1.6229270452087;-0.5773430428623001;1;1;False;4.1990309356057;3.4989761103282;-0.7000548252774998;0;1;0;1
performanz;regulation;True;2025-10-07;2025-10-07;182;183;314;315;1.6229270452087;1.9449987244184;0.32207167920970003;1;1;False;3.4989761103282;3.8214492248625;0.32247311453429983;1;0;1;0
performanz;kognition;True;2025-09-01;2025-09-01;125;126;178;179;2.1018406752718;2.7682973486899;0.6664566734181001;1;1;False;4.0297451295107;4.466581322438;0.43683619292730036;0;1;0;1
kognition;regulation;True;2025-09-01;2025-09-01;126;127;179;180;2.7682973486899;1.9603476546835;-0.8079496940064002;1;1;False;4.466581322438;4.105530115666;-0.3610512067720002;1;0;1;0
regulation;motivation;True;2025-09-01;2025-09-01;127;128;180;181;1.9603476546835;1.6294014575425;-0.33094619714099993;1;1;False;4.105530115666;3.4965039781999;-0.6090261374661003;0;1;0;1
motivation;kognition;True;2025-09-01;2025-09-01;128;129;181;182;1.6294014575425;2.2238972144743;0.5944957569318001;1;1;False;3.4965039781999;3.9546306929547;0.45812671475480027;1;0;1;0
kognition;kognition;False;2025-09-01;2025-09-08;129;116;182;169;2.2238972144743;2.3310275582356;0.10713034376130004;1;1;False;3.9546306929547;3.6813879930869;-0.27324269986780036;0;0;0;0
kognition;kognition;False;2025-09-08;2025-09-08;116;117;169;170;2.3310275582356;2.511166734315;0.1801391760794;1;1;False;3.6813879930869;4.5541230711521;0.8727350780652001;0;0;0;0
kognition;regulation;True;2025-09-08;2025-09-08;117;118;170;171;2.511166734315;1.6593102589405;-0.8518564753745002;1;1;False;4.5541230711521;3.445161991689;-1.1089610794631;0;0;0;0
regulation;performanz;True;2025-09-08;2025-09-08;118;119;171;172;1.6593102589405;1.8332802440652;0.17396998512470008;1;1;False;3.445161991689;3.7822012353849;0.3370392436959002;0;0;0;0
performanz;kognition;True;2025-09-08;2025-09-08;119;120;172;173;1.8332802440652;1.6566860222492;-0.17659422181600015;1;1;False;3.7822012353849;2.4618609597996;-1.3203402755853002;0;0;0;0
kognition;kognition;False;2025-09-08;2025-09-15;120;106;173;159;1.6566860222492;2.2832192608297;0.6265332385805;1;1;False;2.4618609597996;3.6744837708226;1.212622811023;0;0;0;0
kognition;kognition;False;2025-09-15;2025-09-15;106;107;159;160;2.2832192608297;1.8346726067272;-0.44854665410250005;1;1;False;3.6744837708226;3.2578547618;-0.4166290090225999;0;0;0;0
kognition;performanz;True;2025-09-15;2025-09-15;107;108;160;161;1.8346726067272;1.7576385021604;-0.07703410456679993;1;1;False;3.2578547618;3.4507597507663;0.19290498896629993;0;0;0;0
performanz;sozial;True;2025-09-15;2025-09-15;108;109;161;162;1.7576385021604;0.795;-0.9626385021603999;1;1;False;3.4507597507663;1.4232512033443;-2.027508547422;0;1;0;1
sozial;kognition;True;2025-09-15;2025-09-15;109;110;162;163;0.795;1.512680856227;0.717680856227;1;1;False;1.4232512033443;2.7153344123817;1.2920832090373997;1;1;1;1
kognition;kognition;False;2025-09-15;2025-09-22;110;102;163;155;1.512680856227;2.4410982889583;0.9284174327313002;1;1;False;2.7153344123817;4.2776947265947;1.5623603142130005;1;0;1;0
kognition;kognition;False;2025-09-22;2025-09-22;102;103;155;156;2.4410982889583;1.8346238946577;-0.6064743943006001;1;1;False;4.2776947265947;3.050519966414;-1.2271747601807004;0;0;0;0
kognition;performanz;True;2025-09-22;2025-09-22;103;104;156;157;1.8346238946577;1.7648070047484;-0.06981688990930013;1;1;False;3.050519966414;3.6133072357558;0.5627872693418001;0;0;0;0
performanz;kognition;True;2025-09-22;2025-09-22;104;105;157;158;1.7648070047484;1.6983290877114;-0.06647791703700001;1;1;False;3.6133072357558;3.1029026024035;-0.5104046333523002;0;1;0;1
kognition;kognition;False;2025-09-22;2025-09-29;105;93;158;146;1.6983290877114;2.1266007185707;0.4282716308593002;1;1;False;3.1029026024035;4.2434364120772;1.1405338096737;1;0;1;0
kognition;performanz;True;2025-09-29;2025-09-29;93;94;146;147;2.1266007185707;1.4780206620485;-0.6485800565222002;1;1;False;4.2434364120772;3.1813676431278;-1.0620687689493997;0;0;0;0
performanz;performanz;False;2025-09-29;2025-09-29;94;95;147;148;1.4780206620485;1.6514653847318;0.17344472268330002;1;1;False;3.1813676431278;3.1819690767104;0.0006014335825996753;0;0;0;0
performanz;kognition;True;2025-09-29;2025-09-29;95;96;148;149;1.6514653847318;1.9179730577314;0.2665076729996001;1;1;False;3.1819690767104;2.5315625227324;-0.6504065539779997;0;0;0;0
kognition;kognition;False;2025-09-29;2025-09-29;96;97;149;150;1.9179730577314;2.2147698359634;0.2967967782319998;1;1;False;2.5315625227324;4.5051999610504;1.9736374383180002;0;0;0;0
kognition;kognition;False;2025-09-29;2025-10-20;97;84;150;137;2.2147698359634;2.5299323006465;0.3151624646831004;1;1;False;4.5051999610504;4.4248015064122;-0.08039845463820061;0;0;0;0
kognition;kognition;False;2025-10-20;2025-10-20;84;85;137;138;2.5299323006465;2.1118789605959;-0.41805334005060013;1;1;False;4.4248015064122;3.9754603937968;-0.44934111261539966;0;0;0;0
kognition;kognition;False;2025-10-20;2025-10-20;85;86;138;139;2.1118789605959;1.9179730577314;-0.19390590286450005;1;1;False;3.9754603937968;2.5315625227324;-1.4438978710644;0;0;0;0
kognition;regulation;True;2025-10-20;2025-10-20;86;87;139;140;1.9179730577314;1.8368648761565;-0.08110818157489996;1;1;False;2.5315625227324;4.1100040351697;1.5784415124373;0;0;0;0
regulation;performanz;True;2025-10-20;2025-10-20;87;88;140;141;1.8368648761565;1.8144280300528;-0.022436846103700114;1;1;False;4.1100040351697;3.648548811648;-0.4614552235217002;0;0;0;0
performanz;kognition;True;2025-10-20;2025-10-27;88;75;141;128;1.8144280300528;2.3310275582356;0.5165995281828002;1;1;False;3.648548811648;3.6813879930869;0.03283918143889997;0;0;0;0
kognition;kognition;False;2025-10-27;2025-10-27;75;76;128;129;2.3310275582356;1.9342871926371;-0.39674036559850023;1;1;False;3.6813879930869;3.1073267084519;-0.574061284635;0;1;0;1
kognition;kognition;False;2025-10-27;2025-10-27;76;77;129;130;1.9342871926371;2.509295155464;0.5750079628269003;1;1;False;3.1073267084519;3.8411483190915;0.7338216106396;1;0;1;0
kognition;performanz;True;2025-10-27;2025-10-27;77;78;130;131;2.509295155464;1.6514653847318;-0.8578297707322002;1;1;False;3.8411483190915;3.1819690767104;-0.6591792423811;0;0;0;0
performanz;performanz;False;2025-10-27;2025-10-27;78;79;131;132;1.6514653847318;1.1328021183445;-0.5186632663872999;1;1;False;3.1819690767104;2.1104801444535;-1.0714889322568997;0;1;0;1
performanz;regulation;True;2025-10-27;2025-11-03;79;68;132;119;1.1328021183445;1.7810357015046;0.6482335831601;1;1;False;2.1104801444535;3.5846603474751;1.4741802030216;1;0;1;0
regulation;kognition;True;2025-11-03;2025-11-03;68;69;119;120;1.7810357015046;2.2919360807261;0.5109003792214997;1;1;False;3.5846603474751;4.2764814618867;0.6918211144115998;0;1;0;1
kognition;methodik;True;2025-11-03;2025-11-03;69;70;120;121;2.2919360807261;1.6923157810732;-0.5996202996528999;1;1;False;4.2764814618867;3.4333342274091;-0.8431472344776001;1;1;1;1
methodik;kognition;True;2025-11-03;2025-11-03;70;71;121;122;1.6923157810732;1.473212922878;-0.21910285819519992;1;1;False;3.4333342274091;3.1443711090881;-0.28896311832099997;1;1;1;1
kognition;kognition;False;2025-11-03;2025-11-10;71;1058;122;1618;1.473212922878;2.340692642289;0.867479719411;1;1;False;3.1443711090881;4.0340534938675;0.8896823847794;1;0;1;0
kognition;kognition;False;2025-11-10;2025-11-10;1058;1059;1618;1619;2.340692642289;2.6141570382954;0.2734643960063998;1;1;False;4.0340534938675;4.7509591241489;0.7169056302814001;0;0;0;0
kognition;methodik;True;2025-11-10;2025-11-10;1059;1060;1619;1620;2.6141570382954;1.6923157810732;-0.9218412572221999;1;1;False;4.7509591241489;3.4333342274091;-1.3176248967398;0;1;0;1
methodik;kognition;True;2025-11-10;2025-11-10;1060;1061;1620;1621;1.6923157810732;2.1820491743331;0.4897333932599002;1;1;False;3.4333342274091;4.4336617364237;1.0003275090145998;1;0;1;0
kognition;performanz;True;2025-11-10;2025-11-10;1061;1062;1621;1622;2.1820491743331;1.9966423536502;-0.18540682068290004;1;1;False;4.4336617364237;4.363566322741;-0.07009541368269989;0;0;0;0
performanz;kognition;True;2025-11-10;2025-11-24;1062;1044;1622;1604;1.9966423536502;2.0547114305757;0.05806907692550012;1;1;False;4.363566322741;4.0202243037138;-0.3433420190272001;0;0;0;0
kognition;kognition;False;2025-11-24;2025-11-24;1044;1045;1604;1605;2.0547114305757;2.0311230831007;-0.02358834747500005;1;1;False;4.0202243037138;3.8229300313861;-0.1972942723276998;0;0;0;0
kognition;kognition;False;2025-11-24;2025-11-24;1045;1046;1605;1606;2.0311230831007;1.7197401550854;-0.3113829280153002;1;1;False;3.8229300313861;2.6745080662689;-1.1484219651171998;0;0;0;0
kognition;kognition;False;2025-11-24;2025-11-24;1046;1047;1606;1607;1.7197401550854;2.2009129520582;0.48117279697280013;1;1;False;2.6745080662689;3.5655874874173;0.8910794211484001;0;0;0;0
kognition;regulation;True;2025-11-24;2025-11-24;1047;1048;1607;1608;2.2009129520582;2.3358286965014;0.13491574444319987;1;1;False;3.5655874874173;4.766014081322;1.2004265939046999;0;0;0;0
regulation;kognition;True;2025-11-24;2025-12-01;1048;1035;1608;1595;2.3358286965014;2.1928329711058;-0.14299572539560002;1;1;False;4.766014081322;3.9028243912711;-0.8631896900509002;0;1;0;1
kognition;performanz;True;2025-12-01;2025-12-01;1035;1036;1595;1596;2.1928329711058;1.8608741963844;-0.3319587747213999;1;1;False;3.9028243912711;3.0556171049096;-0.8472072863614999;1;0;1;0
performanz;regulation;True;2025-12-01;2025-12-01;1036;1037;1596;1597;1.8608741963844;2.3378029514569;0.4769287550724999;1;1;False;3.0556171049096;4.1845300685627;1.1289129636531001;0;0;0;0
regulation;kognition;True;2025-12-01;2025-12-01;1037;1038;1597;1598;2.3378029514569;1.9983364398439;-0.3394665116129998;1;1;False;4.1845300685627;3.4475065704142;-0.7370234981485;0;0;0;0
kognition;performanz;True;2025-12-01;2025-12-01;1038;1039;1598;1599;1.9983364398439;1.7349960417186;-0.2633403981253002;1;1;False;3.4475065704142;3.0088267944093;-0.43867977600489994;0;0;0;0
performanz;kognition;True;2025-12-01;2025-12-08;1039;1026;1599;1586;1.7349960417186;1.8124059963247;0.0774099546061;1;1;False;3.0088267944093;2.7008782028216;-0.30794859158770027;0;0;0;0
kognition;regulation;True;2025-12-08;2025-12-08;1026;1027;1586;1587;1.8124059963247;1.5887506947218;-0.22365530160289993;1;1;False;2.7008782028216;2.5500239990253;-0.15085420379629966;0;0;0;0
regulation;regulation;False;2025-12-08;2025-12-08;1027;1028;1587;1588;1.5887506947218;1.9791706721549;0.3904199774331001;1;1;False;2.5500239990253;4.2157345291432;1.6657105301178996;0;0;0;0
regulation;kognition;True;2025-12-08;2025-12-08;1028;1029;1588;1589;1.9791706721549;2.0318903529178;0.05271968076290001;1;1;False;4.2157345291432;3.8938269022808;-0.3219076268623997;0;0;0;0
kognition;kognition;False;2025-12-08;2025-12-08;1029;1030;1589;1590;2.0318903529178;1.1870654375839;-0.8448249153339;1;1;False;3.8938269022808;2.0864446589711;-1.8073822433097;0;1;0;1
performanz;kognition;True;2025-09-01;2025-09-01;57;58;58;59;1.7503923860708;2.2176040705498;0.46721168447899997;1;1;False;3.2500733602901;4.1959607750546;0.9458874147645004;0;1;0;1
kognition;performanz;True;2025-09-01;2025-09-01;58;59;59;60;2.2176040705498;2.1602420544193;-0.05736201613049996;1;1;False;4.1959607750546;4.0730731755336;-0.12288759952100037;1;0;1;0
performanz;performanz;False;2025-09-01;2025-09-01;59;60;60;61;2.1602420544193;2.260374675858;0.10013262143869994;1;1;False;4.0730731755336;4.5339414150742;0.4608682395406003;0;1;0;1
performanz;kognition;True;2025-09-01;2025-09-01;60;61;61;62;2.260374675858;1.8208837623008;-0.4394909135571998;1;1;False;4.5339414150742;3.6125069904342;-0.9214344246400001;1;1;1;1
kognition;performanz;True;2025-09-01;2025-09-08;61;47;62;48;1.8208837623008;2.1625397852702;0.3416560229694001;1;1;False;3.6125069904342;4.5039203437359;0.8914133533016999;1;0;1;0
performanz;kognition;True;2025-09-08;2025-09-08;47;48;48;49;2.1625397852702;2.4784503914436;0.3159106061733996;1;1;False;4.5039203437359;3.9956993418333;-0.5082210019026001;0;0;0;0
kognition;kognition;False;2025-09-08;2025-09-08;48;49;49;50;2.4784503914436;2.1820491743331;-0.2964012171104997;1;1;False;3.9956993418333;4.4336617364237;0.43796239459039965;0;0;0;0
kognition;kognition;False;2025-09-08;2025-09-08;49;50;50;51;2.1820491743331;1.2999584535744;-0.8820907207587001;1;1;False;4.4336617364237;2.1790951612463;-2.2545665751773996;0;1;0;1
kognition;methodik;True;2025-09-08;2025-09-08;50;51;51;52;1.2999584535744;2.0534298272575;0.7534713736830998;1;1;False;2.1790951612463;3.8995392280503;1.7204440668039997;1;0;1;0
methodik;performanz;True;2025-09-08;2025-09-15;51;39;52;39;2.0534298272575;2.1524916087874;0.0990617815299002;1;1;False;3.8995392280503;3.7834187822736;-0.1161204457767;0;0;0;0
performanz;kognition;True;2025-09-15;2025-09-15;39;40;39;40;2.1524916087874;2.5684402293092;0.4159486205217999;1;1;False;3.7834187822736;4.7203348418297;0.9369160595561006;0;0;0;0
kognition;performanz;True;2025-09-15;2025-09-15;40;41;40;41;2.5684402293092;2.3369126707959;-0.23152755851329987;1;1;False;4.7203348418297;4.6528861597638;-0.06744868206590038;0;0;0;0
performanz;kognition;True;2025-09-15;2025-09-15;41;42;41;42;2.3369126707959;1.628635644424;-0.7082770263719;1;1;False;4.6528861597638;3.1766681938078;-1.4762179659560002;0;0;0;0
kognition;regulation;True;2025-09-15;2025-09-15;42;43;42;43;1.628635644424;1.9603476546835;0.3317120102594999;1;1;False;3.1766681938078;4.105530115666;0.9288619218582004;0;0;0;0
regulation;kognition;True;2025-09-15;2025-09-22;43;31;43;31;1.9603476546835;2.2375701027702;0.27722244808670027;1;1;False;4.105530115666;4.04857516276;-0.0569549529060005;0;0;0;0
kognition;kognition;False;2025-09-22;2025-09-22;31;32;31;32;2.2375701027702;2.1820491743331;-0.0555209284371001;1;1;False;4.04857516276;4.4336617364237;0.3850865736636999;0;0;0;0
kognition;performanz;True;2025-09-22;2025-09-22;32;33;32;33;2.1820491743331;2.061049496361;-0.1209996779721001;1;1;False;4.4336617364237;4.1805161786248;-0.25314555779889947;0;0;0;0
performanz;performanz;False;2025-09-22;2025-09-29;33;21;33;21;2.061049496361;1.844266143772;-0.21678335258899994;1;1;False;4.1805161786248;2.6788847117208;-1.501631466904;0;0;0;0
performanz;kognition;True;2025-09-29;2025-09-29;21;22;21;22;1.844266143772;2.7682973486899;0.9240312049179;1;1;False;2.6788847117208;4.466581322438;1.7876966107172003;0;1;0;1
kognition;kognition;False;2025-09-29;2025-09-29;22;23;22;23;2.7682973486899;2.2688988134381;-0.4993985352518;1;1;False;4.466581322438;4.362368859302;-0.10421246313600019;1;0;1;0
kognition;regulation;True;2025-09-29;2025-09-29;23;24;23;24;2.2688988134381;-2.2199674698438;-4.4888662832819;1;-1;True;4.362368859302;4.0162409249856;-0.3461279343164003;0;2;0;1
regulation;kognition;True;2025-09-29;2025-09-29;24;25;24;25;-2.2199674698438;2.1046227351488;4.3245902049925995;-1;1;True;4.0162409249856;3.4246644235568;-0.5915765014288001;2;1;1;1
kognition;kognition;False;2025-09-29;2025-10-20;25;16;25;16;2.1046227351488;2.4410982889583;0.3364755538095001;1;1;False;3.4246644235568;4.2776947265947;0.8530303030379005;1;0;1;0
kognition;kognition;False;2025-10-20;2025-10-20;16;17;16;17;2.4410982889583;2.0025209823477;-0.4385773066106;1;1;False;4.2776947265947;4.1753366045791;-0.10235812201560002;0;0;0;0
kognition;motivation;True;2025-10-20;2025-10-20;17;18;17;18;2.0025209823477;1.2052751378734;-0.7972458444743002;1;1;False;4.1753366045791;2.5677818078907;-1.6075547966884;0;2;0;1
motivation;kognition;True;2025-10-20;2025-10-20;18;19;18;19;1.2052751378734;2.4241953523872;1.2189202145138;1;1;False;2.5677818078907;3.6133900265862;1.0456082186954996;2;0;1;0
kognition;performanz;True;2025-10-20;2025-10-20;19;20;19;20;2.4241953523872;1.7185730315922;-0.7056223207949999;1;1;False;3.6133900265862;3.4752254188631;-0.13816460772309958;0;0;0;0
performanz;kognition;True;2025-10-20;2025-10-27;20;6;20;6;1.7185730315922;2.1684041030201;0.4498310714278997;1;1;False;3.4752254188631;3.7011651508002;0.2259397319370997;0;1;0;1
kognition;kognition;False;2025-10-27;2025-10-27;6;7;6;7;2.1684041030201;1.8767956837469;-0.2916084192731998;1;1;False;3.7011651508002;3.644316435302;-0.05684871549819981;1;1;1;1
kognition;performanz;True;2025-10-27;2025-10-27;7;8;7;8;1.8767956837469;2.0873425430114;0.2105468592644999;1;1;False;3.644316435302;3.7431099554033;0.09879352010129994;1;1;1;1
performanz;kognition;True;2025-10-27;2025-10-27;8;9;8;9;2.0873425430114;1.512680856227;-0.5746616867843999;1;1;False;3.7431099554033;2.7153344123817;-1.0277755430216002;1;1;1;1
kognition;regulation;True;2025-10-27;2025-10-27;9;10;9;10;1.512680856227;1.539769585776;0.0270887295490001;1;1;False;2.7153344123817;2.8957199704337;0.1803855580520004;1;0;1;0
regulation;kognition;True;2025-10-27;2025-11-03;10;1;10;1;1.539769585776;2.4207499997062;0.8809804139301998;1;1;False;2.8957199704337;4.8013363108794;1.9056163404456994;0;1;0;1
kognition;kognition;False;2025-11-03;2025-11-03;1;2;1;2;2.4207499997062;2.2176040705498;-0.20314592915639995;1;1;False;4.8013363108794;4.1959607750546;-0.6053755358247992;1;1;1;1
kognition;performanz;True;2025-11-03;2025-11-03;2;3;2;3;2.2176040705498;2.0560234558756;-0.16158061467419982;1;1;False;4.1959607750546;3.7592794149567;-0.4366813600979005;1;1;1;1
performanz;kognition;True;2025-11-03;2025-11-03;3;4;3;4;2.0560234558756;1.512680856227;-0.5433425996486001;1;1;False;3.7592794149567;2.7153344123817;-1.0439450025750001;1;1;1;1
kognition;regulation;True;2025-11-03;2025-11-03;4;5;4;5;1.512680856227;1.4279047558095;-0.08477610041750006;1;1;False;2.7153344123817;3.0240571504654;0.3087227380837003;1;2;1;1
regulation;kognition;True;2025-11-03;2025-11-10;5;1584;5;2154;1.4279047558095;2.1740412824802;0.7461365266707001;1;1;False;3.0240571504654;3.5213129836393;0.49725583317389965;2;0;1;0
kognition;kognition;False;2025-11-10;2025-11-10;1584;1585;2154;2155;2.1740412824802;2.0758103279544;-0.09823095452580022;1;1;False;3.5213129836393;4.4037939267681;0.8824809431288001;0;1;0;1
kognition;kognition;False;2025-11-10;2025-11-10;1585;1586;2155;2156;2.0758103279544;0.811;-1.2648103279543998;1;1;False;4.4037939267681;0.99141868047763;-3.4123752462904697;1;1;1;1
kognition;kognition;False;2025-11-10;2025-11-10;1586;1587;2156;2157;0.811;1.6983290877114;0.8873290877113998;1;1;False;0.99141868047763;3.1029026024035;2.1114839219258696;1;1;1;1
kognition;performanz;True;2025-11-10;2025-11-10;1587;1588;2157;2158;1.6983290877114;1.5905662396008;-0.10776284811059988;1;1;False;3.1029026024035;2.8317859427849;-0.2711166596185999;1;0;1;0
performanz;kognition;True;2025-11-10;2025-11-17;1588;1574;2158;2144;1.5905662396008;2.1740412824802;0.5834750428794;1;1;False;2.8317859427849;3.5213129836393;0.6895270408543999;0;0;0;0
kognition;kognition;False;2025-11-17;2025-11-17;1574;1575;2144;2145;2.1740412824802;2.1771334646017;0.0030921821215001977;1;1;False;3.5213129836393;3.8848123394548;0.3634993558155002;0;0;0;0
kognition;kognition;False;2025-11-17;2025-11-17;1575;1576;2145;2146;2.1771334646017;2.1007496204029;-0.07638384419880007;1;1;False;3.8848123394548;3.2329626409957;-0.6518496984590998;0;0;0;0
kognition;kognition;False;2025-11-17;2025-11-17;1576;1577;2146;2147;2.1007496204029;1.7810481523429;-0.3197014680600001;1;1;False;3.2329626409957;3.4485985759833;0.21563593498760003;0;1;0;1
kognition;performanz;True;2025-11-17;2025-11-17;1577;1578;2147;2148;1.7810481523429;2.2176844063113;0.4366362539683999;1;1;False;3.4485985759833;4.4959941585393;1.0473955825560002;1;1;1;1
performanz;kognition;True;2025-11-17;2025-11-24;1578;1570;2148;2140;2.2176844063113;2.511166734315;0.2934823280037002;1;1;False;4.4959941585393;4.5541230711521;0.05812891261279951;1;0;1;0
kognition;regulation;True;2025-11-24;2025-11-24;1570;1571;2140;2141;2.511166734315;1.0748847029185;-1.4362820313965001;1;1;False;4.5541230711521;2.1705909655679;-2.3835321055842;0;1;0;1
regulation;kognition;True;2025-11-24;2025-11-24;1571;1572;2141;2142;1.0748847029185;1.8515721846579;0.7766874817394;1;1;False;2.1705909655679;3.1492118583832;0.9786208928152997;1;1;1;1
kognition;performanz;True;2025-11-24;2025-11-24;1572;1573;2142;2143;1.8515721846579;2.3471781258477;0.4956059411897997;1;1;False;3.1492118583832;4.2229338212973;1.0737219629141;1;1;1;1
performanz;performanz;False;2025-11-24;2025-12-01;1573;1561;2143;2130;2.3471781258477;1.844266143772;-0.5029119820756998;1;1;False;4.2229338212973;2.6788847117208;-1.5440491095764997;1;0;1;0
performanz;kognition;True;2025-12-01;2025-12-01;1561;1562;2130;2131;1.844266143772;2.1688746734496;0.3246085296775998;1;1;False;2.6788847117208;3.1172442691244;0.4383595574035999;0;0;0;0
kognition;kognition;False;2025-12-01;2025-12-01;1562;1563;2131;2132;2.1688746734496;2.2147698359634;0.04589516251379999;1;1;False;3.1172442691244;4.5051999610504;1.3879556919260003;0;0;0;0
kognition;performanz;True;2025-12-01;2025-12-01;1563;1564;2132;2133;2.2147698359634;2.3369126707959;0.12214283483250021;1;1;False;4.5051999610504;4.6528861597638;0.14768619871339972;0;0;0;0
performanz;kognition;True;2025-12-01;2025-12-01;1564;1565;2133;2134;2.3369126707959;1.628635644424;-0.7082770263719;1;1;False;4.6528861597638;3.1766681938078;-1.4762179659560002;0;0;0;0
kognition;kognition;False;2025-12-01;2025-12-08;1565;1556;2134;2125;1.628635644424;2.5326051745112;0.9039695300871999;1;1;False;3.1766681938078;4.0096002650977;0.8329320712899002;0;0;0;0
kognition;kognition;False;2025-12-08;2025-12-08;1556;1557;2125;2126;2.5326051745112;2.0177356751246;-0.5148694993866001;1;1;False;4.0096002650977;3.9217345495925;-0.08786571550520028;0;1;0;1
kognition;performanz;True;2025-12-08;2025-12-08;1557;1558;2126;2127;2.0177356751246;2.2864617340759;0.2687260589513003;1;1;False;3.9217345495925;4.03765358036;0.11591903076749999;1;1;1;1
performanz;regulation;True;2025-12-08;2025-12-08;1558;1559;2127;2128;2.2864617340759;2.1883510844683;-0.0981106496076003;1;1;False;4.03765358036;4.6296399360136;0.5919863556536002;1;1;1;1
regulation;performanz;True;2025-12-08;2025-12-08;1559;1560;2128;2129;2.1883510844683;2.070230043039;-0.11812104142929991;1;1;False;4.6296399360136;3.7913177909615;-0.8383221450520999;1;2;1;1
performanz;performanz;False;2025-02-10;2025-08-25;176;169;290;251;2.0498076429998;1.7503923860708;-0.29941525692900006;1;1;False;3.1502063129415;3.2500733602901;0.09986704734859986;1;0;1;0
performanz;kognition;True;2025-08-25;2025-08-25;169;170;251;252;1.7503923860708;2.0311230831007;0.28073069702990017;1;1;False;3.2500733602901;3.8229300313861;0.5728566710959999;0;0;0;0
kognition;performanz;True;2025-08-25;2025-08-25;170;171;252;253;2.0311230831007;2.3014253844218;0.27030230132109967;1;1;False;3.8229300313861;4.5347833117075;0.7118532803213999;0;0;0;0
performanz;regulation;True;2025-08-25;2025-08-25;171;172;253;254;2.3014253844218;1.9126138920563;-0.3888114923654997;1;1;False;4.5347833117075;4.0164817262936;-0.5183015854138997;0;0;0;0
regulation;performanz;True;2025-08-25;2025-08-25;172;173;254;255;1.9126138920563;1.9966423536502;0.08402846159389998;1;1;False;4.0164817262936;4.363566322741;0.34708459644739964;0;0;0;0
performanz;regulation;True;2025-08-25;2025-09-01;173;164;255;246;1.9966423536502;1.7810357015046;-0.21560665214559993;1;1;False;4.363566322741;3.5846603474751;-0.7789059752658996;0;0;0;0
regulation;performanz;True;2025-09-01;2025-09-01;164;165;246;247;1.7810357015046;2.0727800937162;0.29174439221159987;1;1;False;3.5846603474751;3.3171643288248;-0.26749601865030037;0;1;0;1
performanz;kognition;True;2025-09-01;2025-09-01;165;166;247;248;2.0727800937162;1.473212922878;-0.5995671708382;1;1;False;3.3171643288248;3.1443711090881;-0.17279321973669992;1;1;1;1
kognition;kognition;False;2025-09-01;2025-09-01;166;167;248;249;1.473212922878;2.2009129520582;0.7277000291802;1;1;False;3.1443711090881;3.5655874874173;0.4212163783292002;1;0;1;0
kognition;regulation;True;2025-09-01;2025-09-01;167;168;249;250;2.2009129520582;2.3358286965014;0.13491574444319987;1;1;False;3.5655874874173;4.766014081322;1.2004265939046999;0;0;0;0
regulation;performanz;True;2025-09-01;2025-09-08;168;159;250;241;2.3358286965014;2.1524916087874;-0.18333708771399992;1;1;False;4.766014081322;3.7834187822736;-0.9825952990484002;0;0;0;0
performanz;kognition;True;2025-09-08;2025-09-08;159;160;241;242;2.1524916087874;2.1688746734496;0.016383064662199853;1;1;False;3.7834187822736;3.1172442691244;-0.6661745131491998;0;0;0;0
kognition;kognition;False;2025-09-08;2025-09-08;160;161;242;243;2.1688746734496;1.8346238946577;-0.3342507787918998;1;1;False;3.1172442691244;3.050519966414;-0.06672430271040009;0;0;0;0
kognition;performanz;True;2025-09-08;2025-09-08;161;162;243;244;1.8346238946577;1.9577799980576;0.12315610339990002;1;1;False;3.050519966414;3.7807537621279;0.7302337957139002;0;0;0;0
performanz;performanz;False;2025-09-08;2025-09-08;162;163;244;245;1.9577799980576;1.7623605672214;-0.19541943083620006;1;1;False;3.7807537621279;3.1844962872024;-0.5962574749255003;0;0;0;0
performanz;kognition;True;2025-09-08;2025-09-15;163;154;245;236;1.7623605672214;2.3310275582356;0.5686669910142002;1;1;False;3.1844962872024;3.6813879930869;0.49689170588449993;0;0;0;0
kognition;kognition;False;2025-09-15;2025-09-15;154;155;236;237;2.3310275582356;2.2176040705498;-0.11342348768580024;1;1;False;3.6813879930869;4.1959607750546;0.5145727819677006;0;1;0;1
kognition;motivation;True;2025-09-15;2025-09-15;155;156;237;238;2.2176040705498;1.2459236375843;-0.9716804329655;1;1;False;4.1959607750546;1.9935420942378;-2.2024186808168005;1;4;1;1
motivation;performanz;True;2025-09-15;2025-09-15;156;157;238;239;1.2459236375843;0.36031573992149;-0.8856078976628099;1;1;False;1.9935420942378;0.64509368875739;-1.34844840548041;4;1;1;1
performanz;kognition;True;2025-09-15;2025-09-15;157;158;239;240;0.36031573992149;1.6566860222492;1.29637028232771;1;1;False;0.64509368875739;2.4618609597996;1.81676727104221;1;0;1;0
kognition;performanz;True;2025-09-15;2025-09-22;158;150;240;232;1.6566860222492;1.988922705534;0.33223668328480005;1;1;False;2.4618609597996;4.1345309576921;1.6726699978924997;0;1;0;1
performanz;performanz;False;2025-09-22;2025-09-22;150;151;232;233;1.988922705534;1.4780206620485;-0.5109020434855001;1;1;False;4.1345309576921;3.1813676431278;-0.9531633145642995;1;0;1;0
performanz;regulation;True;2025-09-22;2025-09-22;151;152;233;234;1.4780206620485;1.9791706721549;0.5011500101064001;1;1;False;3.1813676431278;4.2157345291432;1.0343668860153996;0;0;0;0
regulation;regulation;False;2025-09-22;2025-09-22;152;153;234;235;1.9791706721549;2.313833831872;0.3346631597170999;1;1;False;4.2157345291432;4.9946265310618;0.7788920019186003;0;1;0;1
regulation;performanz;True;2025-09-22;2025-09-29;153;145;235;227;2.313833831872;2.034911587693;-0.2789222441789998;1;1;False;4.9946265310618;4.2375936204146;-0.7570329106472;1;0;1;0
performanz;kognition;True;2025-09-29;2025-09-29;145;146;227;228;2.034911587693;2.7431027601632;0.7081911724701997;1;1;False;4.2375936204146;4.4247995695105;0.18720594909590016;0;0;0;0
kognition;motivation;True;2025-09-29;2025-09-29;146;147;228;229;2.7431027601632;2.0818792519938;-0.6612235081694;1;1;False;4.4247995695105;4.2766590717479;-0.14814049776260063;0;0;0;0
motivation;kognition;True;2025-09-29;2025-09-29;147;148;229;230;2.0818792519938;2.1505046567471;0.06862540475330015;1;1;False;4.2766590717479;3.4817423048328;-0.7949167669150996;0;0;0;0
kognition;kognition;False;2025-09-29;2025-09-29;148;149;230;231;2.1505046567471;1.6566860222492;-0.4938186344979001;1;1;False;3.4817423048328;2.4618609597996;-1.0198813450332;0;0;0;0
kognition;performanz;True;2025-09-29;2025-10-20;149;140;231;222;1.6566860222492;2.034911587693;0.37822556544380026;1;1;False;2.4618609597996;4.2375936204146;1.7757326606150001;0;0;0;0
performanz;kognition;True;2025-10-20;2025-10-20;140;141;222;223;2.034911587693;2.7431027601632;0.7081911724701997;1;1;False;4.2375936204146;4.4247995695105;0.18720594909590016;0;0;0;0
kognition;regulation;True;2025-10-20;2025-10-20;141;142;223;224;2.7431027601632;1.539769585776;-1.2033331743871998;1;1;False;4.4247995695105;2.8957199704337;-1.5290795990768;0;0;0;0
regulation;performanz;True;2025-10-20;2025-10-20;142;143;224;225;1.539769585776;1.6514653847318;0.11169579895579984;1;1;False;2.8957199704337;3.1819690767104;0.28624910627669964;0;0;0;0
performanz;kognition;True;2025-10-20;2025-10-20;143;144;225;226;1.6514653847318;2.3437059350914;0.6922405503595999;1;1;False;3.1819690767104;4.4032316710435;1.2212625943331;0;0;0;0
kognition;kognition;False;2025-10-20;2025-10-27;144;135;226;217;2.3437059350914;2.1684041030201;-0.1753018320713;1;1;False;4.4032316710435;3.7011651508002;-0.7020665202432999;0;1;0;1
kognition;kognition;False;2025-10-27;2025-10-27;135;136;217;218;2.1684041030201;2.1474646536876;-0.020939449332499915;1;1;False;3.7011651508002;4.1684033499006;0.46723819910039976;1;1;1;1
kognition;kognition;False;2025-10-27;2025-10-27;136;137;218;219;2.1474646536876;1.8346238946577;-0.31284075902989983;1;1;False;4.1684033499006;3.050519966414;-1.1178833834865998;1;0;1;0
kognition;methodik;True;2025-10-27;2025-10-27;137;138;219;220;1.8346238946577;1.6923157810732;-0.14230811358450013;1;1;False;3.050519966414;3.4333342274091;0.38281426099509996;0;1;0;1
methodik;kognition;True;2025-10-27;2025-10-27;138;139;220;221;1.6923157810732;0.811;-0.8813157810731999;1;1;False;3.4333342274091;0.99141868047763;-2.4419155469314697;1;1;1;1
kognition;kognition;False;2025-10-27;2025-11-03;139;130;221;212;0.811;2.4410982889583;1.6300982889583002;1;1;False;0.99141868047763;4.2776947265947;3.28627604611707;1;0;1;0
kognition;kognition;False;2025-11-03;2025-11-03;130;131;212;213;2.4410982889583;1.8767956837469;-0.5643026052114002;1;1;False;4.2776947265947;3.644316435302;-0.6333782912927002;0;1;0;1
kognition;kognition;False;2025-11-03;2025-11-03;131;132;213;214;1.8767956837469;2.1505046567471;0.27370897300020003;1;1;False;3.644316435302;3.4817423048328;-0.1625741304692001;1;0;1;0
kognition;motivation;True;2025-11-03;2025-11-03;132;133;214;215;2.1505046567471;1.5709381606312;-0.5795664961158999;1;1;False;3.4817423048328;3.1437365552397;-0.3380057495930999;0;0;0;0
motivation;kognition;True;2025-11-03;2025-11-03;133;134;215;216;1.5709381606312;1.8644313920995;0.29349323146829986;1;1;False;3.1437365552397;3.3659078131316;0.22217125789189973;0;0;0;0
kognition;kognition;False;2025-11-03;2025-11-10;134;1100;216;1660;1.8644313920995;2.1928329711058;0.32840157900629996;1;1;False;3.3659078131316;3.9028243912711;0.5369165781395;0;1;0;1
kognition;performanz;True;2025-11-10;2025-11-10;1100;1101;1660;1661;2.1928329711058;1.4780206620485;-0.7148123090573;1;1;False;3.9028243912711;3.1813676431278;-0.7214567481432996;1;0;1;0
performanz;kognition;True;2025-11-10;2025-11-10;1101;1102;1661;1662;1.4780206620485;1.4758361358457;-0.0021845262027999635;1;1;False;3.1813676431278;2.8006523873511;-0.3807152557767002;0;0;0;0
kognition;performanz;True;2025-11-10;2025-11-10;1102;1103;1662;1663;1.4758361358457;-1.8674785612985;-3.3433146971442;1;-1;True;2.8006523873511;2.1129969924978;-0.6876553948533002;0;0;0;0
performanz;performanz;False;2025-11-10;2025-11-17;1103;1096;1663;1656;-1.8674785612985;1.988922705534;3.8564012668325;-1;1;True;2.1129969924978;4.1345309576921;2.0215339651943;0;1;0;1
performanz;kognition;True;2025-11-17;2025-11-17;1096;1097;1656;1657;1.988922705534;2.2375701027702;0.24864739723620022;1;1;False;4.1345309576921;4.04857516276;-0.08595579493209993;1;0;1;0
kognition;kognition;False;2025-11-17;2025-11-17;1097;1098;1657;1658;2.2375701027702;1.8497956426329;-0.3877744601373001;1;1;False;4.04857516276;2.9898402914902;-1.0587348712697997;0;1;0;1
kognition;kognition;False;2025-11-17;2025-11-17;1098;1099;1658;1659;1.8497956426329;2.1462963786463;0.2965007360134;1;1;False;2.9898402914902;4.3406553652064;1.3508150737162001;1;1;1;1
kognition;kognition;False;2025-11-17;2025-11-24;1099;1092;1659;1652;2.1462963786463;2.340692642289;0.1943962636426999;1;1;False;4.3406553652064;4.0340534938675;-0.30660187133890027;1;0;1;0
kognition;kognition;False;2025-11-24;2025-11-24;1092;1093;1652;1653;2.340692642289;2.4784503914436;0.13775774915459982;1;1;False;4.0340534938675;3.9956993418333;-0.038354152034199895;0;0;0;0
kognition;performanz;True;2025-11-24;2025-11-24;1093;1094;1653;1654;2.4784503914436;1.5619583131048;-0.9164920783387998;1;1;False;3.9956993418333;2.7800794322758;-1.2156199095575002;0;0;0;0
performanz;motivation;True;2025-11-24;2025-11-24;1094;1095;1654;1655;1.5619583131048;1.7458338296571;0.18387551655230006;1;1;False;2.7800794322758;3.5017444958452;0.7216650635694002;0;0;0;0
motivation;motivation;False;2025-11-24;2025-12-01;1095;1087;1655;1647;1.7458338296571;1.6401735572884;-0.10566027236870013;1;1;False;3.5017444958452;2.8880375884253;-0.6137069074199002;0;1;0;1
motivation;kognition;True;2025-12-01;2025-12-01;1087;1088;1647;1648;1.6401735572884;1.8124059963247;0.17223243903629992;1;1;False;2.8880375884253;2.7008782028216;-0.18715938560369993;1;0;1;0
kognition;performanz;True;2025-12-01;2025-12-01;1088;1089;1648;1649;1.8124059963247;1.9577799980576;0.14537400173290016;1;1;False;2.7008782028216;3.7807537621279;1.0798755593063003;0;0;0;0
performanz;motivation;True;2025-12-01;2025-12-01;1089;1090;1649;1650;1.9577799980576;1.7458338296571;-0.21194616840049996;1;1;False;3.7807537621279;3.5017444958452;-0.2790092662827002;0;0;0;0
motivation;performanz;True;2025-12-01;2025-12-01;1090;1091;1650;1651;1.7458338296571;1.6514653847318;-0.09436844492530017;1;1;False;3.5017444958452;3.1819690767104;-0.3197754191348001;0;0;0;0
performanz;kognition;True;2025-12-01;2025-12-08;1091;1082;1651;1642;1.6514653847318;2.0829911382815;0.4315257535496999;1;1;False;3.1819690767104;4.0637489057853;0.8817798290748997;0;0;0;0
kognition;kognition;False;2025-12-08;2025-12-08;1082;1083;1642;1643;2.0829911382815;2.3459293201978;0.26293818191630036;1;1;False;4.0637489057853;3.9453024964552;-0.11844640933009964;0;1;0;1
kognition;performanz;True;2025-12-08;2025-12-08;1083;1084;1643;1644;2.3459293201978;1.9659302386016;-0.3799990815962002;1;1;False;3.9453024964552;3.702637071267;-0.2426654251881999;1;0;1;0
performanz;kognition;True;2025-12-08;2025-12-08;1084;1085;1644;1645;1.9659302386016;2.2209564799031;0.2550262413015001;1;1;False;3.702637071267;4.2332441001739;0.5306070289069003;0;0;0;0
kognition;kognition;False;2025-12-08;2025-12-08;1085;1086;1645;1646;2.2209564799031;1.8346238946577;-0.38633258524540004;1;1;False;4.2332441001739;3.050519966414;-1.1827241337599004;0;0;0;0
regulation;kognition;True;2025-10-07;2025-10-07;2879;2880;3639;3640;1.7810357015046;2.1118789605959;0.33084325909129997;1;1;False;3.5846603474751;3.9754603937968;0.39080004632169985;0;0;0;0
kognition;performanz;True;2025-10-07;2025-10-07;2880;2881;3640;3641;2.1118789605959;1.8144280300528;-0.2974509305431001;1;1;False;3.9754603937968;3.648548811648;-0.32691158214880023;0;0;0;0
performanz;kognition;True;2025-10-07;2025-10-07;2881;2882;3641;3642;1.8144280300528;2.1820491743331;0.3676211442803001;1;1;False;3.648548811648;4.4336617364237;0.7851129247756998;0;0;0;0
kognition;performanz;True;2025-10-07;2025-10-07;2882;2883;3642;3643;2.1820491743331;1.5570911828289;-0.6249579915042001;1;1;False;4.4336617364237;2.5553402422033;-1.8783214942203998;0;0;0;0
regulation;kognition;True;2025-03-10;2025-08-25;251;245;396;378;0.941;2.078940017929;1.137940017929;1;1;False;1.8277877338466;3.0075822377954;1.1797945039488;0;1;0;1
kognition;methodik;True;2025-08-25;2025-08-25;245;246;378;379;2.078940017929;1.3071304723696;-0.7718095455593998;1;1;False;3.0075822377954;2.3428052989296;-0.6647769388658;1;0;1;0
methodik;kognition;True;2025-08-25;2025-08-25;246;247;379;380;1.3071304723696;1.8497956426329;0.5426651702633001;1;1;False;2.3428052989296;2.9898402914902;0.6470349925606;0;1;0;1
kognition;performanz;True;2025-08-25;2025-08-25;247;248;380;381;1.8497956426329;1.6514653847318;-0.19833025790110015;1;1;False;2.9898402914902;3.1819690767104;0.19212878522019983;1;0;1;0
performanz;regulation;True;2025-08-25;2025-08-25;248;249;381;382;1.6514653847318;1.6593102589405;0.007844874208700059;1;1;False;3.1819690767104;3.445161991689;0.2631929149786001;0;0;0;0
regulation;performanz;True;2025-08-25;2025-09-01;249;241;382;374;1.6593102589405;2.1524916087874;0.4931813498469;1;1;False;3.445161991689;3.7834187822736;0.3382567905845999;0;0;0;0
performanz;kognition;True;2025-09-01;2025-09-01;241;242;374;375;2.1524916087874;2.2069589158005;0.0544673070131001;1;1;False;3.7834187822736;3.916840808544;0.1334220262704;0;0;0;0
kognition;regulation;True;2025-09-01;2025-09-01;242;243;375;376;2.2069589158005;1.9603476546835;-0.24661126111700016;1;1;False;3.916840808544;4.105530115666;0.18868930712200038;0;0;0;0
regulation;performanz;True;2025-09-01;2025-09-01;243;244;376;377;1.9603476546835;1.7623605672214;-0.19798708746209992;1;1;False;4.105530115666;3.1844962872024;-0.9210338284636004;0;0;0;0
performanz;motivation;True;2025-09-01;2025-09-15;244;236;377;369;1.7623605672214;1.6401735572884;-0.12218700993300002;1;1;False;3.1844962872024;2.8880375884253;-0.29645869877710007;0;1;0;1
motivation;kognition;True;2025-09-15;2025-09-15;236;237;369;370;1.6401735572884;2.6228056368715;0.9826320795831001;1;1;False;2.8880375884253;4.6361765459891;1.7481389575638002;1;0;1;0
kognition;performanz;True;2025-09-15;2025-09-15;237;238;370;371;2.6228056368715;1.4379403300243;-1.1848653068472;1;1;False;4.6361765459891;2.9937278924857;-1.6424486535034002;0;1;0;1
performanz;motivation;True;2025-09-15;2025-09-15;238;239;371;372;1.4379403300243;0.69981913800531;-0.7381211920189901;1;1;False;2.9937278924857;1.3025838667872;-1.6911440256984998;1;1;1;1
motivation;performanz;True;2025-09-15;2025-09-15;239;240;372;373;0.69981913800531;1.8125938090566;1.11277467105129;1;1;False;1.3025838667872;3.4721038792412;2.169520012454;1;0;1;0
performanz;kognition;True;2025-09-15;2025-09-22;240;231;373;364;1.8125938090566;2.3310275582356;0.5184337491790001;1;1;False;3.4721038792412;3.6813879930869;0.20928411384569978;0;0;0;0
kognition;performanz;True;2025-09-22;2025-09-22;231;232;364;365;2.3310275582356;1.4780206620485;-0.8530068961871002;1;1;False;3.6813879930869;3.1813676431278;-0.5000203499590996;0;0;0;0
performanz;methodik;True;2025-09-22;2025-09-22;232;233;365;366;1.4780206620485;2.0353585414423;0.5573378793938;1;1;False;3.1813676431278;4.1877424962358;1.006374853108;0;0;0;0
methodik;motivation;True;2025-09-22;2025-09-22;233;234;366;367;2.0353585414423;1.8221612265061;-0.21319731493619987;1;1;False;4.1877424962358;3.8471321766507;-0.3406103195851;0;0;0;0
motivation;performanz;True;2025-09-22;2025-09-22;234;235;367;368;1.8221612265061;1.7816761805797;-0.04048504592640012;1;1;False;3.8471321766507;3.5517580419398;-0.2953741347109;0;1;0;1
performanz;kognition;True;2025-09-22;2025-09-29;235;226;368;359;1.7816761805797;2.3289522253193;0.5472760447395999;1;1;False;3.5517580419398;4.3258647160129;0.7741066740730997;1;1;1;1
kognition;kognition;False;2025-09-29;2025-09-29;226;227;359;360;2.3289522253193;1.752927244018;-0.5760249813012999;1;1;False;4.3258647160129;3.2645506643148;-1.0613140516981;1;0;1;0
kognition;kognition;False;2025-09-29;2025-09-29;227;228;360;361;1.752927244018;1.7353345284312;-0.017592715586799867;1;1;False;3.2645506643148;2.9900649591247;-0.27448570519009996;0;0;0;0
kognition;motivation;True;2025-09-29;2025-09-29;228;229;361;362;1.7353345284312;0.292;-1.4433345284312;1;1;False;2.9900649591247;0.47720959755646;-2.51285536156824;0;0;0;0
motivation;kognition;True;2025-09-29;2025-09-29;229;230;362;363;0.292;1.9179730577314;1.6259730577314;1;1;False;0.47720959755646;2.5315625227324;2.05435292517594;0;0;0;0
kognition;kognition;False;2025-09-29;2025-10-20;230;221;363;354;1.9179730577314;2.1684041030201;0.25043104528869975;1;1;False;2.5315625227324;3.7011651508002;1.1696026280677998;0;1;0;1
kognition;kognition;False;2025-10-20;2025-10-20;221;222;354;355;2.1684041030201;2.2069589158005;0.038554812780400294;1;1;False;3.7011651508002;3.916840808544;0.21567565774379993;1;0;1;0
kognition;performanz;True;2025-10-20;2025-10-20;222;223;355;356;2.2069589158005;1.1724972459399;-1.0344616698606002;1;1;False;3.916840808544;1.8273455172678;-2.0894952912762;0;0;0;0
performanz;regulation;True;2025-10-20;2025-10-20;223;224;356;357;1.1724972459399;1.9611829425497;0.7886856966098001;1;1;False;1.8273455172678;4.1066196583502;2.2792741410824005;0;1;0;1
regulation;motivation;True;2025-10-20;2025-10-20;224;225;357;358;1.9611829425497;1.2052751378734;-0.7559078046763001;1;1;False;4.1066196583502;2.5677818078907;-1.5388378504595002;1;2;1;1
motivation;performanz;True;2025-10-20;2025-10-27;225;217;358;350;1.2052751378734;-1.4552652158942;-2.6605403537676002;1;-1;True;2.5677818078907;2.4366088452089;-0.13117296268180034;2;0;1;0
performanz;kognition;True;2025-10-27;2025-10-27;217;218;350;351;-1.4552652158942;0.45160220709135;1.9068674229855502;-1;1;True;2.4366088452089;0.7559504857546;-1.6806583594542999;0;2;0;1
kognition;performanz;True;2025-10-27;2025-10-27;218;219;351;352;0.45160220709135;1.7185730315922;1.26697082450085;1;1;False;0.7559504857546;3.4752254188631;2.7192749331085;2;0;1;0
performanz;performanz;False;2025-10-27;2025-10-27;219;220;352;353;1.7185730315922;-1.8674785612985;-3.5860515928907004;1;-1;True;3.4752254188631;2.1129969924978;-1.3622284263653004;0;0;0;0
performanz;regulation;True;2025-10-27;2025-11-03;220;215;353;348;-1.8674785612985;2.2831943720438;4.1506729333423005;-1;1;True;2.1129969924978;4.6221765003632;2.5091795078654004;0;1;0;1
regulation;kognition;True;2025-11-03;2025-11-03;215;216;348;349;2.2831943720438;1.2611174102;-1.0220769618438001;1;1;False;4.6221765003632;2.3952654381643;-2.2269110621989;1;0;1;0
kognition;performanz;True;2025-11-03;2025-11-10;216;1872;349;2444;1.2611174102;2.1625397852702;0.9014223750702002;1;1;False;2.3952654381643;4.5039203437359;2.1086549055716;0;0;0;0
performanz;kognition;True;2025-11-10;2025-11-10;1872;1873;2444;2445;2.1625397852702;2.4784503914436;0.3159106061733996;1;1;False;4.5039203437359;3.9956993418333;-0.5082210019026001;0;0;0;0
kognition;motivation;True;2025-11-10;2025-11-10;1873;1874;2445;2446;2.4784503914436;1.2459236375843;-1.2325267538592999;1;1;False;3.9956993418333;1.9935420942378;-2.0021572475955;0;4;0;1
motivation;performanz;True;2025-11-10;2025-11-10;1874;1875;2446;2447;1.2459236375843;1.7576385021604;0.5117148645761;1;1;False;1.9935420942378;3.4507597507663;1.4572176565285;4;0;1;0
performanz;performanz;False;2025-11-10;2025-11-10;1875;1876;2447;2448;1.7576385021604;1.6514653847318;-0.10617311742860003;1;1;False;3.4507597507663;3.1819690767104;-0.26879067405590007;0;0;0;0
performanz;kognition;True;2025-11-10;2025-11-17;1876;1867;2448;2439;1.6514653847318;2.2414953024427;0.5900299177108999;1;1;False;3.1819690767104;4.7653905687971;1.5834214920867002;0;1;0;1
kognition;kognition;False;2025-11-17;2025-11-17;1867;1868;2439;2440;2.2414953024427;1.8124059963247;-0.4290893061179999;1;1;False;4.7653905687971;2.7008782028216;-2.0645123659755003;1;0;1;0
kognition;performanz;True;2025-11-17;2025-11-17;1868;1869;2440;2441;1.8124059963247;1.5441145590549;-0.2682914372698;1;1;False;2.7008782028216;2.75996044218;0.05908223935840029;0;0;0;0
performanz;kognition;True;2025-11-17;2025-11-17;1869;1870;2441;2442;1.5441145590549;2.4036580249543;0.8595434658994001;1;1;False;2.75996044218;4.6452590913521;1.8852986491721002;0;1;0;1
kognition;regulation;True;2025-11-17;2025-11-17;1870;1871;2442;2443;2.4036580249543;2.3378029514569;-0.06585507349740016;1;1;False;4.6452590913521;4.1845300685627;-0.4607290227894003;1;0;1;0
regulation;performanz;True;2025-11-17;2025-11-24;1871;1863;2443;2435;2.3378029514569;1.7503923860708;-0.5874105653860999;1;1;False;4.1845300685627;3.2500733602901;-0.9344567082726001;0;0;0;0
performanz;kognition;True;2025-11-24;2025-11-24;1863;1864;2435;2436;1.7503923860708;2.2176040705498;0.46721168447899997;1;1;False;3.2500733602901;4.1959607750546;0.9458874147645004;0;1;0;1
kognition;performanz;True;2025-11-24;2025-11-24;1864;1865;2436;2437;2.2176040705498;1.5583528329756;-0.6592512375741999;1;1;False;4.1959607750546;2.4727359267413;-1.7232248483133006;1;0;1;0
performanz;regulation;True;2025-11-24;2025-11-24;1865;1866;2437;2438;1.5583528329756;1.0959483968476;-0.462404436128;1;1;False;2.4727359267413;1.6538928464461;-0.8188430802951998;0;0;0;0
regulation;regulation;False;2025-11-24;2025-12-08;1866;1858;2438;2430;1.0959483968476;1.7810357015046;0.6850873046570001;1;1;False;1.6538928464461;3.5846603474751;1.9307675010290002;0;0;0;0
regulation;kognition;True;2025-12-08;2025-12-08;1858;1859;2430;2431;1.7810357015046;2.0772518399554;0.29621613845079975;1;1;False;3.5846603474751;3.5046583852388;-0.08000196223630018;0;1;0;1
kognition;kognition;False;2025-12-08;2025-12-08;1859;1860;2431;2432;2.0772518399554;1.7820560115872;-0.2951958283681999;1;1;False;3.5046583852388;3.4263674606991;-0.07829092453969988;1;1;1;1
kognition;performanz;True;2025-12-08;2025-12-08;1860;1861;2432;2433;1.7820560115872;1.7816761805797;-0.0003798310075000533;1;1;False;3.4263674606991;3.5517580419398;0.1253905812406999;1;1;1;1
performanz;performanz;False;2025-12-08;2025-12-08;1861;1862;2433;2434;1.7816761805797;1.6859498552702;-0.09572632530949998;1;1;False;3.5517580419398;2.8674352088813;-0.6843228330584998;1;0;1;0
kognition;performanz;True;2025-09-30;2025-09-30;2200;2201;2775;2776;2.078940017929;-1.7781209396438;-3.8570609575728;1;-1;True;3.0075822377954;2.9238561433447;-0.08372609445070012;1;0;1;0
performanz;performanz;False;2025-09-30;2025-09-30;2201;2202;2776;2777;-1.7781209396438;1.8259587946393;3.6040797342831;-1;1;True;2.9238561433447;3.8103753330437;0.8865191896989999;0;1;0;1
performanz;kognition;True;2025-09-30;2025-09-30;2202;2203;2777;2778;1.8259587946393;2.1107934644134;0.28483466977409977;1;1;False;3.8103753330437;3.6856067041269;-0.12476862891679996;1;1;1;1
performanz;motivation;True;2025-02-26;2025-04-30;818;817;1231;1218;1.0;1.4855528312733;0.48555283127329996;1;1;False;1.2396455138466;3.2665174874432;2.0268719735965997;0;0;0;0
motivation;kognition;True;2025-04-30;2025-08-27;817;808;1218;1186;1.4855528312733;2.2176040705498;0.7320512392765;1;1;False;3.2665174874432;4.1959607750546;0.9294432876114005;0;1;0;1
kognition;methodik;True;2025-08-27;2025-08-27;808;809;1186;1187;2.2176040705498;1.3071304723696;-0.9104735981801999;1;1;False;4.1959607750546;2.3428052989296;-1.8531554761250004;1;2;1;1
methodik;performanz;True;2025-08-27;2025-08-27;809;810;1187;1188;1.3071304723696;1.7185730315922;0.4114425592226001;1;1;False;2.3428052989296;3.4752254188631;1.1324201199335002;2;0;1;0
performanz;motivation;True;2025-08-27;2025-08-27;810;811;1188;1189;1.7185730315922;0.85188551646247;-0.8666875151297301;1;1;False;3.4752254188631;1.5890209998845;-1.8862044189786003;0;0;0;0
motivation;kognition;True;2025-08-27;2025-09-03;811;798;1189;1176;0.85188551646247;2.4326861730502;1.58080065658773;1;1;False;1.5890209998845;4.9394420737157;3.3504210738311997;0;0;0;0
kognition;methodik;True;2025-09-03;2025-09-03;798;799;1176;1177;2.4326861730502;1.3071304723696;-1.1255557006805998;1;1;False;4.9394420737157;2.3428052989296;-2.5966367747861;0;0;0;0
methodik;regulation;True;2025-09-03;2025-09-03;799;800;1177;1178;1.3071304723696;1.9126138920563;0.6054834196867;1;1;False;2.3428052989296;4.0164817262936;1.6736764273640001;0;0;0;0
regulation;performanz;True;2025-09-03;2025-09-03;800;801;1178;1179;1.9126138920563;1.5583528329756;-0.35426105908070005;1;1;False;4.0164817262936;2.4727359267413;-1.5437457995523003;0;0;0;0
performanz;kognition;True;2025-09-03;2025-09-03;801;802;1179;1180;1.5583528329756;1.473212922878;-0.08513991009760002;1;1;False;2.4727359267413;3.1443711090881;0.6716351823468001;0;1;0;1
kognition;performanz;True;2025-09-03;2025-09-17;802;788;1180;1166;1.473212922878;1.988922705534;0.515709782656;1;1;False;3.1443711090881;4.1345309576921;0.9901598486039997;1;1;1;1
performanz;kognition;True;2025-09-17;2025-09-17;788;789;1166;1167;1.988922705534;2.1474646536876;0.1585419481535999;1;1;False;4.1345309576921;4.1684033499006;0.033872392208500024;1;1;1;1
kognition;kognition;False;2025-09-17;2025-09-17;789;790;1167;1168;2.1474646536876;1.628635644424;-0.5188290092635999;1;1;False;4.1684033499006;3.1766681938078;-0.9917351560927998;1;0;1;0
kognition;motivation;True;2025-09-17;2025-09-17;790;791;1168;1169;1.628635644424;0.292;-1.336635644424;1;1;False;3.1766681938078;0.47720959755646;-2.6994585962513398;0;0;0;0
motivation;kognition;True;2025-09-17;2025-09-17;791;792;1169;1170;0.292;1.6566860222492;1.3646860222491999;1;1;False;0.47720959755646;2.4618609597996;1.9846513622431399;0;0;0;0
kognition;kognition;False;2025-09-17;2025-09-24;792;779;1170;1157;1.6566860222492;2.7431027601632;1.086416737914;1;1;False;2.4618609597996;4.4247995695105;1.9629386097109003;0;0;0;0
kognition;kognition;False;2025-09-24;2025-09-24;779;780;1157;1158;2.7431027601632;1.8941985677148;-0.8489041924483998;1;1;False;4.4247995695105;3.5717878102127;-0.8530117592978002;0;0;0;0
kognition;methodik;True;2025-09-24;2025-09-24;780;781;1158;1159;1.8941985677148;2.1006963532816;0.20649778556679999;1;1;False;3.5717878102127;4.0258121877764;0.45402437756369984;0;0;0;0
methodik;regulation;True;2025-09-24;2025-09-24;781;782;1159;1160;2.1006963532816;2.3358286965014;0.2351323432197998;1;1;False;4.0258121877764;4.766014081322;0.7402018935456001;0;0;0;0
regulation;kognition;True;2025-09-24;2025-10-01;782;770;1160;1148;2.3358286965014;1.8124059963247;-0.5234227001767;1;1;False;4.766014081322;2.7008782028216;-2.0651358785004;0;0;0;0
kognition;kognition;False;2025-10-01;2025-10-01;770;771;1148;1149;1.8124059963247;1.8941985677148;0.08179257139010021;1;1;False;2.7008782028216;3.5717878102127;0.8709096073911002;0;0;0;0
kognition;performanz;True;2025-10-01;2025-10-01;771;772;1149;1150;1.8941985677148;1.7576385021604;-0.13656006555440015;1;1;False;3.5717878102127;3.4507597507663;-0.12102805944640016;0;0;0;0
performanz;performanz;False;2025-10-01;2025-10-01;772;773;1150;1151;1.7576385021604;2.061049496361;0.3034109942006;1;1;False;3.4507597507663;4.1805161786248;0.7297564278585003;0;0;0;0
performanz;kognition;True;2025-10-01;2025-10-22;773;756;1151;1134;2.061049496361;2.4326861730502;0.37163667668919986;1;1;False;4.1805161786248;4.9394420737157;0.7589258950908997;0;0;0;0
kognition;kognition;False;2025-10-22;2025-10-22;756;757;1134;1135;2.4326861730502;2.7431027601632;0.310416587113;1;1;False;4.9394420737157;4.4247995695105;-0.5146425042051996;0;0;0;0
kognition;kognition;False;2025-10-22;2025-10-22;757;758;1135;1136;2.7431027601632;1.8497956426329;-0.8933071175302998;1;1;False;4.4247995695105;2.9898402914902;-1.4349592780203002;0;1;0;1
kognition;performanz;True;2025-10-22;2025-10-22;758;759;1136;1137;1.8497956426329;1.9577799980576;0.10798435542469997;1;1;False;2.9898402914902;3.7807537621279;0.7909134706377001;1;0;1;0
performanz;regulation;True;2025-10-22;2025-10-22;759;760;1137;1138;1.9577799980576;1.9611829425497;0.0034029444920999907;1;1;False;3.7807537621279;4.1066196583502;0.3258658962223002;0;1;0;1
regulation;kognition;True;2025-10-22;2025-10-29;760;743;1138;1121;1.9611829425497;1.919667488646;-0.04151545390370015;1;1;False;4.1066196583502;3.1988921097457;-0.9077275486045004;1;0;1;0
kognition;methodik;True;2025-10-29;2025-10-29;743;744;1121;1122;1.919667488646;1.3071304723696;-0.6125370162763999;1;1;False;3.1988921097457;2.3428052989296;-0.8560868108160999;0;0;0;0
methodik;regulation;True;2025-10-29;2025-10-29;744;745;1122;1123;1.3071304723696;1.539769585776;0.2326391134064001;1;1;False;2.3428052989296;2.8957199704337;0.5529146715041002;0;0;0;0
regulation;performanz;True;2025-10-29;2025-10-29;745;746;1123;1124;1.539769585776;2.1602420544193;0.6204724686432999;1;1;False;2.8957199704337;4.0730731755336;1.1773532050998998;0;0;0;0
performanz;performanz;False;2025-10-29;2025-11-05;746;734;1124;1112;2.1602420544193;1.7146760432305;-0.4455660111888;1;1;False;4.0730731755336;3.3685945007785;-0.7044786747551002;0;1;0;1
performanz;performanz;False;2025-11-05;2025-11-05;734;735;1112;1113;1.7146760432305;2.0727800937162;0.35810405048570004;1;1;False;3.3685945007785;3.3171643288248;-0.05143017195370003;1;1;1;1
performanz;motivation;True;2025-11-05;2025-11-05;735;736;1113;1114;2.0727800937162;1.8151486855143;-0.2576314082019;1;1;False;3.3171643288248;2.9587323352089;-0.3584319936158997;1;0;1;0
motivation;kognition;True;2025-11-05;2025-11-05;736;737;1114;1115;1.8151486855143;2.0461096300162;0.23096094450190008;1;1;False;2.9587323352089;3.8838793061339;0.9251469709249998;0;1;0;1
kognition;performanz;True;2025-11-05;2025-11-12;737;1224;1115;1788;2.0461096300162;1.7507822794422;-0.29532735057399995;1;1;False;3.8838793061339;3.5816981353789;-0.30218117075499995;1;1;1;1
performanz;kognition;True;2025-11-12;2025-11-12;1224;1225;1788;1789;1.7507822794422;2.1820491743331;0.4312668948909;1;1;False;3.5816981353789;4.4336617364237;0.8519636010447997;1;0;1;0
kognition;regulation;True;2025-11-12;2025-11-12;1225;1226;1789;1790;2.1820491743331;1.8368648761565;-0.3451842981766;1;1;False;4.4336617364237;4.1100040351697;-0.3236577012539996;0;0;0;0
regulation;motivation;True;2025-11-12;2025-11-12;1226;1227;1790;1791;1.8368648761565;1.8934141982597;0.05654932210319985;1;1;False;4.1100040351697;3.6130190037089;-0.4969850314608002;0;0;0;0
motivation;performanz;True;2025-11-12;2025-11-26;1227;1210;1791;1773;1.8934141982597;2.1018406752718;0.20842647701210004;1;1;False;3.6130190037089;4.0297451295107;0.41672612580180024;0;0;0;0
performanz;kognition;True;2025-11-26;2025-11-26;1210;1211;1773;1774;2.1018406752718;2.7431027601632;0.6412620848913999;1;1;False;4.0297451295107;4.4247995695105;0.39505443999980017;0;0;0;0
kognition;motivation;True;2025-11-26;2025-11-26;1211;1212;1774;1775;2.7431027601632;0.85188551646247;-1.89121724370073;1;1;False;4.4247995695105;1.5890209998845;-2.835778569626;0;0;0;0
motivation;kognition;True;2025-11-26;2025-12-03;1212;1201;1775;1764;0.85188551646247;2.531100992962;1.6792154764995302;1;1;False;1.5890209998845;4.2180884691949;2.6290674693103995;0;1;0;1
kognition;methodik;True;2025-12-03;2025-12-03;1201;1202;1764;1765;2.531100992962;2.1410505413095;-0.3900504516525003;1;1;False;4.2180884691949;4.7299790770357;0.5118906078408001;1;1;1;1
methodik;performanz;True;2025-12-03;2025-12-03;1202;1203;1765;1766;2.1410505413095;1.0;-1.1410505413094998;1;1;False;4.7299790770357;1.2396455138466;-3.4903335631890995;1;0;1;0
performanz;motivation;True;2025-12-03;2025-12-03;1203;1204;1766;1767;1.0;1.2459236375843;0.24592363758429991;1;1;False;1.2396455138466;1.9935420942378;0.7538965803911999;0;4;0;1
motivation;kognition;True;2025-12-03;2025-12-10;1204;1192;1767;1755;1.2459236375843;2.5326051745112;1.2866815369269;1;1;False;1.9935420942378;4.0096002650977;2.0160581708599;4;0;1;0
kognition;kognition;False;2025-12-10;2025-12-10;1192;1193;1755;1756;2.5326051745112;2.0025209823477;-0.5300841921634998;1;1;False;4.0096002650977;4.1753366045791;0.1657363394814002;0;0;0;0
kognition;kognition;False;2025-12-10;2025-12-10;1193;1194;1756;1757;2.0025209823477;1.3807910822945;-0.6217299000532002;1;1;False;4.1753366045791;1.7229179248308;-2.4524186797483;0;1;0;1
kognition;kognition;False;2025-12-10;2025-12-10;1194;1195;1757;1758;1.3807910822945;2.4036580249543;1.0228669426598;1;1;False;1.7229179248308;4.6452590913521;2.9223411665213;1;1;1;1
kognition;performanz;True;2025-12-10;2026-01-21;1195;1183;1758;1746;2.4036580249543;1.7803177442296;-0.6233402807246999;1;1;False;4.6452590913521;2.2792901074475;-2.3659689839046005;1;0;1;0
performanz;kognition;True;2026-01-21;2026-01-21;1183;1184;1746;1747;1.7803177442296;2.4094215925566;0.6291038483269997;1;1;False;2.2792901074475;4.2594688496216;1.9801787421741;0;1;0;1
kognition;performanz;True;2026-01-21;2026-01-21;1184;1185;1747;1748;2.4094215925566;1.9577799980576;-0.45164159449899977;1;1;False;4.2594688496216;3.7807537621279;-0.4787150874936996;1;0;1;0
performanz;performanz;False;2026-01-21;2026-01-21;1185;1186;1748;1749;1.9577799980576;1.171031134971;-0.7867488630866;1;1;False;3.7807537621279;2.3554216638968;-1.4253320982311002;0;0;0;0
performanz;kognition;True;2026-01-21;2026-01-21;1186;1187;1749;1750;1.171031134971;1.5679450357693;0.3969139007983;1;1;False;2.3554216638968;3.3382596654507;0.9828380015539002;0;0;0;0
kognition;kognition;False;2025-09-24;2025-09-24;708;709;1085;1086;1.2955716240704;1.8346726067272;0.5391009826567998;1;1;False;2.2281129454848;3.2578547618;1.0297418163152;2;0;1;0
kognition;performanz;True;2025-09-24;2025-09-24;709;710;1086;1087;1.8346726067272;1.248509775387;-0.5861628313401999;1;1;False;3.2578547618;2.2668578884517;-0.9909968733482999;0;2;0;1
performanz;kognition;True;2025-09-24;2025-09-24;710;711;1087;1088;1.248509775387;0.88114242044713;-0.36736735493987005;1;1;False;2.2668578884517;1.5052760208431;-0.7615818676086001;2;2;1;1
kognition;regulation;True;2025-09-24;2025-09-24;711;712;1088;1089;0.88114242044713;1.6521674795534;0.7710250591062701;1;1;False;1.5052760208431;3.5054604059233;2.0001843850802;2;2;1;1
regulation;performanz;True;2025-09-24;2025-11-05;712;685;1089;1062;1.6521674795534;2.0870902816588;0.43492280210540013;1;1;False;3.5054604059233;4.4145152628884;0.9090548569650996;2;1;1;1
performanz;kognition;True;2025-11-05;2025-11-05;685;686;1062;1063;2.0870902816588;1.7594039781414;-0.32768630351740025;1;1;False;4.4145152628884;2.5582570097871;-1.8562582531012999;1;0;1;0
kognition;motivation;True;2025-11-05;2025-11-05;686;687;1063;1064;1.7594039781414;1.8221612265061;0.06275724836470009;1;1;False;2.5582570097871;3.8471321766507;1.2888751668636003;0;0;0;0
motivation;motivation;False;2025-11-05;2025-11-05;687;688;1064;1065;1.8221612265061;1.4861242811003;-0.3360369454058001;1;1;False;3.8471321766507;2.8004605290594;-1.0466716475913;0;2;0;1
motivation;kognition;True;2025-11-05;2025-11-05;688;689;1065;1066;1.4861242811003;0.93033640217641;-0.5557878789238899;1;1;False;2.8004605290594;1.2552525715904;-1.545207957469;2;2;1;1
kognition;kognition;False;2025-09-03;2025-09-03;890;891;1327;1328;2.4207499997062;2.2176040705498;-0.20314592915639995;1;1;False;4.8013363108794;4.1959607750546;-0.6053755358247992;1;1;1;1
kognition;performanz;True;2025-09-03;2025-09-03;891;892;1328;1329;2.2176040705498;-1.4208154801294;-3.6384195506792;1;-1;True;4.1959607750546;2.4266476899275;-1.7693130851271004;1;0;1;0
performanz;kognition;True;2025-09-03;2025-09-03;892;893;1329;1330;-1.4208154801294;1.8346726067272;3.2554880868566;-1;1;True;2.4266476899275;3.2578547618;0.8312070718725;0;0;0;0
kognition;kognition;False;2025-09-03;2025-09-03;893;894;1330;1331;1.8346726067272;2.0394510846843;0.20477847795710025;1;1;False;3.2578547618;3.6711574155037;0.4133026537036999;0;1;0;1
kognition;kognition;False;2025-09-03;2025-09-10;894;880;1331;1317;2.0394510846843;2.3310275582356;0.2915764735513;1;1;False;3.6711574155037;3.6813879930869;0.010230577583199896;1;0;1;0
kognition;kognition;False;2025-09-10;2025-09-10;880;881;1317;1318;2.3310275582356;2.7431027601632;0.4120752019275997;1;1;False;3.6813879930869;4.4247995695105;0.7434115764236005;0;0;0;0
kognition;motivation;True;2025-09-10;2025-09-10;881;882;1318;1319;2.7431027601632;1.8151486855143;-0.9279540746488999;1;1;False;4.4247995695105;2.9587323352089;-1.4660672343016001;0;0;0;0
motivation;kognition;True;2025-09-10;2025-09-10;882;883;1319;1320;1.8151486855143;1.628635644424;-0.18651304109029998;1;1;False;2.9587323352089;3.1766681938078;0.21793585859889975;0;0;0;0
kognition;performanz;True;2025-09-10;2025-09-10;883;884;1320;1321;1.628635644424;1.248509775387;-0.38012586903699996;1;1;False;3.1766681938078;2.2668578884517;-0.9098103053560997;0;2;0;1
performanz;regulation;True;2025-09-10;2025-09-24;884;867;1321;1304;1.248509775387;1.8743802397078;0.6258704643208;1;1;False;2.2668578884517;3.9112024651601;1.6443445767084;2;2;1;1
regulation;methodik;True;2025-09-24;2025-09-24;867;868;1304;1305;1.8743802397078;1.3071304723696;-0.5672497673382;1;1;False;3.9112024651601;2.3428052989296;-1.5683971662305;2;0;1;0
methodik;kognition;True;2025-09-24;2025-09-24;868;869;1305;1306;1.3071304723696;1.6888048282246;0.381674355855;1;1;False;2.3428052989296;2.9577030053811;0.6148977064515;0;0;0;0
kognition;kognition;False;2025-09-24;2025-09-24;869;870;1306;1307;1.6888048282246;1.5886973924518;-0.10010743577280001;1;1;False;2.9577030053811;2.9445628141972;-0.013140191183900196;0;2;0;1
kognition;performanz;True;2025-09-24;2025-10-01;870;857;1307;1294;1.5886973924518;2.1834193470863;0.5947219546345;1;1;False;2.9445628141972;4.7272578340427;1.7826950198454998;2;1;1;1
performanz;kognition;True;2025-10-01;2025-10-01;857;858;1294;1295;2.1834193470863;2.5676948589789;0.3842755118926;1;1;False;4.7272578340427;4.8411068993645;0.1138490653218005;1;0;1;0
kognition;motivation;True;2025-10-01;2025-10-01;858;859;1295;1296;2.5676948589789;1.8151486855143;-0.7525461734646;1;1;False;4.8411068993645;2.9587323352089;-1.8823745641556;0;0;0;0
motivation;kognition;True;2025-10-01;2025-10-01;859;860;1296;1297;1.8151486855143;1.8515721846579;0.0364234991436001;1;1;False;2.9587323352089;3.1492118583832;0.19047952317429973;0;1;0;1
kognition;kognition;False;2025-10-01;2025-10-01;860;861;1297;1298;1.8515721846579;0.811;-1.0405721846579001;1;1;False;3.1492118583832;0.99141868047763;-2.1577931779055697;1;1;1;1
kognition;kognition;False;2025-10-01;2025-10-22;861;852;1298;1289;0.811;2.0304399710254;1.2194399710254;1;1;False;0.99141868047763;3.9010906605121;2.90967198003447;1;1;1;1
kognition;kognition;False;2025-10-22;2025-10-22;852;853;1289;1290;2.0304399710254;2.5676948589789;0.5372548879535;1;1;False;3.9010906605121;4.8411068993645;0.9400162388524;1;0;1;0
kognition;kognition;False;2025-10-22;2025-10-22;853;854;1290;1291;2.5676948589789;1.9983364398439;-0.5693584191349998;1;1;False;4.8411068993645;3.2196014696278;-1.6215054297367;0;2;0;1
kognition;kognition;False;2025-10-22;2025-10-22;854;855;1291;1292;1.9983364398439;0.93033640217641;-1.06800003766749;1;1;False;3.2196014696278;1.2552525715904;-1.9643488980374002;2;2;1;1
kognition;motivation;True;2025-10-22;2025-10-22;855;856;1292;1293;0.93033640217641;1.9323937282884;1.00205732611199;1;1;False;1.2552525715904;4.094843055123;2.8395904835326005;2;2;1;1
motivation;performanz;True;2025-10-22;2025-10-29;856;839;1293;1276;1.9323937282884;1.7146760432305;-0.21771768505790012;1;1;False;4.094843055123;3.3685945007785;-0.7262485543445005;2;1;1;1
performanz;motivation;True;2025-10-29;2025-10-29;839;840;1276;1277;1.7146760432305;1.376852504409;-0.33782353882149985;1;1;False;3.3685945007785;2.4862506965683;-0.8823438042101999;1;0;1;0
motivation;kognition;True;2025-10-29;2025-10-29;840;841;1277;1278;1.376852504409;1.7822209932404;0.4053684888314;1;1;False;2.4862506965683;3.3908447253838;0.9045940288155001;0;1;0;1
kognition;regulation;True;2025-10-29;2025-10-29;841;842;1278;1279;1.7822209932404;1.4279047558095;-0.3543162374309001;1;1;False;3.3908447253838;3.0240571504654;-0.3667875749184;1;2;1;1
regulation;regulation;False;2025-10-29;2025-10-29;842;843;1279;1280;1.4279047558095;-1.1929257382862;-2.6208304940957;1;-1;True;3.0240571504654;2.0618806987405;-0.9621764517249001;2;0;1;0
regulation;kognition;True;2025-10-29;2025-11-05;843;830;1280;1267;-1.1929257382862;2.3310275582356;3.5239532965218;-1;1;True;2.0618806987405;3.6813879930869;1.6195072943463997;0;0;0;0
kognition;kognition;False;2025-11-05;2025-11-05;830;831;1267;1268;2.3310275582356;2.5684402293092;0.23741267107359976;1;1;False;3.6813879930869;4.7203348418297;1.0389468487428006;0;0;0;0
kognition;kognition;False;2025-11-05;2025-11-05;831;832;1268;1269;2.5684402293092;1.2999584535744;-1.2684817757348;1;1;False;4.7203348418297;2.1790951612463;-2.5412396805834003;0;1;0;1
kognition;motivation;True;2025-11-05;2025-11-05;832;833;1269;1270;1.2999584535744;1.4967807162732;0.1968222626988001;1;1;False;2.1790951612463;3.0334590316781;0.8543638704317997;1;1;1;1
motivation;kognition;True;2025-11-05;2025-11-05;833;834;1270;1271;1.4967807162732;2.2147698359634;0.7179891196901997;1;1;False;3.0334590316781;4.5051999610504;1.4717409293723005;1;0;1;0
kognition;kognition;False;2025-11-05;2025-11-12;834;1439;1271;2006;2.2147698359634;2.4207499997062;0.20598016374280004;1;1;False;4.5051999610504;4.8013363108794;0.2961363498289993;0;1;0;1
kognition;kognition;False;2025-11-12;2025-11-12;1439;1440;2006;2007;2.4207499997062;2.7431027601632;0.322352760457;1;1;False;4.8013363108794;4.4247995695105;-0.37653674136889936;1;0;1;0
kognition;performanz;True;2025-11-12;2025-11-12;1440;1441;2007;2008;2.7431027601632;1.5619583131048;-1.1811444470583998;1;1;False;4.4247995695105;2.7800794322758;-1.6447201372347005;0;0;0;0
performanz;kognition;True;2025-11-12;2025-11-12;1441;1442;2008;2009;1.5619583131048;1.9179730577314;0.3560147446266;1;1;False;2.7800794322758;2.5315625227324;-0.24851690954339967;0;0;0;0
kognition;regulation;True;2025-11-12;2025-11-12;1442;1443;2009;2010;1.9179730577314;1.6521674795534;-0.265805578178;1;1;False;2.5315625227324;3.5054604059233;0.9738978831909;0;2;0;1
regulation;kognition;True;2025-11-12;2025-11-26;1443;1421;2010;1988;1.6521674795534;2.2832192608297;0.6310517812762999;1;1;False;3.5054604059233;3.6744837708226;0.1690233648992998;2;0;1;0
kognition;kognition;False;2025-11-26;2025-11-26;1421;1422;1988;1989;2.2832192608297;2.2069589158005;-0.07626034502919987;1;1;False;3.6744837708226;3.916840808544;0.24235703772139994;0;0;0;0
kognition;kognition;False;2025-11-26;2025-11-26;1422;1423;1989;1990;2.2069589158005;0.811;-1.3959589158005001;1;1;False;3.916840808544;0.99141868047763;-2.9254221280663697;0;2;0;1
kognition;regulation;True;2025-11-26;2025-11-26;1423;1424;1990;1991;0.811;1.4279047558095;0.6169047558094999;1;1;False;0.99141868047763;3.0240571504654;2.03263846998777;2;2;1;1
regulation;regulation;False;2025-11-26;2025-11-26;1424;1425;1991;1992;1.4279047558095;1.539769585776;0.11186482996650016;1;1;False;3.0240571504654;2.8957199704337;-0.12833718003169992;2;0;1;0
regulation;performanz;True;2025-11-26;2025-12-03;1425;1411;1992;1978;1.539769585776;0.874;-0.6657695857760001;1;1;False;2.8957199704337;1.7259800114717;-1.1697399589620001;0;1;0;1
performanz;kognition;True;2025-12-03;2025-12-03;1411;1412;1978;1979;0.874;2.3459293201978;1.4719293201978;1;1;False;1.7259800114717;3.9453024964552;2.2193224849834996;1;1;1;1
kognition;regulation;True;2025-12-03;2025-12-03;1412;1413;1979;1980;2.3459293201978;1.9611829425497;-0.38474637764810016;1;1;False;3.9453024964552;4.1066196583502;0.16131716189500045;1;1;1;1
regulation;kognition;True;2025-12-03;2025-12-03;1413;1414;1980;1981;1.9611829425497;1.8346726067272;-0.12651033582250015;1;1;False;4.1066196583502;3.2578547618;-0.8487648965502004;1;0;1;0
kognition;kognition;False;2025-12-03;2025-12-03;1414;1415;1981;1982;1.8346726067272;1.2857650333892;-0.548907573338;1;1;False;3.2578547618;1.6311555883919;-1.6266991734081;0;1;0;1
kognition;kognition;False;2025-12-03;2025-12-10;1415;1406;1982;1973;1.2857650333892;2.5326051745112;1.246840141122;1;1;False;1.6311555883919;4.0096002650977;2.3784446767058;1;0;1;0
kognition;kognition;False;2025-12-10;2025-12-10;1406;1407;1973;1974;2.5326051745112;2.0772518399554;-0.45535333455580007;1;1;False;4.0096002650977;3.5046583852388;-0.5049418798589;0;1;0;1
kognition;regulation;True;2025-12-10;2025-12-10;1407;1408;1974;1975;2.0772518399554;1.0748847029185;-1.0023671370368998;1;1;False;3.5046583852388;2.1705909655679;-1.3340674196709;1;1;1;1
regulation;kognition;True;2025-12-10;2025-12-10;1408;1409;1975;1976;1.0748847029185;1.7468429863796;0.6719582834611;1;1;False;2.1705909655679;4.0578127668032;1.8872218012352997;1;1;1;1
kognition;regulation;True;2025-12-10;2025-12-10;1409;1410;1976;1977;1.7468429863796;1.0;-0.7468429863796;1;1;False;4.0578127668032;1.6261417527387;-2.4316710140644995;1;2;1;1
regulation;performanz;True;2025-12-10;2026-01-21;1410;1375;1977;1941;1.0;2.1744618745086;1.1744618745086002;1;1;False;1.6261417527387;4.4388621375364;2.8127203847977;2;0;1;0
performanz;kognition;True;2026-01-21;2026-01-21;1375;1376;1941;1942;2.1744618745086;2.3459293201978;0.17146744568920003;1;1;False;4.4388621375364;3.9453024964552;-0.49355964108120043;0;1;0;1
kognition;performanz;True;2026-01-21;2026-01-21;1376;1377;1942;1943;2.3459293201978;1.9343789929705;-0.41155032722730023;1;1;False;3.9453024964552;3.7281985400685;-0.21710395638669988;1;0;1;0
performanz;regulation;True;2026-01-21;2026-01-21;1377;1378;1943;1944;1.9343789929705;1.9611829425497;0.02680394957920007;1;1;False;3.7281985400685;4.1066196583502;0.37842111828170033;0;1;0;1
regulation;performanz;True;2026-01-21;2026-01-21;1378;1379;1944;1945;1.9611829425497;1.5511427607571;-0.41004018179260004;1;1;False;4.1066196583502;2.6677743582537;-1.4388453000965002;1;0;1;0
motivation;kognition;True;2025-04-30;2025-08-27;683;679;1040;1009;1.4184783339891;2.2414953024427;0.8230169684535997;1;1;False;2.7252941588692;4.7653905687971;2.0400964099279;0;1;0;1
kognition;kognition;False;2025-08-27;2025-08-27;679;680;1009;1010;2.2414953024427;2.1474646536876;-0.09403064875509992;1;1;False;4.7653905687971;4.1684033499006;-0.5969872188965004;1;1;1;1
kognition;performanz;True;2025-08-27;2025-08-27;680;681;1010;1011;2.1474646536876;1.7349960417186;-0.412468611969;1;1;False;4.1684033499006;3.0088267944093;-1.1595765554912996;1;0;1;0
performanz;performanz;False;2025-08-27;2025-08-27;681;682;1011;1012;1.7349960417186;1.1328021183445;-0.6021939233740998;1;1;False;3.0088267944093;2.1104801444535;-0.8983466499557999;0;1;0;1
performanz;kognition;True;2025-08-27;2025-09-17;682;665;1012;995;1.1328021183445;2.1982887533958;1.0654866350513001;1;1;False;2.1104801444535;3.8014751741185;1.6909950296649998;1;1;1;1
kognition;kognition;False;2025-09-17;2025-09-17;665;666;995;996;2.1982887533958;2.7682973486899;0.5700085952940999;1;1;False;3.8014751741185;4.466581322438;0.6651061483195004;1;1;1;1
kognition;kognition;False;2025-09-17;2025-09-17;666;667;996;997;2.7682973486899;1.4758361358457;-1.2924612128442001;1;1;False;4.466581322438;2.8006523873511;-1.6659289350869004;1;0;1;0
kognition;kognition;False;2025-09-17;2025-09-17;667;668;997;998;1.4758361358457;1.5921009565853;0.11626482073959998;1;1;False;2.8006523873511;3.2676087905419;0.4669564031908;0;0;0;0
kognition;kognition;False;2025-09-17;2025-09-24;668;655;998;985;1.5921009565853;2.1740412824802;0.5819403258949001;1;1;False;3.2676087905419;3.5213129836393;0.2537041930973998;0;0;0;0
kognition;kognition;False;2025-09-24;2025-09-24;655;656;985;986;2.1740412824802;2.1969604991137;0.02291921663349994;1;1;False;3.5213129836393;3.9082087439743;0.3868957603350003;0;1;0;1
kognition;performanz;True;2025-09-24;2025-09-24;656;657;986;987;2.1969604991137;1.9111802555909;-0.28578024352279985;1;1;False;3.9082087439743;3.117768540124;-0.7904402038503;1;1;1;1
performanz;kognition;True;2025-09-24;2025-09-24;657;658;987;988;1.9111802555909;1.7353345284312;-0.17584572715970004;1;1;False;3.117768540124;2.9900649591247;-0.12770358099930013;1;0;1;0
kognition;kognition;False;2025-09-24;2025-09-24;658;659;988;989;1.7353345284312;2.2009129520582;0.46557842362699997;1;1;False;2.9900649591247;3.5655874874173;0.5755225282926002;0;0;0;0
kognition;kognition;False;2025-09-24;2025-10-01;659;645;989;975;2.2009129520582;2.4288372368111;0.22792428475290016;1;1;False;3.5655874874173;4.8378789214668;1.2722914340494995;0;1;0;1
kognition;performanz;True;2025-10-01;2025-10-01;645;646;975;976;2.4288372368111;1.8608741963844;-0.5679630404267002;1;1;False;4.8378789214668;3.0556171049096;-1.7822618165571997;1;0;1;0
performanz;performanz;False;2025-10-01;2025-10-01;646;647;976;977;1.8608741963844;2.3369126707959;0.47603847441150005;1;1;False;3.0556171049096;4.6528861597638;1.5972690548542001;0;0;0;0
performanz;kognition;True;2025-10-01;2025-10-01;647;648;977;978;2.3369126707959;1.2611174102;-1.0757952605959;1;1;False;4.6528861597638;2.3952654381643;-2.2576207215995;0;0;0;0
kognition;performanz;True;2025-10-01;2025-10-01;648;649;978;979;1.2611174102;1.1328021183445;-0.12831529185549995;1;1;False;2.3952654381643;2.1104801444535;-0.28478529371079997;0;1;0;1
performanz;performanz;False;2025-10-01;2025-10-15;649;635;979;965;1.1328021183445;1.5566689652548;0.42386684691029997;1;1;False;2.1104801444535;2.5067581730363;0.3962780285827998;1;1;1;1
performanz;kognition;True;2025-10-15;2025-10-15;635;636;965;966;1.5566689652548;2.5185769006605;0.9619079354056999;1;1;False;2.5067581730363;4.2184095375211;1.7116513644848;1;1;1;1
kognition;motivation;True;2025-10-15;2025-10-15;636;637;966;967;2.5185769006605;0.438;-2.0805769006604997;1;1;False;4.2184095375211;0.71581439633469;-3.50259514118641;1;1;1;1
motivation;regulation;True;2025-10-15;2025-10-15;637;638;967;968;0.438;1.9611829425497;1.5231829425497;1;1;False;0.71581439633469;4.1066196583502;3.3908052620155105;1;1;1;1
regulation;performanz;True;2025-10-15;2025-10-15;638;639;968;969;1.9611829425497;-1.4208154801294;-3.3819984226791;1;-1;True;4.1066196583502;2.4266476899275;-1.6799719684227004;1;0;1;0
performanz;kognition;True;2025-10-15;2025-10-22;639;631;969;961;-1.4208154801294;1.919667488646;3.3404829687754;-1;1;True;2.4266476899275;3.1988921097457;0.7722444198181999;0;0;0;0
kognition;regulation;True;2025-10-22;2025-10-22;631;632;961;962;1.919667488646;-1.712806806005;-3.632474294651;1;-1;True;3.1988921097457;2.9653595495889;-0.2335325601567999;0;1;0;1
regulation;performanz;True;2025-10-22;2025-10-22;632;633;962;963;-1.712806806005;1.908251777238;3.6210585832430002;-1;1;True;2.9653595495889;2.9201146689021;-0.045244880686800215;1;1;1;1
performanz;motivation;True;2025-10-22;2025-10-22;633;634;963;964;1.908251777238;1.8934141982597;-0.014837578978300181;1;1;False;2.9201146689021;3.6130190037089;0.6929043348068;1;0;1;0
motivation;kognition;True;2025-10-22;2025-10-29;634;623;964;953;1.8934141982597;1.919667488646;0.026253290386299977;1;1;False;3.6130190037089;3.1988921097457;-0.4141268939631999;0;0;0;0
kognition;performanz;True;2025-10-29;2025-10-29;623;624;953;954;1.919667488646;1.5787926947118;-0.34087479393419984;1;1;False;3.1988921097457;2.9265661869219;-0.27232592282379997;0;1;0;1
performanz;kognition;True;2025-10-29;2025-10-29;624;625;954;955;1.5787926947118;1.2619853833356;-0.3168073113762;1;1;False;2.9265661869219;2.3594049822262;-0.5671612046957;1;0;1;0
kognition;kognition;False;2025-10-29;2025-10-29;625;626;955;956;1.2619853833356;1.8941985677148;0.6322131843792;1;1;False;2.3594049822262;3.5717878102127;1.2123828279865;0;0;0;0
kognition;kognition;False;2025-10-29;2025-11-05;626;614;956;944;1.8941985677148;2.0758103279544;0.18161176023959968;1;1;False;3.5717878102127;4.4037939267681;0.8320061165553998;0;1;0;1
kognition;motivation;True;2025-11-05;2025-11-05;614;615;944;945;2.0758103279544;1.4042967874521;-0.6715135405022998;1;1;False;4.4037939267681;3.0085095799186;-1.3952843468495;1;3;1;1
motivation;motivation;False;2025-11-05;2025-11-05;615;616;945;946;1.4042967874521;1.8282533754185;0.4239565879664;1;1;False;3.0085095799186;3.5141486703425;0.5056390904238999;3;1;1;1
motivation;kognition;True;2025-11-05;2025-11-05;616;617;946;947;1.8282533754185;1.7810481523429;-0.047205223075599934;1;1;False;3.5141486703425;3.4485985759833;-0.06555009435919956;1;1;1;1
kognition;performanz;True;2025-11-05;2025-11-12;617;1159;947;1722;1.7810481523429;1.7503923860708;-0.030655766272100093;1;1;False;3.4485985759833;3.2500733602901;-0.19852521569320025;1;0;1;0
performanz;kognition;True;2025-11-12;2025-11-12;1159;1160;1722;1723;1.7503923860708;2.5726698491549;0.8222774630841001;1;1;False;3.2500733602901;4.9706070017029;1.7205336414128003;0;0;0;0
kognition;methodik;True;2025-11-12;2025-11-12;1160;1161;1723;1724;2.5726698491549;2.2962596473645;-0.2764102017904002;1;1;False;4.9706070017029;4.4380581662096;-0.5325488354933006;0;1;0;1
methodik;kognition;True;2025-11-12;2025-11-12;1161;1162;1724;1725;2.2962596473645;2.5899266221521;0.29366697478759995;1;1;False;4.4380581662096;3.9616281763079;-0.4764299899016997;1;1;1;1
kognition;regulation;True;2025-11-12;2025-11-12;1162;1163;1725;1726;2.5899266221521;2.3390090902284;-0.2509175319236996;1;1;False;3.9616281763079;4.8932122880463;0.9315841117383998;1;0;1;0
regulation;kognition;True;2025-11-12;2025-11-26;1163;1145;1726;1707;2.3390090902284;1.9138365334644;-0.4251725567640001;1;1;False;4.8932122880463;3.2342344427424;-1.6589778453039;0;1;0;1
kognition;kognition;False;2025-11-26;2025-11-26;1145;1146;1707;1708;1.9138365334644;2.1974997096348;0.2836631761703998;1;1;False;3.2342344427424;4.0732908759393;0.8390564331968999;1;0;1;0
kognition;kognition;False;2025-11-26;2025-11-26;1146;1147;1708;1709;2.1974997096348;1.7585656060637;-0.43893410357109985;1;1;False;4.0732908759393;2.671823563607;-1.4014673123322998;0;1;0;1
kognition;regulation;True;2025-11-26;2025-11-26;1147;1148;1709;1710;1.7585656060637;2.0503520248393;0.2917864187756001;1;1;False;2.671823563607;3.788560861412;1.1167372978049999;1;0;1;0
regulation;kognition;True;2025-11-26;2025-11-26;1148;1149;1710;1711;2.0503520248393;2.2751927109199;0.22484068608059982;1;1;False;3.788560861412;4.6187407804724;0.8301799190604005;0;0;0;0
kognition;kognition;False;2025-11-26;2025-12-03;1149;1137;1711;1699;2.2751927109199;2.1928329711058;-0.08235973981410005;1;1;False;4.6187407804724;3.9028243912711;-0.7159163892013005;0;1;0;1
kognition;kognition;False;2025-12-03;2025-12-03;1137;1138;1699;1700;2.1928329711058;2.4094215925566;0.21658862145079993;1;1;False;3.9028243912711;4.2594688496216;0.35664445835049996;1;1;1;1
kognition;motivation;True;2025-12-03;2025-12-03;1138;1139;1700;1701;2.4094215925566;1.4042967874521;-1.0051248051044999;1;1;False;4.2594688496216;3.0085095799186;-1.2509592697029999;1;3;1;1
motivation;performanz;True;2025-12-03;2025-12-03;1139;1140;1701;1702;1.4042967874521;1.9111802555909;0.5068834681388001;1;1;False;3.0085095799186;3.117768540124;0.10925896020540016;3;1;1;1
performanz;performanz;False;2025-12-03;2025-12-10;1140;1127;1702;1689;1.9111802555909;1.9531896505829;0.04200939499199996;1;1;False;3.117768540124;3.2870701844949;0.16930164437090012;1;0;1;0
performanz;kognition;True;2025-12-10;2025-12-10;1127;1128;1689;1690;1.9531896505829;2.0758103279544;0.12262067737149973;1;1;False;3.2870701844949;4.4037939267681;1.1167237422731997;0;1;0;1
kognition;performanz;True;2025-12-10;2025-12-10;1128;1129;1690;1691;2.0758103279544;1.852974407335;-0.22283592061939972;1;1;False;4.4037939267681;3.5644284781675;-0.8393654486005997;1;0;1;0
performanz;kognition;True;2025-12-10;2025-12-10;1129;1130;1691;1692;1.852974407335;2.1720549921293;0.3190805847943001;1;1;False;3.5644284781675;3.8472014927472;0.28277301457969983;0;1;0;1
kognition;performanz;True;2025-12-10;2025-12-10;1130;1131;1692;1693;2.1720549921293;2.070230043039;-0.10182494909030027;1;1;False;3.8472014927472;3.7913177909615;-0.0558837017856999;1;2;1;1
kognition;kognition;False;2025-08-27;2025-08-27;965;966;1468;1469;1.7348832013882;2.1118789605959;0.3769957592077;1;1;False;3.586103254132;3.9754603937968;0.3893571396648001;1;0;1;0
kognition;kognition;False;2025-08-27;2025-08-27;966;967;1469;1470;2.1118789605959;2.1820491743331;0.0701702137372;1;1;False;3.9754603937968;4.4336617364237;0.4582013426268996;0;0;0;0
kognition;motivation;True;2025-08-27;2025-08-27;967;968;1470;1471;2.1820491743331;1.4967807162732;-0.6852684580599;1;1;False;4.4336617364237;3.0334590316781;-1.4002027047455998;0;1;0;1
motivation;kognition;True;2025-08-27;2025-09-03;968;955;1471;1458;1.4967807162732;1.7348832013882;0.23810248511499998;1;1;False;3.0334590316781;3.586103254132;0.5526442224539001;1;1;1;1
kognition;kognition;False;2025-09-03;2025-09-03;955;956;1458;1459;1.7348832013882;1.6662193362077;-0.06866386518050005;1;1;False;3.586103254132;3.0045876008173;-0.5815156533147001;1;1;1;1
kognition;kognition;False;2025-09-03;2025-09-03;956;957;1459;1460;1.6662193362077;0.6297819547903;-1.0364373814174002;1;1;False;3.0045876008173;1.113032525307;-1.8915550755102999;1;2;1;1
kognition;kognition;False;2025-09-03;2025-09-03;957;958;1460;1461;0.6297819547903;1.8941985677148;1.2644166129245002;1;1;False;1.113032525307;3.5717878102127;2.4587552849057;2;0;1;0
kognition;kognition;False;2025-09-03;2025-09-03;958;959;1461;1462;1.8941985677148;2.1820491743331;0.2878506066183;1;1;False;3.5717878102127;4.4336617364237;0.8618739262109996;0;0;0;0
kognition;kognition;False;2025-09-03;2025-09-10;959;946;1462;1449;2.1820491743331;1.9337706589825;-0.2482785153506002;1;1;False;4.4336617364237;3.566071840425;-0.8675898959986998;0;1;0;1
kognition;kognition;False;2025-09-10;2025-09-10;946;947;1449;1450;1.9337706589825;2.0311230831007;0.09735242411820022;1;1;False;3.566071840425;3.8229300313861;0.2568581909611001;1;0;1;0
kognition;motivation;True;2025-09-10;2025-09-10;947;948;1450;1451;2.0311230831007;1.1646065491769;-0.8665165339238001;1;1;False;3.8229300313861;2.3654242772316;-1.4575057541545;0;4;0;1
motivation;performanz;True;2025-09-10;2025-09-10;948;949;1451;1452;1.1646065491769;2.260374675858;1.0957681266811;1;1;False;2.3654242772316;4.5339414150742;2.1685171378426005;4;1;1;1
performanz;kognition;True;2025-09-10;2025-09-10;949;950;1452;1453;2.260374675858;1.5952881354409;-0.6650865404170998;1;1;False;4.5339414150742;3.3002997303996;-1.2336416846746006;1;0;1;0
kognition;kognition;False;2025-09-10;2025-10-01;950;931;1453;1434;1.5952881354409;1.7348832013882;0.13959506594729998;1;1;False;3.3002997303996;3.586103254132;0.28580352373240014;0;1;0;1
kognition;kognition;False;2025-10-01;2025-10-01;931;932;1434;1435;1.7348832013882;2.7431027601632;1.0082195587749998;1;1;False;3.586103254132;4.4247995695105;0.8386963153785003;1;0;1;0
kognition;motivation;True;2025-10-01;2025-10-01;932;933;1435;1436;2.7431027601632;1.2623925324906;-1.4807102276725999;1;1;False;4.4247995695105;2.6261746889041;-1.7986248806064;0;0;0;0
motivation;motivation;False;2025-10-01;2025-10-01;933;934;1436;1437;1.2623925324906;1.4967807162732;0.23438818378260007;1;1;False;2.6261746889041;3.0334590316781;0.4072843427739996;0;1;0;1
motivation;regulation;True;2025-10-01;2025-10-01;934;935;1437;1438;1.4967807162732;1.4279047558095;-0.06887596046370015;1;1;False;3.0334590316781;3.0240571504654;-0.009401881212699692;1;2;1;1
regulation;kognition;True;2025-10-01;2025-10-29;935;927;1438;1430;1.4279047558095;2.0948512713766;0.6669465155671002;1;1;False;3.0240571504654;3.7884548804964;0.7643977300309999;2;2;1;1
kognition;motivation;True;2025-10-29;2025-10-29;927;928;1430;1431;2.0948512713766;1.7887542255783;-0.3060970457983001;1;1;False;3.7884548804964;3.6925617798486;-0.0958931006478001;2;0;1;0
motivation;regulation;True;2025-10-29;2025-10-29;928;929;1431;1432;1.7887542255783;0.585;-1.2037542255783;1;1;False;3.6925617798486;0.78184916245079;-2.91071261739781;0;2;0;1
regulation;kognition;True;2025-10-29;2025-10-29;929;930;1432;1433;0.585;0.96842326368774;0.38342326368774005;1;1;False;0.78184916245079;1.5461466113003;0.76429744884951;2;1;1;1
kognition;kognition;False;2025-10-29;2025-11-05;930;922;1433;1425;0.96842326368774;1.2955716240704;0.32714836038266004;1;1;False;1.5461466113003;2.2281129454848;0.6819663341845001;1;2;1;1
kognition;kognition;False;2025-11-05;2025-11-05;922;923;1425;1426;1.2955716240704;2.1118789605959;0.8163073365255;1;1;False;2.2281129454848;3.9754603937968;1.747347448312;2;0;1;0
kognition;kognition;False;2025-11-05;2025-11-05;923;924;1426;1427;2.1118789605959;1.6773866972735;-0.4344922633224;1;1;False;3.9754603937968;3.1560062704863;-0.8194541233104999;0;1;0;1
kognition;kognition;False;2025-11-05;2025-11-05;924;925;1427;1428;1.6773866972735;2.1046227351488;0.42723603787529996;1;1;False;3.1560062704863;3.4246644235568;0.2686581530704997;1;1;1;1
kognition;kognition;False;2025-11-05;2025-11-05;925;926;1428;1429;2.1046227351488;2.0200886874742;-0.08453404767459993;1;1;False;3.4246644235568;3.6862887062023;0.2616242826455002;1;2;1;1
kognition;kognition;False;2025-11-05;2025-11-26;926;1732;1429;2303;2.0200886874742;2.4535826683356;0.4334939808614;1;1;False;3.6862887062023;4.2363572870877;0.5500685808854002;2;1;1;1
kognition;motivation;True;2025-11-26;2025-11-26;1732;1733;2303;2304;2.4535826683356;1.376852504409;-1.0767301639266;1;1;False;4.2363572870877;2.4862506965683;-1.7501065905194002;1;0;1;0
motivation;kognition;True;2025-11-26;2025-11-26;1733;1734;2304;2305;1.376852504409;1.9207934795839;0.5439409751748998;1;1;False;2.4862506965683;2.581090336861;0.09483964029270009;0;1;0;1
kognition;regulation;True;2025-11-26;2025-11-26;1734;1735;2305;2306;1.9207934795839;1.539769585776;-0.3810238938078998;1;1;False;2.581090336861;2.8957199704337;0.31462963357270013;1;2;1;1
regulation;motivation;True;2025-11-26;2025-11-26;1735;1736;2306;2307;1.539769585776;1.5116396645841;-0.028129921191900165;1;1;False;2.8957199704337;3.3246328476177;0.4289128771839996;2;2;1;1
motivation;kognition;True;2025-11-26;2025-12-03;1736;1723;2307;2294;1.5116396645841;2.5295856191585;1.0179459545744;1;1;False;3.3246328476177;3.8675391175028;0.5429062698851004;2;1;1;1
kognition;kognition;False;2025-12-03;2025-12-03;1723;1724;2294;2295;2.5295856191585;1.6291639737569;-0.9004216454016001;1;1;False;3.8675391175028;2.6011908708907;-1.2663482466121003;1;1;1;1
kognition;performanz;True;2025-12-03;2025-12-03;1724;1725;2295;2296;1.6291639737569;1.6232860077824;-0.005877965974499855;1;1;False;2.6011908708907;2.6936098309784;0.0924189600876999;1;1;1;1
performanz;kognition;True;2025-12-03;2025-12-03;1725;1726;2296;2297;1.6232860077824;1.9152788377772;0.29199282999480003;1;1;False;2.6936098309784;3.9488118876419;1.2552020566635003;1;0;1;0
kognition;regulation;True;2025-12-03;2025-12-03;1726;1727;2297;2298;1.9152788377772;-1.1929257382862;-3.1082045760634003;1;-1;True;3.9488118876419;2.0618806987405;-1.8869311889014;0;0;0;0
regulation;kognition;True;2025-12-03;2025-12-10;1727;1719;2298;2290;-1.1929257382862;2.0829911382815;3.2759168765677;-1;1;True;2.0618806987405;4.0637489057853;2.0018682070447995;0;0;0;0
kognition;kognition;False;2025-12-10;2025-12-10;1719;1720;2290;2291;2.0829911382815;1.9373026861825;-0.14568845209899983;1;1;False;4.0637489057853;2.4174972743467;-1.6462516314385995;0;1;0;1
kognition;regulation;True;2025-12-10;2025-12-10;1720;1721;2291;2292;1.9373026861825;1.539769585776;-0.3975331004064999;1;1;False;2.4174972743467;2.8957199704337;0.4782226960870002;1;0;1;0
regulation;kognition;True;2025-12-10;2025-12-10;1721;1722;2292;2293;1.539769585776;1.3807910822945;-0.1589785034815001;1;1;False;2.8957199704337;1.7229179248308;-1.1728020456029002;0;1;0;1
kognition;kognition;False;2025-12-10;2026-01-21;1722;1689;2293;2260;1.3807910822945;2.1266007185707;0.7458096362762001;1;1;False;1.7229179248308;4.2434364120772;2.5205184872463997;1;0;1;0
kognition;regulation;True;2026-01-21;2026-01-21;1689;1690;2260;2261;2.1266007185707;2.0584483248078;-0.06815239376290005;1;1;False;4.2434364120772;3.7903140793782;-0.45312233269899993;0;0;0;0
regulation;regulation;False;2026-01-21;2026-01-21;1690;1691;2261;2262;2.0584483248078;2.0107729389583;-0.04767538584950026;1;1;False;3.7903140793782;4.1826548987587;0.3923408193804998;0;2;0;1
regulation;performanz;True;2026-01-21;2026-01-21;1691;1692;2262;2263;2.0107729389583;-0.525;-2.5357729389582997;1;-1;True;4.1826548987587;0.84545051969349;-3.3372043790652097;2;2;1;1
performanz;performanz;False;2026-01-21;2026-01-21;1692;1693;2263;2264;-0.525;-2.0061472903471;-1.4811472903471001;-1;-1;False;0.84545051969349;2.1499471977289;1.30449667803541;2;1;1;1
kognition;kognition;False;2025-10-07;2025-10-07;309;310;492;493;2.2150745427188;2.1149148429999;-0.10015969971890026;1;1;False;4.219811570406;2.9207356266883;-1.2990759437176997;1;1;1;1
kognition;kognition;False;2025-10-07;2025-10-07;310;311;493;494;2.1149148429999;1.0626342027733;-1.0522806402265998;1;1;False;2.9207356266883;2.420951563667;-0.4997840630213002;1;2;1;1
kognition;motivation;True;2025-10-07;2025-10-07;311;312;494;495;1.0626342027733;1.7887542255783;0.726120022805;1;1;False;2.420951563667;3.6925617798486;1.2716102161816;2;0;1;0
motivation;performanz;True;2025-10-07;2025-10-21;312;304;495;487;1.7887542255783;1.5072340371522;-0.28152018842610005;1;1;False;3.6925617798486;3.0906410220045;-0.6019207578440997;0;2;0;1
performanz;kognition;True;2025-10-21;2025-10-21;304;305;487;488;1.5072340371522;2.011929137674;0.5046951005218001;1;1;False;3.0906410220045;4.1616133039273;1.0709722819228;2;0;1;0
kognition;motivation;True;2025-10-21;2025-10-21;305;306;488;489;2.011929137674;0.69981913800531;-1.31210999966869;1;1;False;4.1616133039273;1.3025838667872;-2.8590294371401;0;1;0;1
motivation;kognition;True;2025-10-21;2025-10-21;306;307;489;490;0.69981913800531;1.7575648543691;1.05774571636379;1;1;False;1.3025838667872;2.8941916929599;1.5916078261726998;1;2;1;1
kognition;kognition;False;2025-10-21;2025-10-21;307;308;490;491;1.7575648543691;2.1107934644134;0.35322861004429984;1;1;False;2.8941916929599;3.6856067041269;0.791415011167;2;1;1;1
kognition;motivation;True;2025-10-21;2025-11-04;308;299;491;482;2.1107934644134;1.7470306227058;-0.3637628417076;1;1;False;3.6856067041269;3.6941165863736;0.00850988224670024;1;1;1;1
motivation;kognition;True;2025-11-04;2025-11-04;299;300;482;483;1.7470306227058;2.0948512713766;0.3478206486708002;1;1;False;3.6941165863736;3.7884548804964;0.09433829412279993;1;2;1;1
kognition;regulation;True;2025-11-04;2025-11-04;300;301;483;484;2.0948512713766;1.8273956846978;-0.2674555866788002;1;1;False;3.7884548804964;3.5207315255485;-0.2677233549479001;2;1;1;1
regulation;kognition;True;2025-11-04;2025-11-04;301;302;484;485;1.8273956846978;2.2147698359634;0.38737415126559993;1;1;False;3.5207315255485;4.5051999610504;0.9844684355019004;1;0;1;0
kognition;methodik;True;2025-11-04;2025-11-04;302;303;485;486;2.2147698359634;2.0534298272575;-0.16134000870590004;1;1;False;4.5051999610504;3.8995392280503;-0.6056607330001005;0;0;0;0
methodik;kognition;True;2025-11-04;2025-11-11;303;995;486;1555;2.0534298272575;2.0164952679339;-0.0369345593235999;1;1;False;3.8995392280503;3.535433115609;-0.36410611244129987;0;1;0;1
kognition;methodik;True;2025-11-11;2025-11-11;995;996;1555;1556;2.0164952679339;1.3071304723696;-0.7093647955642999;1;1;False;3.535433115609;2.3428052989296;-1.1926278166794;1;0;1;0
methodik;regulation;True;2025-11-11;2025-11-11;996;997;1556;1557;1.3071304723696;1.8319677065092;0.5248372341395999;1;1;False;2.3428052989296;3.9096314098023;1.5668261108727002;0;1;0;1
regulation;performanz;True;2025-11-11;2025-11-11;997;998;1557;1558;1.8319677065092;-0.525;-2.3569677065092;1;-1;True;3.9096314098023;0.84545051969349;-3.06418089010881;1;2;1;1
performanz;kognition;True;2025-11-11;2025-11-11;998;999;1558;1559;-0.525;1.7353345284312;2.2603345284312;-1;1;True;0.84545051969349;2.9900649591247;2.14461443943121;2;0;1;0
kognition;kognition;False;2025-11-11;2025-12-09;999;981;1559;1541;1.7353345284312;1.7270891589061;-0.008245369525100132;1;1;False;2.9900649591247;2.4355446384929;-0.5545203206317999;0;1;0;1
kognition;kognition;False;2025-12-09;2025-12-09;981;982;1541;1542;1.7270891589061;1.6572392084879;-0.06984995041819997;1;1;False;2.4355446384929;2.7485111833519;0.312966544859;1;1;1;1
kognition;kognition;False;2025-12-09;2025-12-09;982;983;1542;1543;1.6572392084879;1.2221237056395;-0.43511550284839995;1;1;False;2.7485111833519;1.4961917859635;-1.2523193973884;1;0;1;0
kognition;performanz;True;2025-12-09;2025-12-09;983;984;1543;1544;1.2221237056395;1.6229270452087;0.4008033395691999;1;1;False;1.4961917859635;3.4989761103282;2.0027843243647;0;1;0;1
kognition;kognition;False;2025-09-03;2025-09-03;1992;1993;2564;2565;1.7348832013882;2.189211103481;0.45432790209279994;1;1;False;3.586103254132;4.4107099279058;0.8246066737738;1;0;1;0
kognition;regulation;True;2025-09-03;2025-09-03;1993;1994;2565;2566;2.189211103481;1.9207031699987;-0.26850793348229995;1;1;False;4.4107099279058;3.3702834346193;-1.0404264932865002;0;0;0;0
regulation;performanz;True;2025-09-03;2025-09-03;1994;1995;2566;2567;1.9207031699987;1.8049843709444;-0.11571879905430005;1;1;False;3.3702834346193;3.2797650376075;-0.09051839701179976;0;1;0;1
performanz;kognition;True;2025-09-03;2025-09-03;1995;1996;2567;2568;1.8049843709444;1.4857859574845;-0.31919841345989997;1;1;False;3.2797650376075;2.1457730143001;-1.1339920233074001;1;2;1;1
kognition;kognition;False;2025-09-03;2025-09-10;1996;1982;2568;2554;1.4857859574845;2.0304399710254;0.5446540135408999;1;1;False;2.1457730143001;3.9010906605121;1.7553176462120001;2;1;1;1
kognition;performanz;True;2025-09-10;2025-09-10;1982;1983;2554;2555;2.0304399710254;-1.7781209396438;-3.8085609106692;1;-1;True;3.9010906605121;2.9238561433447;-0.9772345171674002;1;0;1;0
performanz;methodik;True;2025-09-10;2025-09-10;1983;1984;2555;2556;-1.7781209396438;1.8245750082058;3.6026959478496003;-1;1;True;2.9238561433447;3.8704021062177;0.946545962873;0;0;0;0
methodik;kognition;True;2025-09-10;2025-09-10;1984;1985;2556;2557;1.8245750082058;2.1618147661197;0.3372397579138997;1;1;False;3.8704021062177;3.4205843904462;-0.44981771577149976;0;0;0;0
kognition;methodik;True;2025-09-10;2025-09-10;1985;1986;2557;2558;2.1618147661197;2.0534298272575;-0.10838493886220002;1;1;False;3.4205843904462;3.8995392280503;0.47895483760409974;0;0;0;0
methodik;kognition;True;2025-09-10;2025-09-24;1986;1974;2558;2546;2.0534298272575;2.078940017929;0.025510190671500066;1;1;False;3.8995392280503;3.0075822377954;-0.8919569902548998;0;1;0;1
kognition;kognition;False;2025-09-24;2025-09-24;1974;1975;2546;2547;2.078940017929;1.8346726067272;-0.24426741120179996;1;1;False;3.0075822377954;3.2578547618;0.2502725240046;1;0;1;0
kognition;regulation;True;2025-09-24;2025-09-24;1975;1976;2547;2548;1.8346726067272;1.6521674795534;-0.18250512717379985;1;1;False;3.2578547618;3.5054604059233;0.2476056441233001;0;2;0;1
regulation;kognition;True;2025-09-24;2025-09-24;1976;1977;2548;2549;1.6521674795534;1.9947276918836;0.34256021233020006;1;1;False;3.5054604059233;3.6328672145636;0.12740680864029974;2;1;1;1
kognition;kognition;False;2025-09-24;2025-10-22;1977;1959;2549;2531;1.9947276918836;1.7348832013882;-0.25984449049540004;1;1;False;3.6328672145636;3.586103254132;-0.046763960431599916;1;1;1;1
kognition;kognition;False;2025-10-22;2025-10-22;1959;1960;2531;2532;1.7348832013882;2.5684402293092;0.8335570279209998;1;1;False;3.586103254132;4.7203348418297;1.1342315876977005;1;0;1;0
kognition;performanz;True;2025-10-22;2025-10-22;1960;1961;2532;2533;2.5684402293092;1.3195872615143;-1.2488529677948998;1;1;False;4.7203348418297;1.7830001959488;-2.9373346458809007;0;0;0;0
performanz;performanz;False;2025-10-22;2025-10-22;1961;1962;2533;2534;1.3195872615143;1.7623605672214;0.44277330570709994;1;1;False;1.7830001959488;3.1844962872024;1.4014960912535999;0;0;0;0
performanz;kognition;True;2025-10-22;2025-10-22;1962;1963;2534;2535;1.7623605672214;2.1107934644134;0.3484328971919999;1;1;False;3.1844962872024;3.6856067041269;0.5011104169245;0;1;0;1
kognition;regulation;True;2025-10-22;2025-10-29;1963;1955;2535;2527;2.1107934644134;1.7810357015046;-0.32975776290879977;1;1;False;3.6856067041269;3.5846603474751;-0.10094635665179963;1;0;1;0
regulation;kognition;True;2025-10-29;2025-10-29;1955;1956;2527;2528;1.7810357015046;1.0626342027733;-0.7184014987313001;1;1;False;3.5846603474751;2.420951563667;-1.1637087838081004;0;2;0;1
kognition;motivation;True;2025-10-29;2025-10-29;1956;1957;2528;2529;1.0626342027733;1.4723886372156;0.4097544344423001;1;1;False;2.420951563667;2.9357228581996;0.5147712945326002;2;1;1;1
motivation;kognition;True;2025-10-29;2025-10-29;1957;1958;2529;2530;1.4723886372156;1.884870137549;0.4124815003333999;1;1;False;2.9357228581996;3.6334044341863;0.6976815759866999;1;2;1;1
kognition;kognition;False;2025-10-29;2025-11-05;1958;1950;2530;2522;1.884870137549;1.7348832013882;-0.14998693616079994;1;1;False;3.6334044341863;3.586103254132;-0.04730118005429995;2;1;1;1
kognition;kognition;False;2025-11-05;2025-11-05;1950;1951;2522;2523;1.7348832013882;2.0311230831007;0.29623988171250004;1;1;False;3.586103254132;3.8229300313861;0.23682677725409995;1;0;1;0
kognition;methodik;True;2025-11-05;2025-11-05;1951;1952;2523;2524;2.0311230831007;2.1006963532816;0.06957327018089998;1;1;False;3.8229300313861;4.0258121877764;0.20288215639030005;0;0;0;0
methodik;kognition;True;2025-11-05;2025-11-05;1952;1953;2524;2525;2.1006963532816;2.2741683893754;0.1734720360937998;1;1;False;4.0258121877764;4.4226026497114;0.3967904619349998;0;0;0;0
kognition;kognition;False;2025-11-05;2025-11-05;1953;1954;2525;2526;2.2741683893754;0.811;-1.4631683893754;1;1;False;4.4226026497114;0.99141868047763;-3.4311839692337696;0;1;0;1
kognition;kognition;False;2025-11-05;2025-11-12;1954;1945;2526;2517;0.811;2.0249577812164;1.2139577812164002;1;1;False;0.99141868047763;3.2284332079851;2.23701452750747;1;1;1;1
kognition;performanz;True;2025-11-12;2025-11-12;1945;1946;2517;2518;2.0249577812164;1.8608741963844;-0.16408358483200014;1;1;False;3.2284332079851;3.0556171049096;-0.17281610307550022;1;0;1;0
performanz;motivation;True;2025-11-12;2025-11-12;1946;1947;2518;2519;1.8608741963844;1.9323937282884;0.07151953190400007;1;1;False;3.0556171049096;4.094843055123;1.0392259502134005;0;2;0;1
motivation;regulation;True;2025-11-12;2025-11-12;1947;1948;2519;2520;1.9323937282884;1.8273956846978;-0.10499804359060017;1;1;False;4.094843055123;3.5207315255485;-0.5741115295745005;2;1;1;1
regulation;kognition;True;2025-11-12;2025-11-12;1948;1949;2520;2521;1.8273956846978;2.4036580249543;0.5762623402565001;1;1;False;3.5207315255485;4.6452590913521;1.1245275658036005;1;1;1;1
kognition;performanz;True;2025-11-12;2025-11-26;1949;1941;2521;2513;2.4036580249543;1.5072340371522;-0.8964239878021001;1;1;False;4.6452590913521;3.0906410220045;-1.5546180693476002;1;2;1;1
performanz;kognition;True;2025-11-26;2025-11-26;1941;1942;2513;2514;1.5072340371522;2.1969604991137;0.6897264619615;1;1;False;3.0906410220045;3.9082087439743;0.8175677219697999;2;1;1;1
kognition;kognition;False;2025-11-26;2025-11-26;1942;1943;2514;2515;2.1969604991137;0.6297819547903;-1.5671785443233999;1;1;False;3.9082087439743;1.113032525307;-2.7951762186673;1;2;1;1
kognition;kognition;False;2025-11-26;2025-11-26;1943;1944;2515;2516;0.6297819547903;1.9788076577981;1.3490257030078001;1;1;False;1.113032525307;3.9084723722527;2.7954398469457002;2;2;1;1
kognition;kognition;False;2025-11-26;2025-12-10;1944;1936;2516;2508;1.9788076577981;2.2346674385594;0.2558597807612999;1;1;False;3.9084723722527;4.3791276201609;0.4706552479082;2;2;1;1
kognition;kognition;False;2025-12-10;2025-12-10;1936;1937;2508;2509;2.2346674385594;1.6291639737569;-0.6055034648025;1;1;False;4.3791276201609;2.6011908708907;-1.7779367492702;2;1;1;1
kognition;kognition;False;2025-12-10;2025-12-10;1937;1938;2509;2510;1.6291639737569;1.0626342027733;-0.5665297709835999;1;1;False;2.6011908708907;2.420951563667;-0.18023930722370007;1;2;1;1
kognition;regulation;True;2025-12-10;2025-12-10;1938;1939;2510;2511;1.0626342027733;1.0;-0.06263420277330001;1;1;False;2.420951563667;1.6261417527387;-0.7948098109282997;2;2;1;1
regulation;kognition;True;2025-12-10;2025-12-10;1939;1940;2511;2512;1.0;1.8702221947077;0.8702221947077;1;1;False;1.6261417527387;3.8832180547468;2.2570763020081;2;2;1;1
motivation;performanz;True;2025-04-30;2025-08-27;2378;2363;2966;2940;1.4972891201799;2.034911587693;0.5376224675131003;1;1;False;2.8439705763106;4.2375936204146;1.3936230441040003;0;0;0;0
performanz;performanz;False;2025-08-27;2025-08-27;2363;2364;2940;2941;2.034911587693;1.8608741963844;-0.1740373913086002;1;1;False;4.2375936204146;3.0556171049096;-1.1819765155050002;0;0;0;0
performanz;kognition;True;2025-08-27;2025-08-27;2364;2365;2941;2942;1.8608741963844;1.5921009565853;-0.26877323979910006;1;1;False;3.0556171049096;3.2676087905419;0.2119916856323001;0;0;0;0
kognition;performanz;True;2025-08-27;2025-08-27;2365;2366;2942;2943;1.5921009565853;1.6514653847318;0.0593644281465;1;1;False;3.2676087905419;3.1819690767104;-0.08563971383150015;0;0;0;0
performanz;performanz;False;2025-08-27;2025-08-27;2366;2367;2943;2944;1.6514653847318;1.7011124840356;0.04964709930380007;1;1;False;3.1819690767104;3.5863224441572;0.40435336744680006;0;1;0;1
performanz;kognition;True;2025-08-27;2025-09-03;2367;2353;2944;2930;1.7011124840356;2.1928329711058;0.4917204870701999;1;1;False;3.5863224441572;3.9028243912711;0.3165019471138999;1;1;1;1
kognition;performanz;True;2025-09-03;2025-09-03;2353;2354;2930;2931;2.1928329711058;1.4780206620485;-0.7148123090573;1;1;False;3.9028243912711;3.1813676431278;-0.7214567481432996;1;0;1;0
performanz;kognition;True;2025-09-03;2025-09-03;2354;2355;2931;2932;1.4780206620485;1.5952881354409;0.11726747339240018;1;1;False;3.1813676431278;3.3002997303996;0.1189320872717996;0;0;0;0
kognition;performanz;True;2025-09-03;2025-09-03;2355;2356;2932;2933;1.5952881354409;2.3369126707959;0.741624535355;1;1;False;3.3002997303996;4.6528861597638;1.3525864293642003;0;0;0;0
performanz;kognition;True;2025-09-03;2025-09-10;2356;2344;2933;2921;2.3369126707959;1.6517086769815;-0.6852039938144001;1;1;False;4.6528861597638;3.1105149252108;-1.5423712345529998;0;0;0;0
kognition;performanz;True;2025-09-10;2025-09-10;2344;2345;2921;2922;1.6517086769815;1.4780206620485;-0.173688014933;1;1;False;3.1105149252108;3.1813676431278;0.07085271791699999;0;0;0;0
performanz;kognition;True;2025-09-10;2025-09-10;2345;2346;2922;2923;1.4780206620485;1.8888915756821;0.4108709136336002;1;1;False;3.1813676431278;3.3233958757153;0.14202823258749975;0;1;0;1
kognition;performanz;True;2025-09-10;2025-09-10;2346;2347;2923;2924;1.8888915756821;1.7576385021604;-0.13125307352170013;1;1;False;3.3233958757153;3.4507597507663;0.127363875051;1;0;1;0
performanz;kognition;True;2025-09-10;2025-09-17;2347;2335;2924;2911;1.7576385021604;2.4410982889583;0.6834597867979002;1;1;False;3.4507597507663;4.2776947265947;0.8269349758284004;0;0;0;0
kognition;kognition;False;2025-09-17;2025-09-17;2335;2336;2911;2912;2.4410982889583;2.0025209823477;-0.4385773066106;1;1;False;4.2776947265947;4.1753366045791;-0.10235812201560002;0;0;0;0
kognition;regulation;True;2025-09-17;2025-09-17;2336;2337;2912;2914;2.0025209823477;2.2512358666627;0.248714884315;1;1;False;4.1753366045791;4.4663293792215;0.29099277464240014;0;0;0;0
regulation;performanz;True;2025-09-17;2025-10-01;2337;2318;2914;2894;2.2512358666627;2.1625397852702;-0.08869608139249996;1;1;False;4.4663293792215;4.5039203437359;0.037590964514399694;0;0;0;0
performanz;motivation;True;2025-10-01;2025-10-01;2318;2319;2894;2895;2.1625397852702;1.376852504409;-0.7856872808612001;1;1;False;4.5039203437359;2.4862506965683;-2.0176696471676;0;0;0;0
motivation;kognition;True;2025-10-01;2025-10-01;2319;2320;2895;2896;1.376852504409;1.7353345284312;0.3584820240222;1;1;False;2.4862506965683;2.9900649591247;0.5038142625563999;0;0;0;0
kognition;motivation;True;2025-10-01;2025-10-01;2320;2321;2896;2897;1.7353345284312;1.771051310269;0.035716781837799916;1;1;False;2.9900649591247;3.6940393184514;0.7039743593267;0;0;0;0
motivation;performanz;True;2025-10-01;2025-10-01;2321;2322;2897;2898;1.771051310269;2.1602420544193;0.38919074415029997;1;1;False;3.6940393184514;4.0730731755336;0.37903385708220005;0;0;0;0
performanz;regulation;True;2025-10-01;2025-10-22;2322;2313;2898;2889;2.1602420544193;2.2831943720438;0.12295231762450021;1;1;False;4.0730731755336;4.6221765003632;0.5491033248296002;0;1;0;1
regulation;performanz;True;2025-10-22;2025-10-22;2313;2314;2889;2890;2.2831943720438;1.4780206620485;-0.8051737099953002;1;1;False;4.6221765003632;3.1813676431278;-1.4408088572354;1;0;1;0
performanz;regulation;True;2025-10-22;2025-10-22;2314;2315;2890;2891;1.4780206620485;1.8368648761565;0.35884421410800016;1;1;False;3.1813676431278;4.1100040351697;0.9286363920418998;0;0;0;0
regulation;kognition;True;2025-10-22;2025-10-22;2315;2316;2891;2892;1.8368648761565;1.628635644424;-0.20822923173250008;1;1;False;4.1100040351697;3.1766681938078;-0.9333358413619002;0;0;0;0
kognition;kognition;False;2025-10-22;2025-10-22;2316;2317;2892;2893;1.628635644424;2.1908165769441;0.5621809325200999;1;1;False;3.1766681938078;2.8268819818558;-0.3497862119519999;0;1;0;1
kognition;kognition;False;2025-10-22;2025-11-05;2317;2297;2893;2873;2.1908165769441;2.0311230831007;-0.15969349384339981;1;1;False;2.8268819818558;3.8229300313861;0.9960480495302999;1;0;1;0
kognition;kognition;False;2025-11-05;2025-11-05;2297;2298;2873;2874;2.0311230831007;1.8346238946577;-0.19649918844300007;1;1;False;3.8229300313861;3.050519966414;-0.7724100649721;0;0;0;0
kognition;methodik;True;2025-11-05;2025-11-05;2298;2299;2874;2875;1.8346238946577;2.0353585414423;0.20073464678459985;1;1;False;3.050519966414;4.1877424962358;1.1372225298218002;0;0;0;0
methodik;performanz;True;2025-11-05;2025-11-05;2299;2300;2875;2876;2.0353585414423;1.5441145590549;-0.49124398238739997;1;1;False;4.1877424962358;2.75996044218;-1.4277820540558;0;0;0;0
performanz;kognition;True;2025-11-05;2025-11-12;2300;2288;2876;2864;1.5441145590549;1.6517086769815;0.10759411792660001;1;1;False;2.75996044218;3.1105149252108;0.35055448303080006;0;0;0;0
kognition;performanz;True;2025-11-12;2025-11-12;2288;2289;2864;2865;1.6517086769815;1.4780206620485;-0.173688014933;1;1;False;3.1105149252108;3.1813676431278;0.07085271791699999;0;0;0;0
performanz;kognition;True;2025-11-12;2025-11-12;2289;2290;2865;2866;1.4780206620485;1.4758361358457;-0.0021845262027999635;1;1;False;3.1813676431278;2.8006523873511;-0.3807152557767002;0;0;0;0
kognition;regulation;True;2025-11-12;2025-11-12;2290;2291;2866;2867;1.4758361358457;2.2512358666627;0.7753997308170002;1;1;False;2.8006523873511;4.4663293792215;1.6656769918704004;0;0;0;0
regulation;performanz;True;2025-11-12;2025-11-12;2291;2292;2867;2868;2.2512358666627;1.7185730315922;-0.5326628350705;1;1;False;4.4663293792215;3.4752254188631;-0.9911039603584002;0;0;0;0
performanz;performanz;False;2025-11-12;2025-11-26;2292;2273;2868;2849;1.7185730315922;2.034911587693;0.3163385561008001;1;1;False;3.4752254188631;4.2375936204146;0.7623682015514999;0;0;0;0
performanz;kognition;True;2025-11-26;2025-11-26;2273;2274;2849;2850;2.034911587693;2.1688746734496;0.13396308575659965;1;1;False;4.2375936204146;3.1172442691244;-1.1203493512902;0;0;0;0
kognition;kognition;False;2025-11-26;2025-11-26;2274;2275;2850;2851;2.1688746734496;2.1820491743331;0.01317450088350025;1;1;False;3.1172442691244;4.4336617364237;1.3164174672992996;0;0;0;0
kognition;regulation;True;2025-11-26;2025-11-26;2275;2276;2851;2852;2.1820491743331;2.1995823178481;0.017533143515000127;1;1;False;4.4336617364237;4.4022111192169;-0.03145061720679987;0;0;0;0
regulation;performanz;True;2025-11-26;2025-11-26;2276;2277;2852;2853;2.1995823178481;2.0572421247468;-0.1423401931013002;1;1;False;4.4022111192169;4.2232398182455;-0.17897130097139957;0;0;0;0
performanz;performanz;False;2025-11-26;2025-12-10;2277;2258;2853;2834;2.0572421247468;1.5752921706211;-0.48194995412569996;1;1;False;4.2232398182455;3.3390173794307;-0.8842224388148003;0;0;0;0
performanz;kognition;True;2025-12-10;2025-12-10;2258;2259;2834;2835;1.5752921706211;2.3459293201978;0.7706371495767002;1;1;False;3.3390173794307;3.9453024964552;0.6062851170245;0;1;0;1
kognition;kognition;False;2025-12-10;2025-12-10;2259;2260;2835;2836;2.3459293201978;1.628635644424;-0.7172936757738002;1;1;False;3.9453024964552;3.1766681938078;-0.7686343026474001;1;0;1;0
kognition;performanz;True;2025-12-10;2025-12-10;2260;2261;2836;2837;1.628635644424;1.1897469705338;-0.43888867389020003;1;1;False;3.1766681938078;1.8970848998075;-1.2795832940002998;0;1;0;1
performanz;kognition;True;2025-12-10;2025-12-10;2261;2262;2837;2838;1.1897469705338;2.4036580249543;1.2139110544205;1;1;False;1.8970848998075;4.6452590913521;2.7481741915446003;1;1;1;1
kognition;kognition;False;2025-08-27;2025-08-27;203;204;335;336;2.1928329711058;2.1149148429999;-0.07791812810590004;1;1;False;3.9028243912711;2.9207356266883;-0.9820887645827998;1;1;1;1
kognition;kognition;False;2025-08-27;2025-08-27;204;205;336;337;2.1149148429999;1.9788076577981;-0.13610718520179987;1;1;False;2.9207356266883;3.9084723722527;0.9877367455643999;1;2;1;1
kognition;methodik;True;2025-08-27;2025-08-27;205;206;337;338;1.9788076577981;1.3450449190678;-0.6337627387303;1;1;False;3.9084723722527;2.8592396576613;-1.0492327145913998;2;2;1;1
methodik;regulation;True;2025-08-27;2025-08-27;206;207;338;339;1.3450449190678;1.9207031699987;0.5756582509309001;1;1;False;2.8592396576613;3.3702834346193;0.5110437769579996;2;0;1;0
regulation;kognition;True;2025-08-27;2025-09-03;207;199;339;331;1.9207031699987;2.0249577812164;0.10425461121770008;1;1;False;3.3702834346193;3.2284332079851;-0.14185022663419966;0;1;0;1
kognition;kognition;False;2025-09-03;2025-09-03;199;200;331;332;2.0249577812164;2.5676948589789;0.5427370777624998;1;1;False;3.2284332079851;4.8411068993645;1.6126736913794;1;0;1;0
kognition;kognition;False;2025-09-03;2025-09-03;200;201;332;333;2.5676948589789;2.0386456472603;-0.5290492117186001;1;1;False;4.8411068993645;3.7892050143531;-1.0519018850114001;0;2;0;1
kognition;performanz;True;2025-09-03;2025-09-03;201;202;333;334;2.0386456472603;2.260374675858;0.22172902859770005;1;1;False;3.7892050143531;4.5339414150742;0.7447364007211004;2;1;1;1
performanz;regulation;True;2025-09-03;2025-09-10;202;194;334;326;2.260374675858;1.9959356940206;-0.2644389818374;1;1;False;4.5339414150742;4.4551129975811;-0.07882841749310021;1;1;1;1
regulation;kognition;True;2025-09-10;2025-09-10;194;195;326;327;1.9959356940206;2.011929137674;0.015993443653400163;1;1;False;4.4551129975811;4.1616133039273;-0.2934996936537999;1;0;1;0
kognition;kognition;False;2025-09-10;2025-09-10;195;196;327;328;2.011929137674;2.1820491743331;0.17012003665910003;1;1;False;4.1616133039273;4.4336617364237;0.27204843249639943;0;0;0;0
kognition;kognition;False;2025-09-10;2025-09-10;196;197;328;329;2.1820491743331;1.0626342027733;-1.1194149715598;1;1;False;4.4336617364237;2.420951563667;-2.0127101727567;0;2;0;1
kognition;performanz;True;2025-09-10;2025-09-10;197;198;329;330;1.0626342027733;1.6762732068379;0.6136390040646;1;1;False;2.420951563667;3.3132936523222;0.8923420886552003;2;1;1;1
performanz;kognition;True;2025-09-10;2025-09-24;198;184;330;316;1.6762732068379;1.919667488646;0.24339428180809985;1;1;False;3.3132936523222;3.1988921097457;-0.11440154257650015;1;0;1;0
kognition;kognition;False;2025-09-24;2025-09-24;184;185;316;317;1.919667488646;2.200270088071;0.2806025994250001;1;1;False;3.1988921097457;4.1990309356057;1.0001388258600001;0;0;0;0
kognition;kognition;False;2025-09-24;2025-09-24;185;186;317;318;2.200270088071;1.2999584535744;-0.9003116344966;1;1;False;4.1990309356057;2.1790951612463;-2.0199357743594;0;1;0;1
kognition;kognition;False;2025-09-24;2025-09-24;186;187;318;319;1.2999584535744;1.8497956426329;0.5498371890585001;1;1;False;2.1790951612463;2.9898402914902;0.8107451302438999;1;1;1;1
kognition;kognition;False;2025-09-24;2025-09-24;187;188;319;320;1.8497956426329;1.7020473372686;-0.14774830536430006;1;1;False;2.9898402914902;3.0619420948236;0.07210180333339977;1;1;1;1
kognition;kognition;False;2025-09-24;2025-11-05;188;177;320;308;1.7020473372686;1.7309928114047;0.028945474136099936;1;1;False;3.0619420948236;3.211982786319;0.15004069149540022;1;2;1;1
kognition;performanz;True;2025-11-05;2025-11-05;177;178;308;309;1.7309928114047;-1.7781209396438;-3.5091137510485;1;-1;True;3.211982786319;2.9238561433447;-0.28812664297430013;2;0;1;0
performanz;performanz;False;2025-11-05;2025-11-05;178;179;309;310;-1.7781209396438;1.7623605672214;3.5404815068652002;-1;1;True;2.9238561433447;3.1844962872024;0.26064014385769996;0;0;0;0
performanz;motivation;True;2025-11-05;2025-11-12;179;1675;310;2246;1.7623605672214;1.2951057303566;-0.46725483686479996;1;1;False;3.1844962872024;2.3852489463375;-0.7992473408648997;0;1;0;1
motivation;kognition;True;2025-11-12;2025-11-12;1675;1676;2246;2247;1.2951057303566;1.6662193362077;0.3711136058511;1;1;False;2.3852489463375;3.0045876008173;0.6193386544797996;1;1;1;1
kognition;methodik;True;2025-11-12;2025-11-12;1676;1677;2247;2248;1.6662193362077;2.0534298272575;0.38721049104979977;1;1;False;3.0045876008173;3.8995392280503;0.894951627233;1;0;1;0
methodik;kognition;True;2025-11-12;2025-11-12;1677;1678;2248;2249;2.0534298272575;0.811;-1.2424298272574998;1;1;False;3.8995392280503;0.99141868047763;-2.9081205475726697;0;2;0;1
kognition;methodik;True;2025-11-12;2025-11-12;1678;1679;2249;2250;0.811;1.3071304723696;0.49613047236959995;1;1;False;0.99141868047763;2.3428052989296;1.3513866184519698;2;2;1;1
performanz;kognition;True;2025-08-27;2025-08-27;3100;3101;3868;3869;1.5752921706211;2.1118789605959;0.5365867899748;1;1;False;3.3390173794307;3.9754603937968;0.6364430143661002;0;0;0;0
kognition;kognition;False;2025-08-27;2025-08-27;3101;3102;3869;3870;2.1118789605959;2.509295155464;0.3974161948681001;1;1;False;3.9754603937968;3.8411483190915;-0.13431207470530016;0;0;0;0
kognition;kognition;False;2025-08-27;2025-09-03;3102;3095;3870;3863;2.509295155464;2.3289522253193;-0.18034293014470038;1;1;False;3.8411483190915;4.3258647160129;0.4847163969213999;0;1;0;1
kognition;performanz;True;2025-09-03;2025-09-03;3095;3096;3863;3864;2.3289522253193;1.5787926947118;-0.7501595306074997;1;1;False;4.3258647160129;2.9265661869219;-1.3992985290909998;1;1;1;1
performanz;kognition;True;2025-09-03;2025-09-03;3096;3097;3864;3865;1.5787926947118;1.8354146104148;0.25662191570299986;1;1;False;2.9265661869219;3.4502216753528;0.5236554884308999;1;0;1;0
kognition;motivation;True;2025-09-03;2025-09-03;3097;3098;3865;3866;1.8354146104148;1.6294014575425;-0.20601315287229993;1;1;False;3.4502216753528;3.4965039781999;0.0462823028471;0;1;0;1
motivation;regulation;True;2025-09-03;2025-09-03;3098;3099;3866;3867;1.6294014575425;2.1344317847662;0.5050303272237002;1;1;False;3.4965039781999;4.481156302435;0.9846523242351002;1;1;1;1
regulation;kognition;True;2025-09-03;2025-09-10;3099;3090;3867;3858;2.1344317847662;2.4410982889583;0.30666650419209995;1;1;False;4.481156302435;4.2776947265947;-0.20346157584029978;1;0;1;0
kognition;kognition;False;2025-09-10;2025-09-10;3090;3091;3858;3859;2.4410982889583;2.1090557744311;-0.33204251452720035;1;1;False;4.2776947265947;4.0923704304351;-0.18532429615960044;0;1;0;1
kognition;kognition;False;2025-09-10;2025-09-10;3091;3092;3859;3860;2.1090557744311;2.509295155464;0.40023938103290035;1;1;False;4.0923704304351;3.8411483190915;-0.25122211134359995;1;0;1;0
kognition;kognition;False;2025-09-10;2025-09-10;3092;3093;3860;3861;2.509295155464;1.512680856227;-0.9966142992370002;1;1;False;3.8411483190915;2.7153344123817;-1.1258139067098;0;1;0;1
kognition;regulation;True;2025-09-10;2025-09-10;3093;3094;3861;3862;1.512680856227;1.9126138920563;0.39993303582930007;1;1;False;2.7153344123817;4.0164817262936;1.3011473139119003;1;0;1;0
regulation;kognition;True;2025-09-10;2025-09-17;3094;3086;3862;3854;1.9126138920563;2.4326861730502;0.5200722809938998;1;1;False;4.0164817262936;4.9394420737157;0.9229603474220998;0;0;0;0
kognition;performanz;True;2025-09-17;2025-09-17;3086;3087;3854;3855;2.4326861730502;1.4780206620485;-0.9546655110016999;1;1;False;4.9394420737157;3.1813676431278;-1.7580744305878997;0;0;0;0
performanz;regulation;True;2025-09-17;2025-09-17;3087;3088;3855;3856;1.4780206620485;1.6593102589405;0.18128959689200008;1;1;False;3.1813676431278;3.445161991689;0.26379434856119977;0;0;0;0
regulation;kognition;True;2025-09-17;2025-09-17;3088;3089;3856;3857;1.6593102589405;1.7353345284312;0.07602426949070007;1;1;False;3.445161991689;2.9900649591247;-0.4550970325643;0;0;0;0
kognition;kognition;False;2025-09-17;2025-09-24;3089;3082;3857;3850;1.7353345284312;2.5299323006465;0.7945977722153001;1;1;False;2.9900649591247;4.4248015064122;1.4347365472874998;0;0;0;0
kognition;performanz;True;2025-09-24;2025-09-24;3082;3083;3850;3851;2.5299323006465;1.5583528329756;-0.9715794676709002;1;1;False;4.4248015064122;2.4727359267413;-1.9520655796708999;0;0;0;0
performanz;kognition;True;2025-09-24;2025-09-24;3083;3084;3851;3852;1.5583528329756;2.5121830856213;0.9538302526457001;1;1;False;2.4727359267413;3.7871671413033;1.314431214562;0;0;0;0
kognition;kognition;False;2025-09-24;2025-09-24;3084;3085;3852;3853;2.5121830856213;1.65799276022;-0.8541903254013001;1;1;False;3.7871671413033;2.5548891531968;-1.2322779881065;0;1;0;1
kognition;kognition;False;2025-09-24;2025-10-01;3085;3077;3853;3845;1.65799276022;2.0547114305757;0.3967186703557002;1;1;False;2.5548891531968;4.0202243037138;1.4653351505169998;1;0;1;0
kognition;kognition;False;2025-10-01;2025-10-01;3077;3078;3845;3846;2.0547114305757;2.7431027601632;0.6883913295874997;1;1;False;4.0202243037138;4.4247995695105;0.40457526579670056;0;0;0;0
kognition;kognition;False;2025-10-01;2025-10-01;3078;3079;3846;3847;2.7431027601632;2.4241953523872;-0.3189074077759999;1;1;False;4.4247995695105;3.6133900265862;-0.8114095429243005;0;0;0;0
kognition;kognition;False;2025-10-01;2025-10-01;3079;3080;3847;3848;2.4241953523872;1.9316956848234;-0.49249966756380004;1;1;False;3.6133900265862;3.8905038385904;0.27711381200420027;0;1;0;1
kognition;kognition;False;2025-10-01;2025-10-01;3080;3081;3848;3849;1.9316956848234;2.1107934644134;0.17909777958999995;1;1;False;3.8905038385904;3.6856067041269;-0.20489713446350022;1;1;1;1
kognition;performanz;True;2025-10-01;2025-10-22;3081;3072;3849;3840;2.1107934644134;2.1625397852702;0.05174632085680031;1;1;False;3.6856067041269;4.5039203437359;0.8183136396090003;1;0;1;0
performanz;motivation;True;2025-10-22;2025-10-22;3072;3073;3840;3841;2.1625397852702;1.376852504409;-0.7856872808612001;1;1;False;4.5039203437359;2.4862506965683;-2.0176696471676;0;0;0;0
motivation;kognition;True;2025-10-22;2025-10-22;3073;3074;3841;3842;1.376852504409;2.1820491743331;0.8051966699241;1;1;False;2.4862506965683;4.4336617364237;1.9474110398553997;0;0;0;0
kognition;regulation;True;2025-10-22;2025-10-22;3074;3075;3842;3843;2.1820491743331;1.9126138920563;-0.2694352822768;1;1;False;4.4336617364237;4.0164817262936;-0.41718001013009953;0;0;0;0
regulation;motivation;True;2025-10-22;2025-10-22;3075;3076;3843;3844;1.9126138920563;0.292;-1.6206138920563;1;1;False;4.0164817262936;0.47720959755646;-3.53927212873714;0;0;0;0
motivation;performanz;True;2025-10-22;2025-10-29;3076;3067;3844;3835;0.292;2.1625397852702;1.8705397852702002;1;1;False;0.47720959755646;4.5039203437359;4.0267107461794405;0;0;0;0
performanz;kognition;True;2025-10-29;2025-10-29;3067;3068;3835;3836;2.1625397852702;2.7682973486899;0.6057575634196999;1;1;False;4.5039203437359;4.466581322438;-0.03733902129789968;0;1;0;1
kognition;sozial;True;2025-10-29;2025-10-29;3068;3069;3836;3837;2.7682973486899;1.5587443540156;-1.2095529946743;1;1;False;4.466581322438;2.8888755659315;-1.5777057565065005;1;1;1;1
sozial;regulation;True;2025-10-29;2025-10-29;3069;3070;3837;3838;1.5587443540156;2.313833831872;0.7550894778563999;1;1;False;2.8888755659315;4.9946265310618;2.1057509651303;1;1;1;1
regulation;regulation;False;2025-10-29;2025-10-29;3070;3071;3838;3839;2.313833831872;1.0748847029185;-1.2389491289535;1;1;False;4.9946265310618;2.1705909655679;-2.8240355654939;1;1;1;1
regulation;kognition;True;2025-10-29;2025-11-05;3071;3062;3839;3830;1.0748847029185;2.0547114305757;0.9798267276572001;1;1;False;2.1705909655679;4.0202243037138;1.8496333381458996;1;0;1;0
kognition;kognition;False;2025-11-05;2025-11-05;3062;3063;3830;3831;2.0547114305757;2.2176040705498;0.16289263997409975;1;1;False;4.0202243037138;4.1959607750546;0.17573647134080073;0;1;0;1
kognition;performanz;True;2025-11-05;2025-11-05;3063;3064;3831;3832;2.2176040705498;2.2329100933114;0.01530602276159998;1;1;False;4.1959607750546;4.2154606819304;0.019499906875799944;1;0;1;0
performanz;kognition;True;2025-11-05;2025-11-05;3064;3065;3832;3833;2.2329100933114;1.6888048282246;-0.5441052650867999;1;1;False;4.2154606819304;2.9577030053811;-1.2577576765493004;0;0;0;0
kognition;performanz;True;2025-11-05;2025-11-05;3065;3066;3833;3834;1.6888048282246;1.5570911828289;-0.13171364539569996;1;1;False;2.9577030053811;2.5553402422033;-0.4023627631778002;0;0;0;0
performanz;performanz;False;2025-11-05;2025-11-26;3066;3057;3834;3825;1.5570911828289;1.988922705534;0.43183152270509995;1;1;False;2.5553402422033;4.1345309576921;1.5791907154887999;0;1;0;1
performanz;performanz;False;2025-11-26;2025-11-26;3057;3058;3825;3826;1.988922705534;-1.4552652158942;-3.4441879214282;1;-1;True;4.1345309576921;2.4366088452089;-1.6979221124831998;1;0;1;0
performanz;regulation;True;2025-11-26;2025-11-26;3058;3059;3826;3827;-1.4552652158942;1.9791706721549;3.4344358880491;-1;1;True;2.4366088452089;4.2157345291432;1.7791256839343;0;0;0;0
regulation;kognition;True;2025-11-26;2025-11-26;3059;3060;3827;3828;1.9791706721549;2.509295155464;0.5301244833091001;1;1;False;4.2157345291432;3.8411483190915;-0.3745862100516999;0;0;0;0
kognition;kognition;False;2025-11-26;2025-11-26;3060;3061;3828;3829;2.509295155464;1.8497956426329;-0.6594995128311001;1;1;False;3.8411483190915;2.9898402914902;-0.8513080276012999;0;1;0;1
kognition;performanz;True;2025-11-26;2025-12-03;3061;3052;3829;3820;1.8497956426329;2.1524916087874;0.3026959661544999;1;1;False;2.9898402914902;3.7834187822736;0.7935784907833998;1;0;1;0
performanz;kognition;True;2025-12-03;2025-12-03;3052;3053;3820;3821;2.1524916087874;2.0025209823477;-0.14997062643969983;1;1;False;3.7834187822736;4.1753366045791;0.39191782230550043;0;0;0;0
kognition;kognition;False;2025-12-03;2025-12-03;3053;3054;3821;3822;2.0025209823477;1.7353345284312;-0.2671864539165001;1;1;False;4.1753366045791;2.9900649591247;-1.1852716454544003;0;0;0;0
kognition;performanz;True;2025-12-03;2025-12-03;3054;3055;3822;3823;1.7353345284312;2.4143754428081;0.6790409143769001;1;1;False;2.9900649591247;4.4997329107928;1.5096679516681002;0;0;0;0
performanz;motivation;True;2025-12-03;2025-12-03;3055;3056;3823;3824;2.4143754428081;0.85188551646247;-1.5624899263456302;1;1;False;4.4997329107928;1.5890209998845;-2.9107119109083;0;0;0;0
motivation;performanz;True;2025-12-03;2025-12-10;3056;3047;3824;3815;0.85188551646247;1.6203139294579;0.7684284129954301;1;1;False;1.5890209998845;2.8371568730149;1.2481358731304002;0;0;0;0
performanz;performanz;False;2025-12-10;2025-12-10;3047;3048;3815;3816;1.6203139294579;1.8608741963844;0.2405602669264999;1;1;False;2.8371568730149;3.0556171049096;0.21846023189469976;0;0;0;0
performanz;regulation;True;2025-12-10;2025-12-10;3048;3049;3816;3817;1.8608741963844;1.539769585776;-0.3211046106083999;1;1;False;3.0556171049096;2.8957199704337;-0.1598971344758997;0;0;0;0
regulation;performanz;True;2025-12-10;2025-12-10;3049;3050;3817;3818;1.539769585776;1.0;-0.5397695857760001;1;1;False;2.8957199704337;1.2396455138466;-1.6560744565871002;0;0;0;0
performanz;kognition;True;2025-12-10;2025-12-10;3050;3051;3818;3819;1.0;2.4887495600728;1.4887495600728;1;1;False;1.2396455138466;4.8458292980034;3.6061837841567996;0;1;0;1
performanz;kognition;True;2025-08-26;2025-08-26;397;398;599;600;2.1524916087874;2.2375701027702;0.08507849398280021;1;1;False;3.7834187822736;4.04857516276;0.2651563804863999;0;0;0;0
kognition;kognition;False;2025-08-26;2025-08-26;398;399;600;601;2.2375701027702;2.2009129520582;-0.03665715071200015;1;1;False;4.04857516276;3.5655874874173;-0.4829876753426996;0;0;0;0
kognition;regulation;True;2025-08-26;2025-08-26;399;400;601;602;2.2009129520582;1.9126138920563;-0.2882990600019;1;1;False;3.5655874874173;4.0164817262936;0.4508942388763;0;0;0;0
regulation;kognition;True;2025-08-26;2025-09-02;400;392;602;594;1.9126138920563;2.4326861730502;0.5200722809938998;1;1;False;4.0164817262936;4.9394420737157;0.9229603474220998;0;0;0;0
kognition;kognition;False;2025-09-02;2025-09-02;392;393;594;595;2.4326861730502;2.6141570382954;0.18147086524519995;1;1;False;4.9394420737157;4.7509591241489;-0.1884829495667999;0;0;0;0
kognition;motivation;True;2025-09-02;2025-09-02;393;394;595;596;2.6141570382954;1.1140601570329;-1.5000968812624997;1;1;False;4.7509591241489;2.2244020276868;-2.5265570964621;0;0;0;0
motivation;kognition;True;2025-09-02;2025-09-02;394;395;596;597;1.1140601570329;1.9983364398439;0.884276282811;1;1;False;2.2244020276868;3.4475065704142;1.2231045427274;0;0;0;0
kognition;kognition;False;2025-09-02;2025-09-02;395;396;597;598;1.9983364398439;1.9179730577314;-0.08036338211250005;1;1;False;3.4475065704142;2.5315625227324;-0.9159440476817999;0;0;0;0
kognition;kognition;False;2025-09-02;2025-09-09;396;387;598;589;1.9179730577314;2.4410982889583;0.5231252312269001;1;1;False;2.5315625227324;4.2776947265947;1.7461322038623002;0;0;0;0
kognition;motivation;True;2025-09-09;2025-09-09;387;388;589;590;2.4410982889583;1.376852504409;-1.0642457845493;1;1;False;4.2776947265947;2.4862506965683;-1.7914440300264003;0;0;0;0
motivation;performanz;True;2025-09-09;2025-09-09;388;389;590;591;1.376852504409;-1.4208154801294;-2.7976679845384;1;-1;True;2.4862506965683;2.4266476899275;-0.05960300664079998;0;0;0;0
performanz;performanz;False;2025-09-09;2025-09-09;389;390;591;592;-1.4208154801294;1.5197445884373;2.9405600685667;-1;1;True;2.4266476899275;3.4361783473499;1.0095306574224;0;1;0;1
performanz;methodik;True;2025-09-09;2025-09-09;390;391;592;593;1.5197445884373;1.8245750082058;0.3048304197685001;1;1;False;3.4361783473499;3.8704021062177;0.43422375886779996;1;0;1;0
methodik;kognition;True;2025-09-09;2025-09-16;391;384;593;586;1.8245750082058;1.752927244018;-0.07164776418780017;1;1;False;3.8704021062177;3.2645506643148;-0.6058514419029;0;0;0;0
kognition;motivation;True;2025-09-16;2025-09-16;384;385;586;587;1.752927244018;1.7887542255783;0.035826981560300064;1;1;False;3.2645506643148;3.6925617798486;0.4280111155338;0;0;0;0
motivation;kognition;True;2025-09-16;2025-09-16;385;386;587;588;1.7887542255783;2.2741683893754;0.4854141637970999;1;1;False;3.6925617798486;4.4226026497114;0.7300408698627998;0;0;0;0
kognition;kognition;False;2025-09-16;2025-09-23;386;379;588;581;2.2741683893754;2.3310275582356;0.05685916886020026;1;1;False;4.4226026497114;3.6813879930869;-0.7412146566244999;0;0;0;0
kognition;kognition;False;2025-09-23;2025-09-23;379;380;581;582;2.3310275582356;2.6228056368715;0.2917780786358999;1;1;False;3.6813879930869;4.6361765459891;0.9547885529022002;0;0;0;0
kognition;regulation;True;2025-09-23;2025-09-23;380;381;582;583;2.6228056368715;1.8368648761565;-0.785940760715;1;1;False;4.6361765459891;4.1100040351697;-0.5261725108194;0;0;0;0
regulation;methodik;True;2025-09-23;2025-09-23;381;382;583;584;1.8368648761565;2.0353585414423;0.19849366528579981;1;1;False;4.1100040351697;4.1877424962358;0.07773846106610005;0;0;0;0
methodik;kognition;True;2025-09-23;2025-09-23;382;383;584;585;2.0353585414423;1.9316956848234;-0.10366285661889996;1;1;False;4.1877424962358;3.8905038385904;-0.29723865764540003;0;1;0;1
kognition;kognition;False;2025-09-23;2025-09-30;383;374;585;576;1.9316956848234;2.4410982889583;0.5094026041349002;1;1;False;3.8905038385904;4.2776947265947;0.38719088800430024;1;0;1;0
kognition;kognition;False;2025-09-30;2025-09-30;374;375;576;577;2.4410982889583;2.5684402293092;0.12734194035089974;1;1;False;4.2776947265947;4.7203348418297;0.44264011523500013;0;0;0;0
kognition;performanz;True;2025-09-30;2025-09-30;375;376;577;578;2.5684402293092;2.0864958050995;-0.48194442420969974;1;1;False;4.7203348418297;3.9909291971125;-0.7294056447172004;0;0;0;0
performanz;regulation;True;2025-09-30;2025-09-30;376;377;578;579;2.0864958050995;1.9411488061702;-0.14534699892930014;1;1;False;3.9909291971125;3.6709941375368;-0.3199350595757;0;1;0;1
regulation;methodik;True;2025-09-30;2025-09-30;377;378;579;580;1.9411488061702;1.6923157810732;-0.24883302509700012;1;1;False;3.6709941375368;3.4333342274091;-0.23765991012770016;1;1;1;1
methodik;performanz;True;2025-09-30;2025-10-21;378;369;580;571;1.6923157810732;2.1625397852702;0.4702240041970003;1;1;False;3.4333342274091;4.5039203437359;1.0705861163268002;1;0;1;0
performanz;kognition;True;2025-10-21;2025-10-21;369;370;571;572;2.1625397852702;2.0311230831007;-0.13141670216950008;1;1;False;4.5039203437359;3.8229300313861;-0.6809903123498002;0;0;0;0
kognition;methodik;True;2025-10-21;2025-10-21;370;371;572;573;2.0311230831007;1.3071304723696;-0.7239926107311001;1;1;False;3.8229300313861;2.3428052989296;-1.4801247324565;0;2;0;1
methodik;kognition;True;2025-10-21;2025-10-21;371;372;573;574;1.3071304723696;1.3594756108737;0.05234513850410005;1;1;False;2.3428052989296;2.0764094036694;-0.2663958952601999;2;2;1;1
kognition;kognition;False;2025-10-21;2025-10-21;372;373;574;575;1.3594756108737;2.1820491743331;0.8225735634594;1;1;False;2.0764094036694;4.4336617364237;2.3572523327542996;2;0;1;0
kognition;performanz;True;2025-10-21;2025-10-28;373;364;575;566;2.1820491743331;2.1524916087874;-0.029557565545700104;1;1;False;4.4336617364237;3.7834187822736;-0.6502429541500998;0;0;0;0
performanz;kognition;True;2025-10-28;2025-10-28;364;365;566;567;2.1524916087874;2.0311230831007;-0.12136852568669987;1;1;False;3.7834187822736;3.8229300313861;0.039511249112500035;0;0;0;0
kognition;kognition;False;2025-10-28;2025-10-28;365;366;567;568;2.0311230831007;1.3594756108737;-0.671647472227;1;1;False;3.8229300313861;2.0764094036694;-1.7465206277166998;0;2;0;1
kognition;regulation;True;2025-10-28;2025-10-28;366;367;568;569;1.3594756108737;1.0959483968476;-0.2635272140261;1;1;False;2.0764094036694;1.6538928464461;-0.42251655722330006;2;0;1;0
regulation;motivation;True;2025-10-28;2025-10-28;367;368;569;570;1.0959483968476;1.8151486855143;0.7192002886666999;1;1;False;1.6538928464461;2.9587323352089;1.3048394887628;0;0;0;0
motivation;kognition;True;2025-10-28;2025-11-04;368;359;570;561;1.8151486855143;2.2832192608297;0.4680705753154;1;1;False;2.9587323352089;3.6744837708226;0.7157514356136998;0;0;0;0
kognition;kognition;False;2025-11-04;2025-11-04;359;360;561;562;2.2832192608297;1.8124059963247;-0.47081326450500005;1;1;False;3.6744837708226;2.7008782028216;-0.9736055680010001;0;0;0;0
kognition;kognition;False;2025-11-04;2025-11-04;360;361;562;563;1.8124059963247;1.8497956426329;0.037389646308200186;1;1;False;2.7008782028216;2.9898402914902;0.2889620886686002;0;1;0;1
kognition;motivation;True;2025-11-04;2025-11-04;361;362;563;564;1.8497956426329;2.0519663720169;0.20217072938400005;1;1;False;2.9898402914902;4.2418067613595;1.2519664698693003;1;1;1;1
motivation;regulation;True;2025-11-04;2025-11-04;362;363;564;565;2.0519663720169;1.9603476546835;-0.09161871733340021;1;1;False;4.2418067613595;4.105530115666;-0.13627664569350006;1;0;1;0
regulation;kognition;True;2025-11-04;2025-11-11;363;1328;565;1894;1.9603476546835;2.4410982889583;0.48075063427480025;1;1;False;4.105530115666;4.2776947265947;0.17216461092870006;0;0;0;0
kognition;kognition;False;2025-11-11;2025-11-11;1328;1329;1894;1895;2.4410982889583;1.8124059963247;-0.6286922926336003;1;1;False;4.2776947265947;2.7008782028216;-1.5768165237731004;0;0;0;0
kognition;motivation;True;2025-11-11;2025-11-11;1329;1330;1895;1896;1.8124059963247;1.8221612265061;0.00975523018140012;1;1;False;2.7008782028216;3.8471321766507;1.1462539738291002;0;0;0;0
motivation;performanz;True;2025-11-11;2025-11-11;1330;1331;1896;1897;1.8221612265061;1.5197445884373;-0.30241663806880004;1;1;False;3.8471321766507;3.4361783473499;-0.41095382930080016;0;1;0;1
performanz;kognition;True;2025-11-11;2025-11-25;1331;1315;1897;1881;1.5197445884373;2.1684041030201;0.6486595145827998;1;1;False;3.4361783473499;3.7011651508002;0.2649868034503;1;1;1;1
kognition;motivation;True;2025-11-25;2025-11-25;1315;1316;1881;1882;2.1684041030201;1.376852504409;-0.7915515986110997;1;1;False;3.7011651508002;2.4862506965683;-1.2149144542319;1;0;1;0
motivation;performanz;True;2025-11-25;2025-11-25;1316;1317;1882;1883;1.376852504409;1.8125938090566;0.43574130464759997;1;1;False;2.4862506965683;3.4721038792412;0.9858531826729;0;0;0;0
performanz;kognition;True;2025-11-25;2025-11-25;1317;1318;1883;1884;1.8125938090566;1.5952881354409;-0.21730567361569997;1;1;False;3.4721038792412;3.3002997303996;-0.17180414884160022;0;0;0;0
kognition;kognition;False;2025-11-25;2025-11-25;1318;1319;1884;1885;1.5952881354409;1.9179730577314;0.32268492229049994;1;1;False;3.3002997303996;2.5315625227324;-0.7687372076671997;0;0;0;0
regulation;kognition;True;2025-08-27;2025-08-27;2925;2926;3685;3686;2.2831943720438;2.0311230831007;-0.25207128894310005;1;1;False;4.6221765003632;3.8229300313861;-0.7992464689771004;1;0;1;0
kognition;kognition;False;2025-08-27;2025-08-27;2926;2927;3686;3687;2.0311230831007;1.7822209932404;-0.24890208986030005;1;1;False;3.8229300313861;3.3908447253838;-0.4320853060022998;0;1;0;1
kognition;kognition;False;2025-08-27;2025-08-27;2927;2928;3687;3688;1.7822209932404;2.1820491743331;0.3998281810927;1;1;False;3.3908447253838;4.4336617364237;1.0428170110398995;1;0;1;0
kognition;performanz;True;2025-08-27;2025-08-27;2928;2929;3688;3689;2.1820491743331;2.0572421247468;-0.12480704958630007;1;1;False;4.4336617364237;4.2232398182455;-0.21042191817819944;0;0;0;0
performanz;kognition;True;2025-08-27;2025-09-10;2929;2915;3689;3675;2.0572421247468;1.9138365334644;-0.14340559128239994;1;1;False;4.2232398182455;3.2342344427424;-0.9890053755031003;0;2;0;1
kognition;kognition;False;2025-09-10;2025-09-10;2915;2916;3675;3676;1.9138365334644;2.2549263317718;0.34108979830739994;1;1;False;3.2342344427424;4.0208828769976;0.7866484342552003;2;0;1;0
kognition;regulation;True;2025-09-10;2025-09-10;2916;2917;3676;3677;2.2549263317718;2.034416095003;-0.2205102367688001;1;1;False;4.0208828769976;4.0768791896276;0.0559963126299996;0;2;0;1
regulation;kognition;True;2025-09-10;2025-09-10;2917;2918;3677;3678;2.034416095003;2.4887495600728;0.4543334650698001;1;1;False;4.0768791896276;4.8458292980034;0.7689501083758001;2;1;1;1
kognition;motivation;True;2025-09-10;2025-09-10;2918;2919;3678;3679;2.4887495600728;1.1646065491769;-1.3241430108959;1;1;False;4.8458292980034;2.3654242772316;-2.4804050207718;1;4;1;1
motivation;kognition;True;2025-09-10;2025-09-24;2919;2899;3679;3659;1.1646065491769;2.078940017929;0.9143334687520999;1;1;False;2.3654242772316;3.0075822377954;0.6421579605638001;4;1;1;1
kognition;kognition;False;2025-09-24;2025-09-24;2899;2900;3659;3660;2.078940017929;1.752927244018;-0.3260127739109999;1;1;False;3.0075822377954;3.2645506643148;0.2569684265193999;1;0;1;0
kognition;performanz;True;2025-09-24;2025-09-24;2900;2901;3660;3661;1.752927244018;2.061049496361;0.30812225234300006;1;1;False;3.2645506643148;4.1805161786248;0.9159655143100003;0;0;0;0
performanz;performanz;False;2025-09-24;2025-09-24;2901;2902;3661;3662;2.061049496361;2.260374675858;0.1993251794969999;1;1;False;4.1805161786248;4.5339414150742;0.35342523644940016;0;1;0;1
performanz;kognition;True;2025-09-24;2025-09-24;2902;2903;3662;3663;2.260374675858;1.8346726067272;-0.4257020691308;1;1;False;4.5339414150742;3.2578547618;-1.2760866532742003;1;0;1;0
kognition;performanz;True;2025-09-24;2025-10-01;2903;2889;3663;3649;1.8346726067272;0.91608656017512;-0.9185860465520799;1;1;False;3.2578547618;1.5071006143225;-1.7507541474775;0;1;0;1
performanz;kognition;True;2025-10-01;2025-10-01;2889;2890;3649;3650;0.91608656017512;2.1474646536876;1.2313780935124798;1;1;False;1.5071006143225;4.1684033499006;2.6613027355781;1;1;1;1
kognition;regulation;True;2025-10-01;2025-10-01;2890;2891;3650;3651;2.1474646536876;1.6593102589405;-0.4881543947470999;1;1;False;4.1684033499006;3.445161991689;-0.7232413582115997;1;0;1;0
regulation;performanz;True;2025-10-01;2025-10-01;2891;2892;3651;3652;1.6593102589405;2.061049496361;0.4017392374205;1;1;False;3.445161991689;4.1805161786248;0.7353541869358002;0;0;0;0
performanz;methodik;True;2025-10-01;2025-10-01;2892;2893;3652;3653;2.061049496361;2.2962596473645;0.23521015100349985;1;1;False;4.1805161786248;4.4380581662096;0.2575419875847995;0;1;0;1
methodik;performanz;True;2025-10-01;2025-10-15;2893;2869;3653;3629;2.2962596473645;1.5566689652548;-0.7395906821096998;1;1;False;4.4380581662096;2.5067581730363;-1.9312999931732997;1;1;1;1
performanz;methodik;True;2025-10-15;2025-10-15;2869;2870;3629;3630;1.5566689652548;1.3071304723696;-0.24953849288520003;1;1;False;2.5067581730363;2.3428052989296;-0.1639528741067;1;0;1;0
methodik;kognition;True;2025-10-15;2025-10-15;2870;2871;3630;3631;1.3071304723696;2.3437059350914;1.0365754627217998;1;1;False;2.3428052989296;4.4032316710435;2.0604263721139;0;0;0;0
kognition;methodik;True;2025-10-15;2025-10-15;2871;2872;3631;3632;2.3437059350914;2.0534298272575;-0.2902761078339;1;1;False;4.4032316710435;3.8995392280503;-0.5036924429931999;0;0;0;0
methodik;regulation;True;2025-10-15;2025-10-15;2872;2873;3632;3633;2.0534298272575;1.539769585776;-0.5136602414814997;1;1;False;3.8995392280503;2.8957199704337;-1.0038192576165996;0;0;0;0
regulation;performanz;True;2025-10-15;2025-10-22;2873;2859;3633;3619;1.539769585776;1.4253665391979;-0.11440304657810008;1;1;False;2.8957199704337;2.8935343055325;-0.0021856649012002016;0;0;0;0
performanz;kognition;True;2025-10-22;2025-10-22;2859;2860;3619;3620;1.4253665391979;1.752927244018;0.3275607048200999;1;1;False;2.8935343055325;3.2645506643148;0.3710163587822999;0;0;0;0
kognition;performanz;True;2025-10-22;2025-10-22;2860;2861;3620;3621;1.752927244018;1.7349960417186;-0.01793120229940004;1;1;False;3.2645506643148;3.0088267944093;-0.2557238699054998;0;0;0;0
performanz;performanz;False;2025-10-22;2025-10-22;2861;2862;3621;3622;1.7349960417186;1.5905662396008;-0.14442980211779988;1;1;False;3.0088267944093;2.8317859427849;-0.1770408516244002;0;0;0;0
performanz;performanz;False;2025-10-22;2025-10-22;2862;2863;3622;3623;1.5905662396008;1.7212648120425;0.13069857244170002;1;1;False;2.8317859427849;3.276288313951;0.44450237116610003;0;2;0;1
performanz;kognition;True;2025-10-22;2025-10-29;2863;2844;3623;3604;1.7212648120425;1.9447651791729;0.2235003671303999;1;1;False;3.276288313951;3.3466330496577;0.07034473570669997;2;2;1;1
kognition;kognition;False;2025-10-29;2025-10-29;2844;2845;3604;3605;1.9447651791729;2.4503618349918;0.5055966558189002;1;1;False;3.3466330496577;3.8454915842306;0.49885853457289997;2;1;1;1
kognition;kognition;False;2025-10-29;2025-10-29;2845;2846;3605;3606;2.4503618349918;1.7468429863796;-0.7035188486122002;1;1;False;3.8454915842306;4.0578127668032;0.2123211825725999;1;1;1;1
kognition;motivation;True;2025-10-29;2025-10-29;2846;2847;3606;3607;1.7468429863796;1.7915442913418;0.04470130496220004;1;1;False;4.0578127668032;3.3533597644884;-0.7044530023147999;1;0;1;0
motivation;performanz;True;2025-10-29;2025-10-29;2847;2848;3607;3608;1.7915442913418;1.5570911828289;-0.23445310851290002;1;1;False;3.3533597644884;2.5553402422033;-0.7980195222851001;0;0;0;0
performanz;regulation;True;2025-10-29;2025-11-05;2848;2839;3608;3599;1.5570911828289;1.9959356940206;0.43884451119169987;1;1;False;2.5553402422033;4.4551129975811;1.8997727553778003;0;1;0;1
regulation;kognition;True;2025-11-05;2025-11-05;2839;2840;3599;3600;1.9959356940206;2.2549263317718;0.2589906377512001;1;1;False;4.4551129975811;4.0208828769976;-0.43423012058349997;1;0;1;0
kognition;kognition;False;2025-11-05;2025-11-05;2840;2841;3600;3601;2.2549263317718;1.8497956426329;-0.40513068913889994;1;1;False;4.0208828769976;2.9898402914902;-1.0310425855074001;0;1;0;1
kognition;performanz;True;2025-11-05;2025-11-05;2841;2842;3601;3602;1.8497956426329;1.5583528329756;-0.2914428096573001;1;1;False;2.9898402914902;2.4727359267413;-0.5171043647489002;1;0;1;0
performanz;kognition;True;2025-11-05;2025-11-05;2842;2843;3602;3603;1.5583528329756;1.9983364398439;0.43998360686830007;1;1;False;2.4727359267413;3.4475065704142;0.9747706436729002;0;0;0;0
kognition;performanz;True;2025-11-05;2025-11-12;2843;2829;3603;3589;1.9983364398439;1.5072340371522;-0.49110240269170014;1;1;False;3.4475065704142;3.0906410220045;-0.35686554840969986;0;2;0;1
performanz;kognition;True;2025-11-12;2025-11-12;2829;2830;3589;3590;1.5072340371522;2.4784503914436;0.9712163542913999;1;1;False;3.0906410220045;3.9956993418333;0.9050583198287998;2;0;1;0
kognition;kognition;False;2025-11-12;2025-11-12;2830;2831;3590;3591;2.4784503914436;2.0461096300162;-0.43234076142739974;1;1;False;3.9956993418333;3.8838793061339;-0.11182003569940013;0;1;0;1
kognition;regulation;True;2025-11-12;2025-11-12;2831;2832;3591;3592;2.0461096300162;1.6521674795534;-0.3939421504628;1;1;False;3.8838793061339;3.5054604059233;-0.37841890021059976;1;2;1;1
regulation;motivation;True;2025-11-12;2025-11-12;2832;2833;3592;3593;1.6521674795534;2.0519663720169;0.3997988924635001;1;1;False;3.5054604059233;4.2418067613595;0.7363463554362002;2;1;1;1
motivation;performanz;True;2025-11-12;2025-11-26;2833;2815;3593;3575;2.0519663720169;1.7146760432305;-0.3372903287864002;1;1;False;4.2418067613595;3.3685945007785;-0.8732122605810004;1;1;1;1
performanz;kognition;True;2025-11-26;2025-11-26;2815;2816;3575;3576;1.7146760432305;1.8124059963247;0.09772995309419996;1;1;False;3.3685945007785;2.7008782028216;-0.6677162979569;1;0;1;0
kognition;kognition;False;2025-11-26;2025-11-26;2816;2817;3576;3577;1.8124059963247;2.1046227351488;0.29221673882410015;1;1;False;2.7008782028216;3.4246644235568;0.7237862207351999;0;1;0;1
kognition;motivation;True;2025-11-26;2025-11-26;2817;2818;3577;3578;2.1046227351488;1.2782388005983;-0.8263839345505;1;1;False;3.4246644235568;2.726925290001;-0.6977391335557996;1;0;1;0
motivation;regulation;True;2025-11-26;2025-11-26;2818;2819;3578;3579;1.2782388005983;1.9611829425497;0.6829441419514;1;1;False;2.726925290001;4.1066196583502;1.3796943683492002;0;1;0;1
regulation;performanz;True;2025-11-26;2025-12-03;2819;2810;3579;3570;1.9611829425497;2.1625397852702;0.20135684272050014;1;1;False;4.1066196583502;4.5039203437359;0.39730068538569974;1;0;1;0
performanz;kognition;True;2025-12-03;2025-12-03;2810;2811;3570;3571;2.1625397852702;2.3459293201978;0.18338953492760002;1;1;False;4.5039203437359;3.9453024964552;-0.5586178472807002;0;1;0;1
kognition;regulation;True;2025-12-03;2025-12-03;2811;2812;3571;3572;2.3459293201978;1.0748847029185;-1.2710446172793002;1;1;False;3.9453024964552;2.1705909655679;-1.7747115308872998;1;1;1;1
regulation;kognition;True;2025-12-03;2025-12-03;2812;2813;3572;3573;1.0748847029185;1.3807910822945;0.30590637937599996;1;1;False;2.1705909655679;1.7229179248308;-0.4476730407371001;1;1;1;1
kognition;performanz;True;2025-12-03;2025-12-03;2813;2814;3573;3574;1.3807910822945;1.5511427607571;0.17035167846260002;1;1;False;1.7229179248308;2.6677743582537;0.9448564334229002;1;0;1;0
performanz;kognition;True;2025-12-03;2025-12-10;2814;2802;3574;3562;1.5511427607571;2.5326051745112;0.9814624137540999;1;1;False;2.6677743582537;4.0096002650977;1.341825906844;0;0;0;0
kognition;kognition;False;2025-12-10;2025-12-10;2802;2803;3562;3563;2.5326051745112;2.0025209823477;-0.5300841921634998;1;1;False;4.0096002650977;4.1753366045791;0.1657363394814002;0;0;0;0
kognition;regulation;True;2025-12-10;2025-12-10;2803;2804;3563;3564;2.0025209823477;1.9126138920563;-0.0899070902914001;1;1;False;4.1753366045791;4.0164817262936;-0.15885487828550016;0;0;0;0
regulation;performanz;True;2025-12-10;2025-12-10;2804;2805;3564;3565;1.9126138920563;-1.4208154801294;-3.3334293721857;1;-1;True;4.0164817262936;2.4266476899275;-1.5898340363661;0;0;0;0
kognition;kognition;False;2025-11-11;2025-11-11;1919;1920;2491;2492;2.200270088071;2.2147698359634;0.014499747892399828;1;1;False;4.1990309356057;4.5051999610504;0.30616902544470026;0;0;0;0
kognition;kognition;False;2025-11-11;2025-11-11;1920;1921;2492;2493;2.2147698359634;1.6881957465781;-0.5265740893852999;1;1;False;4.5051999610504;2.7162244829902;-1.7889754780602005;0;1;0;1
kognition;kognition;False;2025-11-11;2025-11-11;1921;1922;2493;2494;1.6881957465781;1.9186500042458;0.2304542576677;1;1;False;2.7162244829902;3.5114257840699;0.7952013010797003;1;0;1;0
kognition;kognition;False;2025-11-11;2025-11-18;1922;1914;2494;2486;1.9186500042458;2.5299323006465;0.6112822964007003;1;1;False;3.5114257840699;4.4248015064122;0.9133757223422996;0;0;0;0
kognition;kognition;False;2025-11-18;2025-11-18;1914;1915;2486;2487;2.5299323006465;1.7594039781414;-0.7705283225051003;1;1;False;4.4248015064122;2.5582570097871;-1.8665444966251;0;0;0;0
kognition;motivation;True;2025-11-18;2025-11-18;1915;1916;2487;2488;1.7594039781414;1.8221612265061;0.06275724836470009;1;1;False;2.5582570097871;3.8471321766507;1.2888751668636003;0;0;0;0
motivation;kognition;True;2025-11-18;2025-11-18;1916;1917;2488;2489;1.8221612265061;2.1618147661197;0.3396535396135998;1;1;False;3.8471321766507;3.4205843904462;-0.42654778620449996;0;0;0;0
kognition;methodik;True;2025-11-18;2025-11-18;1917;1918;2489;2490;2.1618147661197;1.8245750082058;-0.3372397579138997;1;1;False;3.4205843904462;3.8704021062177;0.44981771577149976;0;0;0;0
methodik;performanz;True;2025-11-18;2025-11-25;1918;1909;2490;2481;1.8245750082058;1.988922705534;0.16434769732819987;1;1;False;3.8704021062177;4.1345309576921;0.2641288514743998;0;1;0;1
performanz;performanz;False;2025-11-25;2025-11-25;1909;1910;2481;2482;1.988922705534;-1.4552652158942;-3.4441879214282;1;-1;True;4.1345309576921;2.4366088452089;-1.6979221124831998;1;0;1;0
performanz;kognition;True;2025-11-25;2025-11-25;1910;1911;2482;2483;-1.4552652158942;2.1505046567471;3.6057698726413;-1;1;True;2.4366088452089;3.4817423048328;1.0451334596239001;0;0;0;0
kognition;performanz;True;2025-11-25;2025-11-25;1911;1912;2483;2484;2.1505046567471;-1.8674785612985;-4.0179832180456;1;-1;True;3.4817423048328;2.1129969924978;-1.3687453123350002;0;0;0;0
performanz;methodik;True;2025-11-25;2025-11-25;1912;1913;2484;2485;-1.8674785612985;2.0534298272575;3.9209083885559997;-1;1;True;2.1129969924978;3.8995392280503;1.7865422355525;0;0;0;0
methodik;performanz;True;2025-11-25;2025-12-02;1913;1904;2485;2476;2.0534298272575;1.5752921706211;-0.47813765663639973;1;1;False;3.8995392280503;3.3390173794307;-0.5605218486196;0;0;0;0
performanz;methodik;True;2025-12-02;2025-12-02;1904;1905;2476;2477;1.5752921706211;1.3071304723696;-0.26816169825150005;1;1;False;3.3390173794307;2.3428052989296;-0.9962120805010999;0;0;0;0
methodik;kognition;True;2025-12-02;2025-12-02;1905;1906;2477;2478;1.3071304723696;2.2688988134381;0.9617683410685001;1;1;False;2.3428052989296;4.362368859302;2.0195635603724003;0;0;0;0
kognition;regulation;True;2025-12-02;2025-12-02;1906;1907;2478;2479;2.2688988134381;1.9611829425497;-0.3077158708884;1;1;False;4.362368859302;4.1066196583502;-0.25574920095179987;0;1;0;1
regulation;performanz;True;2025-12-02;2025-12-02;1907;1908;2479;2480;1.9611829425497;2.061049496361;0.09986655381129994;1;1;False;4.1066196583502;4.1805161786248;0.07389652027459981;1;0;1;0
performanz;kognition;True;2025-12-02;2025-12-09;1908;1899;2480;2471;2.061049496361;2.0164952679339;-0.04455422842710011;1;1;False;4.1805161786248;3.535433115609;-0.6450830630158002;0;1;0;1
kognition;kognition;False;2025-12-09;2025-12-09;1899;1900;2471;2472;2.0164952679339;2.011929137674;-0.0045661302598998255;1;1;False;3.535433115609;4.1616133039273;0.6261801883183002;1;0;1;0
kognition;kognition;False;2025-12-09;2025-12-09;1900;1901;2472;2473;2.011929137674;1.6160311204744;-0.39589801719960005;1;1;False;4.1616133039273;2.912978125167;-1.2486351787603;0;0;0;0
kognition;motivation;True;2025-12-09;2025-12-09;1901;1902;2473;2474;1.6160311204744;1.1703145985009;-0.4457165219735;1;1;False;2.912978125167;2.4432470610431;-0.4697310641239003;0;1;0;1
motivation;performanz;True;2025-12-09;2025-12-09;1902;1903;2474;2475;1.1703145985009;1.1345478518331;-0.0357667466678;1;1;False;2.4432470610431;1.6788805596284;-0.7643665014146999;1;1;1;1
methodik;kognition;True;2025-04-03;2025-08-28;606;597;911;869;1.0;2.1928329711058;1.1928329711057999;1;1;False;1.8333540301862;3.9028243912711;2.0694703610848997;0;1;0;1
kognition;performanz;True;2025-08-28;2025-08-28;597;598;869;870;2.1928329711058;1.4780206620485;-0.7148123090573;1;1;False;3.9028243912711;3.1813676431278;-0.7214567481432996;1;0;1;0
performanz;regulation;True;2025-08-28;2025-08-28;598;599;870;871;1.4780206620485;2.3358286965014;0.8578080344529;1;1;False;3.1813676431278;4.766014081322;1.5846464381941998;0;0;0;0
regulation;performanz;True;2025-08-28;2025-08-28;599;600;871;872;2.3358286965014;1.1724972459399;-1.1633314505615;1;1;False;4.766014081322;1.8273455172678;-2.9386685640542;0;0;0;0
performanz;kognition;True;2025-08-28;2025-09-04;600;588;872;860;1.1724972459399;2.1684041030201;0.9959068570801999;1;1;False;1.8273455172678;3.7011651508002;1.8738196335324;0;1;0;1
kognition;performanz;True;2025-09-04;2025-09-04;588;589;860;861;2.1684041030201;1.5787926947118;-0.5896114083082997;1;1;False;3.7011651508002;2.9265661869219;-0.7745989638783;1;1;1;1
performanz;kognition;True;2025-09-04;2025-09-04;589;590;861;862;1.5787926947118;2.2776056467846;0.6988129520727999;1;1;False;2.9265661869219;3.6414353147212;0.7148691277993002;1;1;1;1
kognition;motivation;True;2025-09-04;2025-09-04;590;591;862;863;2.2776056467846;1.8282533754185;-0.4493522713661;1;1;False;3.6414353147212;3.5141486703425;-0.1272866443787004;1;1;1;1
motivation;kognition;True;2025-09-04;2025-09-04;591;592;863;864;1.8282533754185;2.4427137214532;0.6144603460347002;1;1;False;3.5141486703425;4.7245662545224;1.2104175841799;1;0;1;0
kognition;performanz;True;2025-09-04;2025-09-11;592;578;864;850;2.4427137214532;2.1524916087874;-0.2902221126658002;1;1;False;4.7245662545224;3.7834187822736;-0.9411474722488;0;0;0;0
performanz;performanz;False;2025-09-11;2025-09-11;578;579;850;851;2.1524916087874;1.4780206620485;-0.6744709467389001;1;1;False;3.7834187822736;3.1813676431278;-0.6020511391457997;0;0;0;0
performanz;motivation;True;2025-09-11;2025-09-11;579;580;851;852;1.4780206620485;1.7915442913418;0.31352362929330013;1;1;False;3.1813676431278;3.3533597644884;0.17199212136059971;0;0;0;0
motivation;performanz;True;2025-09-11;2025-09-11;580;581;852;853;1.7915442913418;1.5570911828289;-0.23445310851290002;1;1;False;3.3533597644884;2.5553402422033;-0.7980195222851001;0;0;0;0
performanz;kognition;True;2025-09-11;2025-09-11;581;582;853;854;1.5570911828289;1.2611174102;-0.2959737726289;1;1;False;2.5553402422033;2.3952654381643;-0.16007480403899965;0;0;0;0
kognition;kognition;False;2025-09-11;2025-09-18;582;568;854;840;1.2611174102;2.1928329711058;0.9317155609057999;1;1;False;2.3952654381643;3.9028243912711;1.5075589531067997;0;1;0;1
kognition;performanz;True;2025-09-18;2025-09-18;568;569;840;841;2.1928329711058;1.8608741963844;-0.3319587747213999;1;1;False;3.9028243912711;3.0556171049096;-0.8472072863614999;1;0;1;0
performanz;kognition;True;2025-09-18;2025-09-18;569;570;841;842;1.8608741963844;1.628635644424;-0.2322385519604;1;1;False;3.0556171049096;3.1766681938078;0.12105108889819993;0;0;0;0
kognition;kognition;False;2025-09-18;2025-09-18;570;571;842;843;1.628635644424;1.8346238946577;0.20598825023370004;1;1;False;3.1766681938078;3.050519966414;-0.12614822739379994;0;0;0;0
kognition;kognition;False;2025-09-18;2025-09-18;571;572;843;844;1.8346238946577;2.1505046567471;0.31588076208939997;1;1;False;3.050519966414;3.4817423048328;0.4312223384188001;0;0;0;0
kognition;kognition;False;2025-09-18;2025-09-25;572;564;844;835;2.1505046567471;2.1266007185707;-0.023903938176399908;1;1;False;3.4817423048328;4.2434364120772;0.7616941072443999;0;0;0;0
kognition;kognition;False;2025-09-25;2025-09-25;564;565;835;836;2.1266007185707;1.9342871926371;-0.19231352593360018;1;1;False;4.2434364120772;3.1073267084519;-1.1361097036253;0;1;0;1
kognition;kognition;False;2025-09-25;2025-09-25;565;566;836;837;1.9342871926371;2.0853285652008;0.1510413725637001;1;1;False;3.1073267084519;4.4216046880607;1.3142779796088004;1;2;1;1
kognition;performanz;True;2025-09-25;2025-09-25;566;567;837;838;2.0853285652008;1.1724972459399;-0.9128313192609001;1;1;False;4.4216046880607;1.8273455172678;-2.5942591707929004;2;0;1;0
performanz;kognition;True;2025-09-25;2025-10-02;567;557;838;828;1.1724972459399;2.1266007185707;0.9541034726308002;1;1;False;1.8273455172678;4.2434364120772;2.4160908948094;0;0;0;0
kognition;kognition;False;2025-10-02;2025-10-02;557;558;828;829;2.1266007185707;1.7594039781414;-0.3671967404293002;1;1;False;4.2434364120772;2.5582570097871;-1.6851794022901;0;0;0;0
kognition;performanz;True;2025-10-02;2025-10-02;558;559;829;830;1.7594039781414;1.8125938090566;0.05318983091520013;1;1;False;2.5582570097871;3.4721038792412;0.9138468694541002;0;0;0;0
performanz;kognition;True;2025-10-02;2025-10-02;559;560;830;831;1.8125938090566;1.7210596468562;-0.0915341622004;1;1;False;3.4721038792412;3.2680013090368;-0.20410257020439992;0;0;0;0
kognition;kognition;False;2025-10-02;2025-10-02;560;561;831;832;1.7210596468562;1.3594756108737;-0.3615840359825;1;1;False;3.2680013090368;2.0764094036694;-1.1915919053674;0;2;0;1
kognition;regulation;True;2025-10-02;2025-10-30;561;548;832;819;1.3594756108737;2.2831943720438;0.9237187611701001;1;1;False;2.0764094036694;4.6221765003632;2.5457670966938;2;1;1;1
regulation;motivation;True;2025-10-30;2025-10-30;548;549;819;820;2.2831943720438;1.376852504409;-0.9063418676348001;1;1;False;4.6221765003632;2.4862506965683;-2.1359258037949003;1;0;1;0
motivation;kognition;True;2025-10-30;2025-10-30;549;550;820;821;1.376852504409;2.2238972144743;0.8470447100653;1;1;False;2.4862506965683;3.9546306929547;1.4683799963864002;0;0;0;0
kognition;performanz;True;2025-10-30;2025-10-30;550;551;821;822;2.2238972144743;1.7364678940513;-0.487429320423;1;1;False;3.9546306929547;3.5253302199341;-0.42930047302060004;0;0;0;0
performanz;performanz;False;2025-10-30;2025-10-30;551;552;822;823;1.7364678940513;-1.8674785612985;-3.6039464553498;1;-1;True;3.5253302199341;2.1129969924978;-1.4123332274363003;0;0;0;0
performanz;kognition;True;2025-10-30;2025-11-06;552;541;823;812;-1.8674785612985;2.0547114305757;3.9221899918742;-1;1;True;2.1129969924978;4.0202243037138;1.9072273112159999;0;0;0;0
kognition;motivation;True;2025-11-06;2025-11-06;541;542;812;813;2.0547114305757;1.1140601570329;-0.9406512735428001;1;1;False;4.0202243037138;2.2244020276868;-1.7958222760269997;0;0;0;0
motivation;performanz;True;2025-11-06;2025-11-06;542;543;813;814;1.1140601570329;1.5570911828289;0.44303102579599996;1;1;False;2.2244020276868;2.5553402422033;0.33093821451649985;0;0;0;0
performanz;kognition;True;2025-11-06;2025-11-13;543;1831;814;2402;1.5570911828289;2.1928329711058;0.6357417882768999;1;1;False;2.5553402422033;3.9028243912711;1.3474841490678;0;1;0;1
kognition;motivation;True;2025-11-13;2025-11-13;1831;1832;2402;2403;2.1928329711058;1.376852504409;-0.8159804666967998;1;1;False;3.9028243912711;2.4862506965683;-1.4165736947027998;1;0;1;0
motivation;kognition;True;2025-11-13;2025-11-13;1832;1833;2403;2404;1.376852504409;1.8346726067272;0.4578201023181998;1;1;False;2.4862506965683;3.2578547618;0.7716040652317;0;0;0;0
kognition;performanz;True;2025-11-13;2025-11-13;1833;1834;2404;2405;1.8346726067272;1.1724972459399;-0.6621753607873;1;1;False;3.2578547618;1.8273455172678;-1.4305092445322;0;0;0;0
performanz;performanz;False;2025-11-13;2025-11-13;1834;1835;2405;2406;1.1724972459399;2.3369126707959;1.1644154248560001;1;1;False;1.8273455172678;4.6528861597638;2.825540642496;0;0;0;0
performanz;performanz;False;2025-11-13;2025-11-20;1835;1822;2406;2393;2.3369126707959;2.1834193470863;-0.15349332370960012;1;1;False;4.6528861597638;4.7272578340427;0.07437167427889957;0;1;0;1
performanz;kognition;True;2025-11-20;2025-11-20;1822;1823;2393;2394;2.1834193470863;2.1969604991137;0.013541152027400027;1;1;False;4.7272578340427;3.9082087439743;-0.8190490900683995;1;1;1;1
kognition;kognition;False;2025-11-20;2025-11-20;1823;1824;2394;2395;2.1969604991137;1.512680856227;-0.6842796428867;1;1;False;3.9082087439743;2.7153344123817;-1.1928743315926003;1;1;1;1
kognition;kognition;False;2025-11-20;2025-11-20;1824;1825;2395;2396;1.512680856227;1.7197401550854;0.2070592988583999;1;1;False;2.7153344123817;2.6745080662689;-0.04082634611279978;1;0;1;0
kognition;kognition;False;2025-11-20;2025-11-20;1825;1826;2396;2397;1.7197401550854;1.7210596468562;0.001319491770800152;1;1;False;2.6745080662689;3.2680013090368;0.5934932427679;0;0;0;0
kognition;kognition;False;2025-11-20;2025-11-27;1826;1813;2397;2384;1.7210596468562;2.1684041030201;0.44734445616389973;1;1;False;3.2680013090368;3.7011651508002;0.43316384176339984;0;1;0;1
kognition;methodik;True;2025-11-27;2025-11-27;1813;1814;2384;2385;2.1684041030201;1.3071304723696;-0.8612736306504998;1;1;False;3.7011651508002;2.3428052989296;-1.3583598518706;1;0;1;0
methodik;kognition;True;2025-11-27;2025-11-27;1814;1815;2385;2386;1.3071304723696;1.8497956426329;0.5426651702633001;1;1;False;2.3428052989296;2.9898402914902;0.6470349925606;0;1;0;1
kognition;motivation;True;2025-11-27;2025-11-27;1815;1816;2386;2387;1.8497956426329;0.85188551646247;-0.9979101261704301;1;1;False;2.9898402914902;1.5890209998845;-1.4008192916057;1;0;1;0
motivation;kognition;True;2025-11-27;2025-11-27;1816;1817;2387;2388;0.85188551646247;2.1505046567471;1.29861914028463;1;1;False;1.5890209998845;3.4817423048328;1.8927213049483;0;0;0;0
kognition;performanz;True;2025-11-27;2025-12-04;1817;1804;2388;2375;2.1505046567471;2.1744618745086;0.02395721776150017;1;1;False;3.4817423048328;4.4388621375364;0.9571198327036003;0;0;0;0
performanz;kognition;True;2025-12-04;2025-12-04;1804;1805;2375;2376;2.1744618745086;2.0025209823477;-0.17194089216090003;1;1;False;4.4388621375364;4.1753366045791;-0.2635255329573001;0;0;0;0
kognition;performanz;True;2025-12-04;2025-12-04;1805;1806;2376;2377;2.0025209823477;1.171031134971;-0.8314898473767001;1;1;False;4.1753366045791;2.3554216638968;-1.8199149406823003;0;0;0;0
performanz;performanz;False;2025-12-04;2025-12-04;1806;1807;2377;2378;1.171031134971;1.8125938090566;0.6415626740856;1;1;False;2.3554216638968;3.4721038792412;1.1166822153444;0;0;0;0
performanz;performanz;False;2025-12-04;2025-12-11;1807;1795;2378;2366;1.8125938090566;1.6203139294579;-0.19227987959869997;1;1;False;3.4721038792412;2.8371568730149;-0.6349470062262998;0;0;0;0
performanz;methodik;True;2025-12-11;2025-12-11;1795;1796;2366;2367;1.6203139294579;2.1410505413095;0.5207366118515997;1;1;False;2.8371568730149;4.7299790770357;1.8928222040207996;0;1;0;1
methodik;performanz;True;2025-12-11;2025-12-11;1796;1797;2367;2368;2.1410505413095;2.2224477744004;0.0813972330909003;1;1;False;4.7299790770357;4.723590507544;-0.006388569491699414;1;0;1;0
performanz;kognition;True;2025-12-11;2025-12-11;1797;1798;2368;2369;2.2224477744004;2.4887495600728;0.2663017856723999;1;1;False;4.723590507544;4.8458292980034;0.12223879045939956;0;1;0;1
kognition;kognition;False;2025-08-28;2025-08-28;674;675;1004;1005;2.2414953024427;2.5185769006605;0.2770815982178001;1;1;False;4.7653905687971;4.2184095375211;-0.5469810312760002;1;1;1;1
kognition;performanz;True;2025-08-28;2025-08-28;675;676;1005;1006;2.5185769006605;1.9577799980576;-0.5607969026028998;1;1;False;4.2184095375211;3.7807537621279;-0.4376557753931998;1;0;1;0
performanz;performanz;False;2025-08-28;2025-08-28;676;677;1006;1007;1.9577799980576;2.0572421247468;0.09946212668919996;1;1;False;3.7807537621279;4.2232398182455;0.44248605611760006;0;0;0;0
performanz;performanz;False;2025-08-28;2025-08-28;677;678;1007;1008;2.0572421247468;1.5441145590549;-0.5131275656919001;1;1;False;4.2232398182455;2.75996044218;-1.4632793760655;0;0;0;0
performanz;kognition;True;2025-08-28;2025-09-11;678;669;1008;999;1.5441145590549;2.0547114305757;0.5105968715208002;1;1;False;2.75996044218;4.0202243037138;1.2602638615337995;0;0;0;0
kognition;performanz;True;2025-09-11;2025-09-11;669;670;999;1000;2.0547114305757;1.7507822794422;-0.30392915113350005;1;1;False;4.0202243037138;3.5816981353789;-0.43852616833489977;0;1;0;1
performanz;performanz;False;2025-09-11;2025-09-11;670;671;1000;1001;1.7507822794422;1.5441145590549;-0.2066677203873002;1;1;False;3.5816981353789;2.75996044218;-0.8217376931988998;1;0;1;0
performanz;performanz;False;2025-09-11;2025-09-11;671;672;1001;1002;1.5441145590549;-1.8674785612985;-3.4115931203534;1;-1;True;2.75996044218;2.1129969924978;-0.6469634496822003;0;0;0;0
performanz;kognition;True;2025-09-11;2025-09-11;672;673;1002;1003;-1.8674785612985;1.7810481523429;3.6485267136414;-1;1;True;2.1129969924978;3.4485985759833;1.3356015834855004;0;1;0;1
kognition;regulation;True;2025-09-11;2025-09-18;673;660;1003;990;1.7810481523429;2.2831943720438;0.5021462197009001;1;1;False;3.4485985759833;4.6221765003632;1.1735779243799;1;1;1;1
regulation;kognition;True;2025-09-18;2025-09-18;660;661;990;991;2.2831943720438;2.1969604991137;-0.08623387293010021;1;1;False;4.6221765003632;3.9082087439743;-0.7139677563889002;1;1;1;1
kognition;kognition;False;2025-09-18;2025-09-18;661;662;991;992;2.1969604991137;2.3451113517338;0.14815085262010008;1;1;False;3.9082087439743;4.4817017288967;0.5734929849223995;1;1;1;1
kognition;kognition;False;2025-09-18;2025-09-18;662;663;992;993;2.3451113517338;2.2751927109199;-0.06991864081390009;1;1;False;4.4817017288967;4.6187407804724;0.13703905157570073;1;0;1;0
kognition;kognition;False;2025-09-18;2025-09-18;663;664;993;994;2.2751927109199;2.2238972144743;-0.05129549644559983;1;1;False;4.6187407804724;3.9546306929547;-0.6641100875177002;0;0;0;0
kognition;performanz;True;2025-09-18;2025-09-25;664;650;994;980;2.2238972144743;2.1018406752718;-0.12205653920250015;1;1;False;3.9546306929547;4.0297451295107;0.07511443655599992;0;0;0;0
performanz;performanz;False;2025-09-25;2025-09-25;650;651;980;981;2.1018406752718;2.0727800937162;-0.029060581555599985;1;1;False;4.0297451295107;3.3171643288248;-0.7125808006859002;0;1;0;1
performanz;performanz;False;2025-09-25;2025-09-25;651;652;981;982;2.0727800937162;2.3369126707959;0.26413257707970006;1;1;False;3.3171643288248;4.6528861597638;1.3357218309390002;1;0;1;0
performanz;kognition;True;2025-09-25;2025-09-25;652;653;982;983;2.3369126707959;1.8888915756821;-0.44802109511379995;1;1;False;4.6528861597638;3.3233958757153;-1.3294902840485001;0;0;0;0
kognition;motivation;True;2025-09-25;2025-09-25;653;654;983;984;1.8888915756821;1.8934141982597;0.004522622577599833;1;1;False;3.3233958757153;3.6130190037089;0.2896231279935999;0;0;0;0
motivation;kognition;True;2025-09-25;2025-10-02;654;640;984;970;1.8934141982597;1.919667488646;0.026253290386299977;1;1;False;3.6130190037089;3.1988921097457;-0.4141268939631999;0;0;0;0
kognition;kognition;False;2025-10-02;2025-10-02;640;641;970;971;1.919667488646;2.6228056368715;0.7031381482255001;1;1;False;3.1988921097457;4.6361765459891;1.4372844362434;0;0;0;0
kognition;kognition;False;2025-10-02;2025-10-02;641;642;971;972;2.6228056368715;2.1505372732166;-0.4722683636549001;1;1;False;4.6361765459891;4.3283338502937;-0.3078426956953999;0;0;0;0
kognition;kognition;False;2025-10-02;2025-10-02;642;643;972;973;2.1505372732166;0.811;-1.3395372732166;1;1;False;4.3283338502937;0.99141868047763;-3.33691516981607;0;1;0;1
kognition;motivation;True;2025-10-02;2025-10-02;643;644;973;974;0.811;1.5709381606312;0.7599381606312;1;1;False;0.99141868047763;3.1437365552397;2.15231787476207;1;0;1;0
motivation;kognition;True;2025-10-02;2025-10-23;644;627;974;957;1.5709381606312;2.1474646536876;0.5765264930563998;1;1;False;3.1437365552397;4.1684033499006;1.0246667946608996;0;1;0;1
kognition;kognition;False;2025-10-23;2025-10-23;627;628;957;958;2.1474646536876;1.8208837623008;-0.3265808913867998;1;1;False;4.1684033499006;3.6125069904342;-0.5558963594663995;1;1;1;1
kognition;kognition;False;2025-10-23;2025-10-23;628;629;958;959;1.8208837623008;2.1505372732166;0.32965351091579986;1;1;False;3.6125069904342;4.3283338502937;0.7158268598594999;1;0;1;0
kognition;kognition;False;2025-10-23;2025-10-23;629;630;959;960;2.1505372732166;2.2009129520582;0.0503756788416001;1;1;False;4.3283338502937;3.5655874874173;-0.7627463628764;0;0;0;0
kognition;performanz;True;2025-10-23;2025-10-30;630;618;960;948;2.2009129520582;2.1625397852702;-0.038373166787999846;1;1;False;3.5655874874173;4.5039203437359;0.9383328563186;0;0;0;0
performanz;kognition;True;2025-10-30;2025-10-30;618;619;948;949;2.1625397852702;2.1771334646017;0.01459367933150002;1;1;False;4.5039203437359;3.8848123394548;-0.6191080042811001;0;0;0;0
kognition;motivation;True;2025-10-30;2025-10-30;619;620;949;950;2.1771334646017;2.0519663720169;-0.12516709258480008;1;1;False;3.8848123394548;4.2418067613595;0.3569944219047003;0;1;0;1
motivation;regulation;True;2025-10-30;2025-10-30;620;621;950;951;2.0519663720169;2.379207549172;0.3272411771550998;1;1;False;4.2418067613595;4.6241622028906;0.3823554415311001;1;1;1;1
regulation;performanz;True;2025-10-30;2025-10-30;621;622;951;952;2.379207549172;1.7623605672214;-0.6168469819506;1;1;False;4.6241622028906;3.1844962872024;-1.4396659156882006;1;1;1;1
performanz;regulation;True;2025-10-30;2025-11-06;622;609;952;939;1.7623605672214;1.7810357015046;0.018675134283200112;1;1;False;3.1844962872024;3.5846603474751;0.40016406027270035;1;0;1;0
regulation;regulation;False;2025-11-06;2025-11-06;609;610;939;940;1.7810357015046;-1.712806806005;-3.4938425075096;1;-1;True;3.5846603474751;2.9653595495889;-0.6193007978862002;0;1;0;1
regulation;kognition;True;2025-11-06;2025-11-06;610;611;940;941;-1.712806806005;2.0547452775328;3.7675520835378;-1;1;True;2.9653595495889;3.3898059952498;0.42444644566089984;1;1;1;1
kognition;kognition;False;2025-11-06;2025-11-06;611;612;941;942;2.0547452775328;1.8354146104148;-0.21933066711799998;1;1;False;3.3898059952498;3.4502216753528;0.060415680103000025;1;0;1;0
kognition;kognition;False;2025-11-06;2025-11-06;612;613;942;943;1.8354146104148;1.6983290877114;-0.13708552270340002;1;1;False;3.4502216753528;3.1029026024035;-0.3473190729493001;0;1;0;1
kognition;kognition;False;2025-11-06;2025-11-13;613;1155;943;1717;1.6983290877114;2.1740412824802;0.4757121947688001;1;1;False;3.1029026024035;3.5213129836393;0.4184103812358;1;0;1;0
kognition;kognition;False;2025-11-13;2025-11-13;1155;1156;1717;1718;2.1740412824802;2.1974997096348;0.023458427154599892;1;1;False;3.5213129836393;4.0732908759393;0.5519778923;0;0;0;0
kognition;performanz;True;2025-11-13;2025-11-13;1156;1157;1718;1720;2.1974997096348;2.0560234558756;-0.1414762537591998;1;1;False;4.0732908759393;3.7592794149567;-0.3140114609825999;0;1;0;1
performanz;regulation;True;2025-11-13;2025-11-13;1157;1158;1720;1721;2.0560234558756;1.7816850647611;-0.2743383911145001;1;1;False;3.7592794149567;3.7945306446695;0.035251229712800036;1;1;1;1
regulation;regulation;False;2025-11-13;2025-11-20;1158;1150;1721;1712;1.7816850647611;1.7810357015046;-0.0006493632564998908;1;1;False;3.7945306446695;3.5846603474751;-0.20987029719439976;1;0;1;0
regulation;regulation;False;2025-11-20;2025-11-20;1150;1151;1712;1713;1.7810357015046;-1.712806806005;-3.4938425075096;1;-1;True;3.5846603474751;2.9653595495889;-0.6193007978862002;0;1;0;1
regulation;kognition;True;2025-11-20;2025-11-20;1151;1152;1713;1714;-1.712806806005;2.0547452775328;3.7675520835378;-1;1;True;2.9653595495889;3.3898059952498;0.42444644566089984;1;1;1;1
kognition;regulation;True;2025-11-20;2025-11-20;1152;1153;1714;1715;2.0547452775328;1.9611829425497;-0.09356233498309985;1;1;False;3.3898059952498;4.1066196583502;0.7168136631004005;1;1;1;1
regulation;performanz;True;2025-11-20;2025-11-20;1153;1154;1715;1716;1.9611829425497;1.8490362237485;-0.11214671880119997;1;1;False;4.1066196583502;3.7094848636328;-0.3971347947174002;1;0;1;0
performanz;performanz;False;2025-11-20;2025-11-27;1154;1141;1716;1703;1.8490362237485;1.5787926947118;-0.2702435290367;1;1;False;3.7094848636328;2.9265661869219;-0.7829186767109002;0;1;0;1
performanz;motivation;True;2025-11-27;2025-11-27;1141;1142;1703;1704;1.5787926947118;1.771051310269;0.19225861555719992;1;1;False;2.9265661869219;3.6940393184514;0.7674731315295;1;0;1;0
motivation;regulation;True;2025-11-27;2025-11-27;1142;1143;1704;1705;1.771051310269;2.1344317847662;0.36338047449720023;1;1;False;3.6940393184514;4.481156302435;0.7871169839836001;0;1;0;1
regulation;performanz;True;2025-11-27;2025-11-27;1143;1144;1705;1706;2.1344317847662;1.9577799980576;-0.17665178670860016;1;1;False;4.481156302435;3.7807537621279;-0.7004025403070999;1;0;1;0
performanz;kognition;True;2025-11-27;2025-12-04;1144;1132;1706;1694;1.9577799980576;1.919667488646;-0.03811250941160016;1;1;False;3.7807537621279;3.1988921097457;-0.5818616523822002;0;0;0;0
kognition;performanz;True;2025-12-04;2025-12-04;1132;1133;1694;1695;1.919667488646;2.0715157223391;0.15184823369309997;1;1;False;3.1988921097457;3.3551913013862;0.1562991916405001;0;1;0;1
performanz;kognition;True;2025-12-04;2025-12-04;1133;1134;1695;1696;2.0715157223391;2.4427137214532;0.37119799911410034;1;1;False;3.3551913013862;4.7245662545224;1.3693749531361998;1;0;1;0
kognition;regulation;True;2025-12-04;2025-12-04;1134;1135;1696;1697;2.4427137214532;1.6141858635768;-0.8285278578764002;1;1;False;4.7245662545224;3.0338214008121;-1.6907448537102998;0;1;0;1
regulation;regulation;False;2025-12-04;2025-12-04;1135;1136;1697;1698;1.6141858635768;2.2605508511552;0.6463649875783999;1;1;False;3.0338214008121;4.8393555759552;1.8055341751431002;1;0;1;0
regulation;kognition;True;2025-12-04;2025-12-11;1136;1122;1698;1684;2.2605508511552;1.9342871926371;-0.3262636585181;1;1;False;4.8393555759552;3.1073267084519;-1.7320288675033004;0;1;0;1
kognition;regulation;True;2025-12-11;2025-12-11;1122;1123;1684;1685;1.9342871926371;2.1744905952745;0.24020340263740003;1;1;False;3.1073267084519;4.075018922106;0.9676922136540997;1;1;1;1
regulation;motivation;True;2025-12-11;2025-12-11;1123;1124;1685;1686;2.1744905952745;1.6;-0.5744905952744999;1;1;False;4.075018922106;3.6556501828789;-0.4193687392270995;1;1;1;1
motivation;motivation;False;2025-12-11;2025-12-11;1124;1125;1686;1687;1.6;2.0818792519938;0.4818792519937998;1;1;False;3.6556501828789;4.2766590717479;0.6210088888689995;1;0;1;0
motivation;kognition;True;2025-12-11;2025-12-11;1125;1126;1687;1688;2.0818792519938;2.1720549921293;0.09017574013550034;1;1;False;4.2766590717479;3.8472014927472;-0.4294575790006996;0;1;0;1
regulation;kognition;True;2025-09-04;2025-09-04;347;348;532;533;2.2831943720438;2.2069589158005;-0.07623545624330008;1;1;False;4.6221765003632;3.916840808544;-0.7053356918192004;1;0;1;0
kognition;regulation;True;2025-09-04;2025-09-04;348;349;533;534;2.2069589158005;2.313833831872;0.1068749160714999;1;1;False;3.916840808544;4.9946265310618;1.0777857225178002;0;1;0;1
regulation;performanz;True;2025-09-04;2025-09-04;349;350;534;535;2.313833831872;2.061049496361;-0.252784335511;1;1;False;4.9946265310618;4.1805161786248;-0.8141103524369999;1;0;1;0
performanz;kognition;True;2025-09-04;2025-09-04;350;351;535;536;2.061049496361;1.473212922878;-0.587836573483;1;1;False;4.1805161786248;3.1443711090881;-1.0361450695367003;0;0;0;0
kognition;kognition;False;2025-09-04;2025-09-11;351;342;536;527;1.473212922878;1.9447651791729;0.47155225629489994;1;1;False;3.1443711090881;3.3466330496577;0.2022619405696;0;2;0;1
kognition;performanz;True;2025-09-11;2025-09-11;342;343;527;528;1.9447651791729;-1.7781209396438;-3.7228861188167;1;-1;True;3.3466330496577;2.9238561433447;-0.422776906313;2;0;1;0
performanz;kognition;True;2025-09-11;2025-09-11;343;344;528;529;-1.7781209396438;1.5532170520458;3.3313379916896;-1;1;True;2.9238561433447;2.833504268978;-0.0903518743667;0;1;0;1
kognition;performanz;True;2025-09-11;2025-09-11;344;345;529;530;1.5532170520458;2.260374675858;0.7071576238121999;1;1;False;2.833504268978;4.5339414150742;1.7004371460962004;1;1;1;1
performanz;kognition;True;2025-09-11;2025-09-11;345;346;530;531;2.260374675858;1.884870137549;-0.3755045383089999;1;1;False;4.5339414150742;3.6334044341863;-0.9005369808879005;1;2;1;1
kognition;kognition;False;2025-09-11;2025-09-18;346;337;531;522;1.884870137549;2.0304399710254;0.14556983347639996;1;1;False;3.6334044341863;3.9010906605121;0.2676862263258002;2;1;1;1
kognition;motivation;True;2025-09-18;2025-09-18;337;338;522;523;2.0304399710254;1.376852504409;-0.6535874666163999;1;1;False;3.9010906605121;2.4862506965683;-1.4148399639438;1;0;1;0
motivation;motivation;False;2025-09-18;2025-09-18;338;339;523;524;1.376852504409;1.1646065491769;-0.2122459552321001;1;1;False;2.4862506965683;2.3654242772316;-0.12082641933670013;0;4;0;1
motivation;methodik;True;2025-09-18;2025-09-18;339;340;524;525;1.1646065491769;2.0353585414423;0.8707519922653999;1;1;False;2.3654242772316;4.1877424962358;1.8223182190042002;4;0;1;0
methodik;motivation;True;2025-09-18;2025-09-18;340;341;525;526;2.0353585414423;2.3227360396724;0.28737749823010006;1;1;False;4.1877424962358;3.9750000629739;-0.21274243326190012;0;0;0;0
motivation;kognition;True;2025-09-18;2025-09-25;341;333;526;517;2.3227360396724;2.1928329711058;-0.12990306856660006;1;1;False;3.9750000629739;3.9028243912711;-0.07217567170280015;0;1;0;1
kognition;kognition;False;2025-09-25;2025-09-25;333;334;517;518;2.1928329711058;1.752927244018;-0.43990572708779996;1;1;False;3.9028243912711;3.2645506643148;-0.6382737269562999;1;0;1;0
kognition;kognition;False;2025-09-25;2025-09-25;334;335;518;519;1.752927244018;2.1107934644134;0.35786622039539995;1;1;False;3.2645506643148;3.6856067041269;0.42105603981209994;0;1;0;1
kognition;kognition;False;2025-09-25;2025-09-25;335;336;519;520;2.1107934644134;2.2737656651341;0.16297220072069996;1;1;False;3.6856067041269;4.1458837301014;0.4602770259745004;1;1;1;1
kognition;kognition;False;2025-09-25;2025-10-23;336;323;520;507;2.2737656651341;2.3289522253193;0.05518656018519996;1;1;False;4.1458837301014;4.3258647160129;0.17998098591149958;1;1;1;1
kognition;kognition;False;2025-10-23;2025-10-23;323;324;507;508;2.3289522253193;2.4784503914436;0.1494981661243;1;1;False;4.3258647160129;3.9956993418333;-0.3301653741795998;1;0;1;0
kognition;kognition;False;2025-10-23;2025-10-23;324;325;508;509;2.4784503914436;1.3099250211841;-1.1685253702594998;1;1;False;3.9956993418333;1.6223511642224;-2.3733481776109002;0;1;0;1
kognition;kognition;False;2025-10-23;2025-10-23;325;326;509;510;1.3099250211841;1.628635644424;0.31871062323989996;1;1;False;1.6223511642224;3.1766681938078;1.5543170295853999;1;0;1;0
kognition;kognition;False;2025-10-23;2025-10-23;326;327;510;511;1.628635644424;1.6888048282246;0.06016918380059999;1;1;False;3.1766681938078;2.9577030053811;-0.21896518842669987;0;0;0;0
kognition;performanz;True;2025-10-23;2025-11-06;327;313;511;497;1.6888048282246;1.4253665391979;-0.26343828902669997;1;1;False;2.9577030053811;2.8935343055325;-0.06416869984859996;0;0;0;0
performanz;kognition;True;2025-11-06;2025-11-06;313;314;497;498;1.4253665391979;2.7431027601632;1.3177362209652999;1;1;False;2.8935343055325;4.4247995695105;1.5312652639780002;0;0;0;0
kognition;kognition;False;2025-11-06;2025-11-06;314;315;498;499;2.7431027601632;1.7046382234599;-1.0384645367032999;1;1;False;4.4247995695105;2.3418535474995;-2.0829460220110003;0;2;0;1
kognition;performanz;True;2025-11-06;2025-11-06;315;316;499;500;1.7046382234599;2.0572421247468;0.3526039012869;1;1;False;2.3418535474995;4.2232398182455;1.8813862707460003;2;0;1;0
performanz;kognition;True;2025-11-06;2025-11-06;316;317;500;501;2.0572421247468;1.497714368025;-0.5595277567218;1;1;False;4.2232398182455;2.4666707187762;-1.7565690994693002;0;1;0;1
kognition;performanz;True;2025-11-06;2025-11-13;317;1324;501;1890;1.497714368025;1.4253665391979;-0.0723478288271;1;1;False;2.4666707187762;2.8935343055325;0.4268635867563;1;0;1;0
performanz;regulation;True;2025-11-13;2025-11-13;1324;1325;1890;1891;1.4253665391979;1.8319677065092;0.4066011673112999;1;1;False;2.8935343055325;3.9096314098023;1.0160971042698002;0;1;0;1
regulation;regulation;False;2025-11-13;2025-11-13;1325;1326;1891;1892;1.8319677065092;1.539769585776;-0.29219812073319984;1;1;False;3.9096314098023;2.8957199704337;-1.0139114393686;1;0;1;0
regulation;performanz;True;2025-11-13;2025-11-13;1326;1327;1892;1893;1.539769585776;1.5583528329756;0.018583247199599917;1;1;False;2.8957199704337;2.4727359267413;-0.4229840436924004;0;0;0;0
performanz;kognition;True;2025-11-13;2025-11-20;1327;1320;1893;1886;1.5583528329756;2.1928329711058;0.6344801381301999;1;1;False;2.4727359267413;3.9028243912711;1.4300884645298;0;1;0;1
kognition;kognition;False;2025-11-20;2025-11-20;1320;1321;1886;1887;2.1928329711058;2.0311230831007;-0.16170988800509978;1;1;False;3.9028243912711;3.8229300313861;-0.07989435988499993;1;0;1;0
kognition;regulation;True;2025-11-20;2025-11-20;1321;1322;1887;1888;2.0311230831007;1.9449987244184;-0.08612435868230017;1;1;False;3.8229300313861;3.8214492248625;-0.0014808065235998313;0;0;0;0
regulation;kognition;True;2025-11-20;2025-11-20;1322;1323;1888;1889;1.9449987244184;1.7468429863796;-0.19815573803879993;1;1;False;3.8214492248625;4.0578127668032;0.23636354194069975;0;1;0;1
kognition;kognition;False;2025-11-20;2025-12-11;1323;1306;1889;1872;1.7468429863796;2.5326051745112;0.7857621881315999;1;1;False;4.0578127668032;4.0096002650977;-0.04821250170549973;1;0;1;0
kognition;kognition;False;2025-12-11;2025-12-11;1306;1307;1872;1873;2.5326051745112;2.0025209823477;-0.5300841921634998;1;1;False;4.0096002650977;4.1753366045791;0.1657363394814002;0;0;0;0
kognition;performanz;True;2025-12-11;2025-12-11;1307;1308;1873;1874;2.0025209823477;2.1602420544193;0.1577210720715998;1;1;False;4.1753366045791;4.0730731755336;-0.10226342904550023;0;0;0;0
performanz;performanz;False;2025-12-11;2025-12-11;1308;1309;1874;1875;2.1602420544193;1.8144280300528;-0.3458140243665;1;1;False;4.0730731755336;3.648548811648;-0.4245243638856002;0;0;0;0
kognition;performanz;True;2025-11-12;2025-11-12;1629;1630;2200;2201;2.5299323006465;-1.7781209396438;-4.308053240290301;1;-1;True;4.4248015064122;2.9238561433447;-1.5009453630674998;0;0;0;0
performanz;kognition;True;2025-11-12;2025-11-12;1630;1631;2201;2202;-1.7781209396438;1.8497956426329;3.6279165822767;-1;1;True;2.9238561433447;2.9898402914902;0.06598414814550013;0;1;0;1
kognition;motivation;True;2025-11-12;2025-11-12;1631;1632;2202;2203;1.8497956426329;1.2459236375843;-0.6038720050486002;1;1;False;2.9898402914902;1.9935420942378;-0.9962981972524001;1;4;1;1
motivation;performanz;True;2025-11-12;2025-11-12;1632;1633;2203;2204;1.2459236375843;2.06132346452;0.8153998269357001;1;1;False;1.9935420942378;3.8092753542734;1.8157332600356;4;0;1;0
performanz;motivation;True;2025-11-12;2025-11-26;1633;1615;2204;2185;2.06132346452;1.2951057303566;-0.7662177341634;1;1;False;3.8092753542734;2.3852489463375;-1.4240264079358997;0;1;0;1
motivation;kognition;True;2025-11-26;2025-11-26;1615;1616;2185;2186;1.2951057303566;2.2069589158005;0.9118531854439;1;1;False;2.3852489463375;3.916840808544;1.5315918622064997;1;0;1;0
kognition;kognition;False;2025-11-26;2025-11-26;1616;1617;2186;2187;2.2069589158005;1.65799276022;-0.5489661555805001;1;1;False;3.916840808544;2.5548891531968;-1.3619516553472;0;1;0;1
kognition;motivation;True;2025-11-26;2025-11-26;1617;1618;2187;2188;1.65799276022;1.1703145985009;-0.48767816171909995;1;1;False;2.5548891531968;2.4432470610431;-0.11164209215370002;1;1;1;1
motivation;performanz;True;2025-11-26;2025-12-10;1618;1605;2188;2175;1.1703145985009;1.0;-0.17031459850090003;1;1;False;2.4432470610431;1.6103819422733;-0.8328651187698;1;1;1;1
performanz;performanz;False;2025-12-10;2025-12-10;1605;1606;2175;2176;1.0;2.3238211125165;1.3238211125164998;1;1;False;1.6103819422733;4.8604079848911;3.2500260426178;1;0;1;0
performanz;kognition;True;2025-12-10;2025-12-10;1606;1607;2176;2177;2.3238211125165;1.1189052304858;-1.2049158820306998;1;1;False;4.8604079848911;1.9430865721628;-2.9173214127283;0;1;0;1
kognition;motivation;True;2025-12-10;2025-12-10;1607;1608;2177;2178;1.1189052304858;1.5116396645841;0.3927344340982999;1;1;False;1.9430865721628;3.3246328476177;1.3815462754549;1;2;1;1
motivation;motivation;False;2025-12-10;2025-12-10;1608;1609;2178;2179;1.5116396645841;0.69981913800531;-0.8118205265787899;1;1;False;3.3246328476177;1.3025838667872;-2.0220489808304998;2;1;1;1
kognition;kognition;False;2025-09-04;2025-09-04;121;122;174;175;2.340692642289;1.7486687554314;-0.5920238868576;1;1;False;4.0340534938675;2.7706068465565;-1.263446647311;0;0;0;0
kognition;kognition;False;2025-09-04;2025-09-04;122;123;175;176;1.7486687554314;1.9983364398439;0.2496676844125001;1;1;False;2.7706068465565;3.73654460792;0.9659377613635001;0;1;0;1
kognition;performanz;True;2025-09-04;2025-09-04;123;124;176;177;1.9983364398439;1.6947054846306;-0.3036309552133001;1;1;False;3.73654460792;2.8834559931561;-0.8530886147638999;1;1;1;1
performanz;performanz;False;2025-09-04;2025-09-11;124;111;177;164;1.6947054846306;2.1018406752718;0.40713519064119996;1;1;False;2.8834559931561;4.0297451295107;1.1462891363546;1;0;1;0
performanz;kognition;True;2025-09-11;2025-09-11;111;112;164;165;2.1018406752718;1.8346726067272;-0.26716806854460007;1;1;False;4.0297451295107;3.2578547618;-0.7718903677107001;0;0;0;0
kognition;kognition;False;2025-09-11;2025-09-11;112;113;165;166;1.8346726067272;2.1462963786463;0.3116237719191002;1;1;False;3.2578547618;4.3406553652064;1.0828006034064002;0;1;0;1
kognition;kognition;False;2025-09-11;2025-09-11;113;114;166;167;2.1462963786463;1.7468429863796;-0.39945339226670007;1;1;False;4.3406553652064;4.0578127668032;-0.28284259840320036;1;1;1;1
kognition;performanz;True;2025-09-11;2025-09-11;114;115;167;168;1.7468429863796;1.5570911828289;-0.18975180355069998;1;1;False;4.0578127668032;2.5553402422033;-1.5024725245999;1;0;1;0
performanz;performanz;False;2025-09-11;2025-09-25;115;98;168;151;1.5570911828289;2.1524916087874;0.5954004259585;1;1;False;2.5553402422033;3.7834187822736;1.2280785400703;0;0;0;0
performanz;regulation;True;2025-09-25;2025-09-25;98;99;151;152;2.1524916087874;2.3556487699433;0.2031571611559002;1;1;False;3.7834187822736;4.8061660753965;1.0227472931229;0;0;0;0
regulation;kognition;True;2025-09-25;2025-09-25;99;100;152;153;2.3556487699433;1.8346726067272;-0.5209761632161003;1;1;False;4.8061660753965;3.2578547618;-1.5483113135964999;0;0;0;0
kognition;performanz;True;2025-09-25;2025-09-25;100;101;153;154;1.8346726067272;1.7816761805797;-0.0529964261475;1;1;False;3.2578547618;3.5517580419398;0.29390328013980005;0;1;0;1
performanz;kognition;True;2025-09-25;2025-10-02;101;89;154;142;1.7816761805797;1.8767956837469;0.09511950316720008;1;1;False;3.5517580419398;3.644316435302;0.09255839336220006;1;1;1;1
kognition;kognition;False;2025-10-02;2025-10-02;89;90;142;143;1.8767956837469;2.087175008948;0.21037932520109992;1;1;False;3.644316435302;3.8486190862208;0.20430265091879996;1;1;1;1
kognition;kognition;False;2025-10-02;2025-10-02;90;91;143;144;2.087175008948;1.9983364398439;-0.08883856910409982;1;1;False;3.8486190862208;3.73654460792;-0.11207447830080008;1;1;1;1
kognition;kognition;False;2025-10-02;2025-10-02;91;92;144;145;1.9983364398439;1.9139438836563;-0.0843925561876;1;1;False;3.73654460792;2.4657383172752;-1.2708062906448;1;1;1;1
kognition;kognition;False;2025-10-02;2025-10-23;92;80;145;133;1.9139438836563;2.2414953024427;0.3275514187863997;1;1;False;2.4657383172752;4.7653905687971;2.2996522515219002;1;1;1;1
kognition;kognition;False;2025-10-23;2025-10-23;80;81;133;134;2.2414953024427;2.2375701027702;-0.003925199672499602;1;1;False;4.7653905687971;4.04857516276;-0.7168154060371004;1;0;1;0
kognition;performanz;True;2025-10-23;2025-10-23;81;82;134;135;2.2375701027702;1.7816761805797;-0.4558939221905003;1;1;False;4.04857516276;3.5517580419398;-0.4968171208201997;0;1;0;1
performanz;motivation;True;2025-10-23;2025-10-23;82;83;135;136;1.7816761805797;1.2459236375843;-0.5357525429954;1;1;False;3.5517580419398;1.9935420942378;-1.5582159477020001;1;4;1;1
motivation;performanz;True;2025-10-23;2025-10-30;83;72;136;123;1.2459236375843;1.5566689652548;0.3107453276705001;1;1;False;1.9935420942378;2.5067581730363;0.5132160787985001;4;1;1;1
performanz;performanz;False;2025-10-30;2025-10-30;72;73;123;124;1.5566689652548;1.7507822794422;0.19411331418740008;1;1;False;2.5067581730363;3.5816981353789;1.0749399623426;1;1;1;1
performanz;kognition;True;2025-10-30;2025-10-30;73;74;124;125;1.7507822794422;2.2737656651341;0.5229833856918997;1;1;False;3.5816981353789;4.1458837301014;0.5641855947225003;1;1;1;1
kognition;regulation;True;2025-10-30;2025-11-06;74;64;125;115;2.2737656651341;1.7810357015046;-0.4927299636294997;1;1;False;4.1458837301014;3.5846603474751;-0.5612233826263;1;0;1;0
regulation;kognition;True;2025-11-06;2025-11-06;64;65;115;116;1.7810357015046;2.5185769006605;0.7375411991558998;1;1;False;3.5846603474751;4.2184095375211;0.6337491900459997;0;1;0;1
kognition;regulation;True;2025-11-06;2025-11-06;65;66;116;117;2.5185769006605;1.539769585776;-0.9788073148844998;1;1;False;4.2184095375211;2.8957199704337;-1.3226895670873997;1;0;1;0
regulation;performanz;True;2025-11-06;2025-11-06;66;67;117;118;1.539769585776;1.9111802555909;0.3714106698149;1;1;False;2.8957199704337;3.117768540124;0.22204856969029985;0;1;0;1
performanz;kognition;True;2025-11-06;2025-11-13;67;1053;118;1613;1.9111802555909;2.2414953024427;0.3303150468517997;1;1;False;3.117768540124;4.7653905687971;1.6476220286731;1;1;1;1
kognition;performanz;True;2025-11-13;2025-11-13;1053;1054;1613;1614;2.2414953024427;1.5787926947118;-0.6627026077308997;1;1;False;4.7653905687971;2.9265661869219;-1.8388243818752001;1;1;1;1
performanz;performanz;False;2025-11-13;2025-11-13;1054;1055;1614;1615;1.5787926947118;2.06132346452;0.4825307698082;1;1;False;2.9265661869219;3.8092753542734;0.8827091673515;1;0;1;0
performanz;performanz;False;2025-11-13;2025-11-13;1055;1056;1615;1616;2.06132346452;1.908251777238;-0.15307168728199994;1;1;False;3.8092753542734;2.9201146689021;-0.8891606853713001;0;1;0;1
performanz;motivation;True;2025-11-13;2025-11-13;1056;1057;1616;1617;1.908251777238;0.85188551646247;-1.0563662607755302;1;1;False;2.9201146689021;1.5890209998845;-1.3310936690175998;1;0;1;0
motivation;regulation;True;2025-11-13;2025-11-20;1057;1049;1617;1609;0.85188551646247;1.7810357015046;0.9291501850421301;1;1;False;1.5890209998845;3.5846603474751;1.9956393475906002;0;0;0;0
regulation;kognition;True;2025-11-20;2025-11-20;1049;1050;1609;1610;1.7810357015046;2.5684402293092;0.7874045278045998;1;1;False;3.5846603474751;4.7203348418297;1.1356744943546002;0;0;0;0
kognition;kognition;False;2025-11-20;2025-11-20;1050;1051;1610;1611;2.5684402293092;1.6566860222492;-0.91175420706;1;1;False;4.7203348418297;2.4618609597996;-2.2584738820301005;0;0;0;0
kognition;kognition;False;2025-11-20;2025-11-20;1051;1052;1611;1612;1.6566860222492;1.5921009565853;-0.06458506566389999;1;1;False;2.4618609597996;3.2676087905419;0.8057478307423;0;0;0;0
kognition;kognition;False;2025-11-20;2025-11-27;1052;1040;1612;1600;1.5921009565853;2.3289522253193;0.7368512687339999;1;1;False;3.2676087905419;4.3258647160129;1.0582559254709998;0;1;0;1
kognition;kognition;False;2025-11-27;2025-11-27;1040;1041;1600;1601;2.3289522253193;2.2375701027702;-0.09138212254909961;1;1;False;4.3258647160129;4.04857516276;-0.27728955325290006;1;0;1;0
kognition;regulation;True;2025-11-27;2025-11-27;1041;1042;1601;1602;2.2375701027702;2.3358286965014;0.09825859373119972;1;1;False;4.04857516276;4.766014081322;0.7174389185620003;0;0;0;0
regulation;kognition;True;2025-11-27;2025-11-27;1042;1043;1602;1603;2.3358286965014;1.7353345284312;-0.6004941680701998;1;1;False;4.766014081322;2.9900649591247;-1.7759491221973;0;0;0;0
kognition;performanz;True;2025-11-27;2025-12-04;1043;1031;1603;1591;1.7353345284312;1.6203139294579;-0.11502059897329997;1;1;False;2.9900649591247;2.8371568730149;-0.15290808610979978;0;0;0;0
performanz;performanz;False;2025-12-04;2025-12-04;1031;1032;1591;1592;1.6203139294579;2.1257565680491;0.5054426385912001;1;1;False;2.8371568730149;3.3833631186319;0.5462062456169998;0;1;0;1
performanz;kognition;True;2025-12-04;2025-12-04;1032;1033;1592;1593;2.1257565680491;1.8346238946577;-0.29113267339140014;1;1;False;3.3833631186319;3.050519966414;-0.33284315221790006;1;0;1;0
kognition;performanz;True;2025-12-04;2025-12-04;1033;1034;1593;1594;1.8346238946577;1.6859498552702;-0.14867403938750012;1;1;False;3.050519966414;2.8674352088813;-0.1830847575326997;0;0;0;0
performanz;performanz;False;2025-12-04;2026-01-15;1034;1008;1594;1568;1.6859498552702;1.9531896505829;0.26723979531270015;1;1;False;2.8674352088813;3.2870701844949;0.41963497561359997;0;0;0;0
performanz;performanz;False;2026-01-15;2026-01-15;1008;1009;1568;1569;1.9531896505829;1.8146533005108;-0.13853635007209997;1;1;False;3.2870701844949;2.9011619883243;-0.38590819617060035;0;0;0;0
performanz;regulation;True;2026-01-15;2026-01-15;1009;1010;1569;1570;1.8146533005108;2.313833831872;0.4991805313611999;1;1;False;2.9011619883243;4.9946265310618;2.0934645427375003;0;1;0;1
regulation;performanz;True;2026-01-15;2026-01-15;1010;1011;1570;1571;2.313833831872;1.7576385021604;-0.5561953297116;1;1;False;4.9946265310618;3.4507597507663;-1.5438667802955002;1;0;1;0
kognition;regulation;True;2025-01-30;2025-02-06;2756;2754;3507;3503;2.1063936922436;0.69295973748828;-1.41343395475532;1;1;False;4.1556781897009;1.1580677294205;-2.9976104602804003;0;0;0;0
regulation;motivation;True;2025-02-06;2025-02-20;2754;2753;3503;3498;0.69295973748828;2.477326279731;1.78436654224272;1;1;False;1.1580677294205;4.2794722999141;3.1214045704936;0;2;0;1
motivation;kognition;True;2025-02-20;2025-04-03;2753;2752;3498;3485;2.477326279731;0.811;-1.666326279731;1;1;False;4.2794722999141;0.99141868047763;-3.28805361943647;2;0;1;0
kognition;kognition;False;2025-04-03;2025-08-28;2752;2748;3485;3458;0.811;1.919667488646;1.1086674886459997;1;1;False;0.99141868047763;3.1988921097457;2.2074734292680698;0;0;0;0
kognition;motivation;True;2025-08-28;2025-08-28;2748;2749;3458;3459;1.919667488646;2.0519663720169;0.13229888337090023;1;1;False;3.1988921097457;4.2418067613595;1.0429146516138004;0;1;0;1
motivation;kognition;True;2025-08-28;2025-08-28;2749;2750;3459;3460;2.0519663720169;1.7197401550854;-0.33222621693150023;1;1;False;4.2418067613595;2.6745080662689;-1.5672986950906003;1;0;1;0
kognition;performanz;True;2025-08-28;2025-09-04;2750;2738;3460;3448;1.7197401550854;1.4253665391979;-0.2943736158874999;1;1;False;2.6745080662689;2.8935343055325;0.2190262392636;0;0;0;0
performanz;kognition;True;2025-09-04;2025-09-04;2738;2739;3448;3449;1.4253665391979;2.2069589158005;0.7815923766026001;1;1;False;2.8935343055325;3.916840808544;1.0233065030114998;0;0;0;0
kognition;kognition;False;2025-09-04;2025-09-04;2739;2740;3449;3450;2.2069589158005;2.1820491743331;-0.024909741467399993;1;1;False;3.916840808544;4.4336617364237;0.5168209278796998;0;0;0;0
kognition;kognition;False;2025-09-04;2025-09-04;2740;2741;3450;3451;2.1820491743331;2.4241953523872;0.24214617805409988;1;1;False;4.4336617364237;3.6133900265862;-0.8202717098374999;0;0;0;0
kognition;kognition;False;2025-09-04;2025-09-04;2741;2742;3451;3452;2.4241953523872;2.087175008948;-0.33702034343920007;1;1;False;3.6133900265862;3.8486190862208;0.23522905963460028;0;1;0;1
kognition;kognition;False;2025-09-04;2025-09-11;2742;2733;3452;3442;2.087175008948;1.9138365334644;-0.17333847548359982;1;1;False;3.8486190862208;3.2342344427424;-0.6143846434784002;1;2;1;1
kognition;kognition;False;2025-09-11;2025-09-11;2733;2734;3442;3443;1.9138365334644;2.4503618349918;0.5365253015274001;1;1;False;3.2342344427424;3.8454915842306;0.6112571414882;2;1;1;1
kognition;regulation;True;2025-09-11;2025-09-11;2734;2735;3443;3444;2.4503618349918;-1.1929257382862;-3.643287573278;1;-1;True;3.8454915842306;2.0618806987405;-1.7836108854900998;1;0;1;0
regulation;regulation;False;2025-09-11;2025-09-11;2735;2736;3444;3445;-1.1929257382862;1.9411488061702;3.1340745444564;-1;1;True;2.0618806987405;3.6709941375368;1.6091134387963;0;1;0;1
regulation;kognition;True;2025-09-11;2025-09-11;2736;2737;3445;3446;1.9411488061702;1.497714368025;-0.4434344381452;1;1;False;3.6709941375368;2.4666707187762;-1.2043234187606;1;1;1;1
kognition;kognition;False;2025-09-11;2025-09-18;2737;2723;3446;3432;1.497714368025;2.4207499997062;0.9230356316811998;1;1;False;2.4666707187762;4.8013363108794;2.3346655921031996;1;1;1;1
kognition;kognition;False;2025-09-18;2025-09-18;2723;2724;3432;3433;2.4207499997062;2.6141570382954;0.19340703858919994;1;1;False;4.8013363108794;4.7509591241489;-0.050377186730499623;1;0;1;0
kognition;regulation;True;2025-09-18;2025-09-18;2724;2725;3433;3434;2.6141570382954;-1.1929257382862;-3.8070827765815998;1;-1;True;4.7509591241489;2.0618806987405;-2.6890784254084;0;0;0;0
regulation;kognition;True;2025-09-18;2025-09-18;2725;2726;3434;3435;-1.1929257382862;1.8515721846579;3.0444979229441;-1;1;True;2.0618806987405;3.1492118583832;1.0873311596426998;0;1;0;1
kognition;performanz;True;2025-09-18;2025-09-18;2726;2727;3435;3436;1.8515721846579;1.1747864893517;-0.6767856953062001;1;1;False;3.1492118583832;2.2665231128549;-0.8826887455282999;1;2;1;1
performanz;performanz;False;2025-09-18;2025-09-25;2727;2713;3436;3422;1.1747864893517;1.7146760432305;0.5398895538788;1;1;False;2.2665231128549;3.3685945007785;1.1020713879236;2;1;1;1
performanz;kognition;True;2025-09-25;2025-09-25;2713;2714;3422;3423;1.7146760432305;2.189211103481;0.4745350602505001;1;1;False;3.3685945007785;4.4107099279058;1.0421154271273;1;0;1;0
kognition;kognition;False;2025-09-25;2025-09-25;2714;2715;3423;3424;2.189211103481;2.1618147661197;-0.027396337361300205;1;1;False;4.4107099279058;3.4205843904462;-0.9901255374595999;0;0;0;0
kognition;motivation;True;2025-09-25;2025-09-25;2715;2716;3424;3425;2.1618147661197;0.292;-1.8698147661196998;1;1;False;3.4205843904462;0.47720959755646;-2.94337479288974;0;0;0;0
motivation;kognition;True;2025-09-25;2025-09-25;2716;2717;3425;3426;0.292;2.1046227351488;1.8126227351488;1;1;False;0.47720959755646;3.4246644235568;2.9474548260003397;0;1;0;1
kognition;performanz;True;2025-09-25;2025-10-02;2717;2702;3426;3411;2.1046227351488;1.5072340371522;-0.5973886979966001;1;1;False;3.4246644235568;3.0906410220045;-0.3340234015522996;1;2;1;1
performanz;kognition;True;2025-10-02;2025-10-02;2702;2703;3411;3412;1.5072340371522;2.0948512713766;0.5876172342244002;1;1;False;3.0906410220045;3.7884548804964;0.6978138584918998;2;2;1;1
kognition;performanz;True;2025-10-02;2025-10-02;2703;2704;3412;3413;2.0948512713766;1.7212648120425;-0.37358645933410006;1;1;False;3.7884548804964;3.276288313951;-0.5121665665454;2;2;1;1
performanz;performanz;False;2025-10-02;2025-10-02;2704;2705;3413;3414;1.7212648120425;2.260374675858;0.5391098638154999;1;1;False;3.276288313951;4.5339414150742;1.2576531011232004;2;1;1;1
performanz;kognition;True;2025-10-02;2025-10-02;2705;2706;3414;3415;2.260374675858;2.0386456472603;-0.22172902859770005;1;1;False;4.5339414150742;3.7892050143531;-0.7447364007211004;1;2;1;1
kognition;regulation;True;2025-10-02;2025-10-23;2706;2693;3415;3402;2.0386456472603;1.8032788774168;-0.2353667698434998;1;1;False;3.7892050143531;3.5638921463643;-0.22531286798880013;2;2;1;1
regulation;kognition;True;2025-10-23;2025-10-23;2693;2694;3402;3403;1.8032788774168;2.5676948589789;0.7644159815620999;1;1;False;3.5638921463643;4.8411068993645;1.2772147530002003;2;0;1;0
kognition;kognition;False;2025-10-23;2025-10-23;2694;2695;3403;3404;2.5676948589789;2.2147698359634;-0.3529250230155001;1;1;False;4.8411068993645;4.5051999610504;-0.3359069383140998;0;0;0;0
kognition;kognition;False;2025-10-23;2025-10-23;2695;2696;3404;3405;2.2147698359634;2.1618147661197;-0.05295506984370002;1;1;False;4.5051999610504;3.4205843904462;-1.0846155706042002;0;0;0;0
kognition;kognition;False;2025-10-23;2025-10-23;2696;2697;3405;3406;2.1618147661197;2.2741683893754;0.11235362325570009;1;1;False;3.4205843904462;4.4226026497114;1.0020182592651996;0;0;0;0
kognition;performanz;True;2025-10-23;2025-10-30;2697;2682;3406;3391;2.2741683893754;1.0546278376074;-1.2195405517679998;1;1;False;4.4226026497114;2.0383290573272;-2.3842735923842;0;0;0;0
performanz;performanz;False;2025-10-30;2025-10-30;2682;2683;3391;3392;1.0546278376074;-1.7781209396438;-2.8327487772512;1;-1;True;2.0383290573272;2.9238561433447;0.8855270860175;0;0;0;0
performanz;performanz;False;2025-10-30;2025-10-30;2683;2684;3392;3393;-1.7781209396438;1.7576385021604;3.5357594418042;-1;1;True;2.9238561433447;3.4507597507663;0.5269036074216;0;0;0;0
performanz;kognition;True;2025-10-30;2025-10-30;2684;2685;3393;3394;1.7576385021604;1.884870137549;0.12723163538860005;1;1;False;3.4507597507663;3.6334044341863;0.18264468341999995;0;2;0;1
kognition;kognition;False;2025-10-30;2025-10-30;2685;2686;3394;3395;1.884870137549;1.8888915756821;0.004021438133100075;1;1;False;3.6334044341863;3.3233958757153;-0.31000855847099995;2;2;1;1
kognition;performanz;True;2025-10-30;2025-11-06;2686;2672;3395;3381;1.8888915756821;1.5072340371522;-0.38165753852990014;1;1;False;3.3233958757153;3.0906410220045;-0.23275485371079974;2;2;1;1
performanz;kognition;True;2025-11-06;2025-11-06;2672;2673;3381;3382;1.5072340371522;2.6141570382954;1.1069230011431999;1;1;False;3.0906410220045;4.7509591241489;1.6603181021443998;2;0;1;0
kognition;methodik;True;2025-11-06;2025-11-06;2673;2674;3382;3383;2.6141570382954;2.1006963532816;-0.5134606850137997;1;1;False;4.7509591241489;4.0258121877764;-0.7251469363725;0;0;0;0
methodik;kognition;True;2025-11-06;2025-11-06;2674;2675;3383;3384;2.1006963532816;1.7810481523429;-0.31964820093870006;1;1;False;4.0258121877764;3.4485985759833;-0.5772136117930997;0;1;0;1
kognition;motivation;True;2025-11-06;2025-11-06;2675;2676;3384;3385;1.7810481523429;1.1646065491769;-0.616441603166;1;1;False;3.4485985759833;2.3654242772316;-1.0831742987517003;1;4;1;1
motivation;kognition;True;2025-11-06;2025-11-13;2676;2668;3385;3377;1.1646065491769;1.9447651791729;0.7801586299959999;1;1;False;2.3654242772316;3.3466330496577;0.9812087724261;4;2;1;1
kognition;performanz;True;2025-11-13;2025-11-13;2668;2669;3377;3378;1.9447651791729;1.4780206620485;-0.4667445171244;1;1;False;3.3466330496577;3.1813676431278;-0.16526540652989974;2;0;1;0
performanz;kognition;True;2025-11-13;2025-11-13;2669;2670;3378;3379;1.4780206620485;2.0386456472603;0.5606249852117999;1;1;False;3.1813676431278;3.7892050143531;0.6078373712252998;0;2;0;1
kognition;performanz;True;2025-11-13;2025-11-13;2670;2671;3379;3380;2.0386456472603;1.8049843709444;-0.23366127631589984;1;1;False;3.7892050143531;3.2797650376075;-0.5094399767455999;2;1;1;1
performanz;performanz;False;2025-11-13;2025-11-20;2671;2660;3380;3368;1.8049843709444;1.5072340371522;-0.29775033379220006;1;1;False;3.2797650376075;3.0906410220045;-0.18912401560299985;1;2;1;1
performanz;kognition;True;2025-11-20;2025-11-20;2660;2661;3368;3369;1.5072340371522;1.8346726067272;0.32743856957499995;1;1;False;3.0906410220045;3.2578547618;0.1672137397954998;2;0;1;0
kognition;performanz;True;2025-11-20;2025-11-20;2661;2662;3369;3371;1.8346726067272;1.6514653847318;-0.18320722199539996;1;1;False;3.2578547618;3.1819690767104;-0.07588568508960014;0;0;0;0
performanz;performanz;False;2025-11-20;2025-11-20;2662;2663;3371;3372;1.6514653847318;1.248509775387;-0.4029556093447999;1;1;False;3.1819690767104;2.2668578884517;-0.9151111882586997;0;2;0;1
performanz;kognition;True;2025-11-20;2025-12-04;2663;2645;3372;3353;1.248509775387;1.7348832013882;0.48637342600120004;1;1;False;2.2668578884517;3.586103254132;1.3192453656802998;2;1;1;1
kognition;regulation;True;2025-12-04;2025-12-04;2645;2646;3353;3354;1.7348832013882;1.4239005001997;-0.3109827011885;1;1;False;3.586103254132;2.191058309294;-1.3950449448379998;1;1;1;1
regulation;motivation;True;2025-12-04;2025-12-04;2646;2647;3354;3355;1.4239005001997;1.8221612265061;0.39826072630639997;1;1;False;2.191058309294;3.8471321766507;1.6560738673567;1;0;1;0
motivation;regulation;True;2025-12-04;2025-12-04;2647;2648;3355;3356;1.8221612265061;1.539769585776;-0.2823916407300999;1;1;False;3.8471321766507;2.8957199704337;-0.9514122062169998;0;2;0;1
regulation;kognition;True;2025-12-04;2025-12-04;2648;2649;3356;3357;1.539769585776;1.5562227666131;0.016453180837100012;1;1;False;2.8957199704337;2.4841524395122;-0.41156753092150034;2;2;1;1
kognition;kognition;False;2025-12-04;2025-12-11;2649;2635;3357;3343;1.5562227666131;2.0164952679339;0.4602725013207998;1;1;False;2.4841524395122;3.535433115609;1.0512806760968;2;1;1;1
kognition;kognition;False;2025-12-11;2025-12-11;2635;2636;3343;3344;2.0164952679339;2.3459293201978;0.3294340522639003;1;1;False;3.535433115609;3.9453024964552;0.40986938084619995;1;1;1;1
kognition;motivation;True;2025-12-11;2025-12-11;2636;2637;3344;3345;2.3459293201978;0.69981913800531;-1.6461101821924902;1;1;False;3.9453024964552;1.3025838667872;-2.642718629668;1;1;1;1
motivation;regulation;True;2025-12-11;2025-12-11;2637;2638;3345;3346;0.69981913800531;1.539769585776;0.8399504477706901;1;1;False;1.3025838667872;2.8957199704337;1.5931361036465002;1;2;1;1
regulation;motivation;True;2025-12-11;2025-12-11;2638;2639;3346;3347;1.539769585776;1.3731526696862;-0.16661691608980012;1;1;False;2.8957199704337;2.5027427502368;-0.3929772201969004;2;0;1;0
motivation;performanz;True;2025-12-11;2026-01-15;2639;2602;3347;3310;1.3731526696862;2.0870902816588;0.7139376119726002;1;1;False;2.5027427502368;4.4145152628884;1.9117725126515999;0;1;0;1
performanz;kognition;True;2026-01-15;2026-01-15;2602;2603;3310;3311;2.0870902816588;1.6572392084879;-0.4298510731709002;1;1;False;4.4145152628884;2.7485111833519;-1.6660040795364996;1;1;1;1
kognition;kognition;False;2026-01-15;2026-01-15;2603;2604;3311;3312;1.6572392084879;1.9163287574076;0.25908954891970004;1;1;False;2.7485111833519;3.4981448019098;0.7496336185578998;1;2;1;1
kognition;kognition;False;2026-01-15;2026-01-15;2604;2605;3312;3313;1.9163287574076;1.7210596468562;-0.19526911055139995;1;1;False;3.4981448019098;3.2680013090368;-0.23014349287299973;2;0;1;0
kognition;performanz;True;2026-01-15;2026-01-29;2605;2588;3313;3296;1.7210596468562;0.874;-0.8470596468562;1;1;False;3.2680013090368;1.7259800114717;-1.5420212975651;0;1;0;1
performanz;kognition;True;2026-01-29;2026-01-29;2588;2589;3296;3297;0.874;1.6291639737569;0.7551639737568999;1;1;False;1.7259800114717;2.6011908708907;0.8752108594189998;1;1;1;1
kognition;regulation;True;2026-01-29;2026-01-29;2589;2590;3297;3298;1.6291639737569;2.0107729389583;0.38160896520139986;1;1;False;2.6011908708907;4.1826548987587;1.5814640278679999;1;2;1;1
regulation;performanz;True;2026-01-29;2026-01-29;2590;2591;3298;3299;2.0107729389583;1.7576385021604;-0.2531344367978998;1;1;False;4.1826548987587;3.4507597507663;-0.7318951479923999;2;0;1;0
performanz;regulation;True;2026-01-29;2026-01-29;2591;2592;3299;3300;1.7576385021604;2.5051943093294;0.7475558071689998;1;1;False;3.4507597507663;4.9669401934215;1.5161804426552004;0;0;0;0
kognition;performanz;True;2025-08-28;2025-08-28;2577;2578;3276;3277;2.5299323006465;1.8608741963844;-0.6690581042621002;1;1;False;4.4248015064122;3.0556171049096;-1.3691844015025998;0;0;0;0
performanz;kognition;True;2025-08-28;2025-08-28;2578;2579;3277;3278;1.8608741963844;1.9788076577981;0.11793346141369998;1;1;False;3.0556171049096;3.9084723722527;0.8528552673431;0;2;0;1
kognition;kognition;False;2025-08-28;2025-08-28;2579;2580;3278;3279;1.9788076577981;2.1107934644134;0.1319858066152999;1;1;False;3.9084723722527;3.6856067041269;-0.2228656681258001;2;1;1;1
kognition;motivation;True;2025-08-28;2025-08-28;2580;2581;3279;3280;2.1107934644134;0.69981913800531;-1.4109743264080898;1;1;False;3.6856067041269;1.3025838667872;-2.3830228373396998;1;1;1;1
motivation;regulation;True;2025-08-28;2025-09-04;2581;2569;3280;3268;0.69981913800531;1.7810357015046;1.08121656349929;1;1;False;1.3025838667872;3.5846603474751;2.2820764806879;1;0;1;0
regulation;performanz;True;2025-09-04;2025-09-04;2569;2570;3268;3269;1.7810357015046;-1.7781209396438;-3.5591566411484;1;-1;True;3.5846603474751;2.9238561433447;-0.6608042041304003;0;0;0;0
performanz;performanz;False;2025-09-04;2025-09-04;2570;2571;3269;3270;-1.7781209396438;1.6514653847318;3.4295863243755997;-1;1;True;2.9238561433447;3.1819690767104;0.25811293336569996;0;0;0;0
performanz;kognition;True;2025-09-04;2025-09-04;2571;2572;3270;3271;1.6514653847318;2.1107934644134;0.45932807968159994;1;1;False;3.1819690767104;3.6856067041269;0.5036376274165;0;1;0;1
kognition;motivation;True;2025-09-04;2025-09-04;2572;2573;3271;3272;2.1107934644134;1.5369106333891;-0.5738828310242998;1;1;False;3.6856067041269;3.0257381219646;-0.6598685821623;1;0;1;0
motivation;performanz;True;2025-09-04;2025-09-11;2573;2559;3272;3258;1.5369106333891;1.4253665391979;-0.11154409419120004;1;1;False;3.0257381219646;2.8935343055325;-0.13220381643209977;0;0;0;0
performanz;kognition;True;2025-09-11;2025-09-11;2559;2560;3258;3259;1.4253665391979;1.752927244018;0.3275607048200999;1;1;False;2.8935343055325;3.2645506643148;0.3710163587822999;0;0;0;0
kognition;kognition;False;2025-09-11;2025-09-11;2560;2561;3259;3260;1.752927244018;2.1820491743331;0.42912193031510015;1;1;False;3.2645506643148;4.4336617364237;1.1691110721088998;0;0;0;0
kognition;kognition;False;2025-09-11;2025-09-11;2561;2562;3260;3261;2.1820491743331;0.6297819547903;-1.5522672195428;1;1;False;4.4336617364237;1.113032525307;-3.3206292111166995;0;2;0;1
kognition;performanz;True;2025-09-11;2025-09-11;2562;2563;3261;3262;0.6297819547903;1.8144280300528;1.1846460752625;1;1;False;1.113032525307;3.648548811648;2.535516286341;2;0;1;0
performanz;kognition;True;2025-09-11;2025-09-25;2563;2544;3262;3243;1.8144280300528;2.3289522253193;0.5145241952664998;1;1;False;3.648548811648;4.3258647160129;0.6773159043649;0;1;0;1
kognition;motivation;True;2025-09-25;2025-09-25;2544;2545;3243;3244;2.3289522253193;1.376852504409;-0.9520997209102997;1;1;False;4.3258647160129;2.4862506965683;-1.8396140194445998;1;0;1;0
motivation;performanz;True;2025-09-25;2025-09-25;2545;2546;3244;3245;1.376852504409;1.8490362237485;0.4721837193395;1;1;False;2.4862506965683;3.7094848636328;1.2232341670645002;0;0;0;0
performanz;motivation;True;2025-09-25;2025-09-25;2546;2547;3245;3246;1.8490362237485;1.1646065491769;-0.6844296745716001;1;1;False;3.7094848636328;2.3654242772316;-1.3440605864012003;0;4;0;1
motivation;methodik;True;2025-09-25;2025-09-25;2547;2548;3246;3247;1.1646065491769;1.9207781227253;0.7561715735484;1;1;False;2.3654242772316;3.6468173346965;1.2813930574649;4;2;1;1
methodik;performanz;True;2025-09-25;2025-10-02;2548;2536;3247;3234;1.9207781227253;1.0546278376074;-0.8661502851178999;1;1;False;3.6468173346965;2.0383290573272;-1.6084882773693;2;0;1;0
performanz;kognition;True;2025-10-02;2025-10-02;2536;2537;3234;3235;1.0546278376074;2.2069589158005;1.1523310781931;1;1;False;2.0383290573272;3.916840808544;1.8785117512168;0;0;0;0
kognition;kognition;False;2025-10-02;2025-10-02;2537;2538;3235;3236;2.2069589158005;1.8497956426329;-0.3571632731676;1;1;False;3.916840808544;2.9898402914902;-0.9270005170537998;0;1;0;1
kognition;performanz;True;2025-10-02;2025-10-02;2538;2539;3236;3238;1.8497956426329;1.7816761805797;-0.06811946205320019;1;1;False;2.9898402914902;3.5517580419398;0.5619177504496;1;1;1;1
performanz;regulation;True;2025-10-02;2025-10-23;2539;2522;3238;3220;1.7816761805797;1.8743802397078;0.09270405912810009;1;1;False;3.5517580419398;3.9112024651601;0.3594444232203;1;2;1;1
regulation;kognition;True;2025-10-23;2025-10-23;2522;2523;3220;3221;1.8743802397078;2.200270088071;0.3258898483632;1;1;False;3.9112024651601;4.1990309356057;0.2878284704456;2;0;1;0
kognition;kognition;False;2025-10-23;2025-10-23;2523;2524;3221;3222;2.200270088071;2.1046227351488;-0.09564735292219995;1;1;False;4.1990309356057;3.4246644235568;-0.7743665120489003;0;1;0;1
kognition;methodik;True;2025-10-23;2025-10-23;2524;2525;3222;3223;2.1046227351488;2.0353585414423;-0.06926419370650017;1;1;False;3.4246644235568;4.1877424962358;0.7630780726790003;1;0;1;0
methodik;kognition;True;2025-10-23;2025-10-23;2525;2526;3223;3224;2.0353585414423;1.7197401550854;-0.3156183863569;1;1;False;4.1877424962358;2.6745080662689;-1.5132344299669;0;0;0;0
kognition;performanz;True;2025-10-23;2025-10-30;2526;2513;3224;3211;1.7197401550854;2.0870902816588;0.36735012657340027;1;1;False;2.6745080662689;4.4145152628884;1.7400071966194997;0;1;0;1
performanz;kognition;True;2025-10-30;2025-10-30;2513;2514;3211;3212;2.0870902816588;2.1688746734496;0.08178439179079966;1;1;False;4.4145152628884;3.1172442691244;-1.2972709937639997;1;0;1;0
kognition;performanz;True;2025-10-30;2025-10-30;2514;2515;3212;3213;2.1688746734496;1.7576385021604;-0.41123617128919987;1;1;False;3.1172442691244;3.4507597507663;0.3335154816418999;0;0;0;0
performanz;motivation;True;2025-10-30;2025-10-30;2515;2516;3213;3214;1.7576385021604;1.2623925324906;-0.49524596966979995;1;1;False;3.4507597507663;2.6261746889041;-0.8245850618621997;0;0;0;0
motivation;performanz;True;2025-10-30;2025-11-06;2516;2503;3214;3201;1.2623925324906;2.1834193470863;0.9210268145956999;1;1;False;2.6261746889041;4.7272578340427;2.1010831451385994;0;1;0;1
performanz;kognition;True;2025-11-06;2025-11-06;2503;2504;3201;3202;2.1834193470863;2.1118789605959;-0.07154038649039984;1;1;False;4.7272578340427;3.9754603937968;-0.7517974402458996;1;0;1;0
kognition;kognition;False;2025-11-06;2025-11-06;2504;2505;3202;3203;2.1118789605959;1.9788076577981;-0.1330713027978001;1;1;False;3.9754603937968;3.9084723722527;-0.06698802154410011;0;2;0;1
kognition;performanz;True;2025-11-06;2025-11-06;2505;2506;3203;3204;1.9788076577981;1.5410807252831;-0.43772693251499994;1;1;False;3.9084723722527;3.2610617527124;-0.6474106195402998;2;1;1;1
performanz;kognition;True;2025-11-06;2025-11-06;2506;2507;3204;3205;1.5410807252831;1.9983364398439;0.45725571456080005;1;1;False;3.2610617527124;3.4475065704142;0.18644481770179988;1;0;1;0
kognition;kognition;False;2025-11-06;2025-11-13;2507;2493;3205;3191;1.9983364398439;1.9447651791729;-0.053571260671000154;1;1;False;3.4475065704142;3.3466330496577;-0.10087352075650013;0;2;0;1
kognition;performanz;True;2025-11-13;2025-11-13;2493;2494;3191;3192;1.9447651791729;-1.7781209396438;-3.7228861188167;1;-1;True;3.3466330496577;2.9238561433447;-0.422776906313;2;0;1;0
performanz;regulation;True;2025-11-13;2025-11-13;2494;2495;3192;3193;-1.7781209396438;1.539769585776;3.3178905254198003;-1;1;True;2.9238561433447;2.8957199704337;-0.02813617291099968;0;0;0;0
regulation;kognition;True;2025-11-13;2025-11-13;2495;2496;3193;3194;1.539769585776;2.0461096300162;0.5063400442402;1;1;False;2.8957199704337;3.8838793061339;0.9881593357001996;0;1;0;1
kognition;kognition;False;2025-11-13;2025-11-13;2496;2497;3194;3195;2.0461096300162;2.1820491743331;0.13593954431690003;1;1;False;3.8838793061339;4.4336617364237;0.5497824302897998;1;0;1;0
kognition;motivation;True;2025-11-13;2025-11-27;2497;2483;3195;3181;2.1820491743331;1.2951057303566;-0.8869434439765;1;1;False;4.4336617364237;2.3852489463375;-2.0484127900861995;0;1;0;1
motivation;kognition;True;2025-11-27;2025-11-27;2483;2484;3181;3182;1.2951057303566;2.7431027601632;1.4479970298065998;1;1;False;2.3852489463375;4.4247995695105;2.039550623173;1;0;1;0
kognition;kognition;False;2025-11-27;2025-11-27;2484;2485;3182;3183;2.7431027601632;1.7353345284312;-1.0077682317319998;1;1;False;4.4247995695105;2.9900649591247;-1.4347346103858003;0;0;0;0
kognition;regulation;True;2025-11-27;2025-11-27;2485;2486;3183;3184;1.7353345284312;1.6521674795534;-0.08316704887780002;1;1;False;2.9900649591247;3.5054604059233;0.5153954467986002;0;2;0;1
regulation;kognition;True;2025-11-27;2025-11-27;2486;2487;3184;3185;1.6521674795534;1.7822209932404;0.13005351368700002;1;1;False;3.5054604059233;3.3908447253838;-0.1146156805395;2;1;1;1
kognition;kognition;False;2025-11-27;2025-12-04;2487;2473;3185;3171;1.7822209932404;2.1266007185707;0.34437972533030003;1;1;False;3.3908447253838;4.2434364120772;0.8525916866933998;1;0;1;0
kognition;kognition;False;2025-12-04;2025-12-04;2473;2474;3171;3172;2.1266007185707;2.011929137674;-0.11467158089670004;1;1;False;4.2434364120772;4.1616133039273;-0.08182310814989968;0;0;0;0
kognition;motivation;True;2025-12-04;2025-12-04;2474;2475;3172;3173;2.011929137674;2.2556815328026;0.2437523951285998;1;1;False;4.1616133039273;3.8951583485864;-0.26645495534090013;0;2;0;1
motivation;kognition;True;2025-12-04;2025-12-04;2475;2476;3173;3174;2.2556815328026;1.9163287574076;-0.33935277539499986;1;1;False;3.8951583485864;3.4981448019098;-0.39701354667660027;2;2;1;1
kognition;regulation;True;2025-12-04;2025-12-04;2476;2477;3174;3175;1.9163287574076;0.83995356903732;-1.07637518837028;1;1;False;3.4981448019098;1.2723766120734;-2.2257681898364;2;2;1;1
regulation;kognition;True;2025-12-04;2026-01-15;2477;2445;3175;3143;0.83995356903732;1.7348832013882;0.8949296323508801;1;1;False;1.2723766120734;3.586103254132;2.3137266420586;2;1;1;1
kognition;kognition;False;2026-01-15;2026-01-15;2445;2446;3143;3144;1.7348832013882;2.011929137674;0.2770459362858;1;1;False;3.586103254132;4.1616133039273;0.5755100497953003;1;0;1;0
kognition;kognition;False;2026-01-15;2026-01-15;2446;2447;3144;3145;2.011929137674;1.6694111387101;-0.3425179989639;1;1;False;4.1616133039273;3.175741530227;-0.9858717737003002;0;1;0;1
kognition;kognition;False;2026-01-15;2026-01-15;2447;2448;3145;3146;1.6694111387101;1.8702221947077;0.20081105599759996;1;1;False;3.175741530227;3.8832180547468;0.7074765245197998;1;2;1;1
kognition;kognition;False;2026-01-15;2026-01-15;2448;2449;3146;3147;1.8702221947077;1.6160311204744;-0.2541910742333;1;1;False;3.8832180547468;2.912978125167;-0.9702399295797997;2;0;1;0
kognition;performanz;True;2026-01-15;2026-01-29;2449;2431;3147;3129;1.6160311204744;1.0;-0.6160311204744;1;1;False;2.912978125167;1.6103819422733;-1.3025961828937003;0;1;0;1
performanz;performanz;False;2026-01-29;2026-01-29;2431;2432;3129;3130;1.0;1.6348496052309;0.6348496052309001;1;1;False;1.6103819422733;2.5891291552071;0.9787472129338;1;1;1;1
performanz;regulation;True;2026-01-29;2026-01-29;2432;2433;3130;3131;1.6348496052309;1.9207031699987;0.2858535647678;1;1;False;2.5891291552071;3.3702834346193;0.7811542794122;1;0;1;0
regulation;kognition;True;2026-01-29;2026-01-29;2433;2434;3131;3132;1.9207031699987;2.2209564799031;0.3002533099044;1;1;False;3.3702834346193;4.2332441001739;0.8629606655546005;0;0;0;0
kognition;regulation;True;2026-01-29;2026-01-29;2434;2435;3132;3133;2.2209564799031;1.9449987244184;-0.27595775548470014;1;1;False;4.2332441001739;3.8214492248625;-0.41179487531140024;0;0;0;0
kognition;methodik;True;2025-08-28;2025-08-28;3031;3032;3797;3798;1.9138365334644;1.3071304723696;-0.6067060610948001;1;1;False;3.2342344427424;2.3428052989296;-0.8914291438127999;2;0;1;0
methodik;regulation;True;2025-08-28;2025-08-28;3032;3033;3798;3799;1.3071304723696;1.4279047558095;0.12077428343989993;1;1;False;2.3428052989296;3.0240571504654;0.6812518515358001;0;2;0;1
regulation;kognition;True;2025-08-28;2025-08-28;3033;3034;3799;3800;1.4279047558095;0.4788;-0.9491047558094999;1;1;False;3.0240571504654;0.87330889831434;-2.15074825215106;2;2;1;1
kognition;motivation;True;2025-08-28;2025-08-28;3034;3035;3800;3801;0.4788;1.1120561318809;0.6332561318808999;1;1;False;0.87330889831434;2.143214142819;1.2699052445046601;2;1;1;1
motivation;performanz;True;2025-08-28;2025-09-04;3035;3026;3801;3792;1.1120561318809;2.1834193470863;1.0713632152054;1;1;False;2.143214142819;4.7272578340427;2.5840436912236995;1;1;1;1
performanz;kognition;True;2025-09-04;2025-09-04;3026;3027;3792;3793;2.1834193470863;2.0311230831007;-0.1522962639855998;1;1;False;4.7272578340427;3.8229300313861;-0.9043278026565997;1;0;1;0
kognition;kognition;False;2025-09-04;2025-09-04;3027;3028;3793;3794;2.0311230831007;2.2035645934457;0.1724415103450001;1;1;False;3.8229300313861;4.2358001921728;0.4128701607866998;0;0;0;0
kognition;regulation;True;2025-09-04;2025-09-04;3028;3029;3794;3795;2.2035645934457;1.9603476546835;-0.2432169387622003;1;1;False;4.2358001921728;4.105530115666;-0.13027007650679945;0;0;0;0
regulation;motivation;True;2025-09-04;2025-09-04;3029;3030;3795;3796;1.9603476546835;1.7915442913418;-0.16880336334169987;1;1;False;4.105530115666;3.3533597644884;-0.7521703511776003;0;0;0;0
motivation;motivation;False;2025-09-04;2025-09-11;3030;3021;3796;3787;1.7915442913418;1.6401735572884;-0.15137073405340007;1;1;False;3.3533597644884;2.8880375884253;-0.4653221760631001;0;1;0;1
motivation;kognition;True;2025-09-11;2025-09-11;3021;3022;3787;3788;1.6401735572884;1.8124059963247;0.17223243903629992;1;1;False;2.8880375884253;2.7008782028216;-0.18715938560369993;1;0;1;0
kognition;kognition;False;2025-09-11;2025-09-11;3022;3023;3788;3789;1.8124059963247;1.884870137549;0.07246414122430012;1;1;False;2.7008782028216;3.6334044341863;0.9325262313647;0;2;0;1
kognition;regulation;True;2025-09-11;2025-09-11;3023;3024;3789;3790;1.884870137549;1.539769585776;-0.3451005517729999;1;1;False;3.6334044341863;2.8957199704337;-0.7376844637525997;2;0;1;0
regulation;kognition;True;2025-09-11;2025-09-11;3024;3025;3790;3791;1.539769585776;2.4887495600728;0.9489799742967999;1;1;False;2.8957199704337;4.8458292980034;1.9501093275696997;0;1;0;1
kognition;kognition;False;2025-09-11;2025-09-18;3025;3017;3791;3783;2.4887495600728;2.1266007185707;-0.3621488415020999;1;1;False;4.8458292980034;4.2434364120772;-0.6023928859262;1;0;1;0
kognition;performanz;True;2025-09-18;2025-09-18;3017;3018;3783;3784;2.1266007185707;2.260374675858;0.1337739572872998;1;1;False;4.2434364120772;4.5339414150742;0.29050500299700044;0;1;0;1
performanz;motivation;True;2025-09-18;2025-09-18;3018;3019;3784;3785;2.260374675858;0.292;-1.9683746758579999;1;1;False;4.5339414150742;0.47720959755646;-4.056731817517741;1;0;1;0
motivation;motivation;False;2025-09-18;2025-09-18;3019;3020;3785;3786;0.292;1.7915442913418;1.4995442913418;1;1;False;0.47720959755646;3.3533597644884;2.87615016693194;0;0;0;0
motivation;kognition;True;2025-09-18;2025-09-25;3020;3012;3786;3778;1.7915442913418;2.078940017929;0.2873957265871998;1;1;False;3.3533597644884;3.0075822377954;-0.3457775266929999;0;1;0;1
kognition;kognition;False;2025-09-25;2025-09-25;3012;3013;3778;3779;2.078940017929;1.752927244018;-0.3260127739109999;1;1;False;3.0075822377954;3.2645506643148;0.2569684265193999;1;0;1;0
kognition;regulation;True;2025-09-25;2025-09-25;3013;3014;3779;3780;1.752927244018;1.9791706721549;0.22624342813690013;1;1;False;3.2645506643148;4.2157345291432;0.9511838648283999;0;0;0;0
regulation;kognition;True;2025-09-25;2025-09-25;3014;3015;3780;3781;1.9791706721549;2.4241953523872;0.4450246802322999;1;1;False;4.2157345291432;3.6133900265862;-0.602344502557;0;0;0;0
kognition;performanz;True;2025-09-25;2025-09-25;3015;3016;3781;3782;2.4241953523872;1.7576385021604;-0.6665568502268;1;1;False;3.6133900265862;3.4507597507663;-0.16263027581989986;0;0;0;0
performanz;kognition;True;2025-09-25;2025-10-02;3016;3007;3782;3773;1.7576385021604;1.919667488646;0.16202898648559994;1;1;False;3.4507597507663;3.1988921097457;-0.2518676410206;0;0;0;0
kognition;kognition;False;2025-10-02;2025-10-02;3007;3008;3773;3774;1.919667488646;1.8124059963247;-0.1072614923213;1;1;False;3.1988921097457;2.7008782028216;-0.4980139069241001;0;0;0;0
kognition;kognition;False;2025-10-02;2025-10-02;3008;3009;3774;3775;1.8124059963247;2.2009129520582;0.38850695573350014;1;1;False;2.7008782028216;3.5655874874173;0.8647092845957003;0;0;0;0
kognition;kognition;False;2025-10-02;2025-10-02;3009;3010;3775;3776;2.2009129520582;2.1908165769441;-0.010096375114100109;1;1;False;3.5655874874173;2.8268819818558;-0.7387055055615002;0;1;0;1
kognition;motivation;True;2025-10-02;2025-10-02;3010;3011;3776;3777;2.1908165769441;2.0818792519938;-0.10893732495030006;1;1;False;2.8268819818558;4.2766590717479;1.4497770898920996;1;0;1;0
motivation;regulation;True;2025-10-02;2025-10-23;3011;2996;3777;3762;2.0818792519938;2.2831943720438;0.2013151200500003;1;1;False;4.2766590717479;4.6221765003632;0.34551742861530066;0;1;0;1
regulation;kognition;True;2025-10-23;2025-10-23;2996;2997;3762;3763;2.2831943720438;2.2176040705498;-0.06559030149400025;1;1;False;4.6221765003632;4.1959607750546;-0.42621572530859986;1;1;1;1
kognition;kognition;False;2025-10-23;2025-10-23;2997;2998;3763;3764;2.2176040705498;1.9788076577981;-0.23879641275169994;1;1;False;4.1959607750546;3.9084723722527;-0.28748840280190047;1;2;1;1
kognition;kognition;False;2025-10-23;2025-10-30;2998;2992;3764;3757;1.9788076577981;2.2414953024427;0.2626876446445998;1;1;False;3.9084723722527;4.7653905687971;0.8569181965444002;2;1;1;1
kognition;kognition;False;2025-10-30;2025-10-30;2992;2993;3757;3758;2.2414953024427;2.2069589158005;-0.03453638664219971;1;1;False;4.7653905687971;3.916840808544;-0.8485497602531002;1;0;1;0
kognition;kognition;False;2025-10-30;2025-10-30;2993;2994;3758;3759;2.2069589158005;0.811;-1.3959589158005001;1;1;False;3.916840808544;0.99141868047763;-2.9254221280663697;0;1;0;1
kognition;regulation;True;2025-10-30;2025-10-30;2994;2995;3759;3761;0.811;1.4279047558095;0.6169047558094999;1;1;False;0.99141868047763;3.0240571504654;2.03263846998777;1;2;1;1
regulation;kognition;True;2025-10-30;2025-11-06;2995;2987;3761;3752;1.4279047558095;1.919667488646;0.49176273283649996;1;1;False;3.0240571504654;3.1988921097457;0.1748349592802998;2;0;1;0
kognition;kognition;False;2025-11-06;2025-11-06;2987;2988;3752;3753;1.919667488646;2.1118789605959;0.19221147194990018;1;1;False;3.1988921097457;3.9754603937968;0.7765682840511001;0;0;0;0
kognition;performanz;True;2025-11-06;2025-11-06;2988;2989;3753;3754;2.1118789605959;2.3014253844218;0.1895464238258997;1;1;False;3.9754603937968;4.5347833117075;0.5593229179106998;0;0;0;0
performanz;kognition;True;2025-11-06;2025-11-06;2989;2990;3754;3755;2.3014253844218;2.2009129520582;-0.10051243236359975;1;1;False;4.5347833117075;3.5655874874173;-0.9691958242901997;0;0;0;0
kognition;kognition;False;2025-11-06;2025-11-06;2990;2991;3755;3756;2.2009129520582;1.9947276918836;-0.20618526017459993;1;1;False;3.5655874874173;3.6328672145636;0.0672797271462997;0;1;0;1
kognition;kognition;False;2025-11-06;2025-11-13;2991;2982;3756;3747;1.9947276918836;1.6517086769815;-0.3430190149021002;1;1;False;3.6328672145636;3.1105149252108;-0.5223522893527996;1;0;1;0
kognition;kognition;False;2025-11-13;2025-11-13;2982;2983;3747;3748;1.6517086769815;1.752927244018;0.1012185670365;1;1;False;3.1105149252108;3.2645506643148;0.1540357391039997;0;0;0;0
kognition;kognition;False;2025-11-13;2025-11-13;2983;2984;3748;3749;1.752927244018;1.7468429863796;-0.006084257638399926;1;1;False;3.2645506643148;4.0578127668032;0.7932621024883999;0;1;0;1
kognition;kognition;False;2025-11-13;2025-11-13;2984;2985;3749;3750;1.7468429863796;1.5886973924518;-0.15814559392780003;1;1;False;4.0578127668032;2.9445628141972;-1.113249952606;1;2;1;1
kognition;kognition;False;2025-11-13;2025-11-13;2985;2986;3750;3751;1.5886973924518;0.811;-0.7776973924517999;1;1;False;2.9445628141972;0.99141868047763;-1.9531441337195696;2;1;1;1
kognition;kognition;False;2025-11-13;2025-11-20;2986;2978;3751;3743;0.811;2.4410982889583;1.6300982889583002;1;1;False;0.99141868047763;4.2776947265947;3.28627604611707;1;0;1;0
kognition;performanz;True;2025-11-20;2025-11-20;2978;2979;3743;3744;2.4410982889583;1.4230076958162;-1.0180905931421003;1;1;False;4.2776947265947;3.0867875408233;-1.1909071857714002;0;0;0;0
performanz;performanz;False;2025-11-20;2025-11-20;2979;2980;3744;3745;1.4230076958162;1.5619583131048;0.13895061728860014;1;1;False;3.0867875408233;2.7800794322758;-0.3067081085475003;0;0;0;0
performanz;regulation;True;2025-11-20;2025-11-20;2980;2981;3745;3746;1.5619583131048;2.3378029514569;0.7758446383520998;1;1;False;2.7800794322758;4.1845300685627;1.4044506362869003;0;0;0;0
regulation;performanz;True;2025-11-20;2025-11-27;2981;2973;3746;3738;2.3378029514569;2.1018406752718;-0.2359622761850999;1;1;False;4.1845300685627;4.0297451295107;-0.15478493905199997;0;0;0;0
performanz;kognition;True;2025-11-27;2025-11-27;2973;2974;3738;3739;2.1018406752718;2.1969604991137;0.09511982384189999;1;1;False;4.0297451295107;3.9082087439743;-0.1215363855364;0;1;0;1
kognition;regulation;True;2025-11-27;2025-11-27;2974;2975;3739;3740;2.1969604991137;1.6521674795534;-0.5447930195602999;1;1;False;3.9082087439743;3.5054604059233;-0.40274833805099997;1;2;1;1
regulation;kognition;True;2025-11-27;2025-11-27;2975;2976;3740;3741;1.6521674795534;2.2741683893754;0.6220009098219998;1;1;False;3.5054604059233;4.4226026497114;0.9171422437880996;2;0;1;0
kognition;regulation;True;2025-11-27;2025-11-27;2976;2977;3741;3742;2.2741683893754;1.9449987244184;-0.32916966495699995;1;1;False;4.4226026497114;3.8214492248625;-0.6011534248488997;0;0;0;0
regulation;kognition;True;2025-11-27;2025-12-04;2977;2969;3742;3733;1.9449987244184;1.8124059963247;-0.13259272809370004;1;1;False;3.8214492248625;2.7008782028216;-1.1205710220409002;0;0;0;0
kognition;kognition;False;2025-12-04;2025-12-04;2969;2970;3733;3734;1.8124059963247;2.3459293201978;0.5335233238731003;1;1;False;2.7008782028216;3.9453024964552;1.2444242936336;0;1;0;1
kognition;motivation;True;2025-12-04;2025-12-04;2970;2971;3734;3736;2.3459293201978;0.85188551646247;-1.4940438037353303;1;1;False;3.9453024964552;1.5890209998845;-2.3562814965707;1;0;1;0
motivation;kognition;True;2025-12-04;2025-12-04;2971;2972;3736;3737;0.85188551646247;2.1462963786463;1.2944108621838302;1;1;False;1.5890209998845;4.3406553652064;2.7516343653219;0;1;0;1
kognition;performanz;True;2025-12-04;2025-12-11;2972;2964;3737;3728;2.1462963786463;1.5752921706211;-0.5710042080252;1;1;False;4.3406553652064;3.3390173794307;-1.0016379857757003;1;0;1;0
performanz;performanz;False;2025-12-11;2025-12-11;2964;2965;3728;3729;1.5752921706211;1.8608741963844;0.28558202576329994;1;1;False;3.3390173794307;3.0556171049096;-0.28340027452109995;0;0;0;0
performanz;kognition;True;2025-12-11;2025-12-11;2965;2966;3729;3730;1.8608741963844;1.5684720974388;-0.2924020989456;1;1;False;3.0556171049096;3.0254345195717;-0.03018258533789986;0;0;0;0
kognition;kognition;False;2025-12-11;2025-12-11;2966;2967;3730;3731;1.5684720974388;1.9456574808789;0.3771853834401;1;1;False;3.0254345195717;3.7466053594377;0.7211708398659997;0;1;0;1
kognition;regulation;True;2025-12-11;2025-12-11;2967;2968;3731;3732;1.9456574808789;2.5051943093294;0.5595368284504998;1;1;False;3.7466053594377;4.9669401934215;1.2203348339838005;1;0;1;0
regulation;regulation;False;2025-12-11;2026-01-15;2968;2950;3732;3714;2.5051943093294;1.7810357015046;-0.7241586078247997;1;1;False;4.9669401934215;3.5846603474751;-1.3822798459464;0;0;0;0
regulation;kognition;True;2026-01-15;2026-01-15;2950;2951;3714;3715;1.7810357015046;1.6572392084879;-0.12379649301670015;1;1;False;3.5846603474751;2.7485111833519;-0.8361491641232002;0;1;0;1
kognition;motivation;True;2026-01-15;2026-01-15;2951;2952;3715;3716;1.6572392084879;1.7887542255783;0.13151501709040003;1;1;False;2.7485111833519;3.6925617798486;0.9440505964966999;1;0;1;0
motivation;kognition;True;2026-01-15;2026-01-15;2952;2953;3716;3717;1.7887542255783;1.8346238946577;0.045869669079400044;1;1;False;3.6925617798486;3.050519966414;-0.6420418134346;0;0;0;0
kognition;performanz;True;2026-01-15;2026-01-15;2953;2954;3717;3718;1.8346238946577;1.2945417374836;-0.5400821571741001;1;1;False;3.050519966414;2.2888856549031;-0.7616343115109001;0;1;0;1
performanz;performanz;False;2026-01-15;2026-01-29;2954;2940;3718;3704;1.2945417374836;2.1744618745086;0.8799201370250003;1;1;False;2.2888856549031;4.4388621375364;2.1499764826333005;1;0;1;0
performanz;regulation;True;2026-01-29;2026-01-29;2940;2941;3704;3705;2.1744618745086;2.0584483248078;-0.11601354970080013;1;1;False;4.4388621375364;3.7903140793782;-0.6485480581582004;0;0;0;0
regulation;performanz;True;2026-01-29;2026-01-29;2941;2942;3705;3706;2.0584483248078;1.517734800859;-0.5407135239488001;1;1;False;3.7903140793782;2.4285529007933;-1.3617611785848998;0;0;0;0
performanz;kognition;True;2026-01-29;2026-01-29;2942;2943;3706;3707;1.517734800859;2.1832057573786;0.6654709565196;1;1;False;2.4285529007933;4.0234239649558;1.5948710641624997;0;0;0;0
kognition;kognition;False;2026-01-29;2026-01-29;2943;2944;3707;3708;2.1832057573786;1.6541350767271;-0.5290706806515;1;1;False;4.0234239649558;3.0157863397785;-1.0076376251773;0;0;0;0
regulation;performanz;True;2025-10-23;2025-10-23;2849;2850;3609;3610;2.2831943720438;1.8608741963844;-0.42232017565940017;1;1;False;4.6221765003632;3.0556171049096;-1.5665593954536003;1;0;1;0
performanz;methodik;True;2025-10-23;2025-10-23;2850;2851;3610;3611;1.8608741963844;1.6923157810732;-0.16855841531120008;1;1;False;3.0556171049096;3.4333342274091;0.37771712249949996;0;1;0;1
methodik;regulation;True;2025-10-23;2025-10-23;2851;2852;3611;3612;1.6923157810732;1.9126138920563;0.22029811098310015;1;1;False;3.4333342274091;4.0164817262936;0.5831474988845002;1;0;1;0
regulation;regulation;False;2025-10-23;2025-10-23;2852;2853;3612;3613;1.9126138920563;2.1995823178481;0.28696842579180015;1;1;False;4.0164817262936;4.4022111192169;0.38572939292329966;0;0;0;0
regulation;kognition;True;2025-10-23;2025-11-06;2853;2834;3613;3594;2.1995823178481;2.3310275582356;0.13144524038749994;1;1;False;4.4022111192169;3.6813879930869;-0.72082312613;0;0;0;0
kognition;kognition;False;2025-11-06;2025-11-06;2834;2835;3594;3595;2.3310275582356;2.5684402293092;0.23741267107359976;1;1;False;3.6813879930869;4.7203348418297;1.0389468487428006;0;0;0;0
kognition;kognition;False;2025-11-06;2025-11-06;2835;2836;3595;3596;2.5684402293092;1.7468429863796;-0.8215972429295999;1;1;False;4.7203348418297;4.0578127668032;-0.6625220750265006;0;1;0;1
kognition;performanz;True;2025-11-06;2025-11-06;2836;2837;3596;3597;1.7468429863796;1.1724972459399;-0.5743457404397001;1;1;False;4.0578127668032;1.8273455172678;-2.2304672495354;1;0;1;0
performanz;kognition;True;2025-11-06;2025-11-06;2837;2838;3597;3598;1.1724972459399;1.8346726067272;0.6621753607873;1;1;False;1.8273455172678;3.2578547618;1.4305092445322;0;0;0;0
kognition;kognition;False;2025-11-06;2025-11-13;2838;2824;3598;3584;1.8346726067272;2.4410982889583;0.6064256822311003;1;1;False;3.2578547618;4.2776947265947;1.0198399647947003;0;0;0;0
kognition;kognition;False;2025-11-13;2025-11-13;2824;2825;3584;3585;2.4410982889583;2.7431027601632;0.3020044712048997;1;1;False;4.2776947265947;4.4247995695105;0.14710484291579995;0;0;0;0
kognition;kognition;False;2025-11-13;2025-11-13;2825;2826;3585;3586;2.7431027601632;1.2999584535744;-1.4431443065887999;1;1;False;4.4247995695105;2.1790951612463;-2.2457044082642;0;1;0;1
kognition;kognition;False;2025-11-13;2025-11-13;2826;2827;3586;3587;1.2999584535744;1.7353345284312;0.4353760748568001;1;1;False;2.1790951612463;2.9900649591247;0.8109697978783998;1;0;1;0
kognition;kognition;False;2025-11-13;2025-11-13;2827;2828;3587;3588;1.7353345284312;1.473212922878;-0.2621216055532001;1;1;False;2.9900649591247;3.1443711090881;0.15430614996339997;0;0;0;0
kognition;kognition;False;2025-11-13;2025-11-20;2828;2820;3588;3580;1.473212922878;1.919667488646;0.4464545657679999;1;1;False;3.1443711090881;3.1988921097457;0.054521000657600016;0;0;0;0
kognition;kognition;False;2025-11-20;2025-11-20;2820;2821;3580;3581;1.919667488646;1.8124059963247;-0.1072614923213;1;1;False;3.1988921097457;2.7008782028216;-0.4980139069241001;0;0;0;0
kognition;performanz;True;2025-11-20;2025-11-20;2821;2822;3581;3582;1.8124059963247;1.9577799980576;0.14537400173290016;1;1;False;2.7008782028216;3.7807537621279;1.0798755593063003;0;0;0;0
performanz;kognition;True;2025-11-20;2025-11-20;2822;2823;3582;3583;1.9577799980576;2.1107934644134;0.15301346635579982;1;1;False;3.7807537621279;3.6856067041269;-0.09514705800100032;0;1;0;1
kognition;performanz;True;2025-11-20;2025-12-04;2823;2806;3583;3566;2.1107934644134;1.5752921706211;-0.5355012937922998;1;1;False;3.6856067041269;3.3390173794307;-0.34658932469619996;1;0;1;0
performanz;kognition;True;2025-12-04;2025-12-04;2806;2807;3566;3567;1.5752921706211;2.0025209823477;0.4272288117266001;1;1;False;3.3390173794307;4.1753366045791;0.8363192251484004;0;0;0;0
kognition;kognition;False;2025-12-04;2025-12-04;2807;2808;3567;3568;2.0025209823477;1.8346238946577;-0.1678970876900001;1;1;False;4.1753366045791;3.050519966414;-1.1248166381651004;0;0;0;0
kognition;performanz;True;2025-12-04;2025-12-04;2808;2809;3568;3569;1.8346238946577;1.5583528329756;-0.2762710616821;1;1;False;3.050519966414;2.4727359267413;-0.5777840396727001;0;0;0;0
performanz;performanz;False;2025-12-04;2025-12-11;2809;2797;3569;3557;1.5583528329756;2.1524916087874;0.5941387758118;1;1;False;2.4727359267413;3.7834187822736;1.3106828555323;0;0;0;0
performanz;regulation;True;2025-12-11;2025-12-11;2797;2798;3557;3558;2.1524916087874;1.5887506947218;-0.5637409140656;1;1;False;3.7834187822736;2.5500239990253;-1.2333947832482997;0;0;0;0
regulation;kognition;True;2025-12-11;2025-12-11;2798;2799;3558;3559;1.5887506947218;2.4887495600728;0.899998865351;1;1;False;2.5500239990253;4.8458292980034;2.2958052989780997;0;1;0;1
kognition;regulation;True;2025-12-11;2025-12-11;2799;2800;3559;3560;2.4887495600728;2.1995823178481;-0.2891672422246998;1;1;False;4.8458292980034;4.4022111192169;-0.4436181787865001;1;0;1;0
regulation;kognition;True;2025-12-11;2025-12-11;2800;2801;3560;3561;2.1995823178481;2.1462963786463;-0.05328593920180014;1;1;False;4.4022111192169;4.3406553652064;-0.06155575401049962;0;1;0;1
kognition;kognition;False;2025-12-11;2026-01-29;2801;2759;3561;3518;2.1462963786463;2.1266007185707;-0.019695660075599974;1;1;False;4.3406553652064;4.2434364120772;-0.09721895312920026;1;0;1;0
kognition;kognition;False;2026-01-29;2026-01-29;2759;2760;3518;3519;2.1266007185707;2.0025209823477;-0.12407973622299995;1;1;False;4.2434364120772;4.1753366045791;-0.06809980749809963;0;0;0;0
kognition;kognition;False;2026-01-29;2026-01-29;2760;2761;3519;3520;2.0025209823477;2.4887495600728;0.48622857772509986;1;1;False;4.1753366045791;4.8458292980034;0.6704926934242996;0;1;0;1
kognition;performanz;True;2026-01-29;2026-01-29;2761;2762;3520;3521;2.4887495600728;1.8542435914099;-0.6345059686629;1;1;False;4.8458292980034;3.1247370982285;-1.7210921997748998;1;0;1;0
performanz;kognition;True;2026-01-29;2026-01-29;2762;2763;3521;3522;1.8542435914099;2.2688988134381;0.41465522202820004;1;1;False;3.1247370982285;4.362368859302;1.2376317610735001;0;0;0;0
kognition;kognition;False;2025-08-22;2025-08-22;3104;3105;3877;3878;2.1982887533958;2.200270088071;0.0019813346751997862;1;1;False;3.8014751741185;4.1990309356057;0.39755576148720007;1;0;1;0
kognition;kognition;False;2025-08-22;2025-08-22;3105;3106;3878;3879;2.200270088071;2.0091885173157;-0.19108157075529997;1;1;False;4.1990309356057;4.2213360198657;0.022305084260000108;0;1;0;1
kognition;kognition;False;2025-08-22;2025-08-22;3106;3107;3879;3880;2.0091885173157;2.1820491743331;0.17286065701740005;1;1;False;4.2213360198657;4.4336617364237;0.21232571655799948;1;0;1;0
kognition;kognition;False;2025-08-22;2025-08-22;3107;3108;3880;3881;2.1820491743331;1.65799276022;-0.5240564141131001;1;1;False;4.4336617364237;2.5548891531968;-1.8787725832268998;0;1;0;1
kognition;kognition;False;2025-08-22;2025-09-19;3108;713;3881;1090;1.65799276022;1.7306935738346;0.07270081361460012;1;1;False;2.5548891531968;2.1809474554644;-0.3739416977323997;1;1;1;1
kognition;kognition;False;2025-09-19;2025-09-19;713;714;1090;1091;1.7306935738346;2.2121390502788;0.48144547644419977;1;1;False;2.1809474554644;3.8761674124937;1.6952199570292996;1;0;1;0
kognition;regulation;True;2025-09-19;2025-09-19;714;715;1091;1092;2.2121390502788;-1.9141838968253;-4.1263229471041;1;-1;True;3.8761674124937;3.6260073978392;-0.2501600146545;0;1;0;1
regulation;performanz;True;2025-09-19;2025-09-19;715;716;1092;1093;-1.9141838968253;1.5410807252831;3.4552646221084;-1;1;True;3.6260073978392;3.2610617527124;-0.3649456451267996;1;1;1;1
performanz;kognition;True;2025-09-19;2025-09-19;716;717;1093;1094;1.5410807252831;-1.050345466992;-2.5914261922751;1;-1;True;3.2610617527124;1.3715914893112;-1.8894702634012002;1;1;1;1
kognition;kognition;False;2025-09-19;2025-09-26;717;703;1094;1080;-1.050345466992;1.9138365334644;2.9641820004564003;-1;1;True;1.3715914893112;3.2342344427424;1.8626429534312;1;2;1;1
kognition;kognition;False;2025-09-26;2025-09-26;703;704;1080;1081;1.9138365334644;2.200270088071;0.2864335546065999;1;1;False;3.2342344427424;4.1990309356057;0.9647964928633002;2;0;1;0
kognition;kognition;False;2025-09-26;2025-09-26;704;705;1081;1082;2.200270088071;1.5861124005689;-0.6141576875021;1;1;False;4.1990309356057;2.9527644831699;-1.2462664524358003;0;3;0;1
kognition;methodik;True;2025-09-26;2025-09-26;705;706;1082;1083;1.5861124005689;1.9207781227253;0.3346657221564;1;1;False;2.9527644831699;3.6468173346965;0.6940528515266;3;2;1;1
methodik;regulation;True;2025-09-26;2025-09-26;706;707;1083;1084;1.9207781227253;2.1995823178481;0.2788041951228002;1;1;False;3.6468173346965;4.4022111192169;0.7553937845204;2;0;1;0
regulation;performanz;True;2025-09-26;2025-10-24;707;695;1084;1072;2.1995823178481;2.0870902816588;-0.11249203618930004;1;1;False;4.4022111192169;4.4145152628884;0.0123041436714999;0;1;0;1
performanz;kognition;True;2025-10-24;2025-10-24;695;696;1072;1073;2.0870902816588;2.7431027601632;0.6560124785043997;1;1;False;4.4145152628884;4.4247995695105;0.010284306622100559;1;0;1;0
kognition;motivation;True;2025-10-24;2025-10-24;696;697;1073;1074;2.7431027601632;0.292;-2.4511027601632;1;1;False;4.4247995695105;0.47720959755646;-3.94758997195404;0;0;0;0
motivation;motivation;False;2025-10-24;2025-10-24;697;698;1074;1075;0.292;1.1646065491769;0.8726065491769;1;1;False;0.47720959755646;2.3654242772316;1.8882146796751398;0;4;0;1
motivation;performanz;True;2025-10-24;2025-10-24;698;699;1075;1076;1.1646065491769;2.3369126707959;1.172306121619;1;1;False;2.3654242772316;4.6528861597638;2.2874618825322;4;0;1;0
performanz;performanz;False;2025-10-24;2025-11-14;699;1178;1076;1741;2.3369126707959;1.5072340371522;-0.8296786336437001;1;1;False;4.6528861597638;3.0906410220045;-1.5622451377592999;0;2;0;1
performanz;kognition;True;2025-11-14;2025-11-14;1178;1179;1741;1742;1.5072340371522;2.189211103481;0.6819770663288001;1;1;False;3.0906410220045;4.4107099279058;1.3200689059012998;2;0;1;0
kognition;kognition;False;2025-11-14;2025-11-14;1179;1180;1742;1743;2.189211103481;1.9788076577981;-0.21040344568290004;1;1;False;4.4107099279058;3.9084723722527;-0.5022375556531;0;2;0;1
kognition;kognition;False;2025-11-14;2025-11-14;1180;1181;1743;1744;1.9788076577981;1.0626342027733;-0.9161734550248;1;1;False;3.9084723722527;2.420951563667;-1.4875208085857001;2;2;1;1
kognition;performanz;True;2025-11-14;2025-11-14;1181;1182;1744;1745;1.0626342027733;1.7212648120425;0.6586306092692;1;1;False;2.420951563667;3.276288313951;0.8553367502840001;2;2;1;1
performanz;kognition;True;2025-11-14;2025-11-28;1182;1168;1745;1731;1.7212648120425;1.7348832013882;0.013618389345700033;1;1;False;3.276288313951;3.586103254132;0.309814940181;2;1;1;1
kognition;kognition;False;2025-11-28;2025-11-28;1168;1169;1731;1732;1.7348832013882;2.011929137674;0.2770459362858;1;1;False;3.586103254132;4.1616133039273;0.5755100497953003;1;0;1;0
kognition;kognition;False;2025-11-28;2025-11-28;1169;1170;1732;1733;2.011929137674;1.5532170520458;-0.4587120856282001;1;1;False;4.1616133039273;2.833504268978;-1.3281090349493003;0;1;0;1
kognition;motivation;True;2025-11-28;2025-11-28;1170;1171;1733;1734;1.5532170520458;1.1890380162526;-0.3641790357932;1;1;False;2.833504268978;2.4979615897285;-0.3355426792495;1;2;1;1
motivation;performanz;True;2025-11-28;2025-11-28;1171;1172;1734;1735;1.1890380162526;1.2237990943502;0.034761078097599984;1;1;False;2.4979615897285;2.0091694640146;-0.48879212571389985;2;2;1;1
motivation;regulation;True;2024-12-06;2025-03-21;916;911;1408;1383;1.5253623452812;0.941;-0.5843623452812;1;1;False;2.8690389402521;1.8277877338466;-1.0412512064055;0;0;0;0
regulation;performanz;True;2025-03-21;2025-08-29;911;899;1383;1336;0.941;1.0546278376074;0.11362783760740014;1;1;False;1.8277877338466;2.0383290573272;0.21054132348059995;0;0;0;0
performanz;kognition;True;2025-08-29;2025-08-29;899;900;1336;1337;1.0546278376074;2.2069589158005;1.1523310781931;1;1;False;2.0383290573272;3.916840808544;1.8785117512168;0;0;0;0
kognition;methodik;True;2025-08-29;2025-08-29;900;901;1337;1338;2.2069589158005;2.0534298272575;-0.1535290885430003;1;1;False;3.916840808544;3.8995392280503;-0.01730158049370001;0;0;0;0
methodik;performanz;True;2025-08-29;2025-08-29;901;902;1338;1339;2.0534298272575;1.6229270452087;-0.4305027820487999;1;1;False;3.8995392280503;3.4989761103282;-0.4005631177220996;0;1;0;1
performanz;performanz;False;2025-08-29;2025-08-29;902;903;1339;1340;1.6229270452087;-1.4208154801294;-3.0437425253381;1;-1;True;3.4989761103282;2.4266476899275;-1.0723284204007002;1;0;1;0
performanz;kognition;True;2025-08-29;2025-09-05;903;885;1340;1322;-1.4208154801294;2.2414953024427;3.6623107825720997;-1;1;True;2.4266476899275;4.7653905687971;2.3387428788696;0;1;0;1
kognition;kognition;False;2025-09-05;2025-09-05;885;886;1322;1323;2.2414953024427;1.752927244018;-0.48856805842469986;1;1;False;4.7653905687971;3.2645506643148;-1.5008399044823002;1;0;1;0
kognition;performanz;True;2025-09-05;2025-09-05;886;887;1323;1324;1.752927244018;1.7185730315922;-0.034354212425799835;1;1;False;3.2645506643148;3.4752254188631;0.2106747545483003;0;0;0;0
performanz;motivation;True;2025-09-05;2025-09-05;887;888;1324;1325;1.7185730315922;1.6075723274489;-0.1110007041433001;1;1;False;3.4752254188631;3.178534159656;-0.29669125920710027;0;0;0;0
motivation;regulation;True;2025-09-05;2025-09-05;888;889;1325;1326;1.6075723274489;1.9791706721549;0.37159834470600006;1;1;False;3.178534159656;4.2157345291432;1.0372003694871998;0;0;0;0
regulation;regulation;False;2025-09-05;2025-09-12;889;875;1326;1312;1.9791706721549;1.8032788774168;-0.17589179473810002;1;1;False;4.2157345291432;3.5638921463643;-0.6518423827788999;0;2;0;1
regulation;kognition;True;2025-09-12;2025-09-12;875;876;1312;1313;1.8032788774168;2.7452166646962;0.9419377872793999;1;1;False;3.5638921463643;4.3522760147837;0.7883838684194004;2;0;1;0
kognition;performanz;True;2025-09-12;2025-09-12;876;877;1313;1314;2.7452166646962;1.5410807252831;-1.2041359394131;1;1;False;4.3522760147837;3.2610617527124;-1.0912142620713001;0;1;0;1
performanz;motivation;True;2025-09-12;2025-09-12;877;878;1314;1315;1.5410807252831;1.2782388005983;-0.26284192468479994;1;1;False;3.2610617527124;2.726925290001;-0.5341364627114;1;0;1;0
motivation;kognition;True;2025-09-12;2025-09-12;878;879;1315;1316;1.2782388005983;1.9207934795839;0.6425546789855998;1;1;False;2.726925290001;2.581090336861;-0.14583495314000006;0;1;0;1
kognition;kognition;False;2025-09-12;2025-09-19;879;871;1316;1308;1.9207934795839;1.7309928114047;-0.18980066817919994;1;1;False;2.581090336861;3.211982786319;0.6308924494579999;1;2;1;1
kognition;motivation;True;2025-09-19;2025-09-19;871;872;1308;1309;1.7309928114047;1.2623925324906;-0.46860027891409994;1;1;False;3.211982786319;2.6261746889041;-0.5858080974148998;2;0;1;0
motivation;kognition;True;2025-09-19;2025-09-19;872;873;1309;1310;1.2623925324906;1.5952881354409;0.3328956029503001;1;1;False;2.6261746889041;3.3002997303996;0.6741250414954996;0;0;0;0
kognition;performanz;True;2025-09-19;2025-09-19;873;874;1310;1311;1.5952881354409;-2.0388068222149;-3.6340949576558;1;-1;True;3.3002997303996;2.3550299151969;-0.9452698152026997;0;2;0;1
performanz;kognition;True;2025-09-19;2025-10-24;874;849;1311;1286;-2.0388068222149;2.5684402293092;4.6072470515241;-1;1;True;2.3550299151969;4.7203348418297;2.3653049266328003;2;0;1;0
kognition;kognition;False;2025-10-24;2025-10-24;849;850;1286;1287;2.5684402293092;2.2741683893754;-0.2942718399338;1;1;False;4.7203348418297;4.4226026497114;-0.2977321921183007;0;0;0;0
kognition;kognition;False;2025-10-24;2025-10-24;850;851;1287;1288;2.2741683893754;2.1295291688058;-0.1446392205696001;1;1;False;4.4226026497114;3.8556634144117;-0.5669392352996998;0;0;0;0
kognition;regulation;True;2025-10-24;2025-11-07;851;825;1288;1262;2.1295291688058;2.2831943720438;0.15366520323800037;1;1;False;3.8556634144117;4.6221765003632;0.7665130859515004;0;1;0;1
regulation;kognition;True;2025-11-07;2025-11-07;825;826;1262;1263;2.2831943720438;2.0311230831007;-0.25207128894310005;1;1;False;4.6221765003632;3.8229300313861;-0.7992464689771004;1;0;1;0
kognition;kognition;False;2025-11-07;2025-11-07;826;827;1263;1264;2.0311230831007;1.369758579055;-0.6613645040457001;1;1;False;3.8229300313861;1.6983424038799;-2.1245876275062;0;1;0;1
kognition;kognition;False;2025-11-07;2025-11-07;827;828;1264;1265;1.369758579055;2.2741683893754;0.9044098103203999;1;1;False;1.6983424038799;4.4226026497114;2.7242602458314997;1;0;1;0
kognition;kognition;False;2025-11-07;2025-11-07;828;829;1265;1266;2.2741683893754;1.5532170520458;-0.7209513373295999;1;1;False;4.4226026497114;2.833504268978;-1.5890983807333998;0;1;0;1
kognition;performanz;True;2025-11-07;2025-11-14;829;1434;1266;2001;1.5532170520458;2.1018406752718;0.548623623226;1;1;False;2.833504268978;4.0297451295107;1.1962408605327002;1;0;1;0
performanz;kognition;True;2025-11-14;2025-11-14;1434;1435;2001;2002;2.1018406752718;1.752927244018;-0.34891343125380003;1;1;False;4.0297451295107;3.2645506643148;-0.7651944651959002;0;0;0;0
kognition;performanz;True;2025-11-14;2025-11-14;1435;1436;2002;2003;1.752927244018;1.1621607342448;-0.5907665097732;1;1;False;3.2645506643148;1.9833132042675;-1.2812374600473;0;2;0;1
performanz;regulation;True;2025-11-14;2025-11-14;1436;1437;2003;2004;1.1621607342448;0.585;-0.5771607342448;1;1;False;1.9833132042675;0.78184916245079;-1.20146404181671;2;2;1;1
regulation;kognition;True;2025-11-14;2025-11-14;1437;1438;2004;2005;0.585;1.5532170520458;0.9682170520458;1;1;False;0.78184916245079;2.833504268978;2.05165510652721;2;1;1;1
kognition;motivation;True;2025-11-14;2025-11-28;1438;1416;2005;1983;1.5532170520458;1.6401735572884;0.08695650524260001;1;1;False;2.833504268978;2.8880375884253;0.05453331944729989;1;1;1;1
motivation;kognition;True;2025-11-28;2025-11-28;1416;1417;1983;1984;1.6401735572884;2.0025209823477;0.3623474250593002;1;1;False;2.8880375884253;4.1753366045791;1.2872990161538005;1;0;1;0
kognition;regulation;True;2025-11-28;2025-11-28;1417;1418;1984;1985;2.0025209823477;2.3378029514569;0.3352819691091997;1;1;False;4.1753366045791;4.1845300685627;0.00919346398359977;0;0;0;0
regulation;regulation;False;2025-11-28;2025-11-28;1418;1419;1985;1986;2.3378029514569;1.539769585776;-0.7980333656808998;1;1;False;4.1845300685627;2.8957199704337;-1.2888100981289998;0;2;0;1
regulation;kognition;True;2025-11-28;2025-11-28;1419;1420;1986;1987;1.539769585776;1.9947276918836;0.4549581061076;1;1;False;2.8957199704337;3.6328672145636;0.7371472441298996;2;1;1;1
kognition;kognition;False;2025-11-28;2026-01-16;1420;1380;1987;1946;1.9947276918836;1.919667488646;-0.07506020323760021;1;1;False;3.6328672145636;3.1988921097457;-0.4339751048178999;1;0;1;0
kognition;performanz;True;2026-01-16;2026-01-16;1380;1381;1946;1947;1.919667488646;2.3238211125165;0.4041536238704999;1;1;False;3.1988921097457;4.8604079848911;1.6615158751453998;0;0;0;0
performanz;motivation;True;2026-01-16;2026-01-16;1381;1382;1947;1948;2.3238211125165;1.1646065491769;-1.1592145633395998;1;1;False;4.8604079848911;2.3654242772316;-2.4949837076595;0;4;0;1
motivation;kognition;True;2026-01-16;2026-01-16;1382;1383;1948;1949;1.1646065491769;0.79145876670185;-0.37314778247505;1;1;False;2.3654242772316;1.4276822372013;-0.9377420400302998;4;2;1;1
regulation;motivation;True;2025-02-07;2025-02-21;972;971;1511;1507;0.31802631376274;1.0;0.6819736862372601;1;1;False;0.61575899987893;1.5544150025009;0.93865600262197;0;0;0;0
motivation;motivation;False;2025-02-21;2025-02-28;971;970;1507;1504;1.0;1.0;0.0;1;1;False;1.5544150025009;1.5544150025009;0.0;0;0;0;0
motivation;regulation;True;2025-02-28;2025-03-21;970;969;1504;1498;1.0;0.941;-0.05900000000000005;1;1;False;1.5544150025009;1.8277877338466;0.27337273134569995;0;0;0;0
regulation;performanz;True;2025-03-21;2025-08-29;969;960;1498;1463;0.941;1.0546278376074;0.11362783760740014;1;1;False;1.8277877338466;2.0383290573272;0.21054132348059995;0;0;0;0
performanz;methodik;True;2025-08-29;2025-08-29;960;961;1463;1464;1.0546278376074;1.3071304723696;0.2525026347621999;1;1;False;2.0383290573272;2.3428052989296;0.30447624160240006;0;0;0;0
methodik;motivation;True;2025-08-29;2025-08-29;961;962;1464;1465;1.3071304723696;1.1120561318809;-0.1950743404887001;1;1;False;2.3428052989296;2.143214142819;-0.19959115611059985;0;1;0;1
motivation;methodik;True;2025-08-29;2025-08-29;962;963;1465;1466;1.1120561318809;2.0534298272575;0.9413736953765999;1;1;False;2.143214142819;3.8995392280503;1.7563250852312997;1;0;1;0
methodik;motivation;True;2025-08-29;2025-08-29;963;964;1466;1467;2.0534298272575;1.2623925324906;-0.7910372947668998;1;1;False;3.8995392280503;2.6261746889041;-1.2733645391461996;0;0;0;0
motivation;kognition;True;2025-08-29;2025-09-05;964;951;1467;1454;1.2623925324906;2.2832192608297;1.0208267283391;1;1;False;2.6261746889041;3.6744837708226;1.0483090819184997;0;0;0;0
kognition;motivation;True;2025-09-05;2025-09-05;951;952;1454;1455;2.2832192608297;1.376852504409;-0.9063667564206999;1;1;False;3.6744837708226;2.4862506965683;-1.1882330742543;0;0;0;0
motivation;kognition;True;2025-09-05;2025-09-05;952;953;1455;1456;1.376852504409;1.476804441708;0.09995193729899987;1;1;False;2.4862506965683;2.2750429610691;-0.21120773549920013;0;2;0;1
kognition;regulation;True;2025-09-05;2025-09-05;953;954;1456;1457;1.476804441708;1.9603476546835;0.48354321297549996;1;1;False;2.2750429610691;4.105530115666;1.8304871545969004;2;0;1;0
regulation;kognition;True;2025-09-05;2025-09-12;954;941;1457;1444;1.9603476546835;2.3310275582356;0.37067990355210023;1;1;False;4.105530115666;3.6813879930869;-0.42414212257910044;0;0;0;0
kognition;performanz;True;2025-09-12;2025-09-12;941;942;1444;1445;2.3310275582356;-1.7781209396438;-4.1091484978794;1;-1;True;3.6813879930869;2.9238561433447;-0.7575318497421999;0;0;0;0
performanz;kognition;True;2025-09-12;2025-09-12;942;943;1445;1446;-1.7781209396438;2.1578157776495;3.9359367172933;-1;1;True;2.9238561433447;4.3971375276988;1.4732813843541002;0;1;0;1
kognition;motivation;True;2025-09-12;2025-09-12;943;944;1446;1447;2.1578157776495;2.2556815328026;0.0978657551530997;1;1;False;4.3971375276988;3.8951583485864;-0.5019791791124;1;2;1;1
motivation;kognition;True;2025-09-12;2025-09-12;944;945;1447;1448;2.2556815328026;1.5781787077165;-0.6775028250860999;1;1;False;3.8951583485864;3.1894406451554;-0.705717703431;2;2;1;1
kognition;performanz;True;2025-09-12;2025-09-19;945;936;1448;1439;1.5781787077165;0.91608656017512;-0.6620921475413799;1;1;False;3.1894406451554;1.5071006143225;-1.6823400308329;2;1;1;1
performanz;methodik;True;2025-09-19;2025-09-19;936;937;1439;1440;0.91608656017512;1.3071304723696;0.39104391219448;1;1;False;1.5071006143225;2.3428052989296;0.8357046846070999;1;0;1;0
methodik;kognition;True;2025-09-19;2025-09-19;937;938;1440;1441;1.3071304723696;0.88114242044713;-0.42598805192247;1;1;False;2.3428052989296;1.5052760208431;-0.8375292780865;0;2;0;1
kognition;regulation;True;2025-09-19;2025-09-19;938;939;1441;1442;0.88114242044713;1.9411488061702;1.06000638572307;1;1;False;1.5052760208431;3.6709941375368;2.1657181166937;2;1;1;1
regulation;motivation;True;2025-09-19;2025-09-19;939;940;1442;1443;1.9411488061702;1.7887542255783;-0.15239458059190003;1;1;False;3.6709941375368;3.6925617798486;0.02156764231179986;1;0;1;0
motivation;kognition;True;2025-09-19;2025-11-07;940;918;1443;1421;1.7887542255783;2.0164952679339;0.2277410423555999;1;1;False;3.6925617798486;3.535433115609;-0.15712866423959992;0;1;0;1
kognition;kognition;False;2025-11-07;2025-11-07;918;919;1421;1422;2.0164952679339;2.2069589158005;0.1904636478666002;1;1;False;3.535433115609;3.916840808544;0.3814076929349999;1;0;1;0
kognition;kognition;False;2025-11-07;2025-11-07;919;920;1422;1423;2.2069589158005;1.9788076577981;-0.2281512580024001;1;1;False;3.916840808544;3.9084723722527;-0.008368436291299908;0;2;0;1
kognition;kognition;False;2025-11-07;2025-11-07;920;921;1423;1424;1.9788076577981;1.6566860222492;-0.32212163554890005;1;1;False;3.9084723722527;2.4618609597996;-1.4466114124531;2;0;1;0
kognition;kognition;False;2025-11-07;2025-11-14;921;1737;1424;2308;1.6566860222492;2.2150745427188;0.5583885204696002;1;1;False;2.4618609597996;4.219811570406;1.7579506106063998;0;1;0;1
kognition;kognition;False;2025-11-14;2025-11-14;1737;1738;2308;2309;2.2150745427188;2.0948512713766;-0.12022327134220001;1;1;False;4.219811570406;3.7884548804964;-0.43135668990959974;1;2;1;1
kognition;kognition;False;2025-11-14;2025-11-14;1738;1739;2309;2310;2.0948512713766;1.4715099253264;-0.6233413460502002;1;1;False;3.7884548804964;3.1717247047363;-0.6167301757600998;2;1;1;1
kognition;kognition;False;2025-11-14;2025-11-14;1739;1740;2310;2311;1.4715099253264;1.7575648543691;0.28605492904270013;1;1;False;3.1717247047363;2.8941916929599;-0.27753301177640033;1;2;1;1
kognition;regulation;True;2025-11-14;2025-11-14;1740;1741;2311;2312;1.7575648543691;2.0107729389583;0.25320808458919974;1;1;False;2.8941916929599;4.1826548987587;1.2884632057988;2;2;1;1
regulation;regulation;False;2025-11-14;2025-11-28;1741;1728;2312;2299;2.0107729389583;1.8743802397078;-0.1363926992504998;1;1;False;4.1826548987587;3.9112024651601;-0.2714524335985997;2;2;1;1
regulation;kognition;True;2025-11-28;2025-11-28;1728;1729;2299;2300;1.8743802397078;2.011929137674;0.13754889796620007;1;1;False;3.9112024651601;4.1616133039273;0.25041083876720016;2;0;1;0
kognition;motivation;True;2025-11-28;2025-11-28;1729;1730;2300;2301;2.011929137674;1.1120561318809;-0.8998730057931001;1;1;False;4.1616133039273;2.143214142819;-2.0183991611083;0;1;0;1
motivation;performanz;True;2025-11-28;2025-11-28;1730;1731;2301;2302;1.1120561318809;1.6514653847318;0.5394092528509;1;1;False;2.143214142819;3.1819690767104;1.0387549338913997;1;0;1;0
performanz;regulation;True;2025-11-28;2026-01-16;1731;1694;2302;2265;1.6514653847318;1.7810357015046;0.12957031677280018;1;1;False;3.1819690767104;3.5846603474751;0.40269127076470035;0;0;0;0
regulation;regulation;False;2026-01-16;2026-01-16;1694;1695;2265;2266;1.7810357015046;1.4239005001997;-0.35713520130490006;1;1;False;3.5846603474751;2.191058309294;-1.3936020381811;0;1;0;1
regulation;regulation;False;2026-01-16;2026-01-16;1695;1696;2266;2267;1.4239005001997;2.1691361649815;0.7452356647817999;1;1;False;2.191058309294;4.3694138446034;2.1783555353094;1;1;1;1
regulation;performanz;True;2026-01-16;2026-01-16;1696;1697;2267;2268;2.1691361649815;1.7803177442296;-0.3888184207518999;1;1;False;4.3694138446034;2.2792901074475;-2.0901237371559005;1;0;1;0
performanz;performanz;False;2026-01-16;2026-01-16;1697;1698;2268;2269;1.7803177442296;1.7623605672214;-0.017957177008200098;1;1;False;2.2792901074475;3.1844962872024;0.9052061797549;0;0;0;0
regulation;performanz;True;2024-11-15;2025-09-05;63;52;109;53;1.6222063442055;1.7503923860708;0.12818604186530003;1;1;False;3.2295298787113;3.2500733602901;0.020543481578799927;2;0;1;0
performanz;kognition;True;2025-09-05;2025-09-05;52;53;53;54;1.7503923860708;2.1090557744311;0.3586633883602999;1;1;False;3.2500733602901;4.0923704304351;0.8422970701449999;0;1;0;1
kognition;motivation;True;2025-09-05;2025-09-05;53;54;54;55;2.1090557744311;2.0519663720169;-0.057089402414199686;1;1;False;4.0923704304351;4.2418067613595;0.14943633092440045;1;1;1;1
motivation;performanz;True;2025-09-05;2025-09-05;54;55;55;56;2.0519663720169;2.2329100933114;0.18094372129449976;1;1;False;4.2418067613595;4.2154606819304;-0.026346079429099944;1;0;1;0
performanz;kognition;True;2025-09-05;2025-09-05;55;56;56;57;2.2329100933114;1.512680856227;-0.7202292370843999;1;1;False;4.2154606819304;2.7153344123817;-1.5001262695487005;0;1;0;1
kognition;regulation;True;2025-09-05;2025-09-12;56;44;57;44;1.512680856227;1.7810357015046;0.2683548452776001;1;1;False;2.7153344123817;3.5846603474751;0.8693259350934004;1;0;1;0
regulation;kognition;True;2025-09-12;2025-09-12;44;45;44;45;1.7810357015046;2.1969604991137;0.41592479760909984;1;1;False;3.5846603474751;3.9082087439743;0.32354839649919986;0;1;0;1
kognition;kognition;False;2025-09-12;2025-09-12;45;46;45;47;2.1969604991137;1.3099250211841;-0.8870354779295999;1;1;False;3.9082087439743;1.6223511642224;-2.2858575797519;1;1;1;1
kognition;performanz;True;2025-09-12;2025-09-19;46;34;47;34;1.3099250211841;1.7503923860708;0.4404673648866999;1;1;False;1.6223511642224;3.2500733602901;1.6277221960677;1;0;1;0
performanz;kognition;True;2025-09-19;2025-09-19;34;35;34;35;1.7503923860708;1.8346726067272;0.08428022065639995;1;1;False;3.2500733602901;3.2578547618;0.007781401509900032;0;0;0;0
kognition;kognition;False;2025-09-19;2025-09-19;35;36;35;36;1.8346726067272;2.3317185870149;0.4970459802877003;1;1;False;3.2578547618;3.9472334029979;0.6893786411979002;0;1;0;1
kognition;kognition;False;2025-09-19;2025-09-19;36;37;36;37;2.3317185870149;1.9983364398439;-0.3333821471710001;1;1;False;3.9472334029979;3.73654460792;-0.21068879507790017;1;1;1;1
kognition;kognition;False;2025-09-19;2025-09-19;37;38;37;38;1.9983364398439;1.7210596468562;-0.2772767929877;1;1;False;3.73654460792;3.2680013090368;-0.4685432988831999;1;0;1;0
kognition;performanz;True;2025-09-19;2025-09-26;38;26;38;26;1.7210596468562;1.7503923860708;0.02933273921459989;1;1;False;3.2680013090368;3.2500733602901;-0.017927948746700118;0;0;0;0
performanz;kognition;True;2025-09-26;2025-09-26;26;27;26;27;1.7503923860708;2.2919360807261;0.5415436946552998;1;1;False;3.2500733602901;4.2764814618867;1.0264081015966;0;1;0;1
kognition;kognition;False;2025-09-26;2025-09-26;27;28;27;28;2.2919360807261;0.811;-1.4809360807260998;1;1;False;4.2764814618867;0.99141868047763;-3.28506278140907;1;0;1;0
kognition;performanz;True;2025-09-26;2025-09-26;28;29;28;29;0.811;1.5905662396008;0.7795662396008;1;1;False;0.99141868047763;2.8317859427849;1.8403672623072698;0;0;0;0
performanz;performanz;False;2025-09-26;2025-09-26;29;30;29;30;1.5905662396008;1.7185730315922;0.12800679199140008;1;1;False;2.8317859427849;3.4752254188631;0.6434394760782003;0;0;0;0
performanz;performanz;False;2025-09-26;2025-10-24;30;11;30;11;1.7185730315922;1.988922705534;0.2703496739417999;1;1;False;3.4752254188631;4.1345309576921;0.6593055388289994;0;1;0;1
performanz;kognition;True;2025-10-24;2025-10-24;11;12;11;12;1.988922705534;2.0758103279544;0.08688762242039982;1;1;False;4.1345309576921;4.4037939267681;0.2692629690760002;1;1;1;1
kognition;sozial;True;2025-10-24;2025-10-24;12;13;12;13;2.0758103279544;1.5587443540156;-0.5170659739387997;1;1;False;4.4037939267681;2.8888755659315;-1.5149183608366;1;1;1;1
sozial;kognition;True;2025-10-24;2025-10-24;13;14;13;14;1.5587443540156;1.7353345284312;0.1765901744156;1;1;False;2.8888755659315;2.9900649591247;0.10118939319319997;1;0;1;0
kognition;performanz;True;2025-10-24;2025-10-24;14;15;14;15;1.7353345284312;2.061049496361;0.3257149679297999;1;1;False;2.9900649591247;4.1805161786248;1.1904512195001002;0;0;0;0
performanz;performanz;False;2025-10-24;2025-11-14;15;1579;15;2149;2.061049496361;2.2037111148771;0.14266161851610004;1;1;False;4.1805161786248;4.4186696153973;0.23815343677249956;0;1;0;1
performanz;kognition;True;2025-11-14;2025-11-14;1579;1580;2149;2150;2.2037111148771;2.0311230831007;-0.17258803177639992;1;1;False;4.4186696153973;3.8229300313861;-0.5957395840111999;1;0;1;0
kognition;performanz;True;2025-11-14;2025-11-14;1580;1581;2150;2151;2.0311230831007;2.070230043039;0.03910695993829982;1;1;False;3.8229300313861;3.7913177909615;-0.03161224042459976;0;2;0;1
performanz;performanz;False;2025-11-14;2025-11-14;1581;1582;2151;2152;2.070230043039;2.260374675858;0.19014463281899996;1;1;False;3.7913177909615;4.5339414150742;0.7426236241127002;2;1;1;1
performanz;performanz;False;2025-11-14;2025-11-14;1582;1583;2152;2153;2.260374675858;1.5441145590549;-0.7162601168031;1;1;False;4.5339414150742;2.75996044218;-1.7739809728942002;1;0;1;0
performanz;kognition;True;2025-11-14;2025-11-28;1583;1566;2153;2135;1.5441145590549;2.4410982889583;0.8969837299034003;1;1;False;2.75996044218;4.2776947265947;1.5177342844147002;0;0;0;0
kognition;kognition;False;2025-11-28;2025-11-28;1566;1567;2135;2136;2.4410982889583;2.2069589158005;-0.2341393731578001;1;1;False;4.2776947265947;3.916840808544;-0.36085391805070044;0;0;0;0
kognition;performanz;True;2025-11-28;2025-11-28;1567;1568;2136;2137;2.2069589158005;1.5570911828289;-0.6498677329716;1;1;False;3.916840808544;2.5553402422033;-1.3615005663407;0;0;0;0
performanz;kognition;True;2025-11-28;2025-11-28;1568;1569;2137;2138;1.5570911828289;1.7468429863796;0.18975180355069998;1;1;False;2.5553402422033;4.0578127668032;1.5024725245999;0;1;0;1
kognition;performanz;True;2025-11-28;2026-01-16;1569;1552;2138;2120;1.7468429863796;1.6203139294579;-0.1265290569216999;1;1;False;4.0578127668032;2.8371568730149;-1.2206558937882996;1;0;1;0
performanz;methodik;True;2026-01-16;2026-01-16;1552;1553;2120;2121;1.6203139294579;2.1410505413095;0.5207366118515997;1;1;False;2.8371568730149;4.7299790770357;1.8928222040207996;0;1;0;1
methodik;kognition;True;2026-01-16;2026-01-16;1553;1554;2121;2122;2.1410505413095;2.3210201415921;0.17996960028260034;1;1;False;4.7299790770357;3.3989502526716;-1.3310288243641;1;1;1;1
kognition;performanz;True;2026-01-16;2026-01-16;1554;1555;2122;2124;2.3210201415921;1.3195872615143;-1.0014328800778;1;1;False;3.3989502526716;1.7830001959488;-1.6159500567227998;1;0;1;0
kognition;kognition;False;2025-09-19;2025-09-19;2209;2210;2784;2785;2.2832192608297;2.2549263317718;-0.02829292905789993;1;1;False;3.6744837708226;4.0208828769976;0.34639910617500025;0;0;0;0
kognition;performanz;True;2025-09-19;2025-09-19;2210;2211;2785;2786;2.2549263317718;2.0864958050995;-0.16843052667229985;1;1;False;4.0208828769976;3.9909291971125;-0.029953679885100115;0;0;0;0
performanz;regulation;True;2025-09-19;2025-09-19;2211;2212;2786;2787;2.0864958050995;1.9126138920563;-0.1738819130432001;1;1;False;3.9909291971125;4.0164817262936;0.02555252918110007;0;0;0;0
regulation;regulation;False;2025-09-19;2025-09-19;2212;2213;2787;2788;1.9126138920563;1.0959483968476;-0.8166654952087;1;1;False;4.0164817262936;1.6538928464461;-2.3625888798475003;0;0;0;0
regulation;performanz;True;2025-09-19;2025-09-26;2213;2204;2788;2779;1.0959483968476;2.1834193470863;1.0874709502386999;1;1;False;1.6538928464461;4.7272578340427;3.0733649875966;0;1;0;1
performanz;kognition;True;2025-09-26;2025-09-26;2204;2205;2779;2780;2.1834193470863;2.7452166646962;0.5617973176099;1;1;False;4.7272578340427;4.3522760147837;-0.3749818192589993;1;0;1;0
kognition;kognition;False;2025-09-26;2025-09-26;2205;2206;2780;2781;2.7452166646962;1.8515721846579;-0.8936444800382999;1;1;False;4.3522760147837;3.1492118583832;-1.2030641564005005;0;1;0;1
kognition;performanz;True;2025-09-26;2025-09-26;2206;2207;2781;2782;1.8515721846579;1.6514653847318;-0.20010679992610014;1;1;False;3.1492118583832;3.1819690767104;0.03275721832720002;1;0;1;0
performanz;kognition;True;2025-09-26;2025-09-26;2207;2208;2782;2783;1.6514653847318;2.2009129520582;0.5494475673264001;1;1;False;3.1819690767104;3.5655874874173;0.3836184107069003;0;0;0;0
kognition;kognition;False;2025-09-26;2025-11-07;2208;2196;2783;2771;2.2009129520582;2.3289522253193;0.12803927326109976;1;1;False;3.5655874874173;4.3258647160129;0.7602772285955997;0;1;0;1
kognition;kognition;False;2025-11-07;2025-11-07;2196;2197;2771;2772;2.3289522253193;2.5684402293092;0.2394880039899001;1;1;False;4.3258647160129;4.7203348418297;0.39447012581680063;1;0;1;0
kognition;performanz;True;2025-11-07;2025-11-07;2197;2198;2772;2773;2.5684402293092;1.7185730315922;-0.8498671977169998;1;1;False;4.7203348418297;3.4752254188631;-1.2451094229666002;0;0;0;0
performanz;kognition;True;2025-11-07;2025-11-07;2198;2199;2773;2774;1.7185730315922;2.1046227351488;0.38604970355659995;1;1;False;3.4752254188631;3.4246644235568;-0.05056099530630043;0;1;0;1
kognition;regulation;True;2025-11-07;2025-11-14;2199;2192;2774;2767;2.1046227351488;2.1828699354367;0.07824720028789978;1;1;False;3.4246644235568;4.0126552337059;0.5879908101490998;1;0;1;0
regulation;motivation;True;2025-11-14;2025-11-14;2192;2193;2767;2768;2.1828699354367;1.8221612265061;-0.3607087089305998;1;1;False;4.0126552337059;3.8471321766507;-0.16552305705519954;0;0;0;0
motivation;kognition;True;2025-11-14;2025-11-14;2193;2194;2768;2769;1.8221612265061;1.6090114569035;-0.21314976960260013;1;1;False;3.8471321766507;2.2493462737248;-1.5977859029259003;0;1;0;1
kognition;performanz;True;2025-11-14;2025-11-14;2194;2195;2769;2770;1.6090114569035;1.6229270452087;0.01391558830520001;1;1;False;2.2493462737248;3.4989761103282;1.2496298366034004;1;1;1;1
performanz;regulation;True;2025-11-14;2025-11-28;2195;2187;2770;2762;1.6229270452087;1.7810357015046;0.1581086562959002;1;1;False;3.4989761103282;3.5846603474751;0.08568423714689999;1;0;1;0
regulation;kognition;True;2025-11-28;2025-11-28;2187;2188;2762;2763;1.7810357015046;2.011929137674;0.23089343616939995;1;1;False;3.5846603474751;4.1616133039273;0.5769529564522;0;0;0;0
kognition;kognition;False;2025-11-28;2025-11-28;2188;2189;2763;2764;2.011929137674;2.325873120126;0.31394398245199984;1;1;False;4.1616133039273;4.3741226535176;0.21250934959029966;0;1;0;1
kognition;kognition;False;2025-11-28;2025-11-28;2189;2190;2764;2765;2.325873120126;1.884870137549;-0.4410029825769999;1;1;False;4.3741226535176;3.6334044341863;-0.7407182193313;1;2;1;1
kognition;regulation;True;2025-11-28;2025-11-28;2190;2191;2765;2766;1.884870137549;1.8273956846978;-0.05747445285120012;1;1;False;3.6334044341863;3.5207315255485;-0.1126729086378;2;1;1;1
regulation;performanz;True;2025-11-28;2026-01-16;2191;2172;2766;2747;1.8273956846978;1.9531896505829;0.12579396588510017;1;1;False;3.5207315255485;3.2870701844949;-0.2336613410535997;1;0;1;0
performanz;performanz;False;2026-01-16;2026-01-16;2172;2173;2747;2748;1.9531896505829;2.3238211125165;0.37063146193359975;1;1;False;3.2870701844949;4.8604079848911;1.5733378003961995;0;0;0;0
performanz;kognition;True;2026-01-16;2026-01-16;2173;2174;2748;2749;2.3238211125165;1.2771822134312;-1.0466388990852997;1;1;False;4.8604079848911;2.1587129569032;-2.7016950279878995;0;1;0;1
kognition;kognition;False;2026-01-16;2026-01-16;2174;2175;2749;2750;1.2771822134312;1.6541350767271;0.37695286329589983;1;1;False;2.1587129569032;3.0157863397785;0.8570733828752997;1;0;1;0
kognition;kognition;False;2026-01-16;2026-01-16;2175;2176;2750;2751;1.6541350767271;1.1870654375839;-0.4670696391431999;1;1;False;3.0157863397785;2.0864446589711;-0.9293416808073998;0;1;0;1
kognition;performanz;True;2025-12-04;2025-12-04;1509;1510;2077;2078;2.1928329711058;1.8608741963844;-0.3319587747213999;1;1;False;3.9028243912711;3.0556171049096;-0.8472072863614999;1;0;1;0
performanz;kognition;True;2025-12-04;2025-12-04;1510;1511;2078;2079;1.8608741963844;2.3317185870149;0.4708443906305002;1;1;False;3.0556171049096;3.9472334029979;0.8916162980883002;0;1;0;1
kognition;kognition;False;2025-12-04;2025-12-04;1511;1512;2079;2080;2.3317185870149;1.8796171795718;-0.45210140744310023;1;1;False;3.9472334029979;3.9646280613375;0.017394658339599633;1;0;1;0
kognition;kognition;False;2025-12-04;2025-12-04;1512;1513;2080;2081;1.8796171795718;1.5684720974388;-0.31114508213299996;1;1;False;3.9646280613375;3.0254345195717;-0.9391935417657997;0;0;0;0
