scope,id,datum,teilnehmer_id,gruppe_id,lehrkraft_id,d_semantisch,dominante_dimension,dominante_dimension_wert,polaritaet_gesamt,operator_count,modulator_count,x_kognition,x_sozial,x_affektiv,x_motivation,x_methodik,x_performanz,x_regulation
alle_ausser_lehrkraft_id_1,823,2025-01-08,2,3,14,3.8760917266977,performanz,1.9510897771911,1,0,0,0.43424935009182,0.2714361452646,0.16084112390584,0.43977827835666,0.35670810228745,0.50336392457206,0.37128701717181
alle_ausser_lehrkraft_id_1,822,2025-01-13,2,1,8,0.71382144994389,kognition,-0.58392,-1,3,1,-0.8180082287575,0.0,-0.17852953944522,0.0,-0.48515654504606,-0.25216036644806,0.0
alle_ausser_lehrkraft_id_1,821,2025-01-15,2,3,14,4.5772987610381,regulation,2.4350733036945,1,0,0,0.38717652016471,0.18900611280864,0.17742183846571,0.40387260131044,0.40340916167313,0.41716291578991,0.53198799356114
alle_ausser_lehrkraft_id_1,820,2025-01-22,2,3,14,2.2331327512708,kognition,1.1133431751098,1,1,0,0.49855441371863,0.2685905419827,0.24152203424276,0.4601119378958,0.32213179244245,0.38234467361214,0.39912583453127
alle_ausser_lehrkraft_id_1,766,2025-10-13,2,1,12,3.1105149252108,kognition,1.6517086769815,1,0,0,0.53100641103836,0.037516048702287,0.13871477916169,0.36888022758025,0.4065452396975,0.52667608483763,0.34443746200904
alle_ausser_lehrkraft_id_1,767,2025-10-13,2,1,12,3.1172442691244,kognition,2.1688746734496,1,0,0,0.69576444081953,0.0,0.16369007378504,0.15193693723741,0.48658802563816,0.43032265210642,0.20995395265513
alle_ausser_lehrkraft_id_1,768,2025-10-13,2,1,12,3.5717878102127,kognition,1.8941985677148,1,0,0,0.5303207707611,0.0025796929428273,0.21368847062502,0.26998418773395,0.48896612273076,0.52657343227264,0.289527119649
alle_ausser_lehrkraft_id_1,769,2025-10-13,2,1,12,3.648548811648,performanz,1.8144280300528,1,0,0,0.38885845163842,0.19199426251791,0.31575625939891,0.41583833205431,0.32791525199639,0.49729992682597,0.42949116716453
alle_ausser_lehrkraft_id_1,1341,2026-01-06,3,1,19,3.2342344427424,kognition,1.9138365334644,1,1,0,0.59174146152093,0.038405650800278,0.099214849723068,0.31748586916428,0.39987967905516,0.44424680314885,0.42480704035474
alle_ausser_lehrkraft_id_1,1342,2026-01-06,3,1,19,4.8610905793176,methodik,2.3478293915917,1,1,0,0.47994405849977,0.055198548943196,0.10402802334362,0.36838272977433,0.48298309267266,0.43924951826585,0.44029789265196
alle_ausser_lehrkraft_id_1,1343,2026-01-06,3,1,19,1.9518307068104,kognition,1.1102486082864,1,0,0,0.56882132051685,0.32907483161997,0.24524610837736,0.4529016046312,0.34467320129384,0.23152682345413,0.36120909593686
alle_ausser_lehrkraft_id_1,1344,2026-01-06,3,1,19,3.3071324215857,performanz,2.0419955009538,1,1,0,0.45520654008634,0.018738803433432,0.21117659791171,0.3576062310987,0.37479611705478,0.61745012480432,0.31342504302348
alle_ausser_lehrkraft_id_1,1345,2026-01-06,3,1,19,3.5459767256588,kognition,2.0635169573234,1,1,0,0.5819302543892,0.025556217949941,0.16336965941252,0.27651007972838,0.44722713027514,0.40033995329892,0.44414723291951
alle_ausser_lehrkraft_id_1,1336,2026-01-13,3,1,19,3.9028243912711,kognition,2.1928329711058,1,1,0,0.56185652560873,0.035514064351567,0.10716096158394,0.3336892807476,0.43935402011948,0.47241530936597,0.37948739649417
alle_ausser_lehrkraft_id_1,1337,2026-01-13,3,1,19,4.1753366045791,kognition,2.0025209823477,1,0,0,0.47960592784119,0.20384347683099,0.27356109825585,0.38796629419017,0.38566077691678,0.43325305356153,0.40819754744271
alle_ausser_lehrkraft_id_1,1338,2026-01-13,3,1,19,3.7945306446695,regulation,1.7816850647611,1,1,0,0.383394548246,0.288480981131,-0.019772135789809,0.45100262381218,0.4258566687896,0.40517518881483,0.46953906456739
alle_ausser_lehrkraft_id_1,1339,2026-01-13,3,1,19,2.8888755659315,sozial,1.5587443540156,1,1,0,0.37831587943523,0.53956597395126,0.029926290388881,0.46983040777715,0.25197936507438,0.39635197416013,0.35144565621995
alle_ausser_lehrkraft_id_1,1340,2026-01-13,3,1,19,4.6528861597638,performanz,2.3369126707959,1,0,0,0.45163227136925,0.21250462012127,0.1734894590181,0.40952500747516,0.40519201492762,0.50224904888369,0.3696238348482
alle_ausser_lehrkraft_id_1,1332,2026-01-27,3,1,19,4.2434364120772,kognition,2.1266007185707,1,0,0,0.50114942244074,0.11396715072385,0.17824852421908,0.34183623305069,0.44985360536929,0.43478865646368,0.44251784498799
alle_ausser_lehrkraft_id_1,1333,2026-01-27,3,1,19,3.4522478891995,kognition,1.8706043338075,1,1,1,0.54184953553435,0.028966549779741,0.10377305345183,0.30141773302564,0.50406736303315,0.44719022762149,0.38713011245978
alle_ausser_lehrkraft_id_1,1334,2026-01-27,3,1,19,3.445161991689,regulation,1.6593102589405,1,0,0,0.35697457681494,0.30867452774446,-0.051124322883014,0.44905706607895,0.45666641004076,0.36400878395462,0.48163350420338
alle_ausser_lehrkraft_id_1,1335,2026-01-27,3,1,19,2.8674352088813,performanz,1.6859498552702,1,0,0,0.41373391072764,0.1011662724033,0.30642597316211,0.28072842674595,0.37441986092981,0.5879623610761,0.39998420555291
alle_ausser_lehrkraft_id_1,729,2025-09-01,4,0,22,3.5846603474751,regulation,1.7810357015046,1,0,0,0.44499407838611,0.049847783190915,0.036900952175072,0.39802316963037,0.42437609028194,0.46125148062342,0.49684783504823
alle_ausser_lehrkraft_id_1,730,2025-09-01,4,0,22,4.0951626757308,kognition,2.2430348647762,1,0,0,0.54772656549237,0.21051701906597,0.32274620042444,0.31662659543677,0.45281566211448,0.36797482837009,0.33287880879993
alle_ausser_lehrkraft_id_1,731,2025-09-01,4,0,22,3.5717878102127,kognition,1.8941985677148,1,0,0,0.5303207707611,0.0025796929428273,0.21368847062502,0.26998418773395,0.48896612273076,0.52657343227264,0.289527119649
alle_ausser_lehrkraft_id_1,732,2025-09-01,4,0,22,2.9587323352089,motivation,1.8151486855143,1,0,0,0.20418107569392,0.27982740008289,0.36160357600822,0.61348656958536,0.19574299446748,0.33674943419556,0.47027814781919
alle_ausser_lehrkraft_id_1,733,2025-09-01,4,0,22,3.3659078131316,kognition,1.8644313920995,1,0,0,0.55391471081846,0.027419524844313,0.15221827542323,0.29709727428258,0.43315863907753,0.40624546152473,0.47783024759156
alle_ausser_lehrkraft_id_1,718,2025-09-16,4,0,19,2.3852489463375,motivation,1.2951057303566,1,1,1,0.40565905338819,0.24468740597332,0.41380304731485,0.54296231960275,0.27823500908808,0.41439758935696,0.2457219894991
alle_ausser_lehrkraft_id_1,719,2025-09-16,4,0,19,4.1990309356057,kognition,2.200270088071,1,0,0,0.52399348370573,0.021963229774419,0.18362881266575,0.31281566223708,0.46688529305889,0.50392461571568,0.34849477471601
alle_ausser_lehrkraft_id_1,720,2025-09-16,4,0,19,2.3428052989296,methodik,1.3071304723696,1,2,0,0.51447576205092,0.042683689169047,0.09160513239389,0.31116409404235,0.55793150786012,0.39453333050523,0.40165351508073
alle_ausser_lehrkraft_id_1,721,2025-09-16,4,0,19,4.8061660753965,regulation,2.3556487699433,1,0,0,0.41195645886382,0.11739574529303,0.15525898219208,0.4125302752567,0.39087145664052,0.47876083040477,0.49012951939113
alle_ausser_lehrkraft_id_1,722,2025-09-16,4,0,19,4.4336617364237,kognition,2.1820491743331,1,0,0,0.49215397621954,0.1998670220788,0.11445072171214,0.39248883283008,0.46126862894737,0.42771883525212,0.39366803854352
alle_ausser_lehrkraft_id_1,723,2025-09-16,4,0,19,1.5862698887642,kognition,1.2976,1,1,0,0.81801453147773,0.0,0.17853091500809,0.0,0.48516028315757,0.25216230933346,0.0
alle_ausser_lehrkraft_id_1,1164,2025-12-18,4,0,23,3.5846603474751,regulation,1.7810357015046,1,0,0,0.44499407838611,0.049847783190915,0.036900952175072,0.39802316963037,0.42437609028194,0.46125148062342,0.49684783504823
alle_ausser_lehrkraft_id_1,1165,2025-12-18,4,0,23,3.7903140793782,regulation,2.0584483248078,1,0,0,0.43782915236789,0.20100650117379,0.23487362217918,0.31187955950307,0.38918849396145,0.41116778334824,0.54307976882693
alle_ausser_lehrkraft_id_1,1166,2025-12-18,4,0,23,3.700079851345,kognition,2.0024305811111,1,0,0,0.54118431215479,0.10689917292218,0.1428571442414,0.30829942435736,0.41805401778194,0.37494993575965,0.51465851494907
alle_ausser_lehrkraft_id_1,1167,2025-12-18,4,0,23,2.5677818078907,motivation,1.2052751378734,1,2,1,0.35414748083857,0.38945317322984,-0.016509864641924,0.46938195463106,0.38464361882541,0.39297273842287,0.44713277366814
alle_ausser_lehrkraft_id_1,1600,2025-12-17,5,6,23,2.7008782028216,kognition,1.8124059963247,1,0,0,0.67104073187158,0.0,0.13221920340388,0.18986342323182,0.46057081054162,0.46390437256253,0.26236264134944
alle_ausser_lehrkraft_id_1,1601,2025-12-17,5,6,23,2.9011619883243,performanz,1.8146533005108,1,0,0,0.48967516717457,0.0,0.17265110518826,0.31720137154232,0.35619597135299,0.62548973580807,0.33417546746929
alle_ausser_lehrkraft_id_1,1602,2025-12-17,5,6,23,4.8957032169324,kognition,2.3286846553298,1,2,0,0.47565789745932,0.17074892706981,0.16805093198274,0.40660069055794,0.39844650441423,0.45946383611046,0.42562708138808
alle_ausser_lehrkraft_id_1,1603,2025-12-17,5,6,23,2.6639588768902,performanz,1.8748588840797,1,0,0,0.42842360358618,0.0,0.29865626988534,0.31581381421945,0.3048058321461,0.70378407959044,0.19822499721326
alle_ausser_lehrkraft_id_1,1604,2025-12-17,5,6,23,3.4507597507663,performanz,1.7576385021604,1,0,0,0.44464530526223,0.098341955792704,0.27435660761333,0.36291912005201,0.37409352724782,0.50934679190639,0.43156883465415
alle_ausser_lehrkraft_id_1,1594,2026-01-06,5,2,23,3.1988921097457,kognition,1.919667488646,1,0,0,0.60010197961283,0.028359326892356,0.086449473354213,0.30337364378423,0.40429765756495,0.44207952411901,0.42504956153813
alle_ausser_lehrkraft_id_1,1595,2026-01-06,5,2,23,4.7299790770357,methodik,2.1410505413095,1,1,0,0.44419334632973,0.193543274998,0.0710246340135,0.41578844647734,0.45265443670988,0.44516430395875,0.42922862904441
alle_ausser_lehrkraft_id_1,1596,2026-01-06,5,2,23,2.9900649591247,kognition,1.7353345284312,1,0,0,0.58036489123308,0.10643085034257,0.28652846723075,0.23051807041907,0.42718416964422,0.47692739623724,0.32658716896938
alle_ausser_lehrkraft_id_1,1597,2026-01-06,5,2,23,4.8957032169324,kognition,2.3286846553298,1,2,0,0.47565789745932,0.17074892706981,0.16805093198274,0.40660069055794,0.39844650441423,0.45946383611046,0.42562708138808
alle_ausser_lehrkraft_id_1,1598,2026-01-06,5,2,23,4.2154606819304,performanz,2.2329100933114,1,0,0,0.47702884675405,0.035858957413928,0.14440605365886,0.38564030488792,0.40772019219027,0.52969413424763,0.39340778595657
alle_ausser_lehrkraft_id_1,1599,2026-01-06,5,2,23,3.8716960479575,motivation,-2.0341912534764,-1,1,0,-0.45208650665067,-0.24456106658026,-0.16821355621923,-0.52539919825513,-0.39535488180038,-0.39979270138466,-0.33959196821461
alle_ausser_lehrkraft_id_1,1589,2026-01-07,5,6,23,2.2792901074475,performanz,1.7803177442296,1,0,0,0.26065571282368,0.0,0.29833114483633,0.36911250485341,0.20746555360131,0.78108088461566,0.23167867253301
alle_ausser_lehrkraft_id_1,1590,2026-01-07,5,6,23,3.0045876008173,kognition,1.6662193362077,1,1,1,0.55455656882455,0.13213083838315,0.2111204192588,0.25222496970111,0.43296993128715,0.41757439605066,0.45274848720097
alle_ausser_lehrkraft_id_1,1591,2026-01-07,5,6,23,2.4979615897285,motivation,1.1890380162526,1,2,1,0.45322088579292,0.032025984734557,0.19487017010741,0.47600141696641,0.32757299551839,0.44325513016022,0.47458007600903
alle_ausser_lehrkraft_id_1,1592,2026-01-07,5,6,23,1.5644129889514,kognition,0.811,1,2,1,0.51840199596119,0.031960665595634,0.031960665595634,0.37330057415701,0.30746160303,0.4787707706226,0.51584514271354
alle_ausser_lehrkraft_id_1,1593,2026-01-07,5,6,23,2.7007217766683,performanz,1.5027873441929,1,1,0,0.25750189043573,-0.015244497819597,0.35323771183944,0.55304937693249,0.25680364577481,0.55643709500347,0.35671014668989
alle_ausser_lehrkraft_id_1,917,2024-10-25,6,7,8,1.5492797040439,performanz,1.3830068243652,1,3,1,0.13676105174418,-0.038339303144554,0.31386227661556,0.28824978681536,0.036353875622491,0.8926715389351,-0.0056616677270978
alle_ausser_lehrkraft_id_1,915,2025-01-06,6,0,8,1.2396455138466,performanz,-1.0,-1,0,0,-0.24522941785392,0.0,-0.28233650081865,-0.35332396388163,-0.19360217198993,-0.80667571662473,-0.21699576777205
alle_ausser_lehrkraft_id_1,914,2025-01-08,6,3,14,3.1461078895691,performanz,1.7643488696062,1,0,0,0.43832606661536,0.025428163472589,0.32368627692863,0.45993972708222,0.29234857048533,0.5608018934878,0.30155182302955
alle_ausser_lehrkraft_id_1,913,2025-01-10,6,7,8,3.3673681826531,sozial,2.0475921405152,1,2,0,0.20292797280367,0.60806717554425,0.18347546557776,0.54023159011659,0.21559009046064,0.33885349502664,0.31977243928136
alle_ausser_lehrkraft_id_1,912,2025-01-15,6,3,14,5.3915605156174,regulation,2.4580611406538,1,1,0,0.34567866208011,0.22973111324606,0.32692307831842,0.45039516803553,0.36051377709271,0.42446343001538,0.45590818733312
alle_ausser_lehrkraft_id_1,910,2025-03-27,6,0,7,2.9786733781959,performanz,1.9822295053944,1,1,0,0.34681514388007,0.021778917795331,0.19227622665865,0.40718074078557,0.32339682743774,0.66547170468148,0.35921277763632
alle_ausser_lehrkraft_id_1,909,2025-06-02,6,0,12,2.6798718191719,kognition,1.7320972701215,1,1,0,0.64633345311353,0.024003768990041,0.13329549030613,0.249982108482,0.4941178302569,0.4250637834785,0.27672916535662
alle_ausser_lehrkraft_id_1,862,2025-09-30,6,0,19,4.625382459712,regulation,2.277567118539,1,1,0,0.41206440660338,0.076103306416224,0.056677556557064,0.41773809565796,0.4613570321833,0.43746573804472,0.49240516094084
alle_ausser_lehrkraft_id_1,863,2025-09-30,6,0,19,4.1959607750546,kognition,2.2176040705498,1,1,1,0.52850798764701,0.033057437189919,0.11991473533283,0.3111460283294,0.50972860238967,0.43980333406568,0.39387831994598
alle_ausser_lehrkraft_id_1,864,2025-09-30,6,0,19,2.5677818078907,motivation,1.2052751378734,1,2,1,0.35414748083857,0.38945317322984,-0.016509864641924,0.46938195463106,0.38464361882541,0.39297273842287,0.44713277366814
alle_ausser_lehrkraft_id_1,865,2025-09-30,6,0,19,3.6940393184514,motivation,1.771051310269,1,0,0,0.33295123459106,0.40703321573119,0.42321656646657,0.47943358563807,0.25647040025774,0.3617915443085,0.34325356467084
alle_ausser_lehrkraft_id_1,866,2025-09-30,6,0,19,2.1129969924978,performanz,-1.8674785612985,-1,0,0,-0.23666123224212,0.09973348232948,-0.23115913641968,-0.28495457071789,-0.12530584779423,-0.88380141094134,0.050941979720327
alle_ausser_lehrkraft_id_1,844,2025-10-28,6,0,19,4.2434364120772,kognition,2.1266007185707,1,0,0,0.50114942244074,0.11396715072385,0.17824852421908,0.34183623305069,0.44985360536929,0.43478865646368,0.44251784498799
alle_ausser_lehrkraft_id_1,845,2025-10-28,6,0,19,4.7439700181688,kognition,2.5699952975229,1,0,0,0.54173822142593,0.051012660441897,0.15625665870711,0.32683102774559,0.44699125626712,0.44159368688491,0.42174916774378
alle_ausser_lehrkraft_id_1,846,2025-10-28,6,0,19,2.3428052989296,methodik,1.3071304723696,1,1,0,0.51447576205092,0.042683689169047,0.09160513239389,0.31116409404235,0.55793150786012,0.39453333050523,0.40165351508073
alle_ausser_lehrkraft_id_1,847,2025-10-28,6,0,19,3.9546306929547,kognition,2.2238972144743,1,0,0,0.56235126959478,0.020922098272622,0.19218035228865,0.30745598822261,0.40913861330308,0.52329609560557,0.33259972485648
alle_ausser_lehrkraft_id_1,848,2025-10-28,6,0,19,3.648548811648,performanz,1.8144280300528,1,0,0,0.38885845163842,0.19199426251791,0.31575625939891,0.41583833205431,0.32791525199639,0.49729992682597,0.42949116716453
alle_ausser_lehrkraft_id_1,835,2025-11-04,6,0,19,3.9028243912711,kognition,2.1928329711058,1,1,0,0.56185652560873,0.035514064351567,0.10716096158394,0.3336892807476,0.43935402011948,0.47241530936597,0.37948739649417
alle_ausser_lehrkraft_id_1,836,2025-11-04,6,0,19,3.2645506643148,kognition,1.752927244018,1,0,0,0.53695655381115,0.12160901291853,0.19430850592622,0.27023992750622,0.42310320660401,0.44252841115942,0.45961902581514
alle_ausser_lehrkraft_id_1,837,2025-11-04,6,0,19,2.9898402914902,kognition,1.8497956426329,1,1,0,0.61869172777574,0.26165124118264,0.37511761181132,0.32912105809137,0.40496483599092,0.3576085578641,0.088533564626579
alle_ausser_lehrkraft_id_1,838,2025-11-04,6,0,19,3.4817423048328,kognition,2.1505046567471,1,0,0,0.61765009927963,0.2872117004452,0.15603886664661,0.2872117004452,0.50103511698974,0.35272549844014,0.23177984225927
alle_ausser_lehrkraft_id_1,1444,2025-11-11,6,0,19,4.2375936204146,performanz,2.034911587693,1,0,0,0.44755458964527,0.18471160900953,0.27647585423301,0.40997226864095,0.37266138334302,0.48020338143233,0.38933769139254
alle_ausser_lehrkraft_id_1,1445,2025-11-11,6,0,19,2.1790951612463,kognition,1.2999584535744,1,1,0,0.59655608948717,0.36482865266828,0.40980739984522,0.39460415496634,0.35073160358203,0.24677962783086,0.058688343660483
alle_ausser_lehrkraft_id_1,1446,2025-11-11,6,0,19,1.7830001959488,performanz,1.3195872615143,1,0,0,0.38136155656562,0.022433971544799,0.21359046816581,0.36212796890268,0.22310986354917,0.74008957689225,0.28245480372957
alle_ausser_lehrkraft_id_1,1447,2025-11-11,6,0,19,4.1877424962358,methodik,2.0353585414423,1,0,0,0.39127593926563,0.06814420500992,0.046609447259146,0.42649716325555,0.48602646485718,0.43207738758716,0.48504625202663
alle_ausser_lehrkraft_id_1,1430,2025-11-18,6,0,19,3.9754603937968,kognition,2.1118789605959,1,0,0,0.53122744012662,0.022266357176725,0.15845702965771,0.31305095472288,0.4683200092299,0.49369494887372,0.36211699940813
alle_ausser_lehrkraft_id_1,1431,2025-11-18,6,0,19,4.6868909949516,regulation,2.2355880295845,1,1,0,0.40716647962595,0.070692363472695,0.050021570961398,0.43339165642599,0.46902056006163,0.43747798125574,0.47698639932709
alle_ausser_lehrkraft_id_1,1432,2025-11-18,6,0,19,3.6940393184514,motivation,1.771051310269,1,0,0,0.33295123459106,0.40703321573119,0.42321656646657,0.47943358563807,0.25647040025774,0.3617915443085,0.34325356467084
alle_ausser_lehrkraft_id_1,1433,2025-11-18,6,0,19,3.445161991689,regulation,1.6593102589405,1,0,0,0.35697457681494,0.30867452774446,-0.051124322883014,0.44905706607895,0.45666641004076,0.36400878395462,0.48163350420338
alle_ausser_lehrkraft_id_1,1426,2025-11-25,6,0,19,4.4248015064122,kognition,2.5299323006465,1,0,0,0.57176046866182,0.052169000706233,0.13681307367429,0.33444133727735,0.45024896048661,0.45411408885347,0.36173372051404
alle_ausser_lehrkraft_id_1,1427,2025-11-25,6,0,19,3.1813676431278,performanz,1.4780206620485,1,0,0,0.43697363840821,0.31432923474525,0.046982968609961,0.43014855236104,0.39172434957001,0.46458510363938,0.39207451324792
alle_ausser_lehrkraft_id_1,1428,2025-11-25,6,0,19,2.1705909655679,regulation,1.0748847029185,1,1,0,0.41016065224904,0.049968981073429,0.032170610827381,0.39633397743253,0.46323979442207,0.45970750767414,0.49520143037311
alle_ausser_lehrkraft_id_1,1429,2025-11-25,6,0,19,4.2766590717479,motivation,2.0818792519938,1,0,0,0.33209301290047,0.37841837691444,0.38256831241431,0.48679923956401,0.28414573900136,0.39297120036295,0.35778751746519
alle_ausser_lehrkraft_id_1,1401,2025-12-12,6,7,23,4.0637489057853,kognition,2.0829911382815,1,0,0,0.51257744038802,0.23013458756657,0.17127204180886,0.37232291210636,0.40439334712313,0.50538671650944,0.31207265509604
alle_ausser_lehrkraft_id_1,1402,2025-12-12,6,7,23,2.9011619883243,performanz,1.8146533005108,1,0,0,0.48967516717457,0.0,0.17265110518826,0.31720137154232,0.35619597135299,0.62548973580807,0.33417546746929
alle_ausser_lehrkraft_id_1,1403,2025-12-12,6,7,23,3.3533597644884,motivation,1.7915442913418,1,0,0,0.41425099938255,0.29820749581207,0.29614522655344,0.53425193675745,0.28669873699374,0.4000688015956,0.35225572510267
alle_ausser_lehrkraft_id_1,1404,2025-12-12,6,7,23,3.5902114839272,performanz,1.7572379628335,1,0,0,0.3971431744353,0.28653829345557,0.14590320911336,0.43892973840054,0.37136167279791,0.48945113016017,0.41079018024235
alle_ausser_lehrkraft_id_1,1405,2025-12-12,6,7,23,2.4285529007933,performanz,1.517734800859,1,0,0,0.4282299540693,0.020588307588684,0.15656159458602,0.38655508674269,0.28065007168787,0.6249518183627,0.41583817372042
alle_ausser_lehrkraft_id_1,1398,2025-12-16,6,0,19,4.2811452631136,regulation,2.1118642691366,1,1,0,0.39453157613398,0.32332874279512,0.17661961816267,0.40009041652994,0.39611788571106,0.38507715333138,0.49329308080285
alle_ausser_lehrkraft_id_1,1399,2025-12-16,6,0,19,3.3833631186319,performanz,2.1257565680491,1,1,0,0.52299969028213,0.0,0.29892053573149,0.27568601845748,0.36872158033832,0.62829504565806,0.1743527374388
alle_ausser_lehrkraft_id_1,1400,2025-12-16,6,0,19,3.7898911954463,kognition,2.2935712438157,1,1,0,0.6051796934895,0.053692576620129,0.1662406082395,0.32704611640905,0.40483368072381,0.46350085312484,0.34285699153796
alle_ausser_lehrkraft_id_1,1394,2025-12-17,6,3,19,2.7008782028216,kognition,1.8124059963247,1,0,0,0.67104073187158,0.0,0.13221920340388,0.18986342323182,0.46057081054162,0.46390437256253,0.26236264134944
alle_ausser_lehrkraft_id_1,1395,2025-12-17,6,3,19,2.9011619883243,performanz,1.8146533005108,1,0,0,0.48967516717457,0.0,0.17265110518826,0.31720137154232,0.35619597135299,0.62548973580807,0.33417546746929
alle_ausser_lehrkraft_id_1,1396,2025-12-17,6,3,19,4.723590507544,performanz,2.2224477744004,1,0,0,0.42040962805,0.22593003878185,0.11044512960084,0.43942386871515,0.4051961049162,0.47049867380845,0.42586709149823
alle_ausser_lehrkraft_id_1,1397,2025-12-17,6,3,19,3.0257381219646,motivation,1.5369106333891,1,0,0,0.43790454460234,0.050987706223324,0.2277099374948,0.50794400969211,0.29084563611002,0.45239383196929,0.45444797044548
alle_ausser_lehrkraft_id_1,1389,2026-01-07,6,3,19,3.1988921097457,kognition,1.919667488646,1,0,0,0.60010197961283,0.028359326892356,0.086449473354213,0.30337364378423,0.40429765756495,0.44207952411901,0.42504956153813
alle_ausser_lehrkraft_id_1,1390,2026-01-07,6,3,19,2.5500239990253,regulation,1.5887506947218,1,0,0,0.30106002388061,0.15568419877999,0.13842952687491,0.37101936000202,0.30931179423061,0.49442664870243,0.62303118128191
alle_ausser_lehrkraft_id_1,1391,2026-01-07,6,3,19,4.0230266961372,regulation,2.1507426574126,1,0,0,0.32285345704235,0.1940878730544,0.24341569490145,0.41164830638065,0.33607032387167,0.48024720787901,0.5346067709195
alle_ausser_lehrkraft_id_1,1392,2026-01-07,6,3,19,3.8092753542734,performanz,2.06132346452,1,0,0,0.46064846728107,0.033447451813805,0.14540012885798,0.38824406928337,0.41376980713662,0.54113128128023,0.38829864222467
alle_ausser_lehrkraft_id_1,1393,2026-01-07,6,3,19,2.6261746889041,motivation,1.2623925324906,1,0,0,0.41358193012077,0.4120300862581,0.035560809429602,0.48069449868637,0.29942201539725,0.42667263452277,0.39387653764832
alle_ausser_lehrkraft_id_1,1384,2026-01-14,6,3,19,3.586103254132,kognition,1.7348832013882,1,1,0,0.48377814041128,0.21624124958158,0.25466237068262,0.40759703466828,0.38794169160328,0.41830305549323,0.40339606808647
alle_ausser_lehrkraft_id_1,1385,2026-01-14,6,3,19,2.5891291552071,performanz,1.6348496052309,1,1,1,0.50370779347505,0.0,0.19345833502926,0.30327613977023,0.35909799288386,0.6314259324158,0.29869401277169
alle_ausser_lehrkraft_id_1,1386,2026-01-14,6,3,19,4.0730731755336,performanz,2.1602420544193,1,0,0,0.50793164389237,0.029806912452068,0.14201670599099,0.36940497938456,0.35646034890973,0.5303702284784,0.41967456397547
alle_ausser_lehrkraft_id_1,1387,2026-01-14,6,3,19,3.9488118876419,kognition,1.9152788377772,1,0,0,0.48502538029663,0.025324008741178,0.23795142617514,0.38678225946455,0.4546744260224,0.46868110841995,0.36261797767101
alle_ausser_lehrkraft_id_1,1388,2026-01-14,6,3,19,3.9764145050982,kognition,2.1799360603504,1,2,0,0.54821512581354,0.051179220846702,0.10079022337517,0.36475957219993,0.41216140286162,0.44667430386721,0.42922332550946
alle_ausser_lehrkraft_id_1,1372,2026-01-23,6,7,23,4.0789242581081,regulation,1.8479915181834,1,0,0,0.42043389351725,0.32285885538557,0.14942820404965,0.40847577548243,0.41016540084089,0.39536647425586,0.45305744129363
alle_ausser_lehrkraft_id_1,1373,2026-01-23,6,7,23,3.7903140793782,regulation,2.0584483248078,1,0,0,0.43782915236789,0.20100650117379,0.23487362217918,0.31187955950307,0.38918849396145,0.41116778334824,0.54307976882693
alle_ausser_lehrkraft_id_1,1374,2026-01-23,6,7,23,2.3554216638968,performanz,1.171031134971,1,0,0,0.19785571730366,0.33095686675477,0.41928909416486,0.49146919269571,0.22256410971708,0.4971620076779,0.37048889297316
alle_ausser_lehrkraft_id_1,1367,2026-01-28,6,3,19,1.3188111830917,kognition,1.0975708585606,1,0,0,0.83223629756051,0.040451612190433,-0.055684238052357,0.011670751455983,0.49099433864298,-0.035747667103451,0.24523655927177
alle_ausser_lehrkraft_id_1,1368,2026-01-28,6,3,19,0.78503971413289,regulation,0.61169791055793,1,1,0,-0.19646102355585,0.42330280908898,0.37958715950229,0.1645495532834,-0.04349476965984,0.044837282982806,0.77918366129661
alle_ausser_lehrkraft_id_1,1369,2026-01-28,6,3,19,2.6261746889041,motivation,1.2623925324906,1,0,0,0.41358193012077,0.4120300862581,0.035560809429602,0.48069449868637,0.29942201539725,0.42667263452277,0.39387653764832
alle_ausser_lehrkraft_id_1,1370,2026-01-28,6,3,19,3.2319097401701,kognition,1.6796194716121,1,1,0,0.51969714802499,0.053163455215556,0.10834893091988,0.32726944443377,0.47290981872877,0.42522985948093,0.45141269694771
alle_ausser_lehrkraft_id_1,1371,2026-01-28,6,3,19,3.2610617527124,performanz,1.5410807252831,1,1,0,0.46727819350693,0.10274601857145,0.26333744255978,0.35239019234587,0.39118686035569,0.47256878785366,0.44856921128522
alle_ausser_lehrkraft_id_1,1931,2026-01-07,7,4,23,3.9028243912711,kognition,2.1928329711058,1,1,0,0.56185652560873,0.035514064351567,0.10716096158394,0.3336892807476,0.43935402011948,0.47241530936597,0.37948739649417
alle_ausser_lehrkraft_id_1,1932,2026-01-07,7,4,23,3.5945149852943,regulation,1.9772187354812,1,1,1,0.44008146001926,0.21195562268381,0.24766753587711,0.30191198612596,0.39195609564178,0.39077811478869,0.55006398441248
alle_ausser_lehrkraft_id_1,1933,2026-01-07,7,4,23,2.0751661843285,kognition,1.3018227166532,1,2,0,0.627331176256,0.052068647061027,0.029085078991583,0.24818163278304,0.52498460728217,0.30337747879706,0.41671095063911
alle_ausser_lehrkraft_id_1,1934,2026-01-07,7,4,23,3.9646280613375,kognition,1.8796171795718,1,0,0,0.47409552914842,0.41406760217284,0.095995289892389,0.41406760217284,0.43806451980786,0.35846842256622,0.32048275638434
alle_ausser_lehrkraft_id_1,1935,2026-01-07,7,4,23,1.3025838667872,motivation,0.69981913800531,1,1,0,0.36115172343753,0.5163664375442,0.47059949911277,0.53725044762523,0.18827947253543,0.22451528516508,0.083436058304641
alle_ausser_lehrkraft_id_1,1926,2026-01-14,7,4,23,2.86636421726,kognition,2.0532452617647,1,2,0,0.71632142425822,0.0,0.24589649946494,0.10102785763875,0.48005379208708,0.42650143713645,0.062046789280422
alle_ausser_lehrkraft_id_1,1927,2026-01-14,7,4,23,3.7903140793782,regulation,2.0584483248078,1,0,0,0.43782915236789,0.20100650117379,0.23487362217918,0.31187955950307,0.38918849396145,0.41116778334824,0.54307976882693
alle_ausser_lehrkraft_id_1,1928,2026-01-14,7,4,23,2.5677818078907,motivation,1.2052751378734,1,2,1,0.35414748083857,0.38945317322984,-0.016509864641924,0.46938195463106,0.38464361882541,0.39297273842287,0.44713277366814
alle_ausser_lehrkraft_id_1,1929,2026-01-14,7,4,23,3.961007449354,kognition,2.17271425264,1,0,0,0.54852428206151,0.028144193203567,0.15231775143531,0.32706755945492,0.43173643708193,0.46775918359501,0.40367694556994
alle_ausser_lehrkraft_id_1,1930,2026-01-14,7,4,23,3.3989502526716,kognition,2.3210201415921,1,1,0,0.68286180745059,0.01826365831898,0.17566245392676,0.19020295592194,0.51264892743446,0.39897867265262,0.21055388947738
alle_ausser_lehrkraft_id_1,1923,2026-01-21,7,4,23,3.7834187822736,performanz,2.1524916087874,1,0,0,0.43529939562806,0.035551443866491,0.119184436252,0.4104201615304,0.35006848278279,0.56892616001453,0.42470070376623
alle_ausser_lehrkraft_id_1,1924,2026-01-21,7,4,23,3.7903140793782,regulation,2.0584483248078,1,0,0,0.43782915236789,0.20100650117379,0.23487362217918,0.31187955950307,0.38918849396145,0.41116778334824,0.54307976882693
alle_ausser_lehrkraft_id_1,1925,2026-01-21,7,4,23,3.9472334029979,kognition,2.3317185870149,1,1,0,0.59072075090275,0.036035643093624,0.11051648660271,0.31723657760352,0.43648255743814,0.44637104913987,0.38357304861061
alle_ausser_lehrkraft_id_1,539,2025-02-06,8,0,7,1.4952397801022,regulation,1.0,1,0,0,0.33907378335502,0.033439229127714,0.080254149906513,0.39057019621169,0.3216853842086,0.41732157951387,0.66878458255427
alle_ausser_lehrkraft_id_1,538,2025-02-13,8,0,7,1.4952397801022,regulation,1.0,1,0,0,0.33907378335502,0.033439229127714,0.080254149906513,0.39057019621169,0.3216853842086,0.41732157951387,0.66878458255427
alle_ausser_lehrkraft_id_1,534,2025-03-13,8,0,7,3.3666875653448,kognition,1.8144776230582,1,0,0,0.53894880304534,0.11902260533474,0.18715230414695,0.30285988424917,0.45694277284208,0.41623217229527,0.43193269527026
alle_ausser_lehrkraft_id_1,532,2025-03-27,8,0,7,2.1532236836758,kognition,1.4014261761902,1,0,0,0.65084722889801,0.023220888832951,0.098704668493712,0.27121998156886,0.40444345953194,0.43417517109523,0.37478514576382
alle_ausser_lehrkraft_id_1,531,2025-04-03,8,0,7,0.0,,0.0,0,0,0,0.0,0.0,0.0,0.0,0.0,0.0,0.0
alle_ausser_lehrkraft_id_1,529,2025-05-15,8,0,12,2.4564810708561,regulation,1.5628759588333,1,0,0,0.31636149321959,0.18681643735396,0.10786420183217,0.39532500409799,0.38424419058719,0.38035130705377,0.6362229349723
alle_ausser_lehrkraft_id_1,528,2025-06-12,8,0,18,0.99141868047763,kognition,-0.811,-1,1,0,-0.81801143740294,0.0,-0.17853023972912,0.0,-0.48515844807745,-0.25216135554961,0.0
alle_ausser_lehrkraft_id_1,519,2025-08-28,8,0,19,4.4248015064122,kognition,2.5299323006465,1,0,0,0.57176046866182,0.052169000706233,0.13681307367429,0.33444133727735,0.45024896048661,0.45411408885347,0.36173372051404
alle_ausser_lehrkraft_id_1,520,2025-08-28,8,0,19,3.9082087439743,kognition,2.1969604991137,1,1,0,0.56213857080057,0.033812121852611,0.13194589398309,0.32139828186305,0.47968884541538,0.45640853074794,0.35176006075289
alle_ausser_lehrkraft_id_1,521,2025-08-28,8,0,19,3.8905038385904,kognition,1.9316956848234,1,1,0,0.49651428190865,0.053043559070364,0.10570725339821,0.35304187399171,0.46146449087851,0.44283837987998,0.45363742432729
alle_ausser_lehrkraft_id_1,522,2025-08-28,8,0,19,2.8302921275034,kognition,1.8029567262567,1,0,0,0.63701917499778,0.024644046485899,0.13359004791805,0.25665014126029,0.49405099557782,0.4301991766448,0.28411065020172
alle_ausser_lehrkraft_id_1,523,2025-08-28,8,0,19,3.6133900265862,kognition,2.4241953523872,1,0,0,0.67089038981313,0.0,0.27260700094581,0.12121547483737,0.48802215807,0.46603119948005,0.074445120390985
alle_ausser_lehrkraft_id_1,502,2025-09-11,8,0,18,4.2267654246527,performanz,2.3109789539464,1,1,0,0.47677827225107,0.029101673612821,0.18876931920107,0.37123620550147,0.41495444348257,0.54674751359335,0.35673607896479
alle_ausser_lehrkraft_id_1,503,2025-09-11,8,0,18,4.4247995695105,kognition,2.7431027601632,1,0,0,0.61993690735636,0.028768242753371,0.20958625007286,0.24606156155614,0.50280793819869,0.42502155926261,0.27733420685918
alle_ausser_lehrkraft_id_1,504,2025-09-11,8,0,18,3.6130190037089,motivation,1.8934141982597,1,0,0,0.39519609169617,0.022142086298747,0.27097533602843,0.52405175721425,0.30923960994252,0.43341160873097,0.4602082199323
alle_ausser_lehrkraft_id_1,505,2025-09-11,8,0,18,3.3533597644884,motivation,1.7915442913418,1,0,0,0.41425099938255,0.29820749581207,0.29614522655344,0.53425193675745,0.28669873699374,0.4000688015956,0.35225572510267
alle_ausser_lehrkraft_id_1,506,2025-09-11,8,0,18,3.8411483190915,kognition,2.509295155464,1,0,0,0.65326522548996,0.020984344791132,0.16805441832496,0.2240481499757,0.47451664831199,0.42970909557727,0.29076309654101
alle_ausser_lehrkraft_id_1,491,2025-09-18,8,0,20,4.5039203437359,performanz,2.1625397852702,1,0,0,0.43533203634603,0.17064144437225,0.24094742665989,0.42185314901355,0.37315321830169,0.48014503338796,0.41900448192064
alle_ausser_lehrkraft_id_1,492,2025-09-18,8,0,20,3.2645506643148,kognition,1.752927244018,1,0,0,0.53695655381115,0.12160901291853,0.19430850592622,0.27023992750622,0.42310320660401,0.44252841115942,0.45961902581514
alle_ausser_lehrkraft_id_1,493,2025-09-18,8,0,20,2.4618609597996,kognition,1.6566860222492,1,0,0,0.67293779783815,0.0,0.25562377022792,0.15425123718291,0.44110365154733,0.5044428994776,0.094734207310967
alle_ausser_lehrkraft_id_1,494,2025-09-18,8,0,20,0.96264977534088,regulation,-0.74858726918585,-1,1,0,0.021349624177684,-0.41239907407518,-0.085695451404158,-0.093673302237096,-0.18182046073475,0.41901596751576,-0.77762392110003
alle_ausser_lehrkraft_id_1,495,2025-09-18,8,0,20,3.9616281763079,kognition,2.5899266221521,1,1,0,0.65375142981024,0.020188937491774,0.17795902621968,0.21551271160253,0.48286309892829,0.42735618451169,0.27980565003485
alle_ausser_lehrkraft_id_1,496,2025-09-18,8,0,20,4.8132423847205,performanz,2.3873818978672,1,0,0,0.4773523869177,0.032963222544364,0.19838510195742,0.36681434058371,0.44252851796465,0.49600181063553,0.39406252672769
alle_ausser_lehrkraft_id_1,481,2025-09-25,8,0,18,4.6143522661946,kognition,2.2695603074222,1,1,0,0.49184701514428,0.066637240554422,0.10076650727626,0.3761711578146,0.46666900604633,0.43049909450131,0.44595246052161
alle_ausser_lehrkraft_id_1,482,2025-09-25,8,0,18,2.4366088452089,performanz,-1.4552652158942,-1,0,0,-0.21141108626145,-0.15707180025819,-0.29598138611071,-0.37273403427469,-0.25021502605258,-0.59724778816174,-0.53364545639735
alle_ausser_lehrkraft_id_1,483,2025-09-25,8,0,18,3.8411483190915,kognition,2.509295155464,1,0,0,0.65326522548996,0.020984344791132,0.16805441832496,0.2240481499757,0.47451664831199,0.42970909557727,0.29076309654101
alle_ausser_lehrkraft_id_1,484,2025-09-25,8,0,18,4.0578127668032,kognition,1.7468429863796,1,1,0,0.43048774842273,0.28241639133245,0.31314652429469,0.41780346808517,0.36786569284546,0.40358753700582,0.40507752344252
alle_ausser_lehrkraft_id_1,485,2025-09-25,8,0,18,4.2232398182455,performanz,2.0572421247468,1,0,0,0.40026681249274,0.052532231378949,0.099371654040563,0.40918835544341,0.4443088960178,0.48712300083671,0.47435541413308
alle_ausser_lehrkraft_id_1,473,2025-10-02,8,0,18,4.6361765459891,kognition,2.6228056368715,1,0,0,0.56572478498315,0.048988682338982,0.17044432813436,0.3147111289115,0.48920271513479,0.42441388016159,0.36056963398192
alle_ausser_lehrkraft_id_1,474,2025-10-02,8,0,18,2.1790951612463,kognition,1.2999584535744,1,1,0,0.59655608948717,0.36482865266828,0.40980739984522,0.39460415496634,0.35073160358203,0.24677962783086,0.058688343660483
alle_ausser_lehrkraft_id_1,475,2025-10-02,8,0,18,3.4721038792412,performanz,1.8125938090566,1,0,0,0.39217224110269,0.21769801896299,0.29717024810151,0.46920701499411,0.33079089078195,0.52204330620997,0.32921959148461
alle_ausser_lehrkraft_id_1,463,2025-10-09,8,0,18,3.7834187822736,performanz,2.1524916087874,1,0,0,0.43529939562806,0.035551443866491,0.119184436252,0.4104201615304,0.35006848278279,0.56892616001453,0.42470070376623
alle_ausser_lehrkraft_id_1,464,2025-10-09,8,0,18,3.1172442691244,kognition,2.1688746734496,1,0,0,0.69576444081953,0.0,0.16369007378504,0.15193693723741,0.48658802563816,0.43032265210642,0.20995395265513
alle_ausser_lehrkraft_id_1,465,2025-10-09,8,0,18,3.7592794149567,performanz,2.0560234558756,1,1,0,0.38312516016929,0.20106786940037,0.30305502307402,0.46025162147509,0.32355873327168,0.54691810843174,0.32449642541173
alle_ausser_lehrkraft_id_1,466,2025-10-09,8,0,18,4.4959941585393,performanz,2.2176844063113,1,1,0,0.375599256091,0.19102751887718,0.30355711105251,0.41043602931968,0.36850416155279,0.49325675157556,0.42746583907391
alle_ausser_lehrkraft_id_1,467,2025-10-09,8,0,18,3.8411483190915,kognition,2.509295155464,1,0,0,0.65326522548996,0.020984344791132,0.16805441832496,0.2240481499757,0.47451664831199,0.42970909557727,0.29076309654101
alle_ausser_lehrkraft_id_1,455,2025-10-23,8,0,18,3.3390173794307,performanz,1.5752921706211,1,0,0,0.4453971633637,0.10840822376021,0.24513638282625,0.41734687449694,0.34808714570617,0.47178174708159,0.46027176364271
alle_ausser_lehrkraft_id_1,456,2025-10-23,8,0,18,2.7008782028216,kognition,1.8124059963247,1,0,0,0.67104073187158,0.0,0.13221920340388,0.18986342323182,0.46057081054162,0.46390437256253,0.26236264134944
alle_ausser_lehrkraft_id_1,457,2025-10-23,8,0,18,3.1844962872024,performanz,1.7623605672214,1,0,0,0.35830210771604,0.21987884155731,0.30560875784078,0.47619592143151,0.25159370964146,0.55341720451418,0.36542762457524
alle_ausser_lehrkraft_id_1,458,2025-10-23,8,0,18,2.1705909655679,regulation,1.0748847029185,1,1,0,0.41016065224904,0.049968981073429,0.032170610827381,0.39633397743253,0.46323979442207,0.45970750767414,0.49520143037311
alle_ausser_lehrkraft_id_1,451,2025-10-30,8,0,18,3.0075822377954,kognition,2.078940017929,1,1,0,0.69123067675319,0.0,0.25591478507693,0.12837894832579,0.46807332157981,0.46358479692794,0.078844605250314
alle_ausser_lehrkraft_id_1,452,2025-10-30,8,0,18,3.9754603937968,kognition,2.1118789605959,1,0,0,0.53122744012662,0.022266357176725,0.15845702965771,0.31305095472288,0.4683200092299,0.49369494887372,0.36211699940813
alle_ausser_lehrkraft_id_1,453,2025-10-30,8,0,18,1.6223511642224,kognition,1.3099250211841,1,1,0,0.80741887199446,-0.22053774378081,0.021828366465223,0.015987161275233,0.45547534456461,0.29937627667966,-0.040118943019373
alle_ausser_lehrkraft_id_1,454,2025-10-30,8,0,18,3.1819690767104,performanz,1.6514653847318,1,0,0,0.46303540907394,0.052306337430451,0.18165981882267,0.37481530099105,0.44958792227474,0.51900573351321,0.37131243005745
alle_ausser_lehrkraft_id_1,443,2025-11-06,8,0,18,4.6361765459891,kognition,2.6228056368715,1,0,0,0.56572478498315,0.048988682338982,0.17044432813436,0.3147111289115,0.48920271513479,0.42441388016159,0.36056963398192
alle_ausser_lehrkraft_id_1,444,2025-11-06,8,0,18,3.3533597644884,motivation,1.7915442913418,1,0,0,0.41425099938255,0.29820749581207,0.29614522655344,0.53425193675745,0.28669873699374,0.4000688015956,0.35225572510267
alle_ausser_lehrkraft_id_1,445,2025-11-06,8,0,18,3.8411483190915,kognition,2.509295155464,1,0,0,0.65326522548996,0.020984344791132,0.16805441832496,0.2240481499757,0.47451664831199,0.42970909557727,0.29076309654101
alle_ausser_lehrkraft_id_1,1532,2025-11-13,8,11,23,3.5846603474751,regulation,1.7810357015046,1,0,0,0.44499407838611,0.049847783190915,0.036900952175072,0.39802316963037,0.42437609028194,0.46125148062342,0.49684783504823
alle_ausser_lehrkraft_id_1,1533,2025-11-13,8,11,23,2.4862506965683,motivation,1.376852504409,1,0,0,0.25215758794377,0.31975729701126,0.30109151145213,0.55378444678366,0.18303761876473,0.51110202343942,0.37696474323594
alle_ausser_lehrkraft_id_1,1534,2025-11-13,8,11,23,3.4752254188631,performanz,1.7185730315922,1,0,0,0.31877151424459,0.19146773728403,0.17310725067521,0.46890082280075,0.38408892483263,0.49451988842658,0.46883978948033
alle_ausser_lehrkraft_id_1,1535,2025-11-13,8,11,23,3.7317859790821,methodik,1.8854957043321,1,2,0,0.37257320256638,0.065140373552156,0.042626149480566,0.41815824906125,0.50525155043332,0.42545974279615,0.4939353695448
alle_ausser_lehrkraft_id_1,1536,2025-11-13,8,11,23,3.1492118583832,kognition,1.8515721846579,1,1,0,0.58794593328796,0.015904736151126,0.19002988281868,0.28714245259574,0.39675344827274,0.52855286700544,0.31419212553827
alle_ausser_lehrkraft_id_1,1528,2025-11-20,8,11,23,4.6361765459891,kognition,2.6228056368715,1,0,0,0.56572478498315,0.048988682338982,0.17044432813436,0.3147111289115,0.48920271513479,0.42441388016159,0.36056963398192
alle_ausser_lehrkraft_id_1,1529,2025-11-20,8,11,23,1.2686018126927,kognition,0.8988692056326,1,1,0,0.70854551143168,-0.47817808844851,0.094671007275107,-0.032339259882884,0.29739603894933,0.408019253052,0.066035343293338
alle_ausser_lehrkraft_id_1,1530,2025-11-20,8,11,23,3.8315882893206,regulation,1.8828031492309,1,0,0,0.34159194361358,0.050489890093849,0.13608916481414,0.46054549880966,0.48061125031933,0.42153089340279,0.4913884512577
alle_ausser_lehrkraft_id_1,1531,2025-11-20,8,11,23,2.3758776117239,kognition,1.2359670316972,1,2,0,0.52021275147791,0.063656182750363,0.10754018941885,0.2985663765112,0.48412729841353,0.38234554658149,0.49400813163894
alle_ausser_lehrkraft_id_1,1519,2025-11-27,8,11,18,3.5846603474751,regulation,1.7810357015046,1,0,0,0.44499407838611,0.049847783190915,0.036900952175072,0.39802316963037,0.42437609028194,0.46125148062342,0.49684783504823
alle_ausser_lehrkraft_id_1,1520,2025-11-27,8,11,18,3.1813676431278,performanz,1.4780206620485,1,0,0,0.43697363840821,0.31432923474525,0.046982968609961,0.43014855236104,0.39172434957001,0.46458510363938,0.39207451324792
alle_ausser_lehrkraft_id_1,1521,2025-11-27,8,11,18,3.5517580419398,performanz,1.7816761805797,1,1,1,0.42323574484856,0.16129366203002,0.30455667553456,0.39291713687201,0.3511092726904,0.50163078206162,0.4156926989252
alle_ausser_lehrkraft_id_1,1522,2025-11-27,8,11,18,2.1705909655679,regulation,1.0748847029185,1,1,0,0.41016065224904,0.049968981073429,0.032170610827381,0.39633397743253,0.46323979442207,0.45970750767414,0.49520143037311
alle_ausser_lehrkraft_id_1,1523,2025-11-27,8,11,18,2.2244020276868,motivation,1.1140601570329,1,0,0,0.19364208074315,0.35739781573953,0.42969720372575,0.50083354305157,0.22503762744528,0.4494585996363,0.38292514080657
alle_ausser_lehrkraft_id_1,1499,2025-12-11,8,11,18,4.4388621375364,performanz,2.1744618745086,1,0,0,0.46577705352531,0.21582431903798,0.15028280583915,0.40837051156953,0.4063458558203,0.48986810323295,0.37686600340078
alle_ausser_lehrkraft_id_1,1500,2025-12-11,8,11,18,3.0556171049096,performanz,1.8608741963844,1,0,0,0.55550638970887,0.0,0.29078875442313,0.25128473348535,0.3845063379814,0.60899911294624,0.15804728787018
alle_ausser_lehrkraft_id_1,1501,2025-12-11,8,11,18,3.0157863397785,kognition,1.6541350767271,1,0,0,0.54849031246209,0.034992294572616,0.080687494641113,0.3468035879373,0.43129858901831,0.48014172008029,0.39317876350424
alle_ausser_lehrkraft_id_1,1502,2025-12-11,8,11,18,3.050519966414,kognition,1.8346238946577,1,0,0,0.60141153008057,0.25796034376092,0.36992244687776,0.36833268059845,0.37038652482427,0.38425337642634,0.12002358492601
alle_ausser_lehrkraft_id_1,1503,2025-12-11,8,11,18,4.6452590913521,kognition,2.4036580249543,1,1,0,0.51744214978398,0.058805209392942,0.10773919193437,0.37190440664099,0.39890677270429,0.45305062017137,0.46312974922747
alle_ausser_lehrkraft_id_1,1494,2025-12-16,8,2,18,3.2870701844949,performanz,1.9531896505829,1,0,0,0.41466224445206,0.031405075980467,0.13079068691856,0.40962322696175,0.34539700132505,0.59420200936871,0.41205624797762
alle_ausser_lehrkraft_id_1,1495,2025-12-16,8,2,18,2.9011619883243,performanz,1.8146533005108,1,0,0,0.48967516717457,0.0,0.17265110518826,0.31720137154232,0.35619597135299,0.62548973580807,0.33417546746929
alle_ausser_lehrkraft_id_1,1496,2025-12-16,8,2,18,3.1844962872024,performanz,1.7623605672214,1,1,0,0.35830210771604,0.21987884155731,0.30560875784078,0.47619592143151,0.25159370964146,0.55341720451418,0.36542762457524
alle_ausser_lehrkraft_id_1,1497,2025-12-16,8,2,18,2.6639588768902,performanz,1.8748588840797,1,0,0,0.42842360358618,0.0,0.29865626988534,0.31581381421945,0.3048058321461,0.70378407959044,0.19822499721326
alle_ausser_lehrkraft_id_1,1498,2025-12-16,8,2,18,4.3987436305099,performanz,2.103837143087,1,1,0,0.3675921905991,0.19479055899266,0.31301891969324,0.42537274394915,0.33522742992851,0.47828028569155,0.4548360099664
alle_ausser_lehrkraft_id_1,1489,2025-12-18,8,11,18,3.3390173794307,performanz,1.5752921706211,1,0,0,0.4453971633637,0.10840822376021,0.24513638282625,0.41734687449694,0.34808714570617,0.47178174708159,0.46027176364271
alle_ausser_lehrkraft_id_1,1490,2025-12-18,8,11,18,4.1753366045791,kognition,2.0025209823477,1,0,0,0.47960592784119,0.20384347683099,0.27356109825585,0.38796629419017,0.38566077691678,0.43325305356153,0.40819754744271
alle_ausser_lehrkraft_id_1,1491,2025-12-18,8,11,18,2.912978125167,kognition,1.6160311204744,1,0,0,0.55476749339021,0.020477083484949,0.061832185488812,0.32328979936683,0.45084126492932,0.47490923951655,0.3932819676275
alle_ausser_lehrkraft_id_1,1492,2025-12-18,8,11,18,2.2888856549031,performanz,1.2945417374836,1,1,0,0.21945057193054,0.18392997448974,0.30161300890777,0.37123476885487,0.26169585814646,0.56557481539648,0.54850452907291
alle_ausser_lehrkraft_id_1,1493,2025-12-18,8,11,18,2.8888755659315,sozial,1.5587443540156,1,1,0,0.37831587943523,0.53956597395126,0.029926290388881,0.46983040777715,0.25197936507438,0.39635197416013,0.35144565621995
alle_ausser_lehrkraft_id_1,1485,2025-12-23,8,2,25,3.9811293577573,kognition,2.3238080797438,1,1,0,0.58370427933294,0.031787812818187,0.1439895703798,0.30087943076752,0.48796067658826,0.44786952477039,0.3291195287609
alle_ausser_lehrkraft_id_1,1486,2025-12-23,8,2,25,4.2594688496216,kognition,2.4094215925566,1,1,1,0.56566112372425,0.15795064898133,0.28567285882329,0.30089662149189,0.44599474773836,0.43175599614785,0.31241330937636
alle_ausser_lehrkraft_id_1,1487,2025-12-23,8,2,25,4.03765358036,performanz,2.2864617340759,1,1,0,0.43974113747622,0.030939032474943,0.17252081947192,0.39356353551596,0.3959268881027,0.56628336872782,0.37891280113976
alle_ausser_lehrkraft_id_1,1488,2025-12-23,8,2,25,1.6261417527387,regulation,1.0,1,2,0,0.37388884461493,0.073793850910841,0.061494875759034,0.35913007443276,0.44337805422264,0.38372802473637,0.61494875759034
alle_ausser_lehrkraft_id_1,1480,2026-01-06,8,2,23,4.4388621375364,performanz,2.1744618745086,1,0,0,0.46577705352531,0.21582431903798,0.15028280583915,0.40837051156953,0.4063458558203,0.48986810323295,0.37686600340078
alle_ausser_lehrkraft_id_1,1481,2026-01-06,8,2,23,3.7903140793782,regulation,2.0584483248078,1,0,0,0.43782915236789,0.20100650117379,0.23487362217918,0.31187955950307,0.38918849396145,0.41116778334824,0.54307976882693
alle_ausser_lehrkraft_id_1,1482,2026-01-06,8,2,23,3.3989502526716,kognition,2.3210201415921,1,1,0,0.68286180745059,0.01826365831898,0.17566245392676,0.19020295592194,0.51264892743446,0.39897867265262,0.21055388947738
alle_ausser_lehrkraft_id_1,1483,2026-01-06,8,2,23,3.9909291971125,performanz,2.0864958050995,1,0,0,0.50686404877188,0.033885703813723,0.13418955811809,0.37059932669004,0.40085263899891,0.52280821682502,0.39060672750351
alle_ausser_lehrkraft_id_1,1484,2026-01-06,8,2,23,4.9669401934215,regulation,2.5051943093294,1,0,0,0.3909448724847,0.12089807406911,0.11494805508238,0.41638689628016,0.45609554731063,0.42841057129645,0.50437274620701
alle_ausser_lehrkraft_id_1,1475,2026-01-08,8,11,18,4.8603582361414,kognition,2.4163555556782,1,1,0,0.49715483236647,0.05455158373708,0.089907259755098,0.39074852793277,0.41967516285658,0.46598299116922,0.44251775629924
alle_ausser_lehrkraft_id_1,1476,2026-01-08,8,11,18,4.5727824075154,methodik,2.0727013696748,1,0,0,0.44268491679277,0.18727441622495,0.068362349170508,0.41678488063851,0.45326819697048,0.44694964326754,0.43052862189011
alle_ausser_lehrkraft_id_1,1477,2026-01-08,8,11,18,2.4266476899275,performanz,-1.4208154801294,-1,0,0,-0.20928205410567,-0.16359950628713,-0.29551362807447,-0.37210261836463,-0.25185081429813,-0.58550305056493,-0.54534086931492
alle_ausser_lehrkraft_id_1,1478,2026-01-08,8,11,18,3.9225909597309,regulation,1.8976886923973,1,1,0,0.450203957025,0.19261550717586,0.21765521993499,0.40377985151042,0.38454350726066,0.40972996824294,0.48378326316616
alle_ausser_lehrkraft_id_1,1479,2026-01-08,8,11,18,3.2578547618,kognition,1.8346726067272,1,0,0,0.56315186199242,0.031352009134577,0.21853304168741,0.26739485678908,0.44746296860024,0.50787483501136,0.32319380690867
alle_ausser_lehrkraft_id_1,1470,2026-01-13,8,2,23,2.7008782028216,kognition,1.8124059963247,1,0,0,0.67104073187158,0.0,0.13221920340388,0.18986342323182,0.46057081054162,0.46390437256253,0.26236264134944
alle_ausser_lehrkraft_id_1,1471,2026-01-13,8,2,23,3.7903140793782,regulation,2.0584483248078,1,0,0,0.43782915236789,0.20100650117379,0.23487362217918,0.31187955950307,0.38918849396145,0.41116778334824,0.54307976882693
alle_ausser_lehrkraft_id_1,1472,2026-01-13,8,2,23,3.5863224441572,performanz,1.7011124840356,1,1,0,0.44140928068148,0.05461982512367,0.046057928264602,0.44525025198419,0.40530347089364,0.47433206779451,0.46101844996376
alle_ausser_lehrkraft_id_1,1473,2026-01-13,8,2,23,2.8957199704337,regulation,1.539769585776,1,0,0,0.47088581038576,0.15755269598282,0.14777939986544,0.33022333356776,0.43475917646087,0.38831659764443,0.5317379733254
alle_ausser_lehrkraft_id_1,1474,2026-01-13,8,2,23,3.0257381219646,motivation,1.5369106333891,1,0,0,0.43790454460234,0.050987706223324,0.2277099374948,0.50794400969211,0.29084563611002,0.45239383196929,0.45444797044548
alle_ausser_lehrkraft_id_1,1465,2026-01-15,8,11,18,3.9028243912711,kognition,2.1928329711058,1,1,0,0.56185652560873,0.035514064351567,0.10716096158394,0.3336892807476,0.43935402011948,0.47241530936597,0.37948739649417
alle_ausser_lehrkraft_id_1,1466,2026-01-15,8,11,18,3.4522478891995,kognition,1.8706043338075,1,1,1,0.54184953553435,0.028966549779741,0.10377305345183,0.30141773302564,0.50406736303315,0.44719022762149,0.38713011245978
alle_ausser_lehrkraft_id_1,1467,2026-01-15,8,11,18,5.1347917672217,performanz,2.3948877939416,1,2,0,0.4550965814422,0.18555233494289,0.18262346788491,0.41161163392981,0.39474618047525,0.46640316462253,0.42699134697623
alle_ausser_lehrkraft_id_1,1468,2026-01-15,8,11,18,4.8647814867475,performanz,2.3969338314309,1,0,0,0.43636742711202,0.05887908540611,0.11008583245671,0.41821687591632,0.41539574353306,0.49271049703992,0.45141013196524
alle_ausser_lehrkraft_id_1,1469,2026-01-15,8,11,18,2.5027427502368,motivation,1.3731526696862,1,0,0,0.32393594064879,0.33971266398016,0.33330308238438,0.54865694166406,0.21347094334422,0.42808596573203,0.37243791298749
alle_ausser_lehrkraft_id_1,1461,2026-01-20,8,2,23,3.2870701844949,performanz,1.9531896505829,1,0,0,0.41466224445206,0.031405075980467,0.13079068691856,0.40962322696175,0.34539700132505,0.59420200936871,0.41205624797762
alle_ausser_lehrkraft_id_1,1462,2026-01-20,8,2,23,2.9011619883243,performanz,1.8146533005108,1,0,0,0.48967516717457,0.0,0.17265110518826,0.31720137154232,0.35619597135299,0.62548973580807,0.33417546746929
alle_ausser_lehrkraft_id_1,1463,2026-01-20,8,2,23,2.4727359267413,performanz,1.5583528329756,1,0,0,0.42450201381654,0.020128723815308,0.15990248555212,0.38637338240925,0.27902517895313,0.63021146496408,0.41171598220526
alle_ausser_lehrkraft_id_1,1464,2026-01-20,8,2,23,3.2680013090368,kognition,1.7210596468562,1,0,0,0.52663821636637,0.059917132129427,0.10515379467749,0.32731466212845,0.43852952957493,0.41554212567743,0.48567519117027
alle_ausser_lehrkraft_id_1,1457,2026-01-22,8,11,18,2.7008782028216,kognition,1.8124059963247,1,0,0,0.67104073187158,0.0,0.13221920340388,0.18986342323182,0.46057081054162,0.46390437256253,0.26236264134944
alle_ausser_lehrkraft_id_1,1458,2026-01-22,8,11,18,3.4522478891995,kognition,1.8706043338075,1,1,1,0.54184953553435,0.028966549779741,0.10377305345183,0.30141773302564,0.50406736303315,0.44719022762149,0.38713011245978
alle_ausser_lehrkraft_id_1,1459,2026-01-22,8,11,18,4.6452590913521,kognition,2.4036580249543,1,1,0,0.51744214978398,0.058805209392942,0.10773919193437,0.37190440664099,0.39890677270429,0.45305062017137,0.46312974922747
alle_ausser_lehrkraft_id_1,1460,2026-01-22,8,11,18,3.4507597507663,performanz,1.7576385021604,1,0,0,0.44464530526223,0.098341955792704,0.27435660761333,0.36291912005201,0.37409352724782,0.50934679190639,0.43156883465415
alle_ausser_lehrkraft_id_1,1453,2026-01-27,8,2,23,3.7362141348712,performanz,2.071194181061,1,0,0,0.44069559892085,0.037355174638719,0.10658755293803,0.41158049147071,0.35829413188745,0.55435490652982,0.43352413115014
alle_ausser_lehrkraft_id_1,1454,2026-01-27,8,2,23,2.9011619883243,performanz,1.8146533005108,1,0,0,0.48967516717457,0.0,0.17265110518826,0.31720137154232,0.35619597135299,0.62548973580807,0.33417546746929
alle_ausser_lehrkraft_id_1,1455,2026-01-27,8,2,23,4.1066196583502,regulation,1.9611829425497,1,1,0,0.45479888547485,0.19603031562825,0.22223033496086,0.40278440644117,0.38328801363239,0.41003110509019,0.47756508516951
alle_ausser_lehrkraft_id_1,1456,2026-01-27,8,2,23,3.702637071267,performanz,1.9659302386016,1,0,0,0.47017325437901,0.18259732730411,0.27316223778375,0.42473426924758,0.31688346369353,0.5309526403036,0.32900954691659
alle_ausser_lehrkraft_id_1,1448,2026-01-29,8,11,18,2.7008782028216,kognition,1.8124059963247,1,0,0,0.67104073187158,0.0,0.13221920340388,0.18986342323182,0.46057081054162,0.46390437256253,0.26236264134944
alle_ausser_lehrkraft_id_1,1449,2026-01-29,8,11,18,4.1753366045791,kognition,2.0025209823477,1,0,0,0.47960592784119,0.20384347683099,0.27356109825585,0.38796629419017,0.38566077691678,0.43325305356153,0.40819754744271
alle_ausser_lehrkraft_id_1,1450,2026-01-29,8,11,18,4.2332441001739,kognition,2.2209564799031,1,0,0,0.52464520847256,0.057651067006785,0.12431452439003,0.36300826394135,0.46358746533329,0.45239334066434,0.39321350670068
alle_ausser_lehrkraft_id_1,1451,2026-01-29,8,11,18,2.1705909655679,regulation,1.0748847029185,1,1,0,0.41016065224904,0.049968981073429,0.032170610827381,0.39633397743253,0.46323979442207,0.45970750767414,0.49520143037311
alle_ausser_lehrkraft_id_1,1452,2026-01-29,8,11,18,3.1844962872024,performanz,1.7623605672214,1,0,0,0.35830210771604,0.21987884155731,0.30560875784078,0.47619592143151,0.25159370964146,0.55341720451418,0.36542762457524
alle_ausser_lehrkraft_id_1,608,2025-01-09,9,5,6,2.3090175281871,performanz,1.6228178715771,1,1,0,0.46170613489095,0.0,0.28371199350357,0.28453536910226,0.31761708163355,0.70281443238193,0.17474889106965
alle_ausser_lehrkraft_id_1,1790,2025-12-16,9,2,18,4.5039203437359,performanz,2.1625397852702,1,0,0,0.43533203634603,0.17064144437225,0.24094742665989,0.42185314901355,0.37315321830169,0.48014503338796,0.41900448192064
alle_ausser_lehrkraft_id_1,1791,2025-12-16,9,2,18,2.6011908708907,kognition,1.6291639737569,1,1,0,0.62631225138682,0.017885899512245,0.12307583679251,0.21551127310514,0.58013916482116,0.36832679624498,0.2712683538319
alle_ausser_lehrkraft_id_1,1792,2025-12-16,9,2,18,2.6677743582537,performanz,1.5511427607571,1,0,0,0.32130842266691,0.036953441487947,0.1513991513825,0.40364975331999,0.43700613516417,0.58143483597468,0.42484372043268
alle_ausser_lehrkraft_id_1,1793,2025-12-16,9,2,18,1.7830001959488,performanz,1.3195872615143,1,0,0,0.38136155656562,0.022433971544799,0.21359046816581,0.36212796890268,0.22310986354917,0.74008957689225,0.28245480372957
alle_ausser_lehrkraft_id_1,1794,2025-12-16,9,2,18,2.1587129569032,kognition,1.2771822134312,1,1,0,0.59163785206759,0.36827328743493,0.41197527053745,0.39903167299848,0.34750634655043,0.2469901369355,0.060128901709216
alle_ausser_lehrkraft_id_1,1785,2025-12-18,9,5,23,2.8371568730149,performanz,1.6203139294579,1,0,0,0.54845682023067,0.028021755359531,0.16693232310901,0.30201188330985,0.37207718972365,0.57110279443525,0.33871143059007
alle_ausser_lehrkraft_id_1,1786,2025-12-18,9,5,23,3.0556171049096,performanz,1.8608741963844,1,0,0,0.55550638970887,0.0,0.29078875442313,0.25128473348535,0.3845063379814,0.60899911294624,0.15804728787018
alle_ausser_lehrkraft_id_1,1787,2025-12-18,9,5,23,4.1066196583502,regulation,1.9611829425497,1,1,0,0.45479888547485,0.19603031562825,0.22223033496086,0.40278440644117,0.38328801363239,0.41003110509019,0.47756508516951
alle_ausser_lehrkraft_id_1,1788,2025-12-18,9,5,23,3.3659078131316,kognition,1.8644313920995,1,0,0,0.55391471081846,0.027419524844313,0.15221827542323,0.29709727428258,0.43315863907753,0.40624546152473,0.47783024759156
alle_ausser_lehrkraft_id_1,1789,2025-12-18,9,5,23,4.362368859302,kognition,2.2688988134381,1,0,0,0.52010586118627,0.19744656419101,0.27327195712571,0.37284289932841,0.46304826268623,0.41077008263379,0.30604741185795
alle_ausser_lehrkraft_id_1,1780,2025-12-23,9,2,25,2.7997959491403,performanz,2.1704766163445,1,1,0,0.26400718649651,0.0,0.30179924290111,0.3725176947635,0.21048401161646,0.77522394614918,0.23487264715563
alle_ausser_lehrkraft_id_1,1781,2025-12-23,9,2,25,4.8610905793176,methodik,2.3478293915917,1,1,0,0.47994405849977,0.055198548943196,0.10402802334362,0.36838272977433,0.48298309267266,0.43924951826585,0.44029789265196
alle_ausser_lehrkraft_id_1,1782,2025-12-23,9,2,25,4.0585137007709,regulation,1.8985578898938,1,0,0,0.44377818223044,0.23049497365834,0.059328109741964,0.45693261902199,0.37722197303759,0.42010957971302,0.46779519595589
alle_ausser_lehrkraft_id_1,1783,2025-12-23,9,2,25,1.7651284248868,kognition,1.4328351876114,1,1,0,0.81174097589727,0.03503427832638,0.20186096141735,0.048695442815562,0.52473018072417,0.13219765793973,0.062456221824181
alle_ausser_lehrkraft_id_1,1784,2025-12-23,9,2,25,2.7997959491403,performanz,2.1704766163445,1,1,0,0.26400718649651,0.0,0.30179924290111,0.3725176947635,0.21048401161646,0.77522394614918,0.23487264715563
alle_ausser_lehrkraft_id_1,1774,2026-01-06,9,2,23,2.86636421726,kognition,2.0532452617647,1,2,0,0.71632142425822,0.0,0.24589649946494,0.10102785763875,0.48005379208708,0.42650143713645,0.062046789280422
alle_ausser_lehrkraft_id_1,1775,2026-01-06,9,2,23,4.1753366045791,kognition,2.0025209823477,1,0,0,0.47960592784119,0.20384347683099,0.27356109825585,0.38796629419017,0.38566077691678,0.43325305356153,0.40819754744271
alle_ausser_lehrkraft_id_1,1776,2026-01-06,9,2,23,3.2346333289896,regulation,1.553207951233,1,2,0,0.43733050150753,0.22603274082431,0.032045122263973,0.45206961184473,0.39443184375602,0.40755714823022,0.48017904704139
alle_ausser_lehrkraft_id_1,1777,2026-01-06,9,2,23,4.5939307421391,regulation,2.6578468217074,1,1,0,0.33190216486452,-0.0032181844825733,0.076571162392784,0.42939803430211,0.44269501759978,0.41094501266628,0.57855487715102
alle_ausser_lehrkraft_id_1,1778,2026-01-06,9,2,23,3.4989761103282,performanz,1.6229270452087,1,1,0,0.39913283762435,0.20574122243346,0.31304974465119,0.41790252261595,0.33606865075675,0.46382780440831,0.44456358396692
alle_ausser_lehrkraft_id_1,1779,2026-01-06,9,2,23,0.99141868047763,kognition,-0.811,-1,1,0,-0.81801143740294,0.0,-0.17853023972912,0.0,-0.48515844807745,-0.25216135554961,0.0
alle_ausser_lehrkraft_id_1,1769,2026-01-08,9,5,23,2.7008782028216,kognition,1.8124059963247,1,0,0,0.67104073187158,0.0,0.13221920340388,0.18986342323182,0.46057081054162,0.46390437256253,0.26236264134944
alle_ausser_lehrkraft_id_1,1770,2026-01-08,9,5,23,3.5945149852943,regulation,1.9772187354812,1,1,1,0.44008146001926,0.21195562268381,0.24766753587711,0.30191198612596,0.39195609564178,0.39077811478869,0.55006398441248
alle_ausser_lehrkraft_id_1,1771,2026-01-08,9,5,23,1.9527463174987,performanz,1.2088568683975,1,1,0,0.22768449948157,0.15287355723892,0.30282666445326,0.37380252504995,0.25326239678698,0.61905157216232,0.4959639051638
alle_ausser_lehrkraft_id_1,1772,2026-01-08,9,5,23,3.6624782597347,kognition,2.0061560441041,1,1,0,0.54775767233435,0.037845715107673,0.14946786415009,0.34196619651183,0.41905124282305,0.4683771687897,0.40529142004314
alle_ausser_lehrkraft_id_1,1773,2026-01-08,9,5,23,2.7335037657279,kognition,1.9103486640717,1,1,0,0.69886191466206,0.017332898938109,0.1636905901472,0.18050976179831,0.50952449450836,0.39033476381502,0.1998235634722
alle_ausser_lehrkraft_id_1,1764,2026-01-13,9,2,23,3.5846603474751,regulation,1.7810357015046,1,0,0,0.44499407838611,0.049847783190915,0.036900952175072,0.39802316963037,0.42437609028194,0.46125148062342,0.49684783504823
alle_ausser_lehrkraft_id_1,1765,2026-01-13,9,2,23,4.1753366045791,kognition,2.0025209823477,1,0,0,0.47960592784119,0.20384347683099,0.27356109825585,0.38796629419017,0.38566077691678,0.43325305356153,0.40819754744271
alle_ausser_lehrkraft_id_1,1766,2026-01-13,9,2,23,3.630178709223,performanz,2.0460450165577,1,1,0,0.53808152824107,0.013797503863005,0.2273321984769,0.31806243954262,0.3762702778278,0.56361946456377,0.31334090345997
alle_ausser_lehrkraft_id_1,1767,2026-01-13,9,2,23,3.5801295571611,kognition,2.1850763724237,1,0,0,0.61033273634628,0.02878655812403,0.12348325252983,0.29128066033205,0.45669495279361,0.44109123040304,0.35133375651135
alle_ausser_lehrkraft_id_1,1768,2026-01-13,9,2,23,1.9538462068443,sozial,1.0,1,2,0,0.25948685385546,0.51180839024746,0.0,0.51180839024746,0.36901384936842,0.31936843551441,0.4130293709297
alle_ausser_lehrkraft_id_1,1759,2026-01-15,9,5,23,2.2792901074475,performanz,1.7803177442296,1,0,0,0.26065571282368,0.0,0.29833114483633,0.36911250485341,0.20746555360131,0.78108088461566,0.23167867253301
alle_ausser_lehrkraft_id_1,1760,2026-01-15,9,5,23,4.8610905793176,methodik,2.3478293915917,1,1,1,0.47994405849977,0.055198548943196,0.10402802334362,0.36838272977433,0.48298309267266,0.43924951826585,0.44029789265196
alle_ausser_lehrkraft_id_1,1761,2026-01-15,9,5,23,3.7281985400685,performanz,1.9343789929705,1,0,0,0.40952297822629,0.23941046247707,0.13252961756498,0.43892855326055,0.39268182609114,0.51884946139171,0.37595484001876
alle_ausser_lehrkraft_id_1,1762,2026-01-15,9,5,23,3.2680013090368,kognition,1.7210596468562,1,0,0,0.52663821636637,0.059917132129427,0.10515379467749,0.32731466212845,0.43852952957493,0.41554212567743,0.48567519117027
alle_ausser_lehrkraft_id_1,1763,2026-01-15,9,5,23,4.3406553652064,kognition,2.1462963786463,1,1,0,0.49446253006518,0.26550279432215,0.053552965854877,0.37877182858556,0.4109033095443,0.44109602015534,0.41864927793105
alle_ausser_lehrkraft_id_1,1755,2026-01-20,9,2,23,3.9028243912711,kognition,2.1928329711058,1,1,0,0.56185652560873,0.035514064351567,0.10716096158394,0.3336892807476,0.43935402011948,0.47241530936597,0.37948739649417
alle_ausser_lehrkraft_id_1,1756,2026-01-20,9,2,23,2.6011908708907,kognition,1.6291639737569,1,1,0,0.62631225138682,0.017885899512245,0.12307583679251,0.21551127310514,0.58013916482116,0.36832679624498,0.2712683538319
alle_ausser_lehrkraft_id_1,1757,2026-01-20,9,2,23,1.9538462068443,sozial,1.0,1,2,0,0.25948685385546,0.51180839024746,0.0,0.51180839024746,0.36901384936842,0.31936843551441,0.4130293709297
alle_ausser_lehrkraft_id_1,1758,2026-01-20,9,2,23,3.7892050143531,kognition,2.0386456472603,1,2,0,0.5380126594923,-0.14104168078453,0.06012504014222,0.28328564846942,0.48597911965339,0.41569139117888,0.44475108527832
alle_ausser_lehrkraft_id_1,1750,2026-01-22,9,5,23,2.8371568730149,performanz,1.6203139294579,1,0,0,0.54845682023067,0.028021755359531,0.16693232310901,0.30201188330985,0.37207718972365,0.57110279443525,0.33871143059007
alle_ausser_lehrkraft_id_1,1751,2026-01-22,9,5,23,2.7485111833519,kognition,1.6572392084879,1,1,0,0.6029566803145,0.036207071392921,0.095577072626153,0.31056895785456,0.39725124495274,0.44300457099163,0.41889778835364
alle_ausser_lehrkraft_id_1,1752,2026-01-22,9,5,23,1.2723766120734,regulation,0.83995356903732,1,1,0,0.32816316889373,0.079216825552914,0.026147554981766,0.38552188435751,0.40842573301039,0.36621088545109,0.66014021294095
alle_ausser_lehrkraft_id_1,1753,2026-01-22,9,5,23,2.4727359267413,performanz,1.5583528329756,1,0,0,0.42450201381654,0.020128723815308,0.15990248555212,0.38637338240925,0.27902517895313,0.63021146496408,0.41171598220526
alle_ausser_lehrkraft_id_1,1754,2026-01-22,9,5,23,3.4981448019098,kognition,1.9163287574076,1,2,0,0.54781130793909,0.039250377891882,0.1024699522979,0.33116280566641,0.48098751768654,0.44968927694479,0.3802869028609
alle_ausser_lehrkraft_id_1,1746,2026-01-27,9,2,23,3.5846603474751,regulation,1.7810357015046,1,0,0,0.44499407838611,0.049847783190915,0.036900952175072,0.39802316963037,0.42437609028194,0.46125148062342,0.49684783504823
alle_ausser_lehrkraft_id_1,1747,2026-01-27,9,2,23,3.0045876008173,kognition,1.6662193362077,1,1,1,0.55455656882455,0.13213083838315,0.2111204192588,0.25222496970111,0.43296993128715,0.41757439605066,0.45274848720097
alle_ausser_lehrkraft_id_1,1748,2026-01-27,9,2,23,4.1066196583502,regulation,1.9611829425497,1,1,0,0.45479888547485,0.19603031562825,0.22223033496086,0.40278440644117,0.38328801363239,0.41003110509019,0.47756508516951
alle_ausser_lehrkraft_id_1,1749,2026-01-27,9,2,23,3.050519966414,kognition,1.8346238946577,1,0,0,0.60141153008057,0.25796034376092,0.36992244687776,0.36833268059845,0.37038652482427,0.38425337642634,0.12002358492601
alle_ausser_lehrkraft_id_1,1742,2026-01-29,9,5,23,3.7834187822736,performanz,2.1524916087874,1,0,0,0.43529939562806,0.035551443866491,0.119184436252,0.4104201615304,0.35006848278279,0.56892616001453,0.42470070376623
alle_ausser_lehrkraft_id_1,1743,2026-01-29,9,5,23,3.7903140793782,regulation,2.0584483248078,1,0,0,0.43782915236789,0.20100650117379,0.23487362217918,0.31187955950307,0.38918849396145,0.41116778334824,0.54307976882693
alle_ausser_lehrkraft_id_1,1744,2026-01-29,9,5,23,2.7800794322758,performanz,1.5619583131048,1,0,0,0.4828625632128,0.016496962767111,0.21435825162725,0.32723127590326,0.36859184201213,0.56183743406635,0.40250886323243
alle_ausser_lehrkraft_id_1,1745,2026-01-29,9,5,23,4.8647814867475,performanz,2.3969338314309,1,0,0,0.43636742711202,0.05887908540611,0.11008583245671,0.41821687591632,0.41539574353306,0.49271049703992,0.45141013196524
alle_ausser_lehrkraft_id_1,1118,2026-01-08,10,5,23,4.2375936204146,performanz,2.034911587693,1,0,0,0.44755458964527,0.18471160900953,0.27647585423301,0.40997226864095,0.37266138334302,0.48020338143233,0.38933769139254
alle_ausser_lehrkraft_id_1,1119,2026-01-08,10,5,23,2.5500239990253,regulation,1.5887506947218,1,0,0,0.30106002388061,0.15568419877999,0.13842952687491,0.37101936000202,0.30931179423061,0.49442664870243,0.62303118128191
alle_ausser_lehrkraft_id_1,1120,2026-01-08,10,5,23,3.0257381219646,motivation,1.5369106333891,1,0,0,0.43790454460234,0.050987706223324,0.2277099374948,0.50794400969211,0.29084563611002,0.45239383196929,0.45444797044548
alle_ausser_lehrkraft_id_1,1121,2026-01-08,10,5,23,3.445161991689,regulation,1.6593102589405,1,0,0,0.35697457681494,0.30867452774446,-0.051124322883014,0.44905706607895,0.45666641004076,0.36400878395462,0.48163350420338
alle_ausser_lehrkraft_id_1,1114,2026-01-14,10,3,23,3.1988921097457,kognition,1.919667488646,1,0,0,0.60010197961283,0.028359326892356,0.086449473354213,0.30337364378423,0.40429765756495,0.44207952411901,0.42504956153813
alle_ausser_lehrkraft_id_1,1115,2026-01-14,10,3,23,2.9011619883243,performanz,1.8146533005108,1,0,0,0.48967516717457,0.0,0.17265110518826,0.31720137154232,0.35619597135299,0.62548973580807,0.33417546746929
alle_ausser_lehrkraft_id_1,1116,2026-01-14,10,3,23,4.3093800800185,regulation,2.2148166874228,1,0,0,0.40373138078784,0.25987825762376,0.10320541471071,0.43241760359741,0.38661493539129,0.39775145632727,0.51395131243569
alle_ausser_lehrkraft_id_1,1117,2026-01-14,10,3,23,4.362368859302,kognition,2.2688988134381,1,0,0,0.52010586118627,0.19744656419101,0.27327195712571,0.37284289932841,0.46304826268623,0.41077008263379,0.30604741185795
alle_ausser_lehrkraft_id_1,1109,2026-01-21,10,3,23,2.7008782028216,kognition,1.8124059963247,1,0,0,0.67104073187158,0.0,0.13221920340388,0.18986342323182,0.46057081054162,0.46390437256253,0.26236264134944
alle_ausser_lehrkraft_id_1,1110,2026-01-21,10,3,23,3.5046583852388,kognition,2.0772518399554,1,1,0,0.59270995472911,0.037629046859325,0.10166548436159,0.31605277833603,0.40263592842087,0.44426987951362,0.42137466894537
alle_ausser_lehrkraft_id_1,1111,2026-01-21,10,3,23,3.5459767256588,kognition,2.0635169573234,1,1,0,0.5819302543892,0.025556217949941,0.16336965941252,0.27651007972838,0.44722713027514,0.40033995329892,0.44414723291951
alle_ausser_lehrkraft_id_1,1112,2026-01-21,10,3,23,3.0257381219646,motivation,1.5369106333891,1,0,0,0.43790454460234,0.050987706223324,0.2277099374948,0.50794400969211,0.29084563611002,0.45239383196929,0.45444797044548
alle_ausser_lehrkraft_id_1,1113,2026-01-21,10,3,23,1.7651284248868,kognition,1.4328351876114,1,1,0,0.81174097589727,0.03503427832638,0.20186096141735,0.048695442815562,0.52473018072417,0.13219765793973,0.062456221824181
alle_ausser_lehrkraft_id_1,1104,2026-01-22,10,5,23,1.6103819422733,performanz,1.0,1,1,0,0.37754784039823,0.0,0.0,0.36264463617198,0.29868505136768,0.62096684276024,0.50112024210752
alle_ausser_lehrkraft_id_1,1105,2026-01-22,10,5,23,3.9453024964552,kognition,2.3459293201978,1,1,1,0.59461178862399,0.17052830396184,0.30842106960146,0.27913815177287,0.45862360065479,0.4018311838535,0.26926989756156
alle_ausser_lehrkraft_id_1,1106,2026-01-22,10,5,23,2.4266476899275,performanz,-1.4208154801294,-1,0,0,-0.20928205410567,-0.16359950628713,-0.29551362807447,-0.37210261836463,-0.25185081429813,-0.58550305056493,-0.54534086931492
alle_ausser_lehrkraft_id_1,1107,2026-01-22,10,5,23,2.5027427502368,motivation,1.3731526696862,1,0,0,0.32393594064879,0.33971266398016,0.33330308238438,0.54865694166406,0.21347094334422,0.42808596573203,0.37243791298749
alle_ausser_lehrkraft_id_1,1108,2026-01-22,10,5,23,4.0578127668032,kognition,1.7468429863796,1,1,0,0.43048774842273,0.28241639133245,0.31314652429469,0.41780346808517,0.36786569284546,0.40358753700582,0.40507752344252
alle_ausser_lehrkraft_id_1,2935,2026-01-28,10,3,23,3.7834187822736,performanz,2.1524916087874,1,0,0,0.43529939562806,0.035551443866491,0.119184436252,0.4104201615304,0.35006848278279,0.56892616001453,0.42470070376623
alle_ausser_lehrkraft_id_1,2936,2026-01-28,10,3,23,3.7903140793782,regulation,2.0584483248078,1,0,0,0.43782915236789,0.20100650117379,0.23487362217918,0.31187955950307,0.38918849396145,0.41116778334824,0.54307976882693
alle_ausser_lehrkraft_id_1,2937,2026-01-28,10,3,23,4.1237246674791,kognition,2.1924851933349,1,0,0,0.53167465177268,0.043815676360963,0.10727253755029,0.34110917171388,0.48275403593977,0.44641375703799,0.39395156450003
alle_ausser_lehrkraft_id_1,2938,2026-01-28,10,3,23,5.0551648723269,regulation,2.5507887745069,1,1,0,0.38568540563395,0.14372256099515,0.13504874488232,0.41636045227922,0.45091607348817,0.42550729255688,0.50458962131469
alle_ausser_lehrkraft_id_1,2939,2026-01-28,10,3,23,3.7466053594377,kognition,1.9456574808789,1,1,0,0.51931070959227,0.05153438433853,0.11548013475006,0.33418177163828,0.47010747702158,0.43398948012493,0.43965239583273
alle_ausser_lehrkraft_id_1,2930,2026-01-29,10,5,23,4.9994922176415,regulation,-2.5959206681961,-1,1,0,-0.44712753209035,-0.036384085454313,-0.026747649730504,-0.37995063527886,-0.40111363555312,-0.47241216471738,-0.51923582692613
alle_ausser_lehrkraft_id_1,2931,2026-01-29,10,5,23,2.5500239990253,regulation,1.5887506947218,1,0,0,0.30106002388061,0.15568419877999,0.13842952687491,0.37101936000202,0.30931179423061,0.49442664870243,0.62303118128191
alle_ausser_lehrkraft_id_1,2932,2026-01-29,10,5,23,3.7945306446695,regulation,1.7816850647611,1,1,0,0.383394548246,0.288480981131,-0.019772135789809,0.45100262381218,0.4258566687896,0.40517518881483,0.46953906456739
alle_ausser_lehrkraft_id_1,2933,2026-01-29,10,5,23,3.8370595765555,performanz,2.0210934208702,1,1,0,0.38269704431487,0.26768682313805,0.17166888487344,0.43711531562113,0.35754246636842,0.52672837449158,0.39504698929506
alle_ausser_lehrkraft_id_1,2934,2026-01-29,10,5,23,3.2130577432452,performanz,1.9064074525368,1,0,0,0.40734221030812,0.10932298363424,0.31214687444208,0.33282460089911,0.33426159741231,0.59332936771864,0.38747405602153
alle_ausser_lehrkraft_id_1,975,2024-10-25,11,7,8,3.8026950158037,motivation,2.1630411928725,1,2,0,0.22049545955794,0.28858107535127,0.33972487441318,0.56881645667573,0.31220275959035,0.41027992322792,0.40414369434204
alle_ausser_lehrkraft_id_1,974,2025-01-08,11,3,14,3.6666188113702,performanz,1.8907913490703,1,0,0,0.40010272270203,0.10391890839514,0.32815256508353,0.44440179534864,0.30483284618019,0.51567569185268,0.40631474525547
alle_ausser_lehrkraft_id_1,973,2025-01-15,11,3,14,5.6219840783918,motivation,2.4467691719205,1,0,0,0.35790242754263,0.25324581597129,0.35229654816458,0.43521375828635,0.35987938288441,0.42084755267266,0.43315025745398
alle_ausser_lehrkraft_id_1,1714,2025-12-12,11,7,23,4.8603582361414,kognition,2.4163555556782,1,1,0,0.49715483236647,0.05455158373708,0.089907259755098,0.39074852793277,0.41967516285658,0.46598299116922,0.44251775629924
alle_ausser_lehrkraft_id_1,1715,2025-12-12,11,7,23,4.1753366045791,kognition,2.0025209823477,1,0,0,0.47960592784119,0.20384347683099,0.27356109825585,0.38796629419017,0.38566077691678,0.43325305356153,0.40819754744271
alle_ausser_lehrkraft_id_1,1716,2025-12-12,11,7,23,2.6677743582537,performanz,1.5511427607571,1,0,0,0.32130842266691,0.036953441487947,0.1513991513825,0.40364975331999,0.43700613516417,0.58143483597468,0.42484372043268
alle_ausser_lehrkraft_id_1,1717,2025-12-12,11,7,23,4.3406553652064,kognition,2.1462963786463,1,1,0,0.49446253006518,0.26550279432215,0.053552965854877,0.37877182858556,0.4109033095443,0.44109602015534,0.41864927793105
alle_ausser_lehrkraft_id_1,1718,2025-12-12,11,7,23,3.7281985400685,performanz,1.9343789929705,1,0,0,0.40952297822629,0.23941046247707,0.13252961756498,0.43892855326055,0.39268182609114,0.51884946139171,0.37595484001876
alle_ausser_lehrkraft_id_1,1709,2025-12-17,11,3,19,4.0789242581081,regulation,1.8479915181834,1,0,0,0.42043389351725,0.32285885538557,0.14942820404965,0.40847577548243,0.41016540084089,0.39536647425586,0.45305744129363
alle_ausser_lehrkraft_id_1,1710,2025-12-17,11,3,19,0.78503971413289,regulation,0.61169791055793,1,1,0,-0.19646102355585,0.42330280908898,0.37958715950229,0.1645495532834,-0.04349476965984,0.044837282982806,0.77918366129661
alle_ausser_lehrkraft_id_1,1711,2025-12-17,11,3,19,4.2157345291432,regulation,1.9791706721549,1,0,0,0.37487060772453,0.2035061245517,0.30634878400679,0.42635033914532,0.34151654325095,0.45320148723103,0.46947120691802
alle_ausser_lehrkraft_id_1,1712,2025-12-17,11,3,19,3.9472334029979,kognition,2.3317185870149,1,1,0,0.59072075090275,0.036035643093624,0.11051648660271,0.31723657760352,0.43648255743814,0.44637104913987,0.38357304861061
alle_ausser_lehrkraft_id_1,1713,2025-12-17,11,3,19,1.4961917859635,kognition,1.2221237056395,1,0,0,0.81681743539194,0.040437289846616,0.20182274678664,0.049299247019464,0.52457061090042,0.093988959896664,0.063163663709705
alle_ausser_lehrkraft_id_1,1704,2026-01-07,11,3,19,3.1988921097457,kognition,1.919667488646,1,0,0,0.60010197961283,0.028359326892356,0.086449473354213,0.30337364378423,0.40429765756495,0.44207952411901,0.42504956153813
alle_ausser_lehrkraft_id_1,1705,2026-01-07,11,3,19,4.8604079848911,performanz,2.3238211125165,1,0,0,0.47652082017042,0.045968410589216,0.15904505569559,0.36906918169985,0.45571026315801,0.47811137226062,0.41598194606199
alle_ausser_lehrkraft_id_1,1706,2026-01-07,11,3,19,2.5074879048464,performanz,1.5399390735643,1,1,1,0.37305328524839,0.028718278910358,0.13735554249582,0.41621030612412,0.36013603341378,0.61413374287892,0.40130132079964
alle_ausser_lehrkraft_id_1,1707,2026-01-07,11,3,19,3.1247370982285,performanz,1.8542435914099,1,0,0,0.40826567234631,0.018723816000282,0.11178319840243,0.39781778722095,0.36684700925044,0.59340597274611,0.4189275677597
alle_ausser_lehrkraft_id_1,1708,2026-01-07,11,3,19,3.8585181516088,kognition,2.160530582695,1,2,0,0.55993645706438,0.029577758480892,0.056914427315972,0.32397529023664,0.38526227886118,0.486136350724,0.43890354430942
alle_ausser_lehrkraft_id_1,1699,2026-01-14,11,3,19,4.4145152628884,performanz,2.0870902816588,1,1,0,0.43968804871547,0.17418202291411,0.23306809459268,0.42217648532543,0.37570820245601,0.47277796758904,0.42320341528376
alle_ausser_lehrkraft_id_1,1700,2026-01-14,11,3,19,2.6011908708907,kognition,1.6291639737569,1,1,0,0.62631225138682,0.017885899512245,0.12307583679251,0.21551127310514,0.58013916482116,0.36832679624498,0.2712683538319
alle_ausser_lehrkraft_id_1,1701,2026-01-14,11,3,19,3.3533597644884,motivation,1.7915442913418,1,0,0,0.41425099938255,0.29820749581207,0.29614522655344,0.53425193675745,0.28669873699374,0.4000688015956,0.35225572510267
alle_ausser_lehrkraft_id_1,1702,2026-01-14,11,3,19,2.9438340136339,motivation,1.3391291752914,1,1,0,0.39013065463861,0.34771163703153,0.063474612705181,0.45489134923233,0.38828321190919,0.42472073090344,0.4298618126599
alle_ausser_lehrkraft_id_1,1703,2026-01-14,11,3,19,3.1560062704863,kognition,1.6773866972735,1,1,0,0.53148860890222,-0.10413465233724,0.10965864089867,0.28633042712269,0.45612604479799,0.40500201161164,0.49049135214022
alle_ausser_lehrkraft_id_1,1684,2026-01-23,11,7,23,3.7834187822736,performanz,2.1524916087874,1,0,0,0.43529939562806,0.035551443866491,0.119184436252,0.4104201615304,0.35006848278279,0.56892616001453,0.42470070376623
alle_ausser_lehrkraft_id_1,1685,2026-01-23,11,7,23,2.5500239990253,regulation,1.5887506947218,1,0,0,0.30106002388061,0.15568419877999,0.13842952687491,0.37101936000202,0.30931179423061,0.49442664870243,0.62303118128191
alle_ausser_lehrkraft_id_1,1686,2026-01-23,11,7,23,4.3406553652064,kognition,2.1462963786463,1,1,0,0.49446253006518,0.26550279432215,0.053552965854877,0.37877182858556,0.4109033095443,0.44109602015534,0.41864927793105
alle_ausser_lehrkraft_id_1,1687,2026-01-23,11,7,23,4.8647814867475,performanz,2.3969338314309,1,0,0,0.43636742711202,0.05887908540611,0.11008583245671,0.41821687591632,0.41539574353306,0.49271049703992,0.45141013196524
alle_ausser_lehrkraft_id_1,1688,2026-01-23,11,7,23,2.4285529007933,performanz,1.517734800859,1,0,0,0.4282299540693,0.020588307588684,0.15656159458602,0.38655508674269,0.28065007168787,0.6249518183627,0.41583817372042
alle_ausser_lehrkraft_id_1,1680,2026-01-28,11,3,19,3.1988921097457,kognition,1.919667488646,1,0,0,0.60010197961283,0.028359326892356,0.086449473354213,0.30337364378423,0.40429765756495,0.44207952411901,0.42504956153813
alle_ausser_lehrkraft_id_1,1681,2026-01-28,11,3,19,4.1753366045791,kognition,2.0025209823477,1,0,0,0.47960592784119,0.20384347683099,0.27356109825585,0.38796629419017,0.38566077691678,0.43325305356153,0.40819754744271
alle_ausser_lehrkraft_id_1,1682,2026-01-28,11,3,19,4.2332441001739,kognition,2.2209564799031,1,0,0,0.52464520847256,0.057651067006785,0.12431452439003,0.36300826394135,0.46358746533329,0.45239334066434,0.39321350670068
alle_ausser_lehrkraft_id_1,1683,2026-01-28,11,3,19,2.6261746889041,motivation,1.2623925324906,1,0,0,0.41358193012077,0.4120300862581,0.035560809429602,0.48069449868637,0.29942201539725,0.42667263452277,0.39387653764832
alle_ausser_lehrkraft_id_1,2430,2023-12-04,12,0,36,1.5861547843764,motivation,1.0,1,0,0,0.0,0.5012089587606,0.47283864034019,0.63045152045358,0.0,0.31459530870634,0.16959145900201
alle_ausser_lehrkraft_id_1,2429,2023-12-11,12,0,36,2.4185712013422,motivation,1.3780785164011,1,0,0,0.1881181920702,0.3431483861417,0.34532120150453,0.56978798794776,0.17847110529737,0.40566357856878,0.45445847311426
alle_ausser_lehrkraft_id_1,2428,2023-12-18,12,0,36,4.5399062270388,performanz,2.1977749505879,1,1,0,0.43609340367748,0.10801265364629,0.16579159198732,0.39749260460336,0.39033655889312,0.48410033152117,0.47534032196209
alle_ausser_lehrkraft_id_1,2427,2023-12-20,12,4,34,2.6245985521034,motivation,1.7203344127691,1,0,0,0.25775781148041,0.0,0.34367938602604,0.65546323522814,0.23292100262003,0.36084286211816,0.44871589311419
alle_ausser_lehrkraft_id_1,2424,2024-01-15,12,0,37,2.2792901074475,performanz,1.7803177442296,1,0,0,0.26065571282368,0.0,0.29833114483633,0.36911250485341,0.20746555360131,0.78108088461566,0.23167867253301
alle_ausser_lehrkraft_id_1,2425,2024-01-15,12,0,37,3.5064727634097,performanz,1.7014084514543,1,0,0,0.41400350183506,0.031892039670619,0.14998546556067,0.47834691418531,0.35730284348314,0.48521797089909,0.4616980432342
alle_ausser_lehrkraft_id_1,2426,2024-01-15,12,0,37,0.99141868047763,kognition,0.811,1,0,0,0.81801143740294,0.0,0.17853023972912,0.0,0.48515844807745,0.25216135554961,0.0
alle_ausser_lehrkraft_id_1,2423,2024-01-22,12,0,41,1.881159988326,performanz,1.1327465300685,1,2,0,0.56819532922291,0.010365889377893,0.21380976872848,0.27546199709883,0.3693415489259,0.60215001148114,0.23757996421077
alle_ausser_lehrkraft_id_1,2422,2024-01-24,12,4,38,2.359810786534,kognition,1.8432275404175,1,0,0,0.78108793300561,0.018432213851836,0.086879610359002,0.11348578136332,0.48890229627607,0.27009925920707,0.23905494098143
alle_ausser_lehrkraft_id_1,2420,2024-02-05,12,0,37,3.8990990731169,motivation,1.951508717026,1,2,0,0.41622947646463,0.017426113109251,0.26359341583208,0.50050118640718,0.3659075078534,0.44217461455411,0.42077856838126
alle_ausser_lehrkraft_id_1,2421,2024-02-05,12,0,37,1.5544150025009,motivation,1.0,1,0,0,0.2605465039152,0.0,0.34096209154335,0.64332470102519,0.23224021707009,0.40143461343972,0.43231419908893
alle_ausser_lehrkraft_id_1,2419,2024-02-12,12,0,37,1.4952397801022,regulation,1.0,1,0,0,0.33907378335502,0.033439229127714,0.080254149906513,0.39057019621169,0.3216853842086,0.41732157951387,0.66878458255427
alle_ausser_lehrkraft_id_1,2416,2024-02-26,12,0,37,1.7259800114717,performanz,0.874,1,0,0,0.41135811637437,0.040556434008741,0.034762657721778,0.4223662913196,0.41773127029003,0.50637604748057,0.46755774635791
alle_ausser_lehrkraft_id_1,2417,2024-02-26,12,0,37,2.2933299753064,kognition,-1.7869008735006,-1,1,0,-0.77916963587654,0.0085330206720468,-0.11735965542872,-0.1524054586047,-0.42342288084338,-0.41544662401847,0.062686515578417
alle_ausser_lehrkraft_id_1,2418,2024-02-26,12,0,37,0.99141868047763,kognition,0.811,1,0,0,0.81801143740294,0.0,0.17853023972912,0.0,0.48515844807745,0.25216135554961,0.0
alle_ausser_lehrkraft_id_1,2415,2024-03-04,12,0,37,4.4732592640319,kognition,2.4410912603643,1,0,0,0.5457063092518,0.11850265963505,0.18961136185774,0.36676259100721,0.44033384902993,0.51258273229085,0.24709320094275
alle_ausser_lehrkraft_id_1,2413,2024-03-11,12,0,37,1.8453087816387,performanz,1.1589878308294,1,0,0,0.56613323994048,0.0,0.27178677515269,0.23058978976272,0.3713705654643,0.62806916743141,0.1416179302424
alle_ausser_lehrkraft_id_1,2414,2024-03-11,12,0,37,1.4952397801022,regulation,1.0,1,0,0,0.33907378335502,0.033439229127714,0.080254149906513,0.39057019621169,0.3216853842086,0.41732157951387,0.66878458255427
alle_ausser_lehrkraft_id_1,2410,2024-03-25,12,0,37,3.4230861640708,performanz,1.969647522874,1,0,0,0.42711030066087,0.0,0.33083386705283,0.43220567483439,0.32052607427476,0.57539941283205,0.29579842272821
alle_ausser_lehrkraft_id_1,2411,2024-03-25,12,0,37,2.8666724029343,motivation,1.438192856369,1,1,0,0.21369300666248,0.40595190964376,0.44749922972308,0.50169242846605,0.25219941984974,0.32328671687719,0.4116572205145
alle_ausser_lehrkraft_id_1,2412,2024-03-25,12,0,37,4.8153804373308,kognition,2.5713476380703,1,0,0,0.53398528562424,0.055624306044656,0.14961713019932,0.35334143352973,0.46452730929901,0.44341598134025,0.39002908875892
alle_ausser_lehrkraft_id_1,2409,2024-03-27,12,4,34,5.235041784241,regulation,-2.8193081778064,-1,1,0,-0.35463519737792,-0.035948553345982,-0.11123618598031,-0.47967406001598,-0.37493589276418,-0.44706822447464,-0.53854446794457
alle_ausser_lehrkraft_id_1,2407,2024-04-08,12,0,37,0.58406932401162,performanz,-0.43263173633716,-1,0,0,0.24487831290449,0.045147567131966,-0.5608787473961,-0.17341843557411,0.033637705745528,-0.74070715834577,0.20862539315691
alle_ausser_lehrkraft_id_1,2408,2024-04-08,12,0,37,1.4952397801022,regulation,1.0,1,0,0,0.33907378335502,0.033439229127714,0.080254149906513,0.39057019621169,0.3216853842086,0.41732157951387,0.66878458255427
alle_ausser_lehrkraft_id_1,2406,2024-04-22,12,0,36,1.5861547843764,motivation,1.0,1,0,0,0.0,0.5012089587606,0.47283864034019,0.63045152045358,0.0,0.31459530870634,0.16959145900201
alle_ausser_lehrkraft_id_1,2405,2024-04-24,12,4,34,1.22695346123,sozial,-1.0,-1,0,0,-0.1697910888066,-0.81502019546496,0.027529386378772,-0.062265748596401,0.010123454127805,-0.54656706326571,0.058513564885447
alle_ausser_lehrkraft_id_1,2404,2024-04-29,12,0,36,1.5861547843764,motivation,1.0,1,0,0,0.0,0.5012089587606,0.47283864034019,0.63045152045358,0.0,0.31459530870634,0.16959145900201
alle_ausser_lehrkraft_id_1,2403,2024-05-06,12,0,15,3.2827199566562,kognition,1.9786324172235,1,1,0,0.60273992784923,0.037134302497627,0.027653151443302,0.3168478514045,0.41593422321658,0.40889190195575,0.44041844559606
alle_ausser_lehrkraft_id_1,2402,2024-05-15,12,4,34,2.7989531423059,regulation,1.53689315339,1,1,0,0.43323634607806,0.063293250266408,-0.062747518555323,0.38972551105851,0.51042301412223,0.30072290971758,0.54909374480861
alle_ausser_lehrkraft_id_1,2401,2024-05-27,12,0,10,0.99141868047763,kognition,0.811,1,0,0,0.81801143740294,0.0,0.17853023972912,0.0,0.48515844807745,0.25216135554961,0.0
alle_ausser_lehrkraft_id_1,2400,2024-06-03,12,0,15,2.3368453458781,kognition,1.8143851256501,1,0,0,0.77642166805509,-0.1337304753181,0.10644666458071,-0.14754143120737,0.44451910611943,0.1873785750225,-0.33685258266524
alle_ausser_lehrkraft_id_1,2399,2024-06-12,12,4,10,4.2682976181147,regulation,1.9720680414444,1,1,1,0.42123744044348,0.086383249056085,0.20650898079698,0.4477473853082,0.39851133620073,0.44686631738203,0.46202575303498
alle_ausser_lehrkraft_id_1,2398,2024-06-17,12,0,15,4.4771884233715,performanz,2.1967430505563,1,1,0,0.47331007450077,0.040703445529487,0.14261561048078,0.38010243654032,0.42330490049926,0.49065126063858,0.43540046262524
alle_ausser_lehrkraft_id_1,2397,2024-08-14,12,4,10,1.4952397801022,regulation,1.0,1,0,0,0.33907378335502,0.033439229127714,0.080254149906513,0.39057019621169,0.3216853842086,0.41732157951387,0.66878458255427
alle_ausser_lehrkraft_id_1,2396,2024-08-28,12,4,10,1.4952397801022,regulation,1.0,1,0,0,0.33907378335502,0.033439229127714,0.080254149906513,0.39057019621169,0.3216853842086,0.41732157951387,0.66878458255427
alle_ausser_lehrkraft_id_1,2395,2024-09-02,12,0,8,1.0184943337936,kognition,0.72681123842791,1,3,1,0.71360642690717,-0.09878923743348,0.025281188122702,0.20496504585658,0.49562781589438,0.42898465921543,0.093071688912798
alle_ausser_lehrkraft_id_1,2394,2024-09-04,12,4,14,3.4851794616504,performanz,1.9566800665886,1,1,1,0.51255727471549,0.040590769864587,0.21549239702297,0.36252327303882,0.3869321673945,0.56142717293253,0.30472056319883
alle_ausser_lehrkraft_id_1,2393,2024-09-11,12,4,14,4.5700903552155,kognition,2.4529142600913,1,0,0,0.53673094011862,0.041290036498059,0.25133439154606,0.38428151257827,0.43332676323914,0.43507134259578,0.34972880974829
alle_ausser_lehrkraft_id_1,2392,2024-09-18,12,4,14,4.3582278272343,motivation,2.0837150189889,1,0,0,0.39323593743889,0.035920247585337,0.27848929516319,0.4781095253609,0.38989721222046,0.45812128262683,0.41956011829091
alle_ausser_lehrkraft_id_1,2391,2024-10-02,12,4,14,2.9378153560189,kognition,1.9073327182972,1,0,0,0.64923284646228,0.027231026458431,0.15799582819107,0.25922762223241,0.42078013428621,0.4812683605133,0.27732936453312
alle_ausser_lehrkraft_id_1,2390,2024-10-23,12,4,14,4.8206115680112,motivation,2.3543941247134,1,0,0,0.412055905652,0.052282238731221,0.22623987809287,0.48840052916344,0.36247337745448,0.44474130355365,0.45669575596432
alle_ausser_lehrkraft_id_1,2389,2024-10-30,12,4,14,1.5861547843764,motivation,1.0,1,0,0,0.0,0.5012089587606,0.47283864034019,0.63045152045358,0.0,0.31459530870634,0.16959145900201
alle_ausser_lehrkraft_id_1,2388,2024-11-11,12,0,8,2.3593873890246,kognition,1.4354708924276,1,0,0,0.60840573067729,-0.11099689691275,-0.046026072708122,0.30199080825102,0.48021443262253,0.44854694182111,0.30396804285796
alle_ausser_lehrkraft_id_1,2387,2024-11-13,12,4,14,1.876880842971,kognition,1.5077030055439,1,0,0,0.80329818390362,0.0,0.19026641213441,0.0,0.49757477048414,0.26630698833486,0.0
alle_ausser_lehrkraft_id_1,2386,2024-11-25,12,0,8,1.1084815641225,kognition,0.86347584687083,1,2,0,0.77896474345693,-0.072170147783967,0.096751518722138,-0.26342103941148,0.53758217699744,0.07502050206172,-0.12088499753815
alle_ausser_lehrkraft_id_1,2384,2024-12-04,12,4,14,3.9927095643383,motivation,1.9790783396673,1,0,0,0.40337662562938,0.019782224546793,0.24192290677511,0.49567176150906,0.3029842619046,0.49035292332384,0.44769220679262
alle_ausser_lehrkraft_id_1,2385,2024-12-04,12,4,14,3.6167522453966,motivation,2.091062200259,1,0,0,0.28582249733326,0.0,0.36142643366918,0.57815860108594,0.25784061072966,0.46312367785018,0.4152568045519
alle_ausser_lehrkraft_id_1,2383,2025-01-15,12,4,14,1.5644129889514,kognition,0.811,1,1,0,0.51840199596119,0.031960665595634,0.031960665595634,0.37330057415701,0.30746160303,0.4787707706226,0.51584514271354
alle_ausser_lehrkraft_id_1,2382,2025-01-22,12,4,14,4.6663408056444,regulation,2.3590195619054,1,2,0,0.42940048918875,0.10031312215804,0.18742758799866,0.39351767463683,0.38472321188997,0.46041494080731,0.50553840895374
alle_ausser_lehrkraft_id_1,2381,2025-03-03,12,0,18,3.4253628007556,kognition,1.8756129384999,1,1,0,0.54756461488983,0.015180829365063,0.27581411984671,0.37439023429455,0.40665419031305,0.46382312271471,0.32124087576521
alle_ausser_lehrkraft_id_1,2380,2025-03-24,12,0,18,1.8453087816387,performanz,1.1589878308294,1,0,0,0.56613323994048,0.0,0.27178677515269,0.23058978976272,0.3713705654643,0.62806916743141,0.1416179302424
alle_ausser_lehrkraft_id_1,2379,2025-04-28,12,0,18,1.5473173559422,motivation,0.875,1,0,0,0.26174164015434,0.0,0.34252609699211,0.56549119786432,0.23330551134745,0.56484492220962,0.34769630222972
alle_ausser_lehrkraft_id_1,2377,2025-05-05,12,0,12,3.9135514572177,regulation,1.892760396549,1,0,0,0.48290780948926,0.11731649097598,0.12662994423003,0.34729939776507,0.45097294355673,0.42319516836709,0.48364141389889
alle_ausser_lehrkraft_id_1,2376,2025-05-12,12,0,12,3.8926795210269,kognition,2.4418662631931,1,0,0,0.62729540848379,0.090561723482318,0.22717583235997,0.21605312167863,0.49577012117614,0.39124498306449,0.31803371973125
alle_ausser_lehrkraft_id_1,2375,2025-05-19,12,0,12,3.6332058772968,regulation,1.9675111922216,1,0,0,0.36460133817623,0.14073107902661,0.12452320262745,0.41522702857721,0.39809856392654,0.45562450837578,0.54153434826599
alle_ausser_lehrkraft_id_1,2374,2025-05-26,12,0,12,3.6437448867909,performanz,2.1022287060364,1,0,0,0.48094905762344,0.011578306306002,0.1378347682621,0.35598328282003,0.35081221288435,0.57694020902922,0.40852995418407
alle_ausser_lehrkraft_id_1,2373,2025-08-18,12,0,12,4.9791815574595,kognition,2.9796031696704,1,1,0,0.59841103425848,0.076333183634341,0.15553733272238,0.25744224192988,0.48917452388565,0.40541565792172,0.37676454468877
alle_ausser_lehrkraft_id_1,2368,2025-08-25,12,0,12,4.7272578340427,performanz,2.1834193470863,1,1,0,0.40939526234525,0.19494675496675,0.26216929806182,0.43140491422681,0.38087108066135,0.46187764766845,0.42561763210998
alle_ausser_lehrkraft_id_1,2369,2025-08-25,12,0,12,3.7777885891187,kognition,2.0339856327016,1,0,0,0.53840499558663,0.20501595204781,0.31038098396524,0.33358174359969,0.42191361623921,0.41611001111322,0.33062282175447
alle_ausser_lehrkraft_id_1,2370,2025-08-25,12,0,12,3.0240571504654,regulation,1.4279047558095,1,2,0,0.33940662801459,0.35165369924952,-0.028935370103071,0.47015906248171,0.44061701743393,0.34950231383445,0.47218024096779
alle_ausser_lehrkraft_id_1,2371,2025-08-25,12,0,12,1.5890209998845,motivation,0.85188551646247,1,0,0,0.33406255970934,0.45645506608696,0.46047891028742,0.53610377426518,0.18684581263477,0.36274856741847,0.11871153327529
alle_ausser_lehrkraft_id_1,2372,2025-08-25,12,0,12,2.3208408179343,regulation,1.5571762433389,1,1,0,0.2885285852229,0.17105795725093,0.087808235107792,0.35518519692206,0.3070362668932,0.45735000746242,0.67095059764542
alle_ausser_lehrkraft_id_1,2357,2025-09-01,12,0,12,3.535433115609,kognition,2.0164952679339,1,1,0,0.57036563791144,0.033016511423778,0.12199100767119,0.31734595650186,0.47925212650319,0.45533452674429,0.3478288343536
alle_ausser_lehrkraft_id_1,2358,2025-09-01,12,0,12,3.1813676431278,performanz,1.4780206620485,1,0,0,0.43697363840821,0.31432923474525,0.046982968609961,0.43014855236104,0.39172434957001,0.46458510363938,0.39207451324792
alle_ausser_lehrkraft_id_1,2359,2025-09-01,12,0,12,3.8995392280503,methodik,2.0534298272575,1,0,0,0.51572033646035,0.023111379596837,0.14713864022183,0.29720121974227,0.52658133214136,0.45873431996406,0.3684967432254
alle_ausser_lehrkraft_id_1,2360,2025-09-01,12,0,12,3.3659078131316,kognition,1.8644313920995,1,0,0,0.55391471081846,0.027419524844313,0.15221827542323,0.29709727428258,0.43315863907753,0.40624546152473,0.47783024759156
alle_ausser_lehrkraft_id_1,2361,2025-09-01,12,0,12,2.3654242772316,motivation,1.1646065491769,1,4,1,0.32899178951382,0.42911044764118,0.0065736010195556,0.49234365139069,0.36822892694217,0.37707320345214,0.432894842167
alle_ausser_lehrkraft_id_1,2362,2025-09-01,12,0,12,1.2396455138466,performanz,1.0,1,0,0,0.24522941785392,0.0,0.28233650081865,0.35332396388163,0.19360217198993,0.80667571662473,0.21699576777205
alle_ausser_lehrkraft_id_1,2338,2025-09-15,12,0,12,4.2776947265947,kognition,2.4410982889583,1,0,0,0.57065609830007,0.061680906507123,0.098417161158226,0.35536178558859,0.45537212052641,0.40162071683407,0.40732235788888
alle_ausser_lehrkraft_id_1,2339,2025-09-15,12,0,12,4.6361765459891,kognition,2.6228056368715,1,0,0,0.56572478498315,0.048988682338982,0.17044432813436,0.3147111289115,0.48920271513479,0.42441388016159,0.36056963398192
alle_ausser_lehrkraft_id_1,2340,2025-09-15,12,0,12,2.5548891531968,kognition,1.65799276022,1,1,0,0.64894645964613,0.0,0.26242424293343,0.17143533804532,0.43067955000217,0.53294810871909,0.10528791309176
alle_ausser_lehrkraft_id_1,2341,2025-09-15,12,0,12,3.5517580419398,performanz,1.7816761805797,1,1,1,0.42323574484856,0.16129366203002,0.30455667553456,0.39291713687201,0.3511092726904,0.50163078206162,0.4156926989252
alle_ausser_lehrkraft_id_1,2342,2025-09-15,12,0,12,2.5677818078907,motivation,1.2052751378734,1,2,1,0.35414748083857,0.38945317322984,-0.016509864641924,0.46938195463106,0.38464361882541,0.39297273842287,0.44713277366814
alle_ausser_lehrkraft_id_1,2343,2025-09-15,12,0,12,8.2665624494096,performanz,-4.8289365008686,-1,2,0,-0.48243190746461,-0.021838398418002,-0.081585814298826,-0.335840333101,-0.3736696815313,-0.58415220218792,-0.40801019470689
alle_ausser_lehrkraft_id_1,2329,2025-09-22,12,0,12,4.2776947265947,kognition,2.4410982889583,1,0,0,0.57065609830007,0.061680906507123,0.098417161158226,0.35536178558859,0.45537212052641,0.40162071683407,0.40732235788888
alle_ausser_lehrkraft_id_1,2330,2025-09-22,12,0,12,4.4247995695105,kognition,2.7431027601632,1,0,0,0.61993690735636,0.028768242753371,0.20958625007286,0.24606156155614,0.50280793819869,0.42502155926261,0.27733420685918
alle_ausser_lehrkraft_id_1,2331,2025-09-22,12,0,12,0.47720959755646,motivation,0.292,1,0,0,0.42538068645846,0.16763770894915,0.25145656342372,0.61187763766439,0.0,0.52386784046609,0.28079316248982
alle_ausser_lehrkraft_id_1,2332,2025-09-22,12,0,12,3.9909291971125,performanz,2.0864958050995,1,0,0,0.50686404877188,0.033885703813723,0.13418955811809,0.37059932669004,0.40085263899891,0.52280821682502,0.39060672750351
alle_ausser_lehrkraft_id_1,2333,2025-09-22,12,0,12,3.445161991689,regulation,1.6593102589405,1,0,0,0.35697457681494,0.30867452774446,-0.051124322883014,0.44905706607895,0.45666641004076,0.36400878395462,0.48163350420338
alle_ausser_lehrkraft_id_1,2334,2025-09-22,12,0,12,1.5473173559422,motivation,-0.875,-1,1,0,-0.26174164015434,0.0,-0.34252609699211,-0.56549119786432,-0.23330551134745,-0.56484492220962,-0.34769630222972
alle_ausser_lehrkraft_id_1,2323,2025-09-29,12,0,12,3.1105149252108,kognition,1.6517086769815,1,0,0,0.53100641103836,0.037516048702287,0.13871477916169,0.36888022758025,0.4065452396975,0.52667608483763,0.34443746200904
alle_ausser_lehrkraft_id_1,2324,2025-09-29,12,0,12,3.9754603937968,kognition,2.1118789605959,1,0,0,0.53122744012662,0.022266357176725,0.15845702965771,0.31305095472288,0.4683200092299,0.49369494887372,0.36211699940813
alle_ausser_lehrkraft_id_1,2325,2025-09-29,12,0,12,2.4618609597996,kognition,1.6566860222492,1,0,0,0.67293779783815,0.0,0.25562377022792,0.15425123718291,0.44110365154733,0.5044428994776,0.094734207310967
alle_ausser_lehrkraft_id_1,2326,2025-09-29,12,0,12,3.4752254188631,performanz,1.7185730315922,1,0,0,0.31877151424459,0.19146773728403,0.17310725067521,0.46890082280075,0.38408892483263,0.49451988842658,0.46883978948033
alle_ausser_lehrkraft_id_1,2327,2025-09-29,12,0,12,2.4727359267413,performanz,1.5583528329756,1,0,0,0.42450201381654,0.020128723815308,0.15990248555212,0.38637338240925,0.27902517895313,0.63021146496408,0.41171598220526
alle_ausser_lehrkraft_id_1,2328,2025-09-29,12,0,12,2.841063020011,performanz,1.5837821959966,1,0,0,0.55022689874004,0.017598984485026,0.17699477617066,0.31911897982531,0.36269353678425,0.5574591659001,0.3485142733362
alle_ausser_lehrkraft_id_1,2307,2025-10-27,12,0,12,4.9394420737157,kognition,2.4326861730502,1,0,0,0.49250122012423,0.065627662434388,0.11087900069211,0.40607281181281,0.40499815995921,0.44606679359696,0.46145761870759
alle_ausser_lehrkraft_id_1,2308,2025-10-27,12,0,12,2.4366088452089,performanz,-1.4552652158942,-1,0,0,-0.21141108626145,-0.15707180025819,-0.29598138611071,-0.37273403427469,-0.25021502605258,-0.59724778816174,-0.53364545639735
alle_ausser_lehrkraft_id_1,2309,2025-10-27,12,0,12,2.9393234666911,kognition,1.7128268811499,1,1,0,0.58272628830988,-0.065543238499284,-0.011082298640285,0.37659727764101,0.42827006722132,0.47536769214643,0.3237118046401
alle_ausser_lehrkraft_id_1,2310,2025-10-27,12,0,12,3.8838793061339,kognition,2.0461096300162,1,1,0,0.52681975945728,0.069481231038198,0.10297437976036,0.38799774098501,0.3506570616886,0.45990962201269,0.47117400700764
alle_ausser_lehrkraft_id_1,2311,2025-10-27,12,0,12,3.8411483190915,kognition,2.509295155464,1,0,0,0.65326522548996,0.020984344791132,0.16805441832496,0.2240481499757,0.47451664831199,0.42970909557727,0.29076309654101
alle_ausser_lehrkraft_id_1,2312,2025-10-27,12,0,12,0.99141868047763,kognition,0.811,1,0,0,0.81801143740294,0.0,0.17853023972912,0.0,0.48515844807745,0.25216135554961,0.0
alle_ausser_lehrkraft_id_1,2301,2025-11-03,12,0,12,4.7653905687971,kognition,2.2414953024427,1,1,0,0.47036870669794,0.071220868695358,0.091961975579142,0.39006654587399,0.46307096173179,0.4334201960125,0.45910780175665
alle_ausser_lehrkraft_id_1,2302,2025-11-03,12,0,12,3.9956993418333,kognition,2.4784503914436,1,0,0,0.62027794802174,0.017456248999166,0.13276811815846,0.24254013544875,0.49304966323876,0.45222844057314,0.30146959684203
alle_ausser_lehrkraft_id_1,2303,2025-11-03,12,0,12,3.4630972641871,kognition,1.8759903888504,1,0,0,0.54170727203588,0.3129745356665,0.08516789395408,0.37028327702736,0.34637143840003,0.43219758329334,0.39681632595585
alle_ausser_lehrkraft_id_1,2304,2025-11-03,12,0,12,4.5051999610504,kognition,2.2147698359634,1,0,0,0.49160191314302,0.062345305630295,0.07325617380748,0.40938129345955,0.38284523733197,0.45825543665079,0.47424482196104
alle_ausser_lehrkraft_id_1,2305,2025-11-03,12,0,12,4.4336617364237,kognition,2.1820491743331,1,0,0,0.49215397621954,0.1998670220788,0.11445072171214,0.39248883283008,0.46126862894737,0.42771883525212,0.39366803854352
alle_ausser_lehrkraft_id_1,2306,2025-11-03,12,0,12,3.3757674034713,performanz,1.6957300889367,1,2,0,0.44488849347411,0.021080049692254,0.21963124294433,0.45607611170093,0.35462502257453,0.50232283893866,0.40901527065618
alle_ausser_lehrkraft_id_1,2293,2025-11-10,12,0,12,3.9028243912711,kognition,2.1928329711058,1,1,0,0.56185652560873,0.035514064351567,0.10716096158394,0.3336892807476,0.43935402011948,0.47241530936597,0.37948739649417
alle_ausser_lehrkraft_id_1,2294,2025-11-10,12,0,12,3.2676087905419,kognition,1.5921009565853,1,0,0,0.487235830934,0.3217676297975,0.077153240661545,0.42089421911035,0.40731311868329,0.40263476371624,0.3846263394302
alle_ausser_lehrkraft_id_1,2295,2025-11-10,12,0,12,3.1819690767104,performanz,1.6514653847318,1,0,0,0.46303540907394,0.052306337430451,0.18165981882267,0.37481530099105,0.44958792227474,0.51900573351321,0.37131243005745
alle_ausser_lehrkraft_id_1,2296,2025-11-10,12,0,12,3.4752254188631,performanz,1.7185730315922,1,0,0,0.31877151424459,0.19146773728403,0.17310725067521,0.46890082280075,0.38408892483263,0.49451988842658,0.46883978948033
alle_ausser_lehrkraft_id_1,2282,2025-11-17,12,0,12,4.2776947265947,kognition,2.4410982889583,1,0,0,0.57065609830007,0.061680906507123,0.098417161158226,0.35536178558859,0.45537212052641,0.40162071683407,0.40732235788888
alle_ausser_lehrkraft_id_1,2283,2025-11-17,12,0,12,2.3428052989296,methodik,1.3071304723696,1,0,0,0.51447576205092,0.042683689169047,0.09160513239389,0.31116409404235,0.55793150786012,0.39453333050523,0.40165351508073
alle_ausser_lehrkraft_id_1,2284,2025-11-17,12,0,12,2.9587323352089,motivation,1.8151486855143,1,0,0,0.20418107569392,0.27982740008289,0.36160357600822,0.61348656958536,0.19574299446748,0.33674943419556,0.47027814781919
alle_ausser_lehrkraft_id_1,2285,2025-11-17,12,0,12,3.4721038792412,performanz,1.8125938090566,1,0,0,0.39217224110269,0.21769801896299,0.29717024810151,0.46920701499411,0.33079089078195,0.52204330620997,0.32921959148461
alle_ausser_lehrkraft_id_1,2286,2025-11-17,12,0,12,3.0088267944093,performanz,1.7349960417186,1,0,0,0.49568317504876,0.021792505626107,0.18265534692838,0.34599423350428,0.40517032831338,0.57663348339209,0.32260265823754
alle_ausser_lehrkraft_id_1,2287,2025-11-17,12,0,12,3.2379606701601,kognition,1.849922694321,1,0,0,0.5713216340621,0.12063015118021,0.19159993403518,0.2783530109129,0.41940988898627,0.40154469162218,0.45574121233897
alle_ausser_lehrkraft_id_1,2278,2025-11-24,12,0,12,4.7653905687971,kognition,2.2414953024427,1,1,0,0.47036870669794,0.071220868695358,0.091961975579142,0.39006654587399,0.46307096173179,0.4334201960125,0.45910780175665
alle_ausser_lehrkraft_id_1,2279,2025-11-24,12,0,12,3.916840808544,kognition,2.2069589158005,1,0,0,0.5634523814352,0.076723644298226,0.31177537024684,0.31845471584113,0.42787289584912,0.43423975906972,0.32614892186079
alle_ausser_lehrkraft_id_1,2280,2025-11-24,12,0,12,3.445161991689,regulation,1.6593102589405,1,0,0,0.35697457681494,0.30867452774446,-0.051124322883014,0.44905706607895,0.45666641004076,0.36400878395462,0.48163350420338
alle_ausser_lehrkraft_id_1,2281,2025-11-24,12,0,12,3.5717878102127,kognition,1.8941985677148,1,0,0,0.5303207707611,0.0025796929428273,0.21368847062502,0.26998418773395,0.48896612273076,0.52657343227264,0.289527119649
alle_ausser_lehrkraft_id_1,2268,2025-12-01,12,0,12,4.2375936204146,performanz,2.034911587693,1,0,0,0.44755458964527,0.18471160900953,0.27647585423301,0.40997226864095,0.37266138334302,0.48020338143233,0.38933769139254
alle_ausser_lehrkraft_id_1,2269,2025-12-01,12,0,12,2.3428052989296,methodik,1.3071304723696,1,0,0,0.51447576205092,0.042683689169047,0.09160513239389,0.31116409404235,0.55793150786012,0.39453333050523,0.40165351508073
alle_ausser_lehrkraft_id_1,2270,2025-12-01,12,0,12,0.47720959755646,motivation,0.292,1,0,0,0.42538068645846,0.16763770894915,0.25145656342372,0.61187763766439,0.0,0.52386784046609,0.28079316248982
alle_ausser_lehrkraft_id_1,2271,2025-12-01,12,0,12,3.4507597507663,performanz,1.7576385021604,1,0,0,0.44464530526223,0.098341955792704,0.27435660761333,0.36291912005201,0.37409352724782,0.50934679190639,0.43156883465415
alle_ausser_lehrkraft_id_1,2272,2025-12-01,12,0,12,3.8995392280503,methodik,2.0534298272575,1,0,0,0.51572033646035,0.023111379596837,0.14713864022183,0.29720121974227,0.52658133214136,0.45873431996406,0.3684967432254
alle_ausser_lehrkraft_id_1,2263,2025-12-08,12,0,12,1.6103819422733,performanz,1.0,1,1,0,0.37754784039823,0.0,0.0,0.36264463617198,0.29868505136768,0.62096684276024,0.50112024210752
alle_ausser_lehrkraft_id_1,2264,2025-12-08,12,0,12,2.5500239990253,regulation,1.5887506947218,1,0,0,0.30106002388061,0.15568419877999,0.13842952687491,0.37101936000202,0.30931179423061,0.49442664870243,0.62303118128191
alle_ausser_lehrkraft_id_1,2265,2025-12-08,12,0,12,4.0730731755336,performanz,2.1602420544193,1,0,0,0.50793164389237,0.029806912452068,0.14201670599099,0.36940497938456,0.35646034890973,0.5303702284784,0.41967456397547
alle_ausser_lehrkraft_id_1,2266,2025-12-08,12,0,12,2.5677818078907,motivation,1.2052751378734,1,2,1,0.35414748083857,0.38945317322984,-0.016509864641924,0.46938195463106,0.38464361882541,0.39297273842287,0.44713277366814
alle_ausser_lehrkraft_id_1,2267,2025-12-08,12,0,12,4.8957032169324,kognition,2.3286846553298,1,2,0,0.47565789745932,0.17074892706981,0.16805093198274,0.40660069055794,0.39844650441423,0.45946383611046,0.42562708138808
alle_ausser_lehrkraft_id_1,2254,2025-12-15,12,0,12,4.2375936204146,performanz,2.034911587693,1,0,0,0.44755458964527,0.18471160900953,0.27647585423301,0.40997226864095,0.37266138334302,0.48020338143233,0.38933769139254
alle_ausser_lehrkraft_id_1,2255,2025-12-15,12,0,12,4.1753366045791,kognition,2.0025209823477,1,0,0,0.47960592784119,0.20384347683099,0.27356109825585,0.38796629419017,0.38566077691678,0.43325305356153,0.40819754744271
alle_ausser_lehrkraft_id_1,2256,2025-12-15,12,0,12,3.3989502526716,kognition,2.3210201415921,1,1,0,0.68286180745059,0.01826365831898,0.17566245392676,0.19020295592194,0.51264892743446,0.39897867265262,0.21055388947738
alle_ausser_lehrkraft_id_1,2257,2025-12-15,12,0,12,3.5902114839272,performanz,1.7572379628335,1,0,0,0.3971431744353,0.28653829345557,0.14590320911336,0.43892973840054,0.37136167279791,0.48945113016017,0.41079018024235
alle_ausser_lehrkraft_id_1,2249,2025-12-17,12,4,23,1.7259800114717,performanz,0.874,1,1,0,0.41135811637437,0.040556434008741,0.034762657721778,0.4223662913196,0.41773127029003,0.50637604748057,0.46755774635791
alle_ausser_lehrkraft_id_1,2250,2025-12-17,12,4,23,2.9011619883243,performanz,1.8146533005108,1,0,0,0.48967516717457,0.0,0.17265110518826,0.31720137154232,0.35619597135299,0.62548973580807,0.33417546746929
alle_ausser_lehrkraft_id_1,2251,2025-12-17,12,4,23,3.700079851345,kognition,2.0024305811111,1,0,0,0.54118431215479,0.10689917292218,0.1428571442414,0.30829942435736,0.41805401778194,0.37494993575965,0.51465851494907
alle_ausser_lehrkraft_id_1,2252,2025-12-17,12,4,23,3.7807537621279,performanz,1.9577799980576,1,0,0,0.51042066750317,0.03083949094383,0.14821465789205,0.36597314714407,0.37761274092899,0.5178265877569,0.41457772698257
alle_ausser_lehrkraft_id_1,2253,2025-12-17,12,4,23,3.2578547618,kognition,1.8346726067272,1,0,0,0.56315186199242,0.031352009134577,0.21853304168741,0.26739485678908,0.44746296860024,0.50787483501136,0.32319380690867
alle_ausser_lehrkraft_id_1,2246,2026-01-05,12,0,12,3.3390173794307,performanz,1.5752921706211,1,0,0,0.4453971633637,0.10840822376021,0.24513638282625,0.41734687449694,0.34808714570617,0.47178174708159,0.46027176364271
alle_ausser_lehrkraft_id_1,2247,2026-01-05,12,0,12,4.1753366045791,kognition,2.0025209823477,1,0,0,0.47960592784119,0.20384347683099,0.27356109825585,0.38796629419017,0.38566077691678,0.43325305356153,0.40819754744271
alle_ausser_lehrkraft_id_1,2248,2026-01-05,12,0,12,4.0578127668032,kognition,1.7468429863796,1,1,0,0.43048774842273,0.28241639133245,0.31314652429469,0.41780346808517,0.36786569284546,0.40358753700582,0.40507752344252
alle_ausser_lehrkraft_id_1,2237,2026-01-07,12,4,23,2.4355446384929,kognition,1.7270891589061,1,1,1,0.70911534137244,0.0,0.1466233937092,0.15159418217587,0.47510097442793,0.42786103617929,0.2094803168081
alle_ausser_lehrkraft_id_1,2238,2026-01-07,12,4,23,2.9011619883243,performanz,1.8146533005108,1,0,0,0.48967516717457,0.0,0.17265110518826,0.31720137154232,0.35619597135299,0.62548973580807,0.33417546746929
alle_ausser_lehrkraft_id_1,2239,2026-01-07,12,4,23,2.8957199704337,regulation,1.539769585776,1,0,0,0.47088581038576,0.15755269598282,0.14777939986544,0.33022333356776,0.43475917646087,0.38831659764443,0.5317379733254
alle_ausser_lehrkraft_id_1,2240,2026-01-07,12,4,23,4.0164817262936,regulation,1.9126138920563,1,0,0,0.4588553814492,0.047909025290553,0.09026084042588,0.38084333672938,0.45894389366437,0.44336919087771,0.47619017351276
alle_ausser_lehrkraft_id_1,2241,2026-01-07,12,4,23,3.702637071267,performanz,1.9659302386016,1,0,0,0.47017325437901,0.18259732730411,0.27316223778375,0.42473426924758,0.31688346369353,0.5309526403036,0.32900954691659
alle_ausser_lehrkraft_id_1,2242,2026-01-07,12,4,23,3.3390173794307,performanz,1.5752921706211,1,0,0,0.4453971633637,0.10840822376021,0.24513638282625,0.41734687449694,0.34808714570617,0.47178174708159,0.46027176364271
alle_ausser_lehrkraft_id_1,2243,2026-01-07,12,4,23,3.0556171049096,performanz,1.8608741963844,1,0,0,0.55550638970887,0.0,0.29078875442313,0.25128473348535,0.3845063379814,0.60899911294624,0.15804728787018
alle_ausser_lehrkraft_id_1,2244,2026-01-07,12,4,23,3.0157863397785,kognition,1.6541350767271,1,0,0,0.54849031246209,0.034992294572616,0.080687494641113,0.3468035879373,0.43129858901831,0.48014172008029,0.39317876350424
alle_ausser_lehrkraft_id_1,2245,2026-01-07,12,4,23,4.9669401934215,regulation,2.5051943093294,1,0,0,0.3909448724847,0.12089807406911,0.11494805508238,0.41638689628016,0.45609554731063,0.42841057129645,0.50437274620701
alle_ausser_lehrkraft_id_1,2232,2026-01-12,12,0,12,3.1988921097457,kognition,1.919667488646,1,0,0,0.60010197961283,0.028359326892356,0.086449473354213,0.30337364378423,0.40429765756495,0.44207952411901,0.42504956153813
alle_ausser_lehrkraft_id_1,2233,2026-01-12,12,0,12,2.9011619883243,performanz,1.8146533005108,1,0,0,0.48967516717457,0.0,0.17265110518826,0.31720137154232,0.35619597135299,0.62548973580807,0.33417546746929
alle_ausser_lehrkraft_id_1,2234,2026-01-12,12,0,12,4.2157345291432,regulation,1.9791706721549,1,0,0,0.37487060772453,0.2035061245517,0.30634878400679,0.42635033914532,0.34151654325095,0.45320148723103,0.46947120691802
alle_ausser_lehrkraft_id_1,2235,2026-01-12,12,0,12,3.9646280613375,kognition,1.8796171795718,1,0,0,0.47409552914842,0.41406760217284,0.095995289892389,0.41406760217284,0.43806451980786,0.35846842256622,0.32048275638434
alle_ausser_lehrkraft_id_1,2236,2026-01-12,12,0,12,3.050519966414,kognition,1.8346238946577,1,0,0,0.60141153008057,0.25796034376092,0.36992244687776,0.36833268059845,0.37038652482427,0.38425337642634,0.12002358492601
alle_ausser_lehrkraft_id_1,2228,2026-01-14,12,4,23,4.5039203437359,performanz,2.1625397852702,1,0,0,0.43533203634603,0.17064144437225,0.24094742665989,0.42185314901355,0.37315321830169,0.48014503338796,0.41900448192064
alle_ausser_lehrkraft_id_1,2229,2026-01-14,12,4,23,2.5500239990253,regulation,1.5887506947218,1,0,0,0.30106002388061,0.15568419877999,0.13842952687491,0.37101936000202,0.30931179423061,0.49442664870243,0.62303118128191
alle_ausser_lehrkraft_id_1,2230,2026-01-14,12,4,23,3.5863224441572,performanz,1.7011124840356,1,1,0,0.44140928068148,0.05461982512367,0.046057928264602,0.44525025198419,0.40530347089364,0.47433206779451,0.46101844996376
alle_ausser_lehrkraft_id_1,2231,2026-01-14,12,4,23,3.5517580419398,performanz,1.7816761805797,1,1,1,0.42323574484856,0.16129366203002,0.30455667553456,0.39291713687201,0.3511092726904,0.50163078206162,0.4156926989252
alle_ausser_lehrkraft_id_1,2224,2026-01-19,12,0,12,3.3390173794307,performanz,1.5752921706211,1,0,0,0.4453971633637,0.10840822376021,0.24513638282625,0.41734687449694,0.34808714570617,0.47178174708159,0.46027176364271
alle_ausser_lehrkraft_id_1,2225,2026-01-19,12,0,12,2.9011619883243,performanz,1.8146533005108,1,0,0,0.48967516717457,0.0,0.17265110518826,0.31720137154232,0.35619597135299,0.62548973580807,0.33417546746929
alle_ausser_lehrkraft_id_1,2226,2026-01-19,12,0,12,2.4285529007933,performanz,1.517734800859,1,0,0,0.4282299540693,0.020588307588684,0.15656159458602,0.38655508674269,0.28065007168787,0.6249518183627,0.41583817372042
alle_ausser_lehrkraft_id_1,2227,2026-01-19,12,0,12,2.1587129569032,kognition,1.2771822134312,1,1,0,0.59163785206759,0.36827328743493,0.41197527053745,0.39903167299848,0.34750634655043,0.2469901369355,0.060128901709216
alle_ausser_lehrkraft_id_1,2219,2026-01-21,12,4,23,4.8603582361414,kognition,2.4163555556782,1,1,0,0.49715483236647,0.05455158373708,0.089907259755098,0.39074852793277,0.41967516285658,0.46598299116922,0.44251775629924
alle_ausser_lehrkraft_id_1,2220,2026-01-21,12,4,23,3.7903140793782,regulation,2.0584483248078,1,0,0,0.43782915236789,0.20100650117379,0.23487362217918,0.31187955950307,0.38918849396145,0.41116778334824,0.54307976882693
alle_ausser_lehrkraft_id_1,2221,2026-01-21,12,4,23,3.961007449354,kognition,2.17271425264,1,0,0,0.54852428206151,0.028144193203567,0.15231775143531,0.32706755945492,0.43173643708193,0.46775918359501,0.40367694556994
alle_ausser_lehrkraft_id_1,2222,2026-01-21,12,4,23,4.2157345291432,regulation,1.9791706721549,1,0,0,0.37487060772453,0.2035061245517,0.30634878400679,0.42635033914532,0.34151654325095,0.45320148723103,0.46947120691802
alle_ausser_lehrkraft_id_1,2223,2026-01-21,12,4,23,3.4263674606991,kognition,1.7820560115872,1,1,0,0.52009915195497,0.057384238529672,0.01634967429508,0.32019729496019,0.47732956965011,0.41282654755967,0.47448412856735
alle_ausser_lehrkraft_id_1,2214,2026-01-28,12,4,23,4.4388621375364,performanz,2.1744618745086,1,0,0,0.46577705352531,0.21582431903798,0.15028280583915,0.40837051156953,0.4063458558203,0.48986810323295,0.37686600340078
alle_ausser_lehrkraft_id_1,2215,2026-01-28,12,4,23,2.9011619883243,performanz,1.8146533005108,1,0,0,0.48967516717457,0.0,0.17265110518826,0.31720137154232,0.35619597135299,0.62548973580807,0.33417546746929
alle_ausser_lehrkraft_id_1,2216,2026-01-28,12,4,23,1.9935420942378,motivation,1.2459236375843,1,4,0,0.1924119840039,0.33536319260425,0.25723120973569,0.62497671427077,0.082253812699267,0.4466343056288,0.43299820303145
alle_ausser_lehrkraft_id_1,2217,2026-01-28,12,4,23,3.4507597507663,performanz,1.7576385021604,1,0,0,0.44464530526223,0.098341955792704,0.27435660761333,0.36291912005201,0.37409352724782,0.50934679190639,0.43156883465415
alle_ausser_lehrkraft_id_1,2218,2026-01-28,12,4,23,3.8938269022808,kognition,2.0318903529178,1,0,0,0.5218221522652,0.26818691882626,0.11186415844222,0.37523507366281,0.46558602370389,0.40539660056191,0.34833975080969
alle_ausser_lehrkraft_id_1,214,2024-12-18,13,4,14,3.0189322669501,performanz,1.9035003226453,1,2,1,0.46467488365463,0.0081088003132737,0.26810887118417,0.32671547679387,0.34395505327842,0.63051895476235,0.29919938913287
alle_ausser_lehrkraft_id_1,208,2025-08-25,13,0,12,3.7834187822736,performanz,2.1524916087874,1,0,0,0.43529939562806,0.035551443866491,0.119184436252,0.4104201615304,0.35006848278279,0.56892616001453,0.42470070376623
alle_ausser_lehrkraft_id_1,209,2025-08-25,13,0,12,4.3522760147837,kognition,2.7452166646962,1,0,0,0.63075281711065,0.017768497628993,0.20207036591305,0.22177227983068,0.51367936615702,0.4188632863995,0.26926241499257
alle_ausser_lehrkraft_id_1,210,2025-08-25,13,0,12,2.4618609597996,kognition,1.6566860222492,1,0,0,0.67293779783815,0.0,0.25562377022792,0.15425123718291,0.44110365154733,0.5044428994776,0.094734207310967
alle_ausser_lehrkraft_id_1,211,2025-08-25,13,0,12,2.1790951612463,kognition,1.2999584535744,1,1,0,0.59655608948717,0.36482865266828,0.40980739984522,0.39460415496634,0.35073160358203,0.24677962783086,0.058688343660483
alle_ausser_lehrkraft_id_1,212,2025-08-25,13,0,12,2.4341848557115,kognition,1.6229685506471,1,1,0,0.66673731843571,0.21912174607937,0.35097387488206,0.27562483783569,0.42556546979113,0.34883221564476,0.0741430813778
alle_ausser_lehrkraft_id_1,213,2025-08-25,13,0,12,3.9560894930898,kognition,2.3046080868641,1,0,0,0.58254553276267,0.092729194618528,0.24497587808602,0.25983247038316,0.43843250355824,0.44776667135834,0.36303277755645
alle_ausser_lehrkraft_id_1,1665,2025-12-10,13,4,19,4.0096002650977,kognition,2.5326051745112,1,0,0,0.63163375167823,0.015541942208395,0.17179344520515,0.22267654332557,0.47982510846894,0.45027324687481,0.29785281840573
alle_ausser_lehrkraft_id_1,1666,2025-12-10,13,4,19,3.9453024964552,kognition,2.3459293201978,1,1,1,0.59461178862399,0.17052830396184,0.30842106960146,0.27913815177287,0.45862360065479,0.4018311838535,0.26926989756156
alle_ausser_lehrkraft_id_1,1667,2025-12-10,13,4,19,4.394137892334,performanz,2.1258005341702,1,1,0,0.44265694522037,0.05700232469907,0.052054882755001,0.41326966357026,0.42063172322444,0.4837799241757,0.46510797139994
alle_ausser_lehrkraft_id_1,1668,2025-12-10,13,4,19,1.9935420942378,motivation,1.2459236375843,1,4,0,0.1924119840039,0.33536319260425,0.25723120973569,0.62497671427077,0.082253812699267,0.4466343056288,0.43299820303145
alle_ausser_lehrkraft_id_1,1669,2025-12-10,13,4,19,4.3093800800185,regulation,2.2148166874228,1,0,0,0.40373138078784,0.25987825762376,0.10320541471071,0.43241760359741,0.38661493539129,0.39775145632727,0.51395131243569
alle_ausser_lehrkraft_id_1,1660,2025-12-17,13,4,23,3.5846603474751,regulation,1.7810357015046,1,0,0,0.44499407838611,0.049847783190915,0.036900952175072,0.39802316963037,0.42437609028194,0.46125148062342,0.49684783504823
alle_ausser_lehrkraft_id_1,1661,2025-12-17,13,4,23,3.9453024964552,kognition,2.3459293201978,1,1,1,0.59461178862399,0.17052830396184,0.30842106960146,0.27913815177287,0.45862360065479,0.4018311838535,0.26926989756156
alle_ausser_lehrkraft_id_1,1662,2025-12-17,13,4,23,3.4721038792412,performanz,1.8125938090566,1,0,0,0.39217224110269,0.21769801896299,0.29717024810151,0.46920701499411,0.33079089078195,0.52204330620997,0.32921959148461
alle_ausser_lehrkraft_id_1,1663,2025-12-17,13,4,23,3.0157863397785,kognition,1.6541350767271,1,0,0,0.54849031246209,0.034992294572616,0.080687494641113,0.3468035879373,0.43129858901831,0.48014172008029,0.39317876350424
alle_ausser_lehrkraft_id_1,1664,2025-12-17,13,4,23,4.8957032169324,kognition,2.3286846553298,1,2,0,0.47565789745932,0.17074892706981,0.16805093198274,0.40660069055794,0.39844650441423,0.45946383611046,0.42562708138808
alle_ausser_lehrkraft_id_1,1654,2026-01-07,13,4,23,3.2870701844949,performanz,1.9531896505829,1,0,0,0.41466224445206,0.031405075980467,0.13079068691856,0.40962322696175,0.34539700132505,0.59420200936871,0.41205624797762
alle_ausser_lehrkraft_id_1,1655,2026-01-07,13,4,23,3.4522478891995,kognition,1.8706043338075,1,1,1,0.54184953553435,0.028966549779741,0.10377305345183,0.30141773302564,0.50406736303315,0.44719022762149,0.38713011245978
alle_ausser_lehrkraft_id_1,1656,2026-01-07,13,4,23,2.8957199704337,regulation,1.539769585776,1,0,0,0.47088581038576,0.15755269598282,0.14777939986544,0.33022333356776,0.43475917646087,0.38831659764443,0.5317379733254
alle_ausser_lehrkraft_id_1,1657,2026-01-07,13,4,23,1.7830001959488,performanz,1.3195872615143,1,0,0,0.38136155656562,0.022433971544799,0.21359046816581,0.36212796890268,0.22310986354917,0.74008957689225,0.28245480372957
alle_ausser_lehrkraft_id_1,1658,2026-01-07,13,4,23,2.6677743582537,performanz,1.5511427607571,1,0,0,0.32130842266691,0.036953441487947,0.1513991513825,0.40364975331999,0.43700613516417,0.58143483597468,0.42484372043268
alle_ausser_lehrkraft_id_1,1659,2026-01-07,13,4,23,0.99141868047763,kognition,-0.811,-1,2,1,-0.81801143740294,0.0,-0.17853023972912,0.0,-0.48515844807745,-0.25216135554961,0.0
alle_ausser_lehrkraft_id_1,1649,2026-01-14,13,4,23,4.0637489057853,kognition,2.0829911382815,1,0,0,0.51257744038802,0.23013458756657,0.17127204180886,0.37232291210636,0.40439334712313,0.50538671650944,0.31207265509604
alle_ausser_lehrkraft_id_1,1650,2026-01-14,13,4,23,3.9453024964552,kognition,2.3459293201978,1,1,1,0.59461178862399,0.17052830396184,0.30842106960146,0.27913815177287,0.45862360065479,0.4018311838535,0.26926989756156
alle_ausser_lehrkraft_id_1,1651,2026-01-14,13,4,23,2.8674352088813,performanz,1.6859498552702,1,0,0,0.41373391072764,0.1011662724033,0.30642597316211,0.28072842674595,0.37441986092981,0.5879623610761,0.39998420555291
alle_ausser_lehrkraft_id_1,1652,2026-01-14,13,4,23,4.4663293792215,regulation,2.2512358666627,1,0,0,0.45753270277913,0.11422218802563,0.11169996622351,0.4002418412058,0.37619015962959,0.45756077737298,0.50404496289199
alle_ausser_lehrkraft_id_1,1653,2026-01-14,13,4,23,3.4333342274091,methodik,1.6923157810732,1,1,0,0.45560273520211,0.048083977176934,0.071709281313335,0.3792497481292,0.49290594504422,0.4472213857957,0.44516561249039
alle_ausser_lehrkraft_id_1,1644,2026-01-21,13,4,23,4.9994922176415,regulation,-2.5959206681961,-1,1,0,-0.44712753209035,-0.036384085454313,-0.026747649730504,-0.37995063527886,-0.40111363555312,-0.47241216471738,-0.51923582692613
alle_ausser_lehrkraft_id_1,1645,2026-01-21,13,4,23,2.191058309294,regulation,1.4239005001997,1,1,1,0.27821751197677,0.18119015199847,0.16110862381728,0.36687155021483,0.30532321749413,0.46223087885444,0.64986586413571
alle_ausser_lehrkraft_id_1,1646,2026-01-21,13,4,23,4.723590507544,performanz,2.2224477744004,1,0,0,0.42040962805,0.22593003878185,0.11044512960084,0.43942386871515,0.4051961049162,0.47049867380845,0.42586709149823
alle_ausser_lehrkraft_id_1,1647,2026-01-21,13,4,23,4.3406553652064,kognition,2.1462963786463,1,1,0,0.49446253006518,0.26550279432215,0.053552965854877,0.37877182858556,0.4109033095443,0.44109602015534,0.41864927793105
alle_ausser_lehrkraft_id_1,1648,2026-01-21,13,4,23,1.2723766120734,regulation,0.83995356903732,1,2,0,0.32816316889373,0.079216825552914,0.026147554981766,0.38552188435751,0.40842573301039,0.36621088545109,0.66014021294095
alle_ausser_lehrkraft_id_1,1639,2026-01-28,13,4,23,2.2792901074475,performanz,1.7803177442296,1,0,0,0.26065571282368,0.0,0.29833114483633,0.36911250485341,0.20746555360131,0.78108088461566,0.23167867253301
alle_ausser_lehrkraft_id_1,1640,2026-01-28,13,4,23,4.1753366045791,kognition,2.0025209823477,1,0,0,0.47960592784119,0.20384347683099,0.27356109825585,0.38796629419017,0.38566077691678,0.43325305356153,0.40819754744271
alle_ausser_lehrkraft_id_1,1641,2026-01-28,13,4,23,3.5902114839272,performanz,1.7572379628335,1,0,0,0.3971431744353,0.28653829345557,0.14590320911336,0.43892973840054,0.37136167279791,0.48945113016017,0.41079018024235
alle_ausser_lehrkraft_id_1,1642,2026-01-28,13,4,23,2.3554216638968,performanz,1.171031134971,1,0,0,0.19785571730366,0.33095686675477,0.41928909416486,0.49146919269571,0.22256410971708,0.4971620076779,0.37048889297316
alle_ausser_lehrkraft_id_1,1643,2026-01-28,13,4,23,4.4022111192169,regulation,2.1995823178481,1,0,0,0.38015269720671,0.19096170639702,0.20959935680266,0.44100657534342,0.40273763842269,0.41078430713137,0.49965284756969
alle_ausser_lehrkraft_id_1,3042,2025-12-17,14,4,23,3.1988921097457,kognition,1.919667488646,1,0,0,0.60010197961283,0.028359326892356,0.086449473354213,0.30337364378423,0.40429765756495,0.44207952411901,0.42504956153813
alle_ausser_lehrkraft_id_1,3043,2025-12-17,14,4,23,4.7299790770357,methodik,2.1410505413095,1,1,0,0.44419334632973,0.193543274998,0.0710246340135,0.41578844647734,0.45265443670988,0.44516430395875,0.42922862904441
alle_ausser_lehrkraft_id_1,3044,2025-12-17,14,4,23,4.9669401934215,regulation,2.5051943093294,1,0,0,0.3909448724847,0.12089807406911,0.11494805508238,0.41638689628016,0.45609554731063,0.42841057129645,0.50437274620701
alle_ausser_lehrkraft_id_1,3045,2025-12-17,14,4,23,4.5051999610504,kognition,2.2147698359634,1,0,0,0.49160191314302,0.062345305630295,0.07325617380748,0.40938129345955,0.38284523733197,0.45825543665079,0.47424482196104
alle_ausser_lehrkraft_id_1,3046,2025-12-17,14,4,23,2.1587129569032,kognition,1.2771822134312,1,1,0,0.59163785206759,0.36827328743493,0.41197527053745,0.39903167299848,0.34750634655043,0.2469901369355,0.060128901709216
alle_ausser_lehrkraft_id_1,3036,2026-01-07,14,4,23,4.0789242581081,regulation,1.8479915181834,1,0,0,0.42043389351725,0.32285885538557,0.14942820404965,0.40847577548243,0.41016540084089,0.39536647425586,0.45305744129363
alle_ausser_lehrkraft_id_1,3037,2026-01-07,14,4,23,3.7903140793782,regulation,2.0584483248078,1,0,0,0.43782915236789,0.20100650117379,0.23487362217918,0.31187955950307,0.38918849396145,0.41116778334824,0.54307976882693
alle_ausser_lehrkraft_id_1,3038,2026-01-07,14,4,23,3.050519966414,kognition,1.8346238946577,1,0,0,0.60141153008057,0.25796034376092,0.36992244687776,0.36833268059845,0.37038652482427,0.38425337642634,0.12002358492601
alle_ausser_lehrkraft_id_1,3039,2026-01-07,14,4,23,4.3093800800185,regulation,2.2148166874228,1,0,0,0.40373138078784,0.25987825762376,0.10320541471071,0.43241760359741,0.38661493539129,0.39775145632727,0.51395131243569
alle_ausser_lehrkraft_id_1,3040,2026-01-07,14,4,23,3.4752254188631,performanz,1.7185730315922,1,0,0,0.31877151424459,0.19146773728403,0.17310725067521,0.46890082280075,0.38408892483263,0.49451988842658,0.46883978948033
alle_ausser_lehrkraft_id_1,3041,2026-01-07,14,4,23,1.876880842971,kognition,1.5077030055439,1,0,0,0.80329818390362,0.0,0.19026641213441,0.0,0.49757477048414,0.26630698833486,0.0
alle_ausser_lehrkraft_id_1,358,2025-04-03,15,5,7,0.99141868047763,kognition,0.811,1,0,0,0.81801143740294,0.0,0.17853023972912,0.0,0.48515844807745,0.25216135554961,0.0
alle_ausser_lehrkraft_id_1,357,2025-05-15,15,5,12,3.681481728385,regulation,1.9269331619492,1,0,0,0.49405201253138,0.1252751710272,0.14791071927907,0.35160576895237,0.36752501007033,0.43090072193279,0.52341097145273
alle_ausser_lehrkraft_id_1,352,2025-08-28,15,5,19,3.6813879930869,kognition,2.3310275582356,1,0,0,0.63319085918254,0.026149747064184,0.14669077169834,0.25844845876031,0.47775089783145,0.44131972317682,0.29505471879653
alle_ausser_lehrkraft_id_1,353,2025-08-28,15,5,19,4.1990309356057,kognition,2.200270088071,1,0,0,0.52399348370573,0.021963229774419,0.18362881266575,0.31281566223708,0.46688529305889,0.50392461571568,0.34849477471601
alle_ausser_lehrkraft_id_1,354,2025-08-28,15,5,19,4.3416340508779,kognition,2.1748496362668,1,1,0,0.50092766951427,0.20638403343036,0.27166971543687,0.39457926822925,0.44629496304834,0.41754380294355,0.32164147663922
alle_ausser_lehrkraft_id_1,355,2025-08-28,15,5,19,2.726925290001,motivation,1.2782388005983,1,0,0,0.38912255341303,-0.36671203884696,0.35405227804109,0.46874555670068,0.33610681335805,0.35750598822114,0.35811290209975
alle_ausser_lehrkraft_id_1,356,2025-08-28,15,5,19,3.5207315255485,regulation,1.8273956846978,1,1,0,0.37132751512027,0.24240421836388,0.29100684058051,0.44055652320458,0.34593149871983,0.36811300371858,0.51903716062007
alle_ausser_lehrkraft_id_1,328,2025-10-09,15,5,18,3.0075822377954,kognition,2.078940017929,1,1,0,0.69123067675319,0.0,0.25591478507693,0.12837894832579,0.46807332157981,0.46358479692794,0.078844605250314
alle_ausser_lehrkraft_id_1,329,2025-10-09,15,5,18,2.3428052989296,methodik,1.3071304723696,1,0,0,0.51447576205092,0.042683689169047,0.09160513239389,0.31116409404235,0.55793150786012,0.39453333050523,0.40165351508073
alle_ausser_lehrkraft_id_1,330,2025-10-09,15,5,18,2.9577030053811,kognition,1.6888048282246,1,0,0,0.57098333244371,0.12918868316988,0.18093008063565,0.24439236341089,0.45122094503958,0.30452175143757,0.51815479977421
alle_ausser_lehrkraft_id_1,331,2025-10-09,15,5,18,2.9900649591247,kognition,1.7353345284312,1,0,0,0.58036489123308,0.10643085034257,0.28652846723075,0.23051807041907,0.42718416964422,0.47692739623724,0.32658716896938
alle_ausser_lehrkraft_id_1,332,2025-10-09,15,5,18,4.1100040351697,regulation,1.8368648761565,1,0,0,0.41981738804784,0.2174398262812,0.25997503083373,0.40458725813174,0.44247009024899,0.38687142347094,0.446924234428
alle_ausser_lehrkraft_id_1,1302,2025-12-12,15,0,23,3.9028243912711,kognition,2.1928329711058,1,1,0,0.56185652560873,0.035514064351567,0.10716096158394,0.3336892807476,0.43935402011948,0.47241530936597,0.37948739649417
alle_ausser_lehrkraft_id_1,1303,2025-12-12,15,0,23,3.7903140793782,regulation,2.0584483248078,1,0,0,0.43782915236789,0.20100650117379,0.23487362217918,0.31187955950307,0.38918849396145,0.41116778334824,0.54307976882693
alle_ausser_lehrkraft_id_1,1304,2025-12-12,15,0,23,2.9900649591247,kognition,1.7353345284312,1,0,0,0.58036489123308,0.10643085034257,0.28652846723075,0.23051807041907,0.42718416964422,0.47692739623724,0.32658716896938
alle_ausser_lehrkraft_id_1,1305,2025-12-12,15,0,23,4.362368859302,kognition,2.2688988134381,1,0,0,0.52010586118627,0.19744656419101,0.27327195712571,0.37284289932841,0.46304826268623,0.41077008263379,0.30604741185795
alle_ausser_lehrkraft_id_1,1297,2026-01-08,15,5,23,2.7008782028216,kognition,1.8124059963247,1,0,0,0.67104073187158,0.0,0.13221920340388,0.18986342323182,0.46057081054162,0.46390437256253,0.26236264134944
alle_ausser_lehrkraft_id_1,1298,2026-01-08,15,5,23,2.9011619883243,performanz,1.8146533005108,1,0,0,0.48967516717457,0.0,0.17265110518826,0.31720137154232,0.35619597135299,0.62548973580807,0.33417546746929
alle_ausser_lehrkraft_id_1,1299,2026-01-08,15,5,23,4.8957032169324,kognition,2.3286846553298,1,2,0,0.47565789745932,0.17074892706981,0.16805093198274,0.40660069055794,0.39844650441423,0.45946383611046,0.42562708138808
alle_ausser_lehrkraft_id_1,1300,2026-01-08,15,5,23,2.8006523873511,kognition,1.4758361358457,1,0,0,0.52695967300848,0.28386141920944,0.3913078160065,0.35705838894269,0.40277514975236,0.34038294450806,0.28814611987675
alle_ausser_lehrkraft_id_1,1301,2026-01-08,15,5,23,3.7281985400685,performanz,1.9343789929705,1,0,0,0.40952297822629,0.23941046247707,0.13252961756498,0.43892855326055,0.39268182609114,0.51884946139171,0.37595484001876
alle_ausser_lehrkraft_id_1,1292,2026-01-15,15,5,23,3.7834187822736,performanz,2.1524916087874,1,0,0,0.43529939562806,0.035551443866491,0.119184436252,0.4104201615304,0.35006848278279,0.56892616001453,0.42470070376623
alle_ausser_lehrkraft_id_1,1293,2026-01-15,15,5,23,3.0556171049096,performanz,1.8608741963844,1,0,0,0.55550638970887,0.0,0.29078875442313,0.25128473348535,0.3845063379814,0.60899911294624,0.15804728787018
alle_ausser_lehrkraft_id_1,1294,2026-01-15,15,5,23,3.1844962872024,performanz,1.7623605672214,1,0,0,0.35830210771604,0.21987884155731,0.30560875784078,0.47619592143151,0.25159370964146,0.55341720451418,0.36542762457524
alle_ausser_lehrkraft_id_1,1295,2026-01-15,15,5,23,3.9909291971125,performanz,2.0864958050995,1,0,0,0.50686404877188,0.033885703813723,0.13418955811809,0.37059932669004,0.40085263899891,0.52280821682502,0.39060672750351
alle_ausser_lehrkraft_id_1,1296,2026-01-15,15,5,23,3.8938269022808,kognition,2.0318903529178,1,0,0,0.5218221522652,0.26818691882626,0.11186415844222,0.37523507366281,0.46558602370389,0.40539660056191,0.34833975080969
alle_ausser_lehrkraft_id_1,1287,2026-01-22,15,5,23,2.4355446384929,kognition,1.7270891589061,1,1,1,0.70911534137244,0.0,0.1466233937092,0.15159418217587,0.47510097442793,0.42786103617929,0.2094803168081
alle_ausser_lehrkraft_id_1,1288,2026-01-22,15,5,23,3.5945149852943,regulation,1.9772187354812,1,1,1,0.44008146001926,0.21195562268381,0.24766753587711,0.30191198612596,0.39195609564178,0.39077811478869,0.55006398441248
alle_ausser_lehrkraft_id_1,1289,2026-01-22,15,5,23,1.9527463174987,performanz,1.2088568683975,1,1,0,0.22768449948157,0.15287355723892,0.30282666445326,0.37380252504995,0.25326239678698,0.61905157216232,0.4959639051638
alle_ausser_lehrkraft_id_1,1290,2026-01-22,15,5,23,3.8214492248625,regulation,1.9449987244184,1,0,0,0.4744640681703,-0.034227517275499,0.028363956548983,0.33962254037949,0.48124977980893,0.4085459507913,0.50896754615728
alle_ausser_lehrkraft_id_1,1291,2026-01-22,15,5,23,4.4739160676748,regulation,2.2222110673045,1,0,0,0.43845556240379,0.17584430150684,0.19189650233571,0.39549184493662,0.41275973460124,0.40805491465743,0.49670267985885
alle_ausser_lehrkraft_id_1,1282,2026-01-29,15,5,23,4.0096002650977,kognition,2.5326051745112,1,0,0,0.63163375167823,0.015541942208395,0.17179344520515,0.22267654332557,0.47982510846894,0.45027324687481,0.29785281840573
alle_ausser_lehrkraft_id_1,1283,2026-01-29,15,5,23,4.1753366045791,kognition,2.0025209823477,1,0,0,0.47960592784119,0.20384347683099,0.27356109825585,0.38796629419017,0.38566077691678,0.43325305356153,0.40819754744271
alle_ausser_lehrkraft_id_1,1284,2026-01-29,15,5,23,2.4266476899275,performanz,-1.4208154801294,-1,0,0,-0.20928205410567,-0.16359950628713,-0.29551362807447,-0.37210261836463,-0.25185081429813,-0.58550305056493,-0.54534086931492
alle_ausser_lehrkraft_id_1,1285,2026-01-29,15,5,23,2.0864446589711,kognition,1.1870654375839,1,1,0,0.56893900496705,0.31084537955775,0.2342149818428,0.44684722184464,0.34818528325812,0.25257943204789,0.37432006980412
alle_ausser_lehrkraft_id_1,1286,2026-01-29,15,5,23,2.1705909655679,regulation,1.0748847029185,1,1,0,0.41016065224904,0.049968981073429,0.032170610827381,0.39633397743253,0.46323979442207,0.45970750767414,0.49520143037311
alle_ausser_lehrkraft_id_1,1021,2025-12-15,16,2,19,3.2342344427424,kognition,1.9138365334644,1,1,0,0.59174146152093,0.038405650800278,0.099214849723068,0.31748586916428,0.39987967905516,0.44424680314885,0.42480704035474
alle_ausser_lehrkraft_id_1,1022,2025-12-15,16,2,19,3.0738135965562,regulation,1.8242509726105,1,1,1,0.32324516488627,0.12915510195341,0.11484068259333,0.37391761079268,0.31226835180067,0.52544546528663,0.59347939636299
alle_ausser_lehrkraft_id_1,1023,2025-12-15,16,2,19,3.2116067792933,kognition,2.2100250055279,1,0,0,0.68813471762165,0.017947294660663,0.17188078042915,0.18690825439461,0.51175848081102,0.3961785800166,0.20690666844507
alle_ausser_lehrkraft_id_1,1024,2025-12-15,16,2,19,2.8888755659315,sozial,1.5587443540156,1,1,0,0.37831587943523,0.53956597395126,0.029926290388881,0.46983040777715,0.25197936507438,0.39635197416013,0.35144565621995
alle_ausser_lehrkraft_id_1,1025,2025-12-15,16,2,19,4.0755904428795,kognition,1.9970448372755,1,1,0,0.49000015218972,0.40279418911373,0.10713189113846,0.40279418911373,0.44400420092339,0.35999867772762,0.31175728626283
alle_ausser_lehrkraft_id_1,1016,2026-01-08,16,6,19,1.6103819422733,performanz,1.0,1,1,0,0.37754784039823,0.0,0.0,0.36264463617198,0.29868505136768,0.62096684276024,0.50112024210752
alle_ausser_lehrkraft_id_1,1017,2026-01-08,16,6,19,3.5046583852388,kognition,2.0772518399554,1,1,0,0.59270995472911,0.037629046859325,0.10166548436159,0.31605277833603,0.40263592842087,0.44426987951362,0.42137466894537
alle_ausser_lehrkraft_id_1,1018,2026-01-08,16,6,19,4.1237246674791,kognition,2.1924851933349,1,0,0,0.53167465177268,0.043815676360963,0.10727253755029,0.34110917171388,0.48275403593977,0.44641375703799,0.39395156450003
alle_ausser_lehrkraft_id_1,1019,2026-01-08,16,6,19,4.0230266961372,regulation,2.1507426574126,1,0,0,0.32285345704235,0.1940878730544,0.24341569490145,0.41164830638065,0.33607032387167,0.48024720787901,0.5346067709195
alle_ausser_lehrkraft_id_1,1020,2026-01-08,16,6,19,3.4721038792412,performanz,1.8125938090566,1,0,0,0.39217224110269,0.21769801896299,0.29717024810151,0.46920701499411,0.33079089078195,0.52204330620997,0.32921959148461
alle_ausser_lehrkraft_id_1,1012,2026-01-13,16,1,23,2.86636421726,kognition,2.0532452617647,1,2,0,0.71632142425822,0.0,0.24589649946494,0.10102785763875,0.48005379208708,0.42650143713645,0.062046789280422
alle_ausser_lehrkraft_id_1,1013,2026-01-13,16,1,23,2.9011619883243,performanz,1.8146533005108,1,0,0,0.48967516717457,0.0,0.17265110518826,0.31720137154232,0.35619597135299,0.62548973580807,0.33417546746929
alle_ausser_lehrkraft_id_1,1014,2026-01-13,16,1,23,2.7800794322758,performanz,1.5619583131048,1,0,0,0.4828625632128,0.016496962767111,0.21435825162725,0.32723127590326,0.36859184201213,0.56183743406635,0.40250886323243
alle_ausser_lehrkraft_id_1,1015,2026-01-13,16,1,23,4.2332441001739,kognition,2.2209564799031,1,0,0,0.52464520847256,0.057651067006785,0.12431452439003,0.36300826394135,0.46358746533329,0.45239334066434,0.39321350670068
alle_ausser_lehrkraft_id_1,1005,2026-01-20,16,1,23,1.6103819422733,performanz,1.0,1,1,0,0.37754784039823,0.0,0.0,0.36264463617198,0.29868505136768,0.62096684276024,0.50112024210752
alle_ausser_lehrkraft_id_1,1006,2026-01-20,16,1,23,2.9011619883243,performanz,1.8146533005108,1,0,0,0.48967516717457,0.0,0.17265110518826,0.31720137154232,0.35619597135299,0.62548973580807,0.33417546746929
alle_ausser_lehrkraft_id_1,1007,2026-01-20,16,1,23,1.7229179248308,kognition,1.3807910822945,1,1,0,0.80142126806034,0.039137726266037,0.19415880276327,0.085637230104267,0.52579057890913,0.14793460676579,0.11317607852982
alle_ausser_lehrkraft_id_1,1000,2026-01-22,16,6,18,4.0096002650977,kognition,2.5326051745112,1,0,0,0.63163375167823,0.015541942208395,0.17179344520515,0.22267654332557,0.47982510846894,0.45027324687481,0.29785281840573
alle_ausser_lehrkraft_id_1,1001,2026-01-22,16,6,18,3.4522478891995,kognition,1.8706043338075,1,1,1,0.54184953553435,0.028966549779741,0.10377305345183,0.30141773302564,0.50406736303315,0.44719022762149,0.38713011245978
alle_ausser_lehrkraft_id_1,1002,2026-01-22,16,6,18,3.3659078131316,kognition,1.8644313920995,1,0,0,0.55391471081846,0.027419524844313,0.15221827542323,0.29709727428258,0.43315863907753,0.40624546152473,0.47783024759156
alle_ausser_lehrkraft_id_1,1003,2026-01-22,16,6,18,1.7229179248308,kognition,1.3807910822945,1,1,0,0.80142126806034,0.039137726266037,0.19415880276327,0.085637230104267,0.52579057890913,0.14793460676579,0.11317607852982
alle_ausser_lehrkraft_id_1,1004,2026-01-22,16,6,18,4.3406553652064,kognition,2.1462963786463,1,1,0,0.49446253006518,0.26550279432215,0.053552965854877,0.37877182858556,0.4109033095443,0.44109602015534,0.41864927793105
alle_ausser_lehrkraft_id_1,2758,2025-01-06,17,0,8,3.5968627380227,kognition,-2.7859437623561,-1,1,0,-0.77454610303716,-0.013900964432644,-0.10575594061038,-0.16236326457328,-0.42348213249437,-0.36422267860218,-0.22436156594287
alle_ausser_lehrkraft_id_1,2757,2025-01-27,17,0,21,1.1460842028403,sozial,1.0,1,1,0,0.17712331106546,0.87252862593824,0.0,0.38216753816095,0.0,0.21813215648456,0.11691883587572
alle_ausser_lehrkraft_id_1,2755,2025-02-03,17,0,21,0.50974750570972,motivation,-0.3523524487628,-1,3,0,-0.2780161422658,0.0,-0.36192124708165,-0.69121581304082,-0.25707175903932,-0.09508927882189,-0.48864469827661
alle_ausser_lehrkraft_id_1,2751,2025-08-18,17,0,22,2.5401091263291,kognition,1.4257236190517,1,3,1,0.56128218723036,0.016084792925969,0.24137819152092,0.37753829227306,0.44616417507623,0.42470208123368,0.32320703844968
alle_ausser_lehrkraft_id_1,2743,2025-09-01,17,0,22,3.0906410220045,performanz,1.5072340371522,1,2,1,0.46922370585666,0.077011763893507,0.23510808419298,0.4219273012279,0.34983980019771,0.48767525884388,0.42470969885431
alle_ausser_lehrkraft_id_1,2744,2025-09-01,17,0,22,3.2578547618,kognition,1.8346726067272,1,0,0,0.56315186199242,0.031352009134577,0.21853304168741,0.26739485678908,0.44746296860024,0.50787483501136,0.32319380690867
alle_ausser_lehrkraft_id_1,2745,2025-09-01,17,0,22,2.4666707187762,kognition,1.497714368025,1,1,0,0.6071780415781,0.23205273209578,0.36177305619739,0.29189022905129,0.4386722049905,0.33686635392545,0.2355554148444
alle_ausser_lehrkraft_id_1,2746,2025-09-01,17,0,22,2.2750429610691,kognition,1.476804441708,1,2,0,0.6491296980682,0.023747304322574,0.1296647252377,0.24731121215937,0.49460779137771,0.42484572162162,0.27377249411881
alle_ausser_lehrkraft_id_1,2747,2025-09-01,17,0,22,2.4565373790634,kognition,-1.9126518936947,-1,1,0,-0.77859352927436,-0.03745307909242,-0.11025332059147,-0.20454905694459,-0.34066290346013,-0.30991497395093,-0.35536829525995
alle_ausser_lehrkraft_id_1,2728,2025-09-15,17,0,22,3.0906410220045,performanz,1.5072340371522,1,2,1,0.46922370585666,0.077011763893507,0.23510808419298,0.4219273012279,0.34983980019771,0.48767525884388,0.42470969885431
alle_ausser_lehrkraft_id_1,2729,2025-09-15,17,0,22,4.8411068993645,kognition,2.5676948589789,1,0,0,0.53039307092872,0.055075344692102,0.14096368902063,0.35448119397322,0.45919732605643,0.43721176125488,0.41000216890172
alle_ausser_lehrkraft_id_1,2730,2025-09-15,17,0,22,1.2552525715904,kognition,0.93033640217641,1,2,0,0.74114884266617,-0.11966765199692,-0.027913566952979,0.20778690514458,0.37491300437891,0.48696766266451,0.12128595433586
alle_ausser_lehrkraft_id_1,2731,2025-09-15,17,0,22,0.87330889831434,kognition,0.4788,1,2,0,0.54825333669542,0.048092397955738,0.072138596933607,0.35107450507689,0.36129413964248,0.4502650758606,0.48513206437851
alle_ausser_lehrkraft_id_1,2732,2025-09-15,17,0,22,3.8556634144117,kognition,2.1295291688058,1,0,0,0.55231056677312,-0.021358987959407,0.036605380928274,0.40032807212631,0.41533960674309,0.47642679138095,0.36523916628587
alle_ausser_lehrkraft_id_1,2718,2025-09-22,17,0,45,2.4928934477927,motivation,-1.5377179137409,-1,1,0,0.13722164635556,-0.31578569243068,-0.39649595844729,-0.61683813510808,0.0543506684467,-0.53990662017343,-0.22201376041514
alle_ausser_lehrkraft_id_1,2719,2025-09-22,17,0,45,3.8761674124937,kognition,2.2121390502788,1,0,0,0.57070118698608,0.025560535840583,0.13032942806574,0.27745936801483,0.50759136562589,0.44230701292828,0.3555104859237
alle_ausser_lehrkraft_id_1,2720,2025-09-22,17,0,45,3.0240571504654,regulation,1.4279047558095,1,2,0,0.33940662801459,0.35165369924952,-0.028935370103071,0.47015906248171,0.44061701743393,0.34950231383445,0.47218024096779
alle_ausser_lehrkraft_id_1,2721,2025-09-22,17,0,45,2.4432470610431,motivation,1.1703145985009,1,1,0,0.44437182473032,0.24030060576985,0.041446093194493,0.47899773509764,0.34897610469763,0.45089482456345,0.43420506806927
alle_ausser_lehrkraft_id_1,2722,2025-09-22,17,0,45,4.4226026497114,kognition,2.2741683893754,1,0,0,0.51421378481424,0.20190670340455,0.2771769151546,0.38230209960267,0.45121813753943,0.41512604872008,0.30968364954078
alle_ausser_lehrkraft_id_1,2707,2025-09-29,17,0,45,2.1809474554644,kognition,1.7306935738346,1,1,0,0.79354760887167,0.002155011634737,0.15295302379187,0.065526769518853,0.44950066520236,0.35952874324606,0.10615190939157
alle_ausser_lehrkraft_id_1,2708,2025-09-29,17,0,45,4.7509591241489,kognition,2.6141570382954,1,0,0,0.55023658752227,0.028850685378498,0.14019568932654,0.32455234762618,0.43486249286301,0.46220706888315,0.41069855875331
alle_ausser_lehrkraft_id_1,2709,2025-09-29,17,0,45,4.3971375276988,kognition,2.1578157776495,1,1,0,0.49073081220424,0.060721922309847,0.069526878632361,0.41129175166939,0.38033388003918,0.45934695578322,0.47522962004667
alle_ausser_lehrkraft_id_1,2710,2025-09-29,17,0,45,0.34359091024065,motivation,0.21024,1,1,0,0.42537722003598,0.16763634287132,0.25145451430698,0.61187265148032,0.0,0.52386357147288,0.28079087430946
alle_ausser_lehrkraft_id_1,2711,2025-09-29,17,0,45,2.9181769345331,kognition,1.7030709153254,1,1,0,0.58360583250226,0.11697894103087,0.20933489739418,0.32029085943614,0.40748398865711,0.49288427169095,0.30054594635137
alle_ausser_lehrkraft_id_1,2712,2025-09-29,17,0,45,3.4212937730334,kognition,1.5905975306114,1,2,1,0.46490976426836,0.057082965955221,0.2017768472665,0.45016195207528,0.37508978184815,0.45039571684974,0.44009802882654
alle_ausser_lehrkraft_id_1,2698,2025-10-20,17,0,24,3.6813879930869,kognition,2.3310275582356,1,0,0,0.63319085918254,0.026149747064184,0.14669077169834,0.25844845876031,0.47775089783145,0.44131972317682,0.29505471879653
alle_ausser_lehrkraft_id_1,2699,2025-10-20,17,0,24,4.6361765459891,kognition,2.6228056368715,1,0,0,0.56572478498315,0.048988682338982,0.17044432813436,0.3147111289115,0.48920271513479,0.42441388016159,0.36056963398192
alle_ausser_lehrkraft_id_1,2700,2025-10-20,17,0,24,4.4336617364237,kognition,2.1820491743331,1,0,0,0.49215397621954,0.1998670220788,0.11445072171214,0.39248883283008,0.46126862894737,0.42771883525212,0.39366803854352
alle_ausser_lehrkraft_id_1,2701,2025-10-20,17,0,24,3.5655874874173,kognition,2.2009129520582,1,0,0,0.61726343476093,0.037799812012656,0.18382639127447,0.28178965695487,0.46623570321268,0.46595771324522,0.26431334205833
alle_ausser_lehrkraft_id_1,2687,2025-10-27,17,0,12,4.3258647160129,kognition,2.3289522253193,1,1,0,0.53837717876996,0.045037687757293,0.091400304366745,0.36030747239073,0.39133916782648,0.46224732450067,0.45069121706779
alle_ausser_lehrkraft_id_1,2688,2025-10-27,17,0,12,3.1813676431278,performanz,1.4780206620485,1,0,0,0.43697363840821,0.31432923474525,0.046982968609961,0.43014855236104,0.39172434957001,0.46458510363938,0.39207451324792
alle_ausser_lehrkraft_id_1,2689,2025-10-27,17,0,12,3.4507597507663,performanz,1.7576385021604,1,0,0,0.44464530526223,0.098341955792704,0.27435660761333,0.36291912005201,0.37409352724782,0.50934679190639,0.43156883465415
alle_ausser_lehrkraft_id_1,2690,2025-10-27,17,0,12,4.363566322741,performanz,1.9966423536502,1,0,0,0.38111368433806,0.2107779087295,0.2996903444672,0.41367887200184,0.37838787209203,0.45757016858961,0.44365312663578
alle_ausser_lehrkraft_id_1,2691,2025-10-27,17,0,12,2.1129969924978,performanz,-1.8674785612985,-1,0,0,-0.23666123224212,0.09973348232948,-0.23115913641968,-0.28495457071789,-0.12530584779423,-0.88380141094134,0.050941979720327
alle_ausser_lehrkraft_id_1,2692,2025-10-27,17,0,12,0.99141868047763,kognition,0.811,1,0,0,0.81801143740294,0.0,0.17853023972912,0.0,0.48515844807745,0.25216135554961,0.0
alle_ausser_lehrkraft_id_1,2677,2025-11-03,17,0,21,2.6784274275527,regulation,1.3247263976281,1,2,1,0.40780106074132,0.051126766031992,0.032856799961825,0.3974764455768,0.46749536741828,0.45698941814727,0.49458926462152
alle_ausser_lehrkraft_id_1,2678,2025-11-03,17,0,21,4.1990309356057,kognition,2.200270088071,1,0,0,0.52399348370573,0.021963229774419,0.18362881266575,0.31281566223708,0.46688529305889,0.50392461571568,0.34849477471601
alle_ausser_lehrkraft_id_1,2679,2025-11-03,17,0,21,3.5253302199341,performanz,1.7364678940513,1,0,0,0.45873591159058,0.17557733186734,0.29381275481814,0.38507725246167,0.43967873597745,0.49256746461871,0.29694741524276
alle_ausser_lehrkraft_id_1,2680,2025-11-03,17,0,21,3.9096314098023,regulation,1.8319677065092,1,1,1,0.46255600050836,0.047647478235413,0.088401420546268,0.37849837337598,0.46503960928608,0.44369421491831,0.46857691396354
alle_ausser_lehrkraft_id_1,2681,2025-11-03,17,0,21,3.1819690767104,performanz,1.6514653847318,1,0,0,0.46303540907394,0.052306337430451,0.18165981882267,0.37481530099105,0.44958792227474,0.51900573351321,0.37131243005745
alle_ausser_lehrkraft_id_1,2664,2025-11-17,17,0,21,3.3390173794307,performanz,1.5752921706211,1,0,0,0.4453971633637,0.10840822376021,0.24513638282625,0.41734687449694,0.34808714570617,0.47178174708159,0.46027176364271
alle_ausser_lehrkraft_id_1,2665,2025-11-17,17,0,21,2.9207356266883,kognition,2.1149148429999,1,1,1,0.72410100478276,0.0,0.17470319108147,0.116754695985,0.4966933615981,0.39847706619926,0.16133739667791
alle_ausser_lehrkraft_id_1,2666,2025-11-17,17,0,21,2.5315625227324,kognition,1.9179730577314,1,0,0,0.75762121784339,0.017681259848529,0.099494978821222,0.14000273146105,0.47547292371446,0.32817787034038,0.24982860468211
alle_ausser_lehrkraft_id_1,2667,2025-11-17,17,0,21,4.0258121877764,methodik,2.1006963532816,1,0,0,0.35511096938672,0.067184401701719,0.040745767506346,0.41140200825069,0.52180554810889,0.42027935861791,0.49954968560314
alle_ausser_lehrkraft_id_1,2655,2025-11-24,17,0,21,3.566071840425,kognition,1.9337706589825,1,1,0,0.5422676050396,0.036960314653823,0.086908678366079,0.35172664771916,0.42484250428045,0.48238640067418,0.40015200260296
alle_ausser_lehrkraft_id_1,2656,2025-11-24,17,0,21,3.9956993418333,kognition,2.4784503914436,1,0,0,0.62027794802174,0.017456248999166,0.13276811815846,0.24254013544875,0.49304966323876,0.45222844057314,0.30146959684203
alle_ausser_lehrkraft_id_1,2657,2025-11-24,17,0,21,3.1343365456388,regulation,-1.5778553976281,-1,1,0,-0.40745386813153,-0.04432816909896,-0.028364726577879,-0.39059713741832,-0.4570831809565,-0.46507479001945,-0.50340808671061
alle_ausser_lehrkraft_id_1,2658,2025-11-24,17,0,21,3.3002997303996,kognition,1.5952881354409,1,0,0,0.48337527861293,0.21561703878008,0.26496779853028,0.40634427469871,0.46243389864905,0.40165324601205,0.33069249779107
alle_ausser_lehrkraft_id_1,2659,2025-11-24,17,0,21,3.7094848636328,performanz,1.8490362237485,1,0,0,0.4447525791376,0.057996141719878,0.17100853369173,0.35040530339462,0.42589653003669,0.49846038118992,0.46577655391603
alle_ausser_lehrkraft_id_1,2650,2025-12-01,17,0,21,3.6941165863736,motivation,1.7470306227058,1,1,0,0.35861772438682,0.24073354711313,0.23271670472127,0.47292115791323,0.38161039047148,0.41343649431098,0.4680465381299
alle_ausser_lehrkraft_id_1,2651,2025-12-01,17,0,21,3.8454915842306,kognition,2.4503618349918,1,1,0,0.63720213899796,0.018138101277961,0.1379541259842,0.2262590984732,0.50167899874423,0.44001213438009,0.2795035344365
alle_ausser_lehrkraft_id_1,2652,2025-12-01,17,0,21,3.8838793061339,kognition,2.0461096300162,1,1,0,0.52681975945728,0.069481231038198,0.10297437976036,0.38799774098501,0.3506570616886,0.45990962201269,0.47117400700764
alle_ausser_lehrkraft_id_1,2653,2025-12-01,17,0,21,2.5677818078907,motivation,1.2052751378734,1,2,1,0.35414748083857,0.38945317322984,-0.016509864641924,0.46938195463106,0.38464361882541,0.39297273842287,0.44713277366814
alle_ausser_lehrkraft_id_1,2654,2025-12-01,17,0,21,4.4817017288967,kognition,2.3451113517338,1,1,0,0.523262425964,0.19873882290832,0.28092411061755,0.37361537614605,0.45456628790124,0.41330948442571,0.30121886733082
alle_ausser_lehrkraft_id_1,2640,2025-12-08,17,0,21,2.4355446384929,kognition,1.7270891589061,1,1,1,0.70911534137244,0.0,0.1466233937092,0.15159418217587,0.47510097442793,0.42786103617929,0.2094803168081
alle_ausser_lehrkraft_id_1,2641,2025-12-08,17,0,21,4.1753366045791,kognition,2.0025209823477,1,0,0,0.47960592784119,0.20384347683099,0.27356109825585,0.38796629419017,0.38566077691678,0.43325305356153,0.40819754744271
alle_ausser_lehrkraft_id_1,2642,2025-12-08,17,0,21,3.3989502526716,kognition,2.3210201415921,1,1,0,0.68286180745059,0.01826365831898,0.17566245392676,0.19020295592194,0.51264892743446,0.39897867265262,0.21055388947738
alle_ausser_lehrkraft_id_1,2643,2025-12-08,17,0,21,1.5004858801453,kognition,0.93570925639273,1,1,0,0.62360001701712,0.0,0.24260501994395,0.17028068240827,0.39305027489902,0.59921816561108,0.098519311780762
alle_ausser_lehrkraft_id_1,2644,2025-12-08,17,0,21,4.0230266961372,regulation,2.1507426574126,1,0,0,0.32285345704235,0.1940878730544,0.24341569490145,0.41164830638065,0.33607032387167,0.48024720787901,0.5346067709195
alle_ausser_lehrkraft_id_1,2630,2025-12-15,17,0,21,3.8062665103397,regulation,1.8431158130951,1,0,0,0.45301736805624,0.066422624616704,0.065348142953673,0.42065754004588,0.39148897570872,0.47052305154077,0.48423066692298
alle_ausser_lehrkraft_id_1,2631,2025-12-15,17,0,21,2.191058309294,regulation,1.4239005001997,1,1,1,0.27821751197677,0.18119015199847,0.16110862381728,0.36687155021483,0.30532321749413,0.46223087885444,0.64986586413571
alle_ausser_lehrkraft_id_1,2632,2025-12-15,17,0,21,2.5074879048464,performanz,1.5399390735643,1,1,1,0.37305328524839,0.028718278910358,0.13735554249582,0.41621030612412,0.36013603341378,0.61413374287892,0.40130132079964
alle_ausser_lehrkraft_id_1,2633,2025-12-15,17,0,21,2.4666707187762,kognition,1.497714368025,1,1,0,0.6071780415781,0.23205273209578,0.36177305619739,0.29189022905129,0.4386722049905,0.33686635392545,0.2355554148444
alle_ausser_lehrkraft_id_1,2634,2025-12-15,17,0,21,3.2346333289896,regulation,1.553207951233,1,2,0,0.43733050150753,0.22603274082431,0.032045122263973,0.45206961184473,0.39443184375602,0.40755714823022,0.48017904704139
alle_ausser_lehrkraft_id_1,2626,2025-12-17,17,3,19,0.76217331798458,kognition,0.44118140327121,1,2,0,0.57883896545757,0.024642229308857,0.015404501148902,0.33042660170835,0.22334056097015,0.55147721954348,0.44820174558608
alle_ausser_lehrkraft_id_1,2627,2025-12-17,17,3,19,2.4174972743467,kognition,1.9373026861825,1,1,0,0.80136374634324,-0.0276955660997,0.19326724765202,-0.13478508835187,0.45886239328623,0.19416465364535,-0.23079638416416
alle_ausser_lehrkraft_id_1,2628,2025-12-17,17,3,19,1.6261417527387,regulation,1.0,1,2,0,0.37388884461493,0.073793850910841,0.061494875759034,0.35913007443276,0.44337805422264,0.38372802473637,0.61494875759034
alle_ausser_lehrkraft_id_1,2629,2025-12-17,17,3,19,4.3406553652064,kognition,2.1462963786463,1,1,0,0.49446253006518,0.26550279432215,0.053552965854877,0.37877182858556,0.4109033095443,0.44109602015534,0.41864927793105
alle_ausser_lehrkraft_id_1,2621,2025-12-22,17,0,21,3.566071840425,kognition,1.9337706589825,1,1,0,0.5422676050396,0.036960314653823,0.086908678366079,0.35172664771916,0.42484250428045,0.48238640067418,0.40015200260296
alle_ausser_lehrkraft_id_1,2622,2025-12-22,17,0,21,3.7903140793782,regulation,2.0584483248078,1,0,0,0.43782915236789,0.20100650117379,0.23487362217918,0.31187955950307,0.38918849396145,0.41116778334824,0.54307976882693
alle_ausser_lehrkraft_id_1,2623,2025-12-22,17,0,21,3.648548811648,performanz,1.8144280300528,1,0,0,0.38885845163842,0.19199426251791,0.31575625939891,0.41583833205431,0.32791525199639,0.49729992682597,0.42949116716453
alle_ausser_lehrkraft_id_1,2624,2025-12-22,17,0,21,4.1826548987587,regulation,2.0107729389583,1,2,0,0.42262531457781,0.16192150458247,0.16866783506966,0.43524035966832,0.39405455354042,0.43691172839776,0.48073966899788
alle_ausser_lehrkraft_id_1,2625,2025-12-22,17,0,21,2.5027427502368,motivation,1.3731526696862,1,0,0,0.32393594064879,0.33971266398016,0.33330308238438,0.54865694166406,0.21347094334422,0.42808596573203,0.37243791298749
alle_ausser_lehrkraft_id_1,2616,2026-01-05,17,0,24,4.0096002650977,kognition,2.5326051745112,1,0,0,0.63163375167823,0.015541942208395,0.17179344520515,0.22267654332557,0.47982510846894,0.45027324687481,0.29785281840573
alle_ausser_lehrkraft_id_1,2617,2026-01-05,17,0,24,3.7903140793782,regulation,2.0584483248078,1,0,0,0.43782915236789,0.20100650117379,0.23487362217918,0.31187955950307,0.38918849396145,0.41116778334824,0.54307976882693
alle_ausser_lehrkraft_id_1,2618,2026-01-05,17,0,24,4.0730731755336,performanz,2.1602420544193,1,0,0,0.50793164389237,0.029806912452068,0.14201670599099,0.36940497938456,0.35646034890973,0.5303702284784,0.41967456397547
alle_ausser_lehrkraft_id_1,2619,2026-01-05,17,0,24,4.9946265310618,regulation,2.313833831872,1,1,0,0.41890779460302,0.17740135474721,0.18447467974737,0.43405868844984,0.40459236989813,0.43851444065215,0.46326370647438
alle_ausser_lehrkraft_id_1,2620,2026-01-05,17,0,24,2.2888856549031,performanz,1.2945417374836,1,1,0,0.21945057193054,0.18392997448974,0.30161300890777,0.37123476885487,0.26169585814646,0.56557481539648,0.54850452907291
alle_ausser_lehrkraft_id_1,2611,2026-01-08,17,6,19,3.2300083339717,kognition,2.1867464814939,1,1,0,0.6770074517828,0.0061475112419661,0.23475763320435,0.17138860779136,0.46567231500301,0.46383909807791,0.15853804381284
alle_ausser_lehrkraft_id_1,2612,2026-01-08,17,6,19,4.8604079848911,performanz,2.3238211125165,1,0,0,0.47652082017042,0.045968410589216,0.15904505569559,0.36906918169985,0.45571026315801,0.47811137226062,0.41598194606199
alle_ausser_lehrkraft_id_1,2613,2026-01-08,17,6,19,1.5004858801453,kognition,0.93570925639273,1,1,0,0.62360001701712,0.0,0.24260501994395,0.17028068240827,0.39305027489902,0.59921816561108,0.098519311780762
alle_ausser_lehrkraft_id_1,2614,2026-01-08,17,6,19,3.6133072357558,performanz,1.7648070047484,1,0,0,0.41658136104671,0.19356657060967,0.3074035795803,0.39676228733864,0.34750802257374,0.48841739863985,0.42161091406453
alle_ausser_lehrkraft_id_1,2615,2026-01-08,17,6,19,1.7830001959488,performanz,1.3195872615143,1,0,0,0.38136155656562,0.022433971544799,0.21359046816581,0.36212796890268,0.22310986354917,0.74008957689225,0.28245480372957
alle_ausser_lehrkraft_id_1,2606,2026-01-12,17,0,21,3.7313954952578,kognition,1.9435674319259,1,1,0,0.52086738747529,0.23932520770493,0.02661409437125,0.39484263499938,0.44414344902299,0.38478142574485,0.41168687661556
alle_ausser_lehrkraft_id_1,2607,2026-01-12,17,0,21,3.4522478891995,kognition,1.8706043338075,1,1,1,0.54184953553435,0.028966549779741,0.10377305345183,0.30141773302564,0.50406736303315,0.44719022762149,0.38713011245978
alle_ausser_lehrkraft_id_1,2608,2026-01-12,17,0,21,1.6261417527387,regulation,1.0,1,2,0,0.37388884461493,0.073793850910841,0.061494875759034,0.35913007443276,0.44337805422264,0.38372802473637,0.61494875759034
alle_ausser_lehrkraft_id_1,2609,2026-01-12,17,0,21,3.8471321766507,motivation,1.8221612265061,1,0,0,0.44931392700607,0.17701400363727,0.32602070668933,0.47364020949505,0.33648039015515,0.45262291343093,0.34360840341141
alle_ausser_lehrkraft_id_1,2610,2026-01-12,17,0,21,3.8521527770518,kognition,1.9922358740197,1,1,1,0.51717333594725,0.2710882643526,0.10774851488301,0.37929450581954,0.46369413413706,0.40567374678804,0.35210821939154
alle_ausser_lehrkraft_id_1,2597,2026-01-19,17,0,21,3.0906410220045,performanz,1.5072340371522,1,2,1,0.46922370585666,0.077011763893507,0.23510808419298,0.4219273012279,0.34983980019771,0.48767525884388,0.42470969885431
alle_ausser_lehrkraft_id_1,2598,2026-01-19,17,0,21,3.5046583852388,kognition,2.0772518399554,1,1,0,0.59270995472911,0.037629046859325,0.10166548436159,0.31605277833603,0.40263592842087,0.44426987951362,0.42137466894537
alle_ausser_lehrkraft_id_1,2599,2026-01-19,17,0,21,3.7945306446695,regulation,1.7816850647611,1,1,0,0.383394548246,0.288480981131,-0.019772135789809,0.45100262381218,0.4258566687896,0.40517518881483,0.46953906456739
alle_ausser_lehrkraft_id_1,2600,2026-01-19,17,0,21,3.3246328476177,motivation,1.5116396645841,1,2,0,0.3977023216679,0.31262395917185,0.33641697348765,0.45467730937394,0.3353124678607,0.40522116227552,0.38411799052906
alle_ausser_lehrkraft_id_1,2601,2026-01-19,17,0,21,3.0088267944093,performanz,1.7349960417186,1,0,0,0.49568317504876,0.021792505626107,0.18265534692838,0.34599423350428,0.40517032831338,0.57663348339209,0.32260265823754
alle_ausser_lehrkraft_id_1,2593,2026-01-26,17,0,24,1.6103819422733,performanz,1.0,1,1,1,0.37754784039823,0.0,0.0,0.36264463617198,0.29868505136768,0.62096684276024,0.50112024210752
alle_ausser_lehrkraft_id_1,2594,2026-01-26,17,0,24,4.1616133039273,kognition,2.011929137674,1,0,0,0.48344816210909,0.20080164681871,0.27099058310345,0.38581826094179,0.38712272450863,0.43259694091758,0.4082352552731
alle_ausser_lehrkraft_id_1,2595,2026-01-26,17,0,24,1.9935420942378,motivation,1.2459236375843,1,4,0,0.1924119840039,0.33536319260425,0.25723120973569,0.62497671427077,0.082253812699267,0.4466343056288,0.43299820303145
alle_ausser_lehrkraft_id_1,2596,2026-01-26,17,0,24,4.0164817262936,regulation,1.9126138920563,1,0,0,0.4588553814492,0.047909025290553,0.09026084042588,0.38084333672938,0.45894389366437,0.44336919087771,0.47619017351276
alle_ausser_lehrkraft_id_1,2587,2025-06-04,18,0,44,3.1414420380169,regulation,1.6100903208192,1,0,0,0.51169352786904,0.14016983318797,0.17502700982456,0.32722230156675,0.42043549326924,0.37596977100218,0.51253060729062
alle_ausser_lehrkraft_id_1,2582,2025-08-27,18,0,19,2.7446347058328,kognition,2.0294192151397,1,2,0,0.7394105367543,0.0,0.23489096607892,0.07289685744171,0.49061495744207,0.38738826155345,0.044769987789543
alle_ausser_lehrkraft_id_1,2583,2025-08-27,18,0,19,3.1172442691244,kognition,2.1688746734496,1,0,0,0.69576444081953,0.0,0.16369007378504,0.15193693723741,0.48658802563816,0.43032265210642,0.20995395265513
alle_ausser_lehrkraft_id_1,2584,2025-08-27,18,0,19,2.1129969924978,performanz,-1.8674785612985,-1,0,0,-0.23666123224212,0.09973348232948,-0.23115913641968,-0.28495457071789,-0.12530584779423,-0.88380141094134,0.050941979720327
alle_ausser_lehrkraft_id_1,2585,2025-08-27,18,0,19,2.2493462737248,kognition,1.6090114569035,1,1,0,0.71532085677077,0.0,0.2410501346206,0.11480071837591,0.46114762941452,0.44653628244911,0.070505464025387
alle_ausser_lehrkraft_id_1,2586,2025-08-27,18,0,19,3.5602119659643,kognition,1.7844225085062,1,1,0,0.50121102716777,0.037668702913921,0.16495097469376,0.32758783400208,0.49672118204769,0.48384677579292,0.3633190185886
alle_ausser_lehrkraft_id_1,2574,2025-09-03,18,0,19,4.1990309356057,kognition,2.200270088071,1,0,0,0.52399348370573,0.021963229774419,0.18362881266575,0.31281566223708,0.46688529305889,0.50392461571568,0.34849477471601
alle_ausser_lehrkraft_id_1,2575,2025-09-03,18,0,19,3.771468009549,performanz,1.8171380778151,1,0,0,0.36111509572411,0.22685067187805,0.32978668596496,0.42468678617285,0.34745157352079,0.48181059871337,0.41969892040688
alle_ausser_lehrkraft_id_1,2576,2025-09-03,18,0,19,0.99141868047763,kognition,0.811,1,2,0,0.81801143740294,0.0,0.17853023972912,0.0,0.48515844807745,0.25216135554961,0.0
alle_ausser_lehrkraft_id_1,2564,2025-09-10,18,0,19,3.8014751741185,kognition,2.1982887533958,1,1,1,0.57827103163846,0.032586441728781,0.11160103015591,0.31828824440691,0.455066960453,0.4635561282402,0.35889142885283
alle_ausser_lehrkraft_id_1,2565,2025-09-10,18,0,19,4.6361765459891,kognition,2.6228056368715,1,0,0,0.56572478498315,0.048988682338982,0.17044432813436,0.3147111289115,0.48920271513479,0.42441388016159,0.36056963398192
alle_ausser_lehrkraft_id_1,2566,2025-09-10,18,0,19,4.4336617364237,kognition,2.1820491743331,1,0,0,0.49215397621954,0.1998670220788,0.11445072171214,0.39248883283008,0.46126862894737,0.42771883525212,0.39366803854352
alle_ausser_lehrkraft_id_1,2567,2025-09-10,18,0,19,3.3233958757153,kognition,1.8888915756821,1,1,0,0.56836018419675,0.037237226112195,0.080792004910457,0.34461562095382,0.4123224685031,0.42860518859677,0.44336731060167
alle_ausser_lehrkraft_id_1,2568,2025-09-10,18,0,19,2.2493462737248,kognition,1.6090114569035,1,1,0,0.71532085677077,0.0,0.2410501346206,0.11480071837591,0.46114762941452,0.44653628244911,0.070505464025387
alle_ausser_lehrkraft_id_1,2554,2025-09-17,18,0,19,4.0126552337059,regulation,2.1828699354367,1,0,0,0.40179603336931,0.13542865712738,0.11567470439179,0.39819341752848,0.40238936371688,0.436380128858,0.54399502781864
alle_ausser_lehrkraft_id_1,2555,2025-09-17,18,0,19,2.4366088452089,performanz,-1.4552652158942,-1,0,0,-0.21141108626145,-0.15707180025819,-0.29598138611071,-0.37273403427469,-0.25021502605258,-0.59724778816174,-0.53364545639735
alle_ausser_lehrkraft_id_1,2556,2025-09-17,18,0,19,3.1894406451554,kognition,1.5781787077165,1,2,0,0.494812079978,0.040859599288974,0.062449079861946,0.38402661474438,0.42341512107016,0.48963364934366,0.42788716300349
alle_ausser_lehrkraft_id_1,2557,2025-09-17,18,0,19,3.3702834346193,regulation,1.9207031699987,1,0,0,0.34666187591488,0.15274841687258,0.12736758152662,0.39464371019655,0.43026513898873,0.41787129944916,0.56989197150297
alle_ausser_lehrkraft_id_1,2558,2025-09-17,18,0,19,0.99141868047763,kognition,0.811,1,0,0,0.81801143740294,0.0,0.17853023972912,0.0,0.48515844807745,0.25216135554961,0.0
alle_ausser_lehrkraft_id_1,2549,2025-09-24,18,0,19,1.5071006143225,performanz,0.91608656017512,1,1,1,0.14292479866915,0.019089968855412,-0.10224496962518,0.46647415268712,0.12229153288671,0.60784294893106,0.60556945605985
alle_ausser_lehrkraft_id_1,2550,2025-09-24,18,0,19,3.0045876008173,kognition,1.6662193362077,1,1,1,0.55455656882455,0.13213083838315,0.2111204192588,0.25222496970111,0.43296993128715,0.41757439605066,0.45274848720097
alle_ausser_lehrkraft_id_1,2551,2025-09-24,18,0,19,0.34359091024065,motivation,0.21024,1,1,0,0.42537722003598,0.16763634287132,0.25145451430698,0.61187265148032,0.0,0.52386357147288,0.28079087430946
alle_ausser_lehrkraft_id_1,2552,2025-09-24,18,0,19,3.9472334029979,kognition,2.3317185870149,1,1,0,0.59072075090275,0.036035643093624,0.11051648660271,0.31723657760352,0.43648255743814,0.44637104913987,0.38357304861061
alle_ausser_lehrkraft_id_1,2553,2025-09-24,18,0,19,4.4817017288967,kognition,2.3451113517338,1,1,0,0.523262425964,0.19873882290832,0.28092411061755,0.37361537614605,0.45456628790124,0.41330948442571,0.30121886733082
alle_ausser_lehrkraft_id_1,2540,2025-10-01,18,0,19,3.0906410220045,performanz,1.5072340371522,1,2,1,0.46922370585666,0.077011763893507,0.23510808419298,0.4219273012279,0.34983980019771,0.48767525884388,0.42470969885431
alle_ausser_lehrkraft_id_1,2541,2025-10-01,18,0,19,3.4361783473499,performanz,1.5197445884373,1,1,0,0.43378832819198,0.20960916717409,0.30486789593503,0.39671769700491,0.36048769182062,0.44227627673826,0.43817441385638
alle_ausser_lehrkraft_id_1,2542,2025-10-01,18,0,19,3.5655874874173,kognition,2.2009129520582,1,0,0,0.61726343476093,0.037799812012656,0.18382639127447,0.28178965695487,0.46623570321268,0.46595771324522,0.26431334205833
alle_ausser_lehrkraft_id_1,2543,2025-10-01,18,0,19,3.9909291971125,performanz,2.0864958050995,1,0,0,0.50686404877188,0.033885703813723,0.13418955811809,0.37059932669004,0.40085263899891,0.52280821682502,0.39060672750351
alle_ausser_lehrkraft_id_1,2532,2025-10-16,18,6,18,3.1988921097457,kognition,1.919667488646,1,0,0,0.60010197961283,0.028359326892356,0.086449473354213,0.30337364378423,0.40429765756495,0.44207952411901,0.42504956153813
alle_ausser_lehrkraft_id_1,2533,2025-10-16,18,6,18,2.3428052989296,methodik,1.3071304723696,1,0,0,0.51447576205092,0.042683689169047,0.09160513239389,0.31116409404235,0.55793150786012,0.39453333050523,0.40165351508073
alle_ausser_lehrkraft_id_1,2534,2025-10-16,18,6,18,3.1443711090881,kognition,1.473212922878,1,0,0,0.46852238064275,0.23827174473619,0.28124665024161,0.42298258717174,0.3350072408433,0.40654256773133,0.43380449033815
alle_ausser_lehrkraft_id_1,2535,2025-10-16,18,6,18,2.8957199704337,regulation,1.539769585776,1,0,0,0.47088581038576,0.15755269598282,0.14777939986544,0.33022333356776,0.43475917646087,0.38831659764443,0.5317379733254
alle_ausser_lehrkraft_id_1,2517,2025-10-29,18,0,19,2.0383290573272,performanz,1.0546278376074,1,0,0,0.42436159039773,0.070587328205849,0.083951372778933,0.46633964595264,0.35371936646566,0.5173956873447,0.44450947338743
alle_ausser_lehrkraft_id_1,2518,2025-10-29,18,0,19,3.2578547618,kognition,1.8346726067272,1,0,0,0.56315186199242,0.031352009134577,0.21853304168741,0.26739485678908,0.44746296860024,0.50787483501136,0.32319380690867
alle_ausser_lehrkraft_id_1,2519,2025-10-29,18,0,19,4.094843055123,motivation,1.9323937282884,1,2,0,0.3779217885154,0.27275714624174,0.33240350281161,0.47190795427221,0.3699431106647,0.45875909404899,0.31979174360427
alle_ausser_lehrkraft_id_1,2520,2025-10-29,18,0,19,4.3741226535176,kognition,2.325873120126,1,1,0,0.53173355825311,0.049170311392821,0.1010184804467,0.34044779048807,0.46657214061282,0.45197678151597,0.40835661658614
alle_ausser_lehrkraft_id_1,2521,2025-10-29,18,0,19,4.4226026497114,kognition,2.2741683893754,1,0,0,0.51421378481424,0.20190670340455,0.2771769151546,0.38230209960267,0.45121813753943,0.41512604872008,0.30968364954078
alle_ausser_lehrkraft_id_1,2508,2025-11-05,18,0,19,4.6221765003632,regulation,2.2831943720438,1,1,0,0.42028364349602,0.07674949586674,0.058605948586205,0.41798896030911,0.44907287797465,0.44005726793527,0.4939641383714
alle_ausser_lehrkraft_id_1,2509,2025-11-05,18,0,19,3.0045876008173,kognition,1.6662193362077,1,1,1,0.55455656882455,0.13213083838315,0.2111204192588,0.25222496970111,0.43296993128715,0.41757439605066,0.45274848720097
alle_ausser_lehrkraft_id_1,2510,2025-11-05,18,0,19,1.6538928464461,regulation,1.0959483968476,1,0,0,0.23508177141809,0.28196494490937,0.27712264868538,0.4160507871843,0.21827158758189,0.35858859808376,0.66264375758378
alle_ausser_lehrkraft_id_1,2511,2025-11-05,18,0,19,4.3406553652064,kognition,2.1462963786463,1,1,0,0.49446253006518,0.26550279432215,0.053552965854877,0.37877182858556,0.4109033095443,0.44109602015534,0.41864927793105
alle_ausser_lehrkraft_id_1,2512,2025-11-05,18,0,19,3.5717878102127,kognition,1.8941985677148,1,0,0,0.5303207707611,0.0025796929428273,0.21368847062502,0.26998418773395,0.48896612273076,0.52657343227264,0.289527119649
alle_ausser_lehrkraft_id_1,2498,2025-11-12,18,0,19,2.8880375884253,motivation,1.6401735572884,1,1,0,0.33503668365262,0.32038509609569,0.43729181778179,0.5679177738836,0.22979626349353,0.40213666852666,0.23837351162418
alle_ausser_lehrkraft_id_1,2499,2025-11-12,18,0,19,3.1172442691244,kognition,2.1688746734496,1,0,0,0.69576444081953,0.0,0.16369007378504,0.15193693723741,0.48658802563816,0.43032265210642,0.20995395265513
alle_ausser_lehrkraft_id_1,2500,2025-11-12,18,0,19,3.5141486703425,motivation,1.8282533754185,1,1,0,0.38999155322217,0.42684469903398,0.26587937625879,0.52025350785892,0.25587316251426,0.38566410609745,0.33187507722202
alle_ausser_lehrkraft_id_1,2501,2025-11-12,18,0,19,3.6133900265862,kognition,2.4241953523872,1,0,0,0.67089038981313,0.0,0.27260700094581,0.12121547483737,0.48802215807,0.46603119948005,0.074445120390985
alle_ausser_lehrkraft_id_1,2502,2025-11-12,18,0,19,3.8411483190915,kognition,2.509295155464,1,0,0,0.65326522548996,0.020984344791132,0.16805441832496,0.2240481499757,0.47451664831199,0.42970909557727,0.29076309654101
alle_ausser_lehrkraft_id_1,2488,2025-11-26,18,0,19,4.219811570406,kognition,2.2150745427188,1,1,0,0.52492137540917,0.046539524378753,0.075483868838256,0.37324671046528,0.37467537002425,0.46781873578072,0.46694749062356
alle_ausser_lehrkraft_id_1,2489,2025-11-26,18,0,19,2.4862506965683,motivation,1.376852504409,1,0,0,0.25215758794377,0.31975729701126,0.30109151145213,0.55378444678366,0.18303761876473,0.51110202343942,0.37696474323594
alle_ausser_lehrkraft_id_1,2490,2025-11-26,18,0,19,2.8957199704337,regulation,1.539769585776,1,0,0,0.47088581038576,0.15755269598282,0.14777939986544,0.33022333356776,0.43475917646087,0.38831659764443,0.5317379733254
alle_ausser_lehrkraft_id_1,2491,2025-11-26,18,0,19,3.2610617527124,performanz,1.5410807252831,1,1,0,0.46727819350693,0.10274601857145,0.26333744255978,0.35239019234587,0.39118686035569,0.47256878785366,0.44856921128522
alle_ausser_lehrkraft_id_1,2492,2025-11-26,18,0,19,3.445161991689,regulation,1.6593102589405,1,0,0,0.35697457681494,0.30867452774446,-0.051124322883014,0.44905706607895,0.45666641004076,0.36400878395462,0.48163350420338
alle_ausser_lehrkraft_id_1,2478,2025-12-03,18,0,19,3.3685945007785,performanz,1.7146760432305,1,1,1,0.46692129171518,0.043118259161777,0.034712611149409,0.40662835417337,0.37420596681409,0.50901672868817,0.46307630734881
alle_ausser_lehrkraft_id_1,2479,2025-12-03,18,0,19,2.5891291552071,performanz,1.6348496052309,1,1,1,0.50370779347505,0.0,0.19345833502926,0.30327613977023,0.35909799288386,0.6314259324158,0.29869401277169
alle_ausser_lehrkraft_id_1,2480,2025-12-03,18,0,19,3.4752254188631,performanz,1.7185730315922,1,0,0,0.31877151424459,0.19146773728403,0.17310725067521,0.46890082280075,0.38408892483263,0.49451988842658,0.46883978948033
alle_ausser_lehrkraft_id_1,2481,2025-12-03,18,0,19,2.8006523873511,kognition,1.4758361358457,1,0,0,0.52695967300848,0.28386141920944,0.3913078160065,0.35705838894269,0.40277514975236,0.34038294450806,0.28814611987675
alle_ausser_lehrkraft_id_1,2482,2025-12-03,18,0,19,3.3156558214794,kognition,1.8851814077083,1,1,1,0.56856797675319,0.015106330202057,0.18049052375597,0.29780903970136,0.39432792049408,0.54494398432497,0.32057871796178
alle_ausser_lehrkraft_id_1,2469,2025-12-10,18,0,19,2.2792901074475,performanz,1.7803177442296,1,0,0,0.26065571282368,0.0,0.29833114483633,0.36911250485341,0.20746555360131,0.78108088461566,0.23167867253301
alle_ausser_lehrkraft_id_1,2470,2025-12-10,18,0,19,3.5046583852388,kognition,2.0772518399554,1,1,0,0.59270995472911,0.037629046859325,0.10166548436159,0.31605277833603,0.40263592842087,0.44426987951362,0.42137466894537
alle_ausser_lehrkraft_id_1,2471,2025-12-10,18,0,19,1.5004858801453,kognition,0.93570925639273,1,1,0,0.62360001701712,0.0,0.24260501994395,0.17028068240827,0.39305027489902,0.59921816561108,0.098519311780762
alle_ausser_lehrkraft_id_1,2472,2025-12-10,18,0,19,1.4961917859635,kognition,1.2221237056395,1,0,0,0.81681743539194,0.040437289846616,0.20182274678664,0.049299247019464,0.52457061090042,0.093988959896664,0.063163663709705
alle_ausser_lehrkraft_id_1,2465,2025-12-17,18,0,19,3.7313954952578,kognition,1.9435674319259,1,1,0,0.52086738747529,0.23932520770493,0.02661409437125,0.39484263499938,0.44414344902299,0.38478142574485,0.41168687661556
alle_ausser_lehrkraft_id_1,2466,2025-12-17,18,0,19,4.1753366045791,kognition,2.0025209823477,1,0,0,0.47960592784119,0.20384347683099,0.27356109825585,0.38796629419017,0.38566077691678,0.43325305356153,0.40819754744271
alle_ausser_lehrkraft_id_1,2467,2025-12-17,18,0,19,2.8674352088813,performanz,1.6859498552702,1,0,0,0.41373391072764,0.1011662724033,0.30642597316211,0.28072842674595,0.37441986092981,0.5879623610761,0.39998420555291
alle_ausser_lehrkraft_id_1,2468,2025-12-17,18,0,19,3.4989761103282,performanz,1.6229270452087,1,1,0,0.39913283762435,0.20574122243346,0.31304974465119,0.41790252261595,0.33606865075675,0.46382780440831,0.44456358396692
alle_ausser_lehrkraft_id_1,2460,2026-01-07,18,0,19,3.9028243912711,kognition,2.1928329711058,1,1,0,0.56185652560873,0.035514064351567,0.10716096158394,0.3336892807476,0.43935402011948,0.47241530936597,0.37948739649417
alle_ausser_lehrkraft_id_1,2461,2026-01-07,18,0,19,3.0045876008173,kognition,1.6662193362077,1,1,1,0.55455656882455,0.13213083838315,0.2111204192588,0.25222496970111,0.43296993128715,0.41757439605066,0.45274848720097
alle_ausser_lehrkraft_id_1,2462,2026-01-07,18,0,19,3.79908591483,kognition,2.0937472961032,1,4,2,0.5511172507991,0.11131089761788,0.10944137314403,0.36503224718023,0.41527757291662,0.43089007792585,0.42488435847901
alle_ausser_lehrkraft_id_1,2463,2026-01-07,18,0,19,4.0230266961372,regulation,2.1507426574126,1,0,0,0.32285345704235,0.1940878730544,0.24341569490145,0.41164830638065,0.33607032387167,0.48024720787901,0.5346067709195
alle_ausser_lehrkraft_id_1,2464,2026-01-07,18,0,19,3.9225909597309,regulation,1.8976886923973,1,1,0,0.450203957025,0.19261550717586,0.21765521993499,0.40377985151042,0.38454350726066,0.40972996824294,0.48378326316616
alle_ausser_lehrkraft_id_1,2455,2026-01-08,18,6,19,3.7834187822736,performanz,2.1524916087874,1,0,0,0.43529939562806,0.035551443866491,0.119184436252,0.4104201615304,0.35006848278279,0.56892616001453,0.42470070376623
alle_ausser_lehrkraft_id_1,2456,2026-01-08,18,6,19,3.0045876008173,kognition,1.6662193362077,1,1,1,0.55455656882455,0.13213083838315,0.2111204192588,0.25222496970111,0.43296993128715,0.41757439605066,0.45274848720097
alle_ausser_lehrkraft_id_1,2457,2026-01-08,18,6,19,2.8957199704337,regulation,1.539769585776,1,2,0,0.47088581038576,0.15755269598282,0.14777939986544,0.33022333356776,0.43475917646087,0.38831659764443,0.5317379733254
alle_ausser_lehrkraft_id_1,2458,2026-01-08,18,6,19,2.9438340136339,motivation,1.3391291752914,1,1,0,0.39013065463861,0.34771163703153,0.063474612705181,0.45489134923233,0.38828321190919,0.42472073090344,0.4298618126599
alle_ausser_lehrkraft_id_1,2459,2026-01-08,18,6,19,3.4333342274091,methodik,1.6923157810732,1,1,0,0.45560273520211,0.048083977176934,0.071709281313335,0.3792497481292,0.49290594504422,0.4472213857957,0.44516561249039
alle_ausser_lehrkraft_id_1,2450,2026-01-14,18,0,19,3.7313954952578,kognition,1.9435674319259,1,1,0,0.52086738747529,0.23932520770493,0.02661409437125,0.39484263499938,0.44414344902299,0.38478142574485,0.41168687661556
alle_ausser_lehrkraft_id_1,2451,2026-01-14,18,0,19,2.9398724507521,performanz,1.7655165425851,1,1,1,0.56855014888986,0.0,0.28719775025849,0.24098330966354,0.39075259553747,0.60053984203804,0.15117119147353
alle_ausser_lehrkraft_id_1,2452,2026-01-14,18,0,19,1.2723766120734,regulation,0.83995356903732,1,2,0,0.32816316889373,0.079216825552914,0.026147554981766,0.38552188435751,0.40842573301039,0.36621088545109,0.66014021294095
alle_ausser_lehrkraft_id_1,2453,2026-01-14,18,0,19,1.9935420942378,motivation,1.2459236375843,1,4,0,0.1924119840039,0.33536319260425,0.25723120973569,0.62497671427077,0.082253812699267,0.4466343056288,0.43299820303145
alle_ausser_lehrkraft_id_1,2454,2026-01-14,18,0,19,4.3093800800185,regulation,2.2148166874228,1,0,0,0.40373138078784,0.25987825762376,0.10320541471071,0.43241760359741,0.38661493539129,0.39775145632727,0.51395131243569
alle_ausser_lehrkraft_id_1,2440,2026-01-21,18,0,19,1.7259800114717,performanz,0.874,1,1,0,0.41135811637437,0.040556434008741,0.034762657721778,0.4223662913196,0.41773127029003,0.50637604748057,0.46755774635791
alle_ausser_lehrkraft_id_1,2441,2026-01-21,18,0,19,2.5891291552071,performanz,1.6348496052309,1,1,1,0.50370779347505,0.0,0.19345833502926,0.30327613977023,0.35909799288386,0.6314259324158,0.29869401277169
alle_ausser_lehrkraft_id_1,2442,2026-01-21,18,0,19,3.6624782597347,kognition,2.0061560441041,1,1,0,0.54775767233435,0.037845715107673,0.14946786415009,0.34196619651183,0.41905124282305,0.4683771687897,0.40529142004314
alle_ausser_lehrkraft_id_1,2443,2026-01-21,18,0,19,3.4263674606991,kognition,1.7820560115872,1,1,0,0.52009915195497,0.057384238529672,0.01634967429508,0.32019729496019,0.47732956965011,0.41282654755967,0.47448412856735
alle_ausser_lehrkraft_id_1,2444,2026-01-21,18,0,19,3.8214492248625,regulation,1.9449987244184,1,0,0,0.4744640681703,-0.034227517275499,0.028363956548983,0.33962254037949,0.48124977980893,0.4085459507913,0.50896754615728
alle_ausser_lehrkraft_id_1,2436,2026-01-28,18,0,19,3.2870701844949,performanz,1.9531896505829,1,0,0,0.41466224445206,0.031405075980467,0.13079068691856,0.40962322696175,0.34539700132505,0.59420200936871,0.41205624797762
alle_ausser_lehrkraft_id_1,2437,2026-01-28,18,0,19,4.1616133039273,kognition,2.011929137674,1,0,0,0.48344816210909,0.20080164681871,0.27099058310345,0.38581826094179,0.38712272450863,0.43259694091758,0.4082352552731
alle_ausser_lehrkraft_id_1,2438,2026-01-28,18,0,19,3.961007449354,kognition,2.17271425264,1,0,0,0.54852428206151,0.028144193203567,0.15231775143531,0.32706755945492,0.43173643708193,0.46775918359501,0.40367694556994
alle_ausser_lehrkraft_id_1,2439,2026-01-28,18,0,19,1.2723766120734,regulation,0.83995356903732,1,2,0,0.32816316889373,0.079216825552914,0.026147554981766,0.38552188435751,0.40842573301039,0.36621088545109,0.66014021294095
alle_ausser_lehrkraft_id_1,3002,2025-10-09,19,6,18,4.0202243037138,kognition,2.0547114305757,1,0,0,0.51109245764048,0.032870016624614,0.15348776998845,0.35931223423551,0.44420521406901,0.50173089465934,0.36875892782791
alle_ausser_lehrkraft_id_1,3003,2025-10-09,19,6,18,4.1959607750546,kognition,2.2176040705498,1,1,1,0.52850798764701,0.033057437189919,0.11991473533283,0.3111460283294,0.50972860238967,0.43980333406568,0.39387831994598
alle_ausser_lehrkraft_id_1,3004,2025-10-09,19,6,18,3.5253302199341,performanz,1.7364678940513,1,0,0,0.45873591159058,0.17557733186734,0.29381275481814,0.38507725246167,0.43967873597745,0.49256746461871,0.29694741524276
alle_ausser_lehrkraft_id_1,3005,2025-10-09,19,6,18,4.9946265310618,regulation,2.313833831872,1,1,0,0.41890779460302,0.17740135474721,0.18447467974737,0.43405868844984,0.40459236989813,0.43851444065215,0.46326370647438
alle_ausser_lehrkraft_id_1,3006,2025-10-09,19,6,18,3.050519966414,kognition,1.8346238946577,1,0,0,0.60141153008057,0.25796034376092,0.36992244687776,0.36833268059845,0.37038652482427,0.38425337642634,0.12002358492601
alle_ausser_lehrkraft_id_1,2999,2025-10-16,19,6,18,2.4366088452089,performanz,-1.4552652158942,-1,0,0,-0.21141108626145,-0.15707180025819,-0.29598138611071,-0.37273403427469,-0.25021502605258,-0.59724778816174,-0.53364545639735
alle_ausser_lehrkraft_id_1,3000,2025-10-16,19,6,18,2.7153344123817,kognition,1.512680856227,1,1,0,0.55708618373762,-0.077067209853772,-0.023311259048937,0.34116611055201,0.49480456333913,0.45950366325734,0.33285937163261
alle_ausser_lehrkraft_id_1,3001,2025-10-16,19,6,18,4.2418067613595,motivation,2.0519663720169,1,1,0,0.35687517920945,0.29880068688514,0.34641805694199,0.4837470563814,0.35222911961893,0.45040191257754,0.32001503204027
alle_ausser_lehrkraft_id_1,2959,2025-12-18,19,6,18,3.3390173794307,performanz,1.5752921706211,1,0,0,0.4453971633637,0.10840822376021,0.24513638282625,0.41734687449694,0.34808714570617,0.47178174708159,0.46027176364271
alle_ausser_lehrkraft_id_1,2960,2025-12-18,19,6,18,3.5046583852388,kognition,2.0772518399554,1,1,0,0.59270995472911,0.037629046859325,0.10166548436159,0.31605277833603,0.40263592842087,0.44426987951362,0.42137466894537
alle_ausser_lehrkraft_id_1,2961,2025-12-18,19,6,18,4.2332441001739,kognition,2.2209564799031,1,0,0,0.52464520847256,0.057651067006785,0.12431452439003,0.36300826394135,0.46358746533329,0.45239334066434,0.39321350670068
alle_ausser_lehrkraft_id_1,2962,2025-12-18,19,6,18,3.5459767256588,kognition,2.0635169573234,1,1,0,0.5819302543892,0.025556217949941,0.16336965941252,0.27651007972838,0.44722713027514,0.40033995329892,0.44414723291951
alle_ausser_lehrkraft_id_1,2963,2025-12-18,19,6,18,3.3533597644884,motivation,1.7915442913418,1,0,0,0.41425099938255,0.29820749581207,0.29614522655344,0.53425193675745,0.28669873699374,0.4000688015956,0.35225572510267
alle_ausser_lehrkraft_id_1,2955,2026-01-08,19,6,19,3.7834187822736,performanz,2.1524916087874,1,0,0,0.43529939562806,0.035551443866491,0.119184436252,0.4104201615304,0.35006848278279,0.56892616001453,0.42470070376623
alle_ausser_lehrkraft_id_1,2956,2026-01-08,19,6,19,2.4174972743467,kognition,1.9373026861825,1,1,0,0.80136374634324,-0.0276955660997,0.19326724765202,-0.13478508835187,0.45886239328623,0.19416465364535,-0.23079638416416
alle_ausser_lehrkraft_id_1,2957,2026-01-08,19,6,19,3.702637071267,performanz,1.9659302386016,1,0,0,0.47017325437901,0.18259732730411,0.27316223778375,0.42473426924758,0.31688346369353,0.5309526403036,0.32900954691659
alle_ausser_lehrkraft_id_1,2958,2026-01-08,19,6,19,4.0234239649558,kognition,2.1832057573786,1,0,0,0.54262249023953,0.038559193374943,0.16233508787185,0.34215879515,0.42094647658508,0.4701756065589,0.40296735825034
alle_ausser_lehrkraft_id_1,2945,2026-01-22,19,6,18,4.4388621375364,performanz,2.1744618745086,1,0,0,0.46577705352531,0.21582431903798,0.15028280583915,0.40837051156953,0.4063458558203,0.48986810323295,0.37686600340078
alle_ausser_lehrkraft_id_1,2946,2026-01-22,19,6,18,2.5500239990253,regulation,1.5887506947218,1,0,0,0.30106002388061,0.15568419877999,0.13842952687491,0.37101936000202,0.30931179423061,0.49442664870243,0.62303118128191
alle_ausser_lehrkraft_id_1,2947,2026-01-22,19,6,18,3.7807537621279,performanz,1.9577799980576,1,0,0,0.51042066750317,0.03083949094383,0.14821465789205,0.36597314714407,0.37761274092899,0.5178265877569,0.41457772698257
alle_ausser_lehrkraft_id_1,2948,2026-01-22,19,6,18,3.5517580419398,performanz,1.7816761805797,1,1,1,0.42323574484856,0.16129366203002,0.30455667553456,0.39291713687201,0.3511092726904,0.50163078206162,0.4156926989252
alle_ausser_lehrkraft_id_1,2949,2026-01-22,19,6,18,4.3406553652064,kognition,2.1462963786463,1,1,0,0.49446253006518,0.26550279432215,0.053552965854877,0.37877182858556,0.4109033095443,0.44109602015534,0.41864927793105
alle_ausser_lehrkraft_id_1,62,2025-03-03,20,2,6,0.99141868047763,kognition,0.811,1,0,0,0.81801143740294,0.0,0.17853023972912,0.0,0.48515844807745,0.25216135554961,0.0
alle_ausser_lehrkraft_id_1,1547,2026-01-21,20,0,19,3.1073267084519,kognition,1.9342871926371,1,1,1,0.62249037491684,0.0,0.11492455442266,0.23104024420111,0.44023969477505,0.50017229306716,0.31926280320256
alle_ausser_lehrkraft_id_1,1548,2026-01-21,20,0,19,4.1753366045791,kognition,2.0025209823477,1,0,0,0.47960592784119,0.20384347683099,0.27356109825585,0.38796629419017,0.38566077691678,0.43325305356153,0.40819754744271
alle_ausser_lehrkraft_id_1,1549,2026-01-21,20,0,19,3.9909291971125,performanz,2.0864958050995,1,0,0,0.50686404877188,0.033885703813723,0.13418955811809,0.37059932669004,0.40085263899891,0.52280821682502,0.39060672750351
alle_ausser_lehrkraft_id_1,1550,2026-01-21,20,0,19,4.4022111192169,regulation,2.1995823178481,1,0,0,0.38015269720671,0.19096170639702,0.20959935680266,0.44100657534342,0.40273763842269,0.41078430713137,0.49965284756969
alle_ausser_lehrkraft_id_1,1551,2026-01-21,20,0,19,4.2766590717479,motivation,2.0818792519938,1,0,0,0.33209301290047,0.37841837691444,0.38256831241431,0.48679923956401,0.28414573900136,0.39297120036295,0.35778751746519
alle_ausser_lehrkraft_id_1,1542,2026-01-23,20,7,23,4.2434364120772,kognition,2.1266007185707,1,0,0,0.50114942244074,0.11396715072385,0.17824852421908,0.34183623305069,0.44985360536929,0.43478865646368,0.44251784498799
alle_ausser_lehrkraft_id_1,1543,2026-01-23,20,7,23,2.9011619883243,performanz,1.8146533005108,1,0,0,0.48967516717457,0.0,0.17265110518826,0.31720137154232,0.35619597135299,0.62548973580807,0.33417546746929
alle_ausser_lehrkraft_id_1,1544,2026-01-23,20,7,23,4.5051999610504,kognition,2.2147698359634,1,0,0,0.49160191314302,0.062345305630295,0.07325617380748,0.40938129345955,0.38284523733197,0.45825543665079,0.47424482196104
alle_ausser_lehrkraft_id_1,1545,2026-01-23,20,7,23,4.362368859302,kognition,2.2688988134381,1,0,0,0.52010586118627,0.19744656419101,0.27327195712571,0.37284289932841,0.46304826268623,0.41077008263379,0.30604741185795
alle_ausser_lehrkraft_id_1,1546,2026-01-23,20,7,23,1.7830001959488,performanz,1.3195872615143,1,0,0,0.38136155656562,0.022433971544799,0.21359046816581,0.36212796890268,0.22310986354917,0.74008957689225,0.28245480372957
alle_ausser_lehrkraft_id_1,1537,2026-01-28,20,0,19,3.1073267084519,kognition,1.9342871926371,1,1,1,0.62249037491684,0.0,0.11492455442266,0.23104024420111,0.44023969477505,0.50017229306716,0.31926280320256
alle_ausser_lehrkraft_id_1,1538,2026-01-28,20,0,19,3.9217345495925,kognition,2.0177356751246,1,1,1,0.5144995166333,0.025498856117589,0.091349994354582,0.32152827570838,0.47511997278933,0.47679603355376,0.41211194626164
alle_ausser_lehrkraft_id_1,1539,2026-01-28,20,0,19,3.7380877154002,kognition,1.9143876066936,1,0,0,0.51212882927236,0.068380993975131,0.13341396740815,0.36293621368387,0.44389234660528,0.44167008486147,0.43750187478944
alle_ausser_lehrkraft_id_1,1540,2026-01-28,20,0,19,3.9438823807714,performanz,2.238051769172,1,1,0,0.5276304910445,0.012700027765247,0.24396199182774,0.32263651643742,0.37701906244822,0.56747282965521,0.30603781146679
alle_ausser_lehrkraft_id_1,1541,2026-01-28,20,0,19,4.0108469640926,kognition,2.1416923254118,1,1,0,0.53397374790112,0.26036234415329,0.12279005478786,0.364287280733,0.47043558172801,0.40450314641996,0.33817665111898
alle_ausser_lehrkraft_id_1,1077,2025-12-16,21,0,18,4.2434364120772,kognition,2.1266007185707,1,0,0,0.50114942244074,0.11396715072385,0.17824852421908,0.34183623305069,0.44985360536929,0.43478865646368,0.44251784498799
alle_ausser_lehrkraft_id_1,1078,2025-12-16,21,0,18,2.5500239990253,regulation,1.5887506947218,1,0,0,0.30106002388061,0.15568419877999,0.13842952687491,0.37101936000202,0.30931179423061,0.49442664870243,0.62303118128191
alle_ausser_lehrkraft_id_1,1079,2025-12-16,21,0,18,4.1066196583502,regulation,1.9611829425497,1,1,0,0.45479888547485,0.19603031562825,0.22223033496086,0.40278440644117,0.38328801363239,0.41003110509019,0.47756508516951
alle_ausser_lehrkraft_id_1,1080,2025-12-16,21,0,18,3.4752254188631,performanz,1.7185730315922,1,0,0,0.31877151424459,0.19146773728403,0.17310725067521,0.46890082280075,0.38408892483263,0.49451988842658,0.46883978948033
alle_ausser_lehrkraft_id_1,1081,2025-12-16,21,0,18,3.2346333289896,regulation,1.553207951233,1,2,0,0.43733050150753,0.22603274082431,0.032045122263973,0.45206961184473,0.39443184375602,0.40755714823022,0.48017904704139
alle_ausser_lehrkraft_id_1,1072,2026-01-06,21,0,23,3.7834187822736,performanz,2.1524916087874,1,0,0,0.43529939562806,0.035551443866491,0.119184436252,0.4104201615304,0.35006848278279,0.56892616001453,0.42470070376623
alle_ausser_lehrkraft_id_1,1073,2026-01-06,21,0,23,3.5046583852388,kognition,2.0772518399554,1,1,0,0.59270995472911,0.037629046859325,0.10166548436159,0.31605277833603,0.40263592842087,0.44426987951362,0.42137466894537
alle_ausser_lehrkraft_id_1,1074,2026-01-06,21,0,23,3.2680013090368,kognition,1.7210596468562,1,0,0,0.52663821636637,0.059917132129427,0.10515379467749,0.32731466212845,0.43852952957493,0.41554212567743,0.48567519117027
alle_ausser_lehrkraft_id_1,1075,2026-01-06,21,0,23,4.4997329107928,performanz,2.4143754428081,1,0,0,0.50947910481707,0.03379630274003,0.17639907893204,0.35791044083201,0.36333508883705,0.53655853027006,0.40020050611167
alle_ausser_lehrkraft_id_1,1076,2026-01-06,21,0,23,1.8970848998075,performanz,1.1897469705338,1,1,0,0.56653179159401,0.0,0.27198407691166,0.23087933030891,0.37193825747922,0.6271415155112,0.14179575308926
alle_ausser_lehrkraft_id_1,1068,2026-01-13,21,0,23,2.86636421726,kognition,2.0532452617647,1,2,0,0.71632142425822,0.0,0.24589649946494,0.10102785763875,0.48005379208708,0.42650143713645,0.062046789280422
alle_ausser_lehrkraft_id_1,1069,2026-01-13,21,0,23,3.0556171049096,performanz,1.8608741963844,1,0,0,0.55550638970887,0.0,0.29078875442313,0.25128473348535,0.3845063379814,0.60899911294624,0.15804728787018
alle_ausser_lehrkraft_id_1,1070,2026-01-13,21,0,23,3.961007449354,kognition,2.17271425264,1,0,0,0.54852428206151,0.028144193203567,0.15231775143531,0.32706755945492,0.43173643708193,0.46775918359501,0.40367694556994
alle_ausser_lehrkraft_id_1,1071,2026-01-13,21,0,23,3.4333342274091,methodik,1.6923157810732,1,1,0,0.45560273520211,0.048083977176934,0.071709281313335,0.3792497481292,0.49290594504422,0.4472213857957,0.44516561249039
alle_ausser_lehrkraft_id_1,1063,2026-01-20,21,0,23,4.2434364120772,kognition,2.1266007185707,1,0,0,0.50114942244074,0.11396715072385,0.17824852421908,0.34183623305069,0.44985360536929,0.43478865646368,0.44251784498799
alle_ausser_lehrkraft_id_1,1064,2026-01-20,21,0,23,3.4522478891995,kognition,1.8706043338075,1,1,1,0.54184953553435,0.028966549779741,0.10377305345183,0.30141773302564,0.50406736303315,0.44719022762149,0.38713011245978
alle_ausser_lehrkraft_id_1,1065,2026-01-20,21,0,23,4.2154606819304,performanz,2.2329100933114,1,0,0,0.47702884675405,0.035858957413928,0.14440605365886,0.38564030488792,0.40772019219027,0.52969413424763,0.39340778595657
alle_ausser_lehrkraft_id_1,1066,2026-01-20,21,0,23,3.702637071267,performanz,1.9659302386016,1,0,0,0.47017325437901,0.18259732730411,0.27316223778375,0.42473426924758,0.31688346369353,0.5309526403036,0.32900954691659
alle_ausser_lehrkraft_id_1,1067,2026-01-20,21,0,23,3.9646280613375,kognition,1.8796171795718,1,0,0,0.47409552914842,0.41406760217284,0.095995289892389,0.41406760217284,0.43806451980786,0.35846842256622,0.32048275638434
alle_ausser_lehrkraft_id_1,2920,2025-08-28,22,6,19,3.5846603474751,regulation,1.7810357015046,1,0,0,0.44499407838611,0.049847783190915,0.036900952175072,0.39802316963037,0.42437609028194,0.46125148062342,0.49684783504823
alle_ausser_lehrkraft_id_1,2921,2025-08-28,22,6,19,4.0672866920127,kognition,2.4410729735005,1,0,0,0.60017086491239,0.039084236050462,0.16920738651501,0.26177503922274,0.50156705623623,0.42079721715856,0.3353584909564
alle_ausser_lehrkraft_id_1,2922,2025-08-28,22,6,19,2.1129969924978,performanz,-1.8674785612985,-1,0,0,-0.23666123224212,0.09973348232948,-0.23115913641968,-0.28495457071789,-0.12530584779423,-0.88380141094134,0.050941979720327
alle_ausser_lehrkraft_id_1,2923,2025-08-28,22,6,19,1.6223511642224,kognition,1.3099250211841,1,1,0,0.80741887199446,-0.22053774378081,0.021828366465223,0.015987161275233,0.45547534456461,0.29937627667966,-0.040118943019373
alle_ausser_lehrkraft_id_1,2924,2025-08-28,22,6,19,3.1819690767104,performanz,1.6514653847318,1,0,0,0.46303540907394,0.052306337430451,0.18165981882267,0.37481530099105,0.44958792227474,0.51900573351321,0.37131243005745
alle_ausser_lehrkraft_id_1,2910,2025-09-11,22,6,18,2.3852489463375,motivation,1.2951057303566,1,1,1,0.40565905338819,0.24468740597332,0.41380304731485,0.54296231960275,0.27823500908808,0.41439758935696,0.2457219894991
alle_ausser_lehrkraft_id_1,2911,2025-09-11,22,6,18,2.7008782028216,kognition,1.8124059963247,1,0,0,0.67104073187158,0.0,0.13221920340388,0.18986342323182,0.46057081054162,0.46390437256253,0.26236264134944
alle_ausser_lehrkraft_id_1,2912,2025-09-11,22,6,18,4.7245662545224,kognition,2.4427137214532,1,0,0,0.51702281640921,0.0716425600792,0.12221998272692,0.39657422898699,0.39719402606343,0.45360297474682,0.43797593701499
alle_ausser_lehrkraft_id_1,2913,2025-09-11,22,6,18,3.1492118583832,kognition,1.8515721846579,1,1,0,0.58794593328796,0.015904736151126,0.19002988281868,0.28714245259574,0.39675344827274,0.52855286700544,0.31419212553827
alle_ausser_lehrkraft_id_1,2914,2025-09-11,22,6,18,2.8957199704337,regulation,1.539769585776,1,0,0,0.47088581038576,0.15755269598282,0.14777939986544,0.33022333356776,0.43475917646087,0.38831659764443,0.5317379733254
alle_ausser_lehrkraft_id_1,2904,2025-09-18,22,6,20,4.2099561660691,performanz,2.1770409970906,1,1,0,0.49706707930076,0.031388653301531,0.17344519279507,0.36549739339926,0.43321524744832,0.51711603162915,0.36493602208882
alle_ausser_lehrkraft_id_1,2905,2025-09-18,22,6,20,3.916840808544,kognition,2.2069589158005,1,0,0,0.5634523814352,0.076723644298226,0.31177537024684,0.31845471584113,0.42787289584912,0.43423975906972,0.32614892186079
alle_ausser_lehrkraft_id_1,2906,2025-09-18,22,6,20,3.4475065704142,kognition,1.9983364398439,1,0,0,0.57964520228655,0.17656477495722,0.28633515641049,0.33452481948389,0.42245213690023,0.39236938764407,0.32636834629356
alle_ausser_lehrkraft_id_1,2907,2025-09-18,22,6,20,3.445161991689,regulation,1.6593102589405,1,0,0,0.35697457681494,0.30867452774446,-0.051124322883014,0.44905706607895,0.45666641004076,0.36400878395462,0.48163350420338
alle_ausser_lehrkraft_id_1,2908,2025-09-18,22,6,20,3.7913177909615,performanz,2.070230043039,1,2,1,0.40066003049603,0.14518123583831,0.31037324191651,0.39449229918019,0.33468306175801,0.54604353861843,0.39529312190918
alle_ausser_lehrkraft_id_1,2909,2025-09-18,22,6,20,3.6044778914108,kognition,2.3446530758785,1,1,0,0.65048160696161,-0.028351079207643,0.17562163433316,0.23072514216588,0.46986808124052,0.46194660301316,0.24045086650775
alle_ausser_lehrkraft_id_1,2894,2025-09-25,22,6,18,4.7653905687971,kognition,2.2414953024427,1,1,0,0.47036870669794,0.071220868695358,0.091961975579142,0.39006654587399,0.46307096173179,0.4334201960125,0.45910780175665
alle_ausser_lehrkraft_id_1,2895,2025-09-25,22,6,18,3.1073267084519,kognition,1.9342871926371,1,1,0,0.62249037491684,0.0,0.11492455442266,0.23104024420111,0.44023969477505,0.50017229306716,0.31926280320256
alle_ausser_lehrkraft_id_1,2896,2025-09-25,22,6,18,4.9946265310618,regulation,2.313833831872,1,1,0,0.41890779460302,0.17740135474721,0.18447467974737,0.43405868844984,0.40459236989813,0.43851444065215,0.46326370647438
alle_ausser_lehrkraft_id_1,2897,2025-09-25,22,6,18,3.73654460792,kognition,1.9983364398439,1,1,0,0.53480723541635,0.23766947744919,0.32205417002549,0.38482504297687,0.38977370733012,0.39078727981567,0.31787048430686
alle_ausser_lehrkraft_id_1,2898,2025-09-25,22,6,18,2.8888755659315,sozial,1.5587443540156,1,1,0,0.37831587943523,0.53956597395126,0.029926290388881,0.46983040777715,0.25197936507438,0.39635197416013,0.35144565621995
alle_ausser_lehrkraft_id_1,2884,2025-10-02,22,6,18,3.2500733602901,performanz,1.7503923860708,1,0,0,0.38839016543615,0.042134255804933,0.11434696884422,0.40387347344296,0.423619496146,0.53856845872242,0.44908034483934
alle_ausser_lehrkraft_id_1,2885,2025-10-02,22,6,18,3.8229300313861,kognition,2.0311230831007,1,0,0,0.5312987037268,0.20795513229951,0.31164531269073,0.34246928522452,0.41648835124838,0.41913366222758,0.33305785235829
alle_ausser_lehrkraft_id_1,2886,2025-10-02,22,6,18,4.4022111192169,regulation,2.1995823178481,1,0,0,0.38015269720671,0.19096170639702,0.20959935680266,0.44100657534342,0.40273763842269,0.41078430713137,0.49965284756969
alle_ausser_lehrkraft_id_1,2887,2025-10-02,22,6,18,4.4336617364237,kognition,2.1820491743331,1,0,0,0.49215397621954,0.1998670220788,0.11445072171214,0.39248883283008,0.46126862894737,0.42771883525212,0.39366803854352
alle_ausser_lehrkraft_id_1,2888,2025-10-02,22,6,18,2.8006523873511,kognition,1.4758361358457,1,0,0,0.52695967300848,0.28386141920944,0.3913078160065,0.35705838894269,0.40277514975236,0.34038294450806,0.28814611987675
alle_ausser_lehrkraft_id_1,2874,2025-10-09,22,6,18,3.7834187822736,performanz,2.1524916087874,1,0,0,0.43529939562806,0.035551443866491,0.119184436252,0.4104201615304,0.35006848278279,0.56892616001453,0.42470070376623
alle_ausser_lehrkraft_id_1,2875,2025-10-09,22,6,18,4.04857516276,kognition,2.2375701027702,1,0,0,0.55267951958922,0.19636489490517,0.31562955398473,0.31897353826335,0.43567210529291,0.4119372974083,0.30840327964697
alle_ausser_lehrkraft_id_1,2876,2025-10-09,22,6,18,4.363566322741,performanz,1.9966423536502,1,0,0,0.38111368433806,0.2107779087295,0.2996903444672,0.41367887200184,0.37838787209203,0.45757016858961,0.44365312663578
alle_ausser_lehrkraft_id_1,2877,2025-10-09,22,6,18,3.8905038385904,kognition,1.9316956848234,1,1,0,0.49651428190865,0.053043559070364,0.10570725339821,0.35304187399171,0.46146449087851,0.44283837987998,0.45363742432729
alle_ausser_lehrkraft_id_1,2878,2025-10-09,22,6,18,3.8142796373613,performanz,2.0658163514687,1,0,0,0.50667974471114,0.022409062778034,0.23481270717957,0.3180050784504,0.44967993433559,0.54159923547331,0.30159942670511
alle_ausser_lehrkraft_id_1,2864,2025-10-16,22,6,18,3.7834187822736,performanz,2.1524916087874,1,0,0,0.43529939562806,0.035551443866491,0.119184436252,0.4104201615304,0.35006848278279,0.56892616001453,0.42470070376623
alle_ausser_lehrkraft_id_1,2865,2025-10-16,22,6,18,2.4366088452089,performanz,-1.4552652158942,-1,0,0,-0.21141108626145,-0.15707180025819,-0.29598138611071,-0.37273403427469,-0.25021502605258,-0.59724778816174,-0.53364545639735
alle_ausser_lehrkraft_id_1,2866,2025-10-16,22,6,18,3.5253302199341,performanz,1.7364678940513,1,0,0,0.45873591159058,0.17557733186734,0.29381275481814,0.38507725246167,0.43967873597745,0.49256746461871,0.29694741524276
alle_ausser_lehrkraft_id_1,2867,2025-10-16,22,6,18,3.8411483190915,kognition,2.509295155464,1,0,0,0.65326522548996,0.020984344791132,0.16805441832496,0.2240481499757,0.47451664831199,0.42970909557727,0.29076309654101
alle_ausser_lehrkraft_id_1,2868,2025-10-16,22,6,18,3.3233958757153,kognition,1.8888915756821,1,1,0,0.56836018419675,0.037237226112195,0.080792004910457,0.34461562095382,0.4123224685031,0.42860518859677,0.44336731060167
alle_ausser_lehrkraft_id_1,2854,2025-10-23,22,6,18,3.3390173794307,performanz,1.5752921706211,1,0,0,0.4453971633637,0.10840822376021,0.24513638282625,0.41734687449694,0.34808714570617,0.47178174708159,0.46027176364271
alle_ausser_lehrkraft_id_1,2855,2025-10-23,22,6,18,3.2645506643148,kognition,1.752927244018,1,0,0,0.53695655381115,0.12160901291853,0.19430850592622,0.27023992750622,0.42310320660401,0.44252841115942,0.45961902581514
alle_ausser_lehrkraft_id_1,2856,2025-10-23,22,6,18,2.9587323352089,motivation,1.8151486855143,1,0,0,0.20418107569392,0.27982740008289,0.36160357600822,0.61348656958536,0.19574299446748,0.33674943419556,0.47027814781919
alle_ausser_lehrkraft_id_1,2857,2025-10-23,22,6,18,3.178534159656,motivation,1.6075723274489,1,0,0,0.38863533897205,0.41489552577574,0.45227740105734,0.50575743066691,0.24074757899589,0.36817985403732,0.15151487029706
alle_ausser_lehrkraft_id_1,2858,2025-10-23,22,6,18,3.8411483190915,kognition,2.509295155464,1,0,0,0.65326522548996,0.020984344791132,0.16805441832496,0.2240481499757,0.47451664831199,0.42970909557727,0.29076309654101
alle_ausser_lehrkraft_id_1,2792,2025-12-18,22,6,23,4.0789242581081,regulation,1.8479915181834,1,0,0,0.42043389351725,0.32285885538557,0.14942820404965,0.40847577548243,0.41016540084089,0.39536647425586,0.45305744129363
alle_ausser_lehrkraft_id_1,2793,2025-12-18,22,6,23,4.1753366045791,kognition,2.0025209823477,1,0,0,0.47960592784119,0.20384347683099,0.27356109825585,0.38796629419017,0.38566077691678,0.43325305356153,0.40819754744271
alle_ausser_lehrkraft_id_1,2794,2025-12-18,22,6,23,3.2680013090368,kognition,1.7210596468562,1,0,0,0.52663821636637,0.059917132129427,0.10515379467749,0.32731466212845,0.43852952957493,0.41554212567743,0.48567519117027
alle_ausser_lehrkraft_id_1,2795,2025-12-18,22,6,23,4.362368859302,kognition,2.2688988134381,1,0,0,0.52010586118627,0.19744656419101,0.27327195712571,0.37284289932841,0.46304826268623,0.41077008263379,0.30604741185795
alle_ausser_lehrkraft_id_1,2796,2025-12-18,22,6,23,2.1705909655679,regulation,1.0748847029185,1,1,0,0.41016065224904,0.049968981073429,0.032170610827381,0.39633397743253,0.46323979442207,0.45970750767414,0.49520143037311
alle_ausser_lehrkraft_id_1,2788,2026-01-07,22,4,23,4.5039203437359,performanz,2.1625397852702,1,0,0,0.43533203634603,0.17064144437225,0.24094742665989,0.42185314901355,0.37315321830169,0.48014503338796,0.41900448192064
alle_ausser_lehrkraft_id_1,2789,2026-01-07,22,4,23,2.9011619883243,performanz,1.8146533005108,1,0,0,0.48967516717457,0.0,0.17265110518826,0.31720137154232,0.35619597135299,0.62548973580807,0.33417546746929
alle_ausser_lehrkraft_id_1,2790,2026-01-07,22,4,23,3.3533597644884,motivation,1.7915442913418,1,0,0,0.41425099938255,0.29820749581207,0.29614522655344,0.53425193675745,0.28669873699374,0.4000688015956,0.35225572510267
alle_ausser_lehrkraft_id_1,2791,2026-01-07,22,4,23,2.6261746889041,motivation,1.2623925324906,1,0,0,0.41358193012077,0.4120300862581,0.035560809429602,0.48069449868637,0.29942201539725,0.42667263452277,0.39387653764832
alle_ausser_lehrkraft_id_1,2783,2026-01-08,22,6,18,3.1988921097457,kognition,1.919667488646,1,0,0,0.60010197961283,0.028359326892356,0.086449473354213,0.30337364378423,0.40429765756495,0.44207952411901,0.42504956153813
alle_ausser_lehrkraft_id_1,2784,2026-01-08,22,6,18,3.3833631186319,performanz,2.1257565680491,1,1,0,0.52299969028213,0.0,0.29892053573149,0.27568601845748,0.36872158033832,0.62829504565806,0.1743527374388
alle_ausser_lehrkraft_id_1,2785,2026-01-08,22,6,18,3.2283750387732,kognition,1.8833162223165,1,1,0,0.58336171172202,0.03224989635459,0.099301522803928,0.31916876249417,0.44816390272014,0.46417273808412,0.36139473789538
alle_ausser_lehrkraft_id_1,2786,2026-01-08,22,6,18,3.6133072357558,performanz,1.7648070047484,1,0,0,0.41658136104671,0.19356657060967,0.3074035795803,0.39676228733864,0.34750802257374,0.48841739863985,0.42161091406453
alle_ausser_lehrkraft_id_1,2787,2026-01-08,22,6,18,2.8674352088813,performanz,1.6859498552702,1,0,0,0.41373391072764,0.1011662724033,0.30642597316211,0.28072842674595,0.37441986092981,0.5879623610761,0.39998420555291
alle_ausser_lehrkraft_id_1,2778,2026-01-14,22,4,23,3.3390173794307,performanz,1.5752921706211,1,0,0,0.4453971633637,0.10840822376021,0.24513638282625,0.41734687449694,0.34808714570617,0.47178174708159,0.46027176364271
alle_ausser_lehrkraft_id_1,2779,2026-01-14,22,4,23,3.0556171049096,performanz,1.8608741963844,1,0,0,0.55550638970887,0.0,0.29078875442313,0.25128473348535,0.3845063379814,0.60899911294624,0.15804728787018
alle_ausser_lehrkraft_id_1,2780,2026-01-14,22,4,23,2.5726792369398,performanz,1.3941299453027,1,0,0,0.40931979092097,0.14876422035926,0.30155386371029,0.31573528605835,0.34742965228419,0.54189597611914,0.45314084537648
alle_ausser_lehrkraft_id_1,2781,2026-01-14,22,4,23,4.2154606819304,performanz,2.2329100933114,1,0,0,0.47702884675405,0.035858957413928,0.14440605365886,0.38564030488792,0.40772019219027,0.52969413424763,0.39340778595657
alle_ausser_lehrkraft_id_1,2782,2026-01-14,22,4,23,3.0088267944093,performanz,1.7349960417186,1,0,0,0.49568317504876,0.021792505626107,0.18265534692838,0.34599423350428,0.40517032831338,0.57663348339209,0.32260265823754
alle_ausser_lehrkraft_id_1,2773,2026-01-21,22,4,23,3.5846603474751,regulation,1.7810357015046,1,0,0,0.44499407838611,0.049847783190915,0.036900952175072,0.39802316963037,0.42437609028194,0.46125148062342,0.49684783504823
alle_ausser_lehrkraft_id_1,2774,2026-01-21,22,4,23,4.1753366045791,kognition,2.0025209823477,1,0,0,0.47960592784119,0.20384347683099,0.27356109825585,0.38796629419017,0.38566077691678,0.43325305356153,0.40819754744271
alle_ausser_lehrkraft_id_1,2775,2026-01-21,22,4,23,3.050519966414,kognition,1.8346238946577,1,0,0,0.60141153008057,0.25796034376092,0.36992244687776,0.36833268059845,0.37038652482427,0.38425337642634,0.12002358492601
alle_ausser_lehrkraft_id_1,2776,2026-01-21,22,4,23,3.8938269022808,kognition,2.0318903529178,1,0,0,0.5218221522652,0.26818691882626,0.11186415844222,0.37523507366281,0.46558602370389,0.40539660056191,0.34833975080969
alle_ausser_lehrkraft_id_1,2777,2026-01-21,22,4,23,3.9909291971125,performanz,2.0864958050995,1,0,0,0.50686404877188,0.033885703813723,0.13418955811809,0.37059932669004,0.40085263899891,0.52280821682502,0.39060672750351
alle_ausser_lehrkraft_id_1,2768,2026-01-22,22,6,18,3.7362141348712,performanz,2.071194181061,1,0,0,0.44069559892085,0.037355174638719,0.10658755293803,0.41158049147071,0.35829413188745,0.55435490652982,0.43352413115014
alle_ausser_lehrkraft_id_1,2769,2026-01-22,22,6,18,4.1753366045791,kognition,2.0025209823477,1,0,0,0.47960592784119,0.20384347683099,0.27356109825585,0.38796629419017,0.38566077691678,0.43325305356153,0.40819754744271
alle_ausser_lehrkraft_id_1,2770,2026-01-22,22,6,18,4.3406553652064,kognition,2.1462963786463,1,1,0,0.49446253006518,0.26550279432215,0.053552965854877,0.37877182858556,0.4109033095443,0.44109602015534,0.41864927793105
alle_ausser_lehrkraft_id_1,2771,2026-01-22,22,6,18,4.9669401934215,regulation,2.5051943093294,1,0,0,0.3909448724847,0.12089807406911,0.11494805508238,0.41638689628016,0.45609554731063,0.42841057129645,0.50437274620701
alle_ausser_lehrkraft_id_1,2772,2026-01-22,22,6,18,3.4507597507663,performanz,1.7576385021604,1,0,0,0.44464530526223,0.098341955792704,0.27435660761333,0.36291912005201,0.37409352724782,0.50934679190639,0.43156883465415
alle_ausser_lehrkraft_id_1,2764,2026-01-28,22,4,23,1.6103819422733,performanz,1.0,1,1,0,0.37754784039823,0.0,0.0,0.36264463617198,0.29868505136768,0.62096684276024,0.50112024210752
alle_ausser_lehrkraft_id_1,2765,2026-01-28,22,4,23,3.5046583852388,kognition,2.0772518399554,1,1,0,0.59270995472911,0.037629046859325,0.10166548436159,0.31605277833603,0.40263592842087,0.44426987951362,0.42137466894537
alle_ausser_lehrkraft_id_1,2766,2026-01-28,22,4,23,3.9630517132152,performanz,2.1881851817843,1,1,0,0.39804980465075,0.21357376909659,0.16282875267136,0.43275848984903,0.37785426078498,0.55214511913544,0.36675109183635
alle_ausser_lehrkraft_id_1,2767,2026-01-28,22,4,23,2.6261746889041,motivation,1.2623925324906,1,0,0,0.41358193012077,0.4120300862581,0.035560809429602,0.48069449868637,0.29942201539725,0.42667263452277,0.39387653764832
alle_ausser_lehrkraft_id_1,253,2024-08-05,23,2,15,0.0,,0.0,0,0,0,0.0,0.0,0.0,0.0,0.0,0.0,0.0
alle_ausser_lehrkraft_id_1,1853,2025-12-15,23,2,19,4.0096002650977,kognition,2.5326051745112,1,0,0,0.63163375167823,0.015541942208395,0.17179344520515,0.22267654332557,0.47982510846894,0.45027324687481,0.29785281840573
alle_ausser_lehrkraft_id_1,1854,2025-12-15,23,2,19,3.5046583852388,kognition,2.0772518399554,1,1,0,0.59270995472911,0.037629046859325,0.10166548436159,0.31605277833603,0.40263592842087,0.44426987951362,0.42137466894537
alle_ausser_lehrkraft_id_1,1855,2025-12-15,23,2,19,1.5890209998845,motivation,0.85188551646247,1,0,0,0.33406255970934,0.45645506608696,0.46047891028742,0.53610377426518,0.18684581263477,0.36274856741847,0.11871153327529
alle_ausser_lehrkraft_id_1,1856,2025-12-15,23,2,19,4.3406553652064,kognition,2.1462963786463,1,1,0,0.49446253006518,0.26550279432215,0.053552965854877,0.37877182858556,0.4109033095443,0.44109602015534,0.41864927793105
alle_ausser_lehrkraft_id_1,1857,2025-12-15,23,2,19,2.6677743582537,performanz,1.5511427607571,1,0,0,0.32130842266691,0.036953441487947,0.1513991513825,0.40364975331999,0.43700613516417,0.58143483597468,0.42484372043268
alle_ausser_lehrkraft_id_1,1850,2026-01-05,23,2,12,3.5846603474751,regulation,1.7810357015046,1,0,0,0.44499407838611,0.049847783190915,0.036900952175072,0.39802316963037,0.42437609028194,0.46125148062342,0.49684783504823
alle_ausser_lehrkraft_id_1,1851,2026-01-05,23,2,12,2.5500239990253,regulation,1.5887506947218,1,0,0,0.30106002388061,0.15568419877999,0.13842952687491,0.37101936000202,0.30931179423061,0.49442664870243,0.62303118128191
alle_ausser_lehrkraft_id_1,1852,2026-01-05,23,2,12,4.3406553652064,kognition,2.1462963786463,1,1,0,0.49446253006518,0.26550279432215,0.053552965854877,0.37877182858556,0.4109033095443,0.44109602015534,0.41864927793105
alle_ausser_lehrkraft_id_1,1845,2026-01-12,23,2,12,4.4388621375364,performanz,2.1744618745086,1,0,0,0.46577705352531,0.21582431903798,0.15028280583915,0.40837051156953,0.4063458558203,0.48986810323295,0.37686600340078
alle_ausser_lehrkraft_id_1,1846,2026-01-12,23,2,12,2.9011619883243,performanz,1.8146533005108,1,0,0,0.48967516717457,0.0,0.17265110518826,0.31720137154232,0.35619597135299,0.62548973580807,0.33417546746929
alle_ausser_lehrkraft_id_1,1847,2026-01-12,23,2,12,3.8092753542734,performanz,2.06132346452,1,0,0,0.46064846728107,0.033447451813805,0.14540012885798,0.38824406928337,0.41376980713662,0.54113128128023,0.38829864222467
alle_ausser_lehrkraft_id_1,1848,2026-01-12,23,2,12,3.702637071267,performanz,1.9659302386016,1,0,0,0.47017325437901,0.18259732730411,0.27316223778375,0.42473426924758,0.31688346369353,0.5309526403036,0.32900954691659
alle_ausser_lehrkraft_id_1,1849,2026-01-12,23,2,12,2.1587129569032,kognition,1.2771822134312,1,1,0,0.59163785206759,0.36827328743493,0.41197527053745,0.39903167299848,0.34750634655043,0.2469901369355,0.060128901709216
alle_ausser_lehrkraft_id_1,1841,2026-01-19,23,2,12,3.7362141348712,performanz,2.071194181061,1,0,0,0.44069559892085,0.037355174638719,0.10658755293803,0.41158049147071,0.35829413188745,0.55435490652982,0.43352413115014
alle_ausser_lehrkraft_id_1,1842,2026-01-19,23,2,12,4.1753366045791,kognition,2.0025209823477,1,0,0,0.47960592784119,0.20384347683099,0.27356109825585,0.38796629419017,0.38566077691678,0.43325305356153,0.40819754744271
alle_ausser_lehrkraft_id_1,1843,2026-01-19,23,2,12,2.3554216638968,performanz,1.171031134971,1,0,0,0.19785571730366,0.33095686675477,0.41928909416486,0.49146919269571,0.22256410971708,0.4971620076779,0.37048889297316
alle_ausser_lehrkraft_id_1,1844,2026-01-19,23,2,12,2.4727359267413,performanz,1.5583528329756,1,0,0,0.42450201381654,0.020128723815308,0.15990248555212,0.38637338240925,0.27902517895313,0.63021146496408,0.41171598220526
alle_ausser_lehrkraft_id_1,2182,2025-12-12,24,7,23,3.3390173794307,performanz,1.5752921706211,1,0,0,0.4453971633637,0.10840822376021,0.24513638282625,0.41734687449694,0.34808714570617,0.47178174708159,0.46027176364271
alle_ausser_lehrkraft_id_1,2183,2025-12-12,24,7,23,4.1753366045791,kognition,2.0025209823477,1,0,0,0.47960592784119,0.20384347683099,0.27356109825585,0.38796629419017,0.38566077691678,0.43325305356153,0.40819754744271
alle_ausser_lehrkraft_id_1,2184,2025-12-12,24,7,23,1.6311555883919,kognition,1.2857650333892,1,1,0,0.78824923878926,-0.13747490283747,0.0012801070899289,0.11918167832075,0.41128673009797,0.41994762185723,0.0057303512066788
alle_ausser_lehrkraft_id_1,2185,2025-12-12,24,7,23,2.8674352088813,performanz,1.6859498552702,1,0,0,0.41373391072764,0.1011662724033,0.30642597316211,0.28072842674595,0.37441986092981,0.5879623610761,0.39998420555291
alle_ausser_lehrkraft_id_1,2186,2025-12-12,24,7,23,2.4266476899275,performanz,-1.4208154801294,-1,0,0,-0.20928205410567,-0.16359950628713,-0.29551362807447,-0.37210261836463,-0.25185081429813,-0.58550305056493,-0.54534086931492
alle_ausser_lehrkraft_id_1,2177,2026-01-09,24,7,19,3.6067675548709,regulation,1.7698268321715,1,1,0,0.42298726033756,0.13606861824465,0.25340539460517,0.41214694504727,0.34559094889799,0.45636358068625,0.49069475598278
alle_ausser_lehrkraft_id_1,2178,2026-01-09,24,7,19,4.2594688496216,kognition,2.4094215925566,1,1,1,0.56566112372425,0.15795064898133,0.28567285882329,0.30089662149189,0.44599474773836,0.43175599614785,0.31241330937636
alle_ausser_lehrkraft_id_1,2179,2026-01-09,24,7,19,3.7380877154002,kognition,1.9143876066936,1,0,0,0.51212882927236,0.068380993975131,0.13341396740815,0.36293621368387,0.44389234660528,0.44167008486147,0.43750187478944
alle_ausser_lehrkraft_id_1,2180,2026-01-09,24,7,19,3.2283750387732,kognition,1.8833162223165,1,1,0,0.58336171172202,0.03224989635459,0.099301522803928,0.31916876249417,0.44816390272014,0.46417273808412,0.36139473789538
alle_ausser_lehrkraft_id_1,2181,2026-01-09,24,7,19,4.7521063062711,kognition,2.3438973169655,1,1,0,0.49323231291127,0.065534077293939,0.080569901889334,0.40559050361539,0.38770445020273,0.45610739147379,0.47231250522212
alle_ausser_lehrkraft_id_1,2168,2026-01-23,24,7,23,2.7008782028216,kognition,1.8124059963247,1,0,0,0.67104073187158,0.0,0.13221920340388,0.18986342323182,0.46057081054162,0.46390437256253,0.26236264134944
alle_ausser_lehrkraft_id_1,2169,2026-01-23,24,7,23,4.7299790770357,methodik,2.1410505413095,1,1,0,0.44419334632973,0.193543274998,0.0710246340135,0.41578844647734,0.45265443670988,0.44516430395875,0.42922862904441
alle_ausser_lehrkraft_id_1,2170,2026-01-23,24,7,23,3.9646280613375,kognition,1.8796171795718,1,0,0,0.47409552914842,0.41406760217284,0.095995289892389,0.41406760217284,0.43806451980786,0.35846842256622,0.32048275638434
alle_ausser_lehrkraft_id_1,2171,2026-01-23,24,7,23,4.723590507544,performanz,2.2224477744004,1,0,0,0.42040962805,0.22593003878185,0.11044512960084,0.43942386871515,0.4051961049162,0.47049867380845,0.42586709149823
alle_ausser_lehrkraft_id_1,2164,2025-10-28,40,0,28,3.7834187822736,performanz,2.1524916087874,1,0,0,0.43529939562806,0.035551443866491,0.119184436252,0.4104201615304,0.35006848278279,0.56892616001453,0.42470070376623
alle_ausser_lehrkraft_id_1,2165,2025-10-28,40,0,28,3.4333342274091,methodik,1.6923157810732,1,1,0,0.45560273520211,0.048083977176934,0.071709281313335,0.3792497481292,0.49290594504422,0.4472213857957,0.44516561249039
alle_ausser_lehrkraft_id_1,2166,2025-10-28,40,0,28,2.9898402914902,kognition,1.8497956426329,1,1,0,0.61869172777574,0.26165124118264,0.37511761181132,0.32912105809137,0.40496483599092,0.3576085578641,0.088533564626579
alle_ausser_lehrkraft_id_1,2167,2025-10-28,40,0,28,4.1805161786248,performanz,2.061049496361,1,0,0,0.49006663241819,0.040531893031969,0.13003042817653,0.36777609699608,0.43194466879972,0.49301198181686,0.41997963815352
alle_ausser_lehrkraft_id_1,2153,2025-11-04,40,0,30,4.0340534938675,kognition,2.340692642289,1,0,0,0.58023197846223,0.023304726557337,0.19163855593931,0.29484982127906,0.44721093505122,0.49891575077313,0.30034394131757
alle_ausser_lehrkraft_id_1,2154,2025-11-04,40,0,30,3.1813676431278,performanz,1.4780206620485,1,0,0,0.43697363840821,0.31432923474525,0.046982968609961,0.43014855236104,0.39172434957001,0.46458510363938,0.39207451324792
alle_ausser_lehrkraft_id_1,2155,2025-11-04,40,0,30,2.9898402914902,kognition,1.8497956426329,1,1,0,0.61869172777574,0.26165124118264,0.37511761181132,0.32912105809137,0.40496483599092,0.3576085578641,0.088533564626579
alle_ausser_lehrkraft_id_1,2156,2025-11-04,40,0,30,3.7807537621279,performanz,1.9577799980576,1,0,0,0.51042066750317,0.03083949094383,0.14821465789205,0.36597314714407,0.37761274092899,0.5178265877569,0.41457772698257
alle_ausser_lehrkraft_id_1,2157,2025-11-04,40,0,30,3.0257381219646,motivation,1.5369106333891,1,0,0,0.43790454460234,0.050987706223324,0.2277099374948,0.50794400969211,0.29084563611002,0.45239383196929,0.45444797044548
alle_ausser_lehrkraft_id_1,2158,2025-11-04,40,0,30,4.0364103845869,motivation,2.0470047801265,1,1,0,0.33400601388743,0.31577740817535,0.31208331155083,0.50713369398862,0.35015210305383,0.42281670109217,0.36436056506073
alle_ausser_lehrkraft_id_1,2144,2025-11-11,40,0,28,4.0297451295107,performanz,2.1018406752718,1,0,0,0.50229795388456,0.030986423052732,0.16577460984972,0.36043056753727,0.43342058043781,0.52158024686899,0.35977892556151
alle_ausser_lehrkraft_id_1,2145,2025-11-11,40,0,28,2.3428052989296,methodik,1.3071304723696,1,0,0,0.51447576205092,0.042683689169047,0.09160513239389,0.31116409404235,0.55793150786012,0.39453333050523,0.40165351508073
alle_ausser_lehrkraft_id_1,2146,2025-11-11,40,0,28,4.4663293792215,regulation,2.2512358666627,1,0,0,0.45753270277913,0.11422218802563,0.11169996622351,0.4002418412058,0.37619015962959,0.45756077737298,0.50404496289199
alle_ausser_lehrkraft_id_1,2147,2025-11-11,40,0,28,3.1844962872024,performanz,1.7623605672214,1,0,0,0.35830210771604,0.21987884155731,0.30560875784078,0.47619592143151,0.25159370964146,0.55341720451418,0.36542762457524
alle_ausser_lehrkraft_id_1,2148,2025-11-11,40,0,28,4.4336617364237,kognition,2.1820491743331,1,0,0,0.49215397621954,0.1998670220788,0.11445072171214,0.39248883283008,0.46126862894737,0.42771883525212,0.39366803854352
alle_ausser_lehrkraft_id_1,2139,2025-11-24,40,1,12,4.3258647160129,kognition,2.3289522253193,1,1,0,0.53837717876996,0.045037687757293,0.091400304366745,0.36030747239073,0.39133916782648,0.46224732450067,0.45069121706779
alle_ausser_lehrkraft_id_1,2140,2025-11-24,40,1,12,2.7008782028216,kognition,1.8124059963247,1,0,0,0.67104073187158,0.0,0.13221920340388,0.18986342323182,0.46057081054162,0.46390437256253,0.26236264134944
alle_ausser_lehrkraft_id_1,2141,2025-11-24,40,1,12,4.105530115666,regulation,1.9603476546835,1,0,0,0.40874243667907,0.052973024371062,0.031854050439072,0.42453459808445,0.46443239119492,0.45296988137695,0.47748836924115
alle_ausser_lehrkraft_id_1,2142,2025-11-24,40,1,12,3.5863224441572,performanz,1.7011124840356,1,1,0,0.44140928068148,0.05461982512367,0.046057928264602,0.44525025198419,0.40530347089364,0.47433206779451,0.46101844996376
alle_ausser_lehrkraft_id_1,2143,2025-11-24,40,1,12,3.771468009549,performanz,1.8171380778151,1,0,0,0.36111509572411,0.22685067187805,0.32978668596496,0.42468678617285,0.34745157352079,0.48181059871337,0.41969892040688
alle_ausser_lehrkraft_id_1,2134,2025-11-25,40,0,28,4.5039203437359,performanz,2.1625397852702,1,0,0,0.43533203634603,0.17064144437225,0.24094742665989,0.42185314901355,0.37315321830169,0.48014503338796,0.41900448192064
alle_ausser_lehrkraft_id_1,2135,2025-11-25,40,0,28,4.7203348418297,kognition,2.5684402293092,1,0,0,0.54412131218651,0.034339382852549,0.145716218238,0.32815106372612,0.43803370736583,0.46050645028912,0.41218019240003
alle_ausser_lehrkraft_id_1,2136,2025-11-25,40,0,28,2.5548891531968,kognition,1.65799276022,1,1,0,0.64894645964613,0.0,0.26242424293343,0.17143533804532,0.43067955000217,0.53294810871909,0.10528791309176
alle_ausser_lehrkraft_id_1,2137,2025-11-25,40,0,28,2.9898402914902,kognition,1.8497956426329,1,1,0,0.61869172777574,0.26165124118264,0.37511761181132,0.32912105809137,0.40496483599092,0.3576085578641,0.088533564626579
alle_ausser_lehrkraft_id_1,2138,2025-11-25,40,0,28,0.99141868047763,kognition,0.811,1,1,0,0.81801143740294,0.0,0.17853023972912,0.0,0.48515844807745,0.25216135554961,0.0
alle_ausser_lehrkraft_id_1,2128,2025-12-01,40,1,12,4.9394420737157,kognition,2.4326861730502,1,0,0,0.49250122012423,0.065627662434388,0.11087900069211,0.40607281181281,0.40499815995921,0.44606679359696,0.46145761870759
alle_ausser_lehrkraft_id_1,2129,2025-12-01,40,1,12,3.9956993418333,kognition,2.4784503914436,1,0,0,0.62027794802174,0.017456248999166,0.13276811815846,0.24254013544875,0.49304966323876,0.45222844057314,0.30146959684203
alle_ausser_lehrkraft_id_1,2130,2025-12-01,40,1,12,4.2418067613595,motivation,2.0519663720169,1,1,0,0.35687517920945,0.29880068688514,0.34641805694199,0.4837470563814,0.35222911961893,0.45040191257754,0.32001503204027
alle_ausser_lehrkraft_id_1,2131,2025-12-01,40,1,12,3.8411483190915,kognition,2.509295155464,1,0,0,0.65326522548996,0.020984344791132,0.16805441832496,0.2240481499757,0.47451664831199,0.42970909557727,0.29076309654101
alle_ausser_lehrkraft_id_1,2132,2025-12-01,40,1,12,3.771468009549,performanz,1.8171380778151,1,0,0,0.36111509572411,0.22685067187805,0.32978668596496,0.42468678617285,0.34745157352079,0.48181059871337,0.41969892040688
alle_ausser_lehrkraft_id_1,2133,2025-12-01,40,1,12,1.5861547843764,motivation,1.0,1,0,0,0.0,0.5012089587606,0.47283864034019,0.63045152045358,0.0,0.31459530870634,0.16959145900201
alle_ausser_lehrkraft_id_1,2124,2025-12-02,40,0,28,4.2434364120772,kognition,2.1266007185707,1,0,0,0.50114942244074,0.11396715072385,0.17824852421908,0.34183623305069,0.44985360536929,0.43478865646368,0.44251784498799
alle_ausser_lehrkraft_id_1,2125,2025-12-02,40,0,28,4.8411068993645,kognition,2.5676948589789,1,0,0,0.53039307092872,0.055075344692102,0.14096368902063,0.35448119397322,0.45919732605643,0.43721176125488,0.41000216890172
alle_ausser_lehrkraft_id_1,2126,2025-12-02,40,0,28,3.1819690767104,performanz,1.6514653847318,1,0,0,0.46303540907394,0.052306337430451,0.18165981882267,0.37481530099105,0.44958792227474,0.51900573351321,0.37131243005745
alle_ausser_lehrkraft_id_1,2127,2025-12-02,40,0,28,3.5017444958452,motivation,1.7458338296571,1,0,0,0.34469658567642,0.26112979820776,0.24928452739593,0.49855974533009,0.35845155720786,0.43144183162675,0.43319235068464
alle_ausser_lehrkraft_id_1,2120,2025-12-08,40,1,12,1.7259800114717,performanz,0.874,1,1,0,0.41135811637437,0.040556434008741,0.034762657721778,0.4223662913196,0.41773127029003,0.50637604748057,0.46755774635791
alle_ausser_lehrkraft_id_1,2121,2025-12-08,40,1,12,4.1753366045791,kognition,2.0025209823477,1,0,0,0.47960592784119,0.20384347683099,0.27356109825585,0.38796629419017,0.38566077691678,0.43325305356153,0.40819754744271
alle_ausser_lehrkraft_id_1,2122,2025-12-08,40,1,12,3.0157863397785,kognition,1.6541350767271,1,0,0,0.54849031246209,0.034992294572616,0.080687494641113,0.3468035879373,0.43129858901831,0.48014172008029,0.39317876350424
alle_ausser_lehrkraft_id_1,2123,2025-12-08,40,1,12,4.3406553652064,kognition,2.1462963786463,1,1,0,0.49446253006518,0.26550279432215,0.053552965854877,0.37877182858556,0.4109033095443,0.44109602015534,0.41864927793105
alle_ausser_lehrkraft_id_1,2116,2025-12-09,40,0,28,3.1988921097457,kognition,1.919667488646,1,0,0,0.60010197961283,0.028359326892356,0.086449473354213,0.30337364378423,0.40429765756495,0.44207952411901,0.42504956153813
alle_ausser_lehrkraft_id_1,2117,2025-12-09,40,0,28,3.5945149852943,regulation,1.9772187354812,1,1,1,0.44008146001926,0.21195562268381,0.24766753587711,0.30191198612596,0.39195609564178,0.39077811478869,0.55006398441248
alle_ausser_lehrkraft_id_1,2118,2025-12-09,40,0,28,3.700079851345,kognition,2.0024305811111,1,0,0,0.54118431215479,0.10689917292218,0.1428571442414,0.30829942435736,0.41805401778194,0.37494993575965,0.51465851494907
alle_ausser_lehrkraft_id_1,2119,2025-12-09,40,0,28,4.2154606819304,performanz,2.2329100933114,1,0,0,0.47702884675405,0.035858957413928,0.14440605365886,0.38564030488792,0.40772019219027,0.52969413424763,0.39340778595657
alle_ausser_lehrkraft_id_1,2112,2025-12-15,40,1,12,2.8371568730149,performanz,1.6203139294579,1,0,0,0.54845682023067,0.028021755359531,0.16693232310901,0.30201188330985,0.37207718972365,0.57110279443525,0.33871143059007
alle_ausser_lehrkraft_id_1,2113,2025-12-15,40,1,12,4.1753366045791,kognition,2.0025209823477,1,0,0,0.47960592784119,0.20384347683099,0.27356109825585,0.38796629419017,0.38566077691678,0.43325305356153,0.40819754744271
alle_ausser_lehrkraft_id_1,2114,2025-12-15,40,1,12,3.7281985400685,performanz,1.9343789929705,1,0,0,0.40952297822629,0.23941046247707,0.13252961756498,0.43892855326055,0.39268182609114,0.51884946139171,0.37595484001876
alle_ausser_lehrkraft_id_1,2115,2025-12-15,40,1,12,4.362368859302,kognition,2.2688988134381,1,0,0,0.52010586118627,0.19744656419101,0.27327195712571,0.37284289932841,0.46304826268623,0.41077008263379,0.30604741185795
alle_ausser_lehrkraft_id_1,2107,2025-12-16,40,0,28,4.2434364120772,kognition,2.1266007185707,1,0,0,0.50114942244074,0.11396715072385,0.17824852421908,0.34183623305069,0.44985360536929,0.43478865646368,0.44251784498799
alle_ausser_lehrkraft_id_1,2108,2025-12-16,40,0,28,2.191058309294,regulation,1.4239005001997,1,1,1,0.27821751197677,0.18119015199847,0.16110862381728,0.36687155021483,0.30532321749413,0.46223087885444,0.64986586413571
alle_ausser_lehrkraft_id_1,2109,2025-12-16,40,0,28,3.4752254188631,performanz,1.7185730315922,1,0,0,0.31877151424459,0.19146773728403,0.17310725067521,0.46890082280075,0.38408892483263,0.49451988842658,0.46883978948033
alle_ausser_lehrkraft_id_1,2110,2025-12-16,40,0,28,3.0088267944093,performanz,1.7349960417186,1,0,0,0.49568317504876,0.021792505626107,0.18265534692838,0.34599423350428,0.40517032831338,0.57663348339209,0.32260265823754
alle_ausser_lehrkraft_id_1,2111,2025-12-16,40,0,28,3.0257381219646,motivation,1.5369106333891,1,0,0,0.43790454460234,0.050987706223324,0.2277099374948,0.50794400969211,0.29084563611002,0.45239383196929,0.45444797044548
alle_ausser_lehrkraft_id_1,2103,2025-12-22,40,1,19,3.5846603474751,regulation,1.7810357015046,1,0,0,0.44499407838611,0.049847783190915,0.036900952175072,0.39802316963037,0.42437609028194,0.46125148062342,0.49684783504823
alle_ausser_lehrkraft_id_1,2104,2025-12-22,40,1,19,2.9011619883243,performanz,1.8146533005108,1,0,0,0.48967516717457,0.0,0.17265110518826,0.31720137154232,0.35619597135299,0.62548973580807,0.33417546746929
alle_ausser_lehrkraft_id_1,2105,2025-12-22,40,1,19,3.1766681938078,kognition,1.628635644424,1,0,0,0.51268512107983,0.22387537947476,0.28929848813247,0.40637796246605,0.35743108585166,0.47592781995218,0.2897007950665
alle_ausser_lehrkraft_id_1,2106,2025-12-22,40,1,19,3.3659078131316,kognition,1.8644313920995,1,0,0,0.55391471081846,0.027419524844313,0.15221827542323,0.29709727428258,0.43315863907753,0.40624546152473,0.47783024759156
alle_ausser_lehrkraft_id_1,2098,2025-12-23,40,0,29,4.0126552337059,regulation,2.1828699354367,1,0,0,0.40179603336931,0.13542865712738,0.11567470439179,0.39819341752848,0.40238936371688,0.436380128858,0.54399502781864
alle_ausser_lehrkraft_id_1,2099,2025-12-23,40,0,29,4.1753366045791,kognition,2.0025209823477,1,0,0,0.47960592784119,0.20384347683099,0.27356109825585,0.38796629419017,0.38566077691678,0.43325305356153,0.40819754744271
alle_ausser_lehrkraft_id_1,2100,2025-12-23,40,0,29,3.7945306446695,regulation,1.7816850647611,1,1,0,0.383394548246,0.288480981131,-0.019772135789809,0.45100262381218,0.4258566687896,0.40517518881483,0.46953906456739
alle_ausser_lehrkraft_id_1,2101,2025-12-23,40,0,29,1.2396455138466,performanz,1.0,1,0,0,0.24522941785392,0.0,0.28233650081865,0.35332396388163,0.19360217198993,0.80667571662473,0.21699576777205
alle_ausser_lehrkraft_id_1,2102,2025-12-23,40,0,29,3.2302945464038,performanz,1.6498111922597,1,2,1,0.36226536246909,0.27361000127206,0.29947819150488,0.41177877473494,0.30039482247985,0.51072930386591,0.42844458835726
alle_ausser_lehrkraft_id_1,2092,2026-01-05,40,1,12,3.3390173794307,performanz,1.5752921706211,1,0,0,0.4453971633637,0.10840822376021,0.24513638282625,0.41734687449694,0.34808714570617,0.47178174708159,0.46027176364271
alle_ausser_lehrkraft_id_1,2093,2026-01-05,40,1,12,4.1753366045791,kognition,2.0025209823477,1,0,0,0.47960592784119,0.20384347683099,0.27356109825585,0.38796629419017,0.38566077691678,0.43325305356153,0.40819754744271
alle_ausser_lehrkraft_id_1,2094,2026-01-05,40,1,12,3.1766681938078,kognition,1.628635644424,1,0,0,0.51268512107983,0.22387537947476,0.28929848813247,0.40637796246605,0.35743108585166,0.47592781995218,0.2897007950665
alle_ausser_lehrkraft_id_1,2095,2026-01-05,40,1,12,4.2332441001739,kognition,2.2209564799031,1,0,0,0.52464520847256,0.057651067006785,0.12431452439003,0.36300826394135,0.46358746533329,0.45239334066434,0.39321350670068
alle_ausser_lehrkraft_id_1,2096,2026-01-05,40,1,12,3.5863224441572,performanz,1.7011124840356,1,1,0,0.44140928068148,0.05461982512367,0.046057928264602,0.44525025198419,0.40530347089364,0.47433206779451,0.46101844996376
alle_ausser_lehrkraft_id_1,2097,2026-01-05,40,1,12,3.5550902558758,performanz,1.9579760747756,1,1,0,0.38159984513353,0.014064300976424,0.24737571950614,0.47872677373662,0.28006160566156,0.55075129640563,0.4266644629776
alle_ausser_lehrkraft_id_1,2086,2026-01-12,40,1,12,4.0789242581081,regulation,1.8479915181834,1,0,0,0.42043389351725,0.32285885538557,0.14942820404965,0.40847577548243,0.41016540084089,0.39536647425586,0.45305744129363
alle_ausser_lehrkraft_id_1,2087,2026-01-12,40,1,12,2.5500239990253,regulation,1.5887506947218,1,0,0,0.30106002388061,0.15568419877999,0.13842952687491,0.37101936000202,0.30931179423061,0.49442664870243,0.62303118128191
alle_ausser_lehrkraft_id_1,2088,2026-01-12,40,1,12,2.8674352088813,performanz,1.6859498552702,1,0,0,0.41373391072764,0.1011662724033,0.30642597316211,0.28072842674595,0.37441986092981,0.5879623610761,0.39998420555291
alle_ausser_lehrkraft_id_1,2089,2026-01-12,40,1,12,3.0157863397785,kognition,1.6541350767271,1,0,0,0.54849031246209,0.034992294572616,0.080687494641113,0.3468035879373,0.43129858901831,0.48014172008029,0.39317876350424
alle_ausser_lehrkraft_id_1,2090,2026-01-12,40,1,12,4.6452590913521,kognition,2.4036580249543,1,1,0,0.51744214978398,0.058805209392942,0.10773919193437,0.37190440664099,0.39890677270429,0.45305062017137,0.46312974922747
alle_ausser_lehrkraft_id_1,2091,2026-01-12,40,1,12,1.4952397801022,regulation,1.0,1,0,0,0.33907378335502,0.033439229127714,0.080254149906513,0.39057019621169,0.3216853842086,0.41732157951387,0.66878458255427
alle_ausser_lehrkraft_id_1,2082,2026-01-13,40,0,28,4.2375936204146,performanz,2.034911587693,1,0,0,0.44755458964527,0.18471160900953,0.27647585423301,0.40997226864095,0.37266138334302,0.48020338143233,0.38933769139254
alle_ausser_lehrkraft_id_1,2083,2026-01-13,40,0,28,3.0045876008173,kognition,1.6662193362077,1,1,1,0.55455656882455,0.13213083838315,0.2111204192588,0.25222496970111,0.43296993128715,0.41757439605066,0.45274848720097
alle_ausser_lehrkraft_id_1,2084,2026-01-13,40,0,28,4.3093800800185,regulation,2.2148166874228,1,0,0,0.40373138078784,0.25987825762376,0.10320541471071,0.43241760359741,0.38661493539129,0.39775145632727,0.51395131243569
alle_ausser_lehrkraft_id_1,2085,2026-01-13,40,0,28,3.101014243392,kognition,1.9894645047371,1,2,1,0.64155077438576,0.024655324999623,0.12196854610012,0.26450420856964,0.43157679678867,0.44924513864047,0.33893914004629
alle_ausser_lehrkraft_id_1,2077,2026-01-19,40,1,12,2.7008782028216,kognition,1.8124059963247,1,0,0,0.67104073187158,0.0,0.13221920340388,0.18986342323182,0.46057081054162,0.46390437256253,0.26236264134944
alle_ausser_lehrkraft_id_1,2078,2026-01-19,40,1,12,3.4522478891995,kognition,1.8706043338075,1,1,1,0.54184953553435,0.028966549779741,0.10377305345183,0.30141773302564,0.50406736303315,0.44719022762149,0.38713011245978
alle_ausser_lehrkraft_id_1,2079,2026-01-19,40,1,12,2.4285529007933,performanz,1.517734800859,1,0,0,0.4282299540693,0.020588307588684,0.15656159458602,0.38655508674269,0.28065007168787,0.6249518183627,0.41583817372042
alle_ausser_lehrkraft_id_1,2080,2026-01-19,40,1,12,2.6677743582537,performanz,1.5511427607571,1,0,0,0.32130842266691,0.036953441487947,0.1513991513825,0.40364975331999,0.43700613516417,0.58143483597468,0.42484372043268
alle_ausser_lehrkraft_id_1,2081,2026-01-19,40,1,12,3.2680013090368,kognition,1.7210596468562,1,0,0,0.52663821636637,0.059917132129427,0.10515379467749,0.32731466212845,0.43852952957493,0.41554212567743,0.48567519117027
alle_ausser_lehrkraft_id_1,2073,2026-01-20,40,0,28,1.6103819422733,performanz,1.0,1,1,1,0.37754784039823,0.0,0.0,0.36264463617198,0.29868505136768,0.62096684276024,0.50112024210752
alle_ausser_lehrkraft_id_1,2074,2026-01-20,40,0,28,3.0045876008173,kognition,1.6662193362077,1,1,1,0.55455656882455,0.13213083838315,0.2111204192588,0.25222496970111,0.43296993128715,0.41757439605066,0.45274848720097
alle_ausser_lehrkraft_id_1,2075,2026-01-20,40,0,28,0.26647905802799,performanz,0.20548701615687,1,0,0,0.5333592278767,0.10563430511312,0.079225728834837,0.26076991717121,0.18795987672163,0.77108988142878,-0.010396765578008
alle_ausser_lehrkraft_id_1,2076,2026-01-20,40,0,28,2.4266476899275,performanz,-1.4208154801294,-1,0,0,-0.20928205410567,-0.16359950628713,-0.29551362807447,-0.37210261836463,-0.25185081429813,-0.58550305056493,-0.54534086931492
alle_ausser_lehrkraft_id_1,2068,2026-01-26,40,1,12,2.7008782028216,kognition,1.8124059963247,1,0,0,0.67104073187158,0.0,0.13221920340388,0.18986342323182,0.46057081054162,0.46390437256253,0.26236264134944
alle_ausser_lehrkraft_id_1,2069,2026-01-26,40,1,12,2.9011619883243,performanz,1.8146533005108,1,0,0,0.48967516717457,0.0,0.17265110518826,0.31720137154232,0.35619597135299,0.62548973580807,0.33417546746929
alle_ausser_lehrkraft_id_1,2070,2026-01-26,40,1,12,3.700079851345,kognition,2.0024305811111,1,0,0,0.54118431215479,0.10689917292218,0.1428571442414,0.30829942435736,0.41805401778194,0.37494993575965,0.51465851494907
alle_ausser_lehrkraft_id_1,2071,2026-01-26,40,1,12,2.4285529007933,performanz,1.517734800859,1,0,0,0.4282299540693,0.020588307588684,0.15656159458602,0.38655508674269,0.28065007168787,0.6249518183627,0.41583817372042
alle_ausser_lehrkraft_id_1,2072,2026-01-26,40,1,12,3.9909291971125,performanz,2.0864958050995,1,0,0,0.50686404877188,0.033885703813723,0.13418955811809,0.37059932669004,0.40085263899891,0.52280821682502,0.39060672750351
alle_ausser_lehrkraft_id_1,2063,2026-01-27,40,0,28,1.7259800114717,performanz,0.874,1,1,0,0.41135811637437,0.040556434008741,0.034762657721778,0.4223662913196,0.41773127029003,0.50637604748057,0.46755774635791
alle_ausser_lehrkraft_id_1,2064,2026-01-27,40,0,28,3.9453024964552,kognition,2.3459293201978,1,1,1,0.59461178862399,0.17052830396184,0.30842106960146,0.27913815177287,0.45862360065479,0.4018311838535,0.26926989756156
alle_ausser_lehrkraft_id_1,2065,2026-01-27,40,0,28,4.9669401934215,regulation,2.5051943093294,1,0,0,0.3909448724847,0.12089807406911,0.11494805508238,0.41638689628016,0.45609554731063,0.42841057129645,0.50437274620701
alle_ausser_lehrkraft_id_1,2066,2026-01-27,40,0,28,3.6925617798486,motivation,1.7887542255783,1,0,0,0.37799176392,0.29900821245121,0.11519354329811,0.48441962193939,0.33975715054035,0.47906625432386,0.41813822966906
alle_ausser_lehrkraft_id_1,2067,2026-01-27,40,0,28,3.6624782597347,kognition,2.0061560441041,1,1,0,0.54775767233435,0.037845715107673,0.14946786415009,0.34196619651183,0.41905124282305,0.4683771687897,0.40529142004314
alle_ausser_lehrkraft_id_1,976,2025-12-16,42,3,18,1.7259800114717,performanz,0.874,1,1,0,0.41135811637437,0.040556434008741,0.034762657721778,0.4223662913196,0.41773127029003,0.50637604748057,0.46755774635791
alle_ausser_lehrkraft_id_1,977,2025-12-16,42,3,18,3.0556171049096,performanz,1.8608741963844,1,0,0,0.55550638970887,0.0,0.29078875442313,0.25128473348535,0.3845063379814,0.60899911294624,0.15804728787018
alle_ausser_lehrkraft_id_1,978,2025-12-16,42,3,18,2.7800794322758,performanz,1.5619583131048,1,0,0,0.4828625632128,0.016496962767111,0.21435825162725,0.32723127590326,0.36859184201213,0.56183743406635,0.40250886323243
alle_ausser_lehrkraft_id_1,979,2025-12-16,42,3,18,2.1705909655679,regulation,1.0748847029185,1,1,0,0.41016065224904,0.049968981073429,0.032170610827381,0.39633397743253,0.46323979442207,0.45970750767414,0.49520143037311
alle_ausser_lehrkraft_id_1,980,2025-12-16,42,3,18,1.9935420942378,motivation,1.2459236375843,1,4,0,0.1924119840039,0.33536319260425,0.25723120973569,0.62497671427077,0.082253812699267,0.4466343056288,0.43299820303145
alle_ausser_lehrkraft_id_1,1250,2025-12-15,43,1,12,3.9028243912711,kognition,2.1928329711058,1,1,0,0.56185652560873,0.035514064351567,0.10716096158394,0.3336892807476,0.43935402011948,0.47241530936597,0.37948739649417
alle_ausser_lehrkraft_id_1,1251,2025-12-15,43,1,12,3.7903140793782,regulation,2.0584483248078,1,0,0,0.43782915236789,0.20100650117379,0.23487362217918,0.31187955950307,0.38918849396145,0.41116778334824,0.54307976882693
alle_ausser_lehrkraft_id_1,1252,2025-12-15,43,1,12,3.4263674606991,kognition,1.7820560115872,1,1,0,0.52009915195497,0.057384238529672,0.01634967429508,0.32019729496019,0.47732956965011,0.41282654755967,0.47448412856735
alle_ausser_lehrkraft_id_1,1253,2025-12-15,43,1,12,4.9946265310618,regulation,2.313833831872,1,1,0,0.41890779460302,0.17740135474721,0.18447467974737,0.43405868844984,0.40459236989813,0.43851444065215,0.46326370647438
alle_ausser_lehrkraft_id_1,1246,2026-01-05,43,1,24,3.7834187822736,performanz,2.1524916087874,1,0,0,0.43529939562806,0.035551443866491,0.119184436252,0.4104201615304,0.35006848278279,0.56892616001453,0.42470070376623
alle_ausser_lehrkraft_id_1,1247,2026-01-05,43,1,24,4.1753366045791,kognition,2.0025209823477,1,0,0,0.47960592784119,0.20384347683099,0.27356109825585,0.38796629419017,0.38566077691678,0.43325305356153,0.40819754744271
alle_ausser_lehrkraft_id_1,1248,2026-01-05,43,1,24,3.050519966414,kognition,1.8346238946577,1,0,0,0.60141153008057,0.25796034376092,0.36992244687776,0.36833268059845,0.37038652482427,0.38425337642634,0.12002358492601
alle_ausser_lehrkraft_id_1,1249,2026-01-05,43,1,24,3.9096314098023,regulation,1.8319677065092,1,1,1,0.46255600050836,0.047647478235413,0.088401420546268,0.37849837337598,0.46503960928608,0.44369421491831,0.46857691396354
alle_ausser_lehrkraft_id_1,1232,2026-01-26,43,1,12,3.1988921097457,kognition,1.919667488646,1,0,0,0.60010197961283,0.028359326892356,0.086449473354213,0.30337364378423,0.40429765756495,0.44207952411901,0.42504956153813
alle_ausser_lehrkraft_id_1,1233,2026-01-26,43,1,12,4.7299790770357,methodik,2.1410505413095,1,1,0,0.44419334632973,0.193543274998,0.0710246340135,0.41578844647734,0.45265443670988,0.44516430395875,0.42922862904441
alle_ausser_lehrkraft_id_1,1234,2026-01-26,43,1,12,3.4263674606991,kognition,1.7820560115872,1,1,0,0.52009915195497,0.057384238529672,0.01634967429508,0.32019729496019,0.47732956965011,0.41282654755967,0.47448412856735
alle_ausser_lehrkraft_id_1,1235,2026-01-26,43,1,12,4.0578127668032,kognition,1.7468429863796,1,1,0,0.43048774842273,0.28241639133245,0.31314652429469,0.41780346808517,0.36786569284546,0.40358753700582,0.40507752344252
alle_ausser_lehrkraft_id_1,1894,2026-01-05,45,0,26,3.3390173794307,performanz,1.5752921706211,1,0,0,0.4453971633637,0.10840822376021,0.24513638282625,0.41734687449694,0.34808714570617,0.47178174708159,0.46027176364271
alle_ausser_lehrkraft_id_1,1895,2026-01-05,45,0,26,3.9453024964552,kognition,2.3459293201978,1,1,1,0.59461178862399,0.17052830396184,0.30842106960146,0.27913815177287,0.45862360065479,0.4018311838535,0.26926989756156
alle_ausser_lehrkraft_id_1,1896,2026-01-05,45,0,26,3.9472334029979,kognition,2.3317185870149,1,1,0,0.59072075090275,0.036035643093624,0.11051648660271,0.31723657760352,0.43648255743814,0.44637104913987,0.38357304861061
alle_ausser_lehrkraft_id_1,1897,2026-01-05,45,0,26,3.702637071267,performanz,1.9659302386016,1,0,0,0.47017325437901,0.18259732730411,0.27316223778375,0.42473426924758,0.31688346369353,0.5309526403036,0.32900954691659
alle_ausser_lehrkraft_id_1,1898,2026-01-05,45,0,26,1.5890209998845,motivation,0.85188551646247,1,0,0,0.33406255970934,0.45645506608696,0.46047891028742,0.53610377426518,0.18684581263477,0.36274856741847,0.11871153327529
alle_ausser_lehrkraft_id_1,1888,2026-01-12,45,0,26,1.7259800114717,performanz,0.874,1,1,0,0.41135811637437,0.040556434008741,0.034762657721778,0.4223662913196,0.41773127029003,0.50637604748057,0.46755774635791
alle_ausser_lehrkraft_id_1,1889,2026-01-12,45,0,26,3.4522478891995,kognition,1.8706043338075,1,1,1,0.54184953553435,0.028966549779741,0.10377305345183,0.30141773302564,0.50406736303315,0.44719022762149,0.38713011245978
alle_ausser_lehrkraft_id_1,1890,2026-01-12,45,0,26,3.5644284781675,performanz,1.852974407335,1,0,0,0.35515845646034,0.13454313858654,0.20570055737495,0.42417701379472,0.33869124586579,0.51985029863319,0.49855797289642
alle_ausser_lehrkraft_id_1,1891,2026-01-12,45,0,26,4.8647814867475,performanz,2.3969338314309,1,0,0,0.43636742711202,0.05887908540611,0.11008583245671,0.41821687591632,0.41539574353306,0.49271049703992,0.45141013196524
alle_ausser_lehrkraft_id_1,1892,2026-01-12,45,0,26,3.5517580419398,performanz,1.7816761805797,1,1,1,0.42323574484856,0.16129366203002,0.30455667553456,0.39291713687201,0.3511092726904,0.50163078206162,0.4156926989252
alle_ausser_lehrkraft_id_1,1893,2026-01-12,45,0,26,0.99141868047763,kognition,0.811,1,0,0,0.81801143740294,0.0,0.17853023972912,0.0,0.48515844807745,0.25216135554961,0.0
alle_ausser_lehrkraft_id_1,1882,2026-01-19,45,0,26,3.1988921097457,kognition,1.919667488646,1,0,0,0.60010197961283,0.028359326892356,0.086449473354213,0.30337364378423,0.40429765756495,0.44207952411901,0.42504956153813
alle_ausser_lehrkraft_id_1,1883,2026-01-19,45,0,26,4.8604079848911,performanz,2.3238211125165,1,0,0,0.47652082017042,0.045968410589216,0.15904505569559,0.36906918169985,0.45571026315801,0.47811137226062,0.41598194606199
alle_ausser_lehrkraft_id_1,1884,2026-01-19,45,0,26,3.4721038792412,performanz,1.8125938090566,1,0,0,0.39217224110269,0.21769801896299,0.29717024810151,0.46920701499411,0.33079089078195,0.52204330620997,0.32921959148461
alle_ausser_lehrkraft_id_1,1885,2026-01-19,45,0,26,3.7096153046958,motivation,1.6437267601139,1,1,0,0.4341068845271,0.42973150642752,0.049903116246422,0.44309778619237,0.30202982519532,0.41974939035986,0.40079810211902
alle_ausser_lehrkraft_id_1,1886,2026-01-19,45,0,26,2.8006523873511,kognition,1.4758361358457,1,0,0,0.52695967300848,0.28386141920944,0.3913078160065,0.35705838894269,0.40277514975236,0.34038294450806,0.28814611987675
alle_ausser_lehrkraft_id_1,1887,2026-01-19,45,0,26,3.2190638023281,performanz,1.6509653848614,1,1,0,0.37193777926997,0.04491963392026,0.11783395726961,0.40817317442143,0.45057988890129,0.51286969055116,0.46161733536685
alle_ausser_lehrkraft_id_1,1877,2026-01-26,45,0,26,4.0789242581081,regulation,1.8479915181834,1,0,0,0.42043389351725,0.32285885538557,0.14942820404965,0.40847577548243,0.41016540084089,0.39536647425586,0.45305744129363
alle_ausser_lehrkraft_id_1,1878,2026-01-26,45,0,26,4.7299790770357,methodik,2.1410505413095,1,1,0,0.44419334632973,0.193543274998,0.0710246340135,0.41578844647734,0.45265443670988,0.44516430395875,0.42922862904441
alle_ausser_lehrkraft_id_1,1879,2026-01-26,45,0,26,3.0088267944093,performanz,1.7349960417186,1,0,0,0.49568317504876,0.021792505626107,0.18265534692838,0.34599423350428,0.40517032831338,0.57663348339209,0.32260265823754
alle_ausser_lehrkraft_id_1,1880,2026-01-26,45,0,26,3.961007449354,kognition,2.17271425264,1,0,0,0.54852428206151,0.028144193203567,0.15231775143531,0.32706755945492,0.43173643708193,0.46775918359501,0.40367694556994
alle_ausser_lehrkraft_id_1,1881,2026-01-26,45,0,26,2.2888856549031,performanz,1.2945417374836,1,1,0,0.21945057193054,0.18392997448974,0.30161300890777,0.37123476885487,0.26169585814646,0.56557481539648,0.54850452907291
alle_ausser_lehrkraft_id_1,2058,2025-10-30,47,0,18,4.2434364120772,kognition,2.1266007185707,1,0,0,0.50114942244074,0.11396715072385,0.17824852421908,0.34183623305069,0.44985360536929,0.43478865646368,0.44251784498799
alle_ausser_lehrkraft_id_1,2059,2025-10-30,47,0,18,3.9754603937968,kognition,2.1118789605959,1,0,0,0.53122744012662,0.022266357176725,0.15845702965771,0.31305095472288,0.4683200092299,0.49369494887372,0.36211699940813
alle_ausser_lehrkraft_id_1,2060,2025-10-30,47,0,18,3.9909291971125,performanz,2.0864958050995,1,0,0,0.50686404877188,0.033885703813723,0.13418955811809,0.37059932669004,0.40085263899891,0.52280821682502,0.39060672750351
alle_ausser_lehrkraft_id_1,2061,2025-10-30,47,0,18,4.8061660753965,regulation,2.3556487699433,1,0,0,0.41195645886382,0.11739574529303,0.15525898219208,0.4125302752567,0.39087145664052,0.47876083040477,0.49012951939113
alle_ausser_lehrkraft_id_1,2062,2025-10-30,47,0,18,2.2570557601137,kognition,1.4806866264604,1,0,0,0.65602281184123,0.035444248640753,0.12368329503102,0.25874301507749,0.43227934710977,0.41402942500553,0.35754385816359
alle_ausser_lehrkraft_id_1,2053,2025-11-03,47,0,21,3.1988921097457,kognition,1.919667488646,1,0,0,0.60010197961283,0.028359326892356,0.086449473354213,0.30337364378423,0.40429765756495,0.44207952411901,0.42504956153813
alle_ausser_lehrkraft_id_1,2054,2025-11-03,47,0,21,2.4366088452089,performanz,-1.4552652158942,-1,0,0,-0.21141108626145,-0.15707180025819,-0.29598138611071,-0.37273403427469,-0.25021502605258,-0.59724778816174,-0.53364545639735
alle_ausser_lehrkraft_id_1,2055,2025-11-03,47,0,21,3.5863224441572,performanz,1.7011124840356,1,1,0,0.44140928068148,0.05461982512367,0.046057928264602,0.44525025198419,0.40530347089364,0.47433206779451,0.46101844996376
alle_ausser_lehrkraft_id_1,2056,2025-11-03,47,0,21,3.5054604059233,regulation,1.6521674795534,1,2,0,0.41704868780184,0.057308012801041,0.04481777131057,0.43363810755397,0.44022910936058,0.4656113369475,0.47131120455665
alle_ausser_lehrkraft_id_1,2057,2025-11-03,47,0,21,3.648548811648,performanz,1.8144280300528,1,0,0,0.38885845163842,0.19199426251791,0.31575625939891,0.41583833205431,0.32791525199639,0.49729992682597,0.42949116716453
alle_ausser_lehrkraft_id_1,2048,2025-11-06,47,0,18,4.2776947265947,kognition,2.4410982889583,1,0,0,0.57065609830007,0.061680906507123,0.098417161158226,0.35536178558859,0.45537212052641,0.40162071683407,0.40732235788888
alle_ausser_lehrkraft_id_1,2049,2025-11-06,47,0,18,2.4366088452089,performanz,-1.4552652158942,-1,0,0,-0.21141108626145,-0.15707180025819,-0.29598138611071,-0.37273403427469,-0.25021502605258,-0.59724778816174,-0.53364545639735
alle_ausser_lehrkraft_id_1,2050,2025-11-06,47,0,18,3.5459767256588,kognition,2.0635169573234,1,1,0,0.5819302543892,0.025556217949941,0.16336965941252,0.27651007972838,0.44722713027514,0.40033995329892,0.44414723291951
alle_ausser_lehrkraft_id_1,2051,2025-11-06,47,0,18,3.5717878102127,kognition,1.8941985677148,1,0,0,0.5303207707611,0.0025796929428273,0.21368847062502,0.26998418773395,0.48896612273076,0.52657343227264,0.289527119649
alle_ausser_lehrkraft_id_1,2052,2025-11-06,47,0,18,0.96264977534088,regulation,-0.74858726918585,-1,1,0,0.021349624177684,-0.41239907407518,-0.085695451404158,-0.093673302237096,-0.18182046073475,0.41901596751576,-0.77762392110003
alle_ausser_lehrkraft_id_1,2044,2025-11-10,47,0,21,3.7011651508002,kognition,2.1684041030201,1,1,0,0.58586908607967,0.031850875719515,0.1133674869774,0.31201643281213,0.45610778016662,0.4616490767318,0.35267111220798
alle_ausser_lehrkraft_id_1,2045,2025-11-10,47,0,21,4.4107099279058,kognition,2.189211103481,1,0,0,0.49633872457652,0.020069114607285,0.21068322682328,0.37723372686767,0.44311697942076,0.47270261859914,0.38307628077188
alle_ausser_lehrkraft_id_1,2046,2025-11-10,47,0,21,3.8905038385904,kognition,1.9316956848234,1,1,0,0.49651428190865,0.053043559070364,0.10570725339821,0.35304187399171,0.46146449087851,0.44283837987998,0.45363742432729
alle_ausser_lehrkraft_id_1,2047,2025-11-10,47,0,21,3.8411483190915,kognition,2.509295155464,1,0,0,0.65326522548996,0.020984344791132,0.16805441832496,0.2240481499757,0.47451664831199,0.42970909557727,0.29076309654101
alle_ausser_lehrkraft_id_1,2039,2025-11-13,47,0,23,4.2776947265947,kognition,2.4410982889583,1,0,0,0.57065609830007,0.061680906507123,0.098417161158226,0.35536178558859,0.45537212052641,0.40162071683407,0.40732235788888
alle_ausser_lehrkraft_id_1,2040,2025-11-13,47,0,23,4.6361765459891,kognition,2.6228056368715,1,0,0,0.56572478498315,0.048988682338982,0.17044432813436,0.3147111289115,0.48920271513479,0.42441388016159,0.36056963398192
alle_ausser_lehrkraft_id_1,2041,2025-11-13,47,0,23,3.5459767256588,kognition,2.0635169573234,1,1,0,0.5819302543892,0.025556217949941,0.16336965941252,0.27651007972838,0.44722713027514,0.40033995329892,0.44414723291951
alle_ausser_lehrkraft_id_1,2042,2025-11-13,47,0,23,4.4959941585393,performanz,2.2176844063113,1,1,0,0.375599256091,0.19102751887718,0.30355711105251,0.41043602931968,0.36850416155279,0.49325675157556,0.42746583907391
alle_ausser_lehrkraft_id_1,2043,2025-11-13,47,0,23,4.7245662545224,kognition,2.4427137214532,1,0,0,0.51702281640921,0.0716425600792,0.12221998272692,0.39657422898699,0.39719402606343,0.45360297474682,0.43797593701499
alle_ausser_lehrkraft_id_1,2019,2025-12-11,47,0,18,4.8603582361414,kognition,2.4163555556782,1,1,0,0.49715483236647,0.05455158373708,0.089907259755098,0.39074852793277,0.41967516285658,0.46598299116922,0.44251775629924
alle_ausser_lehrkraft_id_1,2020,2025-12-11,47,0,18,3.0556171049096,performanz,1.8608741963844,1,0,0,0.55550638970887,0.0,0.29078875442313,0.25128473348535,0.3845063379814,0.60899911294624,0.15804728787018
alle_ausser_lehrkraft_id_1,2021,2025-12-11,47,0,18,3.0088267944093,performanz,1.7349960417186,1,0,0,0.49568317504876,0.021792505626107,0.18265534692838,0.34599423350428,0.40517032831338,0.57663348339209,0.32260265823754
alle_ausser_lehrkraft_id_1,2022,2025-12-11,47,0,18,3.1844962872024,performanz,1.7623605672214,1,0,0,0.35830210771604,0.21987884155731,0.30560875784078,0.47619592143151,0.25159370964146,0.55341720451418,0.36542762457524
alle_ausser_lehrkraft_id_1,2023,2025-12-11,47,0,18,2.9900649591247,kognition,1.7353345284312,1,0,0,0.58036489123308,0.10643085034257,0.28652846723075,0.23051807041907,0.42718416964422,0.47692739623724,0.32658716896938
alle_ausser_lehrkraft_id_1,2014,2026-01-08,47,0,18,4.4388621375364,performanz,2.1744618745086,1,0,0,0.46577705352531,0.21582431903798,0.15028280583915,0.40837051156953,0.4063458558203,0.48986810323295,0.37686600340078
alle_ausser_lehrkraft_id_1,2015,2026-01-08,47,0,18,3.4522478891995,kognition,1.8706043338075,1,1,1,0.54184953553435,0.028966549779741,0.10377305345183,0.30141773302564,0.50406736303315,0.44719022762149,0.38713011245978
alle_ausser_lehrkraft_id_1,2016,2026-01-08,47,0,18,5.0551648723269,regulation,2.5507887745069,1,1,0,0.38568540563395,0.14372256099515,0.13504874488232,0.41636045227922,0.45091607348817,0.42550729255688,0.50458962131469
alle_ausser_lehrkraft_id_1,2017,2026-01-08,47,0,18,2.3554216638968,performanz,1.171031134971,1,0,0,0.19785571730366,0.33095686675477,0.41928909416486,0.49146919269571,0.22256410971708,0.4971620076779,0.37048889297316
alle_ausser_lehrkraft_id_1,2018,2026-01-08,47,0,18,3.6130190037089,motivation,1.8934141982597,1,0,0,0.39519609169617,0.022142086298747,0.27097533602843,0.52405175721425,0.30923960994252,0.43341160873097,0.4602082199323
alle_ausser_lehrkraft_id_1,2009,2026-01-22,47,0,18,4.4388621375364,performanz,2.1744618745086,1,0,0,0.46577705352531,0.21582431903798,0.15028280583915,0.40837051156953,0.4063458558203,0.48986810323295,0.37686600340078
alle_ausser_lehrkraft_id_1,2010,2026-01-22,47,0,18,2.9011619883243,performanz,1.8146533005108,1,0,0,0.48967516717457,0.0,0.17265110518826,0.31720137154232,0.35619597135299,0.62548973580807,0.33417546746929
alle_ausser_lehrkraft_id_1,2011,2026-01-22,47,0,18,3.445161991689,regulation,1.6593102589405,1,0,0,0.35697457681494,0.30867452774446,-0.051124322883014,0.44905706607895,0.45666641004076,0.36400878395462,0.48163350420338
alle_ausser_lehrkraft_id_1,2012,2026-01-22,47,0,18,3.1766681938078,kognition,1.628635644424,1,0,0,0.51268512107983,0.22387537947476,0.28929848813247,0.40637796246605,0.35743108585166,0.47592781995218,0.2897007950665
alle_ausser_lehrkraft_id_1,2013,2026-01-22,47,0,18,3.0088267944093,performanz,1.7349960417186,1,0,0,0.49568317504876,0.021792505626107,0.18265534692838,0.34599423350428,0.40517032831338,0.57663348339209,0.32260265823754
alle_ausser_lehrkraft_id_1,2005,2026-01-29,47,0,18,1.6103819422733,performanz,1.0,1,1,0,0.37754784039823,0.0,0.0,0.36264463617198,0.29868505136768,0.62096684276024,0.50112024210752
alle_ausser_lehrkraft_id_1,2006,2026-01-29,47,0,18,4.1753366045791,kognition,2.0025209823477,1,0,0,0.47960592784119,0.20384347683099,0.27356109825585,0.38796629419017,0.38566077691678,0.43325305356153,0.40819754744271
alle_ausser_lehrkraft_id_1,2007,2026-01-29,47,0,18,3.3989502526716,kognition,2.3210201415921,1,1,0,0.68286180745059,0.01826365831898,0.17566245392676,0.19020295592194,0.51264892743446,0.39897867265262,0.21055388947738
alle_ausser_lehrkraft_id_1,2008,2026-01-29,47,0,18,3.4263674606991,kognition,1.7820560115872,1,1,0,0.52009915195497,0.057384238529672,0.01634967429508,0.32019729496019,0.47732956965011,0.41282654755967,0.47448412856735
