scope,id,datum,teilnehmer_id,gruppe_id,lehrkraft_id,d_semantisch,dominante_dimension,dominante_dimension_wert,polaritaet_gesamt,operator_count,modulator_count,x_kognition,x_sozial,x_affektiv,x_motivation,x_methodik,x_performanz,x_regulation
alle_lehrkraefte,824,2024-11-28,2,0,1,0.0,,0.0,0,1,0,0.0,0.0,0.0,0.0,0.0,0.0,0.0
alle_lehrkraefte,823,2025-01-08,2,3,14,3.8760917266977,performanz,1.9510897771911,1,0,0,0.43424935009182,0.2714361452646,0.16084112390584,0.43977827835666,0.35670810228745,0.50336392457206,0.37128701717181
alle_lehrkraefte,822,2025-01-13,2,1,8,0.71382144994389,kognition,-0.58392,-1,3,1,-0.8180082287575,0.0,-0.17852953944522,0.0,-0.48515654504606,-0.25216036644806,0.0
alle_lehrkraefte,821,2025-01-15,2,3,14,4.5772987610381,regulation,2.4350733036945,1,0,0,0.38717652016471,0.18900611280864,0.17742183846571,0.40387260131044,0.40340916167313,0.41716291578991,0.53198799356114
alle_lehrkraefte,820,2025-01-22,2,3,14,2.2331327512708,kognition,1.1133431751098,1,1,0,0.49855441371863,0.2685905419827,0.24152203424276,0.4601119378958,0.32213179244245,0.38234467361214,0.39912583453127
alle_lehrkraefte,819,2025-02-10,2,1,1,1.2396455138466,performanz,1.0,1,0,0,0.24522941785392,0.0,0.28233650081865,0.35332396388163,0.19360217198993,0.80667571662473,0.21699576777205
alle_lehrkraefte,818,2025-02-26,2,3,1,1.2396455138466,performanz,1.0,1,0,0,0.24522941785392,0.0,0.28233650081865,0.35332396388163,0.19360217198993,0.80667571662473,0.21699576777205
alle_lehrkraefte,817,2025-04-30,2,3,1,3.2665174874432,motivation,1.4855528312733,1,0,0,0.44162358207525,0.028043641757625,0.21705343637571,0.45478044712127,0.45160229339963,0.41093781527311,0.42121737198262
alle_lehrkraefte,812,2025-08-25,2,1,1,4.3258647160129,kognition,2.3289522253193,1,1,0,0.53837717876996,0.045037687757293,0.091400304366745,0.36030747239073,0.39133916782648,0.46224732450067,0.45069121706779
alle_lehrkraefte,813,2025-08-25,2,1,1,3.916840808544,kognition,2.2069589158005,1,0,0,0.5634523814352,0.076723644298226,0.31177537024684,0.31845471584113,0.42787289584912,0.43423975906972,0.32614892186079
alle_lehrkraefte,814,2025-08-25,2,1,1,4.0164817262936,regulation,1.9126138920563,1,0,0,0.4588553814492,0.047909025290553,0.09026084042588,0.38084333672938,0.45894389366437,0.44336919087771,0.47619017351276
alle_lehrkraefte,815,2025-08-25,2,1,1,3.445161991689,regulation,1.6593102589405,1,0,0,0.35697457681494,0.30867452774446,-0.051124322883014,0.44905706607895,0.45666641004076,0.36400878395462,0.48163350420338
alle_lehrkraefte,816,2025-08-25,2,1,1,3.7094848636328,performanz,1.8490362237485,1,0,0,0.4447525791376,0.057996141719878,0.17100853369173,0.35040530339462,0.42589653003669,0.49846038118992,0.46577655391603
alle_lehrkraefte,808,2025-08-27,2,3,1,4.1959607750546,kognition,2.2176040705498,1,1,1,0.52850798764701,0.033057437189919,0.11991473533283,0.3111460283294,0.50972860238967,0.43980333406568,0.39387831994598
alle_lehrkraefte,809,2025-08-27,2,3,1,2.3428052989296,methodik,1.3071304723696,1,2,0,0.51447576205092,0.042683689169047,0.09160513239389,0.31116409404235,0.55793150786012,0.39453333050523,0.40165351508073
alle_lehrkraefte,810,2025-08-27,2,3,1,3.4752254188631,performanz,1.7185730315922,1,0,0,0.31877151424459,0.19146773728403,0.17310725067521,0.46890082280075,0.38408892483263,0.49451988842658,0.46883978948033
alle_lehrkraefte,811,2025-08-27,2,3,1,1.5890209998845,motivation,0.85188551646247,1,0,0,0.33406255970934,0.45645506608696,0.46047891028742,0.53610377426518,0.18684581263477,0.36274856741847,0.11871153327529
alle_lehrkraefte,803,2025-09-01,2,1,1,4.6221765003632,regulation,2.2831943720438,1,1,0,0.42028364349602,0.07674949586674,0.058605948586205,0.41798896030911,0.44907287797465,0.44005726793527,0.4939641383714
alle_lehrkraefte,804,2025-09-01,2,1,1,3.916840808544,kognition,2.2069589158005,1,0,0,0.5634523814352,0.076723644298226,0.31177537024684,0.31845471584113,0.42787289584912,0.43423975906972,0.32614892186079
alle_lehrkraefte,805,2025-09-01,2,1,1,4.766014081322,regulation,2.3358286965014,1,0,0,0.46034606997404,0.12046710266232,0.13530206615574,0.39610570126781,0.40717581938225,0.43859820175407,0.49010006173814
alle_lehrkraefte,806,2025-09-01,2,1,1,1.6538928464461,regulation,1.0959483968476,1,0,0,0.23508177141809,0.28196494490937,0.27712264868538,0.4160507871843,0.21827158758189,0.35858859808376,0.66264375758378
alle_lehrkraefte,807,2025-09-01,2,1,1,2.6261746889041,motivation,1.2623925324906,1,0,0,0.41358193012077,0.4120300862581,0.035560809429602,0.48069449868637,0.29942201539725,0.42667263452277,0.39387653764832
alle_lehrkraefte,798,2025-09-03,2,3,1,4.9394420737157,kognition,2.4326861730502,1,0,0,0.49250122012423,0.065627662434388,0.11087900069211,0.40607281181281,0.40499815995921,0.44606679359696,0.46145761870759
alle_lehrkraefte,799,2025-09-03,2,3,1,2.3428052989296,methodik,1.3071304723696,1,0,0,0.51447576205092,0.042683689169047,0.09160513239389,0.31116409404235,0.55793150786012,0.39453333050523,0.40165351508073
alle_lehrkraefte,800,2025-09-03,2,3,1,4.0164817262936,regulation,1.9126138920563,1,0,0,0.4588553814492,0.047909025290553,0.09026084042588,0.38084333672938,0.45894389366437,0.44336919087771,0.47619017351276
alle_lehrkraefte,801,2025-09-03,2,3,1,2.4727359267413,performanz,1.5583528329756,1,0,0,0.42450201381654,0.020128723815308,0.15990248555212,0.38637338240925,0.27902517895313,0.63021146496408,0.41171598220526
alle_lehrkraefte,802,2025-09-03,2,3,1,3.1443711090881,kognition,1.473212922878,1,1,0,0.46852238064275,0.23827174473619,0.28124665024161,0.42298258717174,0.3350072408433,0.40654256773133,0.43380449033815
alle_lehrkraefte,793,2025-09-15,2,1,1,4.4248015064122,kognition,2.5299323006465,1,0,0,0.57176046866182,0.052169000706233,0.13681307367429,0.33444133727735,0.45024896048661,0.45411408885347,0.36173372051404
alle_lehrkraefte,794,2025-09-15,2,1,1,4.7203348418297,kognition,2.5684402293092,1,0,0,0.54412131218651,0.034339382852549,0.145716218238,0.32815106372612,0.43803370736583,0.46050645028912,0.41218019240003
alle_lehrkraefte,795,2025-09-15,2,1,1,4.2418067613595,motivation,2.0519663720169,1,1,0,0.35687517920945,0.29880068688514,0.34641805694199,0.4837470563814,0.35222911961893,0.45040191257754,0.32001503204027
alle_lehrkraefte,796,2025-09-15,2,1,1,2.1705909655679,regulation,1.0748847029185,1,1,0,0.41016065224904,0.049968981073429,0.032170610827381,0.39633397743253,0.46323979442207,0.45970750767414,0.49520143037311
alle_lehrkraefte,797,2025-09-15,2,1,1,3.2676087905419,kognition,1.5921009565853,1,0,0,0.487235830934,0.3217676297975,0.077153240661545,0.42089421911035,0.40731311868329,0.40263476371624,0.3846263394302
alle_lehrkraefte,788,2025-09-17,2,3,1,4.1345309576921,performanz,1.988922705534,1,1,0,0.35129292884059,0.21311434101394,0.27236711854315,0.45754424948293,0.35979991748407,0.48105042999603,0.43217430996179
alle_lehrkraefte,789,2025-09-17,2,3,1,4.1684033499006,kognition,2.1474646536876,1,1,0,0.51517555324469,0.021235716399355,0.17812047079192,0.32411661689531,0.4551826878565,0.51140647421908,0.35865310683844
alle_lehrkraefte,790,2025-09-17,2,3,1,3.1766681938078,kognition,1.628635644424,1,0,0,0.51268512107983,0.22387537947476,0.28929848813247,0.40637796246605,0.35743108585166,0.47592781995218,0.2897007950665
alle_lehrkraefte,791,2025-09-17,2,3,1,0.47720959755646,motivation,0.292,1,0,0,0.42538068645846,0.16763770894915,0.25145656342372,0.61187763766439,0.0,0.52386784046609,0.28079316248982
alle_lehrkraefte,792,2025-09-17,2,3,1,2.4618609597996,kognition,1.6566860222492,1,0,0,0.67293779783815,0.0,0.25562377022792,0.15425123718291,0.44110365154733,0.5044428994776,0.094734207310967
alle_lehrkraefte,783,2025-09-22,2,1,1,4.0340534938675,kognition,2.340692642289,1,0,0,0.58023197846223,0.023304726557337,0.19163855593931,0.29484982127906,0.44721093505122,0.49891575077313,0.30034394131757
alle_lehrkraefte,784,2025-09-22,2,1,1,3.9082087439743,kognition,2.1969604991137,1,1,0,0.56213857080057,0.033812121852611,0.13194589398309,0.32139828186305,0.47968884541538,0.45640853074794,0.35176006075289
alle_lehrkraefte,785,2025-09-22,2,1,1,4.0730731755336,performanz,2.1602420544193,1,0,0,0.50793164389237,0.029806912452068,0.14201670599099,0.36940497938456,0.35646034890973,0.5303702284784,0.41967456397547
alle_lehrkraefte,786,2025-09-22,2,1,1,3.4817423048328,kognition,2.1505046567471,1,0,0,0.61765009927963,0.2872117004452,0.15603886664661,0.2872117004452,0.50103511698974,0.35272549844014,0.23177984225927
alle_lehrkraefte,787,2025-09-22,2,1,1,2.5553402422033,performanz,1.5570911828289,1,0,0,0.44652012702407,0.031112132778026,0.17952669910686,0.37349850335762,0.31353891804787,0.60934550462497,0.39787487959923
alle_lehrkraefte,779,2025-09-24,2,3,1,4.4247995695105,kognition,2.7431027601632,1,0,0,0.61993690735636,0.028768242753371,0.20958625007286,0.24606156155614,0.50280793819869,0.42502155926261,0.27733420685918
alle_lehrkraefte,780,2025-09-24,2,3,1,3.5717878102127,kognition,1.8941985677148,1,0,0,0.5303207707611,0.0025796929428273,0.21368847062502,0.26998418773395,0.48896612273076,0.52657343227264,0.289527119649
alle_lehrkraefte,781,2025-09-24,2,3,1,4.0258121877764,methodik,2.1006963532816,1,0,0,0.35511096938672,0.067184401701719,0.040745767506346,0.41140200825069,0.52180554810889,0.42027935861791,0.49954968560314
alle_lehrkraefte,782,2025-09-24,2,3,1,4.766014081322,regulation,2.3358286965014,1,0,0,0.46034606997404,0.12046710266232,0.13530206615574,0.39610570126781,0.40717581938225,0.43859820175407,0.49010006173814
alle_lehrkraefte,774,2025-09-29,2,1,1,4.4248015064122,kognition,2.5299323006465,1,0,0,0.57176046866182,0.052169000706233,0.13681307367429,0.33444133727735,0.45024896048661,0.45411408885347,0.36173372051404
alle_lehrkraefte,775,2025-09-29,2,1,1,3.1813676431278,performanz,1.4780206620485,1,0,0,0.43697363840821,0.31432923474525,0.046982968609961,0.43014855236104,0.39172434957001,0.46458510363938,0.39207451324792
alle_lehrkraefte,776,2025-09-29,2,1,1,1.6538928464461,regulation,1.0959483968476,1,0,0,0.23508177141809,0.28196494490937,0.27712264868538,0.4160507871843,0.21827158758189,0.35858859808376,0.66264375758378
alle_lehrkraefte,777,2025-09-29,2,1,1,3.7871671413033,kognition,2.5121830856213,1,0,0,0.66333920804053,0.0099062940681459,0.15823548746632,0.19922033617701,0.48493011934985,0.4232898110108,0.28428679681679
alle_lehrkraefte,778,2025-09-29,2,1,1,3.6328672145636,kognition,1.9947276918836,1,1,0,0.54907655119392,-0.038482231806958,0.0054751174992369,0.39332409838053,0.42215120724975,0.47425318615247,0.37305094002933
alle_lehrkraefte,770,2025-10-01,2,3,1,2.7008782028216,kognition,1.8124059963247,1,0,0,0.67104073187158,0.0,0.13221920340388,0.18986342323182,0.46057081054162,0.46390437256253,0.26236264134944
alle_lehrkraefte,771,2025-10-01,2,3,1,3.5717878102127,kognition,1.8941985677148,1,0,0,0.5303207707611,0.0025796929428273,0.21368847062502,0.26998418773395,0.48896612273076,0.52657343227264,0.289527119649
alle_lehrkraefte,772,2025-10-01,2,3,1,3.4507597507663,performanz,1.7576385021604,1,0,0,0.44464530526223,0.098341955792704,0.27435660761333,0.36291912005201,0.37409352724782,0.50934679190639,0.43156883465415
alle_lehrkraefte,773,2025-10-01,2,3,1,4.1805161786248,performanz,2.061049496361,1,0,0,0.49006663241819,0.040531893031969,0.13003042817653,0.36777609699608,0.43194466879972,0.49301198181686,0.41997963815352
alle_lehrkraefte,766,2025-10-13,2,1,12,3.1105149252108,kognition,1.6517086769815,1,0,0,0.53100641103836,0.037516048702287,0.13871477916169,0.36888022758025,0.4065452396975,0.52667608483763,0.34443746200904
alle_lehrkraefte,767,2025-10-13,2,1,12,3.1172442691244,kognition,2.1688746734496,1,0,0,0.69576444081953,0.0,0.16369007378504,0.15193693723741,0.48658802563816,0.43032265210642,0.20995395265513
alle_lehrkraefte,768,2025-10-13,2,1,12,3.5717878102127,kognition,1.8941985677148,1,0,0,0.5303207707611,0.0025796929428273,0.21368847062502,0.26998418773395,0.48896612273076,0.52657343227264,0.289527119649
alle_lehrkraefte,769,2025-10-13,2,1,12,3.648548811648,performanz,1.8144280300528,1,0,0,0.38885845163842,0.19199426251791,0.31575625939891,0.41583833205431,0.32791525199639,0.49729992682597,0.42949116716453
alle_lehrkraefte,761,2025-10-20,2,1,1,3.6813879930869,kognition,2.3310275582356,1,0,0,0.63319085918254,0.026149747064184,0.14669077169834,0.25844845876031,0.47775089783145,0.44131972317682,0.29505471879653
alle_lehrkraefte,762,2025-10-20,2,1,1,3.644316435302,kognition,1.8767956837469,1,1,1,0.51499110111725,0.10893645425238,0.17406012234356,0.29083577198318,0.41050812492958,0.47090042463132,0.46665300140837
alle_lehrkraefte,763,2025-10-20,2,1,1,2.9900649591247,kognition,1.7353345284312,1,0,0,0.58036489123308,0.10643085034257,0.28652846723075,0.23051807041907,0.42718416964422,0.47692739623724,0.32658716896938
alle_lehrkraefte,764,2025-10-20,2,1,1,3.8905038385904,kognition,1.9316956848234,1,1,0,0.49651428190865,0.053043559070364,0.10570725339821,0.35304187399171,0.46146449087851,0.44283837987998,0.45363742432729
alle_lehrkraefte,765,2025-10-20,2,1,1,4.4336617364237,kognition,2.1820491743331,1,0,0,0.49215397621954,0.1998670220788,0.11445072171214,0.39248883283008,0.46126862894737,0.42771883525212,0.39366803854352
alle_lehrkraefte,756,2025-10-22,2,3,1,4.9394420737157,kognition,2.4326861730502,1,0,0,0.49250122012423,0.065627662434388,0.11087900069211,0.40607281181281,0.40499815995921,0.44606679359696,0.46145761870759
alle_lehrkraefte,757,2025-10-22,2,3,1,4.4247995695105,kognition,2.7431027601632,1,0,0,0.61993690735636,0.028768242753371,0.20958625007286,0.24606156155614,0.50280793819869,0.42502155926261,0.27733420685918
alle_lehrkraefte,758,2025-10-22,2,3,1,2.9898402914902,kognition,1.8497956426329,1,1,0,0.61869172777574,0.26165124118264,0.37511761181132,0.32912105809137,0.40496483599092,0.3576085578641,0.088533564626579
alle_lehrkraefte,759,2025-10-22,2,3,1,3.7807537621279,performanz,1.9577799980576,1,0,0,0.51042066750317,0.03083949094383,0.14821465789205,0.36597314714407,0.37761274092899,0.5178265877569,0.41457772698257
alle_lehrkraefte,760,2025-10-22,2,3,1,4.1066196583502,regulation,1.9611829425497,1,1,0,0.45479888547485,0.19603031562825,0.22223033496086,0.40278440644117,0.38328801363239,0.41003110509019,0.47756508516951
alle_lehrkraefte,751,2025-10-23,2,0,1,4.2776947265947,kognition,2.4410982889583,1,0,0,0.57065609830007,0.061680906507123,0.098417161158226,0.35536178558859,0.45537212052641,0.40162071683407,0.40732235788888
alle_lehrkraefte,752,2025-10-23,2,0,1,3.2645506643148,kognition,1.752927244018,1,0,0,0.53695655381115,0.12160901291853,0.19430850592622,0.27023992750622,0.42310320660401,0.44252841115942,0.45961902581514
alle_lehrkraefte,753,2025-10-23,2,0,1,3.445161991689,regulation,1.6593102589405,1,0,0,0.35697457681494,0.30867452774446,-0.051124322883014,0.44905706607895,0.45666641004076,0.36400878395462,0.48163350420338
alle_lehrkraefte,754,2025-10-23,2,0,1,0.47720959755646,motivation,0.292,1,0,0,0.42538068645846,0.16763770894915,0.25145656342372,0.61187763766439,0.0,0.52386784046609,0.28079316248982
alle_lehrkraefte,755,2025-10-23,2,0,1,3.6709941375368,regulation,1.9411488061702,1,1,0,0.43631034728331,0.1180046765747,0.10514865737317,0.42125288148312,0.36060760730328,0.44446342445796,0.52877870289535
alle_lehrkraefte,747,2025-10-27,2,1,1,4.4248015064122,kognition,2.5299323006465,1,0,0,0.57176046866182,0.052169000706233,0.13681307367429,0.33444133727735,0.45024896048661,0.45411408885347,0.36173372051404
alle_lehrkraefte,748,2025-10-27,2,1,1,4.7203348418297,kognition,2.5684402293092,1,0,0,0.54412131218651,0.034339382852549,0.145716218238,0.32815106372612,0.43803370736583,0.46050645028912,0.41218019240003
alle_lehrkraefte,749,2025-10-27,2,1,1,2.6745080662689,kognition,1.7197401550854,1,0,0,0.64300936186405,0.0086656749691408,0.11409784127781,0.22665812140119,0.51583615204378,0.42030259628855,0.28164331889844
alle_lehrkraefte,750,2025-10-27,2,1,1,3.4485985759833,kognition,1.7810481523429,1,1,0,0.51645413305136,0.19987339821091,0.26136553149895,0.38073011467188,0.4730752660784,0.39683639254655,0.31428213854986
alle_lehrkraefte,743,2025-10-29,2,3,1,3.1988921097457,kognition,1.919667488646,1,0,0,0.60010197961283,0.028359326892356,0.086449473354213,0.30337364378423,0.40429765756495,0.44207952411901,0.42504956153813
alle_lehrkraefte,744,2025-10-29,2,3,1,2.3428052989296,methodik,1.3071304723696,1,0,0,0.51447576205092,0.042683689169047,0.09160513239389,0.31116409404235,0.55793150786012,0.39453333050523,0.40165351508073
alle_lehrkraefte,745,2025-10-29,2,3,1,2.8957199704337,regulation,1.539769585776,1,0,0,0.47088581038576,0.15755269598282,0.14777939986544,0.33022333356776,0.43475917646087,0.38831659764443,0.5317379733254
alle_lehrkraefte,746,2025-10-29,2,3,1,4.0730731755336,performanz,2.1602420544193,1,0,0,0.50793164389237,0.029806912452068,0.14201670599099,0.36940497938456,0.35646034890973,0.5303702284784,0.41967456397547
alle_lehrkraefte,738,2025-11-03,2,1,1,4.0202243037138,kognition,2.0547114305757,1,0,0,0.51109245764048,0.032870016624614,0.15348776998845,0.35931223423551,0.44420521406901,0.50173089465934,0.36875892782791
alle_lehrkraefte,739,2025-11-03,2,1,1,3.1073267084519,kognition,1.9342871926371,1,1,0,0.62249037491684,0.0,0.11492455442266,0.23104024420111,0.44023969477505,0.50017229306716,0.31926280320256
alle_lehrkraefte,740,2025-11-03,2,1,1,3.4485985759833,kognition,1.7810481523429,1,1,0,0.51645413305136,0.19987339821091,0.26136553149895,0.38073011467188,0.4730752660784,0.39683639254655,0.31428213854986
alle_lehrkraefte,741,2025-11-03,2,1,1,4.2766590717479,motivation,2.0818792519938,1,0,0,0.33209301290047,0.37841837691444,0.38256831241431,0.48679923956401,0.28414573900136,0.39297120036295,0.35778751746519
alle_lehrkraefte,742,2025-11-03,2,1,1,2.3952654381643,kognition,1.2611174102,1,0,0,0.52650204235655,0.11634635597757,0.15877535207586,0.29265668669538,0.38319488600229,0.4197213856147,0.52477506057088
alle_lehrkraefte,734,2025-11-05,2,3,1,3.3685945007785,performanz,1.7146760432305,1,1,1,0.46692129171518,0.043118259161777,0.034712611149409,0.40662835417337,0.37420596681409,0.50901672868817,0.46307630734881
alle_lehrkraefte,735,2025-11-05,2,3,1,3.3171643288248,performanz,2.0727800937162,1,1,1,0.52909083961634,0.0,0.29748094803146,0.27124453844477,0.37170182269161,0.62486317818892,0.17138291539365
alle_lehrkraefte,736,2025-11-05,2,3,1,2.9587323352089,motivation,1.8151486855143,1,0,0,0.20418107569392,0.27982740008289,0.36160357600822,0.61348656958536,0.19574299446748,0.33674943419556,0.47027814781919
alle_lehrkraefte,737,2025-11-05,2,3,1,3.8838793061339,kognition,2.0461096300162,1,1,0,0.52681975945728,0.069481231038198,0.10297437976036,0.38799774098501,0.3506570616886,0.45990962201269,0.47117400700764
alle_lehrkraefte,1228,2025-11-10,2,1,1,4.6221765003632,regulation,2.2831943720438,1,1,0,0.42028364349602,0.07674949586674,0.058605948586205,0.41798896030911,0.44907287797465,0.44005726793527,0.4939641383714
alle_lehrkraefte,1229,2025-11-10,2,1,1,4.9706070017029,kognition,2.5726698491549,1,0,0,0.51757555415626,0.032610383914937,0.19331883115144,0.36955472910845,0.42609468091285,0.45090795231749,0.41500669646393
alle_lehrkraefte,1230,2025-11-10,2,1,1,3.2578547618,kognition,1.8346726067272,1,0,0,0.56315186199242,0.031352009134577,0.21853304168741,0.26739485678908,0.44746296860024,0.50787483501136,0.32319380690867
alle_lehrkraefte,1231,2025-11-10,2,1,1,3.8092753542734,performanz,2.06132346452,1,0,0,0.46064846728107,0.033447451813805,0.14540012885798,0.38824406928337,0.41376980713662,0.54113128128023,0.38829864222467
alle_lehrkraefte,1224,2025-11-12,2,3,1,3.5816981353789,performanz,1.7507822794422,1,1,0,0.43084191867104,0.27919639518428,0.041731643197581,0.42322013003075,0.38270708324899,0.48881210117278,0.41250483607193
alle_lehrkraefte,1225,2025-11-12,2,3,1,4.4336617364237,kognition,2.1820491743331,1,0,0,0.49215397621954,0.1998670220788,0.11445072171214,0.39248883283008,0.46126862894737,0.42771883525212,0.39366803854352
alle_lehrkraefte,1226,2025-11-12,2,3,1,4.1100040351697,regulation,1.8368648761565,1,0,0,0.41981738804784,0.2174398262812,0.25997503083373,0.40458725813174,0.44247009024899,0.38687142347094,0.446924234428
alle_lehrkraefte,1227,2025-11-12,2,3,1,3.6130190037089,motivation,1.8934141982597,1,0,0,0.39519609169617,0.022142086298747,0.27097533602843,0.52405175721425,0.30923960994252,0.43341160873097,0.4602082199323
alle_lehrkraefte,1219,2025-11-17,2,1,1,4.0202243037138,kognition,2.0547114305757,1,0,0,0.51109245764048,0.032870016624614,0.15348776998845,0.35931223423551,0.44420521406901,0.50173089465934,0.36875892782791
alle_lehrkraefte,1220,2025-11-17,2,1,1,2.9653595495889,regulation,-1.712806806005,-1,1,0,-0.20219386541625,-0.18069038041423,-0.29327587606756,-0.36969931156883,-0.2554656660155,-0.55216433394578,-0.57760315446769
alle_lehrkraefte,1221,2025-11-17,2,1,1,4.5051999610504,kognition,2.2147698359634,1,0,0,0.49160191314302,0.062345305630295,0.07325617380748,0.40938129345955,0.38284523733197,0.45825543665079,0.47424482196104
alle_lehrkraefte,1222,2025-11-17,2,1,1,4.4336617364237,kognition,2.1820491743331,1,0,0,0.49215397621954,0.1998670220788,0.11445072171214,0.39248883283008,0.46126862894737,0.42771883525212,0.39366803854352
alle_lehrkraefte,1223,2025-11-17,2,1,1,4.3406553652064,kognition,2.1462963786463,1,1,0,0.49446253006518,0.26550279432215,0.053552965854877,0.37877182858556,0.4109033095443,0.44109602015534,0.41864927793105
alle_lehrkraefte,1214,2025-11-24,2,1,1,4.4248015064122,kognition,2.5299323006465,1,0,0,0.57176046866182,0.052169000706233,0.13681307367429,0.33444133727735,0.45024896048661,0.45411408885347,0.36173372051404
alle_lehrkraefte,1215,2025-11-24,2,1,1,2.7008782028216,kognition,1.8124059963247,1,0,0,0.67104073187158,0.0,0.13221920340388,0.18986342323182,0.46057081054162,0.46390437256253,0.26236264134944
alle_lehrkraefte,1216,2025-11-24,2,1,1,4.0164817262936,regulation,1.9126138920563,1,0,0,0.4588553814492,0.047909025290553,0.09026084042588,0.38084333672938,0.45894389366437,0.44336919087771,0.47619017351276
alle_lehrkraefte,1217,2025-11-24,2,1,1,3.4333342274091,methodik,1.6923157810732,1,1,0,0.45560273520211,0.048083977176934,0.071709281313335,0.3792497481292,0.49290594504422,0.4472213857957,0.44516561249039
alle_lehrkraefte,1218,2025-11-24,2,1,1,3.1844962872024,performanz,1.7623605672214,1,0,0,0.35830210771604,0.21987884155731,0.30560875784078,0.47619592143151,0.25159370964146,0.55341720451418,0.36542762457524
alle_lehrkraefte,1210,2025-11-26,2,3,1,4.0297451295107,performanz,2.1018406752718,1,0,0,0.50229795388456,0.030986423052732,0.16577460984972,0.36043056753727,0.43342058043781,0.52158024686899,0.35977892556151
alle_lehrkraefte,1211,2025-11-26,2,3,1,4.4247995695105,kognition,2.7431027601632,1,0,0,0.61993690735636,0.028768242753371,0.20958625007286,0.24606156155614,0.50280793819869,0.42502155926261,0.27733420685918
alle_lehrkraefte,1212,2025-11-26,2,3,1,1.5890209998845,motivation,0.85188551646247,1,0,0,0.33406255970934,0.45645506608696,0.46047891028742,0.53610377426518,0.18684581263477,0.36274856741847,0.11871153327529
alle_lehrkraefte,1213,2025-11-26,2,3,1,0.0,,0.0,0,0,0,0.0,0.0,0.0,0.0,0.0,0.0,0.0
alle_lehrkraefte,1205,2025-12-01,2,1,1,3.1105149252108,kognition,1.6517086769815,1,0,0,0.53100641103836,0.037516048702287,0.13871477916169,0.36888022758025,0.4065452396975,0.52667608483763,0.34443746200904
alle_lehrkraefte,1206,2025-12-01,2,1,1,3.0556171049096,performanz,1.8608741963844,1,0,0,0.55550638970887,0.0,0.29078875442313,0.25128473348535,0.3845063379814,0.60899911294624,0.15804728787018
alle_lehrkraefte,1207,2025-12-01,2,1,1,3.771468009549,performanz,1.8171380778151,1,0,0,0.36111509572411,0.22685067187805,0.32978668596496,0.42468678617285,0.34745157352079,0.48181059871337,0.41969892040688
alle_lehrkraefte,1208,2025-12-01,2,1,1,2.6745080662689,kognition,1.7197401550854,1,0,0,0.64300936186405,0.0086656749691408,0.11409784127781,0.22665812140119,0.51583615204378,0.42030259628855,0.28164331889844
alle_lehrkraefte,1209,2025-12-01,2,1,1,4.4336617364237,kognition,2.1820491743331,1,0,0,0.49215397621954,0.1998670220788,0.11445072171214,0.39248883283008,0.46126862894737,0.42771883525212,0.39366803854352
alle_lehrkraefte,1201,2025-12-03,2,3,1,4.2180884691949,kognition,2.531100992962,1,1,1,0.60005735082924,0.014479573653087,0.15948410190858,0.25105158086513,0.46555159053292,0.47232572191137,0.3338035801964
alle_lehrkraefte,1202,2025-12-03,2,3,1,4.7299790770357,methodik,2.1410505413095,1,1,0,0.44419334632973,0.193543274998,0.0710246340135,0.41578844647734,0.45265443670988,0.44516430395875,0.42922862904441
alle_lehrkraefte,1203,2025-12-03,2,3,1,1.2396455138466,performanz,1.0,1,0,0,0.24522941785392,0.0,0.28233650081865,0.35332396388163,0.19360217198993,0.80667571662473,0.21699576777205
alle_lehrkraefte,1204,2025-12-03,2,3,1,1.9935420942378,motivation,1.2459236375843,1,4,0,0.1924119840039,0.33536319260425,0.25723120973569,0.62497671427077,0.082253812699267,0.4466343056288,0.43299820303145
alle_lehrkraefte,1196,2025-12-08,2,1,1,4.5039203437359,performanz,2.1625397852702,1,0,0,0.43533203634603,0.17064144437225,0.24094742665989,0.42185314901355,0.37315321830169,0.48014503338796,0.41900448192064
alle_lehrkraefte,1197,2025-12-08,2,1,1,4.7299790770357,methodik,2.1410505413095,1,1,0,0.44419334632973,0.193543274998,0.0710246340135,0.41578844647734,0.45265443670988,0.44516430395875,0.42922862904441
alle_lehrkraefte,1198,2025-12-08,2,1,1,4.9669401934215,regulation,2.5051943093294,1,0,0,0.3909448724847,0.12089807406911,0.11494805508238,0.41638689628016,0.45609554731063,0.42841057129645,0.50437274620701
alle_lehrkraefte,1199,2025-12-08,2,1,1,4.8647814867475,performanz,2.3969338314309,1,0,0,0.43636742711202,0.05887908540611,0.11008583245671,0.41821687591632,0.41539574353306,0.49271049703992,0.45141013196524
alle_lehrkraefte,1200,2025-12-08,2,1,1,4.0230266961372,regulation,2.1507426574126,1,0,0,0.32285345704235,0.1940878730544,0.24341569490145,0.41164830638065,0.33607032387167,0.48024720787901,0.5346067709195
alle_lehrkraefte,1192,2025-12-10,2,3,1,4.0096002650977,kognition,2.5326051745112,1,0,0,0.63163375167823,0.015541942208395,0.17179344520515,0.22267654332557,0.47982510846894,0.45027324687481,0.29785281840573
alle_lehrkraefte,1193,2025-12-10,2,3,1,4.1753366045791,kognition,2.0025209823477,1,0,0,0.47960592784119,0.20384347683099,0.27356109825585,0.38796629419017,0.38566077691678,0.43325305356153,0.40819754744271
alle_lehrkraefte,1194,2025-12-10,2,3,1,1.7229179248308,kognition,1.3807910822945,1,1,0,0.80142126806034,0.039137726266037,0.19415880276327,0.085637230104267,0.52579057890913,0.14793460676579,0.11317607852982
alle_lehrkraefte,1195,2025-12-10,2,3,1,4.6452590913521,kognition,2.4036580249543,1,1,0,0.51744214978398,0.058805209392942,0.10773919193437,0.37190440664099,0.39890677270429,0.45305062017137,0.46312974922747
alle_lehrkraefte,1188,2026-01-19,2,1,1,3.3390173794307,performanz,1.5752921706211,1,0,0,0.4453971633637,0.10840822376021,0.24513638282625,0.41734687449694,0.34808714570617,0.47178174708159,0.46027176364271
alle_lehrkraefte,1189,2026-01-19,2,1,1,3.5046583852388,kognition,2.0772518399554,1,1,0,0.59270995472911,0.037629046859325,0.10166548436159,0.31605277833603,0.40263592842087,0.44426987951362,0.42137466894537
alle_lehrkraefte,1190,2026-01-19,2,1,1,2.3554216638968,performanz,1.171031134971,1,0,0,0.19785571730366,0.33095686675477,0.41928909416486,0.49146919269571,0.22256410971708,0.4971620076779,0.37048889297316
alle_lehrkraefte,1191,2026-01-19,2,1,1,3.4507597507663,performanz,1.7576385021604,1,0,0,0.44464530526223,0.098341955792704,0.27435660761333,0.36291912005201,0.37409352724782,0.50934679190639,0.43156883465415
alle_lehrkraefte,1183,2026-01-21,2,3,1,2.2792901074475,performanz,1.7803177442296,1,0,0,0.26065571282368,0.0,0.29833114483633,0.36911250485341,0.20746555360131,0.78108088461566,0.23167867253301
alle_lehrkraefte,1184,2026-01-21,2,3,1,4.2594688496216,kognition,2.4094215925566,1,1,1,0.56566112372425,0.15795064898133,0.28567285882329,0.30089662149189,0.44599474773836,0.43175599614785,0.31241330937636
alle_lehrkraefte,1185,2026-01-21,2,3,1,3.7807537621279,performanz,1.9577799980576,1,0,0,0.51042066750317,0.03083949094383,0.14821465789205,0.36597314714407,0.37761274092899,0.5178265877569,0.41457772698257
alle_lehrkraefte,1186,2026-01-21,2,3,1,2.3554216638968,performanz,1.171031134971,1,0,0,0.19785571730366,0.33095686675477,0.41928909416486,0.49146919269571,0.22256410971708,0.4971620076779,0.37048889297316
alle_lehrkraefte,1187,2026-01-21,2,3,1,3.3382596654507,kognition,1.5679450357693,1,0,0,0.46968795001694,0.2578340565044,0.30387580638691,0.43188083890633,0.42832555400254,0.39854218751068,0.30290034274905
alle_lehrkraefte,298,2025-06-24,3,1,1,0.0,,0.0,0,0,0,0.0,0.0,0.0,0.0,0.0,0.0,0.0
alle_lehrkraefte,294,2025-08-26,3,1,1,3.5213129836393,kognition,2.1740412824802,1,0,0,0.61739331852865,0.0,0.30075818626489,0.29661220180336,0.44033243717446,0.45440135012021,0.20003070633707
alle_lehrkraefte,295,2025-08-26,3,1,1,4.4037939267681,kognition,2.0758103279544,1,1,0,0.47136756369572,0.19326863389136,0.25936949549562,0.3896542953049,0.38321455826266,0.44758563467458,0.41733201464963
alle_lehrkraefte,296,2025-08-26,3,1,1,3.5655874874173,kognition,2.2009129520582,1,0,0,0.61726343476093,0.037799812012656,0.18382639127447,0.28178965695487,0.46623570321268,0.46595771324522,0.26431334205833
alle_lehrkraefte,297,2025-08-26,3,1,1,3.8995392280503,methodik,2.0534298272575,1,0,0,0.51572033646035,0.023111379596837,0.14713864022183,0.29720121974227,0.52658133214136,0.45873431996406,0.3684967432254
alle_lehrkraefte,289,2025-09-02,3,1,1,4.0202243037138,kognition,2.0547114305757,1,0,0,0.51109245764048,0.032870016624614,0.15348776998845,0.35931223423551,0.44420521406901,0.50173089465934,0.36875892782791
alle_lehrkraefte,290,2025-09-02,3,1,1,4.6361765459891,kognition,2.6228056368715,1,0,0,0.56572478498315,0.048988682338982,0.17044432813436,0.3147111289115,0.48920271513479,0.42441388016159,0.36056963398192
alle_lehrkraefte,291,2025-09-02,3,1,1,0.99141868047763,kognition,0.811,1,1,0,0.81801143740294,0.0,0.17853023972912,0.0,0.48515844807745,0.25216135554961,0.0
alle_lehrkraefte,292,2025-09-02,3,1,1,2.9587323352089,motivation,1.8151486855143,1,0,0,0.20418107569392,0.27982740008289,0.36160357600822,0.61348656958536,0.19574299446748,0.33674943419556,0.47027814781919
alle_lehrkraefte,293,2025-09-02,3,1,1,2.5553402422033,performanz,1.5570911828289,1,0,0,0.44652012702407,0.031112132778026,0.17952669910686,0.37349850335762,0.31353891804787,0.60934550462497,0.39787487959923
alle_lehrkraefte,284,2025-09-09,3,1,1,3.9028243912711,kognition,2.1928329711058,1,1,0,0.56185652560873,0.035514064351567,0.10716096158394,0.3336892807476,0.43935402011948,0.47241530936597,0.37948739649417
alle_lehrkraefte,285,2025-09-09,3,1,1,2.7008782028216,kognition,1.8124059963247,1,0,0,0.67104073187158,0.0,0.13221920340388,0.18986342323182,0.46057081054162,0.46390437256253,0.26236264134944
alle_lehrkraefte,286,2025-09-09,3,1,1,4.6452590913521,kognition,2.4036580249543,1,1,0,0.51744214978398,0.058805209392942,0.10773919193437,0.37190440664099,0.39890677270429,0.45305062017137,0.46312974922747
alle_lehrkraefte,287,2025-09-09,3,1,1,3.4507597507663,performanz,1.7576385021604,1,0,0,0.44464530526223,0.098341955792704,0.27435660761333,0.36291912005201,0.37409352724782,0.50934679190639,0.43156883465415
alle_lehrkraefte,288,2025-09-09,3,1,1,2.1705909655679,regulation,1.0748847029185,1,1,0,0.41016065224904,0.049968981073429,0.032170610827381,0.39633397743253,0.46323979442207,0.45970750767414,0.49520143037311
alle_lehrkraefte,279,2025-09-16,3,1,1,4.7272578340427,performanz,2.1834193470863,1,1,0,0.40939526234525,0.19494675496675,0.26216929806182,0.43140491422681,0.38087108066135,0.46187764766845,0.42561763210998
alle_lehrkraefte,280,2025-09-16,3,1,1,3.1813676431278,performanz,1.4780206620485,1,0,0,0.43697363840821,0.31432923474525,0.046982968609961,0.43014855236104,0.39172434957001,0.46458510363938,0.39207451324792
alle_lehrkraefte,281,2025-09-16,3,1,1,3.9084723722527,kognition,1.9788076577981,1,2,0,0.50628542470759,0.047586876996102,0.076347252476498,0.38277239334217,0.41463234038027,0.45983069878252,0.45353895477639
alle_lehrkraefte,282,2025-09-16,3,1,1,4.2157345291432,regulation,1.9791706721549,1,0,0,0.37487060772453,0.2035061245517,0.30634878400679,0.42635033914532,0.34151654325095,0.45320148723103,0.46947120691802
alle_lehrkraefte,283,2025-09-16,3,1,1,2.9577030053811,kognition,1.6888048282246,1,0,0,0.57098333244371,0.12918868316988,0.18093008063565,0.24439236341089,0.45122094503958,0.30452175143757,0.51815479977421
alle_lehrkraefte,275,2025-09-23,3,1,1,4.7272578340427,performanz,2.1834193470863,1,1,0,0.40939526234525,0.19494675496675,0.26216929806182,0.43140491422681,0.38087108066135,0.46187764766845,0.42561763210998
alle_lehrkraefte,276,2025-09-23,3,1,1,2.1129969924978,performanz,-1.8674785612985,-1,0,0,-0.23666123224212,0.09973348232948,-0.23115913641968,-0.28495457071789,-0.12530584779423,-0.88380141094134,0.050941979720327
alle_lehrkraefte,277,2025-09-23,3,1,1,2.8302921275034,kognition,1.8029567262567,1,0,0,0.63701917499778,0.024644046485899,0.13359004791805,0.25665014126029,0.49405099557782,0.4301991766448,0.28411065020172
alle_lehrkraefte,278,2025-09-23,3,1,1,4.9946265310618,regulation,2.313833831872,1,1,0,0.41890779460302,0.17740135474721,0.18447467974737,0.43405868844984,0.40459236989813,0.43851444065215,0.46326370647438
alle_lehrkraefte,273,2025-09-30,3,1,1,2.1705909655679,regulation,1.0748847029185,1,1,0,0.41016065224904,0.049968981073429,0.032170610827381,0.39633397743253,0.46323979442207,0.45970750767414,0.49520143037311
alle_lehrkraefte,274,2025-09-30,3,1,1,4.105530115666,regulation,1.9603476546835,1,0,0,0.40874243667907,0.052973024371062,0.031854050439072,0.42453459808445,0.46443239119492,0.45296988137695,0.47748836924115
alle_lehrkraefte,268,2025-10-07,3,1,1,3.1988921097457,kognition,1.919667488646,1,0,0,0.60010197961283,0.028359326892356,0.086449473354213,0.30337364378423,0.40429765756495,0.44207952411901,0.42504956153813
alle_lehrkraefte,269,2025-10-07,3,1,1,2.3428052989296,methodik,1.3071304723696,1,0,0,0.51447576205092,0.042683689169047,0.09160513239389,0.31116409404235,0.55793150786012,0.39453333050523,0.40165351508073
alle_lehrkraefte,270,2025-10-07,3,1,1,4.4336617364237,kognition,2.1820491743331,1,0,0,0.49215397621954,0.1998670220788,0.11445072171214,0.39248883283008,0.46126862894737,0.42771883525212,0.39366803854352
alle_lehrkraefte,271,2025-10-07,3,1,1,3.050519966414,kognition,1.8346238946577,1,0,0,0.60141153008057,0.25796034376092,0.36992244687776,0.36833268059845,0.37038652482427,0.38425337642634,0.12002358492601
alle_lehrkraefte,272,2025-10-07,3,1,1,3.4721038792412,performanz,1.8125938090566,1,0,0,0.39217224110269,0.21769801896299,0.29717024810151,0.46920701499411,0.33079089078195,0.52204330620997,0.32921959148461
alle_lehrkraefte,263,2025-10-21,3,1,1,4.625382459712,regulation,2.277567118539,1,1,0,0.41206440660338,0.076103306416224,0.056677556557064,0.41773809565796,0.4613570321833,0.43746573804472,0.49240516094084
alle_lehrkraefte,264,2025-10-21,3,1,1,3.1172442691244,kognition,2.1688746734496,1,0,0,0.69576444081953,0.0,0.16369007378504,0.15193693723741,0.48658802563816,0.43032265210642,0.20995395265513
alle_lehrkraefte,265,2025-10-21,3,1,1,3.5717878102127,kognition,1.8941985677148,1,0,0,0.5303207707611,0.0025796929428273,0.21368847062502,0.26998418773395,0.48896612273076,0.52657343227264,0.289527119649
alle_lehrkraefte,266,2025-10-21,3,1,1,2.6261746889041,motivation,1.2623925324906,1,0,0,0.41358193012077,0.4120300862581,0.035560809429602,0.48069449868637,0.29942201539725,0.42667263452277,0.39387653764832
alle_lehrkraefte,267,2025-10-21,3,1,1,3.6856067041269,kognition,2.1107934644134,1,1,0,0.5727110640805,0.23541902145029,0.25560735813441,0.39136333009483,0.38505679553671,0.38612816516834,0.31734905313491
alle_lehrkraefte,258,2025-10-28,3,1,1,4.9394420737157,kognition,2.4326861730502,1,0,0,0.49250122012423,0.065627662434388,0.11087900069211,0.40607281181281,0.40499815995921,0.44606679359696,0.46145761870759
alle_lehrkraefte,259,2025-10-28,3,1,1,3.9956993418333,kognition,2.4784503914436,1,0,0,0.62027794802174,0.017456248999166,0.13276811815846,0.24254013544875,0.49304966323876,0.45222844057314,0.30146959684203
alle_lehrkraefte,260,2025-10-28,3,1,1,3.050519966414,kognition,1.8346238946577,1,0,0,0.60141153008057,0.25796034376092,0.36992244687776,0.36833268059845,0.37038652482427,0.38425337642634,0.12002358492601
alle_lehrkraefte,261,2025-10-28,3,1,1,0.47720959755646,motivation,0.292,1,0,0,0.42538068645846,0.16763770894915,0.25145656342372,0.61187763766439,0.0,0.52386784046609,0.28079316248982
alle_lehrkraefte,262,2025-10-28,3,1,1,1.6538928464461,regulation,1.0959483968476,1,0,0,0.23508177141809,0.28196494490937,0.27712264868538,0.4160507871843,0.21827158758189,0.35858859808376,0.66264375758378
alle_lehrkraefte,254,2025-11-04,3,1,1,4.6221765003632,regulation,2.2831943720438,1,1,0,0.42028364349602,0.07674949586674,0.058605948586205,0.41798896030911,0.44907287797465,0.44005726793527,0.4939641383714
alle_lehrkraefte,255,2025-11-04,3,1,1,3.2645506643148,kognition,1.752927244018,1,0,0,0.53695655381115,0.12160901291853,0.19430850592622,0.27023992750622,0.42310320660401,0.44252841115942,0.45961902581514
alle_lehrkraefte,256,2025-11-04,3,1,1,4.2418067613595,motivation,2.0519663720169,1,1,0,0.35687517920945,0.29880068688514,0.34641805694199,0.4837470563814,0.35222911961893,0.45040191257754,0.32001503204027
alle_lehrkraefte,257,2025-11-04,3,1,1,4.1845300685627,regulation,2.3378029514569,1,0,0,0.38787318485344,0.19216826862418,0.17250246888137,0.41054464039032,0.35562121575469,0.41920331406745,0.55867620172171
alle_lehrkraefte,1363,2025-11-11,3,1,1,3.2645506643148,kognition,1.752927244018,1,0,0,0.53695655381115,0.12160901291853,0.19430850592622,0.27023992750622,0.42310320660401,0.44252841115942,0.45961902581514
alle_lehrkraefte,1364,2025-11-11,3,1,1,1.5890209998845,motivation,0.85188551646247,1,0,0,0.33406255970934,0.45645506608696,0.46047891028742,0.53610377426518,0.18684581263477,0.36274856741847,0.11871153327529
alle_lehrkraefte,1365,2025-11-11,3,1,1,1.6538928464461,regulation,1.0959483968476,1,0,0,0.23508177141809,0.28196494490937,0.27712264868538,0.4160507871843,0.21827158758189,0.35858859808376,0.66264375758378
alle_lehrkraefte,1366,2025-11-11,3,1,1,4.8061660753965,regulation,2.3556487699433,1,0,0,0.41195645886382,0.11739574529303,0.15525898219208,0.4125302752567,0.39087145664052,0.47876083040477,0.49012951939113
alle_lehrkraefte,1359,2025-11-18,3,1,1,4.5039203437359,performanz,2.1625397852702,1,0,0,0.43533203634603,0.17064144437225,0.24094742665989,0.42185314901355,0.37315321830169,0.48014503338796,0.41900448192064
alle_lehrkraefte,1360,2025-11-18,3,1,1,4.2213360198657,kognition,2.0091885173157,1,1,0,0.47595921013356,0.044183633659317,0.17610920172818,0.44111260639987,0.35438699787956,0.44543989511757,0.47106716304508
alle_lehrkraefte,1361,2025-11-18,3,1,1,3.788560861412,regulation,2.0503520248393,1,0,0,0.42305072816494,0.13650512716474,0.12174394568873,0.41804397309032,0.35861843602135,0.43738840144154,0.5411940543921
alle_lehrkraefte,1362,2025-11-18,3,1,1,2.9900649591247,kognition,1.7353345284312,1,0,0,0.58036489123308,0.10643085034257,0.28652846723075,0.23051807041907,0.42718416964422,0.47692739623724,0.32658716896938
alle_lehrkraefte,1355,2025-11-25,3,1,1,2.0383290573272,performanz,1.0546278376074,1,0,0,0.42436159039773,0.070587328205849,0.083951372778933,0.46633964595264,0.35371936646566,0.5173956873447,0.44450947338743
alle_lehrkraefte,1356,2025-11-25,3,1,1,3.9082087439743,kognition,2.1969604991137,1,1,0,0.56213857080057,0.033812121852611,0.13194589398309,0.32139828186305,0.47968884541538,0.45640853074794,0.35176006075289
alle_lehrkraefte,1357,2025-11-25,3,1,1,3.8951583485864,motivation,2.2556815328026,1,2,0,0.2391371841856,0.33938906522206,0.43956258028038,0.57909731517026,0.20940395236406,0.37115745117724,0.34270468881762
alle_lehrkraefte,1358,2025-11-25,3,1,1,2.6745080662689,kognition,1.7197401550854,1,0,0,0.64300936186405,0.0086656749691408,0.11409784127781,0.22665812140119,0.51583615204378,0.42030259628855,0.28164331889844
alle_lehrkraefte,1350,2025-12-02,3,1,1,3.2342344427424,kognition,1.9138365334644,1,2,0,0.59174146152093,0.038405650800278,0.099214849723068,0.31748586916428,0.39987967905516,0.44424680314885,0.42480704035474
alle_lehrkraefte,1351,2025-12-02,3,1,1,2.4366088452089,performanz,-1.4552652158942,-1,0,0,-0.21141108626145,-0.15707180025819,-0.29598138611071,-0.37273403427469,-0.25021502605258,-0.59724778816174,-0.53364545639735
alle_lehrkraefte,1352,2025-12-02,3,1,1,3.6468173346965,methodik,1.9207781227253,1,2,0,0.35031339553152,0.064452005358857,0.039006272713196,0.40867614313034,0.52669840012734,0.41797943641156,0.50245923861579
alle_lehrkraefte,1353,2025-12-02,3,1,1,2.2750429610691,kognition,1.476804441708,1,2,0,0.6491296980682,0.023747304322574,0.1296647252377,0.24731121215937,0.49460779137771,0.42484572162162,0.27377249411881
alle_lehrkraefte,1354,2025-12-02,3,1,1,4.5347833117075,performanz,2.3014253844218,1,0,0,0.41476969392919,0.051856732935361,0.10098465693496,0.42176385072412,0.42040859468173,0.50750392051611,0.45042902589896
alle_lehrkraefte,1346,2025-12-09,3,1,1,1.5980456774963,performanz,1.2891289111005,1,0,0,0.24995753215279,0.0,0.21901614876669,0.35735959063486,0.22234597739977,0.80668585535155,0.24830417560185
alle_lehrkraefte,1347,2025-12-09,3,1,1,3.0045876008173,kognition,1.6662193362077,1,1,1,0.55455656882455,0.13213083838315,0.2111204192588,0.25222496970111,0.43296993128715,0.41757439605066,0.45274848720097
alle_lehrkraefte,1348,2025-12-09,3,1,1,3.4333342274091,methodik,1.6923157810732,1,1,0,0.45560273520211,0.048083977176934,0.071709281313335,0.3792497481292,0.49290594504422,0.4472213857957,0.44516561249039
alle_lehrkraefte,1349,2025-12-09,3,1,1,3.8832180547468,kognition,1.8702221947077,1,2,0,0.4816153386669,0.25004110096737,0.12597543181763,0.39902106190031,0.41894612832276,0.48031524461567,0.35244113427872
alle_lehrkraefte,1341,2026-01-06,3,1,19,3.2342344427424,kognition,1.9138365334644,1,1,0,0.59174146152093,0.038405650800278,0.099214849723068,0.31748586916428,0.39987967905516,0.44424680314885,0.42480704035474
alle_lehrkraefte,1342,2026-01-06,3,1,19,4.8610905793176,methodik,2.3478293915917,1,1,0,0.47994405849977,0.055198548943196,0.10402802334362,0.36838272977433,0.48298309267266,0.43924951826585,0.44029789265196
alle_lehrkraefte,1343,2026-01-06,3,1,19,1.9518307068104,kognition,1.1102486082864,1,0,0,0.56882132051685,0.32907483161997,0.24524610837736,0.4529016046312,0.34467320129384,0.23152682345413,0.36120909593686
alle_lehrkraefte,1344,2026-01-06,3,1,19,3.3071324215857,performanz,2.0419955009538,1,1,0,0.45520654008634,0.018738803433432,0.21117659791171,0.3576062310987,0.37479611705478,0.61745012480432,0.31342504302348
alle_lehrkraefte,1345,2026-01-06,3,1,19,3.5459767256588,kognition,2.0635169573234,1,1,0,0.5819302543892,0.025556217949941,0.16336965941252,0.27651007972838,0.44722713027514,0.40033995329892,0.44414723291951
alle_lehrkraefte,1336,2026-01-13,3,1,19,3.9028243912711,kognition,2.1928329711058,1,1,0,0.56185652560873,0.035514064351567,0.10716096158394,0.3336892807476,0.43935402011948,0.47241530936597,0.37948739649417
alle_lehrkraefte,1337,2026-01-13,3,1,19,4.1753366045791,kognition,2.0025209823477,1,0,0,0.47960592784119,0.20384347683099,0.27356109825585,0.38796629419017,0.38566077691678,0.43325305356153,0.40819754744271
alle_lehrkraefte,1338,2026-01-13,3,1,19,3.7945306446695,regulation,1.7816850647611,1,1,0,0.383394548246,0.288480981131,-0.019772135789809,0.45100262381218,0.4258566687896,0.40517518881483,0.46953906456739
alle_lehrkraefte,1339,2026-01-13,3,1,19,2.8888755659315,sozial,1.5587443540156,1,1,0,0.37831587943523,0.53956597395126,0.029926290388881,0.46983040777715,0.25197936507438,0.39635197416013,0.35144565621995
alle_lehrkraefte,1340,2026-01-13,3,1,19,4.6528861597638,performanz,2.3369126707959,1,0,0,0.45163227136925,0.21250462012127,0.1734894590181,0.40952500747516,0.40519201492762,0.50224904888369,0.3696238348482
alle_lehrkraefte,1332,2026-01-27,3,1,19,4.2434364120772,kognition,2.1266007185707,1,0,0,0.50114942244074,0.11396715072385,0.17824852421908,0.34183623305069,0.44985360536929,0.43478865646368,0.44251784498799
alle_lehrkraefte,1333,2026-01-27,3,1,19,3.4522478891995,kognition,1.8706043338075,1,1,1,0.54184953553435,0.028966549779741,0.10377305345183,0.30141773302564,0.50406736303315,0.44719022762149,0.38713011245978
alle_lehrkraefte,1334,2026-01-27,3,1,19,3.445161991689,regulation,1.6593102589405,1,0,0,0.35697457681494,0.30867452774446,-0.051124322883014,0.44905706607895,0.45666641004076,0.36400878395462,0.48163350420338
alle_lehrkraefte,1335,2026-01-27,3,1,19,2.8674352088813,performanz,1.6859498552702,1,0,0,0.41373391072764,0.1011662724033,0.30642597316211,0.28072842674595,0.37441986092981,0.5879623610761,0.39998420555291
alle_lehrkraefte,3104,2025-08-22,4,7,1,3.8014751741185,kognition,2.1982887533958,1,1,1,0.57827103163846,0.032586441728781,0.11160103015591,0.31828824440691,0.455066960453,0.4635561282402,0.35889142885283
alle_lehrkraefte,3105,2025-08-22,4,7,1,4.1990309356057,kognition,2.200270088071,1,0,0,0.52399348370573,0.021963229774419,0.18362881266575,0.31281566223708,0.46688529305889,0.50392461571568,0.34849477471601
alle_lehrkraefte,3106,2025-08-22,4,7,1,4.2213360198657,kognition,2.0091885173157,1,1,0,0.47595921013356,0.044183633659317,0.17610920172818,0.44111260639987,0.35438699787956,0.44543989511757,0.47106716304508
alle_lehrkraefte,3107,2025-08-22,4,7,1,4.4336617364237,kognition,2.1820491743331,1,0,0,0.49215397621954,0.1998670220788,0.11445072171214,0.39248883283008,0.46126862894737,0.42771883525212,0.39366803854352
alle_lehrkraefte,3108,2025-08-22,4,7,1,2.5548891531968,kognition,1.65799276022,1,1,0,0.64894645964613,0.0,0.26242424293343,0.17143533804532,0.43067955000217,0.53294810871909,0.10528791309176
alle_lehrkraefte,729,2025-09-01,4,0,22,3.5846603474751,regulation,1.7810357015046,1,0,0,0.44499407838611,0.049847783190915,0.036900952175072,0.39802316963037,0.42437609028194,0.46125148062342,0.49684783504823
alle_lehrkraefte,730,2025-09-01,4,0,22,4.0951626757308,kognition,2.2430348647762,1,0,0,0.54772656549237,0.21051701906597,0.32274620042444,0.31662659543677,0.45281566211448,0.36797482837009,0.33287880879993
alle_lehrkraefte,731,2025-09-01,4,0,22,3.5717878102127,kognition,1.8941985677148,1,0,0,0.5303207707611,0.0025796929428273,0.21368847062502,0.26998418773395,0.48896612273076,0.52657343227264,0.289527119649
alle_lehrkraefte,732,2025-09-01,4,0,22,2.9587323352089,motivation,1.8151486855143,1,0,0,0.20418107569392,0.27982740008289,0.36160357600822,0.61348656958536,0.19574299446748,0.33674943419556,0.47027814781919
alle_lehrkraefte,733,2025-09-01,4,0,22,3.3659078131316,kognition,1.8644313920995,1,0,0,0.55391471081846,0.027419524844313,0.15221827542323,0.29709727428258,0.43315863907753,0.40624546152473,0.47783024759156
alle_lehrkraefte,724,2025-09-02,4,0,1,3.211982786319,kognition,1.7309928114047,1,2,1,0.53891553517106,0.035976939506018,0.095600382905333,0.34663014681735,0.46494090479967,0.46730541134064,0.38004367486155
alle_lehrkraefte,725,2025-09-02,4,0,1,2.2824880971967,motivation,1.2801121571725,1,0,0,0.18999154155255,0.33325634858939,0.30542652944911,0.56083821438656,0.18777796587472,0.51301237346844,0.38284139084722
alle_lehrkraefte,726,2025-09-02,4,0,1,0.77591450022383,regulation,0.47888898712129,1,1,0,-0.045064875860352,0.036913149846499,-0.11263625383988,0.53921073390568,0.19704523588595,0.52287806556497,0.61718503151163
alle_lehrkraefte,727,2025-09-02,4,0,1,4.1758633815523,performanz,2.1296617818885,1,1,0,0.43867325516652,0.04495104170913,0.097467221646455,0.41063104598145,0.38849258744244,0.50999194355286,0.46519286477064
alle_lehrkraefte,728,2025-09-02,4,0,1,4.094843055123,motivation,1.9323937282884,1,2,0,0.3779217885154,0.27275714624174,0.33240350281161,0.47190795427221,0.3699431106647,0.45875909404899,0.31979174360427
alle_lehrkraefte,718,2025-09-16,4,0,19,2.3852489463375,motivation,1.2951057303566,1,1,1,0.40565905338819,0.24468740597332,0.41380304731485,0.54296231960275,0.27823500908808,0.41439758935696,0.2457219894991
alle_lehrkraefte,719,2025-09-16,4,0,19,4.1990309356057,kognition,2.200270088071,1,0,0,0.52399348370573,0.021963229774419,0.18362881266575,0.31281566223708,0.46688529305889,0.50392461571568,0.34849477471601
alle_lehrkraefte,720,2025-09-16,4,0,19,2.3428052989296,methodik,1.3071304723696,1,2,0,0.51447576205092,0.042683689169047,0.09160513239389,0.31116409404235,0.55793150786012,0.39453333050523,0.40165351508073
alle_lehrkraefte,721,2025-09-16,4,0,19,4.8061660753965,regulation,2.3556487699433,1,0,0,0.41195645886382,0.11739574529303,0.15525898219208,0.4125302752567,0.39087145664052,0.47876083040477,0.49012951939113
alle_lehrkraefte,722,2025-09-16,4,0,19,4.4336617364237,kognition,2.1820491743331,1,0,0,0.49215397621954,0.1998670220788,0.11445072171214,0.39248883283008,0.46126862894737,0.42771883525212,0.39366803854352
alle_lehrkraefte,723,2025-09-16,4,0,19,1.5862698887642,kognition,1.2976,1,1,0,0.81801453147773,0.0,0.17853091500809,0.0,0.48516028315757,0.25216230933346,0.0
alle_lehrkraefte,713,2025-09-19,4,7,1,2.1809474554644,kognition,1.7306935738346,1,1,0,0.79354760887167,0.002155011634737,0.15295302379187,0.065526769518853,0.44950066520236,0.35952874324606,0.10615190939157
alle_lehrkraefte,714,2025-09-19,4,7,1,3.8761674124937,kognition,2.2121390502788,1,0,0,0.57070118698608,0.025560535840583,0.13032942806574,0.27745936801483,0.50759136562589,0.44230701292828,0.3555104859237
alle_lehrkraefte,715,2025-09-19,4,7,1,3.6260073978392,regulation,-1.9141838968253,-1,1,0,-0.30431796510552,-0.25579084870684,-0.28715111922245,-0.46187682296947,-0.36033545666754,-0.37100859071744,-0.52790256824637
alle_lehrkraefte,716,2025-09-19,4,7,1,3.2610617527124,performanz,1.5410807252831,1,1,0,0.46727819350693,0.10274601857145,0.26333744255978,0.35239019234587,0.39118686035569,0.47256878785366,0.44856921128522
alle_lehrkraefte,717,2025-09-19,4,7,1,1.3715914893112,kognition,-1.050345466992,-1,1,0,-0.76578034886759,0.059010593460357,-0.16770962537551,0.19085118667002,-0.22828639255172,-0.1109348857062,0.53019968494724
alle_lehrkraefte,708,2025-09-24,4,3,1,2.2281129454848,kognition,1.2955716240704,1,2,0,0.58146325663753,0.041658990190015,0.10229094099513,0.35561127941091,0.4362476415685,0.45813260815111,0.35076448436558
alle_lehrkraefte,709,2025-09-24,4,3,1,3.2578547618,kognition,1.8346726067272,1,0,0,0.56315186199242,0.031352009134577,0.21853304168741,0.26739485678908,0.44746296860024,0.50787483501136,0.32319380690867
alle_lehrkraefte,710,2025-09-24,4,3,1,2.2668578884517,performanz,1.248509775387,1,2,0,0.52534354849009,0.023289622519174,0.15838434514459,0.33262090686677,0.42443862641764,0.55076424248072,0.32287963694482
alle_lehrkraefte,711,2025-09-24,4,3,1,1.5052760208431,kognition,0.88114242044713,1,2,0,0.58536544433833,0.03587358100207,0.1082012486437,0.26151840550509,0.56386977692464,0.37953235863709,0.33757039722948
alle_lehrkraefte,712,2025-09-24,4,3,1,3.5054604059233,regulation,1.6521674795534,1,2,0,0.41704868780184,0.057308012801041,0.04481777131057,0.43363810755397,0.44022910936058,0.4656113369475,0.47131120455665
alle_lehrkraefte,703,2025-09-26,4,7,1,3.2342344427424,kognition,1.9138365334644,1,2,0,0.59174146152093,0.038405650800278,0.099214849723068,0.31748586916428,0.39987967905516,0.44424680314885,0.42480704035474
alle_lehrkraefte,704,2025-09-26,4,7,1,4.1990309356057,kognition,2.200270088071,1,0,0,0.52399348370573,0.021963229774419,0.18362881266575,0.31281566223708,0.46688529305889,0.50392461571568,0.34849477471601
alle_lehrkraefte,705,2025-09-26,4,7,1,2.9527644831699,kognition,1.5861124005689,1,3,1,0.53716002004533,0.052664511835536,0.078596872669297,0.35992936984812,0.36955557253962,0.45132569443746,0.48237533669497
alle_lehrkraefte,706,2025-09-26,4,7,1,3.6468173346965,methodik,1.9207781227253,1,2,0,0.35031339553152,0.064452005358857,0.039006272713196,0.40867614313034,0.52669840012734,0.41797943641156,0.50245923861579
alle_lehrkraefte,707,2025-09-26,4,7,1,4.4022111192169,regulation,2.1995823178481,1,0,0,0.38015269720671,0.19096170639702,0.20959935680266,0.44100657534342,0.40273763842269,0.41078430713137,0.49965284756969
alle_lehrkraefte,700,2025-10-23,4,0,1,3.1105149252108,kognition,1.6517086769815,1,0,0,0.53100641103836,0.037516048702287,0.13871477916169,0.36888022758025,0.4065452396975,0.52667608483763,0.34443746200904
alle_lehrkraefte,701,2025-10-23,4,0,1,0.87330889831434,kognition,0.4788,1,2,0,0.54825333669542,0.048092397955738,0.072138596933607,0.35107450507689,0.36129413964248,0.4502650758606,0.48513206437851
alle_lehrkraefte,702,2025-10-23,4,0,1,2.2195795672921,regulation,1.1071349014458,1,2,0,0.40347494087039,0.22505599482653,0.25839719873117,0.41135780614535,0.40386812537331,0.3723598683429,0.49880163331123
alle_lehrkraefte,695,2025-10-24,4,7,1,4.4145152628884,performanz,2.0870902816588,1,1,0,0.43968804871547,0.17418202291411,0.23306809459268,0.42217648532543,0.37570820245601,0.47277796758904,0.42320341528376
alle_lehrkraefte,696,2025-10-24,4,7,1,4.4247995695105,kognition,2.7431027601632,1,0,0,0.61993690735636,0.028768242753371,0.20958625007286,0.24606156155614,0.50280793819869,0.42502155926261,0.27733420685918
alle_lehrkraefte,697,2025-10-24,4,7,1,0.47720959755646,motivation,0.292,1,0,0,0.42538068645846,0.16763770894915,0.25145656342372,0.61187763766439,0.0,0.52386784046609,0.28079316248982
alle_lehrkraefte,698,2025-10-24,4,7,1,2.3654242772316,motivation,1.1646065491769,1,4,1,0.32899178951382,0.42911044764118,0.0065736010195556,0.49234365139069,0.36822892694217,0.37707320345214,0.432894842167
alle_lehrkraefte,699,2025-10-24,4,7,1,4.6528861597638,performanz,2.3369126707959,1,0,0,0.45163227136925,0.21250462012127,0.1734894590181,0.40952500747516,0.40519201492762,0.50224904888369,0.3696238348482
alle_lehrkraefte,690,2025-10-27,4,0,1,2.8935343055325,performanz,1.4253665391979,1,0,0,0.39737641086683,0.047325988210371,0.030414216433146,0.39703066566278,0.45471727313677,0.49260228587913,0.48152065627541
alle_lehrkraefte,691,2025-10-27,4,0,1,2.9207356266883,kognition,2.1149148429999,1,1,1,0.72410100478276,0.0,0.17470319108147,0.116754695985,0.4966933615981,0.39847706619926,0.16133739667791
alle_lehrkraefte,692,2025-10-27,4,0,1,3.0088267944093,performanz,1.7349960417186,1,0,0,0.49568317504876,0.021792505626107,0.18265534692838,0.34599423350428,0.40517032831338,0.57663348339209,0.32260265823754
alle_lehrkraefte,693,2025-10-27,4,0,1,4.1826548987587,regulation,2.0107729389583,1,2,0,0.42262531457781,0.16192150458247,0.16866783506966,0.43524035966832,0.39405455354042,0.43691172839776,0.48073966899788
alle_lehrkraefte,694,2025-10-27,4,0,1,3.0240571504654,regulation,1.4279047558095,1,2,0,0.33940662801459,0.35165369924952,-0.028935370103071,0.47015906248171,0.44061701743393,0.34950231383445,0.47218024096779
alle_lehrkraefte,685,2025-11-05,4,3,1,4.4145152628884,performanz,2.0870902816588,1,1,0,0.43968804871547,0.17418202291411,0.23306809459268,0.42217648532543,0.37570820245601,0.47277796758904,0.42320341528376
alle_lehrkraefte,686,2025-11-05,4,3,1,2.5582570097871,kognition,1.7594039781414,1,0,0,0.68773273915917,-0.020289100415568,0.11334436936152,0.13487771053507,0.48433041977542,0.44738733935134,0.24664526007838
alle_lehrkraefte,687,2025-11-05,4,3,1,3.8471321766507,motivation,1.8221612265061,1,0,0,0.44931392700607,0.17701400363727,0.32602070668933,0.47364020949505,0.33648039015515,0.45262291343093,0.34360840341141
alle_lehrkraefte,688,2025-11-05,4,3,1,2.8004605290594,motivation,1.4861242811003,1,2,0,0.33885096620996,0.43279391923535,0.46306299029247,0.53066949488643,0.20751475179177,0.36667804651612,0.15591567187912
alle_lehrkraefte,689,2025-11-05,4,3,1,1.2552525715904,kognition,0.93033640217641,1,2,0,0.74114884266617,-0.11966765199692,-0.027913566952979,0.20778690514458,0.37491300437891,0.48696766266451,0.12128595433586
alle_lehrkraefte,1178,2025-11-14,4,7,1,3.0906410220045,performanz,1.5072340371522,1,2,1,0.46922370585666,0.077011763893507,0.23510808419298,0.4219273012279,0.34983980019771,0.48767525884388,0.42470969885431
alle_lehrkraefte,1179,2025-11-14,4,7,1,4.4107099279058,kognition,2.189211103481,1,0,0,0.49633872457652,0.020069114607285,0.21068322682328,0.37723372686767,0.44311697942076,0.47270261859914,0.38307628077188
alle_lehrkraefte,1180,2025-11-14,4,7,1,3.9084723722527,kognition,1.9788076577981,1,2,0,0.50628542470759,0.047586876996102,0.076347252476498,0.38277239334217,0.41463234038027,0.45983069878252,0.45353895477639
alle_lehrkraefte,1181,2025-11-14,4,7,1,2.420951563667,kognition,1.0626342027733,1,2,0,0.43893063761153,0.32838191730555,0.41683594525902,0.41305901547868,0.35964417566963,0.33862726222753,0.3333386254913
alle_lehrkraefte,1182,2025-11-14,4,7,1,3.276288313951,performanz,1.7212648120425,1,2,0,0.46878708785693,0.035244448496262,0.11504846158701,0.38690581511958,0.42418921959293,0.5253687689894,0.40013659534304
alle_lehrkraefte,1173,2025-11-27,4,0,1,2.2281129454848,kognition,1.2955716240704,1,2,0,0.58146325663753,0.041658990190015,0.10229094099513,0.35561127941091,0.4362476415685,0.45813260815111,0.35076448436558
alle_lehrkraefte,1174,2025-11-27,4,0,1,3.2172632644708,kognition,2.1025459180996,1,1,0,0.65351797788474,0.064118090148825,0.27470688863022,0.17142366912515,0.46545062801605,0.44733694277058,0.21723795749682
alle_lehrkraefte,1175,2025-11-27,4,0,1,3.6334044341863,kognition,1.884870137549,1,2,0,0.51876001807405,0.15340174444684,0.095149177439808,0.36402297008985,0.483195435891,0.42961310411021,0.38436845185597
alle_lehrkraefte,1176,2025-11-27,4,0,1,3.6862887062023,kognition,2.0200886874742,1,2,0,0.54799918521941,0.049647831311821,0.095812291045437,0.35117805480328,0.39097030893601,0.45115770102989,0.45642029468141
alle_lehrkraefte,1177,2025-11-27,4,0,1,1.113032525307,kognition,0.6297819547903,1,2,0,0.56582020944489,0.05660161096057,0.095206734803645,0.27546117334144,0.48657904900639,0.36392488190348,0.47168009133809
alle_lehrkraefte,1168,2025-11-28,4,7,1,3.586103254132,kognition,1.7348832013882,1,1,0,0.48377814041128,0.21624124958158,0.25466237068262,0.40759703466828,0.38794169160328,0.41830305549323,0.40339606808647
alle_lehrkraefte,1169,2025-11-28,4,7,1,4.1616133039273,kognition,2.011929137674,1,0,0,0.48344816210909,0.20080164681871,0.27099058310345,0.38581826094179,0.38712272450863,0.43259694091758,0.4082352552731
alle_lehrkraefte,1170,2025-11-28,4,7,1,2.833504268978,kognition,1.5532170520458,1,1,0,0.54815924841132,0.13802849658802,0.17587266318748,0.25622307486221,0.44259893374098,0.29678800696146,0.54763502369475
alle_lehrkraefte,1171,2025-11-28,4,7,1,2.4979615897285,motivation,1.1890380162526,1,2,1,0.45322088579292,0.032025984734557,0.19487017010741,0.47600141696641,0.32757299551839,0.44325513016022,0.47458007600903
alle_lehrkraefte,1172,2025-11-28,4,7,1,2.0091694640146,performanz,1.2237990943502,1,2,0,0.58257258093352,0.0,0.27216333819738,0.21799944098812,0.38738827773994,0.6091039234021,0.13388550142878
alle_lehrkraefte,1164,2025-12-18,4,0,23,3.5846603474751,regulation,1.7810357015046,1,0,0,0.44499407838611,0.049847783190915,0.036900952175072,0.39802316963037,0.42437609028194,0.46125148062342,0.49684783504823
alle_lehrkraefte,1165,2025-12-18,4,0,23,3.7903140793782,regulation,2.0584483248078,1,0,0,0.43782915236789,0.20100650117379,0.23487362217918,0.31187955950307,0.38918849396145,0.41116778334824,0.54307976882693
alle_lehrkraefte,1166,2025-12-18,4,0,23,3.700079851345,kognition,2.0024305811111,1,0,0,0.54118431215479,0.10689917292218,0.1428571442414,0.30829942435736,0.41805401778194,0.37494993575965,0.51465851494907
alle_lehrkraefte,1167,2025-12-18,4,0,23,2.5677818078907,motivation,1.2052751378734,1,2,1,0.35414748083857,0.38945317322984,-0.016509864641924,0.46938195463106,0.38464361882541,0.39297273842287,0.44713277366814
alle_lehrkraefte,439,2025-08-26,5,2,1,3.7834187822736,performanz,2.1524916087874,1,0,0,0.43529939562806,0.035551443866491,0.119184436252,0.4104201615304,0.35006848278279,0.56892616001453,0.42470070376623
alle_lehrkraefte,440,2025-08-26,5,2,1,4.04857516276,kognition,2.2375701027702,1,0,0,0.55267951958922,0.19636489490517,0.31562955398473,0.31897353826335,0.43567210529291,0.4119372974083,0.30840327964697
alle_lehrkraefte,441,2025-08-26,5,2,1,3.5655874874173,kognition,2.2009129520582,1,0,0,0.61726343476093,0.037799812012656,0.18382639127447,0.28178965695487,0.46623570321268,0.46595771324522,0.26431334205833
alle_lehrkraefte,442,2025-08-26,5,2,1,4.0164817262936,regulation,1.9126138920563,1,0,0,0.4588553814492,0.047909025290553,0.09026084042588,0.38084333672938,0.45894389366437,0.44336919087771,0.47619017351276
alle_lehrkraefte,434,2025-09-02,5,2,1,4.9394420737157,kognition,2.4326861730502,1,0,0,0.49250122012423,0.065627662434388,0.11087900069211,0.40607281181281,0.40499815995921,0.44606679359696,0.46145761870759
alle_lehrkraefte,435,2025-09-02,5,2,1,4.7509591241489,kognition,2.6141570382954,1,0,0,0.55023658752227,0.028850685378498,0.14019568932654,0.32455234762618,0.43486249286301,0.46220706888315,0.41069855875331
alle_lehrkraefte,436,2025-09-02,5,2,1,2.2244020276868,motivation,1.1140601570329,1,0,0,0.19364208074315,0.35739781573953,0.42969720372575,0.50083354305157,0.22503762744528,0.4494585996363,0.38292514080657
alle_lehrkraefte,437,2025-09-02,5,2,1,3.4475065704142,kognition,1.9983364398439,1,0,0,0.57964520228655,0.17656477495722,0.28633515641049,0.33452481948389,0.42245213690023,0.39236938764407,0.32636834629356
alle_lehrkraefte,438,2025-09-02,5,2,1,2.5315625227324,kognition,1.9179730577314,1,0,0,0.75762121784339,0.017681259848529,0.099494978821222,0.14000273146105,0.47547292371446,0.32817787034038,0.24982860468211
alle_lehrkraefte,429,2025-09-09,5,2,1,4.2776947265947,kognition,2.4410982889583,1,0,0,0.57065609830007,0.061680906507123,0.098417161158226,0.35536178558859,0.45537212052641,0.40162071683407,0.40732235788888
alle_lehrkraefte,430,2025-09-09,5,2,1,2.4862506965683,motivation,1.376852504409,1,0,0,0.25215758794377,0.31975729701126,0.30109151145213,0.55378444678366,0.18303761876473,0.51110202343942,0.37696474323594
alle_lehrkraefte,431,2025-09-09,5,2,1,2.4266476899275,performanz,-1.4208154801294,-1,0,0,-0.20928205410567,-0.16359950628713,-0.29551362807447,-0.37210261836463,-0.25185081429813,-0.58550305056493,-0.54534086931492
alle_lehrkraefte,432,2025-09-09,5,2,1,3.4361783473499,performanz,1.5197445884373,1,1,0,0.43378832819198,0.20960916717409,0.30486789593503,0.39671769700491,0.36048769182062,0.44227627673826,0.43817441385638
alle_lehrkraefte,433,2025-09-09,5,2,1,3.8704021062177,methodik,1.8245750082058,1,0,0,0.40318994894425,0.20550689788914,0.23592235832602,0.39283588990937,0.47141621050499,0.37683145523507,0.47009044645486
alle_lehrkraefte,426,2025-09-16,5,2,1,3.2645506643148,kognition,1.752927244018,1,0,0,0.53695655381115,0.12160901291853,0.19430850592622,0.27023992750622,0.42310320660401,0.44252841115942,0.45961902581514
alle_lehrkraefte,427,2025-09-16,5,2,1,3.6925617798486,motivation,1.7887542255783,1,0,0,0.37799176392,0.29900821245121,0.11519354329811,0.48441962193939,0.33975715054035,0.47906625432386,0.41813822966906
alle_lehrkraefte,428,2025-09-16,5,2,1,4.4226026497114,kognition,2.2741683893754,1,0,0,0.51421378481424,0.20190670340455,0.2771769151546,0.38230209960267,0.45121813753943,0.41512604872008,0.30968364954078
alle_lehrkraefte,421,2025-09-23,5,2,1,3.6813879930869,kognition,2.3310275582356,1,0,0,0.63319085918254,0.026149747064184,0.14669077169834,0.25844845876031,0.47775089783145,0.44131972317682,0.29505471879653
alle_lehrkraefte,422,2025-09-23,5,2,1,4.6361765459891,kognition,2.6228056368715,1,0,0,0.56572478498315,0.048988682338982,0.17044432813436,0.3147111289115,0.48920271513479,0.42441388016159,0.36056963398192
alle_lehrkraefte,423,2025-09-23,5,2,1,4.1100040351697,regulation,1.8368648761565,1,0,0,0.41981738804784,0.2174398262812,0.25997503083373,0.40458725813174,0.44247009024899,0.38687142347094,0.446924234428
alle_lehrkraefte,424,2025-09-23,5,2,1,4.1877424962358,methodik,2.0353585414423,1,0,0,0.39127593926563,0.06814420500992,0.046609447259146,0.42649716325555,0.48602646485718,0.43207738758716,0.48504625202663
alle_lehrkraefte,425,2025-09-23,5,2,1,3.8905038385904,kognition,1.9316956848234,1,1,0,0.49651428190865,0.053043559070364,0.10570725339821,0.35304187399171,0.46146449087851,0.44283837987998,0.45363742432729
alle_lehrkraefte,416,2025-09-30,5,2,1,4.2776947265947,kognition,2.4410982889583,1,0,0,0.57065609830007,0.061680906507123,0.098417161158226,0.35536178558859,0.45537212052641,0.40162071683407,0.40732235788888
alle_lehrkraefte,417,2025-09-30,5,2,1,4.7203348418297,kognition,2.5684402293092,1,0,0,0.54412131218651,0.034339382852549,0.145716218238,0.32815106372612,0.43803370736583,0.46050645028912,0.41218019240003
alle_lehrkraefte,418,2025-09-30,5,2,1,3.9909291971125,performanz,2.0864958050995,1,0,0,0.50686404877188,0.033885703813723,0.13418955811809,0.37059932669004,0.40085263899891,0.52280821682502,0.39060672750351
alle_lehrkraefte,419,2025-09-30,5,2,1,3.6709941375368,regulation,1.9411488061702,1,1,0,0.43631034728331,0.1180046765747,0.10514865737317,0.42125288148312,0.36060760730328,0.44446342445796,0.52877870289535
alle_lehrkraefte,420,2025-09-30,5,2,1,3.4333342274091,methodik,1.6923157810732,1,1,0,0.45560273520211,0.048083977176934,0.071709281313335,0.3792497481292,0.49290594504422,0.4472213857957,0.44516561249039
alle_lehrkraefte,411,2025-10-21,5,2,1,4.5039203437359,performanz,2.1625397852702,1,0,0,0.43533203634603,0.17064144437225,0.24094742665989,0.42185314901355,0.37315321830169,0.48014503338796,0.41900448192064
alle_lehrkraefte,412,2025-10-21,5,2,1,3.8229300313861,kognition,2.0311230831007,1,0,0,0.5312987037268,0.20795513229951,0.31164531269073,0.34246928522452,0.41648835124838,0.41913366222758,0.33305785235829
alle_lehrkraefte,413,2025-10-21,5,2,1,2.3428052989296,methodik,1.3071304723696,1,2,0,0.51447576205092,0.042683689169047,0.09160513239389,0.31116409404235,0.55793150786012,0.39453333050523,0.40165351508073
alle_lehrkraefte,414,2025-10-21,5,2,1,2.0764094036694,kognition,1.3594756108737,1,2,0,0.65472110714788,0.0411942834592,0.14735318777538,0.20047884616811,0.51221333793673,0.35710134265216,0.34328569549333
alle_lehrkraefte,415,2025-10-21,5,2,1,4.4336617364237,kognition,2.1820491743331,1,0,0,0.49215397621954,0.1998670220788,0.11445072171214,0.39248883283008,0.46126862894737,0.42771883525212,0.39366803854352
alle_lehrkraefte,406,2025-10-28,5,2,1,3.7834187822736,performanz,2.1524916087874,1,0,0,0.43529939562806,0.035551443866491,0.119184436252,0.4104201615304,0.35006848278279,0.56892616001453,0.42470070376623
alle_lehrkraefte,407,2025-10-28,5,2,1,3.8229300313861,kognition,2.0311230831007,1,0,0,0.5312987037268,0.20795513229951,0.31164531269073,0.34246928522452,0.41648835124838,0.41913366222758,0.33305785235829
alle_lehrkraefte,408,2025-10-28,5,2,1,2.0764094036694,kognition,1.3594756108737,1,2,0,0.65472110714788,0.0411942834592,0.14735318777538,0.20047884616811,0.51221333793673,0.35710134265216,0.34328569549333
alle_lehrkraefte,409,2025-10-28,5,2,1,1.6538928464461,regulation,1.0959483968476,1,0,0,0.23508177141809,0.28196494490937,0.27712264868538,0.4160507871843,0.21827158758189,0.35858859808376,0.66264375758378
alle_lehrkraefte,410,2025-10-28,5,2,1,2.9587323352089,motivation,1.8151486855143,1,0,0,0.20418107569392,0.27982740008289,0.36160357600822,0.61348656958536,0.19574299446748,0.33674943419556,0.47027814781919
alle_lehrkraefte,401,2025-11-04,5,2,1,3.6744837708226,kognition,2.2832192608297,1,0,0,0.62136974593878,0.027190698877438,0.14268191314304,0.2692631437537,0.4751857410169,0.4474561246316,0.30704335353319
alle_lehrkraefte,402,2025-11-04,5,2,1,2.7008782028216,kognition,1.8124059963247,1,0,0,0.67104073187158,0.0,0.13221920340388,0.18986342323182,0.46057081054162,0.46390437256253,0.26236264134944
alle_lehrkraefte,403,2025-11-04,5,2,1,2.9898402914902,kognition,1.8497956426329,1,1,0,0.61869172777574,0.26165124118264,0.37511761181132,0.32912105809137,0.40496483599092,0.3576085578641,0.088533564626579
alle_lehrkraefte,404,2025-11-04,5,2,1,4.2418067613595,motivation,2.0519663720169,1,1,0,0.35687517920945,0.29880068688514,0.34641805694199,0.4837470563814,0.35222911961893,0.45040191257754,0.32001503204027
alle_lehrkraefte,405,2025-11-04,5,2,1,4.105530115666,regulation,1.9603476546835,1,0,0,0.40874243667907,0.052973024371062,0.031854050439072,0.42453459808445,0.46443239119492,0.45296988137695,0.47748836924115
alle_lehrkraefte,1634,2025-11-11,5,2,1,3.586103254132,kognition,1.7348832013882,1,1,0,0.48377814041128,0.21624124958158,0.25466237068262,0.40759703466828,0.38794169160328,0.41830305549323,0.40339606808647
alle_lehrkraefte,1635,2025-11-11,5,2,1,4.1753366045791,kognition,2.0025209823477,1,0,0,0.47960592784119,0.20384347683099,0.27356109825585,0.38796629419017,0.38566077691678,0.43325305356153,0.40819754744271
alle_lehrkraefte,1636,2025-11-11,5,2,1,3.3246328476177,motivation,1.5116396645841,1,2,0,0.3977023216679,0.31262395917185,0.33641697348765,0.45467730937394,0.3353124678607,0.40522116227552,0.38411799052906
alle_lehrkraefte,1637,2025-11-11,5,2,1,4.5051999610504,kognition,2.2147698359634,1,0,0,0.49160191314302,0.062345305630295,0.07325617380748,0.40938129345955,0.38284523733197,0.45825543665079,0.47424482196104
alle_lehrkraefte,1638,2025-11-11,5,2,1,3.1819690767104,performanz,1.6514653847318,1,0,0,0.46303540907394,0.052306337430451,0.18165981882267,0.37481530099105,0.44958792227474,0.51900573351321,0.37131243005745
alle_lehrkraefte,1629,2025-11-12,5,6,1,4.4248015064122,kognition,2.5299323006465,1,0,0,0.57176046866182,0.052169000706233,0.13681307367429,0.33444133727735,0.45024896048661,0.45411408885347,0.36173372051404
alle_lehrkraefte,1630,2025-11-12,5,6,1,2.9238561433447,performanz,-1.7781209396438,-1,0,0,-0.25128913178248,-0.15374780174834,-0.28889999732454,-0.42599801146043,-0.2018020606664,-0.60814033627742,-0.48755747449881
alle_lehrkraefte,1631,2025-11-12,5,6,1,2.9898402914902,kognition,1.8497956426329,1,1,0,0.61869172777574,0.26165124118264,0.37511761181132,0.32912105809137,0.40496483599092,0.3576085578641,0.088533564626579
alle_lehrkraefte,1632,2025-11-12,5,6,1,1.9935420942378,motivation,1.2459236375843,1,4,0,0.1924119840039,0.33536319260425,0.25723120973569,0.62497671427077,0.082253812699267,0.4466343056288,0.43299820303145
alle_lehrkraefte,1633,2025-11-12,5,6,1,3.8092753542734,performanz,2.06132346452,1,0,0,0.46064846728107,0.033447451813805,0.14540012885798,0.38824406928337,0.41376980713662,0.54113128128023,0.38829864222467
alle_lehrkraefte,1624,2025-11-18,5,2,1,2.5067581730363,performanz,1.5566689652548,1,1,1,0.26142891558259,0.011477205989188,-0.061471372040178,0.42662989407497,0.21000085495624,0.62098640871495,0.5621378322668
alle_lehrkraefte,1625,2025-11-18,5,2,1,3.0045876008173,kognition,1.6662193362077,1,1,1,0.55455656882455,0.13213083838315,0.2111204192588,0.25222496970111,0.43296993128715,0.41757439605066,0.45274848720097
alle_lehrkraefte,1626,2025-11-18,5,2,1,3.4333342274091,methodik,1.6923157810732,1,1,0,0.45560273520211,0.048083977176934,0.071709281313335,0.3792497481292,0.49290594504422,0.4472213857957,0.44516561249039
alle_lehrkraefte,1627,2025-11-18,5,2,1,3.4817423048328,kognition,2.1505046567471,1,0,0,0.61765009927963,0.2872117004452,0.15603886664661,0.2872117004452,0.50103511698974,0.35272549844014,0.23177984225927
alle_lehrkraefte,1628,2025-11-18,5,2,1,3.2610617527124,performanz,1.5410807252831,1,1,0,0.46727819350693,0.10274601857145,0.26333744255978,0.35239019234587,0.39118686035569,0.47256878785366,0.44856921128522
alle_lehrkraefte,1619,2025-11-25,5,2,1,4.2375936204146,performanz,2.034911587693,1,0,0,0.44755458964527,0.18471160900953,0.27647585423301,0.40997226864095,0.37266138334302,0.48020338143233,0.38933769139254
alle_lehrkraefte,1620,2025-11-25,5,2,1,2.4366088452089,performanz,-1.4552652158942,-1,0,0,-0.21141108626145,-0.15707180025819,-0.29598138611071,-0.37273403427469,-0.25021502605258,-0.59724778816174,-0.53364545639735
alle_lehrkraefte,1621,2025-11-25,5,2,1,0.47720959755646,motivation,0.292,1,0,0,0.42538068645846,0.16763770894915,0.25145656342372,0.61187763766439,0.0,0.52386784046609,0.28079316248982
alle_lehrkraefte,1622,2025-11-25,5,2,1,2.9898402914902,kognition,1.8497956426329,1,1,0,0.61869172777574,0.26165124118264,0.37511761181132,0.32912105809137,0.40496483599092,0.3576085578641,0.088533564626579
alle_lehrkraefte,1623,2025-11-25,5,2,1,2.5553402422033,performanz,1.5570911828289,1,0,0,0.44652012702407,0.031112132778026,0.17952669910686,0.37349850335762,0.31353891804787,0.60934550462497,0.39787487959923
alle_lehrkraefte,1615,2025-11-26,5,6,1,2.3852489463375,motivation,1.2951057303566,1,1,1,0.40565905338819,0.24468740597332,0.41380304731485,0.54296231960275,0.27823500908808,0.41439758935696,0.2457219894991
alle_lehrkraefte,1616,2025-11-26,5,6,1,3.916840808544,kognition,2.2069589158005,1,0,0,0.5634523814352,0.076723644298226,0.31177537024684,0.31845471584113,0.42787289584912,0.43423975906972,0.32614892186079
alle_lehrkraefte,1617,2025-11-26,5,6,1,2.5548891531968,kognition,1.65799276022,1,1,0,0.64894645964613,0.0,0.26242424293343,0.17143533804532,0.43067955000217,0.53294810871909,0.10528791309176
alle_lehrkraefte,1618,2025-11-26,5,6,1,2.4432470610431,motivation,1.1703145985009,1,1,0,0.44437182473032,0.24030060576985,0.041446093194493,0.47899773509764,0.34897610469763,0.45089482456345,0.43420506806927
alle_lehrkraefte,1610,2025-12-02,5,2,1,1.5071006143225,performanz,0.91608656017512,1,1,1,0.14292479866915,0.019089968855412,-0.10224496962518,0.46647415268712,0.12229153288671,0.60784294893106,0.60556945605985
alle_lehrkraefte,1611,2025-12-02,5,2,1,3.0556171049096,performanz,1.8608741963844,1,0,0,0.55550638970887,0.0,0.29078875442313,0.25128473348535,0.3845063379814,0.60899911294624,0.15804728787018
alle_lehrkraefte,1612,2025-12-02,5,2,1,3.4475065704142,kognition,1.9983364398439,1,0,0,0.57964520228655,0.17656477495722,0.28633515641049,0.33452481948389,0.42245213690023,0.39236938764407,0.32636834629356
alle_lehrkraefte,1613,2025-12-02,5,2,1,4.2418067613595,motivation,2.0519663720169,1,1,0,0.35687517920945,0.29880068688514,0.34641805694199,0.4837470563814,0.35222911961893,0.45040191257754,0.32001503204027
alle_lehrkraefte,1614,2025-12-02,5,2,1,0.84545051969349,performanz,-0.525,-1,2,0,-0.3775457192439,0.0,0.0,-0.36264259874743,-0.29868337328341,-0.62096335401957,-0.50111742669379
alle_lehrkraefte,1605,2025-12-10,5,6,1,1.6103819422733,performanz,1.0,1,1,1,0.37754784039823,0.0,0.0,0.36264463617198,0.29868505136768,0.62096684276024,0.50112024210752
alle_lehrkraefte,1606,2025-12-10,5,6,1,4.8604079848911,performanz,2.3238211125165,1,0,0,0.47652082017042,0.045968410589216,0.15904505569559,0.36906918169985,0.45571026315801,0.47811137226062,0.41598194606199
alle_lehrkraefte,1607,2025-12-10,5,6,1,1.9430865721628,kognition,1.1189052304858,1,1,0,0.57583614037279,0.037054257123135,0.10772423750827,0.27012553442765,0.56098314839132,0.38233086139895,0.3486805595287
alle_lehrkraefte,1608,2025-12-10,5,6,1,3.3246328476177,motivation,1.5116396645841,1,2,0,0.3977023216679,0.31262395917185,0.33641697348765,0.45467730937394,0.3353124678607,0.40522116227552,0.38411799052906
alle_lehrkraefte,1609,2025-12-10,5,6,1,1.3025838667872,motivation,0.69981913800531,1,1,0,0.36115172343753,0.5163664375442,0.47059949911277,0.53725044762523,0.18827947253543,0.22451528516508,0.083436058304641
alle_lehrkraefte,1600,2025-12-17,5,6,23,2.7008782028216,kognition,1.8124059963247,1,0,0,0.67104073187158,0.0,0.13221920340388,0.18986342323182,0.46057081054162,0.46390437256253,0.26236264134944
alle_lehrkraefte,1601,2025-12-17,5,6,23,2.9011619883243,performanz,1.8146533005108,1,0,0,0.48967516717457,0.0,0.17265110518826,0.31720137154232,0.35619597135299,0.62548973580807,0.33417546746929
alle_lehrkraefte,1602,2025-12-17,5,6,23,4.8957032169324,kognition,2.3286846553298,1,2,0,0.47565789745932,0.17074892706981,0.16805093198274,0.40660069055794,0.39844650441423,0.45946383611046,0.42562708138808
alle_lehrkraefte,1603,2025-12-17,5,6,23,2.6639588768902,performanz,1.8748588840797,1,0,0,0.42842360358618,0.0,0.29865626988534,0.31581381421945,0.3048058321461,0.70378407959044,0.19822499721326
alle_lehrkraefte,1604,2025-12-17,5,6,23,3.4507597507663,performanz,1.7576385021604,1,0,0,0.44464530526223,0.098341955792704,0.27435660761333,0.36291912005201,0.37409352724782,0.50934679190639,0.43156883465415
alle_lehrkraefte,1594,2026-01-06,5,2,23,3.1988921097457,kognition,1.919667488646,1,0,0,0.60010197961283,0.028359326892356,0.086449473354213,0.30337364378423,0.40429765756495,0.44207952411901,0.42504956153813
alle_lehrkraefte,1595,2026-01-06,5,2,23,4.7299790770357,methodik,2.1410505413095,1,1,0,0.44419334632973,0.193543274998,0.0710246340135,0.41578844647734,0.45265443670988,0.44516430395875,0.42922862904441
alle_lehrkraefte,1596,2026-01-06,5,2,23,2.9900649591247,kognition,1.7353345284312,1,0,0,0.58036489123308,0.10643085034257,0.28652846723075,0.23051807041907,0.42718416964422,0.47692739623724,0.32658716896938
alle_lehrkraefte,1597,2026-01-06,5,2,23,4.8957032169324,kognition,2.3286846553298,1,2,0,0.47565789745932,0.17074892706981,0.16805093198274,0.40660069055794,0.39844650441423,0.45946383611046,0.42562708138808
alle_lehrkraefte,1598,2026-01-06,5,2,23,4.2154606819304,performanz,2.2329100933114,1,0,0,0.47702884675405,0.035858957413928,0.14440605365886,0.38564030488792,0.40772019219027,0.52969413424763,0.39340778595657
alle_lehrkraefte,1599,2026-01-06,5,2,23,3.8716960479575,motivation,-2.0341912534764,-1,1,0,-0.45208650665067,-0.24456106658026,-0.16821355621923,-0.52539919825513,-0.39535488180038,-0.39979270138466,-0.33959196821461
alle_lehrkraefte,1589,2026-01-07,5,6,23,2.2792901074475,performanz,1.7803177442296,1,0,0,0.26065571282368,0.0,0.29833114483633,0.36911250485341,0.20746555360131,0.78108088461566,0.23167867253301
alle_lehrkraefte,1590,2026-01-07,5,6,23,3.0045876008173,kognition,1.6662193362077,1,1,1,0.55455656882455,0.13213083838315,0.2111204192588,0.25222496970111,0.43296993128715,0.41757439605066,0.45274848720097
alle_lehrkraefte,1591,2026-01-07,5,6,23,2.4979615897285,motivation,1.1890380162526,1,2,1,0.45322088579292,0.032025984734557,0.19487017010741,0.47600141696641,0.32757299551839,0.44325513016022,0.47458007600903
alle_lehrkraefte,1592,2026-01-07,5,6,23,1.5644129889514,kognition,0.811,1,2,1,0.51840199596119,0.031960665595634,0.031960665595634,0.37330057415701,0.30746160303,0.4787707706226,0.51584514271354
alle_lehrkraefte,1593,2026-01-07,5,6,23,2.7007217766683,performanz,1.5027873441929,1,1,0,0.25750189043573,-0.015244497819597,0.35323771183944,0.55304937693249,0.25680364577481,0.55643709500347,0.35671014668989
alle_lehrkraefte,917,2024-10-25,6,7,8,1.5492797040439,performanz,1.3830068243652,1,3,1,0.13676105174418,-0.038339303144554,0.31386227661556,0.28824978681536,0.036353875622491,0.8926715389351,-0.0056616677270978
alle_lehrkraefte,916,2024-12-06,6,7,1,2.8690389402521,motivation,1.5253623452812,1,0,0,0.35631398946369,0.023682522378818,0.20225855720297,0.53166131949884,0.34707557200714,0.46566451560681,0.45999492574892
alle_lehrkraefte,915,2025-01-06,6,0,8,1.2396455138466,performanz,-1.0,-1,0,0,-0.24522941785392,0.0,-0.28233650081865,-0.35332396388163,-0.19360217198993,-0.80667571662473,-0.21699576777205
alle_lehrkraefte,914,2025-01-08,6,3,14,3.1461078895691,performanz,1.7643488696062,1,0,0,0.43832606661536,0.025428163472589,0.32368627692863,0.45993972708222,0.29234857048533,0.5608018934878,0.30155182302955
alle_lehrkraefte,913,2025-01-10,6,7,8,3.3673681826531,sozial,2.0475921405152,1,2,0,0.20292797280367,0.60806717554425,0.18347546557776,0.54023159011659,0.21559009046064,0.33885349502664,0.31977243928136
alle_lehrkraefte,912,2025-01-15,6,3,14,5.3915605156174,regulation,2.4580611406538,1,1,0,0.34567866208011,0.22973111324606,0.32692307831842,0.45039516803553,0.36051377709271,0.42446343001538,0.45590818733312
alle_lehrkraefte,911,2025-03-21,6,7,1,1.8277877338466,regulation,0.941,1,0,0,0.49896111758532,0.043768519086431,0.038297454200628,0.39884063017511,0.39446377826646,0.40978275994671,0.51482720575415
alle_lehrkraefte,910,2025-03-27,6,0,7,2.9786733781959,performanz,1.9822295053944,1,1,0,0.34681514388007,0.021778917795331,0.19227622665865,0.40718074078557,0.32339682743774,0.66547170468148,0.35921277763632
alle_lehrkraefte,909,2025-06-02,6,0,12,2.6798718191719,kognition,1.7320972701215,1,1,0,0.64633345311353,0.024003768990041,0.13329549030613,0.249982108482,0.4941178302569,0.4250637834785,0.27672916535662
alle_lehrkraefte,904,2025-08-25,6,0,1,4.5039203437359,performanz,2.1625397852702,1,0,0,0.43533203634603,0.17064144437225,0.24094742665989,0.42185314901355,0.37315321830169,0.48014503338796,0.41900448192064
alle_lehrkraefte,905,2025-08-25,6,0,1,2.7008782028216,kognition,1.8124059963247,1,0,0,0.67104073187158,0.0,0.13221920340388,0.18986342323182,0.46057081054162,0.46390437256253,0.26236264134944
alle_lehrkraefte,906,2025-08-25,6,0,1,3.4630972641871,kognition,1.8759903888504,1,0,0,0.54170727203588,0.3129745356665,0.08516789395408,0.37028327702736,0.34637143840003,0.43219758329334,0.39681632595585
alle_lehrkraefte,907,2025-08-25,6,0,1,2.9587323352089,motivation,1.8151486855143,1,0,0,0.20418107569392,0.27982740008289,0.36160357600822,0.61348656958536,0.19574299446748,0.33674943419556,0.47027814781919
alle_lehrkraefte,908,2025-08-25,6,0,1,3.9096314098023,regulation,1.8319677065092,1,1,1,0.46255600050836,0.047647478235413,0.088401420546268,0.37849837337598,0.46503960928608,0.44369421491831,0.46857691396354
alle_lehrkraefte,899,2025-08-29,6,7,1,2.0383290573272,performanz,1.0546278376074,1,0,0,0.42436159039773,0.070587328205849,0.083951372778933,0.46633964595264,0.35371936646566,0.5173956873447,0.44450947338743
alle_lehrkraefte,900,2025-08-29,6,7,1,3.916840808544,kognition,2.2069589158005,1,0,0,0.5634523814352,0.076723644298226,0.31177537024684,0.31845471584113,0.42787289584912,0.43423975906972,0.32614892186079
alle_lehrkraefte,901,2025-08-29,6,7,1,3.8995392280503,methodik,2.0534298272575,1,0,0,0.51572033646035,0.023111379596837,0.14713864022183,0.29720121974227,0.52658133214136,0.45873431996406,0.3684967432254
alle_lehrkraefte,902,2025-08-29,6,7,1,3.4989761103282,performanz,1.6229270452087,1,1,0,0.39913283762435,0.20574122243346,0.31304974465119,0.41790252261595,0.33606865075675,0.46382780440831,0.44456358396692
alle_lehrkraefte,903,2025-08-29,6,7,1,2.4266476899275,performanz,-1.4208154801294,-1,0,0,-0.20928205410567,-0.16359950628713,-0.29551362807447,-0.37210261836463,-0.25185081429813,-0.58550305056493,-0.54534086931492
alle_lehrkraefte,895,2025-09-02,6,0,1,2.8935343055325,performanz,1.4253665391979,1,0,0,0.39737641086683,0.047325988210371,0.030414216433146,0.39703066566278,0.45471727313677,0.49260228587913,0.48152065627541
alle_lehrkraefte,896,2025-09-02,6,0,1,2.9207356266883,kognition,2.1149148429999,1,1,1,0.72410100478276,0.0,0.17470319108147,0.116754695985,0.4966933615981,0.39847706619926,0.16133739667791
alle_lehrkraefte,897,2025-09-02,6,0,1,2.3428052989296,methodik,1.3071304723696,1,2,0,0.51447576205092,0.042683689169047,0.09160513239389,0.31116409404235,0.55793150786012,0.39453333050523,0.40165351508073
alle_lehrkraefte,898,2025-09-02,6,0,1,3.050519966414,kognition,1.8346238946577,1,0,0,0.60141153008057,0.25796034376092,0.36992244687776,0.36833268059845,0.37038652482427,0.38425337642634,0.12002358492601
alle_lehrkraefte,890,2025-09-03,6,3,1,4.8013363108794,kognition,2.4207499997062,1,1,0,0.50418150305489,0.050987814741659,0.094859944650951,0.38810784929659,0.41463768278023,0.4438380933649,0.46330801454674
alle_lehrkraefte,891,2025-09-03,6,3,1,4.1959607750546,kognition,2.2176040705498,1,1,1,0.52850798764701,0.033057437189919,0.11991473533283,0.3111460283294,0.50972860238967,0.43980333406568,0.39387831994598
alle_lehrkraefte,892,2025-09-03,6,3,1,2.4266476899275,performanz,-1.4208154801294,-1,0,0,-0.20928205410567,-0.16359950628713,-0.29551362807447,-0.37210261836463,-0.25185081429813,-0.58550305056493,-0.54534086931492
alle_lehrkraefte,893,2025-09-03,6,3,1,3.2578547618,kognition,1.8346726067272,1,0,0,0.56315186199242,0.031352009134577,0.21853304168741,0.26739485678908,0.44746296860024,0.50787483501136,0.32319380690867
alle_lehrkraefte,894,2025-09-03,6,3,1,3.6711574155037,kognition,2.0394510846843,1,1,0,0.55553202942244,0.032354320514258,0.074226292697439,0.34551688388747,0.37739297583051,0.48002239720989,0.43885475361522
alle_lehrkraefte,885,2025-09-05,6,7,1,4.7653905687971,kognition,2.2414953024427,1,1,0,0.47036870669794,0.071220868695358,0.091961975579142,0.39006654587399,0.46307096173179,0.4334201960125,0.45910780175665
alle_lehrkraefte,886,2025-09-05,6,7,1,3.2645506643148,kognition,1.752927244018,1,0,0,0.53695655381115,0.12160901291853,0.19430850592622,0.27023992750622,0.42310320660401,0.44252841115942,0.45961902581514
alle_lehrkraefte,887,2025-09-05,6,7,1,3.4752254188631,performanz,1.7185730315922,1,0,0,0.31877151424459,0.19146773728403,0.17310725067521,0.46890082280075,0.38408892483263,0.49451988842658,0.46883978948033
alle_lehrkraefte,888,2025-09-05,6,7,1,3.178534159656,motivation,1.6075723274489,1,0,0,0.38863533897205,0.41489552577574,0.45227740105734,0.50575743066691,0.24074757899589,0.36817985403732,0.15151487029706
alle_lehrkraefte,889,2025-09-05,6,7,1,4.2157345291432,regulation,1.9791706721549,1,0,0,0.37487060772453,0.2035061245517,0.30634878400679,0.42635033914532,0.34151654325095,0.45320148723103,0.46947120691802
alle_lehrkraefte,880,2025-09-10,6,3,1,3.6813879930869,kognition,2.3310275582356,1,0,0,0.63319085918254,0.026149747064184,0.14669077169834,0.25844845876031,0.47775089783145,0.44131972317682,0.29505471879653
alle_lehrkraefte,881,2025-09-10,6,3,1,4.4247995695105,kognition,2.7431027601632,1,0,0,0.61993690735636,0.028768242753371,0.20958625007286,0.24606156155614,0.50280793819869,0.42502155926261,0.27733420685918
alle_lehrkraefte,882,2025-09-10,6,3,1,2.9587323352089,motivation,1.8151486855143,1,0,0,0.20418107569392,0.27982740008289,0.36160357600822,0.61348656958536,0.19574299446748,0.33674943419556,0.47027814781919
alle_lehrkraefte,883,2025-09-10,6,3,1,3.1766681938078,kognition,1.628635644424,1,0,0,0.51268512107983,0.22387537947476,0.28929848813247,0.40637796246605,0.35743108585166,0.47592781995218,0.2897007950665
alle_lehrkraefte,884,2025-09-10,6,3,1,2.2668578884517,performanz,1.248509775387,1,2,0,0.52534354849009,0.023289622519174,0.15838434514459,0.33262090686677,0.42443862641764,0.55076424248072,0.32287963694482
alle_lehrkraefte,875,2025-09-12,6,7,1,3.5638921463643,regulation,1.8032788774168,1,2,0,0.42892954566546,0.068158107200648,0.053584339415261,0.41358022667357,0.42870104307606,0.44457128348317,0.50598439669744
alle_lehrkraefte,876,2025-09-12,6,7,1,4.3522760147837,kognition,2.7452166646962,1,0,0,0.63075281711065,0.017768497628993,0.20207036591305,0.22177227983068,0.51367936615702,0.4188632863995,0.26926241499257
alle_lehrkraefte,877,2025-09-12,6,7,1,3.2610617527124,performanz,1.5410807252831,1,1,0,0.46727819350693,0.10274601857145,0.26333744255978,0.35239019234587,0.39118686035569,0.47256878785366,0.44856921128522
alle_lehrkraefte,878,2025-09-12,6,7,1,2.726925290001,motivation,1.2782388005983,1,0,0,0.38912255341303,-0.36671203884696,0.35405227804109,0.46874555670068,0.33610681335805,0.35750598822114,0.35811290209975
alle_lehrkraefte,879,2025-09-12,6,7,1,2.581090336861,kognition,1.9207934795839,1,1,0,0.74417621514084,0.017341980457166,0.11337281487846,0.15558292653975,0.47161091587224,0.34856207029875,0.25479688559567
alle_lehrkraefte,871,2025-09-19,6,7,1,3.211982786319,kognition,1.7309928114047,1,2,1,0.53891553517106,0.035976939506018,0.095600382905333,0.34663014681735,0.46494090479967,0.46730541134064,0.38004367486155
alle_lehrkraefte,872,2025-09-19,6,7,1,2.6261746889041,motivation,1.2623925324906,1,0,0,0.41358193012077,0.4120300862581,0.035560809429602,0.48069449868637,0.29942201539725,0.42667263452277,0.39387653764832
alle_lehrkraefte,873,2025-09-19,6,7,1,3.3002997303996,kognition,1.5952881354409,1,0,0,0.48337527861293,0.21561703878008,0.26496779853028,0.40634427469871,0.46243389864905,0.40165324601205,0.33069249779107
alle_lehrkraefte,874,2025-09-19,6,7,1,2.3550299151969,performanz,-2.0388068222149,-1,2,0,-0.23705421873288,0.052347929795269,-0.25194941853287,-0.31472485959214,-0.15417460338888,-0.86572070777171,-0.072691817151954
alle_lehrkraefte,867,2025-09-24,6,3,1,3.9112024651601,regulation,1.8743802397078,1,2,0,0.45233940182607,0.066292010281111,0.0696991169281,0.39598961153305,0.45694395266147,0.43687754544342,0.47923252863511
alle_lehrkraefte,868,2025-09-24,6,3,1,2.3428052989296,methodik,1.3071304723696,1,0,0,0.51447576205092,0.042683689169047,0.09160513239389,0.31116409404235,0.55793150786012,0.39453333050523,0.40165351508073
alle_lehrkraefte,869,2025-09-24,6,3,1,2.9577030053811,kognition,1.6888048282246,1,0,0,0.57098333244371,0.12918868316988,0.18093008063565,0.24439236341089,0.45122094503958,0.30452175143757,0.51815479977421
alle_lehrkraefte,870,2025-09-24,6,3,1,2.9445628141972,kognition,1.5886973924518,1,2,0,0.5395340827681,0.052598074367706,0.11467923007214,0.30661232340432,0.48130894290842,0.41196951037113,0.44451097319058
alle_lehrkraefte,862,2025-09-30,6,0,19,4.625382459712,regulation,2.277567118539,1,1,0,0.41206440660338,0.076103306416224,0.056677556557064,0.41773809565796,0.4613570321833,0.43746573804472,0.49240516094084
alle_lehrkraefte,863,2025-09-30,6,0,19,4.1959607750546,kognition,2.2176040705498,1,1,1,0.52850798764701,0.033057437189919,0.11991473533283,0.3111460283294,0.50972860238967,0.43980333406568,0.39387831994598
alle_lehrkraefte,864,2025-09-30,6,0,19,2.5677818078907,motivation,1.2052751378734,1,2,1,0.35414748083857,0.38945317322984,-0.016509864641924,0.46938195463106,0.38464361882541,0.39297273842287,0.44713277366814
alle_lehrkraefte,865,2025-09-30,6,0,19,3.6940393184514,motivation,1.771051310269,1,0,0,0.33295123459106,0.40703321573119,0.42321656646657,0.47943358563807,0.25647040025774,0.3617915443085,0.34325356467084
alle_lehrkraefte,866,2025-09-30,6,0,19,2.1129969924978,performanz,-1.8674785612985,-1,0,0,-0.23666123224212,0.09973348232948,-0.23115913641968,-0.28495457071789,-0.12530584779423,-0.88380141094134,0.050941979720327
alle_lehrkraefte,857,2025-10-01,6,3,1,4.7272578340427,performanz,2.1834193470863,1,1,0,0.40939526234525,0.19494675496675,0.26216929806182,0.43140491422681,0.38087108066135,0.46187764766845,0.42561763210998
alle_lehrkraefte,858,2025-10-01,6,3,1,4.8411068993645,kognition,2.5676948589789,1,0,0,0.53039307092872,0.055075344692102,0.14096368902063,0.35448119397322,0.45919732605643,0.43721176125488,0.41000216890172
alle_lehrkraefte,859,2025-10-01,6,3,1,2.9587323352089,motivation,1.8151486855143,1,0,0,0.20418107569392,0.27982740008289,0.36160357600822,0.61348656958536,0.19574299446748,0.33674943419556,0.47027814781919
alle_lehrkraefte,860,2025-10-01,6,3,1,3.1492118583832,kognition,1.8515721846579,1,1,0,0.58794593328796,0.015904736151126,0.19002988281868,0.28714245259574,0.39675344827274,0.52855286700544,0.31419212553827
alle_lehrkraefte,861,2025-10-01,6,3,1,0.99141868047763,kognition,0.811,1,1,0,0.81801143740294,0.0,0.17853023972912,0.0,0.48515844807745,0.25216135554961,0.0
alle_lehrkraefte,852,2025-10-22,6,3,1,3.9010906605121,kognition,2.0304399710254,1,1,0,0.52047874374994,0.033873816621941,0.1396134641375,0.35482896355742,0.45153437351331,0.4908096880731,0.37118238371735
alle_lehrkraefte,853,2025-10-22,6,3,1,4.8411068993645,kognition,2.5676948589789,1,0,0,0.53039307092872,0.055075344692102,0.14096368902063,0.35448119397322,0.45919732605643,0.43721176125488,0.41000216890172
alle_lehrkraefte,854,2025-10-22,6,3,1,3.2196014696278,kognition,1.9983364398439,1,2,0,0.62067627062931,0.1092378370877,0.24481700074339,0.27686916012609,0.45235605473191,0.38942641856236,0.33158862872125
alle_lehrkraefte,855,2025-10-22,6,3,1,1.2552525715904,kognition,0.93033640217641,1,2,0,0.74114884266617,-0.11966765199692,-0.027913566952979,0.20778690514458,0.37491300437891,0.48696766266451,0.12128595433586
alle_lehrkraefte,856,2025-10-22,6,3,1,4.094843055123,motivation,1.9323937282884,1,2,0,0.3779217885154,0.27275714624174,0.33240350281161,0.47190795427221,0.3699431106647,0.45875909404899,0.31979174360427
alle_lehrkraefte,849,2025-10-24,6,7,1,4.7203348418297,kognition,2.5684402293092,1,0,0,0.54412131218651,0.034339382852549,0.145716218238,0.32815106372612,0.43803370736583,0.46050645028912,0.41218019240003
alle_lehrkraefte,850,2025-10-24,6,7,1,4.4226026497114,kognition,2.2741683893754,1,0,0,0.51421378481424,0.20190670340455,0.2771769151546,0.38230209960267,0.45121813753943,0.41512604872008,0.30968364954078
alle_lehrkraefte,851,2025-10-24,6,7,1,3.8556634144117,kognition,2.1295291688058,1,0,0,0.55231056677312,-0.021358987959407,0.036605380928274,0.40032807212631,0.41533960674309,0.47642679138095,0.36523916628587
alle_lehrkraefte,844,2025-10-28,6,0,19,4.2434364120772,kognition,2.1266007185707,1,0,0,0.50114942244074,0.11396715072385,0.17824852421908,0.34183623305069,0.44985360536929,0.43478865646368,0.44251784498799
alle_lehrkraefte,845,2025-10-28,6,0,19,4.7439700181688,kognition,2.5699952975229,1,0,0,0.54173822142593,0.051012660441897,0.15625665870711,0.32683102774559,0.44699125626712,0.44159368688491,0.42174916774378
alle_lehrkraefte,846,2025-10-28,6,0,19,2.3428052989296,methodik,1.3071304723696,1,1,0,0.51447576205092,0.042683689169047,0.09160513239389,0.31116409404235,0.55793150786012,0.39453333050523,0.40165351508073
alle_lehrkraefte,847,2025-10-28,6,0,19,3.9546306929547,kognition,2.2238972144743,1,0,0,0.56235126959478,0.020922098272622,0.19218035228865,0.30745598822261,0.40913861330308,0.52329609560557,0.33259972485648
alle_lehrkraefte,848,2025-10-28,6,0,19,3.648548811648,performanz,1.8144280300528,1,0,0,0.38885845163842,0.19199426251791,0.31575625939891,0.41583833205431,0.32791525199639,0.49729992682597,0.42949116716453
alle_lehrkraefte,839,2025-10-29,6,3,1,3.3685945007785,performanz,1.7146760432305,1,1,1,0.46692129171518,0.043118259161777,0.034712611149409,0.40662835417337,0.37420596681409,0.50901672868817,0.46307630734881
alle_lehrkraefte,840,2025-10-29,6,3,1,2.4862506965683,motivation,1.376852504409,1,0,0,0.25215758794377,0.31975729701126,0.30109151145213,0.55378444678366,0.18303761876473,0.51110202343942,0.37696474323594
alle_lehrkraefte,841,2025-10-29,6,3,1,3.3908447253838,kognition,1.7822209932404,1,1,0,0.5255963872173,-0.047136263280379,-0.0050573607560181,0.36222538038919,0.47999647595641,0.46056531224002,0.38440978831667
alle_lehrkraefte,842,2025-10-29,6,3,1,3.0240571504654,regulation,1.4279047558095,1,2,0,0.33940662801459,0.35165369924952,-0.028935370103071,0.47015906248171,0.44061701743393,0.34950231383445,0.47218024096779
alle_lehrkraefte,843,2025-10-29,6,3,1,2.0618806987405,regulation,-1.1929257382862,-1,0,0,-0.17055995305799,-0.16267001999957,-0.30053932657278,-0.31632416360643,-0.29693945333983,-0.57545588039336,-0.57855915399148
alle_lehrkraefte,835,2025-11-04,6,0,19,3.9028243912711,kognition,2.1928329711058,1,1,0,0.56185652560873,0.035514064351567,0.10716096158394,0.3336892807476,0.43935402011948,0.47241530936597,0.37948739649417
alle_lehrkraefte,836,2025-11-04,6,0,19,3.2645506643148,kognition,1.752927244018,1,0,0,0.53695655381115,0.12160901291853,0.19430850592622,0.27023992750622,0.42310320660401,0.44252841115942,0.45961902581514
alle_lehrkraefte,837,2025-11-04,6,0,19,2.9898402914902,kognition,1.8497956426329,1,1,0,0.61869172777574,0.26165124118264,0.37511761181132,0.32912105809137,0.40496483599092,0.3576085578641,0.088533564626579
alle_lehrkraefte,838,2025-11-04,6,0,19,3.4817423048328,kognition,2.1505046567471,1,0,0,0.61765009927963,0.2872117004452,0.15603886664661,0.2872117004452,0.50103511698974,0.35272549844014,0.23177984225927
alle_lehrkraefte,830,2025-11-05,6,3,1,3.6813879930869,kognition,2.3310275582356,1,0,0,0.63319085918254,0.026149747064184,0.14669077169834,0.25844845876031,0.47775089783145,0.44131972317682,0.29505471879653
alle_lehrkraefte,831,2025-11-05,6,3,1,4.7203348418297,kognition,2.5684402293092,1,0,0,0.54412131218651,0.034339382852549,0.145716218238,0.32815106372612,0.43803370736583,0.46050645028912,0.41218019240003
alle_lehrkraefte,832,2025-11-05,6,3,1,2.1790951612463,kognition,1.2999584535744,1,1,0,0.59655608948717,0.36482865266828,0.40980739984522,0.39460415496634,0.35073160358203,0.24677962783086,0.058688343660483
alle_lehrkraefte,833,2025-11-05,6,3,1,3.0334590316781,motivation,1.4967807162732,1,1,0,0.40960998879063,0.27178769119693,0.29238363314321,0.4934221185852,0.341322519198,0.45002586477868,0.3322146862729
alle_lehrkraefte,834,2025-11-05,6,3,1,4.5051999610504,kognition,2.2147698359634,1,0,0,0.49160191314302,0.062345305630295,0.07325617380748,0.40938129345955,0.38284523733197,0.45825543665079,0.47424482196104
alle_lehrkraefte,825,2025-11-07,6,7,1,4.6221765003632,regulation,2.2831943720438,1,1,0,0.42028364349602,0.07674949586674,0.058605948586205,0.41798896030911,0.44907287797465,0.44005726793527,0.4939641383714
alle_lehrkraefte,826,2025-11-07,6,7,1,3.8229300313861,kognition,2.0311230831007,1,0,0,0.5312987037268,0.20795513229951,0.31164531269073,0.34246928522452,0.41648835124838,0.41913366222758,0.33305785235829
alle_lehrkraefte,827,2025-11-07,6,7,1,1.6983424038799,kognition,1.369758579055,1,1,0,0.80652200092616,-0.21039854835777,0.031640477127342,0.018442177921158,0.46038634199801,0.30143660414974,-0.032895179703426
alle_lehrkraefte,828,2025-11-07,6,7,1,4.4226026497114,kognition,2.2741683893754,1,0,0,0.51421378481424,0.20190670340455,0.2771769151546,0.38230209960267,0.45121813753943,0.41512604872008,0.30968364954078
alle_lehrkraefte,829,2025-11-07,6,7,1,2.833504268978,kognition,1.5532170520458,1,1,0,0.54815924841132,0.13802849658802,0.17587266318748,0.25622307486221,0.44259893374098,0.29678800696146,0.54763502369475
alle_lehrkraefte,1444,2025-11-11,6,0,19,4.2375936204146,performanz,2.034911587693,1,0,0,0.44755458964527,0.18471160900953,0.27647585423301,0.40997226864095,0.37266138334302,0.48020338143233,0.38933769139254
alle_lehrkraefte,1445,2025-11-11,6,0,19,2.1790951612463,kognition,1.2999584535744,1,1,0,0.59655608948717,0.36482865266828,0.40980739984522,0.39460415496634,0.35073160358203,0.24677962783086,0.058688343660483
alle_lehrkraefte,1446,2025-11-11,6,0,19,1.7830001959488,performanz,1.3195872615143,1,0,0,0.38136155656562,0.022433971544799,0.21359046816581,0.36212796890268,0.22310986354917,0.74008957689225,0.28245480372957
alle_lehrkraefte,1447,2025-11-11,6,0,19,4.1877424962358,methodik,2.0353585414423,1,0,0,0.39127593926563,0.06814420500992,0.046609447259146,0.42649716325555,0.48602646485718,0.43207738758716,0.48504625202663
alle_lehrkraefte,1439,2025-11-12,6,3,1,4.8013363108794,kognition,2.4207499997062,1,1,0,0.50418150305489,0.050987814741659,0.094859944650951,0.38810784929659,0.41463768278023,0.4438380933649,0.46330801454674
alle_lehrkraefte,1440,2025-11-12,6,3,1,4.4247995695105,kognition,2.7431027601632,1,0,0,0.61993690735636,0.028768242753371,0.20958625007286,0.24606156155614,0.50280793819869,0.42502155926261,0.27733420685918
alle_lehrkraefte,1441,2025-11-12,6,3,1,2.7800794322758,performanz,1.5619583131048,1,0,0,0.4828625632128,0.016496962767111,0.21435825162725,0.32723127590326,0.36859184201213,0.56183743406635,0.40250886323243
alle_lehrkraefte,1442,2025-11-12,6,3,1,2.5315625227324,kognition,1.9179730577314,1,0,0,0.75762121784339,0.017681259848529,0.099494978821222,0.14000273146105,0.47547292371446,0.32817787034038,0.24982860468211
alle_lehrkraefte,1443,2025-11-12,6,3,1,3.5054604059233,regulation,1.6521674795534,1,2,0,0.41704868780184,0.057308012801041,0.04481777131057,0.43363810755397,0.44022910936058,0.4656113369475,0.47131120455665
alle_lehrkraefte,1434,2025-11-14,6,7,1,4.0297451295107,performanz,2.1018406752718,1,0,0,0.50229795388456,0.030986423052732,0.16577460984972,0.36043056753727,0.43342058043781,0.52158024686899,0.35977892556151
alle_lehrkraefte,1435,2025-11-14,6,7,1,3.2645506643148,kognition,1.752927244018,1,0,0,0.53695655381115,0.12160901291853,0.19430850592622,0.27023992750622,0.42310320660401,0.44252841115942,0.45961902581514
alle_lehrkraefte,1436,2025-11-14,6,7,1,1.9833132042675,performanz,1.1621607342448,1,2,0,0.3065561874594,0.18136971887345,0.17110350837118,0.48505024760576,0.2425222469868,0.58596638800181,0.4543065523583
alle_lehrkraefte,1437,2025-11-14,6,7,1,0.78184916245079,regulation,0.585,1,2,0,0.1518879687075,0.29704198806344,0.26412045790024,0.32771886844279,0.27010619065719,0.28058122298184,0.74821659461824
alle_lehrkraefte,1438,2025-11-14,6,7,1,2.833504268978,kognition,1.5532170520458,1,1,0,0.54815924841132,0.13802849658802,0.17587266318748,0.25622307486221,0.44259893374098,0.29678800696146,0.54763502369475
alle_lehrkraefte,1430,2025-11-18,6,0,19,3.9754603937968,kognition,2.1118789605959,1,0,0,0.53122744012662,0.022266357176725,0.15845702965771,0.31305095472288,0.4683200092299,0.49369494887372,0.36211699940813
alle_lehrkraefte,1431,2025-11-18,6,0,19,4.6868909949516,regulation,2.2355880295845,1,1,0,0.40716647962595,0.070692363472695,0.050021570961398,0.43339165642599,0.46902056006163,0.43747798125574,0.47698639932709
alle_lehrkraefte,1432,2025-11-18,6,0,19,3.6940393184514,motivation,1.771051310269,1,0,0,0.33295123459106,0.40703321573119,0.42321656646657,0.47943358563807,0.25647040025774,0.3617915443085,0.34325356467084
alle_lehrkraefte,1433,2025-11-18,6,0,19,3.445161991689,regulation,1.6593102589405,1,0,0,0.35697457681494,0.30867452774446,-0.051124322883014,0.44905706607895,0.45666641004076,0.36400878395462,0.48163350420338
alle_lehrkraefte,1426,2025-11-25,6,0,19,4.4248015064122,kognition,2.5299323006465,1,0,0,0.57176046866182,0.052169000706233,0.13681307367429,0.33444133727735,0.45024896048661,0.45411408885347,0.36173372051404
alle_lehrkraefte,1427,2025-11-25,6,0,19,3.1813676431278,performanz,1.4780206620485,1,0,0,0.43697363840821,0.31432923474525,0.046982968609961,0.43014855236104,0.39172434957001,0.46458510363938,0.39207451324792
alle_lehrkraefte,1428,2025-11-25,6,0,19,2.1705909655679,regulation,1.0748847029185,1,1,0,0.41016065224904,0.049968981073429,0.032170610827381,0.39633397743253,0.46323979442207,0.45970750767414,0.49520143037311
alle_lehrkraefte,1429,2025-11-25,6,0,19,4.2766590717479,motivation,2.0818792519938,1,0,0,0.33209301290047,0.37841837691444,0.38256831241431,0.48679923956401,0.28414573900136,0.39297120036295,0.35778751746519
alle_lehrkraefte,1421,2025-11-26,6,3,1,3.6744837708226,kognition,2.2832192608297,1,0,0,0.62136974593878,0.027190698877438,0.14268191314304,0.2692631437537,0.4751857410169,0.4474561246316,0.30704335353319
alle_lehrkraefte,1422,2025-11-26,6,3,1,3.916840808544,kognition,2.2069589158005,1,0,0,0.5634523814352,0.076723644298226,0.31177537024684,0.31845471584113,0.42787289584912,0.43423975906972,0.32614892186079
alle_lehrkraefte,1423,2025-11-26,6,3,1,0.99141868047763,kognition,0.811,1,2,0,0.81801143740294,0.0,0.17853023972912,0.0,0.48515844807745,0.25216135554961,0.0
alle_lehrkraefte,1424,2025-11-26,6,3,1,3.0240571504654,regulation,1.4279047558095,1,2,0,0.33940662801459,0.35165369924952,-0.028935370103071,0.47015906248171,0.44061701743393,0.34950231383445,0.47218024096779
alle_lehrkraefte,1425,2025-11-26,6,3,1,2.8957199704337,regulation,1.539769585776,1,0,0,0.47088581038576,0.15755269598282,0.14777939986544,0.33022333356776,0.43475917646087,0.38831659764443,0.5317379733254
alle_lehrkraefte,1416,2025-11-28,6,7,1,2.8880375884253,motivation,1.6401735572884,1,1,0,0.33503668365262,0.32038509609569,0.43729181778179,0.5679177738836,0.22979626349353,0.40213666852666,0.23837351162418
alle_lehrkraefte,1417,2025-11-28,6,7,1,4.1753366045791,kognition,2.0025209823477,1,0,0,0.47960592784119,0.20384347683099,0.27356109825585,0.38796629419017,0.38566077691678,0.43325305356153,0.40819754744271
alle_lehrkraefte,1418,2025-11-28,6,7,1,4.1845300685627,regulation,2.3378029514569,1,0,0,0.38787318485344,0.19216826862418,0.17250246888137,0.41054464039032,0.35562121575469,0.41920331406745,0.55867620172171
alle_lehrkraefte,1419,2025-11-28,6,7,1,2.8957199704337,regulation,1.539769585776,1,2,0,0.47088581038576,0.15755269598282,0.14777939986544,0.33022333356776,0.43475917646087,0.38831659764443,0.5317379733254
alle_lehrkraefte,1420,2025-11-28,6,7,1,3.6328672145636,kognition,1.9947276918836,1,1,0,0.54907655119392,-0.038482231806958,0.0054751174992369,0.39332409838053,0.42215120724975,0.47425318615247,0.37305094002933
alle_lehrkraefte,1411,2025-12-03,6,3,1,1.7259800114717,performanz,0.874,1,1,0,0.41135811637437,0.040556434008741,0.034762657721778,0.4223662913196,0.41773127029003,0.50637604748057,0.46755774635791
alle_lehrkraefte,1412,2025-12-03,6,3,1,3.9453024964552,kognition,2.3459293201978,1,1,1,0.59461178862399,0.17052830396184,0.30842106960146,0.27913815177287,0.45862360065479,0.4018311838535,0.26926989756156
alle_lehrkraefte,1413,2025-12-03,6,3,1,4.1066196583502,regulation,1.9611829425497,1,1,0,0.45479888547485,0.19603031562825,0.22223033496086,0.40278440644117,0.38328801363239,0.41003110509019,0.47756508516951
alle_lehrkraefte,1414,2025-12-03,6,3,1,3.2578547618,kognition,1.8346726067272,1,0,0,0.56315186199242,0.031352009134577,0.21853304168741,0.26739485678908,0.44746296860024,0.50787483501136,0.32319380690867
alle_lehrkraefte,1415,2025-12-03,6,3,1,1.6311555883919,kognition,1.2857650333892,1,1,0,0.78824923878926,-0.13747490283747,0.0012801070899289,0.11918167832075,0.41128673009797,0.41994762185723,0.0057303512066788
alle_lehrkraefte,1406,2025-12-10,6,3,1,4.0096002650977,kognition,2.5326051745112,1,0,0,0.63163375167823,0.015541942208395,0.17179344520515,0.22267654332557,0.47982510846894,0.45027324687481,0.29785281840573
alle_lehrkraefte,1407,2025-12-10,6,3,1,3.5046583852388,kognition,2.0772518399554,1,1,0,0.59270995472911,0.037629046859325,0.10166548436159,0.31605277833603,0.40263592842087,0.44426987951362,0.42137466894537
alle_lehrkraefte,1408,2025-12-10,6,3,1,2.1705909655679,regulation,1.0748847029185,1,1,0,0.41016065224904,0.049968981073429,0.032170610827381,0.39633397743253,0.46323979442207,0.45970750767414,0.49520143037311
alle_lehrkraefte,1409,2025-12-10,6,3,1,4.0578127668032,kognition,1.7468429863796,1,1,0,0.43048774842273,0.28241639133245,0.31314652429469,0.41780346808517,0.36786569284546,0.40358753700582,0.40507752344252
alle_lehrkraefte,1410,2025-12-10,6,3,1,1.6261417527387,regulation,1.0,1,2,0,0.37388884461493,0.073793850910841,0.061494875759034,0.35913007443276,0.44337805422264,0.38372802473637,0.61494875759034
alle_lehrkraefte,1401,2025-12-12,6,7,23,4.0637489057853,kognition,2.0829911382815,1,0,0,0.51257744038802,0.23013458756657,0.17127204180886,0.37232291210636,0.40439334712313,0.50538671650944,0.31207265509604
alle_lehrkraefte,1402,2025-12-12,6,7,23,2.9011619883243,performanz,1.8146533005108,1,0,0,0.48967516717457,0.0,0.17265110518826,0.31720137154232,0.35619597135299,0.62548973580807,0.33417546746929
alle_lehrkraefte,1403,2025-12-12,6,7,23,3.3533597644884,motivation,1.7915442913418,1,0,0,0.41425099938255,0.29820749581207,0.29614522655344,0.53425193675745,0.28669873699374,0.4000688015956,0.35225572510267
alle_lehrkraefte,1404,2025-12-12,6,7,23,3.5902114839272,performanz,1.7572379628335,1,0,0,0.3971431744353,0.28653829345557,0.14590320911336,0.43892973840054,0.37136167279791,0.48945113016017,0.41079018024235
alle_lehrkraefte,1405,2025-12-12,6,7,23,2.4285529007933,performanz,1.517734800859,1,0,0,0.4282299540693,0.020588307588684,0.15656159458602,0.38655508674269,0.28065007168787,0.6249518183627,0.41583817372042
alle_lehrkraefte,1398,2025-12-16,6,0,19,4.2811452631136,regulation,2.1118642691366,1,1,0,0.39453157613398,0.32332874279512,0.17661961816267,0.40009041652994,0.39611788571106,0.38507715333138,0.49329308080285
alle_lehrkraefte,1399,2025-12-16,6,0,19,3.3833631186319,performanz,2.1257565680491,1,1,0,0.52299969028213,0.0,0.29892053573149,0.27568601845748,0.36872158033832,0.62829504565806,0.1743527374388
alle_lehrkraefte,1400,2025-12-16,6,0,19,3.7898911954463,kognition,2.2935712438157,1,1,0,0.6051796934895,0.053692576620129,0.1662406082395,0.32704611640905,0.40483368072381,0.46350085312484,0.34285699153796
alle_lehrkraefte,1394,2025-12-17,6,3,19,2.7008782028216,kognition,1.8124059963247,1,0,0,0.67104073187158,0.0,0.13221920340388,0.18986342323182,0.46057081054162,0.46390437256253,0.26236264134944
alle_lehrkraefte,1395,2025-12-17,6,3,19,2.9011619883243,performanz,1.8146533005108,1,0,0,0.48967516717457,0.0,0.17265110518826,0.31720137154232,0.35619597135299,0.62548973580807,0.33417546746929
alle_lehrkraefte,1396,2025-12-17,6,3,19,4.723590507544,performanz,2.2224477744004,1,0,0,0.42040962805,0.22593003878185,0.11044512960084,0.43942386871515,0.4051961049162,0.47049867380845,0.42586709149823
alle_lehrkraefte,1397,2025-12-17,6,3,19,3.0257381219646,motivation,1.5369106333891,1,0,0,0.43790454460234,0.050987706223324,0.2277099374948,0.50794400969211,0.29084563611002,0.45239383196929,0.45444797044548
alle_lehrkraefte,1389,2026-01-07,6,3,19,3.1988921097457,kognition,1.919667488646,1,0,0,0.60010197961283,0.028359326892356,0.086449473354213,0.30337364378423,0.40429765756495,0.44207952411901,0.42504956153813
alle_lehrkraefte,1390,2026-01-07,6,3,19,2.5500239990253,regulation,1.5887506947218,1,0,0,0.30106002388061,0.15568419877999,0.13842952687491,0.37101936000202,0.30931179423061,0.49442664870243,0.62303118128191
alle_lehrkraefte,1391,2026-01-07,6,3,19,4.0230266961372,regulation,2.1507426574126,1,0,0,0.32285345704235,0.1940878730544,0.24341569490145,0.41164830638065,0.33607032387167,0.48024720787901,0.5346067709195
alle_lehrkraefte,1392,2026-01-07,6,3,19,3.8092753542734,performanz,2.06132346452,1,0,0,0.46064846728107,0.033447451813805,0.14540012885798,0.38824406928337,0.41376980713662,0.54113128128023,0.38829864222467
alle_lehrkraefte,1393,2026-01-07,6,3,19,2.6261746889041,motivation,1.2623925324906,1,0,0,0.41358193012077,0.4120300862581,0.035560809429602,0.48069449868637,0.29942201539725,0.42667263452277,0.39387653764832
alle_lehrkraefte,1384,2026-01-14,6,3,19,3.586103254132,kognition,1.7348832013882,1,1,0,0.48377814041128,0.21624124958158,0.25466237068262,0.40759703466828,0.38794169160328,0.41830305549323,0.40339606808647
alle_lehrkraefte,1385,2026-01-14,6,3,19,2.5891291552071,performanz,1.6348496052309,1,1,1,0.50370779347505,0.0,0.19345833502926,0.30327613977023,0.35909799288386,0.6314259324158,0.29869401277169
alle_lehrkraefte,1386,2026-01-14,6,3,19,4.0730731755336,performanz,2.1602420544193,1,0,0,0.50793164389237,0.029806912452068,0.14201670599099,0.36940497938456,0.35646034890973,0.5303702284784,0.41967456397547
alle_lehrkraefte,1387,2026-01-14,6,3,19,3.9488118876419,kognition,1.9152788377772,1,0,0,0.48502538029663,0.025324008741178,0.23795142617514,0.38678225946455,0.4546744260224,0.46868110841995,0.36261797767101
alle_lehrkraefte,1388,2026-01-14,6,3,19,3.9764145050982,kognition,2.1799360603504,1,2,0,0.54821512581354,0.051179220846702,0.10079022337517,0.36475957219993,0.41216140286162,0.44667430386721,0.42922332550946
alle_lehrkraefte,1380,2026-01-16,6,7,1,3.1988921097457,kognition,1.919667488646,1,0,0,0.60010197961283,0.028359326892356,0.086449473354213,0.30337364378423,0.40429765756495,0.44207952411901,0.42504956153813
alle_lehrkraefte,1381,2026-01-16,6,7,1,4.8604079848911,performanz,2.3238211125165,1,0,0,0.47652082017042,0.045968410589216,0.15904505569559,0.36906918169985,0.45571026315801,0.47811137226062,0.41598194606199
alle_lehrkraefte,1382,2026-01-16,6,7,1,2.3654242772316,motivation,1.1646065491769,1,4,1,0.32899178951382,0.42911044764118,0.0065736010195556,0.49234365139069,0.36822892694217,0.37707320345214,0.432894842167
alle_lehrkraefte,1383,2026-01-16,6,7,1,1.4276822372013,kognition,0.79145876670185,1,2,0,0.55436231008257,0.43168241116266,0.30622236049729,0.47867660078127,0.3150439873821,0.098250484871224,0.27296414144226
alle_lehrkraefte,1375,2026-01-21,6,3,1,4.4388621375364,performanz,2.1744618745086,1,0,0,0.46577705352531,0.21582431903798,0.15028280583915,0.40837051156953,0.4063458558203,0.48986810323295,0.37686600340078
alle_lehrkraefte,1376,2026-01-21,6,3,1,3.9453024964552,kognition,2.3459293201978,1,1,1,0.59461178862399,0.17052830396184,0.30842106960146,0.27913815177287,0.45862360065479,0.4018311838535,0.26926989756156
alle_lehrkraefte,1377,2026-01-21,6,3,1,3.7281985400685,performanz,1.9343789929705,1,0,0,0.40952297822629,0.23941046247707,0.13252961756498,0.43892855326055,0.39268182609114,0.51884946139171,0.37595484001876
alle_lehrkraefte,1378,2026-01-21,6,3,1,4.1066196583502,regulation,1.9611829425497,1,1,0,0.45479888547485,0.19603031562825,0.22223033496086,0.40278440644117,0.38328801363239,0.41003110509019,0.47756508516951
alle_lehrkraefte,1379,2026-01-21,6,3,1,2.6677743582537,performanz,1.5511427607571,1,0,0,0.32130842266691,0.036953441487947,0.1513991513825,0.40364975331999,0.43700613516417,0.58143483597468,0.42484372043268
alle_lehrkraefte,1372,2026-01-23,6,7,23,4.0789242581081,regulation,1.8479915181834,1,0,0,0.42043389351725,0.32285885538557,0.14942820404965,0.40847577548243,0.41016540084089,0.39536647425586,0.45305744129363
alle_lehrkraefte,1373,2026-01-23,6,7,23,3.7903140793782,regulation,2.0584483248078,1,0,0,0.43782915236789,0.20100650117379,0.23487362217918,0.31187955950307,0.38918849396145,0.41116778334824,0.54307976882693
alle_lehrkraefte,1374,2026-01-23,6,7,23,2.3554216638968,performanz,1.171031134971,1,0,0,0.19785571730366,0.33095686675477,0.41928909416486,0.49146919269571,0.22256410971708,0.4971620076779,0.37048889297316
alle_lehrkraefte,1367,2026-01-28,6,3,19,1.3188111830917,kognition,1.0975708585606,1,0,0,0.83223629756051,0.040451612190433,-0.055684238052357,0.011670751455983,0.49099433864298,-0.035747667103451,0.24523655927177
alle_lehrkraefte,1368,2026-01-28,6,3,19,0.78503971413289,regulation,0.61169791055793,1,1,0,-0.19646102355585,0.42330280908898,0.37958715950229,0.1645495532834,-0.04349476965984,0.044837282982806,0.77918366129661
alle_lehrkraefte,1369,2026-01-28,6,3,19,2.6261746889041,motivation,1.2623925324906,1,0,0,0.41358193012077,0.4120300862581,0.035560809429602,0.48069449868637,0.29942201539725,0.42667263452277,0.39387653764832
alle_lehrkraefte,1370,2026-01-28,6,3,19,3.2319097401701,kognition,1.6796194716121,1,1,0,0.51969714802499,0.053163455215556,0.10834893091988,0.32726944443377,0.47290981872877,0.42522985948093,0.45141269694771
alle_lehrkraefte,1371,2026-01-28,6,3,19,3.2610617527124,performanz,1.5410807252831,1,1,0,0.46727819350693,0.10274601857145,0.26333744255978,0.35239019234587,0.39118686035569,0.47256878785366,0.44856921128522
alle_lehrkraefte,2001,2025-08-26,7,2,1,4.6221765003632,regulation,2.2831943720438,1,1,0,0.42028364349602,0.07674949586674,0.058605948586205,0.41798896030911,0.44907287797465,0.44005726793527,0.4939641383714
alle_lehrkraefte,2002,2025-08-26,7,2,1,4.4107099279058,kognition,2.189211103481,1,0,0,0.49633872457652,0.020069114607285,0.21068322682328,0.37723372686767,0.44311697942076,0.47270261859914,0.38307628077188
alle_lehrkraefte,2003,2025-08-26,7,2,1,2.8941916929599,kognition,1.7575648543691,1,2,0,0.60727103388972,0.028928445867643,0.10674965943156,0.29884034758578,0.44607402462506,0.44638581037106,0.36253931618783
alle_lehrkraefte,2004,2025-08-26,7,2,1,4.1066196583502,regulation,1.9611829425497,1,1,0,0.45479888547485,0.19603031562825,0.22223033496086,0.40278440644117,0.38328801363239,0.41003110509019,0.47756508516951
alle_lehrkraefte,1997,2025-09-02,7,2,1,3.2342344427424,kognition,1.9138365334644,1,2,0,0.59174146152093,0.038405650800278,0.099214849723068,0.31748586916428,0.39987967905516,0.44424680314885,0.42480704035474
alle_lehrkraefte,1998,2025-09-02,7,2,1,2.9207356266883,kognition,2.1149148429999,1,1,1,0.72410100478276,0.0,0.17470319108147,0.116754695985,0.4966933615981,0.39847706619926,0.16133739667791
alle_lehrkraefte,1999,2025-09-02,7,2,1,3.4246644235568,kognition,2.1046227351488,1,1,1,0.6145468079161,0.29199855995695,0.15229173432608,0.29199855995695,0.49927156175311,0.35186311417586,0.23564283788526
alle_lehrkraefte,2000,2025-09-02,7,2,1,2.8941916929599,kognition,1.7575648543691,1,2,0,0.60727103388972,0.028928445867643,0.10674965943156,0.29884034758578,0.44607402462506,0.44638581037106,0.36253931618783
alle_lehrkraefte,1992,2025-09-03,7,4,1,3.586103254132,kognition,1.7348832013882,1,1,0,0.48377814041128,0.21624124958158,0.25466237068262,0.40759703466828,0.38794169160328,0.41830305549323,0.40339606808647
alle_lehrkraefte,1993,2025-09-03,7,4,1,4.4107099279058,kognition,2.189211103481,1,0,0,0.49633872457652,0.020069114607285,0.21068322682328,0.37723372686767,0.44311697942076,0.47270261859914,0.38307628077188
alle_lehrkraefte,1994,2025-09-03,7,4,1,3.3702834346193,regulation,1.9207031699987,1,0,0,0.34666187591488,0.15274841687258,0.12736758152662,0.39464371019655,0.43026513898873,0.41787129944916,0.56989197150297
alle_lehrkraefte,1995,2025-09-03,7,4,1,3.2797650376075,performanz,1.8049843709444,1,1,0,0.51103466186798,0.021407769205401,0.22605758756772,0.31018699662224,0.44980613606563,0.55033785861762,0.29302535620085
alle_lehrkraefte,1996,2025-09-03,7,4,1,2.1457730143001,kognition,1.4857859574845,1,2,0,0.69242134343632,0.19388741468756,0.33465663251254,0.2438835404875,0.43643824689855,0.34160572827989,0.065604672391137
alle_lehrkraefte,1987,2025-09-09,7,2,1,3.5846603474751,regulation,1.7810357015046,1,0,0,0.44499407838611,0.049847783190915,0.036900952175072,0.39802316963037,0.42437609028194,0.46125148062342,0.49684783504823
alle_lehrkraefte,1988,2025-09-09,7,2,1,2.9207356266883,kognition,2.1149148429999,1,1,1,0.72410100478276,0.0,0.17470319108147,0.116754695985,0.4966933615981,0.39847706619926,0.16133739667791
alle_lehrkraefte,1989,2025-09-09,7,2,1,2.8006523873511,kognition,1.4758361358457,1,0,0,0.52695967300848,0.28386141920944,0.3913078160065,0.35705838894269,0.40277514975236,0.34038294450806,0.28814611987675
alle_lehrkraefte,1990,2025-09-09,7,2,1,2.3428052989296,methodik,1.3071304723696,1,2,0,0.51447576205092,0.042683689169047,0.09160513239389,0.31116409404235,0.55793150786012,0.39453333050523,0.40165351508073
alle_lehrkraefte,1991,2025-09-09,7,2,1,4.362368859302,kognition,2.2688988134381,1,0,0,0.52010586118627,0.19744656419101,0.27327195712571,0.37284289932841,0.46304826268623,0.41077008263379,0.30604741185795
alle_lehrkraefte,1982,2025-09-10,7,4,1,3.9010906605121,kognition,2.0304399710254,1,1,0,0.52047874374994,0.033873816621941,0.1396134641375,0.35482896355742,0.45153437351331,0.4908096880731,0.37118238371735
alle_lehrkraefte,1983,2025-09-10,7,4,1,2.9238561433447,performanz,-1.7781209396438,-1,0,0,-0.25128913178248,-0.15374780174834,-0.28889999732454,-0.42599801146043,-0.2018020606664,-0.60814033627742,-0.48755747449881
alle_lehrkraefte,1984,2025-09-10,7,4,1,3.8704021062177,methodik,1.8245750082058,1,0,0,0.40318994894425,0.20550689788914,0.23592235832602,0.39283588990937,0.47141621050499,0.37683145523507,0.47009044645486
alle_lehrkraefte,1985,2025-09-10,7,4,1,3.4205843904462,kognition,2.1618147661197,1,0,0,0.63199974020822,0.020464279598748,0.16954941851328,0.24201836080613,0.48963150677988,0.45771258717943,0.2521744981739
alle_lehrkraefte,1986,2025-09-10,7,4,1,3.8995392280503,methodik,2.0534298272575,1,0,0,0.51572033646035,0.023111379596837,0.14713864022183,0.29720121974227,0.52658133214136,0.45873431996406,0.3684967432254
alle_lehrkraefte,1978,2025-09-16,7,2,1,4.6361765459891,kognition,2.6228056368715,1,0,0,0.56572478498315,0.048988682338982,0.17044432813436,0.3147111289115,0.48920271513479,0.42441388016159,0.36056963398192
alle_lehrkraefte,1979,2025-09-16,7,2,1,3.8995392280503,methodik,2.0534298272575,1,0,0,0.51572033646035,0.023111379596837,0.14713864022183,0.29720121974227,0.52658133214136,0.45873431996406,0.3684967432254
alle_lehrkraefte,1980,2025-09-16,7,2,1,3.445161991689,regulation,1.6593102589405,1,0,0,0.35697457681494,0.30867452774446,-0.051124322883014,0.44905706607895,0.45666641004076,0.36400878395462,0.48163350420338
alle_lehrkraefte,1981,2025-09-16,7,2,1,1.113032525307,kognition,0.6297819547903,1,2,0,0.56582020944489,0.05660161096057,0.095206734803645,0.27546117334144,0.48657904900639,0.36392488190348,0.47168009133809
alle_lehrkraefte,1974,2025-09-24,7,4,1,3.0075822377954,kognition,2.078940017929,1,1,0,0.69123067675319,0.0,0.25591478507693,0.12837894832579,0.46807332157981,0.46358479692794,0.078844605250314
alle_lehrkraefte,1975,2025-09-24,7,4,1,3.2578547618,kognition,1.8346726067272,1,0,0,0.56315186199242,0.031352009134577,0.21853304168741,0.26739485678908,0.44746296860024,0.50787483501136,0.32319380690867
alle_lehrkraefte,1976,2025-09-24,7,4,1,3.5054604059233,regulation,1.6521674795534,1,2,0,0.41704868780184,0.057308012801041,0.04481777131057,0.43363810755397,0.44022910936058,0.4656113369475,0.47131120455665
alle_lehrkraefte,1977,2025-09-24,7,4,1,3.6328672145636,kognition,1.9947276918836,1,1,0,0.54907655119392,-0.038482231806958,0.0054751174992369,0.39332409838053,0.42215120724975,0.47425318615247,0.37305094002933
alle_lehrkraefte,1969,2025-09-30,7,2,1,3.6941165863736,motivation,1.7470306227058,1,1,0,0.35861772438682,0.24073354711313,0.23271670472127,0.47292115791323,0.38161039047148,0.41343649431098,0.4680465381299
alle_lehrkraefte,1970,2025-09-30,7,2,1,4.1753366045791,kognition,2.0025209823477,1,0,0,0.47960592784119,0.20384347683099,0.27356109825585,0.38796629419017,0.38566077691678,0.43325305356153,0.40819754744271
alle_lehrkraefte,1971,2025-09-30,7,2,1,4.1826548987587,regulation,2.0107729389583,1,2,0,0.42262531457781,0.16192150458247,0.16866783506966,0.43524035966832,0.39405455354042,0.43691172839776,0.48073966899788
alle_lehrkraefte,1972,2025-09-30,7,2,1,3.3233958757153,kognition,1.8888915756821,1,1,0,0.56836018419675,0.037237226112195,0.080792004910457,0.34461562095382,0.4123224685031,0.42860518859677,0.44336731060167
alle_lehrkraefte,1973,2025-09-30,7,2,1,3.9764145050982,kognition,2.1799360603504,1,2,0,0.54821512581354,0.051179220846702,0.10079022337517,0.36475957219993,0.41216140286162,0.44667430386721,0.42922332550946
alle_lehrkraefte,1964,2025-10-21,7,2,1,3.6941165863736,motivation,1.7470306227058,1,1,0,0.35861772438682,0.24073354711313,0.23271670472127,0.47292115791323,0.38161039047148,0.41343649431098,0.4680465381299
alle_lehrkraefte,1965,2025-10-21,7,2,1,4.4247995695105,kognition,2.7431027601632,1,0,0,0.61993690735636,0.028768242753371,0.20958625007286,0.24606156155614,0.50280793819869,0.42502155926261,0.27733420685918
alle_lehrkraefte,1966,2025-10-21,7,2,1,4.2358001921728,kognition,2.2035645934457,1,0,0,0.52022269494454,0.045510725452022,0.10306308108279,0.34884460310921,0.47727058198715,0.43904963315455,0.41764345474095
alle_lehrkraefte,1967,2025-10-21,7,2,1,2.4341848557115,kognition,1.6229685506471,1,1,0,0.66673731843571,0.21912174607937,0.35097387488206,0.27562483783569,0.42556546979113,0.34883221564476,0.0741430813778
alle_lehrkraefte,1968,2025-10-21,7,2,1,3.5017444958452,motivation,1.7458338296571,1,0,0,0.34469658567642,0.26112979820776,0.24928452739593,0.49855974533009,0.35845155720786,0.43144183162675,0.43319235068464
alle_lehrkraefte,1959,2025-10-22,7,4,1,3.586103254132,kognition,1.7348832013882,1,1,0,0.48377814041128,0.21624124958158,0.25466237068262,0.40759703466828,0.38794169160328,0.41830305549323,0.40339606808647
alle_lehrkraefte,1960,2025-10-22,7,4,1,4.7203348418297,kognition,2.5684402293092,1,0,0,0.54412131218651,0.034339382852549,0.145716218238,0.32815106372612,0.43803370736583,0.46050645028912,0.41218019240003
alle_lehrkraefte,1961,2025-10-22,7,4,1,1.7830001959488,performanz,1.3195872615143,1,0,0,0.38136155656562,0.022433971544799,0.21359046816581,0.36212796890268,0.22310986354917,0.74008957689225,0.28245480372957
alle_lehrkraefte,1962,2025-10-22,7,4,1,3.1844962872024,performanz,1.7623605672214,1,0,0,0.35830210771604,0.21987884155731,0.30560875784078,0.47619592143151,0.25159370964146,0.55341720451418,0.36542762457524
alle_lehrkraefte,1963,2025-10-22,7,4,1,3.6856067041269,kognition,2.1107934644134,1,1,0,0.5727110640805,0.23541902145029,0.25560735813441,0.39136333009483,0.38505679553671,0.38612816516834,0.31734905313491
alle_lehrkraefte,1955,2025-10-29,7,4,1,3.5846603474751,regulation,1.7810357015046,1,0,0,0.44499407838611,0.049847783190915,0.036900952175072,0.39802316963037,0.42437609028194,0.46125148062342,0.49684783504823
alle_lehrkraefte,1956,2025-10-29,7,4,1,2.420951563667,kognition,1.0626342027733,1,2,0,0.43893063761153,0.32838191730555,0.41683594525902,0.41305901547868,0.35964417566963,0.33862726222753,0.3333386254913
alle_lehrkraefte,1957,2025-10-29,7,4,1,2.9357228581996,motivation,1.4723886372156,1,1,0,0.34537482242209,0.24737373147556,0.23612830211317,0.50154040177844,0.36060494021354,0.43537354465557,0.43889663982322
alle_lehrkraefte,1958,2025-10-29,7,4,1,3.6334044341863,kognition,1.884870137549,1,2,0,0.51876001807405,0.15340174444684,0.095149177439808,0.36402297008985,0.483195435891,0.42961310411021,0.38436845185597
alle_lehrkraefte,1950,2025-11-05,7,4,1,3.586103254132,kognition,1.7348832013882,1,1,0,0.48377814041128,0.21624124958158,0.25466237068262,0.40759703466828,0.38794169160328,0.41830305549323,0.40339606808647
alle_lehrkraefte,1951,2025-11-05,7,4,1,3.8229300313861,kognition,2.0311230831007,1,0,0,0.5312987037268,0.20795513229951,0.31164531269073,0.34246928522452,0.41648835124838,0.41913366222758,0.33305785235829
alle_lehrkraefte,1952,2025-11-05,7,4,1,4.0258121877764,methodik,2.1006963532816,1,0,0,0.35511096938672,0.067184401701719,0.040745767506346,0.41140200825069,0.52180554810889,0.42027935861791,0.49954968560314
alle_lehrkraefte,1953,2025-11-05,7,4,1,4.4226026497114,kognition,2.2741683893754,1,0,0,0.51421378481424,0.20190670340455,0.2771769151546,0.38230209960267,0.45121813753943,0.41512604872008,0.30968364954078
alle_lehrkraefte,1954,2025-11-05,7,4,1,0.99141868047763,kognition,0.811,1,1,0,0.81801143740294,0.0,0.17853023972912,0.0,0.48515844807745,0.25216135554961,0.0
alle_lehrkraefte,1945,2025-11-12,7,4,1,3.2284332079851,kognition,2.0249577812164,1,1,1,0.62722422256273,0.027607078164519,0.12304400854027,0.27572196662313,0.46075342934985,0.44961835806807,0.31655743152458
alle_lehrkraefte,1946,2025-11-12,7,4,1,3.0556171049096,performanz,1.8608741963844,1,0,0,0.55550638970887,0.0,0.29078875442313,0.25128473348535,0.3845063379814,0.60899911294624,0.15804728787018
alle_lehrkraefte,1947,2025-11-12,7,4,1,4.094843055123,motivation,1.9323937282884,1,2,0,0.3779217885154,0.27275714624174,0.33240350281161,0.47190795427221,0.3699431106647,0.45875909404899,0.31979174360427
alle_lehrkraefte,1948,2025-11-12,7,4,1,3.5207315255485,regulation,1.8273956846978,1,1,0,0.37132751512027,0.24240421836388,0.29100684058051,0.44055652320458,0.34593149871983,0.36811300371858,0.51903716062007
alle_lehrkraefte,1949,2025-11-12,7,4,1,4.6452590913521,kognition,2.4036580249543,1,1,0,0.51744214978398,0.058805209392942,0.10773919193437,0.37190440664099,0.39890677270429,0.45305062017137,0.46312974922747
alle_lehrkraefte,1941,2025-11-26,7,4,1,3.0906410220045,performanz,1.5072340371522,1,2,1,0.46922370585666,0.077011763893507,0.23510808419298,0.4219273012279,0.34983980019771,0.48767525884388,0.42470969885431
alle_lehrkraefte,1942,2025-11-26,7,4,1,3.9082087439743,kognition,2.1969604991137,1,1,0,0.56213857080057,0.033812121852611,0.13194589398309,0.32139828186305,0.47968884541538,0.45640853074794,0.35176006075289
alle_lehrkraefte,1943,2025-11-26,7,4,1,1.113032525307,kognition,0.6297819547903,1,2,0,0.56582020944489,0.05660161096057,0.095206734803645,0.27546117334144,0.48657904900639,0.36392488190348,0.47168009133809
alle_lehrkraefte,1944,2025-11-26,7,4,1,3.9084723722527,kognition,1.9788076577981,1,2,0,0.50628542470759,0.047586876996102,0.076347252476498,0.38277239334217,0.41463234038027,0.45983069878252,0.45353895477639
alle_lehrkraefte,1936,2025-12-10,7,4,1,4.3791276201609,kognition,2.2346674385594,1,2,1,0.51029851819942,0.047835451513698,0.084937158254073,0.37944766970326,0.4211062160057,0.47063511476347,0.4327584932677
alle_lehrkraefte,1937,2025-12-10,7,4,1,2.6011908708907,kognition,1.6291639737569,1,1,0,0.62631225138682,0.017885899512245,0.12307583679251,0.21551127310514,0.58013916482116,0.36832679624498,0.2712683538319
alle_lehrkraefte,1938,2025-12-10,7,4,1,2.420951563667,kognition,1.0626342027733,1,2,0,0.43893063761153,0.32838191730555,0.41683594525902,0.41305901547868,0.35964417566963,0.33862726222753,0.3333386254913
alle_lehrkraefte,1939,2025-12-10,7,4,1,1.6261417527387,regulation,1.0,1,2,0,0.37388884461493,0.073793850910841,0.061494875759034,0.35913007443276,0.44337805422264,0.38372802473637,0.61494875759034
alle_lehrkraefte,1940,2025-12-10,7,4,1,3.8832180547468,kognition,1.8702221947077,1,2,0,0.4816153386669,0.25004110096737,0.12597543181763,0.39902106190031,0.41894612832276,0.48031524461567,0.35244113427872
alle_lehrkraefte,1931,2026-01-07,7,4,23,3.9028243912711,kognition,2.1928329711058,1,1,0,0.56185652560873,0.035514064351567,0.10716096158394,0.3336892807476,0.43935402011948,0.47241530936597,0.37948739649417
alle_lehrkraefte,1932,2026-01-07,7,4,23,3.5945149852943,regulation,1.9772187354812,1,1,1,0.44008146001926,0.21195562268381,0.24766753587711,0.30191198612596,0.39195609564178,0.39077811478869,0.55006398441248
alle_lehrkraefte,1933,2026-01-07,7,4,23,2.0751661843285,kognition,1.3018227166532,1,2,0,0.627331176256,0.052068647061027,0.029085078991583,0.24818163278304,0.52498460728217,0.30337747879706,0.41671095063911
alle_lehrkraefte,1934,2026-01-07,7,4,23,3.9646280613375,kognition,1.8796171795718,1,0,0,0.47409552914842,0.41406760217284,0.095995289892389,0.41406760217284,0.43806451980786,0.35846842256622,0.32048275638434
alle_lehrkraefte,1935,2026-01-07,7,4,23,1.3025838667872,motivation,0.69981913800531,1,1,0,0.36115172343753,0.5163664375442,0.47059949911277,0.53725044762523,0.18827947253543,0.22451528516508,0.083436058304641
alle_lehrkraefte,1926,2026-01-14,7,4,23,2.86636421726,kognition,2.0532452617647,1,2,0,0.71632142425822,0.0,0.24589649946494,0.10102785763875,0.48005379208708,0.42650143713645,0.062046789280422
alle_lehrkraefte,1927,2026-01-14,7,4,23,3.7903140793782,regulation,2.0584483248078,1,0,0,0.43782915236789,0.20100650117379,0.23487362217918,0.31187955950307,0.38918849396145,0.41116778334824,0.54307976882693
alle_lehrkraefte,1928,2026-01-14,7,4,23,2.5677818078907,motivation,1.2052751378734,1,2,1,0.35414748083857,0.38945317322984,-0.016509864641924,0.46938195463106,0.38464361882541,0.39297273842287,0.44713277366814
alle_lehrkraefte,1929,2026-01-14,7,4,23,3.961007449354,kognition,2.17271425264,1,0,0,0.54852428206151,0.028144193203567,0.15231775143531,0.32706755945492,0.43173643708193,0.46775918359501,0.40367694556994
alle_lehrkraefte,1930,2026-01-14,7,4,23,3.3989502526716,kognition,2.3210201415921,1,1,0,0.68286180745059,0.01826365831898,0.17566245392676,0.19020295592194,0.51264892743446,0.39897867265262,0.21055388947738
alle_lehrkraefte,1923,2026-01-21,7,4,23,3.7834187822736,performanz,2.1524916087874,1,0,0,0.43529939562806,0.035551443866491,0.119184436252,0.4104201615304,0.35006848278279,0.56892616001453,0.42470070376623
alle_lehrkraefte,1924,2026-01-21,7,4,23,3.7903140793782,regulation,2.0584483248078,1,0,0,0.43782915236789,0.20100650117379,0.23487362217918,0.31187955950307,0.38918849396145,0.41116778334824,0.54307976882693
alle_lehrkraefte,1925,2026-01-21,7,4,23,3.9472334029979,kognition,2.3317185870149,1,1,0,0.59072075090275,0.036035643093624,0.11051648660271,0.31723657760352,0.43648255743814,0.44637104913987,0.38357304861061
alle_lehrkraefte,540,2025-01-30,8,0,1,3.7194891481524,kognition,2.1556184500854,1,1,0,0.57954535388351,0.019090019174942,0.23022370636312,0.37130863824344,0.4392989921981,0.39799388816367,0.34857076402281
alle_lehrkraefte,539,2025-02-06,8,0,7,1.4952397801022,regulation,1.0,1,0,0,0.33907378335502,0.033439229127714,0.080254149906513,0.39057019621169,0.3216853842086,0.41732157951387,0.66878458255427
alle_lehrkraefte,538,2025-02-13,8,0,7,1.4952397801022,regulation,1.0,1,0,0,0.33907378335502,0.033439229127714,0.080254149906513,0.39057019621169,0.3216853842086,0.41732157951387,0.66878458255427
alle_lehrkraefte,537,2025-02-18,8,2,1,4.2485018611867,performanz,2.2620039579833,1,1,0,0.5065917477162,0.028063272496535,0.20162566570364,0.35212625749247,0.41368637626193,0.53242265336444,0.35116440074563
alle_lehrkraefte,536,2025-02-20,8,0,1,0.0,,0.0,0,0,0,0.0,0.0,0.0,0.0,0.0,0.0,0.0
alle_lehrkraefte,535,2025-03-04,8,2,1,2.8625021745655,kognition,1.5980585677535,1,0,0,0.55827136106279,0.04717658474498,0.023739912454604,0.30849241046925,0.51716630809025,0.37597500895057,0.42608816232289
alle_lehrkraefte,534,2025-03-13,8,0,7,3.3666875653448,kognition,1.8144776230582,1,0,0,0.53894880304534,0.11902260533474,0.18715230414695,0.30285988424917,0.45694277284208,0.41623217229527,0.43193269527026
alle_lehrkraefte,533,2025-03-25,8,2,1,0.0,,0.0,0,0,0,0.0,0.0,0.0,0.0,0.0,0.0,0.0
alle_lehrkraefte,532,2025-03-27,8,0,7,2.1532236836758,kognition,1.4014261761902,1,0,0,0.65084722889801,0.023220888832951,0.098704668493712,0.27121998156886,0.40444345953194,0.43417517109523,0.37478514576382
alle_lehrkraefte,531,2025-04-03,8,0,7,0.0,,0.0,0,0,0,0.0,0.0,0.0,0.0,0.0,0.0,0.0
alle_lehrkraefte,530,2025-05-06,8,2,1,2.9804439385841,kognition,1.7039846014093,1,1,0,0.57171982406773,0.50950609483976,0.10429210597286,0.31959374825077,0.33130173834638,0.38305826527894,0.2098136982994
alle_lehrkraefte,529,2025-05-15,8,0,12,2.4564810708561,regulation,1.5628759588333,1,0,0,0.31636149321959,0.18681643735396,0.10786420183217,0.39532500409799,0.38424419058719,0.38035130705377,0.6362229349723
alle_lehrkraefte,528,2025-06-12,8,0,18,0.99141868047763,kognition,-0.811,-1,1,0,-0.81801143740294,0.0,-0.17853023972912,0.0,-0.48515844807745,-0.25216135554961,0.0
alle_lehrkraefte,524,2025-08-26,8,2,1,3.0075822377954,kognition,2.078940017929,1,1,0,0.69123067675319,0.0,0.25591478507693,0.12837894832579,0.46807332157981,0.46358479692794,0.078844605250314
alle_lehrkraefte,525,2025-08-26,8,2,1,3.1172442691244,kognition,2.1688746734496,1,0,0,0.69576444081953,0.0,0.16369007378504,0.15193693723741,0.48658802563816,0.43032265210642,0.20995395265513
alle_lehrkraefte,526,2025-08-26,8,2,1,4.4336617364237,kognition,2.1820491743331,1,0,0,0.49215397621954,0.1998670220788,0.11445072171214,0.39248883283008,0.46126862894737,0.42771883525212,0.39366803854352
alle_lehrkraefte,527,2025-08-26,8,2,1,3.3233958757153,kognition,1.8888915756821,1,1,0,0.56836018419675,0.037237226112195,0.080792004910457,0.34461562095382,0.4123224685031,0.42860518859677,0.44336731060167
alle_lehrkraefte,519,2025-08-28,8,0,19,4.4248015064122,kognition,2.5299323006465,1,0,0,0.57176046866182,0.052169000706233,0.13681307367429,0.33444133727735,0.45024896048661,0.45411408885347,0.36173372051404
alle_lehrkraefte,520,2025-08-28,8,0,19,3.9082087439743,kognition,2.1969604991137,1,1,0,0.56213857080057,0.033812121852611,0.13194589398309,0.32139828186305,0.47968884541538,0.45640853074794,0.35176006075289
alle_lehrkraefte,521,2025-08-28,8,0,19,3.8905038385904,kognition,1.9316956848234,1,1,0,0.49651428190865,0.053043559070364,0.10570725339821,0.35304187399171,0.46146449087851,0.44283837987998,0.45363742432729
alle_lehrkraefte,522,2025-08-28,8,0,19,2.8302921275034,kognition,1.8029567262567,1,0,0,0.63701917499778,0.024644046485899,0.13359004791805,0.25665014126029,0.49405099557782,0.4301991766448,0.28411065020172
alle_lehrkraefte,523,2025-08-28,8,0,19,3.6133900265862,kognition,2.4241953523872,1,0,0,0.67089038981313,0.0,0.27260700094581,0.12121547483737,0.48802215807,0.46603119948005,0.074445120390985
alle_lehrkraefte,516,2025-09-02,8,2,1,4.0297451295107,performanz,2.1018406752718,1,0,0,0.50229795388456,0.030986423052732,0.16577460984972,0.36043056753727,0.43342058043781,0.52158024686899,0.35977892556151
alle_lehrkraefte,517,2025-09-02,8,2,1,3.916840808544,kognition,2.2069589158005,1,0,0,0.5634523814352,0.076723644298226,0.31177537024684,0.31845471584113,0.42787289584912,0.43423975906972,0.32614892186079
alle_lehrkraefte,518,2025-09-02,8,2,1,4.2154606819304,performanz,2.2329100933114,1,0,0,0.47702884675405,0.035858957413928,0.14440605365886,0.38564030488792,0.40772019219027,0.52969413424763,0.39340778595657
alle_lehrkraefte,511,2025-09-04,8,0,1,3.1988921097457,kognition,1.919667488646,1,0,0,0.60010197961283,0.028359326892356,0.086449473354213,0.30337364378423,0.40429765756495,0.44207952411901,0.42504956153813
alle_lehrkraefte,512,2025-09-04,8,0,1,4.466581322438,kognition,2.7682973486899,1,1,1,0.6197785176323,0.02801118491248,0.21750641921344,0.23950031054412,0.50737318760695,0.42467013619691,0.2695250780338
alle_lehrkraefte,513,2025-09-04,8,0,1,3.5863224441572,performanz,1.7011124840356,1,1,0,0.44140928068148,0.05461982512367,0.046057928264602,0.44525025198419,0.40530347089364,0.47433206779451,0.46101844996376
alle_lehrkraefte,514,2025-09-04,8,0,1,2.8317859427849,performanz,1.5905662396008,1,0,0,0.34456488256982,0.060358887711972,0.16437475016394,0.43433565860583,0.4076290773864,0.56168109275437,0.42463059971445
alle_lehrkraefte,515,2025-09-04,8,0,1,4.766014081322,regulation,2.3358286965014,1,0,0,0.46034606997404,0.12046710266232,0.13530206615574,0.39610570126781,0.40717581938225,0.43859820175407,0.49010006173814
alle_lehrkraefte,507,2025-09-09,8,2,1,3.9082087439743,kognition,2.1969604991137,1,1,0,0.56213857080057,0.033812121852611,0.13194589398309,0.32139828186305,0.47968884541538,0.45640853074794,0.35176006075289
alle_lehrkraefte,508,2025-09-09,8,2,1,3.9472334029979,kognition,2.3317185870149,1,1,0,0.59072075090275,0.036035643093624,0.11051648660271,0.31723657760352,0.43648255743814,0.44637104913987,0.38357304861061
alle_lehrkraefte,509,2025-09-09,8,2,1,3.6925617798486,motivation,1.7887542255783,1,0,0,0.37799176392,0.29900821245121,0.11519354329811,0.48441962193939,0.33975715054035,0.47906625432386,0.41813822966906
alle_lehrkraefte,510,2025-09-09,8,2,1,4.3406553652064,kognition,2.1462963786463,1,1,0,0.49446253006518,0.26550279432215,0.053552965854877,0.37877182858556,0.4109033095443,0.44109602015534,0.41864927793105
alle_lehrkraefte,502,2025-09-11,8,0,18,4.2267654246527,performanz,2.3109789539464,1,1,0,0.47677827225107,0.029101673612821,0.18876931920107,0.37123620550147,0.41495444348257,0.54674751359335,0.35673607896479
alle_lehrkraefte,503,2025-09-11,8,0,18,4.4247995695105,kognition,2.7431027601632,1,0,0,0.61993690735636,0.028768242753371,0.20958625007286,0.24606156155614,0.50280793819869,0.42502155926261,0.27733420685918
alle_lehrkraefte,504,2025-09-11,8,0,18,3.6130190037089,motivation,1.8934141982597,1,0,0,0.39519609169617,0.022142086298747,0.27097533602843,0.52405175721425,0.30923960994252,0.43341160873097,0.4602082199323
alle_lehrkraefte,505,2025-09-11,8,0,18,3.3533597644884,motivation,1.7915442913418,1,0,0,0.41425099938255,0.29820749581207,0.29614522655344,0.53425193675745,0.28669873699374,0.4000688015956,0.35225572510267
alle_lehrkraefte,506,2025-09-11,8,0,18,3.8411483190915,kognition,2.509295155464,1,0,0,0.65326522548996,0.020984344791132,0.16805441832496,0.2240481499757,0.47451664831199,0.42970909557727,0.29076309654101
alle_lehrkraefte,497,2025-09-16,8,2,1,4.4248015064122,kognition,2.5299323006465,1,0,0,0.57176046866182,0.052169000706233,0.13681307367429,0.33444133727735,0.45024896048661,0.45411408885347,0.36173372051404
alle_lehrkraefte,498,2025-09-16,8,2,1,4.7203348418297,kognition,2.5684402293092,1,0,0,0.54412131218651,0.034339382852549,0.145716218238,0.32815106372612,0.43803370736583,0.46050645028912,0.41218019240003
alle_lehrkraefte,499,2025-09-16,8,2,1,3.6856067041269,kognition,2.1107934644134,1,1,0,0.5727110640805,0.23541902145029,0.25560735813441,0.39136333009483,0.38505679553671,0.38612816516834,0.31734905313491
alle_lehrkraefte,500,2025-09-16,8,2,1,2.5315625227324,kognition,1.9179730577314,1,0,0,0.75762121784339,0.017681259848529,0.099494978821222,0.14000273146105,0.47547292371446,0.32817787034038,0.24982860468211
alle_lehrkraefte,501,2025-09-16,8,2,1,3.0334590316781,motivation,1.4967807162732,1,1,0,0.40960998879063,0.27178769119693,0.29238363314321,0.4934221185852,0.341322519198,0.45002586477868,0.3322146862729
alle_lehrkraefte,491,2025-09-18,8,0,20,4.5039203437359,performanz,2.1625397852702,1,0,0,0.43533203634603,0.17064144437225,0.24094742665989,0.42185314901355,0.37315321830169,0.48014503338796,0.41900448192064
alle_lehrkraefte,492,2025-09-18,8,0,20,3.2645506643148,kognition,1.752927244018,1,0,0,0.53695655381115,0.12160901291853,0.19430850592622,0.27023992750622,0.42310320660401,0.44252841115942,0.45961902581514
alle_lehrkraefte,493,2025-09-18,8,0,20,2.4618609597996,kognition,1.6566860222492,1,0,0,0.67293779783815,0.0,0.25562377022792,0.15425123718291,0.44110365154733,0.5044428994776,0.094734207310967
alle_lehrkraefte,494,2025-09-18,8,0,20,0.96264977534088,regulation,-0.74858726918585,-1,1,0,0.021349624177684,-0.41239907407518,-0.085695451404158,-0.093673302237096,-0.18182046073475,0.41901596751576,-0.77762392110003
alle_lehrkraefte,495,2025-09-18,8,0,20,3.9616281763079,kognition,2.5899266221521,1,1,0,0.65375142981024,0.020188937491774,0.17795902621968,0.21551271160253,0.48286309892829,0.42735618451169,0.27980565003485
alle_lehrkraefte,496,2025-09-18,8,0,20,4.8132423847205,performanz,2.3873818978672,1,0,0,0.4773523869177,0.032963222544364,0.19838510195742,0.36681434058371,0.44252851796465,0.49600181063553,0.39406252672769
alle_lehrkraefte,486,2025-09-23,8,2,1,4.5039203437359,performanz,2.1625397852702,1,0,0,0.43533203634603,0.17064144437225,0.24094742665989,0.42185314901355,0.37315321830169,0.48014503338796,0.41900448192064
alle_lehrkraefte,487,2025-09-23,8,2,1,3.916840808544,kognition,2.2069589158005,1,0,0,0.5634523814352,0.076723644298226,0.31177537024684,0.31845471584113,0.42787289584912,0.43423975906972,0.32614892186079
alle_lehrkraefte,488,2025-09-23,8,2,1,3.0334590316781,motivation,1.4967807162732,1,1,0,0.40960998879063,0.27178769119693,0.29238363314321,0.4934221185852,0.341322519198,0.45002586477868,0.3322146862729
alle_lehrkraefte,489,2025-09-23,8,2,1,3.1766681938078,kognition,1.628635644424,1,0,0,0.51268512107983,0.22387537947476,0.28929848813247,0.40637796246605,0.35743108585166,0.47592781995218,0.2897007950665
alle_lehrkraefte,490,2025-09-23,8,2,1,4.363566322741,performanz,1.9966423536502,1,0,0,0.38111368433806,0.2107779087295,0.2996903444672,0.41367887200184,0.37838787209203,0.45757016858961,0.44365312663578
alle_lehrkraefte,481,2025-09-25,8,0,18,4.6143522661946,kognition,2.2695603074222,1,1,0,0.49184701514428,0.066637240554422,0.10076650727626,0.3761711578146,0.46666900604633,0.43049909450131,0.44595246052161
alle_lehrkraefte,482,2025-09-25,8,0,18,2.4366088452089,performanz,-1.4552652158942,-1,0,0,-0.21141108626145,-0.15707180025819,-0.29598138611071,-0.37273403427469,-0.25021502605258,-0.59724778816174,-0.53364545639735
alle_lehrkraefte,483,2025-09-25,8,0,18,3.8411483190915,kognition,2.509295155464,1,0,0,0.65326522548996,0.020984344791132,0.16805441832496,0.2240481499757,0.47451664831199,0.42970909557727,0.29076309654101
alle_lehrkraefte,484,2025-09-25,8,0,18,4.0578127668032,kognition,1.7468429863796,1,1,0,0.43048774842273,0.28241639133245,0.31314652429469,0.41780346808517,0.36786569284546,0.40358753700582,0.40507752344252
alle_lehrkraefte,485,2025-09-25,8,0,18,4.2232398182455,performanz,2.0572421247468,1,0,0,0.40026681249274,0.052532231378949,0.099371654040563,0.40918835544341,0.4443088960178,0.48712300083671,0.47435541413308
alle_lehrkraefte,476,2025-09-30,8,2,1,2.5067581730363,performanz,1.5566689652548,1,1,1,0.26142891558259,0.011477205989188,-0.061471372040178,0.42662989407497,0.21000085495624,0.62098640871495,0.5621378322668
alle_lehrkraefte,477,2025-09-30,8,2,1,3.1172442691244,kognition,2.1688746734496,1,0,0,0.69576444081953,0.0,0.16369007378504,0.15193693723741,0.48658802563816,0.43032265210642,0.20995395265513
alle_lehrkraefte,478,2025-09-30,8,2,1,3.9750000629739,motivation,2.3227360396724,1,0,0,0.17941811396465,0.3064579482815,0.44170566749062,0.58433463132786,0.16092476683906,0.44557123444439,0.33601528429533
alle_lehrkraefte,479,2025-09-30,8,2,1,2.9937278924857,performanz,1.4379403300243,1,1,0,0.43599502753241,0.052052178841117,0.043996164065169,0.44115162458747,0.4076736139843,0.48031604023636,0.4623208124977
alle_lehrkraefte,480,2025-09-30,8,2,1,2.5548891531968,kognition,1.65799276022,1,1,0,0.64894645964613,0.0,0.26242424293343,0.17143533804532,0.43067955000217,0.53294810871909,0.10528791309176
alle_lehrkraefte,473,2025-10-02,8,0,18,4.6361765459891,kognition,2.6228056368715,1,0,0,0.56572478498315,0.048988682338982,0.17044432813436,0.3147111289115,0.48920271513479,0.42441388016159,0.36056963398192
alle_lehrkraefte,474,2025-10-02,8,0,18,2.1790951612463,kognition,1.2999584535744,1,1,0,0.59655608948717,0.36482865266828,0.40980739984522,0.39460415496634,0.35073160358203,0.24677962783086,0.058688343660483
alle_lehrkraefte,475,2025-10-02,8,0,18,3.4721038792412,performanz,1.8125938090566,1,0,0,0.39217224110269,0.21769801896299,0.29717024810151,0.46920701499411,0.33079089078195,0.52204330620997,0.32921959148461
alle_lehrkraefte,468,2025-10-07,8,2,1,3.2500733602901,performanz,1.7503923860708,1,0,0,0.38839016543615,0.042134255804933,0.11434696884422,0.40387347344296,0.423619496146,0.53856845872242,0.44908034483934
alle_lehrkraefte,469,2025-10-07,8,2,1,4.6361765459891,kognition,2.6228056368715,1,0,0,0.56572478498315,0.048988682338982,0.17044432813436,0.3147111289115,0.48920271513479,0.42441388016159,0.36056963398192
alle_lehrkraefte,470,2025-10-07,8,2,1,2.1129969924978,performanz,-1.8674785612985,-1,0,0,-0.23666123224212,0.09973348232948,-0.23115913641968,-0.28495457071789,-0.12530584779423,-0.88380141094134,0.050941979720327
alle_lehrkraefte,471,2025-10-07,8,2,1,4.0578127668032,kognition,1.7468429863796,1,1,0,0.43048774842273,0.28241639133245,0.31314652429469,0.41780346808517,0.36786569284546,0.40358753700582,0.40507752344252
alle_lehrkraefte,472,2025-10-07,8,2,1,4.5347833117075,performanz,2.3014253844218,1,0,0,0.41476969392919,0.051856732935361,0.10098465693496,0.42176385072412,0.42040859468173,0.50750392051611,0.45042902589896
alle_lehrkraefte,463,2025-10-09,8,0,18,3.7834187822736,performanz,2.1524916087874,1,0,0,0.43529939562806,0.035551443866491,0.119184436252,0.4104201615304,0.35006848278279,0.56892616001453,0.42470070376623
alle_lehrkraefte,464,2025-10-09,8,0,18,3.1172442691244,kognition,2.1688746734496,1,0,0,0.69576444081953,0.0,0.16369007378504,0.15193693723741,0.48658802563816,0.43032265210642,0.20995395265513
alle_lehrkraefte,465,2025-10-09,8,0,18,3.7592794149567,performanz,2.0560234558756,1,1,0,0.38312516016929,0.20106786940037,0.30305502307402,0.46025162147509,0.32355873327168,0.54691810843174,0.32449642541173
alle_lehrkraefte,466,2025-10-09,8,0,18,4.4959941585393,performanz,2.2176844063113,1,1,0,0.375599256091,0.19102751887718,0.30355711105251,0.41043602931968,0.36850416155279,0.49325675157556,0.42746583907391
alle_lehrkraefte,467,2025-10-09,8,0,18,3.8411483190915,kognition,2.509295155464,1,0,0,0.65326522548996,0.020984344791132,0.16805441832496,0.2240481499757,0.47451664831199,0.42970909557727,0.29076309654101
alle_lehrkraefte,459,2025-10-21,8,2,1,4.4145152628884,performanz,2.0870902816588,1,1,0,0.43968804871547,0.17418202291411,0.23306809459268,0.42217648532543,0.37570820245601,0.47277796758904,0.42320341528376
alle_lehrkraefte,460,2025-10-21,8,2,1,3.2578547618,kognition,1.8346726067272,1,0,0,0.56315186199242,0.031352009134577,0.21853304168741,0.26739485678908,0.44746296860024,0.50787483501136,0.32319380690867
alle_lehrkraefte,461,2025-10-21,8,2,1,4.0578127668032,kognition,1.7468429863796,1,1,0,0.43048774842273,0.28241639133245,0.31314652429469,0.41780346808517,0.36786569284546,0.40358753700582,0.40507752344252
alle_lehrkraefte,462,2025-10-21,8,2,1,3.1492118583832,kognition,1.8515721846579,1,1,0,0.58794593328796,0.015904736151126,0.19002988281868,0.28714245259574,0.39675344827274,0.52855286700544,0.31419212553827
alle_lehrkraefte,455,2025-10-23,8,0,18,3.3390173794307,performanz,1.5752921706211,1,0,0,0.4453971633637,0.10840822376021,0.24513638282625,0.41734687449694,0.34808714570617,0.47178174708159,0.46027176364271
alle_lehrkraefte,456,2025-10-23,8,0,18,2.7008782028216,kognition,1.8124059963247,1,0,0,0.67104073187158,0.0,0.13221920340388,0.18986342323182,0.46057081054162,0.46390437256253,0.26236264134944
alle_lehrkraefte,457,2025-10-23,8,0,18,3.1844962872024,performanz,1.7623605672214,1,0,0,0.35830210771604,0.21987884155731,0.30560875784078,0.47619592143151,0.25159370964146,0.55341720451418,0.36542762457524
alle_lehrkraefte,458,2025-10-23,8,0,18,2.1705909655679,regulation,1.0748847029185,1,1,0,0.41016065224904,0.049968981073429,0.032170610827381,0.39633397743253,0.46323979442207,0.45970750767414,0.49520143037311
alle_lehrkraefte,451,2025-10-30,8,0,18,3.0075822377954,kognition,2.078940017929,1,1,0,0.69123067675319,0.0,0.25591478507693,0.12837894832579,0.46807332157981,0.46358479692794,0.078844605250314
alle_lehrkraefte,452,2025-10-30,8,0,18,3.9754603937968,kognition,2.1118789605959,1,0,0,0.53122744012662,0.022266357176725,0.15845702965771,0.31305095472288,0.4683200092299,0.49369494887372,0.36211699940813
alle_lehrkraefte,453,2025-10-30,8,0,18,1.6223511642224,kognition,1.3099250211841,1,1,0,0.80741887199446,-0.22053774378081,0.021828366465223,0.015987161275233,0.45547534456461,0.29937627667966,-0.040118943019373
alle_lehrkraefte,454,2025-10-30,8,0,18,3.1819690767104,performanz,1.6514653847318,1,0,0,0.46303540907394,0.052306337430451,0.18165981882267,0.37481530099105,0.44958792227474,0.51900573351321,0.37131243005745
alle_lehrkraefte,446,2025-11-04,8,2,1,4.0297451295107,performanz,2.1018406752718,1,0,0,0.50229795388456,0.030986423052732,0.16577460984972,0.36043056753727,0.43342058043781,0.52158024686899,0.35977892556151
alle_lehrkraefte,447,2025-11-04,8,2,1,4.6361765459891,kognition,2.6228056368715,1,0,0,0.56572478498315,0.048988682338982,0.17044432813436,0.3147111289115,0.48920271513479,0.42441388016159,0.36056963398192
alle_lehrkraefte,448,2025-11-04,8,2,1,3.6133900265862,kognition,2.4241953523872,1,0,0,0.67089038981313,0.0,0.27260700094581,0.12121547483737,0.48802215807,0.46603119948005,0.074445120390985
alle_lehrkraefte,449,2025-11-04,8,2,1,2.4266476899275,performanz,-1.4208154801294,-1,0,0,-0.20928205410567,-0.16359950628713,-0.29551362807447,-0.37210261836463,-0.25185081429813,-0.58550305056493,-0.54534086931492
alle_lehrkraefte,450,2025-11-04,8,2,1,4.0164817262936,regulation,1.9126138920563,1,0,0,0.4588553814492,0.047909025290553,0.09026084042588,0.38084333672938,0.45894389366437,0.44336919087771,0.47619017351276
alle_lehrkraefte,443,2025-11-06,8,0,18,4.6361765459891,kognition,2.6228056368715,1,0,0,0.56572478498315,0.048988682338982,0.17044432813436,0.3147111289115,0.48920271513479,0.42441388016159,0.36056963398192
alle_lehrkraefte,444,2025-11-06,8,0,18,3.3533597644884,motivation,1.7915442913418,1,0,0,0.41425099938255,0.29820749581207,0.29614522655344,0.53425193675745,0.28669873699374,0.4000688015956,0.35225572510267
alle_lehrkraefte,445,2025-11-06,8,0,18,3.8411483190915,kognition,2.509295155464,1,0,0,0.65326522548996,0.020984344791132,0.16805441832496,0.2240481499757,0.47451664831199,0.42970909557727,0.29076309654101
alle_lehrkraefte,1532,2025-11-13,8,11,23,3.5846603474751,regulation,1.7810357015046,1,0,0,0.44499407838611,0.049847783190915,0.036900952175072,0.39802316963037,0.42437609028194,0.46125148062342,0.49684783504823
alle_lehrkraefte,1533,2025-11-13,8,11,23,2.4862506965683,motivation,1.376852504409,1,0,0,0.25215758794377,0.31975729701126,0.30109151145213,0.55378444678366,0.18303761876473,0.51110202343942,0.37696474323594
alle_lehrkraefte,1534,2025-11-13,8,11,23,3.4752254188631,performanz,1.7185730315922,1,0,0,0.31877151424459,0.19146773728403,0.17310725067521,0.46890082280075,0.38408892483263,0.49451988842658,0.46883978948033
alle_lehrkraefte,1535,2025-11-13,8,11,23,3.7317859790821,methodik,1.8854957043321,1,2,0,0.37257320256638,0.065140373552156,0.042626149480566,0.41815824906125,0.50525155043332,0.42545974279615,0.4939353695448
alle_lehrkraefte,1536,2025-11-13,8,11,23,3.1492118583832,kognition,1.8515721846579,1,1,0,0.58794593328796,0.015904736151126,0.19002988281868,0.28714245259574,0.39675344827274,0.52855286700544,0.31419212553827
alle_lehrkraefte,1528,2025-11-20,8,11,23,4.6361765459891,kognition,2.6228056368715,1,0,0,0.56572478498315,0.048988682338982,0.17044432813436,0.3147111289115,0.48920271513479,0.42441388016159,0.36056963398192
alle_lehrkraefte,1529,2025-11-20,8,11,23,1.2686018126927,kognition,0.8988692056326,1,1,0,0.70854551143168,-0.47817808844851,0.094671007275107,-0.032339259882884,0.29739603894933,0.408019253052,0.066035343293338
alle_lehrkraefte,1530,2025-11-20,8,11,23,3.8315882893206,regulation,1.8828031492309,1,0,0,0.34159194361358,0.050489890093849,0.13608916481414,0.46054549880966,0.48061125031933,0.42153089340279,0.4913884512577
alle_lehrkraefte,1531,2025-11-20,8,11,23,2.3758776117239,kognition,1.2359670316972,1,2,0,0.52021275147791,0.063656182750363,0.10754018941885,0.2985663765112,0.48412729841353,0.38234554658149,0.49400813163894
alle_lehrkraefte,1524,2025-11-25,8,2,1,3.8229300313861,kognition,2.0311230831007,1,0,0,0.5312987037268,0.20795513229951,0.31164531269073,0.34246928522452,0.41648835124838,0.41913366222758,0.33305785235829
alle_lehrkraefte,1525,2025-11-25,8,2,1,4.6528861597638,performanz,2.3369126707959,1,0,0,0.45163227136925,0.21250462012127,0.1734894590181,0.40952500747516,0.40519201492762,0.50224904888369,0.3696238348482
alle_lehrkraefte,1526,2025-11-25,8,2,1,3.8092753542734,performanz,2.06132346452,1,0,0,0.46064846728107,0.033447451813805,0.14540012885798,0.38824406928337,0.41376980713662,0.54113128128023,0.38829864222467
alle_lehrkraefte,1527,2025-11-25,8,2,1,4.0578127668032,kognition,1.7468429863796,1,1,0,0.43048774842273,0.28241639133245,0.31314652429469,0.41780346808517,0.36786569284546,0.40358753700582,0.40507752344252
alle_lehrkraefte,1519,2025-11-27,8,11,18,3.5846603474751,regulation,1.7810357015046,1,0,0,0.44499407838611,0.049847783190915,0.036900952175072,0.39802316963037,0.42437609028194,0.46125148062342,0.49684783504823
alle_lehrkraefte,1520,2025-11-27,8,11,18,3.1813676431278,performanz,1.4780206620485,1,0,0,0.43697363840821,0.31432923474525,0.046982968609961,0.43014855236104,0.39172434957001,0.46458510363938,0.39207451324792
alle_lehrkraefte,1521,2025-11-27,8,11,18,3.5517580419398,performanz,1.7816761805797,1,1,1,0.42323574484856,0.16129366203002,0.30455667553456,0.39291713687201,0.3511092726904,0.50163078206162,0.4156926989252
alle_lehrkraefte,1522,2025-11-27,8,11,18,2.1705909655679,regulation,1.0748847029185,1,1,0,0.41016065224904,0.049968981073429,0.032170610827381,0.39633397743253,0.46323979442207,0.45970750767414,0.49520143037311
alle_lehrkraefte,1523,2025-11-27,8,11,18,2.2244020276868,motivation,1.1140601570329,1,0,0,0.19364208074315,0.35739781573953,0.42969720372575,0.50083354305157,0.22503762744528,0.4494585996363,0.38292514080657
alle_lehrkraefte,1514,2025-12-02,8,2,1,3.9028243912711,kognition,2.1928329711058,1,1,0,0.56185652560873,0.035514064351567,0.10716096158394,0.3336892807476,0.43935402011948,0.47241530936597,0.37948739649417
alle_lehrkraefte,1515,2025-12-02,8,2,1,4.04857516276,kognition,2.2375701027702,1,0,0,0.55267951958922,0.19636489490517,0.31562955398473,0.31897353826335,0.43567210529291,0.4119372974083,0.30840327964697
alle_lehrkraefte,1516,2025-12-02,8,2,1,2.2244020276868,motivation,1.1140601570329,1,0,0,0.19364208074315,0.35739781573953,0.42969720372575,0.50083354305157,0.22503762744528,0.4494585996363,0.38292514080657
alle_lehrkraefte,1517,2025-12-02,8,2,1,3.9909291971125,performanz,2.0864958050995,1,0,0,0.50686404877188,0.033885703813723,0.13418955811809,0.37059932669004,0.40085263899891,0.52280821682502,0.39060672750351
alle_lehrkraefte,1518,2025-12-02,8,2,1,0.47720959755646,motivation,0.292,1,0,0,0.42538068645846,0.16763770894915,0.25145656342372,0.61187763766439,0.0,0.52386784046609,0.28079316248982
alle_lehrkraefte,1509,2025-12-04,8,11,1,3.9028243912711,kognition,2.1928329711058,1,1,0,0.56185652560873,0.035514064351567,0.10716096158394,0.3336892807476,0.43935402011948,0.47241530936597,0.37948739649417
alle_lehrkraefte,1510,2025-12-04,8,11,1,3.0556171049096,performanz,1.8608741963844,1,0,0,0.55550638970887,0.0,0.29078875442313,0.25128473348535,0.3845063379814,0.60899911294624,0.15804728787018
alle_lehrkraefte,1511,2025-12-04,8,11,1,3.9472334029979,kognition,2.3317185870149,1,1,0,0.59072075090275,0.036035643093624,0.11051648660271,0.31723657760352,0.43648255743814,0.44637104913987,0.38357304861061
alle_lehrkraefte,1512,2025-12-04,8,11,1,3.9646280613375,kognition,1.8796171795718,1,0,0,0.47409552914842,0.41406760217284,0.095995289892389,0.41406760217284,0.43806451980786,0.35846842256622,0.32048275638434
alle_lehrkraefte,1513,2025-12-04,8,11,1,3.0254345195717,kognition,1.5684720974388,1,0,0,0.51842699057686,0.20645917289249,0.26341793863257,0.36536033774548,0.50138374535,0.37996826043006,0.29993787516034
alle_lehrkraefte,1504,2025-12-09,8,2,1,2.8371568730149,performanz,1.6203139294579,1,0,0,0.54845682023067,0.028021755359531,0.16693232310901,0.30201188330985,0.37207718972365,0.57110279443525,0.33871143059007
alle_lehrkraefte,1505,2025-12-09,8,2,1,3.5945149852943,regulation,1.9772187354812,1,1,1,0.44008146001926,0.21195562268381,0.24766753587711,0.30191198612596,0.39195609564178,0.39077811478869,0.55006398441248
alle_lehrkraefte,1506,2025-12-09,8,2,1,1.9879308952083,performanz,1.5618287758453,1,1,0,0.25799613514327,0.0,0.29557723419353,0.36640379277672,0.20507194513958,0.78565151489663,0.22914512287584
alle_lehrkraefte,1507,2025-12-09,8,2,1,4.3971375276988,kognition,2.1578157776495,1,1,0,0.49073081220424,0.060721922309847,0.069526878632361,0.41129175166939,0.38033388003918,0.45934695578322,0.47522962004667
alle_lehrkraefte,1508,2025-12-09,8,2,1,3.9096314098023,regulation,1.8319677065092,1,1,1,0.46255600050836,0.047647478235413,0.088401420546268,0.37849837337598,0.46503960928608,0.44369421491831,0.46857691396354
alle_lehrkraefte,1499,2025-12-11,8,11,18,4.4388621375364,performanz,2.1744618745086,1,0,0,0.46577705352531,0.21582431903798,0.15028280583915,0.40837051156953,0.4063458558203,0.48986810323295,0.37686600340078
alle_lehrkraefte,1500,2025-12-11,8,11,18,3.0556171049096,performanz,1.8608741963844,1,0,0,0.55550638970887,0.0,0.29078875442313,0.25128473348535,0.3845063379814,0.60899911294624,0.15804728787018
alle_lehrkraefte,1501,2025-12-11,8,11,18,3.0157863397785,kognition,1.6541350767271,1,0,0,0.54849031246209,0.034992294572616,0.080687494641113,0.3468035879373,0.43129858901831,0.48014172008029,0.39317876350424
alle_lehrkraefte,1502,2025-12-11,8,11,18,3.050519966414,kognition,1.8346238946577,1,0,0,0.60141153008057,0.25796034376092,0.36992244687776,0.36833268059845,0.37038652482427,0.38425337642634,0.12002358492601
alle_lehrkraefte,1503,2025-12-11,8,11,18,4.6452590913521,kognition,2.4036580249543,1,1,0,0.51744214978398,0.058805209392942,0.10773919193437,0.37190440664099,0.39890677270429,0.45305062017137,0.46312974922747
alle_lehrkraefte,1494,2025-12-16,8,2,18,3.2870701844949,performanz,1.9531896505829,1,0,0,0.41466224445206,0.031405075980467,0.13079068691856,0.40962322696175,0.34539700132505,0.59420200936871,0.41205624797762
alle_lehrkraefte,1495,2025-12-16,8,2,18,2.9011619883243,performanz,1.8146533005108,1,0,0,0.48967516717457,0.0,0.17265110518826,0.31720137154232,0.35619597135299,0.62548973580807,0.33417546746929
alle_lehrkraefte,1496,2025-12-16,8,2,18,3.1844962872024,performanz,1.7623605672214,1,1,0,0.35830210771604,0.21987884155731,0.30560875784078,0.47619592143151,0.25159370964146,0.55341720451418,0.36542762457524
alle_lehrkraefte,1497,2025-12-16,8,2,18,2.6639588768902,performanz,1.8748588840797,1,0,0,0.42842360358618,0.0,0.29865626988534,0.31581381421945,0.3048058321461,0.70378407959044,0.19822499721326
alle_lehrkraefte,1498,2025-12-16,8,2,18,4.3987436305099,performanz,2.103837143087,1,1,0,0.3675921905991,0.19479055899266,0.31301891969324,0.42537274394915,0.33522742992851,0.47828028569155,0.4548360099664
alle_lehrkraefte,1489,2025-12-18,8,11,18,3.3390173794307,performanz,1.5752921706211,1,0,0,0.4453971633637,0.10840822376021,0.24513638282625,0.41734687449694,0.34808714570617,0.47178174708159,0.46027176364271
alle_lehrkraefte,1490,2025-12-18,8,11,18,4.1753366045791,kognition,2.0025209823477,1,0,0,0.47960592784119,0.20384347683099,0.27356109825585,0.38796629419017,0.38566077691678,0.43325305356153,0.40819754744271
alle_lehrkraefte,1491,2025-12-18,8,11,18,2.912978125167,kognition,1.6160311204744,1,0,0,0.55476749339021,0.020477083484949,0.061832185488812,0.32328979936683,0.45084126492932,0.47490923951655,0.3932819676275
alle_lehrkraefte,1492,2025-12-18,8,11,18,2.2888856549031,performanz,1.2945417374836,1,1,0,0.21945057193054,0.18392997448974,0.30161300890777,0.37123476885487,0.26169585814646,0.56557481539648,0.54850452907291
alle_lehrkraefte,1493,2025-12-18,8,11,18,2.8888755659315,sozial,1.5587443540156,1,1,0,0.37831587943523,0.53956597395126,0.029926290388881,0.46983040777715,0.25197936507438,0.39635197416013,0.35144565621995
alle_lehrkraefte,1485,2025-12-23,8,2,25,3.9811293577573,kognition,2.3238080797438,1,1,0,0.58370427933294,0.031787812818187,0.1439895703798,0.30087943076752,0.48796067658826,0.44786952477039,0.3291195287609
alle_lehrkraefte,1486,2025-12-23,8,2,25,4.2594688496216,kognition,2.4094215925566,1,1,1,0.56566112372425,0.15795064898133,0.28567285882329,0.30089662149189,0.44599474773836,0.43175599614785,0.31241330937636
alle_lehrkraefte,1487,2025-12-23,8,2,25,4.03765358036,performanz,2.2864617340759,1,1,0,0.43974113747622,0.030939032474943,0.17252081947192,0.39356353551596,0.3959268881027,0.56628336872782,0.37891280113976
alle_lehrkraefte,1488,2025-12-23,8,2,25,1.6261417527387,regulation,1.0,1,2,0,0.37388884461493,0.073793850910841,0.061494875759034,0.35913007443276,0.44337805422264,0.38372802473637,0.61494875759034
alle_lehrkraefte,1480,2026-01-06,8,2,23,4.4388621375364,performanz,2.1744618745086,1,0,0,0.46577705352531,0.21582431903798,0.15028280583915,0.40837051156953,0.4063458558203,0.48986810323295,0.37686600340078
alle_lehrkraefte,1481,2026-01-06,8,2,23,3.7903140793782,regulation,2.0584483248078,1,0,0,0.43782915236789,0.20100650117379,0.23487362217918,0.31187955950307,0.38918849396145,0.41116778334824,0.54307976882693
alle_lehrkraefte,1482,2026-01-06,8,2,23,3.3989502526716,kognition,2.3210201415921,1,1,0,0.68286180745059,0.01826365831898,0.17566245392676,0.19020295592194,0.51264892743446,0.39897867265262,0.21055388947738
alle_lehrkraefte,1483,2026-01-06,8,2,23,3.9909291971125,performanz,2.0864958050995,1,0,0,0.50686404877188,0.033885703813723,0.13418955811809,0.37059932669004,0.40085263899891,0.52280821682502,0.39060672750351
alle_lehrkraefte,1484,2026-01-06,8,2,23,4.9669401934215,regulation,2.5051943093294,1,0,0,0.3909448724847,0.12089807406911,0.11494805508238,0.41638689628016,0.45609554731063,0.42841057129645,0.50437274620701
alle_lehrkraefte,1475,2026-01-08,8,11,18,4.8603582361414,kognition,2.4163555556782,1,1,0,0.49715483236647,0.05455158373708,0.089907259755098,0.39074852793277,0.41967516285658,0.46598299116922,0.44251775629924
alle_lehrkraefte,1476,2026-01-08,8,11,18,4.5727824075154,methodik,2.0727013696748,1,0,0,0.44268491679277,0.18727441622495,0.068362349170508,0.41678488063851,0.45326819697048,0.44694964326754,0.43052862189011
alle_lehrkraefte,1477,2026-01-08,8,11,18,2.4266476899275,performanz,-1.4208154801294,-1,0,0,-0.20928205410567,-0.16359950628713,-0.29551362807447,-0.37210261836463,-0.25185081429813,-0.58550305056493,-0.54534086931492
alle_lehrkraefte,1478,2026-01-08,8,11,18,3.9225909597309,regulation,1.8976886923973,1,1,0,0.450203957025,0.19261550717586,0.21765521993499,0.40377985151042,0.38454350726066,0.40972996824294,0.48378326316616
alle_lehrkraefte,1479,2026-01-08,8,11,18,3.2578547618,kognition,1.8346726067272,1,0,0,0.56315186199242,0.031352009134577,0.21853304168741,0.26739485678908,0.44746296860024,0.50787483501136,0.32319380690867
alle_lehrkraefte,1470,2026-01-13,8,2,23,2.7008782028216,kognition,1.8124059963247,1,0,0,0.67104073187158,0.0,0.13221920340388,0.18986342323182,0.46057081054162,0.46390437256253,0.26236264134944
alle_lehrkraefte,1471,2026-01-13,8,2,23,3.7903140793782,regulation,2.0584483248078,1,0,0,0.43782915236789,0.20100650117379,0.23487362217918,0.31187955950307,0.38918849396145,0.41116778334824,0.54307976882693
alle_lehrkraefte,1472,2026-01-13,8,2,23,3.5863224441572,performanz,1.7011124840356,1,1,0,0.44140928068148,0.05461982512367,0.046057928264602,0.44525025198419,0.40530347089364,0.47433206779451,0.46101844996376
alle_lehrkraefte,1473,2026-01-13,8,2,23,2.8957199704337,regulation,1.539769585776,1,0,0,0.47088581038576,0.15755269598282,0.14777939986544,0.33022333356776,0.43475917646087,0.38831659764443,0.5317379733254
alle_lehrkraefte,1474,2026-01-13,8,2,23,3.0257381219646,motivation,1.5369106333891,1,0,0,0.43790454460234,0.050987706223324,0.2277099374948,0.50794400969211,0.29084563611002,0.45239383196929,0.45444797044548
alle_lehrkraefte,1465,2026-01-15,8,11,18,3.9028243912711,kognition,2.1928329711058,1,1,0,0.56185652560873,0.035514064351567,0.10716096158394,0.3336892807476,0.43935402011948,0.47241530936597,0.37948739649417
alle_lehrkraefte,1466,2026-01-15,8,11,18,3.4522478891995,kognition,1.8706043338075,1,1,1,0.54184953553435,0.028966549779741,0.10377305345183,0.30141773302564,0.50406736303315,0.44719022762149,0.38713011245978
alle_lehrkraefte,1467,2026-01-15,8,11,18,5.1347917672217,performanz,2.3948877939416,1,2,0,0.4550965814422,0.18555233494289,0.18262346788491,0.41161163392981,0.39474618047525,0.46640316462253,0.42699134697623
alle_lehrkraefte,1468,2026-01-15,8,11,18,4.8647814867475,performanz,2.3969338314309,1,0,0,0.43636742711202,0.05887908540611,0.11008583245671,0.41821687591632,0.41539574353306,0.49271049703992,0.45141013196524
alle_lehrkraefte,1469,2026-01-15,8,11,18,2.5027427502368,motivation,1.3731526696862,1,0,0,0.32393594064879,0.33971266398016,0.33330308238438,0.54865694166406,0.21347094334422,0.42808596573203,0.37243791298749
alle_lehrkraefte,1461,2026-01-20,8,2,23,3.2870701844949,performanz,1.9531896505829,1,0,0,0.41466224445206,0.031405075980467,0.13079068691856,0.40962322696175,0.34539700132505,0.59420200936871,0.41205624797762
alle_lehrkraefte,1462,2026-01-20,8,2,23,2.9011619883243,performanz,1.8146533005108,1,0,0,0.48967516717457,0.0,0.17265110518826,0.31720137154232,0.35619597135299,0.62548973580807,0.33417546746929
alle_lehrkraefte,1463,2026-01-20,8,2,23,2.4727359267413,performanz,1.5583528329756,1,0,0,0.42450201381654,0.020128723815308,0.15990248555212,0.38637338240925,0.27902517895313,0.63021146496408,0.41171598220526
alle_lehrkraefte,1464,2026-01-20,8,2,23,3.2680013090368,kognition,1.7210596468562,1,0,0,0.52663821636637,0.059917132129427,0.10515379467749,0.32731466212845,0.43852952957493,0.41554212567743,0.48567519117027
alle_lehrkraefte,1457,2026-01-22,8,11,18,2.7008782028216,kognition,1.8124059963247,1,0,0,0.67104073187158,0.0,0.13221920340388,0.18986342323182,0.46057081054162,0.46390437256253,0.26236264134944
alle_lehrkraefte,1458,2026-01-22,8,11,18,3.4522478891995,kognition,1.8706043338075,1,1,1,0.54184953553435,0.028966549779741,0.10377305345183,0.30141773302564,0.50406736303315,0.44719022762149,0.38713011245978
alle_lehrkraefte,1459,2026-01-22,8,11,18,4.6452590913521,kognition,2.4036580249543,1,1,0,0.51744214978398,0.058805209392942,0.10773919193437,0.37190440664099,0.39890677270429,0.45305062017137,0.46312974922747
alle_lehrkraefte,1460,2026-01-22,8,11,18,3.4507597507663,performanz,1.7576385021604,1,0,0,0.44464530526223,0.098341955792704,0.27435660761333,0.36291912005201,0.37409352724782,0.50934679190639,0.43156883465415
alle_lehrkraefte,1453,2026-01-27,8,2,23,3.7362141348712,performanz,2.071194181061,1,0,0,0.44069559892085,0.037355174638719,0.10658755293803,0.41158049147071,0.35829413188745,0.55435490652982,0.43352413115014
alle_lehrkraefte,1454,2026-01-27,8,2,23,2.9011619883243,performanz,1.8146533005108,1,0,0,0.48967516717457,0.0,0.17265110518826,0.31720137154232,0.35619597135299,0.62548973580807,0.33417546746929
alle_lehrkraefte,1455,2026-01-27,8,2,23,4.1066196583502,regulation,1.9611829425497,1,1,0,0.45479888547485,0.19603031562825,0.22223033496086,0.40278440644117,0.38328801363239,0.41003110509019,0.47756508516951
alle_lehrkraefte,1456,2026-01-27,8,2,23,3.702637071267,performanz,1.9659302386016,1,0,0,0.47017325437901,0.18259732730411,0.27316223778375,0.42473426924758,0.31688346369353,0.5309526403036,0.32900954691659
alle_lehrkraefte,1448,2026-01-29,8,11,18,2.7008782028216,kognition,1.8124059963247,1,0,0,0.67104073187158,0.0,0.13221920340388,0.18986342323182,0.46057081054162,0.46390437256253,0.26236264134944
alle_lehrkraefte,1449,2026-01-29,8,11,18,4.1753366045791,kognition,2.0025209823477,1,0,0,0.47960592784119,0.20384347683099,0.27356109825585,0.38796629419017,0.38566077691678,0.43325305356153,0.40819754744271
alle_lehrkraefte,1450,2026-01-29,8,11,18,4.2332441001739,kognition,2.2209564799031,1,0,0,0.52464520847256,0.057651067006785,0.12431452439003,0.36300826394135,0.46358746533329,0.45239334066434,0.39321350670068
alle_lehrkraefte,1451,2026-01-29,8,11,18,2.1705909655679,regulation,1.0748847029185,1,1,0,0.41016065224904,0.049968981073429,0.032170610827381,0.39633397743253,0.46323979442207,0.45970750767414,0.49520143037311
alle_lehrkraefte,1452,2026-01-29,8,11,18,3.1844962872024,performanz,1.7623605672214,1,0,0,0.35830210771604,0.21987884155731,0.30560875784078,0.47619592143151,0.25159370964146,0.55341720451418,0.36542762457524
alle_lehrkraefte,608,2025-01-09,9,5,6,2.3090175281871,performanz,1.6228178715771,1,1,0,0.46170613489095,0.0,0.28371199350357,0.28453536910226,0.31761708163355,0.70281443238193,0.17474889106965
alle_lehrkraefte,607,2025-01-28,9,2,1,1.7726867202882,regulation,-1.263710942149,-1,1,0,0.10849853438978,-0.074997223003202,0.055207155142918,-0.55733028917022,-0.31456385027744,-0.24856855490473,-0.71287486894184
alle_lehrkraefte,606,2025-04-03,9,5,1,1.8333540301862,methodik,1.0,1,0,0,0.33163081089698,0.05454454126595,0.03272672475957,0.39762970582878,0.5454454126595,0.40853861408197,0.51326413331259
alle_lehrkraefte,605,2025-04-29,9,2,1,0.0,,0.0,0,0,0,0.0,0.0,0.0,0.0,0.0,0.0,0.0
alle_lehrkraefte,601,2025-08-26,9,2,1,2.5067581730363,performanz,1.5566689652548,1,1,1,0.26142891558259,0.011477205989188,-0.061471372040178,0.42662989407497,0.21000085495624,0.62098640871495,0.5621378322668
alle_lehrkraefte,602,2025-08-26,9,2,1,3.5459767256588,kognition,2.0635169573234,1,1,0,0.5819302543892,0.025556217949941,0.16336965941252,0.27651007972838,0.44722713027514,0.40033995329892,0.44414723291951
alle_lehrkraefte,603,2025-08-26,9,2,1,3.648548811648,performanz,1.8144280300528,1,0,0,0.38885845163842,0.19199426251791,0.31575625939891,0.41583833205431,0.32791525199639,0.49729992682597,0.42949116716453
alle_lehrkraefte,604,2025-08-26,9,2,1,3.4721038792412,performanz,1.8125938090566,1,0,0,0.39217224110269,0.21769801896299,0.29717024810151,0.46920701499411,0.33079089078195,0.52204330620997,0.32921959148461
alle_lehrkraefte,597,2025-08-28,9,5,1,3.9028243912711,kognition,2.1928329711058,1,1,0,0.56185652560873,0.035514064351567,0.10716096158394,0.3336892807476,0.43935402011948,0.47241530936597,0.37948739649417
alle_lehrkraefte,598,2025-08-28,9,5,1,3.1813676431278,performanz,1.4780206620485,1,0,0,0.43697363840821,0.31432923474525,0.046982968609961,0.43014855236104,0.39172434957001,0.46458510363938,0.39207451324792
alle_lehrkraefte,599,2025-08-28,9,5,1,4.766014081322,regulation,2.3358286965014,1,0,0,0.46034606997404,0.12046710266232,0.13530206615574,0.39610570126781,0.40717581938225,0.43859820175407,0.49010006173814
alle_lehrkraefte,600,2025-08-28,9,5,1,1.8273455172678,performanz,1.1724972459399,1,0,0,0.54980820991586,0.0,0.27410678731762,0.23969063264431,0.36296970946299,0.64163608824894,0.14720726068794
alle_lehrkraefte,593,2025-09-02,9,2,1,4.7272578340427,performanz,2.1834193470863,1,1,0,0.40939526234525,0.19494675496675,0.26216929806182,0.43140491422681,0.38087108066135,0.46187764766845,0.42561763210998
alle_lehrkraefte,594,2025-09-02,9,2,1,3.2645506643148,kognition,1.752927244018,1,0,0,0.53695655381115,0.12160901291853,0.19430850592622,0.27023992750622,0.42310320660401,0.44252841115942,0.45961902581514
alle_lehrkraefte,595,2025-09-02,9,2,1,3.6133900265862,kognition,2.4241953523872,1,0,0,0.67089038981313,0.0,0.27260700094581,0.12121547483737,0.48802215807,0.46603119948005,0.074445120390985
alle_lehrkraefte,596,2025-09-02,9,2,1,3.5717878102127,kognition,1.8941985677148,1,0,0,0.5303207707611,0.0025796929428273,0.21368847062502,0.26998418773395,0.48896612273076,0.52657343227264,0.289527119649
alle_lehrkraefte,588,2025-09-04,9,5,1,3.7011651508002,kognition,2.1684041030201,1,1,0,0.58586908607967,0.031850875719515,0.1133674869774,0.31201643281213,0.45610778016662,0.4616490767318,0.35267111220798
alle_lehrkraefte,589,2025-09-04,9,5,1,2.9265661869219,performanz,1.5787926947118,1,1,0,0.28659557915233,0.27164848930045,0.25579104837216,0.52197291599618,0.21390104467077,0.53946748482647,0.41158186160399
alle_lehrkraefte,590,2025-09-04,9,5,1,3.6414353147212,kognition,2.2776056467846,1,1,0,0.62546748610422,0.27461623437192,0.16575805220749,0.27461623437192,0.50542814010508,0.35483813319295,0.22161530113814
alle_lehrkraefte,591,2025-09-04,9,5,1,3.5141486703425,motivation,1.8282533754185,1,1,0,0.38999155322217,0.42684469903398,0.26587937625879,0.52025350785892,0.25587316251426,0.38566410609745,0.33187507722202
alle_lehrkraefte,592,2025-09-04,9,5,1,4.7245662545224,kognition,2.4427137214532,1,0,0,0.51702281640921,0.0716425600792,0.12221998272692,0.39657422898699,0.39719402606343,0.45360297474682,0.43797593701499
alle_lehrkraefte,583,2025-09-09,9,2,1,3.0075822377954,kognition,2.078940017929,1,1,0,0.69123067675319,0.0,0.25591478507693,0.12837894832579,0.46807332157981,0.46358479692794,0.078844605250314
alle_lehrkraefte,584,2025-09-09,9,2,1,3.9754603937968,kognition,2.1118789605959,1,0,0,0.53122744012662,0.022266357176725,0.15845702965771,0.31305095472288,0.4683200092299,0.49369494887372,0.36211699940813
alle_lehrkraefte,585,2025-09-09,9,2,1,3.1819690767104,performanz,1.6514653847318,1,0,0,0.46303540907394,0.052306337430451,0.18165981882267,0.37481530099105,0.44958792227474,0.51900573351321,0.37131243005745
alle_lehrkraefte,586,2025-09-09,9,2,1,3.1492118583832,kognition,1.8515721846579,1,1,0,0.58794593328796,0.015904736151126,0.19002988281868,0.28714245259574,0.39675344827274,0.52855286700544,0.31419212553827
alle_lehrkraefte,587,2025-09-09,9,2,1,2.8268819818558,kognition,2.1908165769441,1,1,0,0.77499125930729,0.0,0.21266397870048,0.0,0.51818391271022,0.29264472978968,0.0
alle_lehrkraefte,578,2025-09-11,9,5,1,3.7834187822736,performanz,2.1524916087874,1,0,0,0.43529939562806,0.035551443866491,0.119184436252,0.4104201615304,0.35006848278279,0.56892616001453,0.42470070376623
alle_lehrkraefte,579,2025-09-11,9,5,1,3.1813676431278,performanz,1.4780206620485,1,0,0,0.43697363840821,0.31432923474525,0.046982968609961,0.43014855236104,0.39172434957001,0.46458510363938,0.39207451324792
alle_lehrkraefte,580,2025-09-11,9,5,1,3.3533597644884,motivation,1.7915442913418,1,0,0,0.41425099938255,0.29820749581207,0.29614522655344,0.53425193675745,0.28669873699374,0.4000688015956,0.35225572510267
alle_lehrkraefte,581,2025-09-11,9,5,1,2.5553402422033,performanz,1.5570911828289,1,0,0,0.44652012702407,0.031112132778026,0.17952669910686,0.37349850335762,0.31353891804787,0.60934550462497,0.39787487959923
alle_lehrkraefte,582,2025-09-11,9,5,1,2.3952654381643,kognition,1.2611174102,1,0,0,0.52650204235655,0.11634635597757,0.15877535207586,0.29265668669538,0.38319488600229,0.4197213856147,0.52477506057088
alle_lehrkraefte,573,2025-09-16,9,2,1,4.2434364120772,kognition,2.1266007185707,1,0,0,0.50114942244074,0.11396715072385,0.17824852421908,0.34183623305069,0.44985360536929,0.43478865646368,0.44251784498799
alle_lehrkraefte,574,2025-09-16,9,2,1,3.8229300313861,kognition,2.0311230831007,1,0,0,0.5312987037268,0.20795513229951,0.31164531269073,0.34246928522452,0.41648835124838,0.41913366222758,0.33305785235829
alle_lehrkraefte,575,2025-09-16,9,2,1,3.4752254188631,performanz,1.7185730315922,1,0,0,0.31877151424459,0.19146773728403,0.17310725067521,0.46890082280075,0.38408892483263,0.49451988842658,0.46883978948033
alle_lehrkraefte,576,2025-09-16,9,2,1,0.7559504857546,kognition,0.45160220709135,1,2,0,0.59738864081045,0.052912818531873,0.039684613898905,0.36343871056381,0.29323940926186,0.48794453536944,0.42726900609995
alle_lehrkraefte,577,2025-09-16,9,2,1,2.7800794322758,performanz,1.5619583131048,1,0,0,0.4828625632128,0.016496962767111,0.21435825162725,0.32723127590326,0.36859184201213,0.56183743406635,0.40250886323243
alle_lehrkraefte,568,2025-09-18,9,5,1,3.9028243912711,kognition,2.1928329711058,1,1,0,0.56185652560873,0.035514064351567,0.10716096158394,0.3336892807476,0.43935402011948,0.47241530936597,0.37948739649417
alle_lehrkraefte,569,2025-09-18,9,5,1,3.0556171049096,performanz,1.8608741963844,1,0,0,0.55550638970887,0.0,0.29078875442313,0.25128473348535,0.3845063379814,0.60899911294624,0.15804728787018
alle_lehrkraefte,570,2025-09-18,9,5,1,3.1766681938078,kognition,1.628635644424,1,0,0,0.51268512107983,0.22387537947476,0.28929848813247,0.40637796246605,0.35743108585166,0.47592781995218,0.2897007950665
alle_lehrkraefte,571,2025-09-18,9,5,1,3.050519966414,kognition,1.8346238946577,1,0,0,0.60141153008057,0.25796034376092,0.36992244687776,0.36833268059845,0.37038652482427,0.38425337642634,0.12002358492601
alle_lehrkraefte,572,2025-09-18,9,5,1,3.4817423048328,kognition,2.1505046567471,1,0,0,0.61765009927963,0.2872117004452,0.15603886664661,0.2872117004452,0.50103511698974,0.35272549844014,0.23177984225927
alle_lehrkraefte,564,2025-09-25,9,5,1,4.2434364120772,kognition,2.1266007185707,1,0,0,0.50114942244074,0.11396715072385,0.17824852421908,0.34183623305069,0.44985360536929,0.43478865646368,0.44251784498799
alle_lehrkraefte,565,2025-09-25,9,5,1,3.1073267084519,kognition,1.9342871926371,1,1,0,0.62249037491684,0.0,0.11492455442266,0.23104024420111,0.44023969477505,0.50017229306716,0.31926280320256
alle_lehrkraefte,566,2025-09-25,9,5,1,4.4216046880607,kognition,2.0853285652008,1,2,0,0.4716215030748,0.36414660726771,0.047438255229545,0.39013128832792,0.38300780594584,0.42892530811935,0.39980141754522
alle_lehrkraefte,567,2025-09-25,9,5,1,1.8273455172678,performanz,1.1724972459399,1,0,0,0.54980820991586,0.0,0.27410678731762,0.23969063264431,0.36296970946299,0.64163608824894,0.14720726068794
alle_lehrkraefte,562,2025-09-30,9,2,1,3.9754603937968,kognition,2.1118789605959,1,0,0,0.53122744012662,0.022266357176725,0.15845702965771,0.31305095472288,0.4683200092299,0.49369494887372,0.36211699940813
alle_lehrkraefte,563,2025-09-30,9,2,1,2.8317859427849,performanz,1.5905662396008,1,0,0,0.34456488256982,0.060358887711972,0.16437475016394,0.43433565860583,0.4076290773864,0.56168109275437,0.42463059971445
alle_lehrkraefte,557,2025-10-02,9,5,1,4.2434364120772,kognition,2.1266007185707,1,0,0,0.50114942244074,0.11396715072385,0.17824852421908,0.34183623305069,0.44985360536929,0.43478865646368,0.44251784498799
alle_lehrkraefte,558,2025-10-02,9,5,1,2.5582570097871,kognition,1.7594039781414,1,0,0,0.68773273915917,-0.020289100415568,0.11334436936152,0.13487771053507,0.48433041977542,0.44738733935134,0.24664526007838
alle_lehrkraefte,559,2025-10-02,9,5,1,3.4721038792412,performanz,1.8125938090566,1,0,0,0.39217224110269,0.21769801896299,0.29717024810151,0.46920701499411,0.33079089078195,0.52204330620997,0.32921959148461
alle_lehrkraefte,560,2025-10-02,9,5,1,3.2680013090368,kognition,1.7210596468562,1,0,0,0.52663821636637,0.059917132129427,0.10515379467749,0.32731466212845,0.43852952957493,0.41554212567743,0.48567519117027
alle_lehrkraefte,561,2025-10-02,9,5,1,2.0764094036694,kognition,1.3594756108737,1,2,0,0.65472110714788,0.0411942834592,0.14735318777538,0.20047884616811,0.51221333793673,0.35710134265216,0.34328569549333
alle_lehrkraefte,553,2025-10-28,9,2,1,2.5067581730363,performanz,1.5566689652548,1,1,1,0.26142891558259,0.011477205989188,-0.061471372040178,0.42662989407497,0.21000085495624,0.62098640871495,0.5621378322668
alle_lehrkraefte,554,2025-10-28,9,2,1,3.1813676431278,performanz,1.4780206620485,1,0,0,0.43697363840821,0.31432923474525,0.046982968609961,0.43014855236104,0.39172434957001,0.46458510363938,0.39207451324792
alle_lehrkraefte,555,2025-10-28,9,2,1,2.1129969924978,performanz,-1.8674785612985,-1,0,0,-0.23666123224212,0.09973348232948,-0.23115913641968,-0.28495457071789,-0.12530584779423,-0.88380141094134,0.050941979720327
alle_lehrkraefte,556,2025-10-28,9,2,1,0.99141868047763,kognition,0.811,1,1,0,0.81801143740294,0.0,0.17853023972912,0.0,0.48515844807745,0.25216135554961,0.0
alle_lehrkraefte,548,2025-10-30,9,5,1,4.6221765003632,regulation,2.2831943720438,1,1,0,0.42028364349602,0.07674949586674,0.058605948586205,0.41798896030911,0.44907287797465,0.44005726793527,0.4939641383714
alle_lehrkraefte,549,2025-10-30,9,5,1,2.4862506965683,motivation,1.376852504409,1,0,0,0.25215758794377,0.31975729701126,0.30109151145213,0.55378444678366,0.18303761876473,0.51110202343942,0.37696474323594
alle_lehrkraefte,550,2025-10-30,9,5,1,3.9546306929547,kognition,2.2238972144743,1,0,0,0.56235126959478,0.020922098272622,0.19218035228865,0.30745598822261,0.40913861330308,0.52329609560557,0.33259972485648
alle_lehrkraefte,551,2025-10-30,9,5,1,3.5253302199341,performanz,1.7364678940513,1,0,0,0.45873591159058,0.17557733186734,0.29381275481814,0.38507725246167,0.43967873597745,0.49256746461871,0.29694741524276
alle_lehrkraefte,552,2025-10-30,9,5,1,2.1129969924978,performanz,-1.8674785612985,-1,0,0,-0.23666123224212,0.09973348232948,-0.23115913641968,-0.28495457071789,-0.12530584779423,-0.88380141094134,0.050941979720327
alle_lehrkraefte,544,2025-11-04,9,2,1,4.2776947265947,kognition,2.4410982889583,1,0,0,0.57065609830007,0.061680906507123,0.098417161158226,0.35536178558859,0.45537212052641,0.40162071683407,0.40732235788888
alle_lehrkraefte,545,2025-11-04,9,2,1,3.8229300313861,kognition,2.0311230831007,1,0,0,0.5312987037268,0.20795513229951,0.31164531269073,0.34246928522452,0.41648835124838,0.41913366222758,0.33305785235829
alle_lehrkraefte,546,2025-11-04,9,2,1,4.105530115666,regulation,1.9603476546835,1,0,0,0.40874243667907,0.052973024371062,0.031854050439072,0.42453459808445,0.46443239119492,0.45296988137695,0.47748836924115
alle_lehrkraefte,547,2025-11-04,9,2,1,2.8006523873511,kognition,1.4758361358457,1,0,0,0.52695967300848,0.28386141920944,0.3913078160065,0.35705838894269,0.40277514975236,0.34038294450806,0.28814611987675
alle_lehrkraefte,541,2025-11-06,9,5,1,4.0202243037138,kognition,2.0547114305757,1,0,0,0.51109245764048,0.032870016624614,0.15348776998845,0.35931223423551,0.44420521406901,0.50173089465934,0.36875892782791
alle_lehrkraefte,542,2025-11-06,9,5,1,2.2244020276868,motivation,1.1140601570329,1,0,0,0.19364208074315,0.35739781573953,0.42969720372575,0.50083354305157,0.22503762744528,0.4494585996363,0.38292514080657
alle_lehrkraefte,543,2025-11-06,9,5,1,2.5553402422033,performanz,1.5570911828289,1,0,0,0.44652012702407,0.031112132778026,0.17952669910686,0.37349850335762,0.31353891804787,0.60934550462497,0.39787487959923
alle_lehrkraefte,1836,2025-11-11,9,2,1,3.7834187822736,performanz,2.1524916087874,1,0,0,0.43529939562806,0.035551443866491,0.119184436252,0.4104201615304,0.35006848278279,0.56892616001453,0.42470070376623
alle_lehrkraefte,1837,2025-11-11,9,2,1,4.1753366045791,kognition,2.0025209823477,1,0,0,0.47960592784119,0.20384347683099,0.27356109825585,0.38796629419017,0.38566077691678,0.43325305356153,0.40819754744271
alle_lehrkraefte,1838,2025-11-11,9,2,1,2.8957199704337,regulation,1.539769585776,1,0,0,0.47088581038576,0.15755269598282,0.14777939986544,0.33022333356776,0.43475917646087,0.38831659764443,0.5317379733254
alle_lehrkraefte,1839,2025-11-11,9,2,1,4.766014081322,regulation,2.3358286965014,1,0,0,0.46034606997404,0.12046710266232,0.13530206615574,0.39610570126781,0.40717581938225,0.43859820175407,0.49010006173814
alle_lehrkraefte,1840,2025-11-11,9,2,1,4.2157345291432,regulation,1.9791706721549,1,0,0,0.37487060772453,0.2035061245517,0.30634878400679,0.42635033914532,0.34151654325095,0.45320148723103,0.46947120691802
alle_lehrkraefte,1831,2025-11-13,9,5,1,3.9028243912711,kognition,2.1928329711058,1,1,0,0.56185652560873,0.035514064351567,0.10716096158394,0.3336892807476,0.43935402011948,0.47241530936597,0.37948739649417
alle_lehrkraefte,1832,2025-11-13,9,5,1,2.4862506965683,motivation,1.376852504409,1,0,0,0.25215758794377,0.31975729701126,0.30109151145213,0.55378444678366,0.18303761876473,0.51110202343942,0.37696474323594
alle_lehrkraefte,1833,2025-11-13,9,5,1,3.2578547618,kognition,1.8346726067272,1,0,0,0.56315186199242,0.031352009134577,0.21853304168741,0.26739485678908,0.44746296860024,0.50787483501136,0.32319380690867
alle_lehrkraefte,1834,2025-11-13,9,5,1,1.8273455172678,performanz,1.1724972459399,1,0,0,0.54980820991586,0.0,0.27410678731762,0.23969063264431,0.36296970946299,0.64163608824894,0.14720726068794
alle_lehrkraefte,1835,2025-11-13,9,5,1,4.6528861597638,performanz,2.3369126707959,1,0,0,0.45163227136925,0.21250462012127,0.1734894590181,0.40952500747516,0.40519201492762,0.50224904888369,0.3696238348482
alle_lehrkraefte,1827,2025-11-18,9,2,1,3.7011651508002,kognition,2.1684041030201,1,1,0,0.58586908607967,0.031850875719515,0.1133674869774,0.31201643281213,0.45610778016662,0.4616490767318,0.35267111220798
alle_lehrkraefte,1828,2025-11-18,9,2,1,3.9082087439743,kognition,2.1969604991137,1,1,0,0.56213857080057,0.033812121852611,0.13194589398309,0.32139828186305,0.47968884541538,0.45640853074794,0.35176006075289
alle_lehrkraefte,1829,2025-11-18,9,2,1,3.0334590316781,motivation,1.4967807162732,1,1,0,0.40960998879063,0.27178769119693,0.29238363314321,0.4934221185852,0.341322519198,0.45002586477868,0.3322146862729
alle_lehrkraefte,1830,2025-11-18,9,2,1,4.0164817262936,regulation,1.9126138920563,1,0,0,0.4588553814492,0.047909025290553,0.09026084042588,0.38084333672938,0.45894389366437,0.44336919087771,0.47619017351276
alle_lehrkraefte,1822,2025-11-20,9,5,1,4.7272578340427,performanz,2.1834193470863,1,1,0,0.40939526234525,0.19494675496675,0.26216929806182,0.43140491422681,0.38087108066135,0.46187764766845,0.42561763210998
alle_lehrkraefte,1823,2025-11-20,9,5,1,3.9082087439743,kognition,2.1969604991137,1,1,0,0.56213857080057,0.033812121852611,0.13194589398309,0.32139828186305,0.47968884541538,0.45640853074794,0.35176006075289
alle_lehrkraefte,1824,2025-11-20,9,5,1,2.7153344123817,kognition,1.512680856227,1,1,0,0.55708618373762,-0.077067209853772,-0.023311259048937,0.34116611055201,0.49480456333913,0.45950366325734,0.33285937163261
alle_lehrkraefte,1825,2025-11-20,9,5,1,2.6745080662689,kognition,1.7197401550854,1,0,0,0.64300936186405,0.0086656749691408,0.11409784127781,0.22665812140119,0.51583615204378,0.42030259628855,0.28164331889844
alle_lehrkraefte,1826,2025-11-20,9,5,1,3.2680013090368,kognition,1.7210596468562,1,0,0,0.52663821636637,0.059917132129427,0.10515379467749,0.32731466212845,0.43852952957493,0.41554212567743,0.48567519117027
alle_lehrkraefte,1818,2025-11-25,9,2,1,4.2776947265947,kognition,2.4410982889583,1,0,0,0.57065609830007,0.061680906507123,0.098417161158226,0.35536178558859,0.45537212052641,0.40162071683407,0.40732235788888
alle_lehrkraefte,1819,2025-11-25,9,2,1,3.0556171049096,performanz,1.8608741963844,1,0,0,0.55550638970887,0.0,0.29078875442313,0.25128473348535,0.3845063379814,0.60899911294624,0.15804728787018
alle_lehrkraefte,1820,2025-11-25,9,2,1,3.4752254188631,performanz,1.7185730315922,1,0,0,0.31877151424459,0.19146773728403,0.17310725067521,0.46890082280075,0.38408892483263,0.49451988842658,0.46883978948033
alle_lehrkraefte,1821,2025-11-25,9,2,1,2.9900649591247,kognition,1.7353345284312,1,0,0,0.58036489123308,0.10643085034257,0.28652846723075,0.23051807041907,0.42718416964422,0.47692739623724,0.32658716896938
alle_lehrkraefte,1813,2025-11-27,9,5,1,3.7011651508002,kognition,2.1684041030201,1,1,0,0.58586908607967,0.031850875719515,0.1133674869774,0.31201643281213,0.45610778016662,0.4616490767318,0.35267111220798
alle_lehrkraefte,1814,2025-11-27,9,5,1,2.3428052989296,methodik,1.3071304723696,1,0,0,0.51447576205092,0.042683689169047,0.09160513239389,0.31116409404235,0.55793150786012,0.39453333050523,0.40165351508073
alle_lehrkraefte,1815,2025-11-27,9,5,1,2.9898402914902,kognition,1.8497956426329,1,1,0,0.61869172777574,0.26165124118264,0.37511761181132,0.32912105809137,0.40496483599092,0.3576085578641,0.088533564626579
alle_lehrkraefte,1816,2025-11-27,9,5,1,1.5890209998845,motivation,0.85188551646247,1,0,0,0.33406255970934,0.45645506608696,0.46047891028742,0.53610377426518,0.18684581263477,0.36274856741847,0.11871153327529
alle_lehrkraefte,1817,2025-11-27,9,5,1,3.4817423048328,kognition,2.1505046567471,1,0,0,0.61765009927963,0.2872117004452,0.15603886664661,0.2872117004452,0.50103511698974,0.35272549844014,0.23177984225927
alle_lehrkraefte,1808,2025-12-02,9,2,1,3.2284332079851,kognition,2.0249577812164,1,1,1,0.62722422256273,0.027607078164519,0.12304400854027,0.27572196662313,0.46075342934985,0.44961835806807,0.31655743152458
alle_lehrkraefte,1809,2025-12-02,9,2,1,3.0556171049096,performanz,1.8608741963844,1,0,0,0.55550638970887,0.0,0.29078875442313,0.25128473348535,0.3845063379814,0.60899911294624,0.15804728787018
alle_lehrkraefte,1810,2025-12-02,9,2,1,1.9935420942378,motivation,1.2459236375843,1,4,0,0.1924119840039,0.33536319260425,0.25723120973569,0.62497671427077,0.082253812699267,0.4466343056288,0.43299820303145
alle_lehrkraefte,1811,2025-12-02,9,2,1,3.771468009549,performanz,1.8171380778151,1,0,0,0.36111509572411,0.22685067187805,0.32978668596496,0.42468678617285,0.34745157352079,0.48181059871337,0.41969892040688
alle_lehrkraefte,1812,2025-12-02,9,2,1,4.766014081322,regulation,2.3358286965014,1,0,0,0.46034606997404,0.12046710266232,0.13530206615574,0.39610570126781,0.40717581938225,0.43859820175407,0.49010006173814
alle_lehrkraefte,1804,2025-12-04,9,5,1,4.4388621375364,performanz,2.1744618745086,1,0,0,0.46577705352531,0.21582431903798,0.15028280583915,0.40837051156953,0.4063458558203,0.48986810323295,0.37686600340078
alle_lehrkraefte,1805,2025-12-04,9,5,1,4.1753366045791,kognition,2.0025209823477,1,0,0,0.47960592784119,0.20384347683099,0.27356109825585,0.38796629419017,0.38566077691678,0.43325305356153,0.40819754744271
alle_lehrkraefte,1806,2025-12-04,9,5,1,2.3554216638968,performanz,1.171031134971,1,0,0,0.19785571730366,0.33095686675477,0.41928909416486,0.49146919269571,0.22256410971708,0.4971620076779,0.37048889297316
alle_lehrkraefte,1807,2025-12-04,9,5,1,3.4721038792412,performanz,1.8125938090566,1,0,0,0.39217224110269,0.21769801896299,0.29717024810151,0.46920701499411,0.33079089078195,0.52204330620997,0.32921959148461
alle_lehrkraefte,1799,2025-12-09,9,2,1,3.2870701844949,performanz,1.9531896505829,1,0,0,0.41466224445206,0.031405075980467,0.13079068691856,0.40962322696175,0.34539700132505,0.59420200936871,0.41205624797762
alle_lehrkraefte,1800,2025-12-09,9,2,1,3.9453024964552,kognition,2.3459293201978,1,1,1,0.59461178862399,0.17052830396184,0.30842106960146,0.27913815177287,0.45862360065479,0.4018311838535,0.26926989756156
alle_lehrkraefte,1801,2025-12-09,9,2,1,3.9472334029979,kognition,2.3317185870149,1,1,0,0.59072075090275,0.036035643093624,0.11051648660271,0.31723657760352,0.43648255743814,0.44637104913987,0.38357304861061
alle_lehrkraefte,1802,2025-12-09,9,2,1,3.050519966414,kognition,1.8346238946577,1,0,0,0.60141153008057,0.25796034376092,0.36992244687776,0.36833268059845,0.37038652482427,0.38425337642634,0.12002358492601
alle_lehrkraefte,1803,2025-12-09,9,2,1,2.6677743582537,performanz,1.5511427607571,1,0,0,0.32130842266691,0.036953441487947,0.1513991513825,0.40364975331999,0.43700613516417,0.58143483597468,0.42484372043268
alle_lehrkraefte,1795,2025-12-11,9,5,1,2.8371568730149,performanz,1.6203139294579,1,0,0,0.54845682023067,0.028021755359531,0.16693232310901,0.30201188330985,0.37207718972365,0.57110279443525,0.33871143059007
alle_lehrkraefte,1796,2025-12-11,9,5,1,4.7299790770357,methodik,2.1410505413095,1,1,0,0.44419334632973,0.193543274998,0.0710246340135,0.41578844647734,0.45265443670988,0.44516430395875,0.42922862904441
alle_lehrkraefte,1797,2025-12-11,9,5,1,4.723590507544,performanz,2.2224477744004,1,0,0,0.42040962805,0.22593003878185,0.11044512960084,0.43942386871515,0.4051961049162,0.47049867380845,0.42586709149823
alle_lehrkraefte,1798,2025-12-11,9,5,1,4.8458292980034,kognition,2.4887495600728,1,1,0,0.51358483165098,0.061490211488883,0.10551649015658,0.3882399826205,0.41087257110398,0.45031579473172,0.44607269460341
alle_lehrkraefte,1790,2025-12-16,9,2,18,4.5039203437359,performanz,2.1625397852702,1,0,0,0.43533203634603,0.17064144437225,0.24094742665989,0.42185314901355,0.37315321830169,0.48014503338796,0.41900448192064
alle_lehrkraefte,1791,2025-12-16,9,2,18,2.6011908708907,kognition,1.6291639737569,1,1,0,0.62631225138682,0.017885899512245,0.12307583679251,0.21551127310514,0.58013916482116,0.36832679624498,0.2712683538319
alle_lehrkraefte,1792,2025-12-16,9,2,18,2.6677743582537,performanz,1.5511427607571,1,0,0,0.32130842266691,0.036953441487947,0.1513991513825,0.40364975331999,0.43700613516417,0.58143483597468,0.42484372043268
alle_lehrkraefte,1793,2025-12-16,9,2,18,1.7830001959488,performanz,1.3195872615143,1,0,0,0.38136155656562,0.022433971544799,0.21359046816581,0.36212796890268,0.22310986354917,0.74008957689225,0.28245480372957
alle_lehrkraefte,1794,2025-12-16,9,2,18,2.1587129569032,kognition,1.2771822134312,1,1,0,0.59163785206759,0.36827328743493,0.41197527053745,0.39903167299848,0.34750634655043,0.2469901369355,0.060128901709216
alle_lehrkraefte,1785,2025-12-18,9,5,23,2.8371568730149,performanz,1.6203139294579,1,0,0,0.54845682023067,0.028021755359531,0.16693232310901,0.30201188330985,0.37207718972365,0.57110279443525,0.33871143059007
alle_lehrkraefte,1786,2025-12-18,9,5,23,3.0556171049096,performanz,1.8608741963844,1,0,0,0.55550638970887,0.0,0.29078875442313,0.25128473348535,0.3845063379814,0.60899911294624,0.15804728787018
alle_lehrkraefte,1787,2025-12-18,9,5,23,4.1066196583502,regulation,1.9611829425497,1,1,0,0.45479888547485,0.19603031562825,0.22223033496086,0.40278440644117,0.38328801363239,0.41003110509019,0.47756508516951
alle_lehrkraefte,1788,2025-12-18,9,5,23,3.3659078131316,kognition,1.8644313920995,1,0,0,0.55391471081846,0.027419524844313,0.15221827542323,0.29709727428258,0.43315863907753,0.40624546152473,0.47783024759156
alle_lehrkraefte,1789,2025-12-18,9,5,23,4.362368859302,kognition,2.2688988134381,1,0,0,0.52010586118627,0.19744656419101,0.27327195712571,0.37284289932841,0.46304826268623,0.41077008263379,0.30604741185795
alle_lehrkraefte,1780,2025-12-23,9,2,25,2.7997959491403,performanz,2.1704766163445,1,1,0,0.26400718649651,0.0,0.30179924290111,0.3725176947635,0.21048401161646,0.77522394614918,0.23487264715563
alle_lehrkraefte,1781,2025-12-23,9,2,25,4.8610905793176,methodik,2.3478293915917,1,1,0,0.47994405849977,0.055198548943196,0.10402802334362,0.36838272977433,0.48298309267266,0.43924951826585,0.44029789265196
alle_lehrkraefte,1782,2025-12-23,9,2,25,4.0585137007709,regulation,1.8985578898938,1,0,0,0.44377818223044,0.23049497365834,0.059328109741964,0.45693261902199,0.37722197303759,0.42010957971302,0.46779519595589
alle_lehrkraefte,1783,2025-12-23,9,2,25,1.7651284248868,kognition,1.4328351876114,1,1,0,0.81174097589727,0.03503427832638,0.20186096141735,0.048695442815562,0.52473018072417,0.13219765793973,0.062456221824181
alle_lehrkraefte,1784,2025-12-23,9,2,25,2.7997959491403,performanz,2.1704766163445,1,1,0,0.26400718649651,0.0,0.30179924290111,0.3725176947635,0.21048401161646,0.77522394614918,0.23487264715563
alle_lehrkraefte,1774,2026-01-06,9,2,23,2.86636421726,kognition,2.0532452617647,1,2,0,0.71632142425822,0.0,0.24589649946494,0.10102785763875,0.48005379208708,0.42650143713645,0.062046789280422
alle_lehrkraefte,1775,2026-01-06,9,2,23,4.1753366045791,kognition,2.0025209823477,1,0,0,0.47960592784119,0.20384347683099,0.27356109825585,0.38796629419017,0.38566077691678,0.43325305356153,0.40819754744271
alle_lehrkraefte,1776,2026-01-06,9,2,23,3.2346333289896,regulation,1.553207951233,1,2,0,0.43733050150753,0.22603274082431,0.032045122263973,0.45206961184473,0.39443184375602,0.40755714823022,0.48017904704139
alle_lehrkraefte,1777,2026-01-06,9,2,23,4.5939307421391,regulation,2.6578468217074,1,1,0,0.33190216486452,-0.0032181844825733,0.076571162392784,0.42939803430211,0.44269501759978,0.41094501266628,0.57855487715102
alle_lehrkraefte,1778,2026-01-06,9,2,23,3.4989761103282,performanz,1.6229270452087,1,1,0,0.39913283762435,0.20574122243346,0.31304974465119,0.41790252261595,0.33606865075675,0.46382780440831,0.44456358396692
alle_lehrkraefte,1779,2026-01-06,9,2,23,0.99141868047763,kognition,-0.811,-1,1,0,-0.81801143740294,0.0,-0.17853023972912,0.0,-0.48515844807745,-0.25216135554961,0.0
alle_lehrkraefte,1769,2026-01-08,9,5,23,2.7008782028216,kognition,1.8124059963247,1,0,0,0.67104073187158,0.0,0.13221920340388,0.18986342323182,0.46057081054162,0.46390437256253,0.26236264134944
alle_lehrkraefte,1770,2026-01-08,9,5,23,3.5945149852943,regulation,1.9772187354812,1,1,1,0.44008146001926,0.21195562268381,0.24766753587711,0.30191198612596,0.39195609564178,0.39077811478869,0.55006398441248
alle_lehrkraefte,1771,2026-01-08,9,5,23,1.9527463174987,performanz,1.2088568683975,1,1,0,0.22768449948157,0.15287355723892,0.30282666445326,0.37380252504995,0.25326239678698,0.61905157216232,0.4959639051638
alle_lehrkraefte,1772,2026-01-08,9,5,23,3.6624782597347,kognition,2.0061560441041,1,1,0,0.54775767233435,0.037845715107673,0.14946786415009,0.34196619651183,0.41905124282305,0.4683771687897,0.40529142004314
alle_lehrkraefte,1773,2026-01-08,9,5,23,2.7335037657279,kognition,1.9103486640717,1,1,0,0.69886191466206,0.017332898938109,0.1636905901472,0.18050976179831,0.50952449450836,0.39033476381502,0.1998235634722
alle_lehrkraefte,1764,2026-01-13,9,2,23,3.5846603474751,regulation,1.7810357015046,1,0,0,0.44499407838611,0.049847783190915,0.036900952175072,0.39802316963037,0.42437609028194,0.46125148062342,0.49684783504823
alle_lehrkraefte,1765,2026-01-13,9,2,23,4.1753366045791,kognition,2.0025209823477,1,0,0,0.47960592784119,0.20384347683099,0.27356109825585,0.38796629419017,0.38566077691678,0.43325305356153,0.40819754744271
alle_lehrkraefte,1766,2026-01-13,9,2,23,3.630178709223,performanz,2.0460450165577,1,1,0,0.53808152824107,0.013797503863005,0.2273321984769,0.31806243954262,0.3762702778278,0.56361946456377,0.31334090345997
alle_lehrkraefte,1767,2026-01-13,9,2,23,3.5801295571611,kognition,2.1850763724237,1,0,0,0.61033273634628,0.02878655812403,0.12348325252983,0.29128066033205,0.45669495279361,0.44109123040304,0.35133375651135
alle_lehrkraefte,1768,2026-01-13,9,2,23,1.9538462068443,sozial,1.0,1,2,0,0.25948685385546,0.51180839024746,0.0,0.51180839024746,0.36901384936842,0.31936843551441,0.4130293709297
alle_lehrkraefte,1759,2026-01-15,9,5,23,2.2792901074475,performanz,1.7803177442296,1,0,0,0.26065571282368,0.0,0.29833114483633,0.36911250485341,0.20746555360131,0.78108088461566,0.23167867253301
alle_lehrkraefte,1760,2026-01-15,9,5,23,4.8610905793176,methodik,2.3478293915917,1,1,1,0.47994405849977,0.055198548943196,0.10402802334362,0.36838272977433,0.48298309267266,0.43924951826585,0.44029789265196
alle_lehrkraefte,1761,2026-01-15,9,5,23,3.7281985400685,performanz,1.9343789929705,1,0,0,0.40952297822629,0.23941046247707,0.13252961756498,0.43892855326055,0.39268182609114,0.51884946139171,0.37595484001876
alle_lehrkraefte,1762,2026-01-15,9,5,23,3.2680013090368,kognition,1.7210596468562,1,0,0,0.52663821636637,0.059917132129427,0.10515379467749,0.32731466212845,0.43852952957493,0.41554212567743,0.48567519117027
alle_lehrkraefte,1763,2026-01-15,9,5,23,4.3406553652064,kognition,2.1462963786463,1,1,0,0.49446253006518,0.26550279432215,0.053552965854877,0.37877182858556,0.4109033095443,0.44109602015534,0.41864927793105
alle_lehrkraefte,1755,2026-01-20,9,2,23,3.9028243912711,kognition,2.1928329711058,1,1,0,0.56185652560873,0.035514064351567,0.10716096158394,0.3336892807476,0.43935402011948,0.47241530936597,0.37948739649417
alle_lehrkraefte,1756,2026-01-20,9,2,23,2.6011908708907,kognition,1.6291639737569,1,1,0,0.62631225138682,0.017885899512245,0.12307583679251,0.21551127310514,0.58013916482116,0.36832679624498,0.2712683538319
alle_lehrkraefte,1757,2026-01-20,9,2,23,1.9538462068443,sozial,1.0,1,2,0,0.25948685385546,0.51180839024746,0.0,0.51180839024746,0.36901384936842,0.31936843551441,0.4130293709297
alle_lehrkraefte,1758,2026-01-20,9,2,23,3.7892050143531,kognition,2.0386456472603,1,2,0,0.5380126594923,-0.14104168078453,0.06012504014222,0.28328564846942,0.48597911965339,0.41569139117888,0.44475108527832
alle_lehrkraefte,1750,2026-01-22,9,5,23,2.8371568730149,performanz,1.6203139294579,1,0,0,0.54845682023067,0.028021755359531,0.16693232310901,0.30201188330985,0.37207718972365,0.57110279443525,0.33871143059007
alle_lehrkraefte,1751,2026-01-22,9,5,23,2.7485111833519,kognition,1.6572392084879,1,1,0,0.6029566803145,0.036207071392921,0.095577072626153,0.31056895785456,0.39725124495274,0.44300457099163,0.41889778835364
alle_lehrkraefte,1752,2026-01-22,9,5,23,1.2723766120734,regulation,0.83995356903732,1,1,0,0.32816316889373,0.079216825552914,0.026147554981766,0.38552188435751,0.40842573301039,0.36621088545109,0.66014021294095
alle_lehrkraefte,1753,2026-01-22,9,5,23,2.4727359267413,performanz,1.5583528329756,1,0,0,0.42450201381654,0.020128723815308,0.15990248555212,0.38637338240925,0.27902517895313,0.63021146496408,0.41171598220526
alle_lehrkraefte,1754,2026-01-22,9,5,23,3.4981448019098,kognition,1.9163287574076,1,2,0,0.54781130793909,0.039250377891882,0.1024699522979,0.33116280566641,0.48098751768654,0.44968927694479,0.3802869028609
alle_lehrkraefte,1746,2026-01-27,9,2,23,3.5846603474751,regulation,1.7810357015046,1,0,0,0.44499407838611,0.049847783190915,0.036900952175072,0.39802316963037,0.42437609028194,0.46125148062342,0.49684783504823
alle_lehrkraefte,1747,2026-01-27,9,2,23,3.0045876008173,kognition,1.6662193362077,1,1,1,0.55455656882455,0.13213083838315,0.2111204192588,0.25222496970111,0.43296993128715,0.41757439605066,0.45274848720097
alle_lehrkraefte,1748,2026-01-27,9,2,23,4.1066196583502,regulation,1.9611829425497,1,1,0,0.45479888547485,0.19603031562825,0.22223033496086,0.40278440644117,0.38328801363239,0.41003110509019,0.47756508516951
alle_lehrkraefte,1749,2026-01-27,9,2,23,3.050519966414,kognition,1.8346238946577,1,0,0,0.60141153008057,0.25796034376092,0.36992244687776,0.36833268059845,0.37038652482427,0.38425337642634,0.12002358492601
alle_lehrkraefte,1742,2026-01-29,9,5,23,3.7834187822736,performanz,2.1524916087874,1,0,0,0.43529939562806,0.035551443866491,0.119184436252,0.4104201615304,0.35006848278279,0.56892616001453,0.42470070376623
alle_lehrkraefte,1743,2026-01-29,9,5,23,3.7903140793782,regulation,2.0584483248078,1,0,0,0.43782915236789,0.20100650117379,0.23487362217918,0.31187955950307,0.38918849396145,0.41116778334824,0.54307976882693
alle_lehrkraefte,1744,2026-01-29,9,5,23,2.7800794322758,performanz,1.5619583131048,1,0,0,0.4828625632128,0.016496962767111,0.21435825162725,0.32723127590326,0.36859184201213,0.56183743406635,0.40250886323243
alle_lehrkraefte,1745,2026-01-29,9,5,23,4.8647814867475,performanz,2.3969338314309,1,0,0,0.43636742711202,0.05887908540611,0.11008583245671,0.41821687591632,0.41539574353306,0.49271049703992,0.45141013196524
alle_lehrkraefte,684,2025-02-26,10,3,1,0.0,,0.0,0,0,0,0.0,0.0,0.0,0.0,0.0,0.0,0.0
alle_lehrkraefte,683,2025-04-30,10,3,1,2.7252941588692,motivation,1.4184783339891,1,0,0,0.40611119883658,0.017733295686681,0.20977608045136,0.52048441249129,0.2871279945039,0.45173629181326,0.48304626656427
alle_lehrkraefte,679,2025-08-27,10,3,1,4.7653905687971,kognition,2.2414953024427,1,1,0,0.47036870669794,0.071220868695358,0.091961975579142,0.39006654587399,0.46307096173179,0.4334201960125,0.45910780175665
alle_lehrkraefte,680,2025-08-27,10,3,1,4.1684033499006,kognition,2.1474646536876,1,1,0,0.51517555324469,0.021235716399355,0.17812047079192,0.32411661689531,0.4551826878565,0.51140647421908,0.35865310683844
alle_lehrkraefte,681,2025-08-27,10,3,1,3.0088267944093,performanz,1.7349960417186,1,0,0,0.49568317504876,0.021792505626107,0.18265534692838,0.34599423350428,0.40517032831338,0.57663348339209,0.32260265823754
alle_lehrkraefte,682,2025-08-27,10,3,1,2.1104801444535,performanz,1.1328021183445,1,1,0,0.31412825053857,0.34939122617661,0.42360783221244,0.49973436518435,0.19421685685325,0.53674835740011,0.1557007351286
alle_lehrkraefte,674,2025-08-28,10,5,1,4.7653905687971,kognition,2.2414953024427,1,1,0,0.47036870669794,0.071220868695358,0.091961975579142,0.39006654587399,0.46307096173179,0.4334201960125,0.45910780175665
alle_lehrkraefte,675,2025-08-28,10,5,1,4.2184095375211,kognition,2.5185769006605,1,1,1,0.59704277354559,0.016534651562969,0.12575866513627,0.26327533872727,0.48086186581374,0.46726620709058,0.32949476873946
alle_lehrkraefte,676,2025-08-28,10,5,1,3.7807537621279,performanz,1.9577799980576,1,0,0,0.51042066750317,0.03083949094383,0.14821465789205,0.36597314714407,0.37761274092899,0.5178265877569,0.41457772698257
alle_lehrkraefte,677,2025-08-28,10,5,1,4.2232398182455,performanz,2.0572421247468,1,0,0,0.40026681249274,0.052532231378949,0.099371654040563,0.40918835544341,0.4443088960178,0.48712300083671,0.47435541413308
alle_lehrkraefte,678,2025-08-28,10,5,1,2.75996044218,performanz,1.5441145590549,1,0,0,0.43932164769612,0.042751448779437,0.18166522223245,0.34358458909564,0.39592187708246,0.5594677882982,0.42936068208789
alle_lehrkraefte,669,2025-09-11,10,5,1,4.0202243037138,kognition,2.0547114305757,1,0,0,0.51109245764048,0.032870016624614,0.15348776998845,0.35931223423551,0.44420521406901,0.50173089465934,0.36875892782791
alle_lehrkraefte,670,2025-09-11,10,5,1,3.5816981353789,performanz,1.7507822794422,1,1,0,0.43084191867104,0.27919639518428,0.041731643197581,0.42322013003075,0.38270708324899,0.48881210117278,0.41250483607193
alle_lehrkraefte,671,2025-09-11,10,5,1,2.75996044218,performanz,1.5441145590549,1,0,0,0.43932164769612,0.042751448779437,0.18166522223245,0.34358458909564,0.39592187708246,0.5594677882982,0.42936068208789
alle_lehrkraefte,672,2025-09-11,10,5,1,2.1129969924978,performanz,-1.8674785612985,-1,0,0,-0.23666123224212,0.09973348232948,-0.23115913641968,-0.28495457071789,-0.12530584779423,-0.88380141094134,0.050941979720327
alle_lehrkraefte,673,2025-09-11,10,5,1,3.4485985759833,kognition,1.7810481523429,1,1,0,0.51645413305136,0.19987339821091,0.26136553149895,0.38073011467188,0.4730752660784,0.39683639254655,0.31428213854986
alle_lehrkraefte,665,2025-09-17,10,3,1,3.8014751741185,kognition,2.1982887533958,1,1,1,0.57827103163846,0.032586441728781,0.11160103015591,0.31828824440691,0.455066960453,0.4635561282402,0.35889142885283
alle_lehrkraefte,666,2025-09-17,10,3,1,4.466581322438,kognition,2.7682973486899,1,1,1,0.6197785176323,0.02801118491248,0.21750641921344,0.23950031054412,0.50737318760695,0.42467013619691,0.2695250780338
alle_lehrkraefte,667,2025-09-17,10,3,1,2.8006523873511,kognition,1.4758361358457,1,0,0,0.52695967300848,0.28386141920944,0.3913078160065,0.35705838894269,0.40277514975236,0.34038294450806,0.28814611987675
alle_lehrkraefte,668,2025-09-17,10,3,1,3.2676087905419,kognition,1.5921009565853,1,0,0,0.487235830934,0.3217676297975,0.077153240661545,0.42089421911035,0.40731311868329,0.40263476371624,0.3846263394302
alle_lehrkraefte,660,2025-09-18,10,5,1,4.6221765003632,regulation,2.2831943720438,1,1,0,0.42028364349602,0.07674949586674,0.058605948586205,0.41798896030911,0.44907287797465,0.44005726793527,0.4939641383714
alle_lehrkraefte,661,2025-09-18,10,5,1,3.9082087439743,kognition,2.1969604991137,1,1,0,0.56213857080057,0.033812121852611,0.13194589398309,0.32139828186305,0.47968884541538,0.45640853074794,0.35176006075289
alle_lehrkraefte,662,2025-09-18,10,5,1,4.4817017288967,kognition,2.3451113517338,1,1,0,0.523262425964,0.19873882290832,0.28092411061755,0.37361537614605,0.45456628790124,0.41330948442571,0.30121886733082
alle_lehrkraefte,663,2025-09-18,10,5,1,4.6187407804724,kognition,2.2751927109199,1,0,0,0.49259915051904,0.06617466978162,0.10089909085174,0.40721592465201,0.40255416401525,0.45714548989189,0.45379000660803
alle_lehrkraefte,664,2025-09-18,10,5,1,3.9546306929547,kognition,2.2238972144743,1,0,0,0.56235126959478,0.020922098272622,0.19218035228865,0.30745598822261,0.40913861330308,0.52329609560557,0.33259972485648
alle_lehrkraefte,655,2025-09-24,10,3,1,3.5213129836393,kognition,2.1740412824802,1,0,0,0.61739331852865,0.0,0.30075818626489,0.29661220180336,0.44033243717446,0.45440135012021,0.20003070633707
alle_lehrkraefte,656,2025-09-24,10,3,1,3.9082087439743,kognition,2.1969604991137,1,1,0,0.56213857080057,0.033812121852611,0.13194589398309,0.32139828186305,0.47968884541538,0.45640853074794,0.35176006075289
alle_lehrkraefte,657,2025-09-24,10,3,1,3.117768540124,performanz,1.9111802555909,1,1,0,0.43972064620846,0.013917339892429,0.2372152704984,0.34251535550551,0.34082601478504,0.6129942300247,0.37541110055815
alle_lehrkraefte,658,2025-09-24,10,3,1,2.9900649591247,kognition,1.7353345284312,1,0,0,0.58036489123308,0.10643085034257,0.28652846723075,0.23051807041907,0.42718416964422,0.47692739623724,0.32658716896938
alle_lehrkraefte,659,2025-09-24,10,3,1,3.5655874874173,kognition,2.2009129520582,1,0,0,0.61726343476093,0.037799812012656,0.18382639127447,0.28178965695487,0.46623570321268,0.46595771324522,0.26431334205833
alle_lehrkraefte,650,2025-09-25,10,5,1,4.0297451295107,performanz,2.1018406752718,1,0,0,0.50229795388456,0.030986423052732,0.16577460984972,0.36043056753727,0.43342058043781,0.52158024686899,0.35977892556151
alle_lehrkraefte,651,2025-09-25,10,5,1,3.3171643288248,performanz,2.0727800937162,1,1,1,0.52909083961634,0.0,0.29748094803146,0.27124453844477,0.37170182269161,0.62486317818892,0.17138291539365
alle_lehrkraefte,652,2025-09-25,10,5,1,4.6528861597638,performanz,2.3369126707959,1,0,0,0.45163227136925,0.21250462012127,0.1734894590181,0.40952500747516,0.40519201492762,0.50224904888369,0.3696238348482
alle_lehrkraefte,653,2025-09-25,10,5,1,3.3233958757153,kognition,1.8888915756821,1,0,0,0.56836018419675,0.037237226112195,0.080792004910457,0.34461562095382,0.4123224685031,0.42860518859677,0.44336731060167
alle_lehrkraefte,654,2025-09-25,10,5,1,3.6130190037089,motivation,1.8934141982597,1,0,0,0.39519609169617,0.022142086298747,0.27097533602843,0.52405175721425,0.30923960994252,0.43341160873097,0.4602082199323
alle_lehrkraefte,645,2025-10-01,10,3,1,4.8378789214668,kognition,2.4288372368111,1,1,0,0.50204485391011,0.040005846394317,0.076637840807385,0.38218346905859,0.42487494657931,0.43935962291654,0.46995021198095
alle_lehrkraefte,646,2025-10-01,10,3,1,3.0556171049096,performanz,1.8608741963844,1,0,0,0.55550638970887,0.0,0.29078875442313,0.25128473348535,0.3845063379814,0.60899911294624,0.15804728787018
alle_lehrkraefte,647,2025-10-01,10,3,1,4.6528861597638,performanz,2.3369126707959,1,0,0,0.45163227136925,0.21250462012127,0.1734894590181,0.40952500747516,0.40519201492762,0.50224904888369,0.3696238348482
alle_lehrkraefte,648,2025-10-01,10,3,1,2.3952654381643,kognition,1.2611174102,1,0,0,0.52650204235655,0.11634635597757,0.15877535207586,0.29265668669538,0.38319488600229,0.4197213856147,0.52477506057088
alle_lehrkraefte,649,2025-10-01,10,3,1,2.1104801444535,performanz,1.1328021183445,1,1,0,0.31412825053857,0.34939122617661,0.42360783221244,0.49973436518435,0.19421685685325,0.53674835740011,0.1557007351286
alle_lehrkraefte,640,2025-10-02,10,5,1,3.1988921097457,kognition,1.919667488646,1,0,0,0.60010197961283,0.028359326892356,0.086449473354213,0.30337364378423,0.40429765756495,0.44207952411901,0.42504956153813
alle_lehrkraefte,641,2025-10-02,10,5,1,4.6361765459891,kognition,2.6228056368715,1,0,0,0.56572478498315,0.048988682338982,0.17044432813436,0.3147111289115,0.48920271513479,0.42441388016159,0.36056963398192
alle_lehrkraefte,642,2025-10-02,10,5,1,4.3283338502937,kognition,2.1505372732166,1,0,0,0.49684991479378,0.19556553202493,0.097634066164462,0.37783550029107,0.47902945724462,0.4207157962921,0.39512856874667
alle_lehrkraefte,643,2025-10-02,10,5,1,0.99141868047763,kognition,0.811,1,1,0,0.81801143740294,0.0,0.17853023972912,0.0,0.48515844807745,0.25216135554961,0.0
alle_lehrkraefte,644,2025-10-02,10,5,1,3.1437365552397,motivation,1.5709381606312,1,0,0,0.41639422718857,0.25364958858365,0.2809104230657,0.49970254695402,0.3186249364815,0.46368490082326,0.34224630506538
alle_lehrkraefte,635,2025-10-15,10,3,1,2.5067581730363,performanz,1.5566689652548,1,1,1,0.26142891558259,0.011477205989188,-0.061471372040178,0.42662989407497,0.21000085495624,0.62098640871495,0.5621378322668
alle_lehrkraefte,636,2025-10-15,10,3,1,4.2184095375211,kognition,2.5185769006605,1,1,1,0.59704277354559,0.016534651562969,0.12575866513627,0.26327533872727,0.48086186581374,0.46726620709058,0.32949476873946
alle_lehrkraefte,637,2025-10-15,10,3,1,0.71581439633469,motivation,0.438,1,1,0,0.42538365772271,0.16763887989072,0.25145831983608,0.61188191160114,0.0,0.52387149965851,0.28079512381696
alle_lehrkraefte,638,2025-10-15,10,3,1,4.1066196583502,regulation,1.9611829425497,1,1,0,0.45479888547485,0.19603031562825,0.22223033496086,0.40278440644117,0.38328801363239,0.41003110509019,0.47756508516951
alle_lehrkraefte,639,2025-10-15,10,3,1,2.4266476899275,performanz,-1.4208154801294,-1,0,0,-0.20928205410567,-0.16359950628713,-0.29551362807447,-0.37210261836463,-0.25185081429813,-0.58550305056493,-0.54534086931492
alle_lehrkraefte,631,2025-10-22,10,3,1,3.1988921097457,kognition,1.919667488646,1,0,0,0.60010197961283,0.028359326892356,0.086449473354213,0.30337364378423,0.40429765756495,0.44207952411901,0.42504956153813
alle_lehrkraefte,632,2025-10-22,10,3,1,2.9653595495889,regulation,-1.712806806005,-1,1,0,-0.20219386541625,-0.18069038041423,-0.29327587606756,-0.36969931156883,-0.2554656660155,-0.55216433394578,-0.57760315446769
alle_lehrkraefte,633,2025-10-22,10,3,1,2.9201146689021,performanz,1.908251777238,1,1,0,0.40790346033823,0.025206114320241,0.21220241072225,0.37614643107652,0.29412015978366,0.65348298227126,0.36456809048078
alle_lehrkraefte,634,2025-10-22,10,3,1,3.6130190037089,motivation,1.8934141982597,1,0,0,0.39519609169617,0.022142086298747,0.27097533602843,0.52405175721425,0.30923960994252,0.43341160873097,0.4602082199323
alle_lehrkraefte,627,2025-10-23,10,5,1,4.1684033499006,kognition,2.1474646536876,1,1,0,0.51517555324469,0.021235716399355,0.17812047079192,0.32411661689531,0.4551826878565,0.51140647421908,0.35865310683844
alle_lehrkraefte,628,2025-10-23,10,5,1,3.6125069904342,kognition,1.8208837623008,1,1,0,0.50404849779874,0.43192844835675,0.076419758998382,0.38342669887468,0.31191938287969,0.4139357652498,0.37131503999192
alle_lehrkraefte,629,2025-10-23,10,5,1,4.3283338502937,kognition,2.1505372732166,1,0,0,0.49684991479378,0.19556553202493,0.097634066164462,0.37783550029107,0.47902945724462,0.4207157962921,0.39512856874667
alle_lehrkraefte,630,2025-10-23,10,5,1,3.5655874874173,kognition,2.2009129520582,1,0,0,0.61726343476093,0.037799812012656,0.18382639127447,0.28178965695487,0.46623570321268,0.46595771324522,0.26431334205833
alle_lehrkraefte,623,2025-10-29,10,3,1,3.1988921097457,kognition,1.919667488646,1,0,0,0.60010197961283,0.028359326892356,0.086449473354213,0.30337364378423,0.40429765756495,0.44207952411901,0.42504956153813
alle_lehrkraefte,624,2025-10-29,10,3,1,2.9265661869219,performanz,1.5787926947118,1,1,0,0.28659557915233,0.27164848930045,0.25579104837216,0.52197291599618,0.21390104467077,0.53946748482647,0.41158186160399
alle_lehrkraefte,625,2025-10-29,10,3,1,2.3594049822262,kognition,1.2619853833356,1,0,0,0.53487215807404,0.36236910510842,0.40841274818458,0.47035815064018,0.2806028766289,0.31984351964641,0.11625968920913
alle_lehrkraefte,626,2025-10-29,10,3,1,3.5717878102127,kognition,1.8941985677148,1,0,0,0.5303207707611,0.0025796929428273,0.21368847062502,0.26998418773395,0.48896612273076,0.52657343227264,0.289527119649
alle_lehrkraefte,618,2025-10-30,10,5,1,4.5039203437359,performanz,2.1625397852702,1,0,0,0.43533203634603,0.17064144437225,0.24094742665989,0.42185314901355,0.37315321830169,0.48014503338796,0.41900448192064
alle_lehrkraefte,619,2025-10-30,10,5,1,3.8848123394548,kognition,2.1771334646017,1,0,0,0.56042034213261,0.034015755895922,0.12981774813661,0.3233339081433,0.47871788840694,0.45713074460057,0.35387854133091
alle_lehrkraefte,620,2025-10-30,10,5,1,4.2418067613595,motivation,2.0519663720169,1,1,0,0.35687517920945,0.29880068688514,0.34641805694199,0.4837470563814,0.35222911961893,0.45040191257754,0.32001503204027
alle_lehrkraefte,621,2025-10-30,10,5,1,4.6241622028906,regulation,2.379207549172,1,1,0,0.44257607294418,0.14236324023998,0.13618855689336,0.39978706969418,0.37438959006296,0.44786624618177,0.51451534345645
alle_lehrkraefte,622,2025-10-30,10,5,1,3.1844962872024,performanz,1.7623605672214,1,1,0,0.35830210771604,0.21987884155731,0.30560875784078,0.47619592143151,0.25159370964146,0.55341720451418,0.36542762457524
alle_lehrkraefte,614,2025-11-05,10,3,1,4.4037939267681,kognition,2.0758103279544,1,1,0,0.47136756369572,0.19326863389136,0.25936949549562,0.3896542953049,0.38321455826266,0.44758563467458,0.41733201464963
alle_lehrkraefte,615,2025-11-05,10,3,1,3.0085095799186,motivation,1.4042967874521,1,3,1,0.38993465082541,0.34466190214189,0.012694469744958,0.46677335817442,0.36212941365278,0.42615739411276,0.44538313761049
alle_lehrkraefte,616,2025-11-05,10,3,1,3.5141486703425,motivation,1.8282533754185,1,1,0,0.38999155322217,0.42684469903398,0.26587937625879,0.52025350785892,0.25587316251426,0.38566410609745,0.33187507722202
alle_lehrkraefte,617,2025-11-05,10,3,1,3.4485985759833,kognition,1.7810481523429,1,1,0,0.51645413305136,0.19987339821091,0.26136553149895,0.38073011467188,0.4730752660784,0.39683639254655,0.31428213854986
alle_lehrkraefte,609,2025-11-06,10,5,1,3.5846603474751,regulation,1.7810357015046,1,0,0,0.44499407838611,0.049847783190915,0.036900952175072,0.39802316963037,0.42437609028194,0.46125148062342,0.49684783504823
alle_lehrkraefte,610,2025-11-06,10,5,1,2.9653595495889,regulation,-1.712806806005,-1,1,0,-0.20219386541625,-0.18069038041423,-0.29327587606756,-0.36969931156883,-0.2554656660155,-0.55216433394578,-0.57760315446769
alle_lehrkraefte,611,2025-11-06,10,5,1,3.3898059952498,kognition,2.0547452775328,1,1,0,0.60615245205409,0.027585848067339,0.12662238019108,0.28728690344414,0.48514575550766,0.4435524343495,0.31802541986203
alle_lehrkraefte,612,2025-11-06,10,5,1,3.4502216753528,kognition,1.8354146104148,1,0,0,0.5319685120064,0.029753252288982,0.24844271893018,0.39231877151853,0.43583042405199,0.39405584060302,0.39402091618366
alle_lehrkraefte,613,2025-11-06,10,5,1,3.1029026024035,kognition,1.6983290877114,1,1,0,0.54733384575381,0.32087660148077,0.40553359103825,0.40361836664247,0.35652164517353,0.36221028318406,0.10857334062683
alle_lehrkraefte,1159,2025-11-12,10,3,1,3.2500733602901,performanz,1.7503923860708,1,0,0,0.38839016543615,0.042134255804933,0.11434696884422,0.40387347344296,0.423619496146,0.53856845872242,0.44908034483934
alle_lehrkraefte,1160,2025-11-12,10,3,1,4.9706070017029,kognition,2.5726698491549,1,0,0,0.51757555415626,0.032610383914937,0.19331883115144,0.36955472910845,0.42609468091285,0.45090795231749,0.41500669646393
alle_lehrkraefte,1161,2025-11-12,10,3,1,4.4380581662096,methodik,2.2962596473645,1,1,0,0.3593724028549,0.069620425540466,0.042296720632479,0.41380931436907,0.5174007161151,0.4223056357531,0.49691775344976
alle_lehrkraefte,1162,2025-11-12,10,3,1,3.9616281763079,kognition,2.5899266221521,1,1,0,0.65375142981024,0.020188937491774,0.17795902621968,0.21551271160253,0.48286309892829,0.42735618451169,0.27980565003485
alle_lehrkraefte,1163,2025-11-12,10,3,1,4.8932122880463,regulation,2.3390090902284,1,0,0,0.43253018094017,0.064933084152035,0.1075676768433,0.41294329007103,0.41188517043786,0.47797630582203,0.47800998044631
alle_lehrkraefte,1155,2025-11-13,10,5,1,3.5213129836393,kognition,2.1740412824802,1,0,0,0.61739331852865,0.0,0.30075818626489,0.29661220180336,0.44033243717446,0.45440135012021,0.20003070633707
alle_lehrkraefte,1156,2025-11-13,10,5,1,4.0732908759393,kognition,2.1974997096348,1,0,0,0.53948867922213,0.2106865192039,0.34404772768952,0.30230585224852,0.42104245454618,0.41144436371381,0.32899447625457
alle_lehrkraefte,1157,2025-11-13,10,5,1,3.7592794149567,performanz,2.0560234558756,1,1,0,0.38312516016929,0.20106786940037,0.30305502307402,0.46025162147509,0.32355873327168,0.54691810843174,0.32449642541173
alle_lehrkraefte,1158,2025-11-13,10,5,1,3.7945306446695,regulation,1.7816850647611,1,1,0,0.383394548246,0.288480981131,-0.019772135789809,0.45100262381218,0.4258566687896,0.40517518881483,0.46953906456739
alle_lehrkraefte,1150,2025-11-20,10,5,1,3.5846603474751,regulation,1.7810357015046,1,0,0,0.44499407838611,0.049847783190915,0.036900952175072,0.39802316963037,0.42437609028194,0.46125148062342,0.49684783504823
alle_lehrkraefte,1151,2025-11-20,10,5,1,2.9653595495889,regulation,-1.712806806005,-1,1,0,-0.20219386541625,-0.18069038041423,-0.29327587606756,-0.36969931156883,-0.2554656660155,-0.55216433394578,-0.57760315446769
alle_lehrkraefte,1152,2025-11-20,10,5,1,3.3898059952498,kognition,2.0547452775328,1,1,0,0.60615245205409,0.027585848067339,0.12662238019108,0.28728690344414,0.48514575550766,0.4435524343495,0.31802541986203
alle_lehrkraefte,1153,2025-11-20,10,5,1,4.1066196583502,regulation,1.9611829425497,1,1,0,0.45479888547485,0.19603031562825,0.22223033496086,0.40278440644117,0.38328801363239,0.41003110509019,0.47756508516951
alle_lehrkraefte,1154,2025-11-20,10,5,1,3.7094848636328,performanz,1.8490362237485,1,0,0,0.4447525791376,0.057996141719878,0.17100853369173,0.35040530339462,0.42589653003669,0.49846038118992,0.46577655391603
alle_lehrkraefte,1145,2025-11-26,10,3,1,3.2342344427424,kognition,1.9138365334644,1,1,0,0.59174146152093,0.038405650800278,0.099214849723068,0.31748586916428,0.39987967905516,0.44424680314885,0.42480704035474
alle_lehrkraefte,1146,2025-11-26,10,3,1,4.0732908759393,kognition,2.1974997096348,1,0,0,0.53948867922213,0.2106865192039,0.34404772768952,0.30230585224852,0.42104245454618,0.41144436371381,0.32899447625457
alle_lehrkraefte,1147,2025-11-26,10,3,1,2.671823563607,kognition,1.7585656060637,1,1,0,0.65818680849628,0.0,0.26073210457446,0.16393236688317,0.43710418257843,0.52031824382461,0.10067992395336
alle_lehrkraefte,1148,2025-11-26,10,3,1,3.788560861412,regulation,2.0503520248393,1,0,0,0.42305072816494,0.13650512716474,0.12174394568873,0.41804397309032,0.35861843602135,0.43738840144154,0.5411940543921
alle_lehrkraefte,1149,2025-11-26,10,3,1,4.6187407804724,kognition,2.2751927109199,1,0,0,0.49259915051904,0.06617466978162,0.10089909085174,0.40721592465201,0.40255416401525,0.45714548989189,0.45379000660803
alle_lehrkraefte,1141,2025-11-27,10,5,1,2.9265661869219,performanz,1.5787926947118,1,1,0,0.28659557915233,0.27164848930045,0.25579104837216,0.52197291599618,0.21390104467077,0.53946748482647,0.41158186160399
alle_lehrkraefte,1142,2025-11-27,10,5,1,3.6940393184514,motivation,1.771051310269,1,0,0,0.33295123459106,0.40703321573119,0.42321656646657,0.47943358563807,0.25647040025774,0.3617915443085,0.34325356467084
alle_lehrkraefte,1143,2025-11-27,10,5,1,4.481156302435,regulation,2.1344317847662,1,1,0,0.40371361538017,0.064633890320716,0.047700300764011,0.4285054849903,0.46642639801848,0.45001628533605,0.4763116654712
alle_lehrkraefte,1144,2025-11-27,10,5,1,3.7807537621279,performanz,1.9577799980576,1,0,0,0.51042066750317,0.03083949094383,0.14821465789205,0.36597314714407,0.37761274092899,0.5178265877569,0.41457772698257
alle_lehrkraefte,1137,2025-12-03,10,3,1,3.9028243912711,kognition,2.1928329711058,1,1,0,0.56185652560873,0.035514064351567,0.10716096158394,0.3336892807476,0.43935402011948,0.47241530936597,0.37948739649417
alle_lehrkraefte,1138,2025-12-03,10,3,1,4.2594688496216,kognition,2.4094215925566,1,1,1,0.56566112372425,0.15795064898133,0.28567285882329,0.30089662149189,0.44599474773836,0.43175599614785,0.31241330937636
alle_lehrkraefte,1139,2025-12-03,10,3,1,3.0085095799186,motivation,1.4042967874521,1,3,1,0.38993465082541,0.34466190214189,0.012694469744958,0.46677335817442,0.36212941365278,0.42615739411276,0.44538313761049
alle_lehrkraefte,1140,2025-12-03,10,3,1,3.117768540124,performanz,1.9111802555909,1,1,0,0.43972064620846,0.013917339892429,0.2372152704984,0.34251535550551,0.34082601478504,0.6129942300247,0.37541110055815
alle_lehrkraefte,1132,2025-12-04,10,5,1,3.1988921097457,kognition,1.919667488646,1,0,0,0.60010197961283,0.028359326892356,0.086449473354213,0.30337364378423,0.40429765756495,0.44207952411901,0.42504956153813
alle_lehrkraefte,1133,2025-12-04,10,5,1,3.3551913013862,performanz,2.0715157223391,1,1,1,0.47299892341827,0.0,0.14928777892357,0.33177086180414,0.35211902286076,0.61740430342682,0.37246668539786
alle_lehrkraefte,1134,2025-12-04,10,5,1,4.7245662545224,kognition,2.4427137214532,1,0,0,0.51702281640921,0.0716425600792,0.12221998272692,0.39657422898699,0.39719402606343,0.45360297474682,0.43797593701499
alle_lehrkraefte,1135,2025-12-04,10,5,1,3.0338214008121,regulation,1.6141858635768,1,1,0,0.3545374139055,0.18922810367324,0.30090884868708,0.32942936709638,0.33229989732186,0.49588961171492,0.53206182227026
alle_lehrkraefte,1136,2025-12-04,10,5,1,4.8393555759552,regulation,2.2605508511552,1,0,0,0.4201168151402,0.17088921990843,0.17749271054765,0.43435379947474,0.40323593862918,0.43969310456536,0.46711719039928
alle_lehrkraefte,1127,2025-12-10,10,3,1,3.2870701844949,performanz,1.9531896505829,1,0,0,0.41466224445206,0.031405075980467,0.13079068691856,0.40962322696175,0.34539700132505,0.59420200936871,0.41205624797762
alle_lehrkraefte,1128,2025-12-10,10,3,1,4.4037939267681,kognition,2.0758103279544,1,1,0,0.47136756369572,0.19326863389136,0.25936949549562,0.3896542953049,0.38321455826266,0.44758563467458,0.41733201464963
alle_lehrkraefte,1129,2025-12-10,10,3,1,3.5644284781675,performanz,1.852974407335,1,0,0,0.35515845646034,0.13454313858654,0.20570055737495,0.42417701379472,0.33869124586579,0.51985029863319,0.49855797289642
alle_lehrkraefte,1130,2025-12-10,10,3,1,3.8472014927472,kognition,2.1720549921293,1,1,0,0.56457904542656,0.1000309248733,0.15572567578618,0.29054473212249,0.43221490104662,0.37690681439902,0.4834293351465
alle_lehrkraefte,1131,2025-12-10,10,3,1,3.7913177909615,performanz,2.070230043039,1,2,1,0.40066003049603,0.14518123583831,0.31037324191651,0.39449229918019,0.33468306175801,0.54604353861843,0.39529312190918
alle_lehrkraefte,1122,2025-12-11,10,5,1,3.1073267084519,kognition,1.9342871926371,1,1,1,0.62249037491684,0.0,0.11492455442266,0.23104024420111,0.44023969477505,0.50017229306716,0.31926280320256
alle_lehrkraefte,1123,2025-12-11,10,5,1,4.075018922106,regulation,2.1744905952745,1,1,1,0.4344546344404,0.18696303660019,0.21846400670365,0.32405787520793,0.38522422652566,0.43635758921348,0.53361353669871
alle_lehrkraefte,1124,2025-12-11,10,5,1,3.6556501828789,motivation,1.6,1,1,0,0.39767436486093,0.34795356689808,0.42070691469694,0.4376774426391,0.33972525503894,0.33474554401753,0.35320569620975
alle_lehrkraefte,1125,2025-12-11,10,5,1,4.2766590717479,motivation,2.0818792519938,1,0,0,0.33209301290047,0.37841837691444,0.38256831241431,0.48679923956401,0.28414573900136,0.39297120036295,0.35778751746519
alle_lehrkraefte,1126,2025-12-11,10,5,1,3.8472014927472,kognition,2.1720549921293,1,1,0,0.56457904542656,0.1000309248733,0.15572567578618,0.29054473212249,0.43221490104662,0.37690681439902,0.4834293351465
alle_lehrkraefte,1118,2026-01-08,10,5,23,4.2375936204146,performanz,2.034911587693,1,0,0,0.44755458964527,0.18471160900953,0.27647585423301,0.40997226864095,0.37266138334302,0.48020338143233,0.38933769139254
alle_lehrkraefte,1119,2026-01-08,10,5,23,2.5500239990253,regulation,1.5887506947218,1,0,0,0.30106002388061,0.15568419877999,0.13842952687491,0.37101936000202,0.30931179423061,0.49442664870243,0.62303118128191
alle_lehrkraefte,1120,2026-01-08,10,5,23,3.0257381219646,motivation,1.5369106333891,1,0,0,0.43790454460234,0.050987706223324,0.2277099374948,0.50794400969211,0.29084563611002,0.45239383196929,0.45444797044548
alle_lehrkraefte,1121,2026-01-08,10,5,23,3.445161991689,regulation,1.6593102589405,1,0,0,0.35697457681494,0.30867452774446,-0.051124322883014,0.44905706607895,0.45666641004076,0.36400878395462,0.48163350420338
alle_lehrkraefte,1114,2026-01-14,10,3,23,3.1988921097457,kognition,1.919667488646,1,0,0,0.60010197961283,0.028359326892356,0.086449473354213,0.30337364378423,0.40429765756495,0.44207952411901,0.42504956153813
alle_lehrkraefte,1115,2026-01-14,10,3,23,2.9011619883243,performanz,1.8146533005108,1,0,0,0.48967516717457,0.0,0.17265110518826,0.31720137154232,0.35619597135299,0.62548973580807,0.33417546746929
alle_lehrkraefte,1116,2026-01-14,10,3,23,4.3093800800185,regulation,2.2148166874228,1,0,0,0.40373138078784,0.25987825762376,0.10320541471071,0.43241760359741,0.38661493539129,0.39775145632727,0.51395131243569
alle_lehrkraefte,1117,2026-01-14,10,3,23,4.362368859302,kognition,2.2688988134381,1,0,0,0.52010586118627,0.19744656419101,0.27327195712571,0.37284289932841,0.46304826268623,0.41077008263379,0.30604741185795
alle_lehrkraefte,1109,2026-01-21,10,3,23,2.7008782028216,kognition,1.8124059963247,1,0,0,0.67104073187158,0.0,0.13221920340388,0.18986342323182,0.46057081054162,0.46390437256253,0.26236264134944
alle_lehrkraefte,1110,2026-01-21,10,3,23,3.5046583852388,kognition,2.0772518399554,1,1,0,0.59270995472911,0.037629046859325,0.10166548436159,0.31605277833603,0.40263592842087,0.44426987951362,0.42137466894537
alle_lehrkraefte,1111,2026-01-21,10,3,23,3.5459767256588,kognition,2.0635169573234,1,1,0,0.5819302543892,0.025556217949941,0.16336965941252,0.27651007972838,0.44722713027514,0.40033995329892,0.44414723291951
alle_lehrkraefte,1112,2026-01-21,10,3,23,3.0257381219646,motivation,1.5369106333891,1,0,0,0.43790454460234,0.050987706223324,0.2277099374948,0.50794400969211,0.29084563611002,0.45239383196929,0.45444797044548
alle_lehrkraefte,1113,2026-01-21,10,3,23,1.7651284248868,kognition,1.4328351876114,1,1,0,0.81174097589727,0.03503427832638,0.20186096141735,0.048695442815562,0.52473018072417,0.13219765793973,0.062456221824181
alle_lehrkraefte,1104,2026-01-22,10,5,23,1.6103819422733,performanz,1.0,1,1,0,0.37754784039823,0.0,0.0,0.36264463617198,0.29868505136768,0.62096684276024,0.50112024210752
alle_lehrkraefte,1105,2026-01-22,10,5,23,3.9453024964552,kognition,2.3459293201978,1,1,1,0.59461178862399,0.17052830396184,0.30842106960146,0.27913815177287,0.45862360065479,0.4018311838535,0.26926989756156
alle_lehrkraefte,1106,2026-01-22,10,5,23,2.4266476899275,performanz,-1.4208154801294,-1,0,0,-0.20928205410567,-0.16359950628713,-0.29551362807447,-0.37210261836463,-0.25185081429813,-0.58550305056493,-0.54534086931492
alle_lehrkraefte,1107,2026-01-22,10,5,23,2.5027427502368,motivation,1.3731526696862,1,0,0,0.32393594064879,0.33971266398016,0.33330308238438,0.54865694166406,0.21347094334422,0.42808596573203,0.37243791298749
alle_lehrkraefte,1108,2026-01-22,10,5,23,4.0578127668032,kognition,1.7468429863796,1,1,0,0.43048774842273,0.28241639133245,0.31314652429469,0.41780346808517,0.36786569284546,0.40358753700582,0.40507752344252
alle_lehrkraefte,2935,2026-01-28,10,3,23,3.7834187822736,performanz,2.1524916087874,1,0,0,0.43529939562806,0.035551443866491,0.119184436252,0.4104201615304,0.35006848278279,0.56892616001453,0.42470070376623
alle_lehrkraefte,2936,2026-01-28,10,3,23,3.7903140793782,regulation,2.0584483248078,1,0,0,0.43782915236789,0.20100650117379,0.23487362217918,0.31187955950307,0.38918849396145,0.41116778334824,0.54307976882693
alle_lehrkraefte,2937,2026-01-28,10,3,23,4.1237246674791,kognition,2.1924851933349,1,0,0,0.53167465177268,0.043815676360963,0.10727253755029,0.34110917171388,0.48275403593977,0.44641375703799,0.39395156450003
alle_lehrkraefte,2938,2026-01-28,10,3,23,5.0551648723269,regulation,2.5507887745069,1,1,0,0.38568540563395,0.14372256099515,0.13504874488232,0.41636045227922,0.45091607348817,0.42550729255688,0.50458962131469
alle_lehrkraefte,2939,2026-01-28,10,3,23,3.7466053594377,kognition,1.9456574808789,1,1,0,0.51931070959227,0.05153438433853,0.11548013475006,0.33418177163828,0.47010747702158,0.43398948012493,0.43965239583273
alle_lehrkraefte,2930,2026-01-29,10,5,23,4.9994922176415,regulation,-2.5959206681961,-1,1,0,-0.44712753209035,-0.036384085454313,-0.026747649730504,-0.37995063527886,-0.40111363555312,-0.47241216471738,-0.51923582692613
alle_lehrkraefte,2931,2026-01-29,10,5,23,2.5500239990253,regulation,1.5887506947218,1,0,0,0.30106002388061,0.15568419877999,0.13842952687491,0.37101936000202,0.30931179423061,0.49442664870243,0.62303118128191
alle_lehrkraefte,2932,2026-01-29,10,5,23,3.7945306446695,regulation,1.7816850647611,1,1,0,0.383394548246,0.288480981131,-0.019772135789809,0.45100262381218,0.4258566687896,0.40517518881483,0.46953906456739
alle_lehrkraefte,2933,2026-01-29,10,5,23,3.8370595765555,performanz,2.0210934208702,1,1,0,0.38269704431487,0.26768682313805,0.17166888487344,0.43711531562113,0.35754246636842,0.52672837449158,0.39504698929506
alle_lehrkraefte,2934,2026-01-29,10,5,23,3.2130577432452,performanz,1.9064074525368,1,0,0,0.40734221030812,0.10932298363424,0.31214687444208,0.33282460089911,0.33426159741231,0.59332936771864,0.38747405602153
alle_lehrkraefte,975,2024-10-25,11,7,8,3.8026950158037,motivation,2.1630411928725,1,2,0,0.22049545955794,0.28858107535127,0.33972487441318,0.56881645667573,0.31220275959035,0.41027992322792,0.40414369434204
alle_lehrkraefte,974,2025-01-08,11,3,14,3.6666188113702,performanz,1.8907913490703,1,0,0,0.40010272270203,0.10391890839514,0.32815256508353,0.44440179534864,0.30483284618019,0.51567569185268,0.40631474525547
alle_lehrkraefte,973,2025-01-15,11,3,14,5.6219840783918,motivation,2.4467691719205,1,0,0,0.35790242754263,0.25324581597129,0.35229654816458,0.43521375828635,0.35987938288441,0.42084755267266,0.43315025745398
alle_lehrkraefte,972,2025-02-07,11,7,1,0.61575899987893,regulation,0.31802631376274,1,0,0,0.35513198825636,0.075047231912638,-0.49554284312758,0.19989307836172,0.4534835581553,-0.3321264651086,0.51647015979249
alle_lehrkraefte,971,2025-02-21,11,7,1,1.5544150025009,motivation,1.0,1,0,0,0.2605465039152,0.0,0.34096209154335,0.64332470102519,0.23224021707009,0.40143461343972,0.43231419908893
alle_lehrkraefte,970,2025-02-28,11,7,1,1.5544150025009,motivation,1.0,1,0,0,0.2605465039152,0.0,0.34096209154335,0.64332470102519,0.23224021707009,0.40143461343972,0.43231419908893
alle_lehrkraefte,969,2025-03-21,11,7,1,1.8277877338466,regulation,0.941,1,0,0,0.49896111758532,0.043768519086431,0.038297454200628,0.39884063017511,0.39446377826646,0.40978275994671,0.51482720575415
alle_lehrkraefte,965,2025-08-27,11,3,1,3.586103254132,kognition,1.7348832013882,1,1,0,0.48377814041128,0.21624124958158,0.25466237068262,0.40759703466828,0.38794169160328,0.41830305549323,0.40339606808647
alle_lehrkraefte,966,2025-08-27,11,3,1,3.9754603937968,kognition,2.1118789605959,1,0,0,0.53122744012662,0.022266357176725,0.15845702965771,0.31305095472288,0.4683200092299,0.49369494887372,0.36211699940813
alle_lehrkraefte,967,2025-08-27,11,3,1,4.4336617364237,kognition,2.1820491743331,1,0,0,0.49215397621954,0.1998670220788,0.11445072171214,0.39248883283008,0.46126862894737,0.42771883525212,0.39366803854352
alle_lehrkraefte,968,2025-08-27,11,3,1,3.0334590316781,motivation,1.4967807162732,1,1,0,0.40960998879063,0.27178769119693,0.29238363314321,0.4934221185852,0.341322519198,0.45002586477868,0.3322146862729
alle_lehrkraefte,960,2025-08-29,11,7,1,2.0383290573272,performanz,1.0546278376074,1,0,0,0.42436159039773,0.070587328205849,0.083951372778933,0.46633964595264,0.35371936646566,0.5173956873447,0.44450947338743
alle_lehrkraefte,961,2025-08-29,11,7,1,2.3428052989296,methodik,1.3071304723696,1,0,0,0.51447576205092,0.042683689169047,0.09160513239389,0.31116409404235,0.55793150786012,0.39453333050523,0.40165351508073
alle_lehrkraefte,962,2025-08-29,11,7,1,2.143214142819,motivation,1.1120561318809,1,1,0,0.40798100746037,0.017743924089354,0.20147339485859,0.51887066297143,0.28563167456092,0.45350028674155,0.48596405389779
alle_lehrkraefte,963,2025-08-29,11,7,1,3.8995392280503,methodik,2.0534298272575,1,0,0,0.51572033646035,0.023111379596837,0.14713864022183,0.29720121974227,0.52658133214136,0.45873431996406,0.3684967432254
alle_lehrkraefte,964,2025-08-29,11,7,1,2.6261746889041,motivation,1.2623925324906,1,0,0,0.41358193012077,0.4120300862581,0.035560809429602,0.48069449868637,0.29942201539725,0.42667263452277,0.39387653764832
alle_lehrkraefte,955,2025-09-03,11,3,1,3.586103254132,kognition,1.7348832013882,1,1,0,0.48377814041128,0.21624124958158,0.25466237068262,0.40759703466828,0.38794169160328,0.41830305549323,0.40339606808647
alle_lehrkraefte,956,2025-09-03,11,3,1,3.0045876008173,kognition,1.6662193362077,1,1,1,0.55455656882455,0.13213083838315,0.2111204192588,0.25222496970111,0.43296993128715,0.41757439605066,0.45274848720097
alle_lehrkraefte,957,2025-09-03,11,3,1,1.113032525307,kognition,0.6297819547903,1,2,0,0.56582020944489,0.05660161096057,0.095206734803645,0.27546117334144,0.48657904900639,0.36392488190348,0.47168009133809
alle_lehrkraefte,958,2025-09-03,11,3,1,3.5717878102127,kognition,1.8941985677148,1,0,0,0.5303207707611,0.0025796929428273,0.21368847062502,0.26998418773395,0.48896612273076,0.52657343227264,0.289527119649
alle_lehrkraefte,959,2025-09-03,11,3,1,4.4336617364237,kognition,2.1820491743331,1,0,0,0.49215397621954,0.1998670220788,0.11445072171214,0.39248883283008,0.46126862894737,0.42771883525212,0.39366803854352
alle_lehrkraefte,951,2025-09-05,11,7,1,3.6744837708226,kognition,2.2832192608297,1,0,0,0.62136974593878,0.027190698877438,0.14268191314304,0.2692631437537,0.4751857410169,0.4474561246316,0.30704335353319
alle_lehrkraefte,952,2025-09-05,11,7,1,2.4862506965683,motivation,1.376852504409,1,0,0,0.25215758794377,0.31975729701126,0.30109151145213,0.55378444678366,0.18303761876473,0.51110202343942,0.37696474323594
alle_lehrkraefte,953,2025-09-05,11,7,1,2.2750429610691,kognition,1.476804441708,1,2,0,0.6491296980682,0.023747304322574,0.1296647252377,0.24731121215937,0.49460779137771,0.42484572162162,0.27377249411881
alle_lehrkraefte,954,2025-09-05,11,7,1,4.105530115666,regulation,1.9603476546835,1,0,0,0.40874243667907,0.052973024371062,0.031854050439072,0.42453459808445,0.46443239119492,0.45296988137695,0.47748836924115
alle_lehrkraefte,946,2025-09-10,11,3,1,3.566071840425,kognition,1.9337706589825,1,1,0,0.5422676050396,0.036960314653823,0.086908678366079,0.35172664771916,0.42484250428045,0.48238640067418,0.40015200260296
alle_lehrkraefte,947,2025-09-10,11,3,1,3.8229300313861,kognition,2.0311230831007,1,0,0,0.5312987037268,0.20795513229951,0.31164531269073,0.34246928522452,0.41648835124838,0.41913366222758,0.33305785235829
alle_lehrkraefte,948,2025-09-10,11,3,1,2.3654242772316,motivation,1.1646065491769,1,4,1,0.32899178951382,0.42911044764118,0.0065736010195556,0.49234365139069,0.36822892694217,0.37707320345214,0.432894842167
alle_lehrkraefte,949,2025-09-10,11,3,1,4.5339414150742,performanz,2.260374675858,1,1,0,0.4388648454313,0.049012142319769,0.093902205182241,0.41400029487602,0.39896667426924,0.49854408857202,0.46589329515275
alle_lehrkraefte,950,2025-09-10,11,3,1,3.3002997303996,kognition,1.5952881354409,1,0,0,0.48337527861293,0.21561703878008,0.26496779853028,0.40634427469871,0.46243389864905,0.40165324601205,0.33069249779107
alle_lehrkraefte,941,2025-09-12,11,7,1,3.6813879930869,kognition,2.3310275582356,1,0,0,0.63319085918254,0.026149747064184,0.14669077169834,0.25844845876031,0.47775089783145,0.44131972317682,0.29505471879653
alle_lehrkraefte,942,2025-09-12,11,7,1,2.9238561433447,performanz,-1.7781209396438,-1,0,0,-0.25128913178248,-0.15374780174834,-0.28889999732454,-0.42599801146043,-0.2018020606664,-0.60814033627742,-0.48755747449881
alle_lehrkraefte,943,2025-09-12,11,7,1,4.3971375276988,kognition,2.1578157776495,1,1,0,0.49073081220424,0.060721922309847,0.069526878632361,0.41129175166939,0.38033388003918,0.45934695578322,0.47522962004667
alle_lehrkraefte,944,2025-09-12,11,7,1,3.8951583485864,motivation,2.2556815328026,1,2,0,0.2391371841856,0.33938906522206,0.43956258028038,0.57909731517026,0.20940395236406,0.37115745117724,0.34270468881762
alle_lehrkraefte,945,2025-09-12,11,7,1,3.1894406451554,kognition,1.5781787077165,1,2,0,0.494812079978,0.040859599288974,0.062449079861946,0.38402661474438,0.42341512107016,0.48963364934366,0.42788716300349
alle_lehrkraefte,936,2025-09-19,11,7,1,1.5071006143225,performanz,0.91608656017512,1,1,1,0.14292479866915,0.019089968855412,-0.10224496962518,0.46647415268712,0.12229153288671,0.60784294893106,0.60556945605985
alle_lehrkraefte,937,2025-09-19,11,7,1,2.3428052989296,methodik,1.3071304723696,1,0,0,0.51447576205092,0.042683689169047,0.09160513239389,0.31116409404235,0.55793150786012,0.39453333050523,0.40165351508073
alle_lehrkraefte,938,2025-09-19,11,7,1,1.5052760208431,kognition,0.88114242044713,1,2,0,0.58536544433833,0.03587358100207,0.1082012486437,0.26151840550509,0.56386977692464,0.37953235863709,0.33757039722948
alle_lehrkraefte,939,2025-09-19,11,7,1,3.6709941375368,regulation,1.9411488061702,1,1,0,0.43631034728331,0.1180046765747,0.10514865737317,0.42125288148312,0.36060760730328,0.44446342445796,0.52877870289535
alle_lehrkraefte,940,2025-09-19,11,7,1,3.6925617798486,motivation,1.7887542255783,1,0,0,0.37799176392,0.29900821245121,0.11519354329811,0.48441962193939,0.33975715054035,0.47906625432386,0.41813822966906
alle_lehrkraefte,931,2025-10-01,11,3,1,3.586103254132,kognition,1.7348832013882,1,1,0,0.48377814041128,0.21624124958158,0.25466237068262,0.40759703466828,0.38794169160328,0.41830305549323,0.40339606808647
alle_lehrkraefte,932,2025-10-01,11,3,1,4.4247995695105,kognition,2.7431027601632,1,0,0,0.61993690735636,0.028768242753371,0.20958625007286,0.24606156155614,0.50280793819869,0.42502155926261,0.27733420685918
alle_lehrkraefte,933,2025-10-01,11,3,1,2.6261746889041,motivation,1.2623925324906,1,0,0,0.41358193012077,0.4120300862581,0.035560809429602,0.48069449868637,0.29942201539725,0.42667263452277,0.39387653764832
alle_lehrkraefte,934,2025-10-01,11,3,1,3.0334590316781,motivation,1.4967807162732,1,1,0,0.40960998879063,0.27178769119693,0.29238363314321,0.4934221185852,0.341322519198,0.45002586477868,0.3322146862729
alle_lehrkraefte,935,2025-10-01,11,3,1,3.0240571504654,regulation,1.4279047558095,1,2,0,0.33940662801459,0.35165369924952,-0.028935370103071,0.47015906248171,0.44061701743393,0.34950231383445,0.47218024096779
alle_lehrkraefte,927,2025-10-29,11,3,1,3.7884548804964,kognition,2.0948512713766,1,2,0,0.55295517774528,0.034880927385185,0.1206814926599,0.33155772300408,0.47446783761412,0.46013366953007,0.36287924164045
alle_lehrkraefte,928,2025-10-29,11,3,1,3.6925617798486,motivation,1.7887542255783,1,0,0,0.37799176392,0.29900821245121,0.11519354329811,0.48441962193939,0.33975715054035,0.47906625432386,0.41813822966906
alle_lehrkraefte,929,2025-10-29,11,3,1,0.78184916245079,regulation,0.585,1,2,0,0.1518879687075,0.29704198806344,0.26412045790024,0.32771886844279,0.27010619065719,0.28058122298184,0.74821659461824
alle_lehrkraefte,930,2025-10-29,11,3,1,1.5461466113003,kognition,0.96842326368774,1,1,0,0.62634228422261,0.0,0.26055374335585,0.19263249131633,0.40112083755255,0.57253172951533,0.1183062560824
alle_lehrkraefte,922,2025-11-05,11,3,1,2.2281129454848,kognition,1.2955716240704,1,2,0,0.58146325663753,0.041658990190015,0.10229094099513,0.35561127941091,0.4362476415685,0.45813260815111,0.35076448436558
alle_lehrkraefte,923,2025-11-05,11,3,1,3.9754603937968,kognition,2.1118789605959,1,0,0,0.53122744012662,0.022266357176725,0.15845702965771,0.31305095472288,0.4683200092299,0.49369494887372,0.36211699940813
alle_lehrkraefte,924,2025-11-05,11,3,1,3.1560062704863,kognition,1.6773866972735,1,1,0,0.53148860890222,-0.10413465233724,0.10965864089867,0.28633042712269,0.45612604479799,0.40500201161164,0.49049135214022
alle_lehrkraefte,925,2025-11-05,11,3,1,3.4246644235568,kognition,2.1046227351488,1,1,1,0.6145468079161,0.29199855995695,0.15229173432608,0.29199855995695,0.49927156175311,0.35186311417586,0.23564283788526
alle_lehrkraefte,926,2025-11-05,11,3,1,3.6862887062023,kognition,2.0200886874742,1,2,0,0.54799918521941,0.049647831311821,0.095812291045437,0.35117805480328,0.39097030893601,0.45115770102989,0.45642029468141
alle_lehrkraefte,918,2025-11-07,11,7,1,3.535433115609,kognition,2.0164952679339,1,1,0,0.57036563791144,0.033016511423778,0.12199100767119,0.31734595650186,0.47925212650319,0.45533452674429,0.3478288343536
alle_lehrkraefte,919,2025-11-07,11,7,1,3.916840808544,kognition,2.2069589158005,1,0,0,0.5634523814352,0.076723644298226,0.31177537024684,0.31845471584113,0.42787289584912,0.43423975906972,0.32614892186079
alle_lehrkraefte,920,2025-11-07,11,7,1,3.9084723722527,kognition,1.9788076577981,1,2,0,0.50628542470759,0.047586876996102,0.076347252476498,0.38277239334217,0.41463234038027,0.45983069878252,0.45353895477639
alle_lehrkraefte,921,2025-11-07,11,7,1,2.4618609597996,kognition,1.6566860222492,1,0,0,0.67293779783815,0.0,0.25562377022792,0.15425123718291,0.44110365154733,0.5044428994776,0.094734207310967
alle_lehrkraefte,1737,2025-11-14,11,7,1,4.219811570406,kognition,2.2150745427188,1,1,0,0.52492137540917,0.046539524378753,0.075483868838256,0.37324671046528,0.37467537002425,0.46781873578072,0.46694749062356
alle_lehrkraefte,1738,2025-11-14,11,7,1,3.7884548804964,kognition,2.0948512713766,1,2,0,0.55295517774528,0.034880927385185,0.1206814926599,0.33155772300408,0.47446783761412,0.46013366953007,0.36287924164045
alle_lehrkraefte,1739,2025-11-14,11,7,1,3.1717247047363,kognition,1.4715099253264,1,1,0,0.46394483218568,0.33176316725944,0.067088640787702,0.43557636860106,0.3965925899591,0.40496890721905,0.39895981128356
alle_lehrkraefte,1740,2025-11-14,11,7,1,2.8941916929599,kognition,1.7575648543691,1,2,0,0.60727103388972,0.028928445867643,0.10674965943156,0.29884034758578,0.44607402462506,0.44638581037106,0.36253931618783
alle_lehrkraefte,1741,2025-11-14,11,7,1,4.1826548987587,regulation,2.0107729389583,1,2,0,0.42262531457781,0.16192150458247,0.16866783506966,0.43524035966832,0.39405455354042,0.43691172839776,0.48073966899788
alle_lehrkraefte,1732,2025-11-26,11,3,1,4.2363572870877,kognition,2.4535826683356,1,1,0,0.57917137539373,0.037754160435361,0.10712831256553,0.31365049704185,0.4669931154683,0.44354444272148,0.37210625910124
alle_lehrkraefte,1733,2025-11-26,11,3,1,2.4862506965683,motivation,1.376852504409,1,0,0,0.25215758794377,0.31975729701126,0.30109151145213,0.55378444678366,0.18303761876473,0.51110202343942,0.37696474323594
alle_lehrkraefte,1734,2025-11-26,11,3,1,2.581090336861,kognition,1.9207934795839,1,1,0,0.74417621514084,0.017341980457166,0.11337281487846,0.15558292653975,0.47161091587224,0.34856207029875,0.25479688559567
alle_lehrkraefte,1735,2025-11-26,11,3,1,2.8957199704337,regulation,1.539769585776,1,2,0,0.47088581038576,0.15755269598282,0.14777939986544,0.33022333356776,0.43475917646087,0.38831659764443,0.5317379733254
alle_lehrkraefte,1736,2025-11-26,11,3,1,3.3246328476177,motivation,1.5116396645841,1,2,0,0.3977023216679,0.31262395917185,0.33641697348765,0.45467730937394,0.3353124678607,0.40522116227552,0.38411799052906
alle_lehrkraefte,1728,2025-11-28,11,7,1,3.9112024651601,regulation,1.8743802397078,1,2,0,0.45233940182607,0.066292010281111,0.0696991169281,0.39598961153305,0.45694395266147,0.43687754544342,0.47923252863511
alle_lehrkraefte,1729,2025-11-28,11,7,1,4.1616133039273,kognition,2.011929137674,1,0,0,0.48344816210909,0.20080164681871,0.27099058310345,0.38581826094179,0.38712272450863,0.43259694091758,0.4082352552731
alle_lehrkraefte,1730,2025-11-28,11,7,1,2.143214142819,motivation,1.1120561318809,1,1,0,0.40798100746037,0.017743924089354,0.20147339485859,0.51887066297143,0.28563167456092,0.45350028674155,0.48596405389779
alle_lehrkraefte,1731,2025-11-28,11,7,1,3.1819690767104,performanz,1.6514653847318,1,0,0,0.46303540907394,0.052306337430451,0.18165981882267,0.37481530099105,0.44958792227474,0.51900573351321,0.37131243005745
alle_lehrkraefte,1723,2025-12-03,11,3,1,3.8675391175028,kognition,2.5295856191585,1,1,1,0.65405390915676,0.016272106661563,0.18083399813396,0.2003135630572,0.48954619883787,0.43227188681286,0.26944871104439
alle_lehrkraefte,1724,2025-12-03,11,3,1,2.6011908708907,kognition,1.6291639737569,1,1,0,0.62631225138682,0.017885899512245,0.12307583679251,0.21551127310514,0.58013916482116,0.36832679624498,0.2712683538319
alle_lehrkraefte,1725,2025-12-03,11,3,1,2.6936098309784,performanz,1.6232860077824,1,1,0,0.4050891182877,0.10651657305953,0.30870299490186,0.3289737167018,0.33165656026957,0.60264109623547,0.38452046861755
alle_lehrkraefte,1726,2025-12-03,11,3,1,3.9488118876419,kognition,1.9152788377772,1,0,0,0.48502538029663,0.025324008741178,0.23795142617514,0.38678225946455,0.4546744260224,0.46868110841995,0.36261797767101
alle_lehrkraefte,1727,2025-12-03,11,3,1,2.0618806987405,regulation,-1.1929257382862,-1,0,0,-0.17055995305799,-0.16267001999957,-0.30053932657278,-0.31632416360643,-0.29693945333983,-0.57545588039336,-0.57855915399148
alle_lehrkraefte,1719,2025-12-10,11,3,1,4.0637489057853,kognition,2.0829911382815,1,0,0,0.51257744038802,0.23013458756657,0.17127204180886,0.37232291210636,0.40439334712313,0.50538671650944,0.31207265509604
alle_lehrkraefte,1720,2025-12-10,11,3,1,2.4174972743467,kognition,1.9373026861825,1,1,0,0.80136374634324,-0.0276955660997,0.19326724765202,-0.13478508835187,0.45886239328623,0.19416465364535,-0.23079638416416
alle_lehrkraefte,1721,2025-12-10,11,3,1,2.8957199704337,regulation,1.539769585776,1,0,0,0.47088581038576,0.15755269598282,0.14777939986544,0.33022333356776,0.43475917646087,0.38831659764443,0.5317379733254
alle_lehrkraefte,1722,2025-12-10,11,3,1,1.7229179248308,kognition,1.3807910822945,1,1,0,0.80142126806034,0.039137726266037,0.19415880276327,0.085637230104267,0.52579057890913,0.14793460676579,0.11317607852982
alle_lehrkraefte,1714,2025-12-12,11,7,23,4.8603582361414,kognition,2.4163555556782,1,1,0,0.49715483236647,0.05455158373708,0.089907259755098,0.39074852793277,0.41967516285658,0.46598299116922,0.44251775629924
alle_lehrkraefte,1715,2025-12-12,11,7,23,4.1753366045791,kognition,2.0025209823477,1,0,0,0.47960592784119,0.20384347683099,0.27356109825585,0.38796629419017,0.38566077691678,0.43325305356153,0.40819754744271
alle_lehrkraefte,1716,2025-12-12,11,7,23,2.6677743582537,performanz,1.5511427607571,1,0,0,0.32130842266691,0.036953441487947,0.1513991513825,0.40364975331999,0.43700613516417,0.58143483597468,0.42484372043268
alle_lehrkraefte,1717,2025-12-12,11,7,23,4.3406553652064,kognition,2.1462963786463,1,1,0,0.49446253006518,0.26550279432215,0.053552965854877,0.37877182858556,0.4109033095443,0.44109602015534,0.41864927793105
alle_lehrkraefte,1718,2025-12-12,11,7,23,3.7281985400685,performanz,1.9343789929705,1,0,0,0.40952297822629,0.23941046247707,0.13252961756498,0.43892855326055,0.39268182609114,0.51884946139171,0.37595484001876
alle_lehrkraefte,1709,2025-12-17,11,3,19,4.0789242581081,regulation,1.8479915181834,1,0,0,0.42043389351725,0.32285885538557,0.14942820404965,0.40847577548243,0.41016540084089,0.39536647425586,0.45305744129363
alle_lehrkraefte,1710,2025-12-17,11,3,19,0.78503971413289,regulation,0.61169791055793,1,1,0,-0.19646102355585,0.42330280908898,0.37958715950229,0.1645495532834,-0.04349476965984,0.044837282982806,0.77918366129661
alle_lehrkraefte,1711,2025-12-17,11,3,19,4.2157345291432,regulation,1.9791706721549,1,0,0,0.37487060772453,0.2035061245517,0.30634878400679,0.42635033914532,0.34151654325095,0.45320148723103,0.46947120691802
alle_lehrkraefte,1712,2025-12-17,11,3,19,3.9472334029979,kognition,2.3317185870149,1,1,0,0.59072075090275,0.036035643093624,0.11051648660271,0.31723657760352,0.43648255743814,0.44637104913987,0.38357304861061
alle_lehrkraefte,1713,2025-12-17,11,3,19,1.4961917859635,kognition,1.2221237056395,1,0,0,0.81681743539194,0.040437289846616,0.20182274678664,0.049299247019464,0.52457061090042,0.093988959896664,0.063163663709705
alle_lehrkraefte,1704,2026-01-07,11,3,19,3.1988921097457,kognition,1.919667488646,1,0,0,0.60010197961283,0.028359326892356,0.086449473354213,0.30337364378423,0.40429765756495,0.44207952411901,0.42504956153813
alle_lehrkraefte,1705,2026-01-07,11,3,19,4.8604079848911,performanz,2.3238211125165,1,0,0,0.47652082017042,0.045968410589216,0.15904505569559,0.36906918169985,0.45571026315801,0.47811137226062,0.41598194606199
alle_lehrkraefte,1706,2026-01-07,11,3,19,2.5074879048464,performanz,1.5399390735643,1,1,1,0.37305328524839,0.028718278910358,0.13735554249582,0.41621030612412,0.36013603341378,0.61413374287892,0.40130132079964
alle_lehrkraefte,1707,2026-01-07,11,3,19,3.1247370982285,performanz,1.8542435914099,1,0,0,0.40826567234631,0.018723816000282,0.11178319840243,0.39781778722095,0.36684700925044,0.59340597274611,0.4189275677597
alle_lehrkraefte,1708,2026-01-07,11,3,19,3.8585181516088,kognition,2.160530582695,1,2,0,0.55993645706438,0.029577758480892,0.056914427315972,0.32397529023664,0.38526227886118,0.486136350724,0.43890354430942
alle_lehrkraefte,1699,2026-01-14,11,3,19,4.4145152628884,performanz,2.0870902816588,1,1,0,0.43968804871547,0.17418202291411,0.23306809459268,0.42217648532543,0.37570820245601,0.47277796758904,0.42320341528376
alle_lehrkraefte,1700,2026-01-14,11,3,19,2.6011908708907,kognition,1.6291639737569,1,1,0,0.62631225138682,0.017885899512245,0.12307583679251,0.21551127310514,0.58013916482116,0.36832679624498,0.2712683538319
alle_lehrkraefte,1701,2026-01-14,11,3,19,3.3533597644884,motivation,1.7915442913418,1,0,0,0.41425099938255,0.29820749581207,0.29614522655344,0.53425193675745,0.28669873699374,0.4000688015956,0.35225572510267
alle_lehrkraefte,1702,2026-01-14,11,3,19,2.9438340136339,motivation,1.3391291752914,1,1,0,0.39013065463861,0.34771163703153,0.063474612705181,0.45489134923233,0.38828321190919,0.42472073090344,0.4298618126599
alle_lehrkraefte,1703,2026-01-14,11,3,19,3.1560062704863,kognition,1.6773866972735,1,1,0,0.53148860890222,-0.10413465233724,0.10965864089867,0.28633042712269,0.45612604479799,0.40500201161164,0.49049135214022
alle_lehrkraefte,1694,2026-01-16,11,7,1,3.5846603474751,regulation,1.7810357015046,1,0,0,0.44499407838611,0.049847783190915,0.036900952175072,0.39802316963037,0.42437609028194,0.46125148062342,0.49684783504823
alle_lehrkraefte,1695,2026-01-16,11,7,1,2.191058309294,regulation,1.4239005001997,1,1,1,0.27821751197677,0.18119015199847,0.16110862381728,0.36687155021483,0.30532321749413,0.46223087885444,0.64986586413571
alle_lehrkraefte,1696,2026-01-16,11,7,1,4.3694138446034,regulation,2.1691361649815,1,1,0,0.46718565713277,0.095051127239807,0.09500592495888,0.40013644918764,0.37702370687642,0.46364652240327,0.49643528348951
alle_lehrkraefte,1697,2026-01-16,11,7,1,2.2792901074475,performanz,1.7803177442296,1,0,0,0.26065571282368,0.0,0.29833114483633,0.36911250485341,0.20746555360131,0.78108088461566,0.23167867253301
alle_lehrkraefte,1698,2026-01-16,11,7,1,3.1844962872024,performanz,1.7623605672214,1,0,0,0.35830210771604,0.21987884155731,0.30560875784078,0.47619592143151,0.25159370964146,0.55341720451418,0.36542762457524
alle_lehrkraefte,1689,2026-01-21,11,3,1,4.2434364120772,kognition,2.1266007185707,1,0,0,0.50114942244074,0.11396715072385,0.17824852421908,0.34183623305069,0.44985360536929,0.43478865646368,0.44251784498799
alle_lehrkraefte,1690,2026-01-21,11,3,1,3.7903140793782,regulation,2.0584483248078,1,0,0,0.43782915236789,0.20100650117379,0.23487362217918,0.31187955950307,0.38918849396145,0.41116778334824,0.54307976882693
alle_lehrkraefte,1691,2026-01-21,11,3,1,4.1826548987587,regulation,2.0107729389583,1,2,0,0.42262531457781,0.16192150458247,0.16866783506966,0.43524035966832,0.39405455354042,0.43691172839776,0.48073966899788
alle_lehrkraefte,1692,2026-01-21,11,3,1,0.84545051969349,performanz,-0.525,-1,2,0,-0.3775457192439,0.0,0.0,-0.36264259874743,-0.29868337328341,-0.62096335401957,-0.50111742669379
alle_lehrkraefte,1693,2026-01-21,11,3,1,2.1499471977289,performanz,-2.0061472903471,-1,1,0,-0.20217291767012,0.19956304972712,-0.10242667812097,-0.15208674022636,-0.11326743696791,-0.93311033934361,-0.046318240946902
alle_lehrkraefte,1684,2026-01-23,11,7,23,3.7834187822736,performanz,2.1524916087874,1,0,0,0.43529939562806,0.035551443866491,0.119184436252,0.4104201615304,0.35006848278279,0.56892616001453,0.42470070376623
alle_lehrkraefte,1685,2026-01-23,11,7,23,2.5500239990253,regulation,1.5887506947218,1,0,0,0.30106002388061,0.15568419877999,0.13842952687491,0.37101936000202,0.30931179423061,0.49442664870243,0.62303118128191
alle_lehrkraefte,1686,2026-01-23,11,7,23,4.3406553652064,kognition,2.1462963786463,1,1,0,0.49446253006518,0.26550279432215,0.053552965854877,0.37877182858556,0.4109033095443,0.44109602015534,0.41864927793105
alle_lehrkraefte,1687,2026-01-23,11,7,23,4.8647814867475,performanz,2.3969338314309,1,0,0,0.43636742711202,0.05887908540611,0.11008583245671,0.41821687591632,0.41539574353306,0.49271049703992,0.45141013196524
alle_lehrkraefte,1688,2026-01-23,11,7,23,2.4285529007933,performanz,1.517734800859,1,0,0,0.4282299540693,0.020588307588684,0.15656159458602,0.38655508674269,0.28065007168787,0.6249518183627,0.41583817372042
alle_lehrkraefte,1680,2026-01-28,11,3,19,3.1988921097457,kognition,1.919667488646,1,0,0,0.60010197961283,0.028359326892356,0.086449473354213,0.30337364378423,0.40429765756495,0.44207952411901,0.42504956153813
alle_lehrkraefte,1681,2026-01-28,11,3,19,4.1753366045791,kognition,2.0025209823477,1,0,0,0.47960592784119,0.20384347683099,0.27356109825585,0.38796629419017,0.38566077691678,0.43325305356153,0.40819754744271
alle_lehrkraefte,1682,2026-01-28,11,3,19,4.2332441001739,kognition,2.2209564799031,1,0,0,0.52464520847256,0.057651067006785,0.12431452439003,0.36300826394135,0.46358746533329,0.45239334066434,0.39321350670068
alle_lehrkraefte,1683,2026-01-28,11,3,19,2.6261746889041,motivation,1.2623925324906,1,0,0,0.41358193012077,0.4120300862581,0.035560809429602,0.48069449868637,0.29942201539725,0.42667263452277,0.39387653764832
alle_lehrkraefte,2430,2023-12-04,12,0,36,1.5861547843764,motivation,1.0,1,0,0,0.0,0.5012089587606,0.47283864034019,0.63045152045358,0.0,0.31459530870634,0.16959145900201
alle_lehrkraefte,2429,2023-12-11,12,0,36,2.4185712013422,motivation,1.3780785164011,1,0,0,0.1881181920702,0.3431483861417,0.34532120150453,0.56978798794776,0.17847110529737,0.40566357856878,0.45445847311426
alle_lehrkraefte,2428,2023-12-18,12,0,36,4.5399062270388,performanz,2.1977749505879,1,1,0,0.43609340367748,0.10801265364629,0.16579159198732,0.39749260460336,0.39033655889312,0.48410033152117,0.47534032196209
alle_lehrkraefte,2427,2023-12-20,12,4,34,2.6245985521034,motivation,1.7203344127691,1,0,0,0.25775781148041,0.0,0.34367938602604,0.65546323522814,0.23292100262003,0.36084286211816,0.44871589311419
alle_lehrkraefte,2424,2024-01-15,12,0,37,2.2792901074475,performanz,1.7803177442296,1,0,0,0.26065571282368,0.0,0.29833114483633,0.36911250485341,0.20746555360131,0.78108088461566,0.23167867253301
alle_lehrkraefte,2425,2024-01-15,12,0,37,3.5064727634097,performanz,1.7014084514543,1,0,0,0.41400350183506,0.031892039670619,0.14998546556067,0.47834691418531,0.35730284348314,0.48521797089909,0.4616980432342
alle_lehrkraefte,2426,2024-01-15,12,0,37,0.99141868047763,kognition,0.811,1,0,0,0.81801143740294,0.0,0.17853023972912,0.0,0.48515844807745,0.25216135554961,0.0
alle_lehrkraefte,2423,2024-01-22,12,0,41,1.881159988326,performanz,1.1327465300685,1,2,0,0.56819532922291,0.010365889377893,0.21380976872848,0.27546199709883,0.3693415489259,0.60215001148114,0.23757996421077
alle_lehrkraefte,2422,2024-01-24,12,4,38,2.359810786534,kognition,1.8432275404175,1,0,0,0.78108793300561,0.018432213851836,0.086879610359002,0.11348578136332,0.48890229627607,0.27009925920707,0.23905494098143
alle_lehrkraefte,2420,2024-02-05,12,0,37,3.8990990731169,motivation,1.951508717026,1,2,0,0.41622947646463,0.017426113109251,0.26359341583208,0.50050118640718,0.3659075078534,0.44217461455411,0.42077856838126
alle_lehrkraefte,2421,2024-02-05,12,0,37,1.5544150025009,motivation,1.0,1,0,0,0.2605465039152,0.0,0.34096209154335,0.64332470102519,0.23224021707009,0.40143461343972,0.43231419908893
alle_lehrkraefte,2419,2024-02-12,12,0,37,1.4952397801022,regulation,1.0,1,0,0,0.33907378335502,0.033439229127714,0.080254149906513,0.39057019621169,0.3216853842086,0.41732157951387,0.66878458255427
alle_lehrkraefte,2416,2024-02-26,12,0,37,1.7259800114717,performanz,0.874,1,0,0,0.41135811637437,0.040556434008741,0.034762657721778,0.4223662913196,0.41773127029003,0.50637604748057,0.46755774635791
alle_lehrkraefte,2417,2024-02-26,12,0,37,2.2933299753064,kognition,-1.7869008735006,-1,1,0,-0.77916963587654,0.0085330206720468,-0.11735965542872,-0.1524054586047,-0.42342288084338,-0.41544662401847,0.062686515578417
alle_lehrkraefte,2418,2024-02-26,12,0,37,0.99141868047763,kognition,0.811,1,0,0,0.81801143740294,0.0,0.17853023972912,0.0,0.48515844807745,0.25216135554961,0.0
alle_lehrkraefte,2415,2024-03-04,12,0,37,4.4732592640319,kognition,2.4410912603643,1,0,0,0.5457063092518,0.11850265963505,0.18961136185774,0.36676259100721,0.44033384902993,0.51258273229085,0.24709320094275
alle_lehrkraefte,2413,2024-03-11,12,0,37,1.8453087816387,performanz,1.1589878308294,1,0,0,0.56613323994048,0.0,0.27178677515269,0.23058978976272,0.3713705654643,0.62806916743141,0.1416179302424
alle_lehrkraefte,2414,2024-03-11,12,0,37,1.4952397801022,regulation,1.0,1,0,0,0.33907378335502,0.033439229127714,0.080254149906513,0.39057019621169,0.3216853842086,0.41732157951387,0.66878458255427
alle_lehrkraefte,2410,2024-03-25,12,0,37,3.4230861640708,performanz,1.969647522874,1,0,0,0.42711030066087,0.0,0.33083386705283,0.43220567483439,0.32052607427476,0.57539941283205,0.29579842272821
alle_lehrkraefte,2411,2024-03-25,12,0,37,2.8666724029343,motivation,1.438192856369,1,1,0,0.21369300666248,0.40595190964376,0.44749922972308,0.50169242846605,0.25219941984974,0.32328671687719,0.4116572205145
alle_lehrkraefte,2412,2024-03-25,12,0,37,4.8153804373308,kognition,2.5713476380703,1,0,0,0.53398528562424,0.055624306044656,0.14961713019932,0.35334143352973,0.46452730929901,0.44341598134025,0.39002908875892
alle_lehrkraefte,2409,2024-03-27,12,4,34,5.235041784241,regulation,-2.8193081778064,-1,1,0,-0.35463519737792,-0.035948553345982,-0.11123618598031,-0.47967406001598,-0.37493589276418,-0.44706822447464,-0.53854446794457
alle_lehrkraefte,2407,2024-04-08,12,0,37,0.58406932401162,performanz,-0.43263173633716,-1,0,0,0.24487831290449,0.045147567131966,-0.5608787473961,-0.17341843557411,0.033637705745528,-0.74070715834577,0.20862539315691
alle_lehrkraefte,2408,2024-04-08,12,0,37,1.4952397801022,regulation,1.0,1,0,0,0.33907378335502,0.033439229127714,0.080254149906513,0.39057019621169,0.3216853842086,0.41732157951387,0.66878458255427
alle_lehrkraefte,2406,2024-04-22,12,0,36,1.5861547843764,motivation,1.0,1,0,0,0.0,0.5012089587606,0.47283864034019,0.63045152045358,0.0,0.31459530870634,0.16959145900201
alle_lehrkraefte,2405,2024-04-24,12,4,34,1.22695346123,sozial,-1.0,-1,0,0,-0.1697910888066,-0.81502019546496,0.027529386378772,-0.062265748596401,0.010123454127805,-0.54656706326571,0.058513564885447
alle_lehrkraefte,2404,2024-04-29,12,0,36,1.5861547843764,motivation,1.0,1,0,0,0.0,0.5012089587606,0.47283864034019,0.63045152045358,0.0,0.31459530870634,0.16959145900201
alle_lehrkraefte,2403,2024-05-06,12,0,15,3.2827199566562,kognition,1.9786324172235,1,1,0,0.60273992784923,0.037134302497627,0.027653151443302,0.3168478514045,0.41593422321658,0.40889190195575,0.44041844559606
alle_lehrkraefte,2402,2024-05-15,12,4,34,2.7989531423059,regulation,1.53689315339,1,1,0,0.43323634607806,0.063293250266408,-0.062747518555323,0.38972551105851,0.51042301412223,0.30072290971758,0.54909374480861
alle_lehrkraefte,2401,2024-05-27,12,0,10,0.99141868047763,kognition,0.811,1,0,0,0.81801143740294,0.0,0.17853023972912,0.0,0.48515844807745,0.25216135554961,0.0
alle_lehrkraefte,2400,2024-06-03,12,0,15,2.3368453458781,kognition,1.8143851256501,1,0,0,0.77642166805509,-0.1337304753181,0.10644666458071,-0.14754143120737,0.44451910611943,0.1873785750225,-0.33685258266524
alle_lehrkraefte,2399,2024-06-12,12,4,10,4.2682976181147,regulation,1.9720680414444,1,1,1,0.42123744044348,0.086383249056085,0.20650898079698,0.4477473853082,0.39851133620073,0.44686631738203,0.46202575303498
alle_lehrkraefte,2398,2024-06-17,12,0,15,4.4771884233715,performanz,2.1967430505563,1,1,0,0.47331007450077,0.040703445529487,0.14261561048078,0.38010243654032,0.42330490049926,0.49065126063858,0.43540046262524
alle_lehrkraefte,2397,2024-08-14,12,4,10,1.4952397801022,regulation,1.0,1,0,0,0.33907378335502,0.033439229127714,0.080254149906513,0.39057019621169,0.3216853842086,0.41732157951387,0.66878458255427
alle_lehrkraefte,2396,2024-08-28,12,4,10,1.4952397801022,regulation,1.0,1,0,0,0.33907378335502,0.033439229127714,0.080254149906513,0.39057019621169,0.3216853842086,0.41732157951387,0.66878458255427
alle_lehrkraefte,2395,2024-09-02,12,0,8,1.0184943337936,kognition,0.72681123842791,1,3,1,0.71360642690717,-0.09878923743348,0.025281188122702,0.20496504585658,0.49562781589438,0.42898465921543,0.093071688912798
alle_lehrkraefte,2394,2024-09-04,12,4,14,3.4851794616504,performanz,1.9566800665886,1,1,1,0.51255727471549,0.040590769864587,0.21549239702297,0.36252327303882,0.3869321673945,0.56142717293253,0.30472056319883
alle_lehrkraefte,2393,2024-09-11,12,4,14,4.5700903552155,kognition,2.4529142600913,1,0,0,0.53673094011862,0.041290036498059,0.25133439154606,0.38428151257827,0.43332676323914,0.43507134259578,0.34972880974829
alle_lehrkraefte,2392,2024-09-18,12,4,14,4.3582278272343,motivation,2.0837150189889,1,0,0,0.39323593743889,0.035920247585337,0.27848929516319,0.4781095253609,0.38989721222046,0.45812128262683,0.41956011829091
alle_lehrkraefte,2391,2024-10-02,12,4,14,2.9378153560189,kognition,1.9073327182972,1,0,0,0.64923284646228,0.027231026458431,0.15799582819107,0.25922762223241,0.42078013428621,0.4812683605133,0.27732936453312
alle_lehrkraefte,2390,2024-10-23,12,4,14,4.8206115680112,motivation,2.3543941247134,1,0,0,0.412055905652,0.052282238731221,0.22623987809287,0.48840052916344,0.36247337745448,0.44474130355365,0.45669575596432
alle_lehrkraefte,2389,2024-10-30,12,4,14,1.5861547843764,motivation,1.0,1,0,0,0.0,0.5012089587606,0.47283864034019,0.63045152045358,0.0,0.31459530870634,0.16959145900201
alle_lehrkraefte,2388,2024-11-11,12,0,8,2.3593873890246,kognition,1.4354708924276,1,0,0,0.60840573067729,-0.11099689691275,-0.046026072708122,0.30199080825102,0.48021443262253,0.44854694182111,0.30396804285796
alle_lehrkraefte,2387,2024-11-13,12,4,14,1.876880842971,kognition,1.5077030055439,1,0,0,0.80329818390362,0.0,0.19026641213441,0.0,0.49757477048414,0.26630698833486,0.0
alle_lehrkraefte,2386,2024-11-25,12,0,8,1.1084815641225,kognition,0.86347584687083,1,2,0,0.77896474345693,-0.072170147783967,0.096751518722138,-0.26342103941148,0.53758217699744,0.07502050206172,-0.12088499753815
alle_lehrkraefte,2384,2024-12-04,12,4,14,3.9927095643383,motivation,1.9790783396673,1,0,0,0.40337662562938,0.019782224546793,0.24192290677511,0.49567176150906,0.3029842619046,0.49035292332384,0.44769220679262
alle_lehrkraefte,2385,2024-12-04,12,4,14,3.6167522453966,motivation,2.091062200259,1,0,0,0.28582249733326,0.0,0.36142643366918,0.57815860108594,0.25784061072966,0.46312367785018,0.4152568045519
alle_lehrkraefte,2383,2025-01-15,12,4,14,1.5644129889514,kognition,0.811,1,1,0,0.51840199596119,0.031960665595634,0.031960665595634,0.37330057415701,0.30746160303,0.4787707706226,0.51584514271354
alle_lehrkraefte,2382,2025-01-22,12,4,14,4.6663408056444,regulation,2.3590195619054,1,2,0,0.42940048918875,0.10031312215804,0.18742758799866,0.39351767463683,0.38472321188997,0.46041494080731,0.50553840895374
alle_lehrkraefte,2381,2025-03-03,12,0,18,3.4253628007556,kognition,1.8756129384999,1,1,0,0.54756461488983,0.015180829365063,0.27581411984671,0.37439023429455,0.40665419031305,0.46382312271471,0.32124087576521
alle_lehrkraefte,2380,2025-03-24,12,0,18,1.8453087816387,performanz,1.1589878308294,1,0,0,0.56613323994048,0.0,0.27178677515269,0.23058978976272,0.3713705654643,0.62806916743141,0.1416179302424
alle_lehrkraefte,2379,2025-04-28,12,0,18,1.5473173559422,motivation,0.875,1,0,0,0.26174164015434,0.0,0.34252609699211,0.56549119786432,0.23330551134745,0.56484492220962,0.34769630222972
alle_lehrkraefte,2378,2025-04-30,12,4,1,2.8439705763106,motivation,1.4972891201799,1,0,0,0.35973552428409,0.02461338891801,0.19544287268531,0.52647656339563,0.3512943726504,0.46793301686985,0.4606874954331
alle_lehrkraefte,2377,2025-05-05,12,0,12,3.9135514572177,regulation,1.892760396549,1,0,0,0.48290780948926,0.11731649097598,0.12662994423003,0.34729939776507,0.45097294355673,0.42319516836709,0.48364141389889
alle_lehrkraefte,2376,2025-05-12,12,0,12,3.8926795210269,kognition,2.4418662631931,1,0,0,0.62729540848379,0.090561723482318,0.22717583235997,0.21605312167863,0.49577012117614,0.39124498306449,0.31803371973125
alle_lehrkraefte,2375,2025-05-19,12,0,12,3.6332058772968,regulation,1.9675111922216,1,0,0,0.36460133817623,0.14073107902661,0.12452320262745,0.41522702857721,0.39809856392654,0.45562450837578,0.54153434826599
alle_lehrkraefte,2374,2025-05-26,12,0,12,3.6437448867909,performanz,2.1022287060364,1,0,0,0.48094905762344,0.011578306306002,0.1378347682621,0.35598328282003,0.35081221288435,0.57694020902922,0.40852995418407
alle_lehrkraefte,2373,2025-08-18,12,0,12,4.9791815574595,kognition,2.9796031696704,1,1,0,0.59841103425848,0.076333183634341,0.15553733272238,0.25744224192988,0.48917452388565,0.40541565792172,0.37676454468877
alle_lehrkraefte,2368,2025-08-25,12,0,12,4.7272578340427,performanz,2.1834193470863,1,1,0,0.40939526234525,0.19494675496675,0.26216929806182,0.43140491422681,0.38087108066135,0.46187764766845,0.42561763210998
alle_lehrkraefte,2369,2025-08-25,12,0,12,3.7777885891187,kognition,2.0339856327016,1,0,0,0.53840499558663,0.20501595204781,0.31038098396524,0.33358174359969,0.42191361623921,0.41611001111322,0.33062282175447
alle_lehrkraefte,2370,2025-08-25,12,0,12,3.0240571504654,regulation,1.4279047558095,1,2,0,0.33940662801459,0.35165369924952,-0.028935370103071,0.47015906248171,0.44061701743393,0.34950231383445,0.47218024096779
alle_lehrkraefte,2371,2025-08-25,12,0,12,1.5890209998845,motivation,0.85188551646247,1,0,0,0.33406255970934,0.45645506608696,0.46047891028742,0.53610377426518,0.18684581263477,0.36274856741847,0.11871153327529
alle_lehrkraefte,2372,2025-08-25,12,0,12,2.3208408179343,regulation,1.5571762433389,1,1,0,0.2885285852229,0.17105795725093,0.087808235107792,0.35518519692206,0.3070362668932,0.45735000746242,0.67095059764542
alle_lehrkraefte,2363,2025-08-27,12,4,1,4.2375936204146,performanz,2.034911587693,1,0,0,0.44755458964527,0.18471160900953,0.27647585423301,0.40997226864095,0.37266138334302,0.48020338143233,0.38933769139254
alle_lehrkraefte,2364,2025-08-27,12,4,1,3.0556171049096,performanz,1.8608741963844,1,0,0,0.55550638970887,0.0,0.29078875442313,0.25128473348535,0.3845063379814,0.60899911294624,0.15804728787018
alle_lehrkraefte,2365,2025-08-27,12,4,1,3.2676087905419,kognition,1.5921009565853,1,0,0,0.487235830934,0.3217676297975,0.077153240661545,0.42089421911035,0.40731311868329,0.40263476371624,0.3846263394302
alle_lehrkraefte,2366,2025-08-27,12,4,1,3.1819690767104,performanz,1.6514653847318,1,0,0,0.46303540907394,0.052306337430451,0.18165981882267,0.37481530099105,0.44958792227474,0.51900573351321,0.37131243005745
alle_lehrkraefte,2367,2025-08-27,12,4,1,3.5863224441572,performanz,1.7011124840356,1,1,0,0.44140928068148,0.05461982512367,0.046057928264602,0.44525025198419,0.40530347089364,0.47433206779451,0.46101844996376
alle_lehrkraefte,2357,2025-09-01,12,0,12,3.535433115609,kognition,2.0164952679339,1,1,0,0.57036563791144,0.033016511423778,0.12199100767119,0.31734595650186,0.47925212650319,0.45533452674429,0.3478288343536
alle_lehrkraefte,2358,2025-09-01,12,0,12,3.1813676431278,performanz,1.4780206620485,1,0,0,0.43697363840821,0.31432923474525,0.046982968609961,0.43014855236104,0.39172434957001,0.46458510363938,0.39207451324792
alle_lehrkraefte,2359,2025-09-01,12,0,12,3.8995392280503,methodik,2.0534298272575,1,0,0,0.51572033646035,0.023111379596837,0.14713864022183,0.29720121974227,0.52658133214136,0.45873431996406,0.3684967432254
alle_lehrkraefte,2360,2025-09-01,12,0,12,3.3659078131316,kognition,1.8644313920995,1,0,0,0.55391471081846,0.027419524844313,0.15221827542323,0.29709727428258,0.43315863907753,0.40624546152473,0.47783024759156
alle_lehrkraefte,2361,2025-09-01,12,0,12,2.3654242772316,motivation,1.1646065491769,1,4,1,0.32899178951382,0.42911044764118,0.0065736010195556,0.49234365139069,0.36822892694217,0.37707320345214,0.432894842167
alle_lehrkraefte,2362,2025-09-01,12,0,12,1.2396455138466,performanz,1.0,1,0,0,0.24522941785392,0.0,0.28233650081865,0.35332396388163,0.19360217198993,0.80667571662473,0.21699576777205
alle_lehrkraefte,2353,2025-09-03,12,4,1,3.9028243912711,kognition,2.1928329711058,1,1,0,0.56185652560873,0.035514064351567,0.10716096158394,0.3336892807476,0.43935402011948,0.47241530936597,0.37948739649417
alle_lehrkraefte,2354,2025-09-03,12,4,1,3.1813676431278,performanz,1.4780206620485,1,0,0,0.43697363840821,0.31432923474525,0.046982968609961,0.43014855236104,0.39172434957001,0.46458510363938,0.39207451324792
alle_lehrkraefte,2355,2025-09-03,12,4,1,3.3002997303996,kognition,1.5952881354409,1,0,0,0.48337527861293,0.21561703878008,0.26496779853028,0.40634427469871,0.46243389864905,0.40165324601205,0.33069249779107
alle_lehrkraefte,2356,2025-09-03,12,4,1,4.6528861597638,performanz,2.3369126707959,1,0,0,0.45163227136925,0.21250462012127,0.1734894590181,0.40952500747516,0.40519201492762,0.50224904888369,0.3696238348482
alle_lehrkraefte,2348,2025-09-08,12,0,1,4.0297451295107,performanz,2.1018406752718,1,0,0,0.50229795388456,0.030986423052732,0.16577460984972,0.36043056753727,0.43342058043781,0.52158024686899,0.35977892556151
alle_lehrkraefte,2349,2025-09-08,12,0,1,4.6361765459891,kognition,2.6228056368715,1,0,0,0.56572478498315,0.048988682338982,0.17044432813436,0.3147111289115,0.48920271513479,0.42441388016159,0.36056963398192
alle_lehrkraefte,2350,2025-09-08,12,0,1,3.4475065704142,kognition,1.9983364398439,1,0,0,0.57964520228655,0.17656477495722,0.28633515641049,0.33452481948389,0.42245213690023,0.39236938764407,0.32636834629356
alle_lehrkraefte,2351,2025-09-08,12,0,1,3.050519966414,kognition,1.8346238946577,1,0,0,0.60141153008057,0.25796034376092,0.36992244687776,0.36833268059845,0.37038652482427,0.38425337642634,0.12002358492601
alle_lehrkraefte,2352,2025-09-08,12,0,1,4.1758633815523,performanz,2.1296617818885,1,1,0,0.43867325516652,0.04495104170913,0.097467221646455,0.41063104598145,0.38849258744244,0.50999194355286,0.46519286477064
alle_lehrkraefte,2344,2025-09-10,12,4,1,3.1105149252108,kognition,1.6517086769815,1,0,0,0.53100641103836,0.037516048702287,0.13871477916169,0.36888022758025,0.4065452396975,0.52667608483763,0.34443746200904
alle_lehrkraefte,2345,2025-09-10,12,4,1,3.1813676431278,performanz,1.4780206620485,1,0,0,0.43697363840821,0.31432923474525,0.046982968609961,0.43014855236104,0.39172434957001,0.46458510363938,0.39207451324792
alle_lehrkraefte,2346,2025-09-10,12,4,1,3.3233958757153,kognition,1.8888915756821,1,1,0,0.56836018419675,0.037237226112195,0.080792004910457,0.34461562095382,0.4123224685031,0.42860518859677,0.44336731060167
alle_lehrkraefte,2347,2025-09-10,12,4,1,3.4507597507663,performanz,1.7576385021604,1,0,0,0.44464530526223,0.098341955792704,0.27435660761333,0.36291912005201,0.37409352724782,0.50934679190639,0.43156883465415
alle_lehrkraefte,2338,2025-09-15,12,0,12,4.2776947265947,kognition,2.4410982889583,1,0,0,0.57065609830007,0.061680906507123,0.098417161158226,0.35536178558859,0.45537212052641,0.40162071683407,0.40732235788888
alle_lehrkraefte,2339,2025-09-15,12,0,12,4.6361765459891,kognition,2.6228056368715,1,0,0,0.56572478498315,0.048988682338982,0.17044432813436,0.3147111289115,0.48920271513479,0.42441388016159,0.36056963398192
alle_lehrkraefte,2340,2025-09-15,12,0,12,2.5548891531968,kognition,1.65799276022,1,1,0,0.64894645964613,0.0,0.26242424293343,0.17143533804532,0.43067955000217,0.53294810871909,0.10528791309176
alle_lehrkraefte,2341,2025-09-15,12,0,12,3.5517580419398,performanz,1.7816761805797,1,1,1,0.42323574484856,0.16129366203002,0.30455667553456,0.39291713687201,0.3511092726904,0.50163078206162,0.4156926989252
alle_lehrkraefte,2342,2025-09-15,12,0,12,2.5677818078907,motivation,1.2052751378734,1,2,1,0.35414748083857,0.38945317322984,-0.016509864641924,0.46938195463106,0.38464361882541,0.39297273842287,0.44713277366814
alle_lehrkraefte,2343,2025-09-15,12,0,12,8.2665624494096,performanz,-4.8289365008686,-1,2,0,-0.48243190746461,-0.021838398418002,-0.081585814298826,-0.335840333101,-0.3736696815313,-0.58415220218792,-0.40801019470689
alle_lehrkraefte,2335,2025-09-17,12,4,1,4.2776947265947,kognition,2.4410982889583,1,0,0,0.57065609830007,0.061680906507123,0.098417161158226,0.35536178558859,0.45537212052641,0.40162071683407,0.40732235788888
alle_lehrkraefte,2336,2025-09-17,12,4,1,4.1753366045791,kognition,2.0025209823477,1,0,0,0.47960592784119,0.20384347683099,0.27356109825585,0.38796629419017,0.38566077691678,0.43325305356153,0.40819754744271
alle_lehrkraefte,2337,2025-09-17,12,4,1,4.4663293792215,regulation,2.2512358666627,1,0,0,0.45753270277913,0.11422218802563,0.11169996622351,0.4002418412058,0.37619015962959,0.45756077737298,0.50404496289199
alle_lehrkraefte,2329,2025-09-22,12,0,12,4.2776947265947,kognition,2.4410982889583,1,0,0,0.57065609830007,0.061680906507123,0.098417161158226,0.35536178558859,0.45537212052641,0.40162071683407,0.40732235788888
alle_lehrkraefte,2330,2025-09-22,12,0,12,4.4247995695105,kognition,2.7431027601632,1,0,0,0.61993690735636,0.028768242753371,0.20958625007286,0.24606156155614,0.50280793819869,0.42502155926261,0.27733420685918
alle_lehrkraefte,2331,2025-09-22,12,0,12,0.47720959755646,motivation,0.292,1,0,0,0.42538068645846,0.16763770894915,0.25145656342372,0.61187763766439,0.0,0.52386784046609,0.28079316248982
alle_lehrkraefte,2332,2025-09-22,12,0,12,3.9909291971125,performanz,2.0864958050995,1,0,0,0.50686404877188,0.033885703813723,0.13418955811809,0.37059932669004,0.40085263899891,0.52280821682502,0.39060672750351
alle_lehrkraefte,2333,2025-09-22,12,0,12,3.445161991689,regulation,1.6593102589405,1,0,0,0.35697457681494,0.30867452774446,-0.051124322883014,0.44905706607895,0.45666641004076,0.36400878395462,0.48163350420338
alle_lehrkraefte,2334,2025-09-22,12,0,12,1.5473173559422,motivation,-0.875,-1,1,0,-0.26174164015434,0.0,-0.34252609699211,-0.56549119786432,-0.23330551134745,-0.56484492220962,-0.34769630222972
alle_lehrkraefte,2323,2025-09-29,12,0,12,3.1105149252108,kognition,1.6517086769815,1,0,0,0.53100641103836,0.037516048702287,0.13871477916169,0.36888022758025,0.4065452396975,0.52667608483763,0.34443746200904
alle_lehrkraefte,2324,2025-09-29,12,0,12,3.9754603937968,kognition,2.1118789605959,1,0,0,0.53122744012662,0.022266357176725,0.15845702965771,0.31305095472288,0.4683200092299,0.49369494887372,0.36211699940813
alle_lehrkraefte,2325,2025-09-29,12,0,12,2.4618609597996,kognition,1.6566860222492,1,0,0,0.67293779783815,0.0,0.25562377022792,0.15425123718291,0.44110365154733,0.5044428994776,0.094734207310967
alle_lehrkraefte,2326,2025-09-29,12,0,12,3.4752254188631,performanz,1.7185730315922,1,0,0,0.31877151424459,0.19146773728403,0.17310725067521,0.46890082280075,0.38408892483263,0.49451988842658,0.46883978948033
alle_lehrkraefte,2327,2025-09-29,12,0,12,2.4727359267413,performanz,1.5583528329756,1,0,0,0.42450201381654,0.020128723815308,0.15990248555212,0.38637338240925,0.27902517895313,0.63021146496408,0.41171598220526
alle_lehrkraefte,2328,2025-09-29,12,0,12,2.841063020011,performanz,1.5837821959966,1,0,0,0.55022689874004,0.017598984485026,0.17699477617066,0.31911897982531,0.36269353678425,0.5574591659001,0.3485142733362
alle_lehrkraefte,2318,2025-10-01,12,4,1,4.5039203437359,performanz,2.1625397852702,1,0,0,0.43533203634603,0.17064144437225,0.24094742665989,0.42185314901355,0.37315321830169,0.48014503338796,0.41900448192064
alle_lehrkraefte,2319,2025-10-01,12,4,1,2.4862506965683,motivation,1.376852504409,1,0,0,0.25215758794377,0.31975729701126,0.30109151145213,0.55378444678366,0.18303761876473,0.51110202343942,0.37696474323594
alle_lehrkraefte,2320,2025-10-01,12,4,1,2.9900649591247,kognition,1.7353345284312,1,0,0,0.58036489123308,0.10643085034257,0.28652846723075,0.23051807041907,0.42718416964422,0.47692739623724,0.32658716896938
alle_lehrkraefte,2321,2025-10-01,12,4,1,3.6940393184514,motivation,1.771051310269,1,0,0,0.33295123459106,0.40703321573119,0.42321656646657,0.47943358563807,0.25647040025774,0.3617915443085,0.34325356467084
alle_lehrkraefte,2322,2025-10-01,12,4,1,4.0730731755336,performanz,2.1602420544193,1,0,0,0.50793164389237,0.029806912452068,0.14201670599099,0.36940497938456,0.35646034890973,0.5303702284784,0.41967456397547
alle_lehrkraefte,2313,2025-10-22,12,4,1,4.6221765003632,regulation,2.2831943720438,1,1,0,0.42028364349602,0.07674949586674,0.058605948586205,0.41798896030911,0.44907287797465,0.44005726793527,0.4939641383714
alle_lehrkraefte,2314,2025-10-22,12,4,1,3.1813676431278,performanz,1.4780206620485,1,0,0,0.43697363840821,0.31432923474525,0.046982968609961,0.43014855236104,0.39172434957001,0.46458510363938,0.39207451324792
alle_lehrkraefte,2315,2025-10-22,12,4,1,4.1100040351697,regulation,1.8368648761565,1,0,0,0.41981738804784,0.2174398262812,0.25997503083373,0.40458725813174,0.44247009024899,0.38687142347094,0.446924234428
alle_lehrkraefte,2316,2025-10-22,12,4,1,3.1766681938078,kognition,1.628635644424,1,0,0,0.51268512107983,0.22387537947476,0.28929848813247,0.40637796246605,0.35743108585166,0.47592781995218,0.2897007950665
alle_lehrkraefte,2317,2025-10-22,12,4,1,2.8268819818558,kognition,2.1908165769441,1,1,0,0.77499125930729,0.0,0.21266397870048,0.0,0.51818391271022,0.29264472978968,0.0
alle_lehrkraefte,2307,2025-10-27,12,0,12,4.9394420737157,kognition,2.4326861730502,1,0,0,0.49250122012423,0.065627662434388,0.11087900069211,0.40607281181281,0.40499815995921,0.44606679359696,0.46145761870759
alle_lehrkraefte,2308,2025-10-27,12,0,12,2.4366088452089,performanz,-1.4552652158942,-1,0,0,-0.21141108626145,-0.15707180025819,-0.29598138611071,-0.37273403427469,-0.25021502605258,-0.59724778816174,-0.53364545639735
alle_lehrkraefte,2309,2025-10-27,12,0,12,2.9393234666911,kognition,1.7128268811499,1,1,0,0.58272628830988,-0.065543238499284,-0.011082298640285,0.37659727764101,0.42827006722132,0.47536769214643,0.3237118046401
alle_lehrkraefte,2310,2025-10-27,12,0,12,3.8838793061339,kognition,2.0461096300162,1,1,0,0.52681975945728,0.069481231038198,0.10297437976036,0.38799774098501,0.3506570616886,0.45990962201269,0.47117400700764
alle_lehrkraefte,2311,2025-10-27,12,0,12,3.8411483190915,kognition,2.509295155464,1,0,0,0.65326522548996,0.020984344791132,0.16805441832496,0.2240481499757,0.47451664831199,0.42970909557727,0.29076309654101
alle_lehrkraefte,2312,2025-10-27,12,0,12,0.99141868047763,kognition,0.811,1,0,0,0.81801143740294,0.0,0.17853023972912,0.0,0.48515844807745,0.25216135554961,0.0
alle_lehrkraefte,2301,2025-11-03,12,0,12,4.7653905687971,kognition,2.2414953024427,1,1,0,0.47036870669794,0.071220868695358,0.091961975579142,0.39006654587399,0.46307096173179,0.4334201960125,0.45910780175665
alle_lehrkraefte,2302,2025-11-03,12,0,12,3.9956993418333,kognition,2.4784503914436,1,0,0,0.62027794802174,0.017456248999166,0.13276811815846,0.24254013544875,0.49304966323876,0.45222844057314,0.30146959684203
alle_lehrkraefte,2303,2025-11-03,12,0,12,3.4630972641871,kognition,1.8759903888504,1,0,0,0.54170727203588,0.3129745356665,0.08516789395408,0.37028327702736,0.34637143840003,0.43219758329334,0.39681632595585
alle_lehrkraefte,2304,2025-11-03,12,0,12,4.5051999610504,kognition,2.2147698359634,1,0,0,0.49160191314302,0.062345305630295,0.07325617380748,0.40938129345955,0.38284523733197,0.45825543665079,0.47424482196104
alle_lehrkraefte,2305,2025-11-03,12,0,12,4.4336617364237,kognition,2.1820491743331,1,0,0,0.49215397621954,0.1998670220788,0.11445072171214,0.39248883283008,0.46126862894737,0.42771883525212,0.39366803854352
alle_lehrkraefte,2306,2025-11-03,12,0,12,3.3757674034713,performanz,1.6957300889367,1,2,0,0.44488849347411,0.021080049692254,0.21963124294433,0.45607611170093,0.35462502257453,0.50232283893866,0.40901527065618
alle_lehrkraefte,2297,2025-11-05,12,4,1,3.8229300313861,kognition,2.0311230831007,1,0,0,0.5312987037268,0.20795513229951,0.31164531269073,0.34246928522452,0.41648835124838,0.41913366222758,0.33305785235829
alle_lehrkraefte,2298,2025-11-05,12,4,1,3.050519966414,kognition,1.8346238946577,1,0,0,0.60141153008057,0.25796034376092,0.36992244687776,0.36833268059845,0.37038652482427,0.38425337642634,0.12002358492601
alle_lehrkraefte,2299,2025-11-05,12,4,1,4.1877424962358,methodik,2.0353585414423,1,0,0,0.39127593926563,0.06814420500992,0.046609447259146,0.42649716325555,0.48602646485718,0.43207738758716,0.48504625202663
alle_lehrkraefte,2300,2025-11-05,12,4,1,2.75996044218,performanz,1.5441145590549,1,0,0,0.43932164769612,0.042751448779437,0.18166522223245,0.34358458909564,0.39592187708246,0.5594677882982,0.42936068208789
alle_lehrkraefte,2293,2025-11-10,12,0,12,3.9028243912711,kognition,2.1928329711058,1,1,0,0.56185652560873,0.035514064351567,0.10716096158394,0.3336892807476,0.43935402011948,0.47241530936597,0.37948739649417
alle_lehrkraefte,2294,2025-11-10,12,0,12,3.2676087905419,kognition,1.5921009565853,1,0,0,0.487235830934,0.3217676297975,0.077153240661545,0.42089421911035,0.40731311868329,0.40263476371624,0.3846263394302
alle_lehrkraefte,2295,2025-11-10,12,0,12,3.1819690767104,performanz,1.6514653847318,1,0,0,0.46303540907394,0.052306337430451,0.18165981882267,0.37481530099105,0.44958792227474,0.51900573351321,0.37131243005745
alle_lehrkraefte,2296,2025-11-10,12,0,12,3.4752254188631,performanz,1.7185730315922,1,0,0,0.31877151424459,0.19146773728403,0.17310725067521,0.46890082280075,0.38408892483263,0.49451988842658,0.46883978948033
alle_lehrkraefte,2288,2025-11-12,12,4,1,3.1105149252108,kognition,1.6517086769815,1,0,0,0.53100641103836,0.037516048702287,0.13871477916169,0.36888022758025,0.4065452396975,0.52667608483763,0.34443746200904
alle_lehrkraefte,2289,2025-11-12,12,4,1,3.1813676431278,performanz,1.4780206620485,1,0,0,0.43697363840821,0.31432923474525,0.046982968609961,0.43014855236104,0.39172434957001,0.46458510363938,0.39207451324792
alle_lehrkraefte,2290,2025-11-12,12,4,1,2.8006523873511,kognition,1.4758361358457,1,0,0,0.52695967300848,0.28386141920944,0.3913078160065,0.35705838894269,0.40277514975236,0.34038294450806,0.28814611987675
alle_lehrkraefte,2291,2025-11-12,12,4,1,4.4663293792215,regulation,2.2512358666627,1,0,0,0.45753270277913,0.11422218802563,0.11169996622351,0.4002418412058,0.37619015962959,0.45756077737298,0.50404496289199
alle_lehrkraefte,2292,2025-11-12,12,4,1,3.4752254188631,performanz,1.7185730315922,1,0,0,0.31877151424459,0.19146773728403,0.17310725067521,0.46890082280075,0.38408892483263,0.49451988842658,0.46883978948033
alle_lehrkraefte,2282,2025-11-17,12,0,12,4.2776947265947,kognition,2.4410982889583,1,0,0,0.57065609830007,0.061680906507123,0.098417161158226,0.35536178558859,0.45537212052641,0.40162071683407,0.40732235788888
alle_lehrkraefte,2283,2025-11-17,12,0,12,2.3428052989296,methodik,1.3071304723696,1,0,0,0.51447576205092,0.042683689169047,0.09160513239389,0.31116409404235,0.55793150786012,0.39453333050523,0.40165351508073
alle_lehrkraefte,2284,2025-11-17,12,0,12,2.9587323352089,motivation,1.8151486855143,1,0,0,0.20418107569392,0.27982740008289,0.36160357600822,0.61348656958536,0.19574299446748,0.33674943419556,0.47027814781919
alle_lehrkraefte,2285,2025-11-17,12,0,12,3.4721038792412,performanz,1.8125938090566,1,0,0,0.39217224110269,0.21769801896299,0.29717024810151,0.46920701499411,0.33079089078195,0.52204330620997,0.32921959148461
alle_lehrkraefte,2286,2025-11-17,12,0,12,3.0088267944093,performanz,1.7349960417186,1,0,0,0.49568317504876,0.021792505626107,0.18265534692838,0.34599423350428,0.40517032831338,0.57663348339209,0.32260265823754
alle_lehrkraefte,2287,2025-11-17,12,0,12,3.2379606701601,kognition,1.849922694321,1,0,0,0.5713216340621,0.12063015118021,0.19159993403518,0.2783530109129,0.41940988898627,0.40154469162218,0.45574121233897
alle_lehrkraefte,2278,2025-11-24,12,0,12,4.7653905687971,kognition,2.2414953024427,1,1,0,0.47036870669794,0.071220868695358,0.091961975579142,0.39006654587399,0.46307096173179,0.4334201960125,0.45910780175665
alle_lehrkraefte,2279,2025-11-24,12,0,12,3.916840808544,kognition,2.2069589158005,1,0,0,0.5634523814352,0.076723644298226,0.31177537024684,0.31845471584113,0.42787289584912,0.43423975906972,0.32614892186079
alle_lehrkraefte,2280,2025-11-24,12,0,12,3.445161991689,regulation,1.6593102589405,1,0,0,0.35697457681494,0.30867452774446,-0.051124322883014,0.44905706607895,0.45666641004076,0.36400878395462,0.48163350420338
alle_lehrkraefte,2281,2025-11-24,12,0,12,3.5717878102127,kognition,1.8941985677148,1,0,0,0.5303207707611,0.0025796929428273,0.21368847062502,0.26998418773395,0.48896612273076,0.52657343227264,0.289527119649
alle_lehrkraefte,2273,2025-11-26,12,4,1,4.2375936204146,performanz,2.034911587693,1,0,0,0.44755458964527,0.18471160900953,0.27647585423301,0.40997226864095,0.37266138334302,0.48020338143233,0.38933769139254
alle_lehrkraefte,2274,2025-11-26,12,4,1,3.1172442691244,kognition,2.1688746734496,1,0,0,0.69576444081953,0.0,0.16369007378504,0.15193693723741,0.48658802563816,0.43032265210642,0.20995395265513
alle_lehrkraefte,2275,2025-11-26,12,4,1,4.4336617364237,kognition,2.1820491743331,1,0,0,0.49215397621954,0.1998670220788,0.11445072171214,0.39248883283008,0.46126862894737,0.42771883525212,0.39366803854352
alle_lehrkraefte,2276,2025-11-26,12,4,1,4.4022111192169,regulation,2.1995823178481,1,0,0,0.38015269720671,0.19096170639702,0.20959935680266,0.44100657534342,0.40273763842269,0.41078430713137,0.49965284756969
alle_lehrkraefte,2277,2025-11-26,12,4,1,4.2232398182455,performanz,2.0572421247468,1,0,0,0.40026681249274,0.052532231378949,0.099371654040563,0.40918835544341,0.4443088960178,0.48712300083671,0.47435541413308
alle_lehrkraefte,2268,2025-12-01,12,0,12,4.2375936204146,performanz,2.034911587693,1,0,0,0.44755458964527,0.18471160900953,0.27647585423301,0.40997226864095,0.37266138334302,0.48020338143233,0.38933769139254
alle_lehrkraefte,2269,2025-12-01,12,0,12,2.3428052989296,methodik,1.3071304723696,1,0,0,0.51447576205092,0.042683689169047,0.09160513239389,0.31116409404235,0.55793150786012,0.39453333050523,0.40165351508073
alle_lehrkraefte,2270,2025-12-01,12,0,12,0.47720959755646,motivation,0.292,1,0,0,0.42538068645846,0.16763770894915,0.25145656342372,0.61187763766439,0.0,0.52386784046609,0.28079316248982
alle_lehrkraefte,2271,2025-12-01,12,0,12,3.4507597507663,performanz,1.7576385021604,1,0,0,0.44464530526223,0.098341955792704,0.27435660761333,0.36291912005201,0.37409352724782,0.50934679190639,0.43156883465415
alle_lehrkraefte,2272,2025-12-01,12,0,12,3.8995392280503,methodik,2.0534298272575,1,0,0,0.51572033646035,0.023111379596837,0.14713864022183,0.29720121974227,0.52658133214136,0.45873431996406,0.3684967432254
alle_lehrkraefte,2263,2025-12-08,12,0,12,1.6103819422733,performanz,1.0,1,1,0,0.37754784039823,0.0,0.0,0.36264463617198,0.29868505136768,0.62096684276024,0.50112024210752
alle_lehrkraefte,2264,2025-12-08,12,0,12,2.5500239990253,regulation,1.5887506947218,1,0,0,0.30106002388061,0.15568419877999,0.13842952687491,0.37101936000202,0.30931179423061,0.49442664870243,0.62303118128191
alle_lehrkraefte,2265,2025-12-08,12,0,12,4.0730731755336,performanz,2.1602420544193,1,0,0,0.50793164389237,0.029806912452068,0.14201670599099,0.36940497938456,0.35646034890973,0.5303702284784,0.41967456397547
alle_lehrkraefte,2266,2025-12-08,12,0,12,2.5677818078907,motivation,1.2052751378734,1,2,1,0.35414748083857,0.38945317322984,-0.016509864641924,0.46938195463106,0.38464361882541,0.39297273842287,0.44713277366814
alle_lehrkraefte,2267,2025-12-08,12,0,12,4.8957032169324,kognition,2.3286846553298,1,2,0,0.47565789745932,0.17074892706981,0.16805093198274,0.40660069055794,0.39844650441423,0.45946383611046,0.42562708138808
alle_lehrkraefte,2258,2025-12-10,12,4,1,3.3390173794307,performanz,1.5752921706211,1,0,0,0.4453971633637,0.10840822376021,0.24513638282625,0.41734687449694,0.34808714570617,0.47178174708159,0.46027176364271
alle_lehrkraefte,2259,2025-12-10,12,4,1,3.9453024964552,kognition,2.3459293201978,1,1,1,0.59461178862399,0.17052830396184,0.30842106960146,0.27913815177287,0.45862360065479,0.4018311838535,0.26926989756156
alle_lehrkraefte,2260,2025-12-10,12,4,1,3.1766681938078,kognition,1.628635644424,1,0,0,0.51268512107983,0.22387537947476,0.28929848813247,0.40637796246605,0.35743108585166,0.47592781995218,0.2897007950665
alle_lehrkraefte,2261,2025-12-10,12,4,1,1.8970848998075,performanz,1.1897469705338,1,1,0,0.56653179159401,0.0,0.27198407691166,0.23087933030891,0.37193825747922,0.6271415155112,0.14179575308926
alle_lehrkraefte,2262,2025-12-10,12,4,1,4.6452590913521,kognition,2.4036580249543,1,1,0,0.51744214978398,0.058805209392942,0.10773919193437,0.37190440664099,0.39890677270429,0.45305062017137,0.46312974922747
alle_lehrkraefte,2254,2025-12-15,12,0,12,4.2375936204146,performanz,2.034911587693,1,0,0,0.44755458964527,0.18471160900953,0.27647585423301,0.40997226864095,0.37266138334302,0.48020338143233,0.38933769139254
alle_lehrkraefte,2255,2025-12-15,12,0,12,4.1753366045791,kognition,2.0025209823477,1,0,0,0.47960592784119,0.20384347683099,0.27356109825585,0.38796629419017,0.38566077691678,0.43325305356153,0.40819754744271
alle_lehrkraefte,2256,2025-12-15,12,0,12,3.3989502526716,kognition,2.3210201415921,1,1,0,0.68286180745059,0.01826365831898,0.17566245392676,0.19020295592194,0.51264892743446,0.39897867265262,0.21055388947738
alle_lehrkraefte,2257,2025-12-15,12,0,12,3.5902114839272,performanz,1.7572379628335,1,0,0,0.3971431744353,0.28653829345557,0.14590320911336,0.43892973840054,0.37136167279791,0.48945113016017,0.41079018024235
alle_lehrkraefte,2249,2025-12-17,12,4,23,1.7259800114717,performanz,0.874,1,1,0,0.41135811637437,0.040556434008741,0.034762657721778,0.4223662913196,0.41773127029003,0.50637604748057,0.46755774635791
alle_lehrkraefte,2250,2025-12-17,12,4,23,2.9011619883243,performanz,1.8146533005108,1,0,0,0.48967516717457,0.0,0.17265110518826,0.31720137154232,0.35619597135299,0.62548973580807,0.33417546746929
alle_lehrkraefte,2251,2025-12-17,12,4,23,3.700079851345,kognition,2.0024305811111,1,0,0,0.54118431215479,0.10689917292218,0.1428571442414,0.30829942435736,0.41805401778194,0.37494993575965,0.51465851494907
alle_lehrkraefte,2252,2025-12-17,12,4,23,3.7807537621279,performanz,1.9577799980576,1,0,0,0.51042066750317,0.03083949094383,0.14821465789205,0.36597314714407,0.37761274092899,0.5178265877569,0.41457772698257
alle_lehrkraefte,2253,2025-12-17,12,4,23,3.2578547618,kognition,1.8346726067272,1,0,0,0.56315186199242,0.031352009134577,0.21853304168741,0.26739485678908,0.44746296860024,0.50787483501136,0.32319380690867
alle_lehrkraefte,2246,2026-01-05,12,0,12,3.3390173794307,performanz,1.5752921706211,1,0,0,0.4453971633637,0.10840822376021,0.24513638282625,0.41734687449694,0.34808714570617,0.47178174708159,0.46027176364271
alle_lehrkraefte,2247,2026-01-05,12,0,12,4.1753366045791,kognition,2.0025209823477,1,0,0,0.47960592784119,0.20384347683099,0.27356109825585,0.38796629419017,0.38566077691678,0.43325305356153,0.40819754744271
alle_lehrkraefte,2248,2026-01-05,12,0,12,4.0578127668032,kognition,1.7468429863796,1,1,0,0.43048774842273,0.28241639133245,0.31314652429469,0.41780346808517,0.36786569284546,0.40358753700582,0.40507752344252
alle_lehrkraefte,2237,2026-01-07,12,4,23,2.4355446384929,kognition,1.7270891589061,1,1,1,0.70911534137244,0.0,0.1466233937092,0.15159418217587,0.47510097442793,0.42786103617929,0.2094803168081
alle_lehrkraefte,2238,2026-01-07,12,4,23,2.9011619883243,performanz,1.8146533005108,1,0,0,0.48967516717457,0.0,0.17265110518826,0.31720137154232,0.35619597135299,0.62548973580807,0.33417546746929
alle_lehrkraefte,2239,2026-01-07,12,4,23,2.8957199704337,regulation,1.539769585776,1,0,0,0.47088581038576,0.15755269598282,0.14777939986544,0.33022333356776,0.43475917646087,0.38831659764443,0.5317379733254
alle_lehrkraefte,2240,2026-01-07,12,4,23,4.0164817262936,regulation,1.9126138920563,1,0,0,0.4588553814492,0.047909025290553,0.09026084042588,0.38084333672938,0.45894389366437,0.44336919087771,0.47619017351276
alle_lehrkraefte,2241,2026-01-07,12,4,23,3.702637071267,performanz,1.9659302386016,1,0,0,0.47017325437901,0.18259732730411,0.27316223778375,0.42473426924758,0.31688346369353,0.5309526403036,0.32900954691659
alle_lehrkraefte,2242,2026-01-07,12,4,23,3.3390173794307,performanz,1.5752921706211,1,0,0,0.4453971633637,0.10840822376021,0.24513638282625,0.41734687449694,0.34808714570617,0.47178174708159,0.46027176364271
alle_lehrkraefte,2243,2026-01-07,12,4,23,3.0556171049096,performanz,1.8608741963844,1,0,0,0.55550638970887,0.0,0.29078875442313,0.25128473348535,0.3845063379814,0.60899911294624,0.15804728787018
alle_lehrkraefte,2244,2026-01-07,12,4,23,3.0157863397785,kognition,1.6541350767271,1,0,0,0.54849031246209,0.034992294572616,0.080687494641113,0.3468035879373,0.43129858901831,0.48014172008029,0.39317876350424
alle_lehrkraefte,2245,2026-01-07,12,4,23,4.9669401934215,regulation,2.5051943093294,1,0,0,0.3909448724847,0.12089807406911,0.11494805508238,0.41638689628016,0.45609554731063,0.42841057129645,0.50437274620701
alle_lehrkraefte,2232,2026-01-12,12,0,12,3.1988921097457,kognition,1.919667488646,1,0,0,0.60010197961283,0.028359326892356,0.086449473354213,0.30337364378423,0.40429765756495,0.44207952411901,0.42504956153813
alle_lehrkraefte,2233,2026-01-12,12,0,12,2.9011619883243,performanz,1.8146533005108,1,0,0,0.48967516717457,0.0,0.17265110518826,0.31720137154232,0.35619597135299,0.62548973580807,0.33417546746929
alle_lehrkraefte,2234,2026-01-12,12,0,12,4.2157345291432,regulation,1.9791706721549,1,0,0,0.37487060772453,0.2035061245517,0.30634878400679,0.42635033914532,0.34151654325095,0.45320148723103,0.46947120691802
alle_lehrkraefte,2235,2026-01-12,12,0,12,3.9646280613375,kognition,1.8796171795718,1,0,0,0.47409552914842,0.41406760217284,0.095995289892389,0.41406760217284,0.43806451980786,0.35846842256622,0.32048275638434
alle_lehrkraefte,2236,2026-01-12,12,0,12,3.050519966414,kognition,1.8346238946577,1,0,0,0.60141153008057,0.25796034376092,0.36992244687776,0.36833268059845,0.37038652482427,0.38425337642634,0.12002358492601
alle_lehrkraefte,2228,2026-01-14,12,4,23,4.5039203437359,performanz,2.1625397852702,1,0,0,0.43533203634603,0.17064144437225,0.24094742665989,0.42185314901355,0.37315321830169,0.48014503338796,0.41900448192064
alle_lehrkraefte,2229,2026-01-14,12,4,23,2.5500239990253,regulation,1.5887506947218,1,0,0,0.30106002388061,0.15568419877999,0.13842952687491,0.37101936000202,0.30931179423061,0.49442664870243,0.62303118128191
alle_lehrkraefte,2230,2026-01-14,12,4,23,3.5863224441572,performanz,1.7011124840356,1,1,0,0.44140928068148,0.05461982512367,0.046057928264602,0.44525025198419,0.40530347089364,0.47433206779451,0.46101844996376
alle_lehrkraefte,2231,2026-01-14,12,4,23,3.5517580419398,performanz,1.7816761805797,1,1,1,0.42323574484856,0.16129366203002,0.30455667553456,0.39291713687201,0.3511092726904,0.50163078206162,0.4156926989252
alle_lehrkraefte,2224,2026-01-19,12,0,12,3.3390173794307,performanz,1.5752921706211,1,0,0,0.4453971633637,0.10840822376021,0.24513638282625,0.41734687449694,0.34808714570617,0.47178174708159,0.46027176364271
alle_lehrkraefte,2225,2026-01-19,12,0,12,2.9011619883243,performanz,1.8146533005108,1,0,0,0.48967516717457,0.0,0.17265110518826,0.31720137154232,0.35619597135299,0.62548973580807,0.33417546746929
alle_lehrkraefte,2226,2026-01-19,12,0,12,2.4285529007933,performanz,1.517734800859,1,0,0,0.4282299540693,0.020588307588684,0.15656159458602,0.38655508674269,0.28065007168787,0.6249518183627,0.41583817372042
alle_lehrkraefte,2227,2026-01-19,12,0,12,2.1587129569032,kognition,1.2771822134312,1,1,0,0.59163785206759,0.36827328743493,0.41197527053745,0.39903167299848,0.34750634655043,0.2469901369355,0.060128901709216
alle_lehrkraefte,2219,2026-01-21,12,4,23,4.8603582361414,kognition,2.4163555556782,1,1,0,0.49715483236647,0.05455158373708,0.089907259755098,0.39074852793277,0.41967516285658,0.46598299116922,0.44251775629924
alle_lehrkraefte,2220,2026-01-21,12,4,23,3.7903140793782,regulation,2.0584483248078,1,0,0,0.43782915236789,0.20100650117379,0.23487362217918,0.31187955950307,0.38918849396145,0.41116778334824,0.54307976882693
alle_lehrkraefte,2221,2026-01-21,12,4,23,3.961007449354,kognition,2.17271425264,1,0,0,0.54852428206151,0.028144193203567,0.15231775143531,0.32706755945492,0.43173643708193,0.46775918359501,0.40367694556994
alle_lehrkraefte,2222,2026-01-21,12,4,23,4.2157345291432,regulation,1.9791706721549,1,0,0,0.37487060772453,0.2035061245517,0.30634878400679,0.42635033914532,0.34151654325095,0.45320148723103,0.46947120691802
alle_lehrkraefte,2223,2026-01-21,12,4,23,3.4263674606991,kognition,1.7820560115872,1,1,0,0.52009915195497,0.057384238529672,0.01634967429508,0.32019729496019,0.47732956965011,0.41282654755967,0.47448412856735
alle_lehrkraefte,2214,2026-01-28,12,4,23,4.4388621375364,performanz,2.1744618745086,1,0,0,0.46577705352531,0.21582431903798,0.15028280583915,0.40837051156953,0.4063458558203,0.48986810323295,0.37686600340078
alle_lehrkraefte,2215,2026-01-28,12,4,23,2.9011619883243,performanz,1.8146533005108,1,0,0,0.48967516717457,0.0,0.17265110518826,0.31720137154232,0.35619597135299,0.62548973580807,0.33417546746929
alle_lehrkraefte,2216,2026-01-28,12,4,23,1.9935420942378,motivation,1.2459236375843,1,4,0,0.1924119840039,0.33536319260425,0.25723120973569,0.62497671427077,0.082253812699267,0.4466343056288,0.43299820303145
alle_lehrkraefte,2217,2026-01-28,12,4,23,3.4507597507663,performanz,1.7576385021604,1,0,0,0.44464530526223,0.098341955792704,0.27435660761333,0.36291912005201,0.37409352724782,0.50934679190639,0.43156883465415
alle_lehrkraefte,2218,2026-01-28,12,4,23,3.8938269022808,kognition,2.0318903529178,1,0,0,0.5218221522652,0.26818691882626,0.11186415844222,0.37523507366281,0.46558602370389,0.40539660056191,0.34833975080969
alle_lehrkraefte,214,2024-12-18,13,4,14,3.0189322669501,performanz,1.9035003226453,1,2,1,0.46467488365463,0.0081088003132737,0.26810887118417,0.32671547679387,0.34395505327842,0.63051895476235,0.29919938913287
alle_lehrkraefte,208,2025-08-25,13,0,12,3.7834187822736,performanz,2.1524916087874,1,0,0,0.43529939562806,0.035551443866491,0.119184436252,0.4104201615304,0.35006848278279,0.56892616001453,0.42470070376623
alle_lehrkraefte,209,2025-08-25,13,0,12,4.3522760147837,kognition,2.7452166646962,1,0,0,0.63075281711065,0.017768497628993,0.20207036591305,0.22177227983068,0.51367936615702,0.4188632863995,0.26926241499257
alle_lehrkraefte,210,2025-08-25,13,0,12,2.4618609597996,kognition,1.6566860222492,1,0,0,0.67293779783815,0.0,0.25562377022792,0.15425123718291,0.44110365154733,0.5044428994776,0.094734207310967
alle_lehrkraefte,211,2025-08-25,13,0,12,2.1790951612463,kognition,1.2999584535744,1,1,0,0.59655608948717,0.36482865266828,0.40980739984522,0.39460415496634,0.35073160358203,0.24677962783086,0.058688343660483
alle_lehrkraefte,212,2025-08-25,13,0,12,2.4341848557115,kognition,1.6229685506471,1,1,0,0.66673731843571,0.21912174607937,0.35097387488206,0.27562483783569,0.42556546979113,0.34883221564476,0.0741430813778
alle_lehrkraefte,213,2025-08-25,13,0,12,3.9560894930898,kognition,2.3046080868641,1,0,0,0.58254553276267,0.092729194618528,0.24497587808602,0.25983247038316,0.43843250355824,0.44776667135834,0.36303277755645
alle_lehrkraefte,203,2025-08-27,13,4,1,3.9028243912711,kognition,2.1928329711058,1,1,0,0.56185652560873,0.035514064351567,0.10716096158394,0.3336892807476,0.43935402011948,0.47241530936597,0.37948739649417
alle_lehrkraefte,204,2025-08-27,13,4,1,2.9207356266883,kognition,2.1149148429999,1,1,1,0.72410100478276,0.0,0.17470319108147,0.116754695985,0.4966933615981,0.39847706619926,0.16133739667791
alle_lehrkraefte,205,2025-08-27,13,4,1,3.9084723722527,kognition,1.9788076577981,1,2,0,0.50628542470759,0.047586876996102,0.076347252476498,0.38277239334217,0.41463234038027,0.45983069878252,0.45353895477639
alle_lehrkraefte,206,2025-08-27,13,4,1,2.8592396576613,methodik,1.3450449190678,1,2,0,0.44326578033369,0.20248078555602,0.23555741484044,0.4244143804665,0.47041884414108,0.40987449510064,0.37095030926765
alle_lehrkraefte,207,2025-08-27,13,4,1,3.3702834346193,regulation,1.9207031699987,1,0,0,0.34666187591488,0.15274841687258,0.12736758152662,0.39464371019655,0.43026513898873,0.41787129944916,0.56989197150297
alle_lehrkraefte,199,2025-09-03,13,4,1,3.2284332079851,kognition,2.0249577812164,1,1,1,0.62722422256273,0.027607078164519,0.12304400854027,0.27572196662313,0.46075342934985,0.44961835806807,0.31655743152458
alle_lehrkraefte,200,2025-09-03,13,4,1,4.8411068993645,kognition,2.5676948589789,1,0,0,0.53039307092872,0.055075344692102,0.14096368902063,0.35448119397322,0.45919732605643,0.43721176125488,0.41000216890172
alle_lehrkraefte,201,2025-09-03,13,4,1,3.7892050143531,kognition,2.0386456472603,1,2,0,0.5380126594923,-0.14104168078453,0.06012504014222,0.28328564846942,0.48597911965339,0.41569139117888,0.44475108527832
alle_lehrkraefte,202,2025-09-03,13,4,1,4.5339414150742,performanz,2.260374675858,1,1,0,0.4388648454313,0.049012142319769,0.093902205182241,0.41400029487602,0.39896667426924,0.49854408857202,0.46589329515275
alle_lehrkraefte,194,2025-09-10,13,4,1,4.4551129975811,regulation,1.9959356940206,1,1,0,0.42712673188726,0.20932180483936,0.22463516220349,0.43490551633252,0.39802647975766,0.41833197494224,0.44800911110743
alle_lehrkraefte,195,2025-09-10,13,4,1,4.1616133039273,kognition,2.011929137674,1,0,0,0.48344816210909,0.20080164681871,0.27099058310345,0.38581826094179,0.38712272450863,0.43259694091758,0.4082352552731
alle_lehrkraefte,196,2025-09-10,13,4,1,4.4336617364237,kognition,2.1820491743331,1,0,0,0.49215397621954,0.1998670220788,0.11445072171214,0.39248883283008,0.46126862894737,0.42771883525212,0.39366803854352
alle_lehrkraefte,197,2025-09-10,13,4,1,2.420951563667,kognition,1.0626342027733,1,2,0,0.43893063761153,0.32838191730555,0.41683594525902,0.41305901547868,0.35964417566963,0.33862726222753,0.3333386254913
alle_lehrkraefte,198,2025-09-10,13,4,1,3.3132936523222,performanz,1.6762732068379,1,1,0,0.39768288091272,0.22813252042111,0.29325108420768,0.47461271060734,0.33518556818639,0.5059219989279,0.33202106185352
alle_lehrkraefte,189,2025-09-22,13,0,1,3.1988921097457,kognition,1.919667488646,1,0,0,0.60010197961283,0.028359326892356,0.086449473354213,0.30337364378423,0.40429765756495,0.44207952411901,0.42504956153813
alle_lehrkraefte,190,2025-09-22,13,0,1,3.9082087439743,kognition,2.1969604991137,1,1,0,0.56213857080057,0.033812121852611,0.13194589398309,0.32139828186305,0.47968884541538,0.45640853074794,0.35176006075289
alle_lehrkraefte,191,2025-09-22,13,0,1,4.3971375276988,kognition,2.1578157776495,1,1,0,0.49073081220424,0.060721922309847,0.069526878632361,0.41129175166939,0.38033388003918,0.45934695578322,0.47522962004667
alle_lehrkraefte,192,2025-09-22,13,0,1,2.9898402914902,kognition,1.8497956426329,1,1,0,0.61869172777574,0.26165124118264,0.37511761181132,0.32912105809137,0.40496483599092,0.3576085578641,0.088533564626579
alle_lehrkraefte,193,2025-09-22,13,0,1,2.581090336861,kognition,1.9207934795839,1,1,0,0.74417621514084,0.017341980457166,0.11337281487846,0.15558292653975,0.47161091587224,0.34856207029875,0.25479688559567
alle_lehrkraefte,184,2025-09-24,13,4,1,3.1988921097457,kognition,1.919667488646,1,0,0,0.60010197961283,0.028359326892356,0.086449473354213,0.30337364378423,0.40429765756495,0.44207952411901,0.42504956153813
alle_lehrkraefte,185,2025-09-24,13,4,1,4.1990309356057,kognition,2.200270088071,1,0,0,0.52399348370573,0.021963229774419,0.18362881266575,0.31281566223708,0.46688529305889,0.50392461571568,0.34849477471601
alle_lehrkraefte,186,2025-09-24,13,4,1,2.1790951612463,kognition,1.2999584535744,1,1,0,0.59655608948717,0.36482865266828,0.40980739984522,0.39460415496634,0.35073160358203,0.24677962783086,0.058688343660483
alle_lehrkraefte,187,2025-09-24,13,4,1,2.9898402914902,kognition,1.8497956426329,1,1,0,0.61869172777574,0.26165124118264,0.37511761181132,0.32912105809137,0.40496483599092,0.3576085578641,0.088533564626579
alle_lehrkraefte,188,2025-09-24,13,4,1,3.0619420948236,kognition,1.7020473372686,1,1,0,0.5558700085955,0.026897054304847,0.14877679899128,0.29506095325254,0.43181075558531,0.40551911041503,0.47976741306622
alle_lehrkraefte,180,2025-10-07,13,2,1,4.6221765003632,regulation,2.2831943720438,1,1,0,0.42028364349602,0.07674949586674,0.058605948586205,0.41798896030911,0.44907287797465,0.44005726793527,0.4939641383714
alle_lehrkraefte,181,2025-10-07,13,2,1,4.1990309356057,kognition,2.200270088071,1,0,0,0.52399348370573,0.021963229774419,0.18362881266575,0.31281566223708,0.46688529305889,0.50392461571568,0.34849477471601
alle_lehrkraefte,182,2025-10-07,13,2,1,3.4989761103282,performanz,1.6229270452087,1,1,0,0.39913283762435,0.20574122243346,0.31304974465119,0.41790252261595,0.33606865075675,0.46382780440831,0.44456358396692
alle_lehrkraefte,183,2025-10-07,13,2,1,3.8214492248625,regulation,1.9449987244184,1,0,0,0.4744640681703,-0.034227517275499,0.028363956548983,0.33962254037949,0.48124977980893,0.4085459507913,0.50896754615728
alle_lehrkraefte,177,2025-11-05,13,4,1,3.211982786319,kognition,1.7309928114047,1,2,1,0.53891553517106,0.035976939506018,0.095600382905333,0.34663014681735,0.46494090479967,0.46730541134064,0.38004367486155
alle_lehrkraefte,178,2025-11-05,13,4,1,2.9238561433447,performanz,-1.7781209396438,-1,0,0,-0.25128913178248,-0.15374780174834,-0.28889999732454,-0.42599801146043,-0.2018020606664,-0.60814033627742,-0.48755747449881
alle_lehrkraefte,179,2025-11-05,13,4,1,3.1844962872024,performanz,1.7623605672214,1,0,0,0.35830210771604,0.21987884155731,0.30560875784078,0.47619592143151,0.25159370964146,0.55341720451418,0.36542762457524
alle_lehrkraefte,1675,2025-11-12,13,4,1,2.3852489463375,motivation,1.2951057303566,1,1,1,0.40565905338819,0.24468740597332,0.41380304731485,0.54296231960275,0.27823500908808,0.41439758935696,0.2457219894991
alle_lehrkraefte,1676,2025-11-12,13,4,1,3.0045876008173,kognition,1.6662193362077,1,1,1,0.55455656882455,0.13213083838315,0.2111204192588,0.25222496970111,0.43296993128715,0.41757439605066,0.45274848720097
alle_lehrkraefte,1677,2025-11-12,13,4,1,3.8995392280503,methodik,2.0534298272575,1,0,0,0.51572033646035,0.023111379596837,0.14713864022183,0.29720121974227,0.52658133214136,0.45873431996406,0.3684967432254
alle_lehrkraefte,1678,2025-11-12,13,4,1,0.99141868047763,kognition,0.811,1,2,0,0.81801143740294,0.0,0.17853023972912,0.0,0.48515844807745,0.25216135554961,0.0
alle_lehrkraefte,1679,2025-11-12,13,4,1,2.3428052989296,methodik,1.3071304723696,1,2,0,0.51447576205092,0.042683689169047,0.09160513239389,0.31116409404235,0.55793150786012,0.39453333050523,0.40165351508073
alle_lehrkraefte,1670,2025-12-01,13,0,1,3.9112024651601,regulation,1.8743802397078,1,2,0,0.45233940182607,0.066292010281111,0.0696991169281,0.39598961153305,0.45694395266147,0.43687754544342,0.47923252863511
alle_lehrkraefte,1671,2025-12-01,13,0,1,3.0867875408233,performanz,1.4230076958162,1,0,0,0.43587663176557,0.31619942378794,0.028515018362968,0.42115964537037,0.40539292304563,0.46099806579369,0.39366459733979
alle_lehrkraefte,1672,2025-12-01,13,0,1,3.2196014696278,kognition,1.9983364398439,1,2,0,0.62067627062931,0.1092378370877,0.24481700074339,0.27686916012609,0.45235605473191,0.38942641856236,0.33158862872125
alle_lehrkraefte,1673,2025-12-01,13,0,1,3.7892050143531,kognition,2.0386456472603,1,2,0,0.5380126594923,-0.14104168078453,0.06012504014222,0.28328564846942,0.48597911965339,0.41569139117888,0.44475108527832
alle_lehrkraefte,1674,2025-12-01,13,0,1,3.7871671413033,kognition,2.5121830856213,1,0,0,0.66333920804053,0.0099062940681459,0.15823548746632,0.19922033617701,0.48493011934985,0.4232898110108,0.28428679681679
alle_lehrkraefte,1665,2025-12-10,13,4,19,4.0096002650977,kognition,2.5326051745112,1,0,0,0.63163375167823,0.015541942208395,0.17179344520515,0.22267654332557,0.47982510846894,0.45027324687481,0.29785281840573
alle_lehrkraefte,1666,2025-12-10,13,4,19,3.9453024964552,kognition,2.3459293201978,1,1,1,0.59461178862399,0.17052830396184,0.30842106960146,0.27913815177287,0.45862360065479,0.4018311838535,0.26926989756156
alle_lehrkraefte,1667,2025-12-10,13,4,19,4.394137892334,performanz,2.1258005341702,1,1,0,0.44265694522037,0.05700232469907,0.052054882755001,0.41326966357026,0.42063172322444,0.4837799241757,0.46510797139994
alle_lehrkraefte,1668,2025-12-10,13,4,19,1.9935420942378,motivation,1.2459236375843,1,4,0,0.1924119840039,0.33536319260425,0.25723120973569,0.62497671427077,0.082253812699267,0.4466343056288,0.43299820303145
alle_lehrkraefte,1669,2025-12-10,13,4,19,4.3093800800185,regulation,2.2148166874228,1,0,0,0.40373138078784,0.25987825762376,0.10320541471071,0.43241760359741,0.38661493539129,0.39775145632727,0.51395131243569
alle_lehrkraefte,1660,2025-12-17,13,4,23,3.5846603474751,regulation,1.7810357015046,1,0,0,0.44499407838611,0.049847783190915,0.036900952175072,0.39802316963037,0.42437609028194,0.46125148062342,0.49684783504823
alle_lehrkraefte,1661,2025-12-17,13,4,23,3.9453024964552,kognition,2.3459293201978,1,1,1,0.59461178862399,0.17052830396184,0.30842106960146,0.27913815177287,0.45862360065479,0.4018311838535,0.26926989756156
alle_lehrkraefte,1662,2025-12-17,13,4,23,3.4721038792412,performanz,1.8125938090566,1,0,0,0.39217224110269,0.21769801896299,0.29717024810151,0.46920701499411,0.33079089078195,0.52204330620997,0.32921959148461
alle_lehrkraefte,1663,2025-12-17,13,4,23,3.0157863397785,kognition,1.6541350767271,1,0,0,0.54849031246209,0.034992294572616,0.080687494641113,0.3468035879373,0.43129858901831,0.48014172008029,0.39317876350424
alle_lehrkraefte,1664,2025-12-17,13,4,23,4.8957032169324,kognition,2.3286846553298,1,2,0,0.47565789745932,0.17074892706981,0.16805093198274,0.40660069055794,0.39844650441423,0.45946383611046,0.42562708138808
alle_lehrkraefte,1654,2026-01-07,13,4,23,3.2870701844949,performanz,1.9531896505829,1,0,0,0.41466224445206,0.031405075980467,0.13079068691856,0.40962322696175,0.34539700132505,0.59420200936871,0.41205624797762
alle_lehrkraefte,1655,2026-01-07,13,4,23,3.4522478891995,kognition,1.8706043338075,1,1,1,0.54184953553435,0.028966549779741,0.10377305345183,0.30141773302564,0.50406736303315,0.44719022762149,0.38713011245978
alle_lehrkraefte,1656,2026-01-07,13,4,23,2.8957199704337,regulation,1.539769585776,1,0,0,0.47088581038576,0.15755269598282,0.14777939986544,0.33022333356776,0.43475917646087,0.38831659764443,0.5317379733254
alle_lehrkraefte,1657,2026-01-07,13,4,23,1.7830001959488,performanz,1.3195872615143,1,0,0,0.38136155656562,0.022433971544799,0.21359046816581,0.36212796890268,0.22310986354917,0.74008957689225,0.28245480372957
alle_lehrkraefte,1658,2026-01-07,13,4,23,2.6677743582537,performanz,1.5511427607571,1,0,0,0.32130842266691,0.036953441487947,0.1513991513825,0.40364975331999,0.43700613516417,0.58143483597468,0.42484372043268
alle_lehrkraefte,1659,2026-01-07,13,4,23,0.99141868047763,kognition,-0.811,-1,2,1,-0.81801143740294,0.0,-0.17853023972912,0.0,-0.48515844807745,-0.25216135554961,0.0
alle_lehrkraefte,1649,2026-01-14,13,4,23,4.0637489057853,kognition,2.0829911382815,1,0,0,0.51257744038802,0.23013458756657,0.17127204180886,0.37232291210636,0.40439334712313,0.50538671650944,0.31207265509604
alle_lehrkraefte,1650,2026-01-14,13,4,23,3.9453024964552,kognition,2.3459293201978,1,1,1,0.59461178862399,0.17052830396184,0.30842106960146,0.27913815177287,0.45862360065479,0.4018311838535,0.26926989756156
alle_lehrkraefte,1651,2026-01-14,13,4,23,2.8674352088813,performanz,1.6859498552702,1,0,0,0.41373391072764,0.1011662724033,0.30642597316211,0.28072842674595,0.37441986092981,0.5879623610761,0.39998420555291
alle_lehrkraefte,1652,2026-01-14,13,4,23,4.4663293792215,regulation,2.2512358666627,1,0,0,0.45753270277913,0.11422218802563,0.11169996622351,0.4002418412058,0.37619015962959,0.45756077737298,0.50404496289199
alle_lehrkraefte,1653,2026-01-14,13,4,23,3.4333342274091,methodik,1.6923157810732,1,1,0,0.45560273520211,0.048083977176934,0.071709281313335,0.3792497481292,0.49290594504422,0.4472213857957,0.44516561249039
alle_lehrkraefte,1644,2026-01-21,13,4,23,4.9994922176415,regulation,-2.5959206681961,-1,1,0,-0.44712753209035,-0.036384085454313,-0.026747649730504,-0.37995063527886,-0.40111363555312,-0.47241216471738,-0.51923582692613
alle_lehrkraefte,1645,2026-01-21,13,4,23,2.191058309294,regulation,1.4239005001997,1,1,1,0.27821751197677,0.18119015199847,0.16110862381728,0.36687155021483,0.30532321749413,0.46223087885444,0.64986586413571
alle_lehrkraefte,1646,2026-01-21,13,4,23,4.723590507544,performanz,2.2224477744004,1,0,0,0.42040962805,0.22593003878185,0.11044512960084,0.43942386871515,0.4051961049162,0.47049867380845,0.42586709149823
alle_lehrkraefte,1647,2026-01-21,13,4,23,4.3406553652064,kognition,2.1462963786463,1,1,0,0.49446253006518,0.26550279432215,0.053552965854877,0.37877182858556,0.4109033095443,0.44109602015534,0.41864927793105
alle_lehrkraefte,1648,2026-01-21,13,4,23,1.2723766120734,regulation,0.83995356903732,1,2,0,0.32816316889373,0.079216825552914,0.026147554981766,0.38552188435751,0.40842573301039,0.36621088545109,0.66014021294095
alle_lehrkraefte,1639,2026-01-28,13,4,23,2.2792901074475,performanz,1.7803177442296,1,0,0,0.26065571282368,0.0,0.29833114483633,0.36911250485341,0.20746555360131,0.78108088461566,0.23167867253301
alle_lehrkraefte,1640,2026-01-28,13,4,23,4.1753366045791,kognition,2.0025209823477,1,0,0,0.47960592784119,0.20384347683099,0.27356109825585,0.38796629419017,0.38566077691678,0.43325305356153,0.40819754744271
alle_lehrkraefte,1641,2026-01-28,13,4,23,3.5902114839272,performanz,1.7572379628335,1,0,0,0.3971431744353,0.28653829345557,0.14590320911336,0.43892973840054,0.37136167279791,0.48945113016017,0.41079018024235
alle_lehrkraefte,1642,2026-01-28,13,4,23,2.3554216638968,performanz,1.171031134971,1,0,0,0.19785571730366,0.33095686675477,0.41928909416486,0.49146919269571,0.22256410971708,0.4971620076779,0.37048889297316
alle_lehrkraefte,1643,2026-01-28,13,4,23,4.4022111192169,regulation,2.1995823178481,1,0,0,0.38015269720671,0.19096170639702,0.20959935680266,0.44100657534342,0.40273763842269,0.41078430713137,0.49965284756969
alle_lehrkraefte,3103,2025-06-25,14,4,1,0.0,,0.0,0,0,0,0.0,0.0,0.0,0.0,0.0,0.0,0.0
alle_lehrkraefte,3100,2025-08-27,14,4,1,3.3390173794307,performanz,1.5752921706211,1,0,0,0.4453971633637,0.10840822376021,0.24513638282625,0.41734687449694,0.34808714570617,0.47178174708159,0.46027176364271
alle_lehrkraefte,3101,2025-08-27,14,4,1,3.9754603937968,kognition,2.1118789605959,1,0,0,0.53122744012662,0.022266357176725,0.15845702965771,0.31305095472288,0.4683200092299,0.49369494887372,0.36211699940813
alle_lehrkraefte,3102,2025-08-27,14,4,1,3.8411483190915,kognition,2.509295155464,1,0,0,0.65326522548996,0.020984344791132,0.16805441832496,0.2240481499757,0.47451664831199,0.42970909557727,0.29076309654101
alle_lehrkraefte,3095,2025-09-03,14,4,1,4.3258647160129,kognition,2.3289522253193,1,1,0,0.53837717876996,0.045037687757293,0.091400304366745,0.36030747239073,0.39133916782648,0.46224732450067,0.45069121706779
alle_lehrkraefte,3096,2025-09-03,14,4,1,2.9265661869219,performanz,1.5787926947118,1,1,0,0.28659557915233,0.27164848930045,0.25579104837216,0.52197291599618,0.21390104467077,0.53946748482647,0.41158186160399
alle_lehrkraefte,3097,2025-09-03,14,4,1,3.4502216753528,kognition,1.8354146104148,1,0,0,0.5319685120064,0.029753252288982,0.24844271893018,0.39231877151853,0.43583042405199,0.39405584060302,0.39402091618366
alle_lehrkraefte,3098,2025-09-03,14,4,1,3.4965039781999,motivation,1.6294014575425,1,1,0,0.44314978249296,0.30509532088616,0.34730960706809,0.46600741987634,0.30841816600965,0.45036942817978,0.27347418519816
alle_lehrkraefte,3099,2025-09-03,14,4,1,4.481156302435,regulation,2.1344317847662,1,1,0,0.40371361538017,0.064633890320716,0.047700300764011,0.4285054849903,0.46642639801848,0.45001628533605,0.4763116654712
alle_lehrkraefte,3090,2025-09-10,14,4,1,4.2776947265947,kognition,2.4410982889583,1,0,0,0.57065609830007,0.061680906507123,0.098417161158226,0.35536178558859,0.45537212052641,0.40162071683407,0.40732235788888
alle_lehrkraefte,3091,2025-09-10,14,4,1,4.0923704304351,kognition,2.1090557744311,1,1,0,0.51536161172749,0.19426346438556,0.29112673216271,0.35014715282826,0.40945272192639,0.4409227615102,0.35670297519528
alle_lehrkraefte,3092,2025-09-10,14,4,1,3.8411483190915,kognition,2.509295155464,1,0,0,0.65326522548996,0.020984344791132,0.16805441832496,0.2240481499757,0.47451664831199,0.42970909557727,0.29076309654101
alle_lehrkraefte,3093,2025-09-10,14,4,1,2.7153344123817,kognition,1.512680856227,1,1,0,0.55708618373762,-0.077067209853772,-0.023311259048937,0.34116611055201,0.49480456333913,0.45950366325734,0.33285937163261
alle_lehrkraefte,3094,2025-09-10,14,4,1,4.0164817262936,regulation,1.9126138920563,1,0,0,0.4588553814492,0.047909025290553,0.09026084042588,0.38084333672938,0.45894389366437,0.44336919087771,0.47619017351276
alle_lehrkraefte,3086,2025-09-17,14,4,1,4.9394420737157,kognition,2.4326861730502,1,0,0,0.49250122012423,0.065627662434388,0.11087900069211,0.40607281181281,0.40499815995921,0.44606679359696,0.46145761870759
alle_lehrkraefte,3087,2025-09-17,14,4,1,3.1813676431278,performanz,1.4780206620485,1,0,0,0.43697363840821,0.31432923474525,0.046982968609961,0.43014855236104,0.39172434957001,0.46458510363938,0.39207451324792
alle_lehrkraefte,3088,2025-09-17,14,4,1,3.445161991689,regulation,1.6593102589405,1,0,0,0.35697457681494,0.30867452774446,-0.051124322883014,0.44905706607895,0.45666641004076,0.36400878395462,0.48163350420338
alle_lehrkraefte,3089,2025-09-17,14,4,1,2.9900649591247,kognition,1.7353345284312,1,0,0,0.58036489123308,0.10643085034257,0.28652846723075,0.23051807041907,0.42718416964422,0.47692739623724,0.32658716896938
alle_lehrkraefte,3082,2025-09-24,14,4,1,4.4248015064122,kognition,2.5299323006465,1,0,0,0.57176046866182,0.052169000706233,0.13681307367429,0.33444133727735,0.45024896048661,0.45411408885347,0.36173372051404
alle_lehrkraefte,3083,2025-09-24,14,4,1,2.4727359267413,performanz,1.5583528329756,1,0,0,0.42450201381654,0.020128723815308,0.15990248555212,0.38637338240925,0.27902517895313,0.63021146496408,0.41171598220526
alle_lehrkraefte,3084,2025-09-24,14,4,1,3.7871671413033,kognition,2.5121830856213,1,0,0,0.66333920804053,0.0099062940681459,0.15823548746632,0.19922033617701,0.48493011934985,0.4232898110108,0.28428679681679
alle_lehrkraefte,3085,2025-09-24,14,4,1,2.5548891531968,kognition,1.65799276022,1,1,0,0.64894645964613,0.0,0.26242424293343,0.17143533804532,0.43067955000217,0.53294810871909,0.10528791309176
alle_lehrkraefte,3077,2025-10-01,14,4,1,4.0202243037138,kognition,2.0547114305757,1,0,0,0.51109245764048,0.032870016624614,0.15348776998845,0.35931223423551,0.44420521406901,0.50173089465934,0.36875892782791
alle_lehrkraefte,3078,2025-10-01,14,4,1,4.4247995695105,kognition,2.7431027601632,1,0,0,0.61993690735636,0.028768242753371,0.20958625007286,0.24606156155614,0.50280793819869,0.42502155926261,0.27733420685918
alle_lehrkraefte,3079,2025-10-01,14,4,1,3.6133900265862,kognition,2.4241953523872,1,0,0,0.67089038981313,0.0,0.27260700094581,0.12121547483737,0.48802215807,0.46603119948005,0.074445120390985
alle_lehrkraefte,3080,2025-10-01,14,4,1,3.8905038385904,kognition,1.9316956848234,1,1,0,0.49651428190865,0.053043559070364,0.10570725339821,0.35304187399171,0.46146449087851,0.44283837987998,0.45363742432729
alle_lehrkraefte,3081,2025-10-01,14,4,1,3.6856067041269,kognition,2.1107934644134,1,1,0,0.5727110640805,0.23541902145029,0.25560735813441,0.39136333009483,0.38505679553671,0.38612816516834,0.31734905313491
alle_lehrkraefte,3072,2025-10-22,14,4,1,4.5039203437359,performanz,2.1625397852702,1,0,0,0.43533203634603,0.17064144437225,0.24094742665989,0.42185314901355,0.37315321830169,0.48014503338796,0.41900448192064
alle_lehrkraefte,3073,2025-10-22,14,4,1,2.4862506965683,motivation,1.376852504409,1,0,0,0.25215758794377,0.31975729701126,0.30109151145213,0.55378444678366,0.18303761876473,0.51110202343942,0.37696474323594
alle_lehrkraefte,3074,2025-10-22,14,4,1,4.4336617364237,kognition,2.1820491743331,1,0,0,0.49215397621954,0.1998670220788,0.11445072171214,0.39248883283008,0.46126862894737,0.42771883525212,0.39366803854352
alle_lehrkraefte,3075,2025-10-22,14,4,1,4.0164817262936,regulation,1.9126138920563,1,0,0,0.4588553814492,0.047909025290553,0.09026084042588,0.38084333672938,0.45894389366437,0.44336919087771,0.47619017351276
alle_lehrkraefte,3076,2025-10-22,14,4,1,0.47720959755646,motivation,0.292,1,0,0,0.42538068645846,0.16763770894915,0.25145656342372,0.61187763766439,0.0,0.52386784046609,0.28079316248982
alle_lehrkraefte,3067,2025-10-29,14,4,1,4.5039203437359,performanz,2.1625397852702,1,0,0,0.43533203634603,0.17064144437225,0.24094742665989,0.42185314901355,0.37315321830169,0.48014503338796,0.41900448192064
alle_lehrkraefte,3068,2025-10-29,14,4,1,4.466581322438,kognition,2.7682973486899,1,1,1,0.6197785176323,0.02801118491248,0.21750641921344,0.23950031054412,0.50737318760695,0.42467013619691,0.2695250780338
alle_lehrkraefte,3069,2025-10-29,14,4,1,2.8888755659315,sozial,1.5587443540156,1,1,0,0.37831587943523,0.53956597395126,0.029926290388881,0.46983040777715,0.25197936507438,0.39635197416013,0.35144565621995
alle_lehrkraefte,3070,2025-10-29,14,4,1,4.9946265310618,regulation,2.313833831872,1,1,0,0.41890779460302,0.17740135474721,0.18447467974737,0.43405868844984,0.40459236989813,0.43851444065215,0.46326370647438
alle_lehrkraefte,3071,2025-10-29,14,4,1,2.1705909655679,regulation,1.0748847029185,1,1,0,0.41016065224904,0.049968981073429,0.032170610827381,0.39633397743253,0.46323979442207,0.45970750767414,0.49520143037311
alle_lehrkraefte,3062,2025-11-05,14,4,1,4.0202243037138,kognition,2.0547114305757,1,0,0,0.51109245764048,0.032870016624614,0.15348776998845,0.35931223423551,0.44420521406901,0.50173089465934,0.36875892782791
alle_lehrkraefte,3063,2025-11-05,14,4,1,4.1959607750546,kognition,2.2176040705498,1,1,1,0.52850798764701,0.033057437189919,0.11991473533283,0.3111460283294,0.50972860238967,0.43980333406568,0.39387831994598
alle_lehrkraefte,3064,2025-11-05,14,4,1,4.2154606819304,performanz,2.2329100933114,1,0,0,0.47702884675405,0.035858957413928,0.14440605365886,0.38564030488792,0.40772019219027,0.52969413424763,0.39340778595657
alle_lehrkraefte,3065,2025-11-05,14,4,1,2.9577030053811,kognition,1.6888048282246,1,0,0,0.57098333244371,0.12918868316988,0.18093008063565,0.24439236341089,0.45122094503958,0.30452175143757,0.51815479977421
alle_lehrkraefte,3066,2025-11-05,14,4,1,2.5553402422033,performanz,1.5570911828289,1,0,0,0.44652012702407,0.031112132778026,0.17952669910686,0.37349850335762,0.31353891804787,0.60934550462497,0.39787487959923
alle_lehrkraefte,3057,2025-11-26,14,4,1,4.1345309576921,performanz,1.988922705534,1,1,0,0.35129292884059,0.21311434101394,0.27236711854315,0.45754424948293,0.35979991748407,0.48105042999603,0.43217430996179
alle_lehrkraefte,3058,2025-11-26,14,4,1,2.4366088452089,performanz,-1.4552652158942,-1,0,0,-0.21141108626145,-0.15707180025819,-0.29598138611071,-0.37273403427469,-0.25021502605258,-0.59724778816174,-0.53364545639735
alle_lehrkraefte,3059,2025-11-26,14,4,1,4.2157345291432,regulation,1.9791706721549,1,0,0,0.37487060772453,0.2035061245517,0.30634878400679,0.42635033914532,0.34151654325095,0.45320148723103,0.46947120691802
alle_lehrkraefte,3060,2025-11-26,14,4,1,3.8411483190915,kognition,2.509295155464,1,0,0,0.65326522548996,0.020984344791132,0.16805441832496,0.2240481499757,0.47451664831199,0.42970909557727,0.29076309654101
alle_lehrkraefte,3061,2025-11-26,14,4,1,2.9898402914902,kognition,1.8497956426329,1,1,0,0.61869172777574,0.26165124118264,0.37511761181132,0.32912105809137,0.40496483599092,0.3576085578641,0.088533564626579
alle_lehrkraefte,3052,2025-12-03,14,4,1,3.7834187822736,performanz,2.1524916087874,1,0,0,0.43529939562806,0.035551443866491,0.119184436252,0.4104201615304,0.35006848278279,0.56892616001453,0.42470070376623
alle_lehrkraefte,3053,2025-12-03,14,4,1,4.1753366045791,kognition,2.0025209823477,1,0,0,0.47960592784119,0.20384347683099,0.27356109825585,0.38796629419017,0.38566077691678,0.43325305356153,0.40819754744271
alle_lehrkraefte,3054,2025-12-03,14,4,1,2.9900649591247,kognition,1.7353345284312,1,0,0,0.58036489123308,0.10643085034257,0.28652846723075,0.23051807041907,0.42718416964422,0.47692739623724,0.32658716896938
alle_lehrkraefte,3055,2025-12-03,14,4,1,4.4997329107928,performanz,2.4143754428081,1,0,0,0.50947910481707,0.03379630274003,0.17639907893204,0.35791044083201,0.36333508883705,0.53655853027006,0.40020050611167
alle_lehrkraefte,3056,2025-12-03,14,4,1,1.5890209998845,motivation,0.85188551646247,1,0,0,0.33406255970934,0.45645506608696,0.46047891028742,0.53610377426518,0.18684581263477,0.36274856741847,0.11871153327529
alle_lehrkraefte,3047,2025-12-10,14,4,1,2.8371568730149,performanz,1.6203139294579,1,0,0,0.54845682023067,0.028021755359531,0.16693232310901,0.30201188330985,0.37207718972365,0.57110279443525,0.33871143059007
alle_lehrkraefte,3048,2025-12-10,14,4,1,3.0556171049096,performanz,1.8608741963844,1,0,0,0.55550638970887,0.0,0.29078875442313,0.25128473348535,0.3845063379814,0.60899911294624,0.15804728787018
alle_lehrkraefte,3049,2025-12-10,14,4,1,2.8957199704337,regulation,1.539769585776,1,0,0,0.47088581038576,0.15755269598282,0.14777939986544,0.33022333356776,0.43475917646087,0.38831659764443,0.5317379733254
alle_lehrkraefte,3050,2025-12-10,14,4,1,1.2396455138466,performanz,1.0,1,0,0,0.24522941785392,0.0,0.28233650081865,0.35332396388163,0.19360217198993,0.80667571662473,0.21699576777205
alle_lehrkraefte,3051,2025-12-10,14,4,1,4.8458292980034,kognition,2.4887495600728,1,1,0,0.51358483165098,0.061490211488883,0.10551649015658,0.3882399826205,0.41087257110398,0.45031579473172,0.44607269460341
alle_lehrkraefte,3042,2025-12-17,14,4,23,3.1988921097457,kognition,1.919667488646,1,0,0,0.60010197961283,0.028359326892356,0.086449473354213,0.30337364378423,0.40429765756495,0.44207952411901,0.42504956153813
alle_lehrkraefte,3043,2025-12-17,14,4,23,4.7299790770357,methodik,2.1410505413095,1,1,0,0.44419334632973,0.193543274998,0.0710246340135,0.41578844647734,0.45265443670988,0.44516430395875,0.42922862904441
alle_lehrkraefte,3044,2025-12-17,14,4,23,4.9669401934215,regulation,2.5051943093294,1,0,0,0.3909448724847,0.12089807406911,0.11494805508238,0.41638689628016,0.45609554731063,0.42841057129645,0.50437274620701
alle_lehrkraefte,3045,2025-12-17,14,4,23,4.5051999610504,kognition,2.2147698359634,1,0,0,0.49160191314302,0.062345305630295,0.07325617380748,0.40938129345955,0.38284523733197,0.45825543665079,0.47424482196104
alle_lehrkraefte,3046,2025-12-17,14,4,23,2.1587129569032,kognition,1.2771822134312,1,1,0,0.59163785206759,0.36827328743493,0.41197527053745,0.39903167299848,0.34750634655043,0.2469901369355,0.060128901709216
alle_lehrkraefte,3036,2026-01-07,14,4,23,4.0789242581081,regulation,1.8479915181834,1,0,0,0.42043389351725,0.32285885538557,0.14942820404965,0.40847577548243,0.41016540084089,0.39536647425586,0.45305744129363
alle_lehrkraefte,3037,2026-01-07,14,4,23,3.7903140793782,regulation,2.0584483248078,1,0,0,0.43782915236789,0.20100650117379,0.23487362217918,0.31187955950307,0.38918849396145,0.41116778334824,0.54307976882693
alle_lehrkraefte,3038,2026-01-07,14,4,23,3.050519966414,kognition,1.8346238946577,1,0,0,0.60141153008057,0.25796034376092,0.36992244687776,0.36833268059845,0.37038652482427,0.38425337642634,0.12002358492601
alle_lehrkraefte,3039,2026-01-07,14,4,23,4.3093800800185,regulation,2.2148166874228,1,0,0,0.40373138078784,0.25987825762376,0.10320541471071,0.43241760359741,0.38661493539129,0.39775145632727,0.51395131243569
alle_lehrkraefte,3040,2026-01-07,14,4,23,3.4752254188631,performanz,1.7185730315922,1,0,0,0.31877151424459,0.19146773728403,0.17310725067521,0.46890082280075,0.38408892483263,0.49451988842658,0.46883978948033
alle_lehrkraefte,3041,2026-01-07,14,4,23,1.876880842971,kognition,1.5077030055439,1,0,0,0.80329818390362,0.0,0.19026641213441,0.0,0.49757477048414,0.26630698833486,0.0
alle_lehrkraefte,358,2025-04-03,15,5,7,0.99141868047763,kognition,0.811,1,0,0,0.81801143740294,0.0,0.17853023972912,0.0,0.48515844807745,0.25216135554961,0.0
alle_lehrkraefte,357,2025-05-15,15,5,12,3.681481728385,regulation,1.9269331619492,1,0,0,0.49405201253138,0.1252751710272,0.14791071927907,0.35160576895237,0.36752501007033,0.43090072193279,0.52341097145273
alle_lehrkraefte,397,2025-08-26,15,4,1,3.7834187822736,performanz,2.1524916087874,1,0,0,0.43529939562806,0.035551443866491,0.119184436252,0.4104201615304,0.35006848278279,0.56892616001453,0.42470070376623
alle_lehrkraefte,398,2025-08-26,15,4,1,4.04857516276,kognition,2.2375701027702,1,0,0,0.55267951958922,0.19636489490517,0.31562955398473,0.31897353826335,0.43567210529291,0.4119372974083,0.30840327964697
alle_lehrkraefte,399,2025-08-26,15,4,1,3.5655874874173,kognition,2.2009129520582,1,0,0,0.61726343476093,0.037799812012656,0.18382639127447,0.28178965695487,0.46623570321268,0.46595771324522,0.26431334205833
alle_lehrkraefte,400,2025-08-26,15,4,1,4.0164817262936,regulation,1.9126138920563,1,0,0,0.4588553814492,0.047909025290553,0.09026084042588,0.38084333672938,0.45894389366437,0.44336919087771,0.47619017351276
alle_lehrkraefte,352,2025-08-28,15,5,19,3.6813879930869,kognition,2.3310275582356,1,0,0,0.63319085918254,0.026149747064184,0.14669077169834,0.25844845876031,0.47775089783145,0.44131972317682,0.29505471879653
alle_lehrkraefte,353,2025-08-28,15,5,19,4.1990309356057,kognition,2.200270088071,1,0,0,0.52399348370573,0.021963229774419,0.18362881266575,0.31281566223708,0.46688529305889,0.50392461571568,0.34849477471601
alle_lehrkraefte,354,2025-08-28,15,5,19,4.3416340508779,kognition,2.1748496362668,1,1,0,0.50092766951427,0.20638403343036,0.27166971543687,0.39457926822925,0.44629496304834,0.41754380294355,0.32164147663922
alle_lehrkraefte,355,2025-08-28,15,5,19,2.726925290001,motivation,1.2782388005983,1,0,0,0.38912255341303,-0.36671203884696,0.35405227804109,0.46874555670068,0.33610681335805,0.35750598822114,0.35811290209975
alle_lehrkraefte,356,2025-08-28,15,5,19,3.5207315255485,regulation,1.8273956846978,1,1,0,0.37132751512027,0.24240421836388,0.29100684058051,0.44055652320458,0.34593149871983,0.36811300371858,0.51903716062007
alle_lehrkraefte,392,2025-09-02,15,4,1,4.9394420737157,kognition,2.4326861730502,1,0,0,0.49250122012423,0.065627662434388,0.11087900069211,0.40607281181281,0.40499815995921,0.44606679359696,0.46145761870759
alle_lehrkraefte,393,2025-09-02,15,4,1,4.7509591241489,kognition,2.6141570382954,1,0,0,0.55023658752227,0.028850685378498,0.14019568932654,0.32455234762618,0.43486249286301,0.46220706888315,0.41069855875331
alle_lehrkraefte,394,2025-09-02,15,4,1,2.2244020276868,motivation,1.1140601570329,1,0,0,0.19364208074315,0.35739781573953,0.42969720372575,0.50083354305157,0.22503762744528,0.4494585996363,0.38292514080657
alle_lehrkraefte,395,2025-09-02,15,4,1,3.4475065704142,kognition,1.9983364398439,1,0,0,0.57964520228655,0.17656477495722,0.28633515641049,0.33452481948389,0.42245213690023,0.39236938764407,0.32636834629356
alle_lehrkraefte,396,2025-09-02,15,4,1,2.5315625227324,kognition,1.9179730577314,1,0,0,0.75762121784339,0.017681259848529,0.099494978821222,0.14000273146105,0.47547292371446,0.32817787034038,0.24982860468211
alle_lehrkraefte,347,2025-09-04,15,5,1,4.6221765003632,regulation,2.2831943720438,1,1,0,0.42028364349602,0.07674949586674,0.058605948586205,0.41798896030911,0.44907287797465,0.44005726793527,0.4939641383714
alle_lehrkraefte,348,2025-09-04,15,5,1,3.916840808544,kognition,2.2069589158005,1,0,0,0.5634523814352,0.076723644298226,0.31177537024684,0.31845471584113,0.42787289584912,0.43423975906972,0.32614892186079
alle_lehrkraefte,349,2025-09-04,15,5,1,4.9946265310618,regulation,2.313833831872,1,1,0,0.41890779460302,0.17740135474721,0.18447467974737,0.43405868844984,0.40459236989813,0.43851444065215,0.46326370647438
alle_lehrkraefte,350,2025-09-04,15,5,1,4.1805161786248,performanz,2.061049496361,1,0,0,0.49006663241819,0.040531893031969,0.13003042817653,0.36777609699608,0.43194466879972,0.49301198181686,0.41997963815352
alle_lehrkraefte,351,2025-09-04,15,5,1,3.1443711090881,kognition,1.473212922878,1,0,0,0.46852238064275,0.23827174473619,0.28124665024161,0.42298258717174,0.3350072408433,0.40654256773133,0.43380449033815
alle_lehrkraefte,387,2025-09-09,15,4,1,4.2776947265947,kognition,2.4410982889583,1,0,0,0.57065609830007,0.061680906507123,0.098417161158226,0.35536178558859,0.45537212052641,0.40162071683407,0.40732235788888
alle_lehrkraefte,388,2025-09-09,15,4,1,2.4862506965683,motivation,1.376852504409,1,0,0,0.25215758794377,0.31975729701126,0.30109151145213,0.55378444678366,0.18303761876473,0.51110202343942,0.37696474323594
alle_lehrkraefte,389,2025-09-09,15,4,1,2.4266476899275,performanz,-1.4208154801294,-1,0,0,-0.20928205410567,-0.16359950628713,-0.29551362807447,-0.37210261836463,-0.25185081429813,-0.58550305056493,-0.54534086931492
alle_lehrkraefte,390,2025-09-09,15,4,1,3.4361783473499,performanz,1.5197445884373,1,1,0,0.43378832819198,0.20960916717409,0.30486789593503,0.39671769700491,0.36048769182062,0.44227627673826,0.43817441385638
alle_lehrkraefte,391,2025-09-09,15,4,1,3.8704021062177,methodik,1.8245750082058,1,0,0,0.40318994894425,0.20550689788914,0.23592235832602,0.39283588990937,0.47141621050499,0.37683145523507,0.47009044645486
alle_lehrkraefte,342,2025-09-11,15,5,1,3.3466330496577,kognition,1.9447651791729,1,2,0,0.58110923403433,0.046416962130248,0.043712270511339,0.33692203134747,0.47015395919109,0.36781222046947,0.43404349430382
alle_lehrkraefte,343,2025-09-11,15,5,1,2.9238561433447,performanz,-1.7781209396438,-1,0,0,-0.25128913178248,-0.15374780174834,-0.28889999732454,-0.42599801146043,-0.2018020606664,-0.60814033627742,-0.48755747449881
alle_lehrkraefte,344,2025-09-11,15,5,1,2.833504268978,kognition,1.5532170520458,1,1,0,0.54815924841132,0.13802849658802,0.17587266318748,0.25622307486221,0.44259893374098,0.29678800696146,0.54763502369475
alle_lehrkraefte,345,2025-09-11,15,5,1,4.5339414150742,performanz,2.260374675858,1,1,0,0.4388648454313,0.049012142319769,0.093902205182241,0.41400029487602,0.39896667426924,0.49854408857202,0.46589329515275
alle_lehrkraefte,346,2025-09-11,15,5,1,3.6334044341863,kognition,1.884870137549,1,2,0,0.51876001807405,0.15340174444684,0.095149177439808,0.36402297008985,0.483195435891,0.42961310411021,0.38436845185597
alle_lehrkraefte,384,2025-09-16,15,4,1,3.2645506643148,kognition,1.752927244018,1,0,0,0.53695655381115,0.12160901291853,0.19430850592622,0.27023992750622,0.42310320660401,0.44252841115942,0.45961902581514
alle_lehrkraefte,385,2025-09-16,15,4,1,3.6925617798486,motivation,1.7887542255783,1,0,0,0.37799176392,0.29900821245121,0.11519354329811,0.48441962193939,0.33975715054035,0.47906625432386,0.41813822966906
alle_lehrkraefte,386,2025-09-16,15,4,1,4.4226026497114,kognition,2.2741683893754,1,0,0,0.51421378481424,0.20190670340455,0.2771769151546,0.38230209960267,0.45121813753943,0.41512604872008,0.30968364954078
alle_lehrkraefte,337,2025-09-18,15,5,1,3.9010906605121,kognition,2.0304399710254,1,1,0,0.52047874374994,0.033873816621941,0.1396134641375,0.35482896355742,0.45153437351331,0.4908096880731,0.37118238371735
alle_lehrkraefte,338,2025-09-18,15,5,1,2.4862506965683,motivation,1.376852504409,1,0,0,0.25215758794377,0.31975729701126,0.30109151145213,0.55378444678366,0.18303761876473,0.51110202343942,0.37696474323594
alle_lehrkraefte,339,2025-09-18,15,5,1,2.3654242772316,motivation,1.1646065491769,1,4,1,0.32899178951382,0.42911044764118,0.0065736010195556,0.49234365139069,0.36822892694217,0.37707320345214,0.432894842167
alle_lehrkraefte,340,2025-09-18,15,5,1,4.1877424962358,methodik,2.0353585414423,1,0,0,0.39127593926563,0.06814420500992,0.046609447259146,0.42649716325555,0.48602646485718,0.43207738758716,0.48504625202663
alle_lehrkraefte,341,2025-09-18,15,5,1,3.9750000629739,motivation,2.3227360396724,1,0,0,0.17941811396465,0.3064579482815,0.44170566749062,0.58433463132786,0.16092476683906,0.44557123444439,0.33601528429533
alle_lehrkraefte,379,2025-09-23,15,4,1,3.6813879930869,kognition,2.3310275582356,1,0,0,0.63319085918254,0.026149747064184,0.14669077169834,0.25844845876031,0.47775089783145,0.44131972317682,0.29505471879653
alle_lehrkraefte,380,2025-09-23,15,4,1,4.6361765459891,kognition,2.6228056368715,1,0,0,0.56572478498315,0.048988682338982,0.17044432813436,0.3147111289115,0.48920271513479,0.42441388016159,0.36056963398192
alle_lehrkraefte,381,2025-09-23,15,4,1,4.1100040351697,regulation,1.8368648761565,1,0,0,0.41981738804784,0.2174398262812,0.25997503083373,0.40458725813174,0.44247009024899,0.38687142347094,0.446924234428
alle_lehrkraefte,382,2025-09-23,15,4,1,4.1877424962358,methodik,2.0353585414423,1,0,0,0.39127593926563,0.06814420500992,0.046609447259146,0.42649716325555,0.48602646485718,0.43207738758716,0.48504625202663
alle_lehrkraefte,383,2025-09-23,15,4,1,3.8905038385904,kognition,1.9316956848234,1,1,0,0.49651428190865,0.053043559070364,0.10570725339821,0.35304187399171,0.46146449087851,0.44283837987998,0.45363742432729
alle_lehrkraefte,333,2025-09-25,15,5,1,3.9028243912711,kognition,2.1928329711058,1,1,0,0.56185652560873,0.035514064351567,0.10716096158394,0.3336892807476,0.43935402011948,0.47241530936597,0.37948739649417
alle_lehrkraefte,334,2025-09-25,15,5,1,3.2645506643148,kognition,1.752927244018,1,0,0,0.53695655381115,0.12160901291853,0.19430850592622,0.27023992750622,0.42310320660401,0.44252841115942,0.45961902581514
alle_lehrkraefte,335,2025-09-25,15,5,1,3.6856067041269,kognition,2.1107934644134,1,1,0,0.5727110640805,0.23541902145029,0.25560735813441,0.39136333009483,0.38505679553671,0.38612816516834,0.31734905313491
alle_lehrkraefte,336,2025-09-25,15,5,1,4.1458837301014,kognition,2.2737656651341,1,1,0,0.54843799989984,0.034286013102556,0.13553933049093,0.32831033288959,0.44885722494022,0.4471168507179,0.41290499410633
alle_lehrkraefte,374,2025-09-30,15,4,1,4.2776947265947,kognition,2.4410982889583,1,0,0,0.57065609830007,0.061680906507123,0.098417161158226,0.35536178558859,0.45537212052641,0.40162071683407,0.40732235788888
alle_lehrkraefte,375,2025-09-30,15,4,1,4.7203348418297,kognition,2.5684402293092,1,0,0,0.54412131218651,0.034339382852549,0.145716218238,0.32815106372612,0.43803370736583,0.46050645028912,0.41218019240003
alle_lehrkraefte,376,2025-09-30,15,4,1,3.9909291971125,performanz,2.0864958050995,1,0,0,0.50686404877188,0.033885703813723,0.13418955811809,0.37059932669004,0.40085263899891,0.52280821682502,0.39060672750351
alle_lehrkraefte,377,2025-09-30,15,4,1,3.6709941375368,regulation,1.9411488061702,1,1,0,0.43631034728331,0.1180046765747,0.10514865737317,0.42125288148312,0.36060760730328,0.44446342445796,0.52877870289535
alle_lehrkraefte,378,2025-09-30,15,4,1,3.4333342274091,methodik,1.6923157810732,1,1,0,0.45560273520211,0.048083977176934,0.071709281313335,0.3792497481292,0.49290594504422,0.4472213857957,0.44516561249039
alle_lehrkraefte,328,2025-10-09,15,5,18,3.0075822377954,kognition,2.078940017929,1,1,0,0.69123067675319,0.0,0.25591478507693,0.12837894832579,0.46807332157981,0.46358479692794,0.078844605250314
alle_lehrkraefte,329,2025-10-09,15,5,18,2.3428052989296,methodik,1.3071304723696,1,0,0,0.51447576205092,0.042683689169047,0.09160513239389,0.31116409404235,0.55793150786012,0.39453333050523,0.40165351508073
alle_lehrkraefte,330,2025-10-09,15,5,18,2.9577030053811,kognition,1.6888048282246,1,0,0,0.57098333244371,0.12918868316988,0.18093008063565,0.24439236341089,0.45122094503958,0.30452175143757,0.51815479977421
alle_lehrkraefte,331,2025-10-09,15,5,18,2.9900649591247,kognition,1.7353345284312,1,0,0,0.58036489123308,0.10643085034257,0.28652846723075,0.23051807041907,0.42718416964422,0.47692739623724,0.32658716896938
alle_lehrkraefte,332,2025-10-09,15,5,18,4.1100040351697,regulation,1.8368648761565,1,0,0,0.41981738804784,0.2174398262812,0.25997503083373,0.40458725813174,0.44247009024899,0.38687142347094,0.446924234428
alle_lehrkraefte,369,2025-10-21,15,4,1,4.5039203437359,performanz,2.1625397852702,1,0,0,0.43533203634603,0.17064144437225,0.24094742665989,0.42185314901355,0.37315321830169,0.48014503338796,0.41900448192064
alle_lehrkraefte,370,2025-10-21,15,4,1,3.8229300313861,kognition,2.0311230831007,1,0,0,0.5312987037268,0.20795513229951,0.31164531269073,0.34246928522452,0.41648835124838,0.41913366222758,0.33305785235829
alle_lehrkraefte,371,2025-10-21,15,4,1,2.3428052989296,methodik,1.3071304723696,1,2,0,0.51447576205092,0.042683689169047,0.09160513239389,0.31116409404235,0.55793150786012,0.39453333050523,0.40165351508073
alle_lehrkraefte,372,2025-10-21,15,4,1,2.0764094036694,kognition,1.3594756108737,1,2,0,0.65472110714788,0.0411942834592,0.14735318777538,0.20047884616811,0.51221333793673,0.35710134265216,0.34328569549333
alle_lehrkraefte,373,2025-10-21,15,4,1,4.4336617364237,kognition,2.1820491743331,1,0,0,0.49215397621954,0.1998670220788,0.11445072171214,0.39248883283008,0.46126862894737,0.42771883525212,0.39366803854352
alle_lehrkraefte,323,2025-10-23,15,5,1,4.3258647160129,kognition,2.3289522253193,1,1,0,0.53837717876996,0.045037687757293,0.091400304366745,0.36030747239073,0.39133916782648,0.46224732450067,0.45069121706779
alle_lehrkraefte,324,2025-10-23,15,5,1,3.9956993418333,kognition,2.4784503914436,1,0,0,0.62027794802174,0.017456248999166,0.13276811815846,0.24254013544875,0.49304966323876,0.45222844057314,0.30146959684203
alle_lehrkraefte,325,2025-10-23,15,5,1,1.6223511642224,kognition,1.3099250211841,1,1,0,0.80741887199446,-0.22053774378081,0.021828366465223,0.015987161275233,0.45547534456461,0.29937627667966,-0.040118943019373
alle_lehrkraefte,326,2025-10-23,15,5,1,3.1766681938078,kognition,1.628635644424,1,0,0,0.51268512107983,0.22387537947476,0.28929848813247,0.40637796246605,0.35743108585166,0.47592781995218,0.2897007950665
alle_lehrkraefte,327,2025-10-23,15,5,1,2.9577030053811,kognition,1.6888048282246,1,0,0,0.57098333244371,0.12918868316988,0.18093008063565,0.24439236341089,0.45122094503958,0.30452175143757,0.51815479977421
alle_lehrkraefte,364,2025-10-28,15,4,1,3.7834187822736,performanz,2.1524916087874,1,0,0,0.43529939562806,0.035551443866491,0.119184436252,0.4104201615304,0.35006848278279,0.56892616001453,0.42470070376623
alle_lehrkraefte,365,2025-10-28,15,4,1,3.8229300313861,kognition,2.0311230831007,1,0,0,0.5312987037268,0.20795513229951,0.31164531269073,0.34246928522452,0.41648835124838,0.41913366222758,0.33305785235829
alle_lehrkraefte,366,2025-10-28,15,4,1,2.0764094036694,kognition,1.3594756108737,1,2,0,0.65472110714788,0.0411942834592,0.14735318777538,0.20047884616811,0.51221333793673,0.35710134265216,0.34328569549333
alle_lehrkraefte,367,2025-10-28,15,4,1,1.6538928464461,regulation,1.0959483968476,1,0,0,0.23508177141809,0.28196494490937,0.27712264868538,0.4160507871843,0.21827158758189,0.35858859808376,0.66264375758378
alle_lehrkraefte,368,2025-10-28,15,4,1,2.9587323352089,motivation,1.8151486855143,1,0,0,0.20418107569392,0.27982740008289,0.36160357600822,0.61348656958536,0.19574299446748,0.33674943419556,0.47027814781919
alle_lehrkraefte,359,2025-11-04,15,4,1,3.6744837708226,kognition,2.2832192608297,1,0,0,0.62136974593878,0.027190698877438,0.14268191314304,0.2692631437537,0.4751857410169,0.4474561246316,0.30704335353319
alle_lehrkraefte,360,2025-11-04,15,4,1,2.7008782028216,kognition,1.8124059963247,1,0,0,0.67104073187158,0.0,0.13221920340388,0.18986342323182,0.46057081054162,0.46390437256253,0.26236264134944
alle_lehrkraefte,361,2025-11-04,15,4,1,2.9898402914902,kognition,1.8497956426329,1,1,0,0.61869172777574,0.26165124118264,0.37511761181132,0.32912105809137,0.40496483599092,0.3576085578641,0.088533564626579
alle_lehrkraefte,362,2025-11-04,15,4,1,4.2418067613595,motivation,2.0519663720169,1,1,0,0.35687517920945,0.29880068688514,0.34641805694199,0.4837470563814,0.35222911961893,0.45040191257754,0.32001503204027
alle_lehrkraefte,363,2025-11-04,15,4,1,4.105530115666,regulation,1.9603476546835,1,0,0,0.40874243667907,0.052973024371062,0.031854050439072,0.42453459808445,0.46443239119492,0.45296988137695,0.47748836924115
alle_lehrkraefte,318,2025-11-05,15,0,1,2.3852489463375,motivation,1.2951057303566,1,1,1,0.40565905338819,0.24468740597332,0.41380304731485,0.54296231960275,0.27823500908808,0.41439758935696,0.2457219894991
alle_lehrkraefte,319,2025-11-05,15,0,1,3.1172442691244,kognition,2.1688746734496,1,0,0,0.69576444081953,0.0,0.16369007378504,0.15193693723741,0.48658802563816,0.43032265210642,0.20995395265513
alle_lehrkraefte,320,2025-11-05,15,0,1,2.2750429610691,kognition,1.476804441708,1,2,0,0.6491296980682,0.023747304322574,0.1296647252377,0.24731121215937,0.49460779137771,0.42484572162162,0.27377249411881
alle_lehrkraefte,321,2025-11-05,15,0,1,2.5553402422033,performanz,1.5570911828289,1,0,0,0.44652012702407,0.031112132778026,0.17952669910686,0.37349850335762,0.31353891804787,0.60934550462497,0.39787487959923
alle_lehrkraefte,322,2025-11-05,15,0,1,2.5677818078907,motivation,1.2052751378734,1,2,1,0.35414748083857,0.38945317322984,-0.016509864641924,0.46938195463106,0.38464361882541,0.39297273842287,0.44713277366814
alle_lehrkraefte,313,2025-11-06,15,5,1,2.8935343055325,performanz,1.4253665391979,1,0,0,0.39737641086683,0.047325988210371,0.030414216433146,0.39703066566278,0.45471727313677,0.49260228587913,0.48152065627541
alle_lehrkraefte,314,2025-11-06,15,5,1,4.4247995695105,kognition,2.7431027601632,1,0,0,0.61993690735636,0.028768242753371,0.20958625007286,0.24606156155614,0.50280793819869,0.42502155926261,0.27733420685918
alle_lehrkraefte,315,2025-11-06,15,5,1,2.3418535474995,kognition,1.7046382234599,1,2,0,0.72789818402529,0.014374851892449,0.16357550335229,0.1497038147085,0.50802772171463,0.36772965048958,0.16572150681723
alle_lehrkraefte,316,2025-11-06,15,5,1,4.2232398182455,performanz,2.0572421247468,1,0,0,0.40026681249274,0.052532231378949,0.099371654040563,0.40918835544341,0.4443088960178,0.48712300083671,0.47435541413308
alle_lehrkraefte,317,2025-11-06,15,5,1,2.4666707187762,kognition,1.497714368025,1,1,0,0.6071780415781,0.23205273209578,0.36177305619739,0.29189022905129,0.4386722049905,0.33686635392545,0.2355554148444
alle_lehrkraefte,1328,2025-11-11,15,4,1,4.2776947265947,kognition,2.4410982889583,1,0,0,0.57065609830007,0.061680906507123,0.098417161158226,0.35536178558859,0.45537212052641,0.40162071683407,0.40732235788888
alle_lehrkraefte,1329,2025-11-11,15,4,1,2.7008782028216,kognition,1.8124059963247,1,0,0,0.67104073187158,0.0,0.13221920340388,0.18986342323182,0.46057081054162,0.46390437256253,0.26236264134944
alle_lehrkraefte,1330,2025-11-11,15,4,1,3.8471321766507,motivation,1.8221612265061,1,0,0,0.44931392700607,0.17701400363727,0.32602070668933,0.47364020949505,0.33648039015515,0.45262291343093,0.34360840341141
alle_lehrkraefte,1331,2025-11-11,15,4,1,3.4361783473499,performanz,1.5197445884373,1,1,0,0.43378832819198,0.20960916717409,0.30486789593503,0.39671769700491,0.36048769182062,0.44227627673826,0.43817441385638
alle_lehrkraefte,1324,2025-11-13,15,5,1,2.8935343055325,performanz,1.4253665391979,1,0,0,0.39737641086683,0.047325988210371,0.030414216433146,0.39703066566278,0.45471727313677,0.49260228587913,0.48152065627541
alle_lehrkraefte,1325,2025-11-13,15,5,1,3.9096314098023,regulation,1.8319677065092,1,1,1,0.46255600050836,0.047647478235413,0.088401420546268,0.37849837337598,0.46503960928608,0.44369421491831,0.46857691396354
alle_lehrkraefte,1326,2025-11-13,15,5,1,2.8957199704337,regulation,1.539769585776,1,0,0,0.47088581038576,0.15755269598282,0.14777939986544,0.33022333356776,0.43475917646087,0.38831659764443,0.5317379733254
alle_lehrkraefte,1327,2025-11-13,15,5,1,2.4727359267413,performanz,1.5583528329756,1,0,0,0.42450201381654,0.020128723815308,0.15990248555212,0.38637338240925,0.27902517895313,0.63021146496408,0.41171598220526
alle_lehrkraefte,1320,2025-11-20,15,5,1,3.9028243912711,kognition,2.1928329711058,1,1,0,0.56185652560873,0.035514064351567,0.10716096158394,0.3336892807476,0.43935402011948,0.47241530936597,0.37948739649417
alle_lehrkraefte,1321,2025-11-20,15,5,1,3.8229300313861,kognition,2.0311230831007,1,0,0,0.5312987037268,0.20795513229951,0.31164531269073,0.34246928522452,0.41648835124838,0.41913366222758,0.33305785235829
alle_lehrkraefte,1322,2025-11-20,15,5,1,3.8214492248625,regulation,1.9449987244184,1,0,0,0.4744640681703,-0.034227517275499,0.028363956548983,0.33962254037949,0.48124977980893,0.4085459507913,0.50896754615728
alle_lehrkraefte,1323,2025-11-20,15,5,1,4.0578127668032,kognition,1.7468429863796,1,1,0,0.43048774842273,0.28241639133245,0.31314652429469,0.41780346808517,0.36786569284546,0.40358753700582,0.40507752344252
alle_lehrkraefte,1315,2025-11-25,15,4,1,3.7011651508002,kognition,2.1684041030201,1,1,0,0.58586908607967,0.031850875719515,0.1133674869774,0.31201643281213,0.45610778016662,0.4616490767318,0.35267111220798
alle_lehrkraefte,1316,2025-11-25,15,4,1,2.4862506965683,motivation,1.376852504409,1,0,0,0.25215758794377,0.31975729701126,0.30109151145213,0.55378444678366,0.18303761876473,0.51110202343942,0.37696474323594
alle_lehrkraefte,1317,2025-11-25,15,4,1,3.4721038792412,performanz,1.8125938090566,1,0,0,0.39217224110269,0.21769801896299,0.29717024810151,0.46920701499411,0.33079089078195,0.52204330620997,0.32921959148461
alle_lehrkraefte,1318,2025-11-25,15,4,1,3.3002997303996,kognition,1.5952881354409,1,0,0,0.48337527861293,0.21561703878008,0.26496779853028,0.40634427469871,0.46243389864905,0.40165324601205,0.33069249779107
alle_lehrkraefte,1319,2025-11-25,15,4,1,2.5315625227324,kognition,1.9179730577314,1,0,0,0.75762121784339,0.017681259848529,0.099494978821222,0.14000273146105,0.47547292371446,0.32817787034038,0.24982860468211
alle_lehrkraefte,1310,2025-12-10,15,0,1,4.4145152628884,performanz,2.0870902816588,1,1,0,0.43968804871547,0.17418202291411,0.23306809459268,0.42217648532543,0.37570820245601,0.47277796758904,0.42320341528376
alle_lehrkraefte,1311,2025-12-10,15,0,1,2.9398724507521,performanz,1.7655165425851,1,1,1,0.56855014888986,0.0,0.28719775025849,0.24098330966354,0.39075259553747,0.60053984203804,0.15117119147353
alle_lehrkraefte,1312,2025-12-10,15,0,1,3.0240571504654,regulation,1.4279047558095,1,2,0,0.33940662801459,0.35165369924952,-0.028935370103071,0.47015906248171,0.44061701743393,0.34950231383445,0.47218024096779
alle_lehrkraefte,1313,2025-12-10,15,0,1,1.8402929878184,motivation,0.89333260568571,1,2,0,0.47383385347688,0.43199408209538,0.45138914676579,0.48542691697996,0.27378226051945,0.25749984446847,0.090539355888244
alle_lehrkraefte,1314,2025-12-10,15,0,1,1.9879308952083,performanz,1.5618287758453,1,1,0,0.25799613514327,0.0,0.29557723419353,0.36640379277672,0.20507194513958,0.78565151489663,0.22914512287584
alle_lehrkraefte,1306,2025-12-11,15,5,1,4.0096002650977,kognition,2.5326051745112,1,0,0,0.63163375167823,0.015541942208395,0.17179344520515,0.22267654332557,0.47982510846894,0.45027324687481,0.29785281840573
alle_lehrkraefte,1307,2025-12-11,15,5,1,4.1753366045791,kognition,2.0025209823477,1,0,0,0.47960592784119,0.20384347683099,0.27356109825585,0.38796629419017,0.38566077691678,0.43325305356153,0.40819754744271
alle_lehrkraefte,1308,2025-12-11,15,5,1,4.0730731755336,performanz,2.1602420544193,1,0,0,0.50793164389237,0.029806912452068,0.14201670599099,0.36940497938456,0.35646034890973,0.5303702284784,0.41967456397547
alle_lehrkraefte,1309,2025-12-11,15,5,1,3.648548811648,performanz,1.8144280300528,1,0,0,0.38885845163842,0.19199426251791,0.31575625939891,0.41583833205431,0.32791525199639,0.49729992682597,0.42949116716453
alle_lehrkraefte,1302,2025-12-12,15,0,23,3.9028243912711,kognition,2.1928329711058,1,1,0,0.56185652560873,0.035514064351567,0.10716096158394,0.3336892807476,0.43935402011948,0.47241530936597,0.37948739649417
alle_lehrkraefte,1303,2025-12-12,15,0,23,3.7903140793782,regulation,2.0584483248078,1,0,0,0.43782915236789,0.20100650117379,0.23487362217918,0.31187955950307,0.38918849396145,0.41116778334824,0.54307976882693
alle_lehrkraefte,1304,2025-12-12,15,0,23,2.9900649591247,kognition,1.7353345284312,1,0,0,0.58036489123308,0.10643085034257,0.28652846723075,0.23051807041907,0.42718416964422,0.47692739623724,0.32658716896938
alle_lehrkraefte,1305,2025-12-12,15,0,23,4.362368859302,kognition,2.2688988134381,1,0,0,0.52010586118627,0.19744656419101,0.27327195712571,0.37284289932841,0.46304826268623,0.41077008263379,0.30604741185795
alle_lehrkraefte,1297,2026-01-08,15,5,23,2.7008782028216,kognition,1.8124059963247,1,0,0,0.67104073187158,0.0,0.13221920340388,0.18986342323182,0.46057081054162,0.46390437256253,0.26236264134944
alle_lehrkraefte,1298,2026-01-08,15,5,23,2.9011619883243,performanz,1.8146533005108,1,0,0,0.48967516717457,0.0,0.17265110518826,0.31720137154232,0.35619597135299,0.62548973580807,0.33417546746929
alle_lehrkraefte,1299,2026-01-08,15,5,23,4.8957032169324,kognition,2.3286846553298,1,2,0,0.47565789745932,0.17074892706981,0.16805093198274,0.40660069055794,0.39844650441423,0.45946383611046,0.42562708138808
alle_lehrkraefte,1300,2026-01-08,15,5,23,2.8006523873511,kognition,1.4758361358457,1,0,0,0.52695967300848,0.28386141920944,0.3913078160065,0.35705838894269,0.40277514975236,0.34038294450806,0.28814611987675
alle_lehrkraefte,1301,2026-01-08,15,5,23,3.7281985400685,performanz,1.9343789929705,1,0,0,0.40952297822629,0.23941046247707,0.13252961756498,0.43892855326055,0.39268182609114,0.51884946139171,0.37595484001876
alle_lehrkraefte,1292,2026-01-15,15,5,23,3.7834187822736,performanz,2.1524916087874,1,0,0,0.43529939562806,0.035551443866491,0.119184436252,0.4104201615304,0.35006848278279,0.56892616001453,0.42470070376623
alle_lehrkraefte,1293,2026-01-15,15,5,23,3.0556171049096,performanz,1.8608741963844,1,0,0,0.55550638970887,0.0,0.29078875442313,0.25128473348535,0.3845063379814,0.60899911294624,0.15804728787018
alle_lehrkraefte,1294,2026-01-15,15,5,23,3.1844962872024,performanz,1.7623605672214,1,0,0,0.35830210771604,0.21987884155731,0.30560875784078,0.47619592143151,0.25159370964146,0.55341720451418,0.36542762457524
alle_lehrkraefte,1295,2026-01-15,15,5,23,3.9909291971125,performanz,2.0864958050995,1,0,0,0.50686404877188,0.033885703813723,0.13418955811809,0.37059932669004,0.40085263899891,0.52280821682502,0.39060672750351
alle_lehrkraefte,1296,2026-01-15,15,5,23,3.8938269022808,kognition,2.0318903529178,1,0,0,0.5218221522652,0.26818691882626,0.11186415844222,0.37523507366281,0.46558602370389,0.40539660056191,0.34833975080969
alle_lehrkraefte,1287,2026-01-22,15,5,23,2.4355446384929,kognition,1.7270891589061,1,1,1,0.70911534137244,0.0,0.1466233937092,0.15159418217587,0.47510097442793,0.42786103617929,0.2094803168081
alle_lehrkraefte,1288,2026-01-22,15,5,23,3.5945149852943,regulation,1.9772187354812,1,1,1,0.44008146001926,0.21195562268381,0.24766753587711,0.30191198612596,0.39195609564178,0.39077811478869,0.55006398441248
alle_lehrkraefte,1289,2026-01-22,15,5,23,1.9527463174987,performanz,1.2088568683975,1,1,0,0.22768449948157,0.15287355723892,0.30282666445326,0.37380252504995,0.25326239678698,0.61905157216232,0.4959639051638
alle_lehrkraefte,1290,2026-01-22,15,5,23,3.8214492248625,regulation,1.9449987244184,1,0,0,0.4744640681703,-0.034227517275499,0.028363956548983,0.33962254037949,0.48124977980893,0.4085459507913,0.50896754615728
alle_lehrkraefte,1291,2026-01-22,15,5,23,4.4739160676748,regulation,2.2222110673045,1,0,0,0.43845556240379,0.17584430150684,0.19189650233571,0.39549184493662,0.41275973460124,0.40805491465743,0.49670267985885
alle_lehrkraefte,1282,2026-01-29,15,5,23,4.0096002650977,kognition,2.5326051745112,1,0,0,0.63163375167823,0.015541942208395,0.17179344520515,0.22267654332557,0.47982510846894,0.45027324687481,0.29785281840573
alle_lehrkraefte,1283,2026-01-29,15,5,23,4.1753366045791,kognition,2.0025209823477,1,0,0,0.47960592784119,0.20384347683099,0.27356109825585,0.38796629419017,0.38566077691678,0.43325305356153,0.40819754744271
alle_lehrkraefte,1284,2026-01-29,15,5,23,2.4266476899275,performanz,-1.4208154801294,-1,0,0,-0.20928205410567,-0.16359950628713,-0.29551362807447,-0.37210261836463,-0.25185081429813,-0.58550305056493,-0.54534086931492
alle_lehrkraefte,1285,2026-01-29,15,5,23,2.0864446589711,kognition,1.1870654375839,1,1,0,0.56893900496705,0.31084537955775,0.2342149818428,0.44684722184464,0.34818528325812,0.25257943204789,0.37432006980412
alle_lehrkraefte,1286,2026-01-29,15,5,23,2.1705909655679,regulation,1.0748847029185,1,1,0,0.41016065224904,0.049968981073429,0.032170610827381,0.39633397743253,0.46323979442207,0.45970750767414,0.49520143037311
alle_lehrkraefte,125,2025-09-01,16,2,1,4.0297451295107,performanz,2.1018406752718,1,0,0,0.50229795388456,0.030986423052732,0.16577460984972,0.36043056753727,0.43342058043781,0.52158024686899,0.35977892556151
alle_lehrkraefte,126,2025-09-01,16,2,1,4.466581322438,kognition,2.7682973486899,1,1,1,0.6197785176323,0.02801118491248,0.21750641921344,0.23950031054412,0.50737318760695,0.42467013619691,0.2695250780338
alle_lehrkraefte,127,2025-09-01,16,2,1,4.105530115666,regulation,1.9603476546835,1,0,0,0.40874243667907,0.052973024371062,0.031854050439072,0.42453459808445,0.46443239119492,0.45296988137695,0.47748836924115
alle_lehrkraefte,128,2025-09-01,16,2,1,3.4965039781999,motivation,1.6294014575425,1,1,0,0.44314978249296,0.30509532088616,0.34730960706809,0.46600741987634,0.30841816600965,0.45036942817978,0.27347418519816
alle_lehrkraefte,129,2025-09-01,16,2,1,3.9546306929547,kognition,2.2238972144743,1,0,0,0.56235126959478,0.020922098272622,0.19218035228865,0.30745598822261,0.40913861330308,0.52329609560557,0.33259972485648
alle_lehrkraefte,121,2025-09-04,16,6,1,4.0340534938675,kognition,2.340692642289,1,0,0,0.58023197846223,0.023304726557337,0.19163855593931,0.29484982127906,0.44721093505122,0.49891575077313,0.30034394131757
alle_lehrkraefte,122,2025-09-04,16,6,1,2.7706068465565,kognition,1.7486687554314,1,0,0,0.63114781013649,0.025265131873792,0.13115957607232,0.26311830194278,0.49211854154324,0.43307440247141,0.29127087745929
alle_lehrkraefte,123,2025-09-04,16,6,1,3.73654460792,kognition,1.9983364398439,1,1,0,0.53480723541635,0.23766947744919,0.32205417002549,0.38482504297687,0.38977370733012,0.39078727981567,0.31787048430686
alle_lehrkraefte,124,2025-09-04,16,6,1,2.8834559931561,performanz,1.6947054846306,1,1,0,0.20938802611679,0.27570985816615,0.39325417309746,0.46355451865265,0.21889705964359,0.58773208654202,0.34242842733975
alle_lehrkraefte,116,2025-09-08,16,2,1,3.6813879930869,kognition,2.3310275582356,1,0,0,0.63319085918254,0.026149747064184,0.14669077169834,0.25844845876031,0.47775089783145,0.44131972317682,0.29505471879653
alle_lehrkraefte,117,2025-09-08,16,2,1,4.5541230711521,kognition,2.511166734315,1,0,0,0.55140389950875,0.05235998110521,0.14658400966966,0.3346361050355,0.47968001633742,0.42651733665845,0.3843561228171
alle_lehrkraefte,118,2025-09-08,16,2,1,3.445161991689,regulation,1.6593102589405,1,0,0,0.35697457681494,0.30867452774446,-0.051124322883014,0.44905706607895,0.45666641004076,0.36400878395462,0.48163350420338
alle_lehrkraefte,119,2025-09-08,16,2,1,3.7822012353849,performanz,1.8332802440652,1,0,0,0.42596625359233,0.22614590803016,0.32285068440771,0.43402771920681,0.38695083916709,0.48471122578075,0.30019483903688
alle_lehrkraefte,120,2025-09-08,16,2,1,2.4618609597996,kognition,1.6566860222492,1,0,0,0.67293779783815,0.0,0.25562377022792,0.15425123718291,0.44110365154733,0.5044428994776,0.094734207310967
alle_lehrkraefte,111,2025-09-11,16,6,1,4.0297451295107,performanz,2.1018406752718,1,0,0,0.50229795388456,0.030986423052732,0.16577460984972,0.36043056753727,0.43342058043781,0.52158024686899,0.35977892556151
alle_lehrkraefte,112,2025-09-11,16,6,1,3.2578547618,kognition,1.8346726067272,1,0,0,0.56315186199242,0.031352009134577,0.21853304168741,0.26739485678908,0.44746296860024,0.50787483501136,0.32319380690867
alle_lehrkraefte,113,2025-09-11,16,6,1,4.3406553652064,kognition,2.1462963786463,1,1,0,0.49446253006518,0.26550279432215,0.053552965854877,0.37877182858556,0.4109033095443,0.44109602015534,0.41864927793105
alle_lehrkraefte,114,2025-09-11,16,6,1,4.0578127668032,kognition,1.7468429863796,1,1,0,0.43048774842273,0.28241639133245,0.31314652429469,0.41780346808517,0.36786569284546,0.40358753700582,0.40507752344252
alle_lehrkraefte,115,2025-09-11,16,6,1,2.5553402422033,performanz,1.5570911828289,1,0,0,0.44652012702407,0.031112132778026,0.17952669910686,0.37349850335762,0.31353891804787,0.60934550462497,0.39787487959923
alle_lehrkraefte,106,2025-09-15,16,2,1,3.6744837708226,kognition,2.2832192608297,1,0,0,0.62136974593878,0.027190698877438,0.14268191314304,0.2692631437537,0.4751857410169,0.4474561246316,0.30704335353319
alle_lehrkraefte,107,2025-09-15,16,2,1,3.2578547618,kognition,1.8346726067272,1,0,0,0.56315186199242,0.031352009134577,0.21853304168741,0.26739485678908,0.44746296860024,0.50787483501136,0.32319380690867
alle_lehrkraefte,108,2025-09-15,16,2,1,3.4507597507663,performanz,1.7576385021604,1,0,0,0.44464530526223,0.098341955792704,0.27435660761333,0.36291912005201,0.37409352724782,0.50934679190639,0.43156883465415
alle_lehrkraefte,109,2025-09-15,16,2,1,1.4232512033443,sozial,0.795,1,1,0,0.0039636150795586,0.558576316232,0.36537152837564,0.40072947443809,0.12637695648689,-0.49456527866831,0.36512507595214
alle_lehrkraefte,110,2025-09-15,16,2,1,2.7153344123817,kognition,1.512680856227,1,1,0,0.55708618373762,-0.077067209853772,-0.023311259048937,0.34116611055201,0.49480456333913,0.45950366325734,0.33285937163261
alle_lehrkraefte,102,2025-09-22,16,2,1,4.2776947265947,kognition,2.4410982889583,1,0,0,0.57065609830007,0.061680906507123,0.098417161158226,0.35536178558859,0.45537212052641,0.40162071683407,0.40732235788888
alle_lehrkraefte,103,2025-09-22,16,2,1,3.050519966414,kognition,1.8346238946577,1,0,0,0.60141153008057,0.25796034376092,0.36992244687776,0.36833268059845,0.37038652482427,0.38425337642634,0.12002358492601
alle_lehrkraefte,104,2025-09-22,16,2,1,3.6133072357558,performanz,1.7648070047484,1,0,0,0.41658136104671,0.19356657060967,0.3074035795803,0.39676228733864,0.34750802257374,0.48841739863985,0.42161091406453
alle_lehrkraefte,105,2025-09-22,16,2,1,3.1029026024035,kognition,1.6983290877114,1,1,0,0.54733384575381,0.32087660148077,0.40553359103825,0.40361836664247,0.35652164517353,0.36221028318406,0.10857334062683
alle_lehrkraefte,98,2025-09-25,16,6,1,3.7834187822736,performanz,2.1524916087874,1,0,0,0.43529939562806,0.035551443866491,0.119184436252,0.4104201615304,0.35006848278279,0.56892616001453,0.42470070376623
alle_lehrkraefte,99,2025-09-25,16,6,1,4.8061660753965,regulation,2.3556487699433,1,0,0,0.41195645886382,0.11739574529303,0.15525898219208,0.4125302752567,0.39087145664052,0.47876083040477,0.49012951939113
alle_lehrkraefte,100,2025-09-25,16,6,1,3.2578547618,kognition,1.8346726067272,1,0,0,0.56315186199242,0.031352009134577,0.21853304168741,0.26739485678908,0.44746296860024,0.50787483501136,0.32319380690867
alle_lehrkraefte,101,2025-09-25,16,6,1,3.5517580419398,performanz,1.7816761805797,1,1,1,0.42323574484856,0.16129366203002,0.30455667553456,0.39291713687201,0.3511092726904,0.50163078206162,0.4156926989252
alle_lehrkraefte,93,2025-09-29,16,2,1,4.2434364120772,kognition,2.1266007185707,1,0,0,0.50114942244074,0.11396715072385,0.17824852421908,0.34183623305069,0.44985360536929,0.43478865646368,0.44251784498799
alle_lehrkraefte,94,2025-09-29,16,2,1,3.1813676431278,performanz,1.4780206620485,1,0,0,0.43697363840821,0.31432923474525,0.046982968609961,0.43014855236104,0.39172434957001,0.46458510363938,0.39207451324792
alle_lehrkraefte,95,2025-09-29,16,2,1,3.1819690767104,performanz,1.6514653847318,1,0,0,0.46303540907394,0.052306337430451,0.18165981882267,0.37481530099105,0.44958792227474,0.51900573351321,0.37131243005745
alle_lehrkraefte,96,2025-09-29,16,2,1,2.5315625227324,kognition,1.9179730577314,1,0,0,0.75762121784339,0.017681259848529,0.099494978821222,0.14000273146105,0.47547292371446,0.32817787034038,0.24982860468211
alle_lehrkraefte,97,2025-09-29,16,2,1,4.5051999610504,kognition,2.2147698359634,1,0,0,0.49160191314302,0.062345305630295,0.07325617380748,0.40938129345955,0.38284523733197,0.45825543665079,0.47424482196104
alle_lehrkraefte,89,2025-10-02,16,6,1,3.644316435302,kognition,1.8767956837469,1,1,1,0.51499110111725,0.10893645425238,0.17406012234356,0.29083577198318,0.41050812492958,0.47090042463132,0.46665300140837
alle_lehrkraefte,90,2025-10-02,16,6,1,3.8486190862208,kognition,2.087175008948,1,1,0,0.54231648781657,0.27060638372208,0.28486391342113,0.41839279174371,0.36470321541785,0.38419604127948,0.30958812099086
alle_lehrkraefte,91,2025-10-02,16,6,1,3.73654460792,kognition,1.9983364398439,1,1,0,0.53480723541635,0.23766947744919,0.32205417002549,0.38482504297687,0.38977370733012,0.39078727981567,0.31787048430686
alle_lehrkraefte,92,2025-10-02,16,6,1,2.4657383172752,kognition,1.9139438836563,1,1,0,0.77621218282785,0.018153268639068,0.07854310600949,0.11642415883987,0.48029755836954,0.29703915489513,0.24189953818919
alle_lehrkraefte,84,2025-10-20,16,2,1,4.4248015064122,kognition,2.5299323006465,1,0,0,0.57176046866182,0.052169000706233,0.13681307367429,0.33444133727735,0.45024896048661,0.45411408885347,0.36173372051404
alle_lehrkraefte,85,2025-10-20,16,2,1,3.9754603937968,kognition,2.1118789605959,1,0,0,0.53122744012662,0.022266357176725,0.15845702965771,0.31305095472288,0.4683200092299,0.49369494887372,0.36211699940813
alle_lehrkraefte,86,2025-10-20,16,2,1,2.5315625227324,kognition,1.9179730577314,1,0,0,0.75762121784339,0.017681259848529,0.099494978821222,0.14000273146105,0.47547292371446,0.32817787034038,0.24982860468211
alle_lehrkraefte,87,2025-10-20,16,2,1,4.1100040351697,regulation,1.8368648761565,1,0,0,0.41981738804784,0.2174398262812,0.25997503083373,0.40458725813174,0.44247009024899,0.38687142347094,0.446924234428
alle_lehrkraefte,88,2025-10-20,16,2,1,3.648548811648,performanz,1.8144280300528,1,0,0,0.38885845163842,0.19199426251791,0.31575625939891,0.41583833205431,0.32791525199639,0.49729992682597,0.42949116716453
alle_lehrkraefte,80,2025-10-23,16,6,1,4.7653905687971,kognition,2.2414953024427,1,1,0,0.47036870669794,0.071220868695358,0.091961975579142,0.39006654587399,0.46307096173179,0.4334201960125,0.45910780175665
alle_lehrkraefte,81,2025-10-23,16,6,1,4.04857516276,kognition,2.2375701027702,1,0,0,0.55267951958922,0.19636489490517,0.31562955398473,0.31897353826335,0.43567210529291,0.4119372974083,0.30840327964697
alle_lehrkraefte,82,2025-10-23,16,6,1,3.5517580419398,performanz,1.7816761805797,1,1,1,0.42323574484856,0.16129366203002,0.30455667553456,0.39291713687201,0.3511092726904,0.50163078206162,0.4156926989252
alle_lehrkraefte,83,2025-10-23,16,6,1,1.9935420942378,motivation,1.2459236375843,1,4,0,0.1924119840039,0.33536319260425,0.25723120973569,0.62497671427077,0.082253812699267,0.4466343056288,0.43299820303145
alle_lehrkraefte,75,2025-10-27,16,2,1,3.6813879930869,kognition,2.3310275582356,1,0,0,0.63319085918254,0.026149747064184,0.14669077169834,0.25844845876031,0.47775089783145,0.44131972317682,0.29505471879653
alle_lehrkraefte,76,2025-10-27,16,2,1,3.1073267084519,kognition,1.9342871926371,1,1,0,0.62249037491684,0.0,0.11492455442266,0.23104024420111,0.44023969477505,0.50017229306716,0.31926280320256
alle_lehrkraefte,77,2025-10-27,16,2,1,3.8411483190915,kognition,2.509295155464,1,0,0,0.65326522548996,0.020984344791132,0.16805441832496,0.2240481499757,0.47451664831199,0.42970909557727,0.29076309654101
alle_lehrkraefte,78,2025-10-27,16,2,1,3.1819690767104,performanz,1.6514653847318,1,0,0,0.46303540907394,0.052306337430451,0.18165981882267,0.37481530099105,0.44958792227474,0.51900573351321,0.37131243005745
alle_lehrkraefte,79,2025-10-27,16,2,1,2.1104801444535,performanz,1.1328021183445,1,1,0,0.31412825053857,0.34939122617661,0.42360783221244,0.49973436518435,0.19421685685325,0.53674835740011,0.1557007351286
alle_lehrkraefte,72,2025-10-30,16,6,1,2.5067581730363,performanz,1.5566689652548,1,1,1,0.26142891558259,0.011477205989188,-0.061471372040178,0.42662989407497,0.21000085495624,0.62098640871495,0.5621378322668
alle_lehrkraefte,73,2025-10-30,16,6,1,3.5816981353789,performanz,1.7507822794422,1,1,0,0.43084191867104,0.27919639518428,0.041731643197581,0.42322013003075,0.38270708324899,0.48881210117278,0.41250483607193
alle_lehrkraefte,74,2025-10-30,16,6,1,4.1458837301014,kognition,2.2737656651341,1,1,0,0.54843799989984,0.034286013102556,0.13553933049093,0.32831033288959,0.44885722494022,0.4471168507179,0.41290499410633
alle_lehrkraefte,68,2025-11-03,16,2,1,3.5846603474751,regulation,1.7810357015046,1,0,0,0.44499407838611,0.049847783190915,0.036900952175072,0.39802316963037,0.42437609028194,0.46125148062342,0.49684783504823
alle_lehrkraefte,69,2025-11-03,16,2,1,4.2764814618867,kognition,2.2919360807261,1,1,0,0.5359384208182,0.18590005547427,0.29880876428253,0.32922973437561,0.42820464055857,0.43139081174337,0.33327220027853
alle_lehrkraefte,70,2025-11-03,16,2,1,3.4333342274091,methodik,1.6923157810732,1,1,0,0.45560273520211,0.048083977176934,0.071709281313335,0.3792497481292,0.49290594504422,0.4472213857957,0.44516561249039
alle_lehrkraefte,71,2025-11-03,16,2,1,3.1443711090881,kognition,1.473212922878,1,1,0,0.46852238064275,0.23827174473619,0.28124665024161,0.42298258717174,0.3350072408433,0.40654256773133,0.43380449033815
alle_lehrkraefte,64,2025-11-06,16,6,1,3.5846603474751,regulation,1.7810357015046,1,0,0,0.44499407838611,0.049847783190915,0.036900952175072,0.39802316963037,0.42437609028194,0.46125148062342,0.49684783504823
alle_lehrkraefte,65,2025-11-06,16,6,1,4.2184095375211,kognition,2.5185769006605,1,1,1,0.59704277354559,0.016534651562969,0.12575866513627,0.26327533872727,0.48086186581374,0.46726620709058,0.32949476873946
alle_lehrkraefte,66,2025-11-06,16,6,1,2.8957199704337,regulation,1.539769585776,1,0,0,0.47088581038576,0.15755269598282,0.14777939986544,0.33022333356776,0.43475917646087,0.38831659764443,0.5317379733254
alle_lehrkraefte,67,2025-11-06,16,6,1,3.117768540124,performanz,1.9111802555909,1,1,0,0.43972064620846,0.013917339892429,0.2372152704984,0.34251535550551,0.34082601478504,0.6129942300247,0.37541110055815
alle_lehrkraefte,1058,2025-11-10,16,2,1,4.0340534938675,kognition,2.340692642289,1,0,0,0.58023197846223,0.023304726557337,0.19163855593931,0.29484982127906,0.44721093505122,0.49891575077313,0.30034394131757
alle_lehrkraefte,1059,2025-11-10,16,2,1,4.7509591241489,kognition,2.6141570382954,1,0,0,0.55023658752227,0.028850685378498,0.14019568932654,0.32455234762618,0.43486249286301,0.46220706888315,0.41069855875331
alle_lehrkraefte,1060,2025-11-10,16,2,1,3.4333342274091,methodik,1.6923157810732,1,1,0,0.45560273520211,0.048083977176934,0.071709281313335,0.3792497481292,0.49290594504422,0.4472213857957,0.44516561249039
alle_lehrkraefte,1061,2025-11-10,16,2,1,4.4336617364237,kognition,2.1820491743331,1,0,0,0.49215397621954,0.1998670220788,0.11445072171214,0.39248883283008,0.46126862894737,0.42771883525212,0.39366803854352
alle_lehrkraefte,1062,2025-11-10,16,2,1,4.363566322741,performanz,1.9966423536502,1,0,0,0.38111368433806,0.2107779087295,0.2996903444672,0.41367887200184,0.37838787209203,0.45757016858961,0.44365312663578
alle_lehrkraefte,1053,2025-11-13,16,6,1,4.7653905687971,kognition,2.2414953024427,1,1,0,0.47036870669794,0.071220868695358,0.091961975579142,0.39006654587399,0.46307096173179,0.4334201960125,0.45910780175665
alle_lehrkraefte,1054,2025-11-13,16,6,1,2.9265661869219,performanz,1.5787926947118,1,1,0,0.28659557915233,0.27164848930045,0.25579104837216,0.52197291599618,0.21390104467077,0.53946748482647,0.41158186160399
alle_lehrkraefte,1055,2025-11-13,16,6,1,3.8092753542734,performanz,2.06132346452,1,0,0,0.46064846728107,0.033447451813805,0.14540012885798,0.38824406928337,0.41376980713662,0.54113128128023,0.38829864222467
alle_lehrkraefte,1056,2025-11-13,16,6,1,2.9201146689021,performanz,1.908251777238,1,1,0,0.40790346033823,0.025206114320241,0.21220241072225,0.37614643107652,0.29412015978366,0.65348298227126,0.36456809048078
alle_lehrkraefte,1057,2025-11-13,16,6,1,1.5890209998845,motivation,0.85188551646247,1,0,0,0.33406255970934,0.45645506608696,0.46047891028742,0.53610377426518,0.18684581263477,0.36274856741847,0.11871153327529
alle_lehrkraefte,1049,2025-11-20,16,6,1,3.5846603474751,regulation,1.7810357015046,1,0,0,0.44499407838611,0.049847783190915,0.036900952175072,0.39802316963037,0.42437609028194,0.46125148062342,0.49684783504823
alle_lehrkraefte,1050,2025-11-20,16,6,1,4.7203348418297,kognition,2.5684402293092,1,0,0,0.54412131218651,0.034339382852549,0.145716218238,0.32815106372612,0.43803370736583,0.46050645028912,0.41218019240003
alle_lehrkraefte,1051,2025-11-20,16,6,1,2.4618609597996,kognition,1.6566860222492,1,0,0,0.67293779783815,0.0,0.25562377022792,0.15425123718291,0.44110365154733,0.5044428994776,0.094734207310967
alle_lehrkraefte,1052,2025-11-20,16,6,1,3.2676087905419,kognition,1.5921009565853,1,0,0,0.487235830934,0.3217676297975,0.077153240661545,0.42089421911035,0.40731311868329,0.40263476371624,0.3846263394302
alle_lehrkraefte,1044,2025-11-24,16,2,1,4.0202243037138,kognition,2.0547114305757,1,0,0,0.51109245764048,0.032870016624614,0.15348776998845,0.35931223423551,0.44420521406901,0.50173089465934,0.36875892782791
alle_lehrkraefte,1045,2025-11-24,16,2,1,3.8229300313861,kognition,2.0311230831007,1,0,0,0.5312987037268,0.20795513229951,0.31164531269073,0.34246928522452,0.41648835124838,0.41913366222758,0.33305785235829
alle_lehrkraefte,1046,2025-11-24,16,2,1,2.6745080662689,kognition,1.7197401550854,1,0,0,0.64300936186405,0.0086656749691408,0.11409784127781,0.22665812140119,0.51583615204378,0.42030259628855,0.28164331889844
alle_lehrkraefte,1047,2025-11-24,16,2,1,3.5655874874173,kognition,2.2009129520582,1,0,0,0.61726343476093,0.037799812012656,0.18382639127447,0.28178965695487,0.46623570321268,0.46595771324522,0.26431334205833
alle_lehrkraefte,1048,2025-11-24,16,2,1,4.766014081322,regulation,2.3358286965014,1,0,0,0.46034606997404,0.12046710266232,0.13530206615574,0.39610570126781,0.40717581938225,0.43859820175407,0.49010006173814
alle_lehrkraefte,1040,2025-11-27,16,6,1,4.3258647160129,kognition,2.3289522253193,1,1,0,0.53837717876996,0.045037687757293,0.091400304366745,0.36030747239073,0.39133916782648,0.46224732450067,0.45069121706779
alle_lehrkraefte,1041,2025-11-27,16,6,1,4.04857516276,kognition,2.2375701027702,1,0,0,0.55267951958922,0.19636489490517,0.31562955398473,0.31897353826335,0.43567210529291,0.4119372974083,0.30840327964697
alle_lehrkraefte,1042,2025-11-27,16,6,1,4.766014081322,regulation,2.3358286965014,1,0,0,0.46034606997404,0.12046710266232,0.13530206615574,0.39610570126781,0.40717581938225,0.43859820175407,0.49010006173814
alle_lehrkraefte,1043,2025-11-27,16,6,1,2.9900649591247,kognition,1.7353345284312,1,0,0,0.58036489123308,0.10643085034257,0.28652846723075,0.23051807041907,0.42718416964422,0.47692739623724,0.32658716896938
alle_lehrkraefte,1035,2025-12-01,16,2,1,3.9028243912711,kognition,2.1928329711058,1,1,0,0.56185652560873,0.035514064351567,0.10716096158394,0.3336892807476,0.43935402011948,0.47241530936597,0.37948739649417
alle_lehrkraefte,1036,2025-12-01,16,2,1,3.0556171049096,performanz,1.8608741963844,1,0,0,0.55550638970887,0.0,0.29078875442313,0.25128473348535,0.3845063379814,0.60899911294624,0.15804728787018
alle_lehrkraefte,1037,2025-12-01,16,2,1,4.1845300685627,regulation,2.3378029514569,1,0,0,0.38787318485344,0.19216826862418,0.17250246888137,0.41054464039032,0.35562121575469,0.41920331406745,0.55867620172171
alle_lehrkraefte,1038,2025-12-01,16,2,1,3.4475065704142,kognition,1.9983364398439,1,0,0,0.57964520228655,0.17656477495722,0.28633515641049,0.33452481948389,0.42245213690023,0.39236938764407,0.32636834629356
alle_lehrkraefte,1039,2025-12-01,16,2,1,3.0088267944093,performanz,1.7349960417186,1,0,0,0.49568317504876,0.021792505626107,0.18265534692838,0.34599423350428,0.40517032831338,0.57663348339209,0.32260265823754
alle_lehrkraefte,1031,2025-12-04,16,6,1,2.8371568730149,performanz,1.6203139294579,1,0,0,0.54845682023067,0.028021755359531,0.16693232310901,0.30201188330985,0.37207718972365,0.57110279443525,0.33871143059007
alle_lehrkraefte,1032,2025-12-04,16,6,1,3.3833631186319,performanz,2.1257565680491,1,1,0,0.52299969028213,0.0,0.29892053573149,0.27568601845748,0.36872158033832,0.62829504565806,0.1743527374388
alle_lehrkraefte,1033,2025-12-04,16,6,1,3.050519966414,kognition,1.8346238946577,1,0,0,0.60141153008057,0.25796034376092,0.36992244687776,0.36833268059845,0.37038652482427,0.38425337642634,0.12002358492601
alle_lehrkraefte,1034,2025-12-04,16,6,1,2.8674352088813,performanz,1.6859498552702,1,0,0,0.41373391072764,0.1011662724033,0.30642597316211,0.28072842674595,0.37441986092981,0.5879623610761,0.39998420555291
alle_lehrkraefte,1026,2025-12-08,16,2,1,2.7008782028216,kognition,1.8124059963247,1,0,0,0.67104073187158,0.0,0.13221920340388,0.18986342323182,0.46057081054162,0.46390437256253,0.26236264134944
alle_lehrkraefte,1027,2025-12-08,16,2,1,2.5500239990253,regulation,1.5887506947218,1,0,0,0.30106002388061,0.15568419877999,0.13842952687491,0.37101936000202,0.30931179423061,0.49442664870243,0.62303118128191
alle_lehrkraefte,1028,2025-12-08,16,2,1,4.2157345291432,regulation,1.9791706721549,1,0,0,0.37487060772453,0.2035061245517,0.30634878400679,0.42635033914532,0.34151654325095,0.45320148723103,0.46947120691802
alle_lehrkraefte,1029,2025-12-08,16,2,1,3.8938269022808,kognition,2.0318903529178,1,0,0,0.5218221522652,0.26818691882626,0.11186415844222,0.37523507366281,0.46558602370389,0.40539660056191,0.34833975080969
alle_lehrkraefte,1030,2025-12-08,16,2,1,2.0864446589711,kognition,1.1870654375839,1,1,0,0.56893900496705,0.31084537955775,0.2342149818428,0.44684722184464,0.34818528325812,0.25257943204789,0.37432006980412
alle_lehrkraefte,1021,2025-12-15,16,2,19,3.2342344427424,kognition,1.9138365334644,1,1,0,0.59174146152093,0.038405650800278,0.099214849723068,0.31748586916428,0.39987967905516,0.44424680314885,0.42480704035474
alle_lehrkraefte,1022,2025-12-15,16,2,19,3.0738135965562,regulation,1.8242509726105,1,1,1,0.32324516488627,0.12915510195341,0.11484068259333,0.37391761079268,0.31226835180067,0.52544546528663,0.59347939636299
alle_lehrkraefte,1023,2025-12-15,16,2,19,3.2116067792933,kognition,2.2100250055279,1,0,0,0.68813471762165,0.017947294660663,0.17188078042915,0.18690825439461,0.51175848081102,0.3961785800166,0.20690666844507
alle_lehrkraefte,1024,2025-12-15,16,2,19,2.8888755659315,sozial,1.5587443540156,1,1,0,0.37831587943523,0.53956597395126,0.029926290388881,0.46983040777715,0.25197936507438,0.39635197416013,0.35144565621995
alle_lehrkraefte,1025,2025-12-15,16,2,19,4.0755904428795,kognition,1.9970448372755,1,1,0,0.49000015218972,0.40279418911373,0.10713189113846,0.40279418911373,0.44400420092339,0.35999867772762,0.31175728626283
alle_lehrkraefte,1016,2026-01-08,16,6,19,1.6103819422733,performanz,1.0,1,1,0,0.37754784039823,0.0,0.0,0.36264463617198,0.29868505136768,0.62096684276024,0.50112024210752
alle_lehrkraefte,1017,2026-01-08,16,6,19,3.5046583852388,kognition,2.0772518399554,1,1,0,0.59270995472911,0.037629046859325,0.10166548436159,0.31605277833603,0.40263592842087,0.44426987951362,0.42137466894537
alle_lehrkraefte,1018,2026-01-08,16,6,19,4.1237246674791,kognition,2.1924851933349,1,0,0,0.53167465177268,0.043815676360963,0.10727253755029,0.34110917171388,0.48275403593977,0.44641375703799,0.39395156450003
alle_lehrkraefte,1019,2026-01-08,16,6,19,4.0230266961372,regulation,2.1507426574126,1,0,0,0.32285345704235,0.1940878730544,0.24341569490145,0.41164830638065,0.33607032387167,0.48024720787901,0.5346067709195
alle_lehrkraefte,1020,2026-01-08,16,6,19,3.4721038792412,performanz,1.8125938090566,1,0,0,0.39217224110269,0.21769801896299,0.29717024810151,0.46920701499411,0.33079089078195,0.52204330620997,0.32921959148461
alle_lehrkraefte,1012,2026-01-13,16,1,23,2.86636421726,kognition,2.0532452617647,1,2,0,0.71632142425822,0.0,0.24589649946494,0.10102785763875,0.48005379208708,0.42650143713645,0.062046789280422
alle_lehrkraefte,1013,2026-01-13,16,1,23,2.9011619883243,performanz,1.8146533005108,1,0,0,0.48967516717457,0.0,0.17265110518826,0.31720137154232,0.35619597135299,0.62548973580807,0.33417546746929
alle_lehrkraefte,1014,2026-01-13,16,1,23,2.7800794322758,performanz,1.5619583131048,1,0,0,0.4828625632128,0.016496962767111,0.21435825162725,0.32723127590326,0.36859184201213,0.56183743406635,0.40250886323243
alle_lehrkraefte,1015,2026-01-13,16,1,23,4.2332441001739,kognition,2.2209564799031,1,0,0,0.52464520847256,0.057651067006785,0.12431452439003,0.36300826394135,0.46358746533329,0.45239334066434,0.39321350670068
alle_lehrkraefte,1008,2026-01-15,16,6,1,3.2870701844949,performanz,1.9531896505829,1,0,0,0.41466224445206,0.031405075980467,0.13079068691856,0.40962322696175,0.34539700132505,0.59420200936871,0.41205624797762
alle_lehrkraefte,1009,2026-01-15,16,6,1,2.9011619883243,performanz,1.8146533005108,1,0,0,0.48967516717457,0.0,0.17265110518826,0.31720137154232,0.35619597135299,0.62548973580807,0.33417546746929
alle_lehrkraefte,1010,2026-01-15,16,6,1,4.9946265310618,regulation,2.313833831872,1,1,0,0.41890779460302,0.17740135474721,0.18447467974737,0.43405868844984,0.40459236989813,0.43851444065215,0.46326370647438
alle_lehrkraefte,1011,2026-01-15,16,6,1,3.4507597507663,performanz,1.7576385021604,1,0,0,0.44464530526223,0.098341955792704,0.27435660761333,0.36291912005201,0.37409352724782,0.50934679190639,0.43156883465415
alle_lehrkraefte,1005,2026-01-20,16,1,23,1.6103819422733,performanz,1.0,1,1,0,0.37754784039823,0.0,0.0,0.36264463617198,0.29868505136768,0.62096684276024,0.50112024210752
alle_lehrkraefte,1006,2026-01-20,16,1,23,2.9011619883243,performanz,1.8146533005108,1,0,0,0.48967516717457,0.0,0.17265110518826,0.31720137154232,0.35619597135299,0.62548973580807,0.33417546746929
alle_lehrkraefte,1007,2026-01-20,16,1,23,1.7229179248308,kognition,1.3807910822945,1,1,0,0.80142126806034,0.039137726266037,0.19415880276327,0.085637230104267,0.52579057890913,0.14793460676579,0.11317607852982
alle_lehrkraefte,1000,2026-01-22,16,6,18,4.0096002650977,kognition,2.5326051745112,1,0,0,0.63163375167823,0.015541942208395,0.17179344520515,0.22267654332557,0.47982510846894,0.45027324687481,0.29785281840573
alle_lehrkraefte,1001,2026-01-22,16,6,18,3.4522478891995,kognition,1.8706043338075,1,1,1,0.54184953553435,0.028966549779741,0.10377305345183,0.30141773302564,0.50406736303315,0.44719022762149,0.38713011245978
alle_lehrkraefte,1002,2026-01-22,16,6,18,3.3659078131316,kognition,1.8644313920995,1,0,0,0.55391471081846,0.027419524844313,0.15221827542323,0.29709727428258,0.43315863907753,0.40624546152473,0.47783024759156
alle_lehrkraefte,1003,2026-01-22,16,6,18,1.7229179248308,kognition,1.3807910822945,1,1,0,0.80142126806034,0.039137726266037,0.19415880276327,0.085637230104267,0.52579057890913,0.14793460676579,0.11317607852982
alle_lehrkraefte,1004,2026-01-22,16,6,18,4.3406553652064,kognition,2.1462963786463,1,1,0,0.49446253006518,0.26550279432215,0.053552965854877,0.37877182858556,0.4109033095443,0.44109602015534,0.41864927793105
alle_lehrkraefte,2758,2025-01-06,17,0,8,3.5968627380227,kognition,-2.7859437623561,-1,1,0,-0.77454610303716,-0.013900964432644,-0.10575594061038,-0.16236326457328,-0.42348213249437,-0.36422267860218,-0.22436156594287
alle_lehrkraefte,2757,2025-01-27,17,0,21,1.1460842028403,sozial,1.0,1,1,0,0.17712331106546,0.87252862593824,0.0,0.38216753816095,0.0,0.21813215648456,0.11691883587572
alle_lehrkraefte,2756,2025-01-30,17,6,1,4.1556781897009,kognition,2.1063936922436,1,0,0,0.50687000469957,0.019323089641497,0.25821320346202,0.43699791258942,0.40202238021958,0.40841226296759,0.39577872489359
alle_lehrkraefte,2755,2025-02-03,17,0,21,0.50974750570972,motivation,-0.3523524487628,-1,3,0,-0.2780161422658,0.0,-0.36192124708165,-0.69121581304082,-0.25707175903932,-0.09508927882189,-0.48864469827661
alle_lehrkraefte,2754,2025-02-06,17,6,1,1.1580677294205,regulation,0.69295973748828,1,0,0,0.58927459511577,0.043174994846865,-0.14214678301128,0.32285840156537,0.31059576723034,0.26816723591541,0.59837066190283
alle_lehrkraefte,2753,2025-02-20,17,6,1,4.2794722999141,motivation,2.477326279731,1,2,1,0.29494245967888,0.0,0.36832408635619,0.57888457203824,0.26721888278764,0.41844288561889,0.44241825442017
alle_lehrkraefte,2752,2025-04-03,17,6,1,0.99141868047763,kognition,0.811,1,0,0,0.81801143740294,0.0,0.17853023972912,0.0,0.48515844807745,0.25216135554961,0.0
alle_lehrkraefte,2751,2025-08-18,17,0,22,2.5401091263291,kognition,1.4257236190517,1,3,1,0.56128218723036,0.016084792925969,0.24137819152092,0.37753829227306,0.44616417507623,0.42470208123368,0.32320703844968
alle_lehrkraefte,2748,2025-08-28,17,6,1,3.1988921097457,kognition,1.919667488646,1,0,0,0.60010197961283,0.028359326892356,0.086449473354213,0.30337364378423,0.40429765756495,0.44207952411901,0.42504956153813
alle_lehrkraefte,2749,2025-08-28,17,6,1,4.2418067613595,motivation,2.0519663720169,1,1,0,0.35687517920945,0.29880068688514,0.34641805694199,0.4837470563814,0.35222911961893,0.45040191257754,0.32001503204027
alle_lehrkraefte,2750,2025-08-28,17,6,1,2.6745080662689,kognition,1.7197401550854,1,0,0,0.64300936186405,0.0086656749691408,0.11409784127781,0.22665812140119,0.51583615204378,0.42030259628855,0.28164331889844
alle_lehrkraefte,2743,2025-09-01,17,0,22,3.0906410220045,performanz,1.5072340371522,1,2,1,0.46922370585666,0.077011763893507,0.23510808419298,0.4219273012279,0.34983980019771,0.48767525884388,0.42470969885431
alle_lehrkraefte,2744,2025-09-01,17,0,22,3.2578547618,kognition,1.8346726067272,1,0,0,0.56315186199242,0.031352009134577,0.21853304168741,0.26739485678908,0.44746296860024,0.50787483501136,0.32319380690867
alle_lehrkraefte,2745,2025-09-01,17,0,22,2.4666707187762,kognition,1.497714368025,1,1,0,0.6071780415781,0.23205273209578,0.36177305619739,0.29189022905129,0.4386722049905,0.33686635392545,0.2355554148444
alle_lehrkraefte,2746,2025-09-01,17,0,22,2.2750429610691,kognition,1.476804441708,1,2,0,0.6491296980682,0.023747304322574,0.1296647252377,0.24731121215937,0.49460779137771,0.42484572162162,0.27377249411881
alle_lehrkraefte,2747,2025-09-01,17,0,22,2.4565373790634,kognition,-1.9126518936947,-1,1,0,-0.77859352927436,-0.03745307909242,-0.11025332059147,-0.20454905694459,-0.34066290346013,-0.30991497395093,-0.35536829525995
alle_lehrkraefte,2738,2025-09-04,17,6,1,2.8935343055325,performanz,1.4253665391979,1,0,0,0.39737641086683,0.047325988210371,0.030414216433146,0.39703066566278,0.45471727313677,0.49260228587913,0.48152065627541
alle_lehrkraefte,2739,2025-09-04,17,6,1,3.916840808544,kognition,2.2069589158005,1,0,0,0.5634523814352,0.076723644298226,0.31177537024684,0.31845471584113,0.42787289584912,0.43423975906972,0.32614892186079
alle_lehrkraefte,2740,2025-09-04,17,6,1,4.4336617364237,kognition,2.1820491743331,1,0,0,0.49215397621954,0.1998670220788,0.11445072171214,0.39248883283008,0.46126862894737,0.42771883525212,0.39366803854352
alle_lehrkraefte,2741,2025-09-04,17,6,1,3.6133900265862,kognition,2.4241953523872,1,0,0,0.67089038981313,0.0,0.27260700094581,0.12121547483737,0.48802215807,0.46603119948005,0.074445120390985
alle_lehrkraefte,2742,2025-09-04,17,6,1,3.8486190862208,kognition,2.087175008948,1,1,0,0.54231648781657,0.27060638372208,0.28486391342113,0.41839279174371,0.36470321541785,0.38419604127948,0.30958812099086
alle_lehrkraefte,2733,2025-09-11,17,6,1,3.2342344427424,kognition,1.9138365334644,1,2,0,0.59174146152093,0.038405650800278,0.099214849723068,0.31748586916428,0.39987967905516,0.44424680314885,0.42480704035474
alle_lehrkraefte,2734,2025-09-11,17,6,1,3.8454915842306,kognition,2.4503618349918,1,1,0,0.63720213899796,0.018138101277961,0.1379541259842,0.2262590984732,0.50167899874423,0.44001213438009,0.2795035344365
alle_lehrkraefte,2735,2025-09-11,17,6,1,2.0618806987405,regulation,-1.1929257382862,-1,0,0,-0.17055995305799,-0.16267001999957,-0.30053932657278,-0.31632416360643,-0.29693945333983,-0.57545588039336,-0.57855915399148
alle_lehrkraefte,2736,2025-09-11,17,6,1,3.6709941375368,regulation,1.9411488061702,1,1,0,0.43631034728331,0.1180046765747,0.10514865737317,0.42125288148312,0.36060760730328,0.44446342445796,0.52877870289535
alle_lehrkraefte,2737,2025-09-11,17,6,1,2.4666707187762,kognition,1.497714368025,1,1,0,0.6071780415781,0.23205273209578,0.36177305619739,0.29189022905129,0.4386722049905,0.33686635392545,0.2355554148444
alle_lehrkraefte,2728,2025-09-15,17,0,22,3.0906410220045,performanz,1.5072340371522,1,2,1,0.46922370585666,0.077011763893507,0.23510808419298,0.4219273012279,0.34983980019771,0.48767525884388,0.42470969885431
alle_lehrkraefte,2729,2025-09-15,17,0,22,4.8411068993645,kognition,2.5676948589789,1,0,0,0.53039307092872,0.055075344692102,0.14096368902063,0.35448119397322,0.45919732605643,0.43721176125488,0.41000216890172
alle_lehrkraefte,2730,2025-09-15,17,0,22,1.2552525715904,kognition,0.93033640217641,1,2,0,0.74114884266617,-0.11966765199692,-0.027913566952979,0.20778690514458,0.37491300437891,0.48696766266451,0.12128595433586
alle_lehrkraefte,2731,2025-09-15,17,0,22,0.87330889831434,kognition,0.4788,1,2,0,0.54825333669542,0.048092397955738,0.072138596933607,0.35107450507689,0.36129413964248,0.4502650758606,0.48513206437851
alle_lehrkraefte,2732,2025-09-15,17,0,22,3.8556634144117,kognition,2.1295291688058,1,0,0,0.55231056677312,-0.021358987959407,0.036605380928274,0.40032807212631,0.41533960674309,0.47642679138095,0.36523916628587
alle_lehrkraefte,2723,2025-09-18,17,6,1,4.8013363108794,kognition,2.4207499997062,1,1,0,0.50418150305489,0.050987814741659,0.094859944650951,0.38810784929659,0.41463768278023,0.4438380933649,0.46330801454674
alle_lehrkraefte,2724,2025-09-18,17,6,1,4.7509591241489,kognition,2.6141570382954,1,0,0,0.55023658752227,0.028850685378498,0.14019568932654,0.32455234762618,0.43486249286301,0.46220706888315,0.41069855875331
alle_lehrkraefte,2725,2025-09-18,17,6,1,2.0618806987405,regulation,-1.1929257382862,-1,0,0,-0.17055995305799,-0.16267001999957,-0.30053932657278,-0.31632416360643,-0.29693945333983,-0.57545588039336,-0.57855915399148
alle_lehrkraefte,2726,2025-09-18,17,6,1,3.1492118583832,kognition,1.8515721846579,1,1,1,0.58794593328796,0.015904736151126,0.19002988281868,0.28714245259574,0.39675344827274,0.52855286700544,0.31419212553827
alle_lehrkraefte,2727,2025-09-18,17,6,1,2.2665231128549,performanz,1.1747864893517,1,2,0,0.32812578318177,0.044120246659023,0.10778287658255,0.40448367029649,0.48240136058159,0.51831869681886,0.46237270467917
alle_lehrkraefte,2718,2025-09-22,17,0,45,2.4928934477927,motivation,-1.5377179137409,-1,1,0,0.13722164635556,-0.31578569243068,-0.39649595844729,-0.61683813510808,0.0543506684467,-0.53990662017343,-0.22201376041514
alle_lehrkraefte,2719,2025-09-22,17,0,45,3.8761674124937,kognition,2.2121390502788,1,0,0,0.57070118698608,0.025560535840583,0.13032942806574,0.27745936801483,0.50759136562589,0.44230701292828,0.3555104859237
alle_lehrkraefte,2720,2025-09-22,17,0,45,3.0240571504654,regulation,1.4279047558095,1,2,0,0.33940662801459,0.35165369924952,-0.028935370103071,0.47015906248171,0.44061701743393,0.34950231383445,0.47218024096779
alle_lehrkraefte,2721,2025-09-22,17,0,45,2.4432470610431,motivation,1.1703145985009,1,1,0,0.44437182473032,0.24030060576985,0.041446093194493,0.47899773509764,0.34897610469763,0.45089482456345,0.43420506806927
alle_lehrkraefte,2722,2025-09-22,17,0,45,4.4226026497114,kognition,2.2741683893754,1,0,0,0.51421378481424,0.20190670340455,0.2771769151546,0.38230209960267,0.45121813753943,0.41512604872008,0.30968364954078
alle_lehrkraefte,2713,2025-09-25,17,6,1,3.3685945007785,performanz,1.7146760432305,1,1,1,0.46692129171518,0.043118259161777,0.034712611149409,0.40662835417337,0.37420596681409,0.50901672868817,0.46307630734881
alle_lehrkraefte,2714,2025-09-25,17,6,1,4.4107099279058,kognition,2.189211103481,1,0,0,0.49633872457652,0.020069114607285,0.21068322682328,0.37723372686767,0.44311697942076,0.47270261859914,0.38307628077188
alle_lehrkraefte,2715,2025-09-25,17,6,1,3.4205843904462,kognition,2.1618147661197,1,0,0,0.63199974020822,0.020464279598748,0.16954941851328,0.24201836080613,0.48963150677988,0.45771258717943,0.2521744981739
alle_lehrkraefte,2716,2025-09-25,17,6,1,0.47720959755646,motivation,0.292,1,0,0,0.42538068645846,0.16763770894915,0.25145656342372,0.61187763766439,0.0,0.52386784046609,0.28079316248982
alle_lehrkraefte,2717,2025-09-25,17,6,1,3.4246644235568,kognition,2.1046227351488,1,1,1,0.6145468079161,0.29199855995695,0.15229173432608,0.29199855995695,0.49927156175311,0.35186311417586,0.23564283788526
alle_lehrkraefte,2707,2025-09-29,17,0,45,2.1809474554644,kognition,1.7306935738346,1,1,0,0.79354760887167,0.002155011634737,0.15295302379187,0.065526769518853,0.44950066520236,0.35952874324606,0.10615190939157
alle_lehrkraefte,2708,2025-09-29,17,0,45,4.7509591241489,kognition,2.6141570382954,1,0,0,0.55023658752227,0.028850685378498,0.14019568932654,0.32455234762618,0.43486249286301,0.46220706888315,0.41069855875331
alle_lehrkraefte,2709,2025-09-29,17,0,45,4.3971375276988,kognition,2.1578157776495,1,1,0,0.49073081220424,0.060721922309847,0.069526878632361,0.41129175166939,0.38033388003918,0.45934695578322,0.47522962004667
alle_lehrkraefte,2710,2025-09-29,17,0,45,0.34359091024065,motivation,0.21024,1,1,0,0.42537722003598,0.16763634287132,0.25145451430698,0.61187265148032,0.0,0.52386357147288,0.28079087430946
alle_lehrkraefte,2711,2025-09-29,17,0,45,2.9181769345331,kognition,1.7030709153254,1,1,0,0.58360583250226,0.11697894103087,0.20933489739418,0.32029085943614,0.40748398865711,0.49288427169095,0.30054594635137
alle_lehrkraefte,2712,2025-09-29,17,0,45,3.4212937730334,kognition,1.5905975306114,1,2,1,0.46490976426836,0.057082965955221,0.2017768472665,0.45016195207528,0.37508978184815,0.45039571684974,0.44009802882654
alle_lehrkraefte,2702,2025-10-02,17,6,1,3.0906410220045,performanz,1.5072340371522,1,2,1,0.46922370585666,0.077011763893507,0.23510808419298,0.4219273012279,0.34983980019771,0.48767525884388,0.42470969885431
alle_lehrkraefte,2703,2025-10-02,17,6,1,3.7884548804964,kognition,2.0948512713766,1,2,0,0.55295517774528,0.034880927385185,0.1206814926599,0.33155772300408,0.47446783761412,0.46013366953007,0.36287924164045
alle_lehrkraefte,2704,2025-10-02,17,6,1,3.276288313951,performanz,1.7212648120425,1,2,0,0.46878708785693,0.035244448496262,0.11504846158701,0.38690581511958,0.42418921959293,0.5253687689894,0.40013659534304
alle_lehrkraefte,2705,2025-10-02,17,6,1,4.5339414150742,performanz,2.260374675858,1,1,0,0.4388648454313,0.049012142319769,0.093902205182241,0.41400029487602,0.39896667426924,0.49854408857202,0.46589329515275
alle_lehrkraefte,2706,2025-10-02,17,6,1,3.7892050143531,kognition,2.0386456472603,1,2,0,0.5380126594923,-0.14104168078453,0.06012504014222,0.28328564846942,0.48597911965339,0.41569139117888,0.44475108527832
alle_lehrkraefte,2698,2025-10-20,17,0,24,3.6813879930869,kognition,2.3310275582356,1,0,0,0.63319085918254,0.026149747064184,0.14669077169834,0.25844845876031,0.47775089783145,0.44131972317682,0.29505471879653
alle_lehrkraefte,2699,2025-10-20,17,0,24,4.6361765459891,kognition,2.6228056368715,1,0,0,0.56572478498315,0.048988682338982,0.17044432813436,0.3147111289115,0.48920271513479,0.42441388016159,0.36056963398192
alle_lehrkraefte,2700,2025-10-20,17,0,24,4.4336617364237,kognition,2.1820491743331,1,0,0,0.49215397621954,0.1998670220788,0.11445072171214,0.39248883283008,0.46126862894737,0.42771883525212,0.39366803854352
alle_lehrkraefte,2701,2025-10-20,17,0,24,3.5655874874173,kognition,2.2009129520582,1,0,0,0.61726343476093,0.037799812012656,0.18382639127447,0.28178965695487,0.46623570321268,0.46595771324522,0.26431334205833
alle_lehrkraefte,2693,2025-10-23,17,6,1,3.5638921463643,regulation,1.8032788774168,1,2,0,0.42892954566546,0.068158107200648,0.053584339415261,0.41358022667357,0.42870104307606,0.44457128348317,0.50598439669744
alle_lehrkraefte,2694,2025-10-23,17,6,1,4.8411068993645,kognition,2.5676948589789,1,0,0,0.53039307092872,0.055075344692102,0.14096368902063,0.35448119397322,0.45919732605643,0.43721176125488,0.41000216890172
alle_lehrkraefte,2695,2025-10-23,17,6,1,4.5051999610504,kognition,2.2147698359634,1,0,0,0.49160191314302,0.062345305630295,0.07325617380748,0.40938129345955,0.38284523733197,0.45825543665079,0.47424482196104
alle_lehrkraefte,2696,2025-10-23,17,6,1,3.4205843904462,kognition,2.1618147661197,1,0,0,0.63199974020822,0.020464279598748,0.16954941851328,0.24201836080613,0.48963150677988,0.45771258717943,0.2521744981739
alle_lehrkraefte,2697,2025-10-23,17,6,1,4.4226026497114,kognition,2.2741683893754,1,0,0,0.51421378481424,0.20190670340455,0.2771769151546,0.38230209960267,0.45121813753943,0.41512604872008,0.30968364954078
alle_lehrkraefte,2687,2025-10-27,17,0,12,4.3258647160129,kognition,2.3289522253193,1,1,0,0.53837717876996,0.045037687757293,0.091400304366745,0.36030747239073,0.39133916782648,0.46224732450067,0.45069121706779
alle_lehrkraefte,2688,2025-10-27,17,0,12,3.1813676431278,performanz,1.4780206620485,1,0,0,0.43697363840821,0.31432923474525,0.046982968609961,0.43014855236104,0.39172434957001,0.46458510363938,0.39207451324792
alle_lehrkraefte,2689,2025-10-27,17,0,12,3.4507597507663,performanz,1.7576385021604,1,0,0,0.44464530526223,0.098341955792704,0.27435660761333,0.36291912005201,0.37409352724782,0.50934679190639,0.43156883465415
alle_lehrkraefte,2690,2025-10-27,17,0,12,4.363566322741,performanz,1.9966423536502,1,0,0,0.38111368433806,0.2107779087295,0.2996903444672,0.41367887200184,0.37838787209203,0.45757016858961,0.44365312663578
alle_lehrkraefte,2691,2025-10-27,17,0,12,2.1129969924978,performanz,-1.8674785612985,-1,0,0,-0.23666123224212,0.09973348232948,-0.23115913641968,-0.28495457071789,-0.12530584779423,-0.88380141094134,0.050941979720327
alle_lehrkraefte,2692,2025-10-27,17,0,12,0.99141868047763,kognition,0.811,1,0,0,0.81801143740294,0.0,0.17853023972912,0.0,0.48515844807745,0.25216135554961,0.0
alle_lehrkraefte,2682,2025-10-30,17,6,1,2.0383290573272,performanz,1.0546278376074,1,0,0,0.42436159039773,0.070587328205849,0.083951372778933,0.46633964595264,0.35371936646566,0.5173956873447,0.44450947338743
alle_lehrkraefte,2683,2025-10-30,17,6,1,2.9238561433447,performanz,-1.7781209396438,-1,0,0,-0.25128913178248,-0.15374780174834,-0.28889999732454,-0.42599801146043,-0.2018020606664,-0.60814033627742,-0.48755747449881
alle_lehrkraefte,2684,2025-10-30,17,6,1,3.4507597507663,performanz,1.7576385021604,1,0,0,0.44464530526223,0.098341955792704,0.27435660761333,0.36291912005201,0.37409352724782,0.50934679190639,0.43156883465415
alle_lehrkraefte,2685,2025-10-30,17,6,1,3.6334044341863,kognition,1.884870137549,1,2,0,0.51876001807405,0.15340174444684,0.095149177439808,0.36402297008985,0.483195435891,0.42961310411021,0.38436845185597
alle_lehrkraefte,2686,2025-10-30,17,6,1,3.3233958757153,kognition,1.8888915756821,1,2,0,0.56836018419675,0.037237226112195,0.080792004910457,0.34461562095382,0.4123224685031,0.42860518859677,0.44336731060167
alle_lehrkraefte,2677,2025-11-03,17,0,21,2.6784274275527,regulation,1.3247263976281,1,2,1,0.40780106074132,0.051126766031992,0.032856799961825,0.3974764455768,0.46749536741828,0.45698941814727,0.49458926462152
alle_lehrkraefte,2678,2025-11-03,17,0,21,4.1990309356057,kognition,2.200270088071,1,0,0,0.52399348370573,0.021963229774419,0.18362881266575,0.31281566223708,0.46688529305889,0.50392461571568,0.34849477471601
alle_lehrkraefte,2679,2025-11-03,17,0,21,3.5253302199341,performanz,1.7364678940513,1,0,0,0.45873591159058,0.17557733186734,0.29381275481814,0.38507725246167,0.43967873597745,0.49256746461871,0.29694741524276
alle_lehrkraefte,2680,2025-11-03,17,0,21,3.9096314098023,regulation,1.8319677065092,1,1,1,0.46255600050836,0.047647478235413,0.088401420546268,0.37849837337598,0.46503960928608,0.44369421491831,0.46857691396354
alle_lehrkraefte,2681,2025-11-03,17,0,21,3.1819690767104,performanz,1.6514653847318,1,0,0,0.46303540907394,0.052306337430451,0.18165981882267,0.37481530099105,0.44958792227474,0.51900573351321,0.37131243005745
alle_lehrkraefte,2672,2025-11-06,17,6,1,3.0906410220045,performanz,1.5072340371522,1,2,1,0.46922370585666,0.077011763893507,0.23510808419298,0.4219273012279,0.34983980019771,0.48767525884388,0.42470969885431
alle_lehrkraefte,2673,2025-11-06,17,6,1,4.7509591241489,kognition,2.6141570382954,1,0,0,0.55023658752227,0.028850685378498,0.14019568932654,0.32455234762618,0.43486249286301,0.46220706888315,0.41069855875331
alle_lehrkraefte,2674,2025-11-06,17,6,1,4.0258121877764,methodik,2.1006963532816,1,0,0,0.35511096938672,0.067184401701719,0.040745767506346,0.41140200825069,0.52180554810889,0.42027935861791,0.49954968560314
alle_lehrkraefte,2675,2025-11-06,17,6,1,3.4485985759833,kognition,1.7810481523429,1,1,0,0.51645413305136,0.19987339821091,0.26136553149895,0.38073011467188,0.4730752660784,0.39683639254655,0.31428213854986
alle_lehrkraefte,2676,2025-11-06,17,6,1,2.3654242772316,motivation,1.1646065491769,1,4,1,0.32899178951382,0.42911044764118,0.0065736010195556,0.49234365139069,0.36822892694217,0.37707320345214,0.432894842167
alle_lehrkraefte,2668,2025-11-13,17,6,1,3.3466330496577,kognition,1.9447651791729,1,2,0,0.58110923403433,0.046416962130248,0.043712270511339,0.33692203134747,0.47015395919109,0.36781222046947,0.43404349430382
alle_lehrkraefte,2669,2025-11-13,17,6,1,3.1813676431278,performanz,1.4780206620485,1,0,0,0.43697363840821,0.31432923474525,0.046982968609961,0.43014855236104,0.39172434957001,0.46458510363938,0.39207451324792
alle_lehrkraefte,2670,2025-11-13,17,6,1,3.7892050143531,kognition,2.0386456472603,1,2,0,0.5380126594923,-0.14104168078453,0.06012504014222,0.28328564846942,0.48597911965339,0.41569139117888,0.44475108527832
alle_lehrkraefte,2671,2025-11-13,17,6,1,3.2797650376075,performanz,1.8049843709444,1,1,0,0.51103466186798,0.021407769205401,0.22605758756772,0.31018699662224,0.44980613606563,0.55033785861762,0.29302535620085
alle_lehrkraefte,2664,2025-11-17,17,0,21,3.3390173794307,performanz,1.5752921706211,1,0,0,0.4453971633637,0.10840822376021,0.24513638282625,0.41734687449694,0.34808714570617,0.47178174708159,0.46027176364271
alle_lehrkraefte,2665,2025-11-17,17,0,21,2.9207356266883,kognition,2.1149148429999,1,1,1,0.72410100478276,0.0,0.17470319108147,0.116754695985,0.4966933615981,0.39847706619926,0.16133739667791
alle_lehrkraefte,2666,2025-11-17,17,0,21,2.5315625227324,kognition,1.9179730577314,1,0,0,0.75762121784339,0.017681259848529,0.099494978821222,0.14000273146105,0.47547292371446,0.32817787034038,0.24982860468211
alle_lehrkraefte,2667,2025-11-17,17,0,21,4.0258121877764,methodik,2.1006963532816,1,0,0,0.35511096938672,0.067184401701719,0.040745767506346,0.41140200825069,0.52180554810889,0.42027935861791,0.49954968560314
alle_lehrkraefte,2660,2025-11-20,17,6,1,3.0906410220045,performanz,1.5072340371522,1,2,1,0.46922370585666,0.077011763893507,0.23510808419298,0.4219273012279,0.34983980019771,0.48767525884388,0.42470969885431
alle_lehrkraefte,2661,2025-11-20,17,6,1,3.2578547618,kognition,1.8346726067272,1,0,0,0.56315186199242,0.031352009134577,0.21853304168741,0.26739485678908,0.44746296860024,0.50787483501136,0.32319380690867
alle_lehrkraefte,2662,2025-11-20,17,6,1,3.1819690767104,performanz,1.6514653847318,1,0,0,0.46303540907394,0.052306337430451,0.18165981882267,0.37481530099105,0.44958792227474,0.51900573351321,0.37131243005745
alle_lehrkraefte,2663,2025-11-20,17,6,1,2.2668578884517,performanz,1.248509775387,1,2,0,0.52534354849009,0.023289622519174,0.15838434514459,0.33262090686677,0.42443862641764,0.55076424248072,0.32287963694482
alle_lehrkraefte,2655,2025-11-24,17,0,21,3.566071840425,kognition,1.9337706589825,1,1,0,0.5422676050396,0.036960314653823,0.086908678366079,0.35172664771916,0.42484250428045,0.48238640067418,0.40015200260296
alle_lehrkraefte,2656,2025-11-24,17,0,21,3.9956993418333,kognition,2.4784503914436,1,0,0,0.62027794802174,0.017456248999166,0.13276811815846,0.24254013544875,0.49304966323876,0.45222844057314,0.30146959684203
alle_lehrkraefte,2657,2025-11-24,17,0,21,3.1343365456388,regulation,-1.5778553976281,-1,1,0,-0.40745386813153,-0.04432816909896,-0.028364726577879,-0.39059713741832,-0.4570831809565,-0.46507479001945,-0.50340808671061
alle_lehrkraefte,2658,2025-11-24,17,0,21,3.3002997303996,kognition,1.5952881354409,1,0,0,0.48337527861293,0.21561703878008,0.26496779853028,0.40634427469871,0.46243389864905,0.40165324601205,0.33069249779107
alle_lehrkraefte,2659,2025-11-24,17,0,21,3.7094848636328,performanz,1.8490362237485,1,0,0,0.4447525791376,0.057996141719878,0.17100853369173,0.35040530339462,0.42589653003669,0.49846038118992,0.46577655391603
alle_lehrkraefte,2650,2025-12-01,17,0,21,3.6941165863736,motivation,1.7470306227058,1,1,0,0.35861772438682,0.24073354711313,0.23271670472127,0.47292115791323,0.38161039047148,0.41343649431098,0.4680465381299
alle_lehrkraefte,2651,2025-12-01,17,0,21,3.8454915842306,kognition,2.4503618349918,1,1,0,0.63720213899796,0.018138101277961,0.1379541259842,0.2262590984732,0.50167899874423,0.44001213438009,0.2795035344365
alle_lehrkraefte,2652,2025-12-01,17,0,21,3.8838793061339,kognition,2.0461096300162,1,1,0,0.52681975945728,0.069481231038198,0.10297437976036,0.38799774098501,0.3506570616886,0.45990962201269,0.47117400700764
alle_lehrkraefte,2653,2025-12-01,17,0,21,2.5677818078907,motivation,1.2052751378734,1,2,1,0.35414748083857,0.38945317322984,-0.016509864641924,0.46938195463106,0.38464361882541,0.39297273842287,0.44713277366814
alle_lehrkraefte,2654,2025-12-01,17,0,21,4.4817017288967,kognition,2.3451113517338,1,1,0,0.523262425964,0.19873882290832,0.28092411061755,0.37361537614605,0.45456628790124,0.41330948442571,0.30121886733082
alle_lehrkraefte,2645,2025-12-04,17,6,1,3.586103254132,kognition,1.7348832013882,1,1,0,0.48377814041128,0.21624124958158,0.25466237068262,0.40759703466828,0.38794169160328,0.41830305549323,0.40339606808647
alle_lehrkraefte,2646,2025-12-04,17,6,1,2.191058309294,regulation,1.4239005001997,1,1,1,0.27821751197677,0.18119015199847,0.16110862381728,0.36687155021483,0.30532321749413,0.46223087885444,0.64986586413571
alle_lehrkraefte,2647,2025-12-04,17,6,1,3.8471321766507,motivation,1.8221612265061,1,0,0,0.44931392700607,0.17701400363727,0.32602070668933,0.47364020949505,0.33648039015515,0.45262291343093,0.34360840341141
alle_lehrkraefte,2648,2025-12-04,17,6,1,2.8957199704337,regulation,1.539769585776,1,2,0,0.47088581038576,0.15755269598282,0.14777939986544,0.33022333356776,0.43475917646087,0.38831659764443,0.5317379733254
alle_lehrkraefte,2649,2025-12-04,17,6,1,2.4841524395122,kognition,1.5562227666131,1,2,0,0.62645773153172,0.026934422112975,0.11048610191612,0.28196781380968,0.45186599898245,0.43956086873643,0.34308531216086
alle_lehrkraefte,2640,2025-12-08,17,0,21,2.4355446384929,kognition,1.7270891589061,1,1,1,0.70911534137244,0.0,0.1466233937092,0.15159418217587,0.47510097442793,0.42786103617929,0.2094803168081
alle_lehrkraefte,2641,2025-12-08,17,0,21,4.1753366045791,kognition,2.0025209823477,1,0,0,0.47960592784119,0.20384347683099,0.27356109825585,0.38796629419017,0.38566077691678,0.43325305356153,0.40819754744271
alle_lehrkraefte,2642,2025-12-08,17,0,21,3.3989502526716,kognition,2.3210201415921,1,1,0,0.68286180745059,0.01826365831898,0.17566245392676,0.19020295592194,0.51264892743446,0.39897867265262,0.21055388947738
alle_lehrkraefte,2643,2025-12-08,17,0,21,1.5004858801453,kognition,0.93570925639273,1,1,0,0.62360001701712,0.0,0.24260501994395,0.17028068240827,0.39305027489902,0.59921816561108,0.098519311780762
alle_lehrkraefte,2644,2025-12-08,17,0,21,4.0230266961372,regulation,2.1507426574126,1,0,0,0.32285345704235,0.1940878730544,0.24341569490145,0.41164830638065,0.33607032387167,0.48024720787901,0.5346067709195
alle_lehrkraefte,2635,2025-12-11,17,6,1,3.535433115609,kognition,2.0164952679339,1,1,0,0.57036563791144,0.033016511423778,0.12199100767119,0.31734595650186,0.47925212650319,0.45533452674429,0.3478288343536
alle_lehrkraefte,2636,2025-12-11,17,6,1,3.9453024964552,kognition,2.3459293201978,1,1,1,0.59461178862399,0.17052830396184,0.30842106960146,0.27913815177287,0.45862360065479,0.4018311838535,0.26926989756156
alle_lehrkraefte,2637,2025-12-11,17,6,1,1.3025838667872,motivation,0.69981913800531,1,1,0,0.36115172343753,0.5163664375442,0.47059949911277,0.53725044762523,0.18827947253543,0.22451528516508,0.083436058304641
alle_lehrkraefte,2638,2025-12-11,17,6,1,2.8957199704337,regulation,1.539769585776,1,2,0,0.47088581038576,0.15755269598282,0.14777939986544,0.33022333356776,0.43475917646087,0.38831659764443,0.5317379733254
alle_lehrkraefte,2639,2025-12-11,17,6,1,2.5027427502368,motivation,1.3731526696862,1,0,0,0.32393594064879,0.33971266398016,0.33330308238438,0.54865694166406,0.21347094334422,0.42808596573203,0.37243791298749
alle_lehrkraefte,2630,2025-12-15,17,0,21,3.8062665103397,regulation,1.8431158130951,1,0,0,0.45301736805624,0.066422624616704,0.065348142953673,0.42065754004588,0.39148897570872,0.47052305154077,0.48423066692298
alle_lehrkraefte,2631,2025-12-15,17,0,21,2.191058309294,regulation,1.4239005001997,1,1,1,0.27821751197677,0.18119015199847,0.16110862381728,0.36687155021483,0.30532321749413,0.46223087885444,0.64986586413571
alle_lehrkraefte,2632,2025-12-15,17,0,21,2.5074879048464,performanz,1.5399390735643,1,1,1,0.37305328524839,0.028718278910358,0.13735554249582,0.41621030612412,0.36013603341378,0.61413374287892,0.40130132079964
alle_lehrkraefte,2633,2025-12-15,17,0,21,2.4666707187762,kognition,1.497714368025,1,1,0,0.6071780415781,0.23205273209578,0.36177305619739,0.29189022905129,0.4386722049905,0.33686635392545,0.2355554148444
alle_lehrkraefte,2634,2025-12-15,17,0,21,3.2346333289896,regulation,1.553207951233,1,2,0,0.43733050150753,0.22603274082431,0.032045122263973,0.45206961184473,0.39443184375602,0.40755714823022,0.48017904704139
alle_lehrkraefte,2626,2025-12-17,17,3,19,0.76217331798458,kognition,0.44118140327121,1,2,0,0.57883896545757,0.024642229308857,0.015404501148902,0.33042660170835,0.22334056097015,0.55147721954348,0.44820174558608
alle_lehrkraefte,2627,2025-12-17,17,3,19,2.4174972743467,kognition,1.9373026861825,1,1,0,0.80136374634324,-0.0276955660997,0.19326724765202,-0.13478508835187,0.45886239328623,0.19416465364535,-0.23079638416416
alle_lehrkraefte,2628,2025-12-17,17,3,19,1.6261417527387,regulation,1.0,1,2,0,0.37388884461493,0.073793850910841,0.061494875759034,0.35913007443276,0.44337805422264,0.38372802473637,0.61494875759034
alle_lehrkraefte,2629,2025-12-17,17,3,19,4.3406553652064,kognition,2.1462963786463,1,1,0,0.49446253006518,0.26550279432215,0.053552965854877,0.37877182858556,0.4109033095443,0.44109602015534,0.41864927793105
alle_lehrkraefte,2621,2025-12-22,17,0,21,3.566071840425,kognition,1.9337706589825,1,1,0,0.5422676050396,0.036960314653823,0.086908678366079,0.35172664771916,0.42484250428045,0.48238640067418,0.40015200260296
alle_lehrkraefte,2622,2025-12-22,17,0,21,3.7903140793782,regulation,2.0584483248078,1,0,0,0.43782915236789,0.20100650117379,0.23487362217918,0.31187955950307,0.38918849396145,0.41116778334824,0.54307976882693
alle_lehrkraefte,2623,2025-12-22,17,0,21,3.648548811648,performanz,1.8144280300528,1,0,0,0.38885845163842,0.19199426251791,0.31575625939891,0.41583833205431,0.32791525199639,0.49729992682597,0.42949116716453
alle_lehrkraefte,2624,2025-12-22,17,0,21,4.1826548987587,regulation,2.0107729389583,1,2,0,0.42262531457781,0.16192150458247,0.16866783506966,0.43524035966832,0.39405455354042,0.43691172839776,0.48073966899788
alle_lehrkraefte,2625,2025-12-22,17,0,21,2.5027427502368,motivation,1.3731526696862,1,0,0,0.32393594064879,0.33971266398016,0.33330308238438,0.54865694166406,0.21347094334422,0.42808596573203,0.37243791298749
alle_lehrkraefte,2616,2026-01-05,17,0,24,4.0096002650977,kognition,2.5326051745112,1,0,0,0.63163375167823,0.015541942208395,0.17179344520515,0.22267654332557,0.47982510846894,0.45027324687481,0.29785281840573
alle_lehrkraefte,2617,2026-01-05,17,0,24,3.7903140793782,regulation,2.0584483248078,1,0,0,0.43782915236789,0.20100650117379,0.23487362217918,0.31187955950307,0.38918849396145,0.41116778334824,0.54307976882693
alle_lehrkraefte,2618,2026-01-05,17,0,24,4.0730731755336,performanz,2.1602420544193,1,0,0,0.50793164389237,0.029806912452068,0.14201670599099,0.36940497938456,0.35646034890973,0.5303702284784,0.41967456397547
alle_lehrkraefte,2619,2026-01-05,17,0,24,4.9946265310618,regulation,2.313833831872,1,1,0,0.41890779460302,0.17740135474721,0.18447467974737,0.43405868844984,0.40459236989813,0.43851444065215,0.46326370647438
alle_lehrkraefte,2620,2026-01-05,17,0,24,2.2888856549031,performanz,1.2945417374836,1,1,0,0.21945057193054,0.18392997448974,0.30161300890777,0.37123476885487,0.26169585814646,0.56557481539648,0.54850452907291
alle_lehrkraefte,2611,2026-01-08,17,6,19,3.2300083339717,kognition,2.1867464814939,1,1,0,0.6770074517828,0.0061475112419661,0.23475763320435,0.17138860779136,0.46567231500301,0.46383909807791,0.15853804381284
alle_lehrkraefte,2612,2026-01-08,17,6,19,4.8604079848911,performanz,2.3238211125165,1,0,0,0.47652082017042,0.045968410589216,0.15904505569559,0.36906918169985,0.45571026315801,0.47811137226062,0.41598194606199
alle_lehrkraefte,2613,2026-01-08,17,6,19,1.5004858801453,kognition,0.93570925639273,1,1,0,0.62360001701712,0.0,0.24260501994395,0.17028068240827,0.39305027489902,0.59921816561108,0.098519311780762
alle_lehrkraefte,2614,2026-01-08,17,6,19,3.6133072357558,performanz,1.7648070047484,1,0,0,0.41658136104671,0.19356657060967,0.3074035795803,0.39676228733864,0.34750802257374,0.48841739863985,0.42161091406453
alle_lehrkraefte,2615,2026-01-08,17,6,19,1.7830001959488,performanz,1.3195872615143,1,0,0,0.38136155656562,0.022433971544799,0.21359046816581,0.36212796890268,0.22310986354917,0.74008957689225,0.28245480372957
alle_lehrkraefte,2606,2026-01-12,17,0,21,3.7313954952578,kognition,1.9435674319259,1,1,0,0.52086738747529,0.23932520770493,0.02661409437125,0.39484263499938,0.44414344902299,0.38478142574485,0.41168687661556
alle_lehrkraefte,2607,2026-01-12,17,0,21,3.4522478891995,kognition,1.8706043338075,1,1,1,0.54184953553435,0.028966549779741,0.10377305345183,0.30141773302564,0.50406736303315,0.44719022762149,0.38713011245978
alle_lehrkraefte,2608,2026-01-12,17,0,21,1.6261417527387,regulation,1.0,1,2,0,0.37388884461493,0.073793850910841,0.061494875759034,0.35913007443276,0.44337805422264,0.38372802473637,0.61494875759034
alle_lehrkraefte,2609,2026-01-12,17,0,21,3.8471321766507,motivation,1.8221612265061,1,0,0,0.44931392700607,0.17701400363727,0.32602070668933,0.47364020949505,0.33648039015515,0.45262291343093,0.34360840341141
alle_lehrkraefte,2610,2026-01-12,17,0,21,3.8521527770518,kognition,1.9922358740197,1,1,1,0.51717333594725,0.2710882643526,0.10774851488301,0.37929450581954,0.46369413413706,0.40567374678804,0.35210821939154
alle_lehrkraefte,2602,2026-01-15,17,6,1,4.4145152628884,performanz,2.0870902816588,1,1,0,0.43968804871547,0.17418202291411,0.23306809459268,0.42217648532543,0.37570820245601,0.47277796758904,0.42320341528376
alle_lehrkraefte,2603,2026-01-15,17,6,1,2.7485111833519,kognition,1.6572392084879,1,1,0,0.6029566803145,0.036207071392921,0.095577072626153,0.31056895785456,0.39725124495274,0.44300457099163,0.41889778835364
alle_lehrkraefte,2604,2026-01-15,17,6,1,3.4981448019098,kognition,1.9163287574076,1,2,0,0.54781130793909,0.039250377891882,0.1024699522979,0.33116280566641,0.48098751768654,0.44968927694479,0.3802869028609
alle_lehrkraefte,2605,2026-01-15,17,6,1,3.2680013090368,kognition,1.7210596468562,1,0,0,0.52663821636637,0.059917132129427,0.10515379467749,0.32731466212845,0.43852952957493,0.41554212567743,0.48567519117027
alle_lehrkraefte,2597,2026-01-19,17,0,21,3.0906410220045,performanz,1.5072340371522,1,2,1,0.46922370585666,0.077011763893507,0.23510808419298,0.4219273012279,0.34983980019771,0.48767525884388,0.42470969885431
alle_lehrkraefte,2598,2026-01-19,17,0,21,3.5046583852388,kognition,2.0772518399554,1,1,0,0.59270995472911,0.037629046859325,0.10166548436159,0.31605277833603,0.40263592842087,0.44426987951362,0.42137466894537
alle_lehrkraefte,2599,2026-01-19,17,0,21,3.7945306446695,regulation,1.7816850647611,1,1,0,0.383394548246,0.288480981131,-0.019772135789809,0.45100262381218,0.4258566687896,0.40517518881483,0.46953906456739
alle_lehrkraefte,2600,2026-01-19,17,0,21,3.3246328476177,motivation,1.5116396645841,1,2,0,0.3977023216679,0.31262395917185,0.33641697348765,0.45467730937394,0.3353124678607,0.40522116227552,0.38411799052906
alle_lehrkraefte,2601,2026-01-19,17,0,21,3.0088267944093,performanz,1.7349960417186,1,0,0,0.49568317504876,0.021792505626107,0.18265534692838,0.34599423350428,0.40517032831338,0.57663348339209,0.32260265823754
alle_lehrkraefte,2593,2026-01-26,17,0,24,1.6103819422733,performanz,1.0,1,1,1,0.37754784039823,0.0,0.0,0.36264463617198,0.29868505136768,0.62096684276024,0.50112024210752
alle_lehrkraefte,2594,2026-01-26,17,0,24,4.1616133039273,kognition,2.011929137674,1,0,0,0.48344816210909,0.20080164681871,0.27099058310345,0.38581826094179,0.38712272450863,0.43259694091758,0.4082352552731
alle_lehrkraefte,2595,2026-01-26,17,0,24,1.9935420942378,motivation,1.2459236375843,1,4,0,0.1924119840039,0.33536319260425,0.25723120973569,0.62497671427077,0.082253812699267,0.4466343056288,0.43299820303145
alle_lehrkraefte,2596,2026-01-26,17,0,24,4.0164817262936,regulation,1.9126138920563,1,0,0,0.4588553814492,0.047909025290553,0.09026084042588,0.38084333672938,0.45894389366437,0.44336919087771,0.47619017351276
alle_lehrkraefte,2588,2026-01-29,17,6,1,1.7259800114717,performanz,0.874,1,1,0,0.41135811637437,0.040556434008741,0.034762657721778,0.4223662913196,0.41773127029003,0.50637604748057,0.46755774635791
alle_lehrkraefte,2589,2026-01-29,17,6,1,2.6011908708907,kognition,1.6291639737569,1,1,0,0.62631225138682,0.017885899512245,0.12307583679251,0.21551127310514,0.58013916482116,0.36832679624498,0.2712683538319
alle_lehrkraefte,2590,2026-01-29,17,6,1,4.1826548987587,regulation,2.0107729389583,1,2,0,0.42262531457781,0.16192150458247,0.16866783506966,0.43524035966832,0.39405455354042,0.43691172839776,0.48073966899788
alle_lehrkraefte,2591,2026-01-29,17,6,1,3.4507597507663,performanz,1.7576385021604,1,0,0,0.44464530526223,0.098341955792704,0.27435660761333,0.36291912005201,0.37409352724782,0.50934679190639,0.43156883465415
alle_lehrkraefte,2592,2026-01-29,17,6,1,4.9669401934215,regulation,2.5051943093294,1,0,0,0.3909448724847,0.12089807406911,0.11494805508238,0.41638689628016,0.45609554731063,0.42841057129645,0.50437274620701
alle_lehrkraefte,2587,2025-06-04,18,0,44,3.1414420380169,regulation,1.6100903208192,1,0,0,0.51169352786904,0.14016983318797,0.17502700982456,0.32722230156675,0.42043549326924,0.37596977100218,0.51253060729062
alle_lehrkraefte,2582,2025-08-27,18,0,19,2.7446347058328,kognition,2.0294192151397,1,2,0,0.7394105367543,0.0,0.23489096607892,0.07289685744171,0.49061495744207,0.38738826155345,0.044769987789543
alle_lehrkraefte,2583,2025-08-27,18,0,19,3.1172442691244,kognition,2.1688746734496,1,0,0,0.69576444081953,0.0,0.16369007378504,0.15193693723741,0.48658802563816,0.43032265210642,0.20995395265513
alle_lehrkraefte,2584,2025-08-27,18,0,19,2.1129969924978,performanz,-1.8674785612985,-1,0,0,-0.23666123224212,0.09973348232948,-0.23115913641968,-0.28495457071789,-0.12530584779423,-0.88380141094134,0.050941979720327
alle_lehrkraefte,2585,2025-08-27,18,0,19,2.2493462737248,kognition,1.6090114569035,1,1,0,0.71532085677077,0.0,0.2410501346206,0.11480071837591,0.46114762941452,0.44653628244911,0.070505464025387
alle_lehrkraefte,2586,2025-08-27,18,0,19,3.5602119659643,kognition,1.7844225085062,1,1,0,0.50121102716777,0.037668702913921,0.16495097469376,0.32758783400208,0.49672118204769,0.48384677579292,0.3633190185886
alle_lehrkraefte,2577,2025-08-28,18,6,1,4.4248015064122,kognition,2.5299323006465,1,0,0,0.57176046866182,0.052169000706233,0.13681307367429,0.33444133727735,0.45024896048661,0.45411408885347,0.36173372051404
alle_lehrkraefte,2578,2025-08-28,18,6,1,3.0556171049096,performanz,1.8608741963844,1,0,0,0.55550638970887,0.0,0.29078875442313,0.25128473348535,0.3845063379814,0.60899911294624,0.15804728787018
alle_lehrkraefte,2579,2025-08-28,18,6,1,3.9084723722527,kognition,1.9788076577981,1,2,0,0.50628542470759,0.047586876996102,0.076347252476498,0.38277239334217,0.41463234038027,0.45983069878252,0.45353895477639
alle_lehrkraefte,2580,2025-08-28,18,6,1,3.6856067041269,kognition,2.1107934644134,1,1,0,0.5727110640805,0.23541902145029,0.25560735813441,0.39136333009483,0.38505679553671,0.38612816516834,0.31734905313491
alle_lehrkraefte,2581,2025-08-28,18,6,1,1.3025838667872,motivation,0.69981913800531,1,1,0,0.36115172343753,0.5163664375442,0.47059949911277,0.53725044762523,0.18827947253543,0.22451528516508,0.083436058304641
alle_lehrkraefte,2574,2025-09-03,18,0,19,4.1990309356057,kognition,2.200270088071,1,0,0,0.52399348370573,0.021963229774419,0.18362881266575,0.31281566223708,0.46688529305889,0.50392461571568,0.34849477471601
alle_lehrkraefte,2575,2025-09-03,18,0,19,3.771468009549,performanz,1.8171380778151,1,0,0,0.36111509572411,0.22685067187805,0.32978668596496,0.42468678617285,0.34745157352079,0.48181059871337,0.41969892040688
alle_lehrkraefte,2576,2025-09-03,18,0,19,0.99141868047763,kognition,0.811,1,2,0,0.81801143740294,0.0,0.17853023972912,0.0,0.48515844807745,0.25216135554961,0.0
alle_lehrkraefte,2569,2025-09-04,18,6,1,3.5846603474751,regulation,1.7810357015046,1,0,0,0.44499407838611,0.049847783190915,0.036900952175072,0.39802316963037,0.42437609028194,0.46125148062342,0.49684783504823
alle_lehrkraefte,2570,2025-09-04,18,6,1,2.9238561433447,performanz,-1.7781209396438,-1,0,0,-0.25128913178248,-0.15374780174834,-0.28889999732454,-0.42599801146043,-0.2018020606664,-0.60814033627742,-0.48755747449881
alle_lehrkraefte,2571,2025-09-04,18,6,1,3.1819690767104,performanz,1.6514653847318,1,0,0,0.46303540907394,0.052306337430451,0.18165981882267,0.37481530099105,0.44958792227474,0.51900573351321,0.37131243005745
alle_lehrkraefte,2572,2025-09-04,18,6,1,3.6856067041269,kognition,2.1107934644134,1,1,0,0.5727110640805,0.23541902145029,0.25560735813441,0.39136333009483,0.38505679553671,0.38612816516834,0.31734905313491
alle_lehrkraefte,2573,2025-09-04,18,6,1,3.0257381219646,motivation,1.5369106333891,1,0,0,0.43790454460234,0.050987706223324,0.2277099374948,0.50794400969211,0.29084563611002,0.45239383196929,0.45444797044548
alle_lehrkraefte,2564,2025-09-10,18,0,19,3.8014751741185,kognition,2.1982887533958,1,1,1,0.57827103163846,0.032586441728781,0.11160103015591,0.31828824440691,0.455066960453,0.4635561282402,0.35889142885283
alle_lehrkraefte,2565,2025-09-10,18,0,19,4.6361765459891,kognition,2.6228056368715,1,0,0,0.56572478498315,0.048988682338982,0.17044432813436,0.3147111289115,0.48920271513479,0.42441388016159,0.36056963398192
alle_lehrkraefte,2566,2025-09-10,18,0,19,4.4336617364237,kognition,2.1820491743331,1,0,0,0.49215397621954,0.1998670220788,0.11445072171214,0.39248883283008,0.46126862894737,0.42771883525212,0.39366803854352
alle_lehrkraefte,2567,2025-09-10,18,0,19,3.3233958757153,kognition,1.8888915756821,1,1,0,0.56836018419675,0.037237226112195,0.080792004910457,0.34461562095382,0.4123224685031,0.42860518859677,0.44336731060167
alle_lehrkraefte,2568,2025-09-10,18,0,19,2.2493462737248,kognition,1.6090114569035,1,1,0,0.71532085677077,0.0,0.2410501346206,0.11480071837591,0.46114762941452,0.44653628244911,0.070505464025387
alle_lehrkraefte,2559,2025-09-11,18,6,1,2.8935343055325,performanz,1.4253665391979,1,0,0,0.39737641086683,0.047325988210371,0.030414216433146,0.39703066566278,0.45471727313677,0.49260228587913,0.48152065627541
alle_lehrkraefte,2560,2025-09-11,18,6,1,3.2645506643148,kognition,1.752927244018,1,0,0,0.53695655381115,0.12160901291853,0.19430850592622,0.27023992750622,0.42310320660401,0.44252841115942,0.45961902581514
alle_lehrkraefte,2561,2025-09-11,18,6,1,4.4336617364237,kognition,2.1820491743331,1,0,0,0.49215397621954,0.1998670220788,0.11445072171214,0.39248883283008,0.46126862894737,0.42771883525212,0.39366803854352
alle_lehrkraefte,2562,2025-09-11,18,6,1,1.113032525307,kognition,0.6297819547903,1,2,0,0.56582020944489,0.05660161096057,0.095206734803645,0.27546117334144,0.48657904900639,0.36392488190348,0.47168009133809
alle_lehrkraefte,2563,2025-09-11,18,6,1,3.648548811648,performanz,1.8144280300528,1,0,0,0.38885845163842,0.19199426251791,0.31575625939891,0.41583833205431,0.32791525199639,0.49729992682597,0.42949116716453
alle_lehrkraefte,2554,2025-09-17,18,0,19,4.0126552337059,regulation,2.1828699354367,1,0,0,0.40179603336931,0.13542865712738,0.11567470439179,0.39819341752848,0.40238936371688,0.436380128858,0.54399502781864
alle_lehrkraefte,2555,2025-09-17,18,0,19,2.4366088452089,performanz,-1.4552652158942,-1,0,0,-0.21141108626145,-0.15707180025819,-0.29598138611071,-0.37273403427469,-0.25021502605258,-0.59724778816174,-0.53364545639735
alle_lehrkraefte,2556,2025-09-17,18,0,19,3.1894406451554,kognition,1.5781787077165,1,2,0,0.494812079978,0.040859599288974,0.062449079861946,0.38402661474438,0.42341512107016,0.48963364934366,0.42788716300349
alle_lehrkraefte,2557,2025-09-17,18,0,19,3.3702834346193,regulation,1.9207031699987,1,0,0,0.34666187591488,0.15274841687258,0.12736758152662,0.39464371019655,0.43026513898873,0.41787129944916,0.56989197150297
alle_lehrkraefte,2558,2025-09-17,18,0,19,0.99141868047763,kognition,0.811,1,0,0,0.81801143740294,0.0,0.17853023972912,0.0,0.48515844807745,0.25216135554961,0.0
alle_lehrkraefte,2549,2025-09-24,18,0,19,1.5071006143225,performanz,0.91608656017512,1,1,1,0.14292479866915,0.019089968855412,-0.10224496962518,0.46647415268712,0.12229153288671,0.60784294893106,0.60556945605985
alle_lehrkraefte,2550,2025-09-24,18,0,19,3.0045876008173,kognition,1.6662193362077,1,1,1,0.55455656882455,0.13213083838315,0.2111204192588,0.25222496970111,0.43296993128715,0.41757439605066,0.45274848720097
alle_lehrkraefte,2551,2025-09-24,18,0,19,0.34359091024065,motivation,0.21024,1,1,0,0.42537722003598,0.16763634287132,0.25145451430698,0.61187265148032,0.0,0.52386357147288,0.28079087430946
alle_lehrkraefte,2552,2025-09-24,18,0,19,3.9472334029979,kognition,2.3317185870149,1,1,0,0.59072075090275,0.036035643093624,0.11051648660271,0.31723657760352,0.43648255743814,0.44637104913987,0.38357304861061
alle_lehrkraefte,2553,2025-09-24,18,0,19,4.4817017288967,kognition,2.3451113517338,1,1,0,0.523262425964,0.19873882290832,0.28092411061755,0.37361537614605,0.45456628790124,0.41330948442571,0.30121886733082
alle_lehrkraefte,2544,2025-09-25,18,6,1,4.3258647160129,kognition,2.3289522253193,1,1,0,0.53837717876996,0.045037687757293,0.091400304366745,0.36030747239073,0.39133916782648,0.46224732450067,0.45069121706779
alle_lehrkraefte,2545,2025-09-25,18,6,1,2.4862506965683,motivation,1.376852504409,1,0,0,0.25215758794377,0.31975729701126,0.30109151145213,0.55378444678366,0.18303761876473,0.51110202343942,0.37696474323594
alle_lehrkraefte,2546,2025-09-25,18,6,1,3.7094848636328,performanz,1.8490362237485,1,0,0,0.4447525791376,0.057996141719878,0.17100853369173,0.35040530339462,0.42589653003669,0.49846038118992,0.46577655391603
alle_lehrkraefte,2547,2025-09-25,18,6,1,2.3654242772316,motivation,1.1646065491769,1,4,1,0.32899178951382,0.42911044764118,0.0065736010195556,0.49234365139069,0.36822892694217,0.37707320345214,0.432894842167
alle_lehrkraefte,2548,2025-09-25,18,6,1,3.6468173346965,methodik,1.9207781227253,1,2,0,0.35031339553152,0.064452005358857,0.039006272713196,0.40867614313034,0.52669840012734,0.41797943641156,0.50245923861579
alle_lehrkraefte,2540,2025-10-01,18,0,19,3.0906410220045,performanz,1.5072340371522,1,2,1,0.46922370585666,0.077011763893507,0.23510808419298,0.4219273012279,0.34983980019771,0.48767525884388,0.42470969885431
alle_lehrkraefte,2541,2025-10-01,18,0,19,3.4361783473499,performanz,1.5197445884373,1,1,0,0.43378832819198,0.20960916717409,0.30486789593503,0.39671769700491,0.36048769182062,0.44227627673826,0.43817441385638
alle_lehrkraefte,2542,2025-10-01,18,0,19,3.5655874874173,kognition,2.2009129520582,1,0,0,0.61726343476093,0.037799812012656,0.18382639127447,0.28178965695487,0.46623570321268,0.46595771324522,0.26431334205833
alle_lehrkraefte,2543,2025-10-01,18,0,19,3.9909291971125,performanz,2.0864958050995,1,0,0,0.50686404877188,0.033885703813723,0.13418955811809,0.37059932669004,0.40085263899891,0.52280821682502,0.39060672750351
alle_lehrkraefte,2536,2025-10-02,18,6,1,2.0383290573272,performanz,1.0546278376074,1,0,0,0.42436159039773,0.070587328205849,0.083951372778933,0.46633964595264,0.35371936646566,0.5173956873447,0.44450947338743
alle_lehrkraefte,2537,2025-10-02,18,6,1,3.916840808544,kognition,2.2069589158005,1,0,0,0.5634523814352,0.076723644298226,0.31177537024684,0.31845471584113,0.42787289584912,0.43423975906972,0.32614892186079
alle_lehrkraefte,2538,2025-10-02,18,6,1,2.9898402914902,kognition,1.8497956426329,1,1,0,0.61869172777574,0.26165124118264,0.37511761181132,0.32912105809137,0.40496483599092,0.3576085578641,0.088533564626579
alle_lehrkraefte,2539,2025-10-02,18,6,1,3.5517580419398,performanz,1.7816761805797,1,1,1,0.42323574484856,0.16129366203002,0.30455667553456,0.39291713687201,0.3511092726904,0.50163078206162,0.4156926989252
alle_lehrkraefte,2532,2025-10-16,18,6,18,3.1988921097457,kognition,1.919667488646,1,0,0,0.60010197961283,0.028359326892356,0.086449473354213,0.30337364378423,0.40429765756495,0.44207952411901,0.42504956153813
alle_lehrkraefte,2533,2025-10-16,18,6,18,2.3428052989296,methodik,1.3071304723696,1,0,0,0.51447576205092,0.042683689169047,0.09160513239389,0.31116409404235,0.55793150786012,0.39453333050523,0.40165351508073
alle_lehrkraefte,2534,2025-10-16,18,6,18,3.1443711090881,kognition,1.473212922878,1,0,0,0.46852238064275,0.23827174473619,0.28124665024161,0.42298258717174,0.3350072408433,0.40654256773133,0.43380449033815
alle_lehrkraefte,2535,2025-10-16,18,6,18,2.8957199704337,regulation,1.539769585776,1,0,0,0.47088581038576,0.15755269598282,0.14777939986544,0.33022333356776,0.43475917646087,0.38831659764443,0.5317379733254
alle_lehrkraefte,2527,2025-10-22,18,0,1,2.3852489463375,motivation,1.2951057303566,1,1,1,0.40565905338819,0.24468740597332,0.41380304731485,0.54296231960275,0.27823500908808,0.41439758935696,0.2457219894991
alle_lehrkraefte,2528,2025-10-22,18,0,1,4.7203348418297,kognition,2.5684402293092,1,0,0,0.54412131218651,0.034339382852549,0.145716218238,0.32815106372612,0.43803370736583,0.46050645028912,0.41218019240003
alle_lehrkraefte,2529,2025-10-22,18,0,1,3.1560062704863,kognition,1.6773866972735,1,1,0,0.53148860890222,-0.10413465233724,0.10965864089867,0.28633042712269,0.45612604479799,0.40500201161164,0.49049135214022
alle_lehrkraefte,2530,2025-10-22,18,0,1,3.3246328476177,motivation,1.5116396645841,1,2,0,0.3977023216679,0.31262395917185,0.33641697348765,0.45467730937394,0.3353124678607,0.40522116227552,0.38411799052906
alle_lehrkraefte,2531,2025-10-22,18,0,1,3.3533597644884,motivation,1.7915442913418,1,0,0,0.41425099938255,0.29820749581207,0.29614522655344,0.53425193675745,0.28669873699374,0.4000688015956,0.35225572510267
alle_lehrkraefte,2522,2025-10-23,18,6,1,3.9112024651601,regulation,1.8743802397078,1,2,0,0.45233940182607,0.066292010281111,0.0696991169281,0.39598961153305,0.45694395266147,0.43687754544342,0.47923252863511
alle_lehrkraefte,2523,2025-10-23,18,6,1,4.1990309356057,kognition,2.200270088071,1,0,0,0.52399348370573,0.021963229774419,0.18362881266575,0.31281566223708,0.46688529305889,0.50392461571568,0.34849477471601
alle_lehrkraefte,2524,2025-10-23,18,6,1,3.4246644235568,kognition,2.1046227351488,1,1,1,0.6145468079161,0.29199855995695,0.15229173432608,0.29199855995695,0.49927156175311,0.35186311417586,0.23564283788526
alle_lehrkraefte,2525,2025-10-23,18,6,1,4.1877424962358,methodik,2.0353585414423,1,0,0,0.39127593926563,0.06814420500992,0.046609447259146,0.42649716325555,0.48602646485718,0.43207738758716,0.48504625202663
alle_lehrkraefte,2526,2025-10-23,18,6,1,2.6745080662689,kognition,1.7197401550854,1,0,0,0.64300936186405,0.0086656749691408,0.11409784127781,0.22665812140119,0.51583615204378,0.42030259628855,0.28164331889844
alle_lehrkraefte,2517,2025-10-29,18,0,19,2.0383290573272,performanz,1.0546278376074,1,0,0,0.42436159039773,0.070587328205849,0.083951372778933,0.46633964595264,0.35371936646566,0.5173956873447,0.44450947338743
alle_lehrkraefte,2518,2025-10-29,18,0,19,3.2578547618,kognition,1.8346726067272,1,0,0,0.56315186199242,0.031352009134577,0.21853304168741,0.26739485678908,0.44746296860024,0.50787483501136,0.32319380690867
alle_lehrkraefte,2519,2025-10-29,18,0,19,4.094843055123,motivation,1.9323937282884,1,2,0,0.3779217885154,0.27275714624174,0.33240350281161,0.47190795427221,0.3699431106647,0.45875909404899,0.31979174360427
alle_lehrkraefte,2520,2025-10-29,18,0,19,4.3741226535176,kognition,2.325873120126,1,1,0,0.53173355825311,0.049170311392821,0.1010184804467,0.34044779048807,0.46657214061282,0.45197678151597,0.40835661658614
alle_lehrkraefte,2521,2025-10-29,18,0,19,4.4226026497114,kognition,2.2741683893754,1,0,0,0.51421378481424,0.20190670340455,0.2771769151546,0.38230209960267,0.45121813753943,0.41512604872008,0.30968364954078
alle_lehrkraefte,2513,2025-10-30,18,6,1,4.4145152628884,performanz,2.0870902816588,1,1,0,0.43968804871547,0.17418202291411,0.23306809459268,0.42217648532543,0.37570820245601,0.47277796758904,0.42320341528376
alle_lehrkraefte,2514,2025-10-30,18,6,1,3.1172442691244,kognition,2.1688746734496,1,0,0,0.69576444081953,0.0,0.16369007378504,0.15193693723741,0.48658802563816,0.43032265210642,0.20995395265513
alle_lehrkraefte,2515,2025-10-30,18,6,1,3.4507597507663,performanz,1.7576385021604,1,0,0,0.44464530526223,0.098341955792704,0.27435660761333,0.36291912005201,0.37409352724782,0.50934679190639,0.43156883465415
alle_lehrkraefte,2516,2025-10-30,18,6,1,2.6261746889041,motivation,1.2623925324906,1,0,0,0.41358193012077,0.4120300862581,0.035560809429602,0.48069449868637,0.29942201539725,0.42667263452277,0.39387653764832
alle_lehrkraefte,2508,2025-11-05,18,0,19,4.6221765003632,regulation,2.2831943720438,1,1,0,0.42028364349602,0.07674949586674,0.058605948586205,0.41798896030911,0.44907287797465,0.44005726793527,0.4939641383714
alle_lehrkraefte,2509,2025-11-05,18,0,19,3.0045876008173,kognition,1.6662193362077,1,1,1,0.55455656882455,0.13213083838315,0.2111204192588,0.25222496970111,0.43296993128715,0.41757439605066,0.45274848720097
alle_lehrkraefte,2510,2025-11-05,18,0,19,1.6538928464461,regulation,1.0959483968476,1,0,0,0.23508177141809,0.28196494490937,0.27712264868538,0.4160507871843,0.21827158758189,0.35858859808376,0.66264375758378
alle_lehrkraefte,2511,2025-11-05,18,0,19,4.3406553652064,kognition,2.1462963786463,1,1,0,0.49446253006518,0.26550279432215,0.053552965854877,0.37877182858556,0.4109033095443,0.44109602015534,0.41864927793105
alle_lehrkraefte,2512,2025-11-05,18,0,19,3.5717878102127,kognition,1.8941985677148,1,0,0,0.5303207707611,0.0025796929428273,0.21368847062502,0.26998418773395,0.48896612273076,0.52657343227264,0.289527119649
alle_lehrkraefte,2503,2025-11-06,18,6,1,4.7272578340427,performanz,2.1834193470863,1,1,0,0.40939526234525,0.19494675496675,0.26216929806182,0.43140491422681,0.38087108066135,0.46187764766845,0.42561763210998
alle_lehrkraefte,2504,2025-11-06,18,6,1,3.9754603937968,kognition,2.1118789605959,1,0,0,0.53122744012662,0.022266357176725,0.15845702965771,0.31305095472288,0.4683200092299,0.49369494887372,0.36211699940813
alle_lehrkraefte,2505,2025-11-06,18,6,1,3.9084723722527,kognition,1.9788076577981,1,2,0,0.50628542470759,0.047586876996102,0.076347252476498,0.38277239334217,0.41463234038027,0.45983069878252,0.45353895477639
alle_lehrkraefte,2506,2025-11-06,18,6,1,3.2610617527124,performanz,1.5410807252831,1,1,0,0.46727819350693,0.10274601857145,0.26333744255978,0.35239019234587,0.39118686035569,0.47256878785366,0.44856921128522
alle_lehrkraefte,2507,2025-11-06,18,6,1,3.4475065704142,kognition,1.9983364398439,1,0,0,0.57964520228655,0.17656477495722,0.28633515641049,0.33452481948389,0.42245213690023,0.39236938764407,0.32636834629356
alle_lehrkraefte,2498,2025-11-12,18,0,19,2.8880375884253,motivation,1.6401735572884,1,1,0,0.33503668365262,0.32038509609569,0.43729181778179,0.5679177738836,0.22979626349353,0.40213666852666,0.23837351162418
alle_lehrkraefte,2499,2025-11-12,18,0,19,3.1172442691244,kognition,2.1688746734496,1,0,0,0.69576444081953,0.0,0.16369007378504,0.15193693723741,0.48658802563816,0.43032265210642,0.20995395265513
alle_lehrkraefte,2500,2025-11-12,18,0,19,3.5141486703425,motivation,1.8282533754185,1,1,0,0.38999155322217,0.42684469903398,0.26587937625879,0.52025350785892,0.25587316251426,0.38566410609745,0.33187507722202
alle_lehrkraefte,2501,2025-11-12,18,0,19,3.6133900265862,kognition,2.4241953523872,1,0,0,0.67089038981313,0.0,0.27260700094581,0.12121547483737,0.48802215807,0.46603119948005,0.074445120390985
alle_lehrkraefte,2502,2025-11-12,18,0,19,3.8411483190915,kognition,2.509295155464,1,0,0,0.65326522548996,0.020984344791132,0.16805441832496,0.2240481499757,0.47451664831199,0.42970909557727,0.29076309654101
alle_lehrkraefte,2493,2025-11-13,18,6,1,3.3466330496577,kognition,1.9447651791729,1,2,0,0.58110923403433,0.046416962130248,0.043712270511339,0.33692203134747,0.47015395919109,0.36781222046947,0.43404349430382
alle_lehrkraefte,2494,2025-11-13,18,6,1,2.9238561433447,performanz,-1.7781209396438,-1,0,0,-0.25128913178248,-0.15374780174834,-0.28889999732454,-0.42599801146043,-0.2018020606664,-0.60814033627742,-0.48755747449881
alle_lehrkraefte,2495,2025-11-13,18,6,1,2.8957199704337,regulation,1.539769585776,1,0,0,0.47088581038576,0.15755269598282,0.14777939986544,0.33022333356776,0.43475917646087,0.38831659764443,0.5317379733254
alle_lehrkraefte,2496,2025-11-13,18,6,1,3.8838793061339,kognition,2.0461096300162,1,1,0,0.52681975945728,0.069481231038198,0.10297437976036,0.38799774098501,0.3506570616886,0.45990962201269,0.47117400700764
alle_lehrkraefte,2497,2025-11-13,18,6,1,4.4336617364237,kognition,2.1820491743331,1,0,0,0.49215397621954,0.1998670220788,0.11445072171214,0.39248883283008,0.46126862894737,0.42771883525212,0.39366803854352
alle_lehrkraefte,2488,2025-11-26,18,0,19,4.219811570406,kognition,2.2150745427188,1,1,0,0.52492137540917,0.046539524378753,0.075483868838256,0.37324671046528,0.37467537002425,0.46781873578072,0.46694749062356
alle_lehrkraefte,2489,2025-11-26,18,0,19,2.4862506965683,motivation,1.376852504409,1,0,0,0.25215758794377,0.31975729701126,0.30109151145213,0.55378444678366,0.18303761876473,0.51110202343942,0.37696474323594
alle_lehrkraefte,2490,2025-11-26,18,0,19,2.8957199704337,regulation,1.539769585776,1,0,0,0.47088581038576,0.15755269598282,0.14777939986544,0.33022333356776,0.43475917646087,0.38831659764443,0.5317379733254
alle_lehrkraefte,2491,2025-11-26,18,0,19,3.2610617527124,performanz,1.5410807252831,1,1,0,0.46727819350693,0.10274601857145,0.26333744255978,0.35239019234587,0.39118686035569,0.47256878785366,0.44856921128522
alle_lehrkraefte,2492,2025-11-26,18,0,19,3.445161991689,regulation,1.6593102589405,1,0,0,0.35697457681494,0.30867452774446,-0.051124322883014,0.44905706607895,0.45666641004076,0.36400878395462,0.48163350420338
alle_lehrkraefte,2483,2025-11-27,18,6,1,2.3852489463375,motivation,1.2951057303566,1,1,1,0.40565905338819,0.24468740597332,0.41380304731485,0.54296231960275,0.27823500908808,0.41439758935696,0.2457219894991
alle_lehrkraefte,2484,2025-11-27,18,6,1,4.4247995695105,kognition,2.7431027601632,1,0,0,0.61993690735636,0.028768242753371,0.20958625007286,0.24606156155614,0.50280793819869,0.42502155926261,0.27733420685918
alle_lehrkraefte,2485,2025-11-27,18,6,1,2.9900649591247,kognition,1.7353345284312,1,0,0,0.58036489123308,0.10643085034257,0.28652846723075,0.23051807041907,0.42718416964422,0.47692739623724,0.32658716896938
alle_lehrkraefte,2486,2025-11-27,18,6,1,3.5054604059233,regulation,1.6521674795534,1,2,0,0.41704868780184,0.057308012801041,0.04481777131057,0.43363810755397,0.44022910936058,0.4656113369475,0.47131120455665
alle_lehrkraefte,2487,2025-11-27,18,6,1,3.3908447253838,kognition,1.7822209932404,1,1,0,0.5255963872173,-0.047136263280379,-0.0050573607560181,0.36222538038919,0.47999647595641,0.46056531224002,0.38440978831667
alle_lehrkraefte,2478,2025-12-03,18,0,19,3.3685945007785,performanz,1.7146760432305,1,1,1,0.46692129171518,0.043118259161777,0.034712611149409,0.40662835417337,0.37420596681409,0.50901672868817,0.46307630734881
alle_lehrkraefte,2479,2025-12-03,18,0,19,2.5891291552071,performanz,1.6348496052309,1,1,1,0.50370779347505,0.0,0.19345833502926,0.30327613977023,0.35909799288386,0.6314259324158,0.29869401277169
alle_lehrkraefte,2480,2025-12-03,18,0,19,3.4752254188631,performanz,1.7185730315922,1,0,0,0.31877151424459,0.19146773728403,0.17310725067521,0.46890082280075,0.38408892483263,0.49451988842658,0.46883978948033
alle_lehrkraefte,2481,2025-12-03,18,0,19,2.8006523873511,kognition,1.4758361358457,1,0,0,0.52695967300848,0.28386141920944,0.3913078160065,0.35705838894269,0.40277514975236,0.34038294450806,0.28814611987675
alle_lehrkraefte,2482,2025-12-03,18,0,19,3.3156558214794,kognition,1.8851814077083,1,1,1,0.56856797675319,0.015106330202057,0.18049052375597,0.29780903970136,0.39432792049408,0.54494398432497,0.32057871796178
alle_lehrkraefte,2473,2025-12-04,18,6,1,4.2434364120772,kognition,2.1266007185707,1,0,0,0.50114942244074,0.11396715072385,0.17824852421908,0.34183623305069,0.44985360536929,0.43478865646368,0.44251784498799
alle_lehrkraefte,2474,2025-12-04,18,6,1,4.1616133039273,kognition,2.011929137674,1,0,0,0.48344816210909,0.20080164681871,0.27099058310345,0.38581826094179,0.38712272450863,0.43259694091758,0.4082352552731
alle_lehrkraefte,2475,2025-12-04,18,6,1,3.8951583485864,motivation,2.2556815328026,1,2,0,0.2391371841856,0.33938906522206,0.43956258028038,0.57909731517026,0.20940395236406,0.37115745117724,0.34270468881762
alle_lehrkraefte,2476,2025-12-04,18,6,1,3.4981448019098,kognition,1.9163287574076,1,2,0,0.54781130793909,0.039250377891882,0.1024699522979,0.33116280566641,0.48098751768654,0.44968927694479,0.3802869028609
alle_lehrkraefte,2477,2025-12-04,18,6,1,1.2723766120734,regulation,0.83995356903732,1,2,0,0.32816316889373,0.079216825552914,0.026147554981766,0.38552188435751,0.40842573301039,0.36621088545109,0.66014021294095
alle_lehrkraefte,2469,2025-12-10,18,0,19,2.2792901074475,performanz,1.7803177442296,1,0,0,0.26065571282368,0.0,0.29833114483633,0.36911250485341,0.20746555360131,0.78108088461566,0.23167867253301
alle_lehrkraefte,2470,2025-12-10,18,0,19,3.5046583852388,kognition,2.0772518399554,1,1,0,0.59270995472911,0.037629046859325,0.10166548436159,0.31605277833603,0.40263592842087,0.44426987951362,0.42137466894537
alle_lehrkraefte,2471,2025-12-10,18,0,19,1.5004858801453,kognition,0.93570925639273,1,1,0,0.62360001701712,0.0,0.24260501994395,0.17028068240827,0.39305027489902,0.59921816561108,0.098519311780762
alle_lehrkraefte,2472,2025-12-10,18,0,19,1.4961917859635,kognition,1.2221237056395,1,0,0,0.81681743539194,0.040437289846616,0.20182274678664,0.049299247019464,0.52457061090042,0.093988959896664,0.063163663709705
alle_lehrkraefte,2465,2025-12-17,18,0,19,3.7313954952578,kognition,1.9435674319259,1,1,0,0.52086738747529,0.23932520770493,0.02661409437125,0.39484263499938,0.44414344902299,0.38478142574485,0.41168687661556
alle_lehrkraefte,2466,2025-12-17,18,0,19,4.1753366045791,kognition,2.0025209823477,1,0,0,0.47960592784119,0.20384347683099,0.27356109825585,0.38796629419017,0.38566077691678,0.43325305356153,0.40819754744271
alle_lehrkraefte,2467,2025-12-17,18,0,19,2.8674352088813,performanz,1.6859498552702,1,0,0,0.41373391072764,0.1011662724033,0.30642597316211,0.28072842674595,0.37441986092981,0.5879623610761,0.39998420555291
alle_lehrkraefte,2468,2025-12-17,18,0,19,3.4989761103282,performanz,1.6229270452087,1,1,0,0.39913283762435,0.20574122243346,0.31304974465119,0.41790252261595,0.33606865075675,0.46382780440831,0.44456358396692
alle_lehrkraefte,2460,2026-01-07,18,0,19,3.9028243912711,kognition,2.1928329711058,1,1,0,0.56185652560873,0.035514064351567,0.10716096158394,0.3336892807476,0.43935402011948,0.47241530936597,0.37948739649417
alle_lehrkraefte,2461,2026-01-07,18,0,19,3.0045876008173,kognition,1.6662193362077,1,1,1,0.55455656882455,0.13213083838315,0.2111204192588,0.25222496970111,0.43296993128715,0.41757439605066,0.45274848720097
alle_lehrkraefte,2462,2026-01-07,18,0,19,3.79908591483,kognition,2.0937472961032,1,4,2,0.5511172507991,0.11131089761788,0.10944137314403,0.36503224718023,0.41527757291662,0.43089007792585,0.42488435847901
alle_lehrkraefte,2463,2026-01-07,18,0,19,4.0230266961372,regulation,2.1507426574126,1,0,0,0.32285345704235,0.1940878730544,0.24341569490145,0.41164830638065,0.33607032387167,0.48024720787901,0.5346067709195
alle_lehrkraefte,2464,2026-01-07,18,0,19,3.9225909597309,regulation,1.8976886923973,1,1,0,0.450203957025,0.19261550717586,0.21765521993499,0.40377985151042,0.38454350726066,0.40972996824294,0.48378326316616
alle_lehrkraefte,2455,2026-01-08,18,6,19,3.7834187822736,performanz,2.1524916087874,1,0,0,0.43529939562806,0.035551443866491,0.119184436252,0.4104201615304,0.35006848278279,0.56892616001453,0.42470070376623
alle_lehrkraefte,2456,2026-01-08,18,6,19,3.0045876008173,kognition,1.6662193362077,1,1,1,0.55455656882455,0.13213083838315,0.2111204192588,0.25222496970111,0.43296993128715,0.41757439605066,0.45274848720097
alle_lehrkraefte,2457,2026-01-08,18,6,19,2.8957199704337,regulation,1.539769585776,1,2,0,0.47088581038576,0.15755269598282,0.14777939986544,0.33022333356776,0.43475917646087,0.38831659764443,0.5317379733254
alle_lehrkraefte,2458,2026-01-08,18,6,19,2.9438340136339,motivation,1.3391291752914,1,1,0,0.39013065463861,0.34771163703153,0.063474612705181,0.45489134923233,0.38828321190919,0.42472073090344,0.4298618126599
alle_lehrkraefte,2459,2026-01-08,18,6,19,3.4333342274091,methodik,1.6923157810732,1,1,0,0.45560273520211,0.048083977176934,0.071709281313335,0.3792497481292,0.49290594504422,0.4472213857957,0.44516561249039
alle_lehrkraefte,2450,2026-01-14,18,0,19,3.7313954952578,kognition,1.9435674319259,1,1,0,0.52086738747529,0.23932520770493,0.02661409437125,0.39484263499938,0.44414344902299,0.38478142574485,0.41168687661556
alle_lehrkraefte,2451,2026-01-14,18,0,19,2.9398724507521,performanz,1.7655165425851,1,1,1,0.56855014888986,0.0,0.28719775025849,0.24098330966354,0.39075259553747,0.60053984203804,0.15117119147353
alle_lehrkraefte,2452,2026-01-14,18,0,19,1.2723766120734,regulation,0.83995356903732,1,2,0,0.32816316889373,0.079216825552914,0.026147554981766,0.38552188435751,0.40842573301039,0.36621088545109,0.66014021294095
alle_lehrkraefte,2453,2026-01-14,18,0,19,1.9935420942378,motivation,1.2459236375843,1,4,0,0.1924119840039,0.33536319260425,0.25723120973569,0.62497671427077,0.082253812699267,0.4466343056288,0.43299820303145
alle_lehrkraefte,2454,2026-01-14,18,0,19,4.3093800800185,regulation,2.2148166874228,1,0,0,0.40373138078784,0.25987825762376,0.10320541471071,0.43241760359741,0.38661493539129,0.39775145632727,0.51395131243569
alle_lehrkraefte,2445,2026-01-15,18,6,1,3.586103254132,kognition,1.7348832013882,1,1,0,0.48377814041128,0.21624124958158,0.25466237068262,0.40759703466828,0.38794169160328,0.41830305549323,0.40339606808647
alle_lehrkraefte,2446,2026-01-15,18,6,1,4.1616133039273,kognition,2.011929137674,1,0,0,0.48344816210909,0.20080164681871,0.27099058310345,0.38581826094179,0.38712272450863,0.43259694091758,0.4082352552731
alle_lehrkraefte,2447,2026-01-15,18,6,1,3.175741530227,kognition,1.6694111387101,1,1,0,0.52567435544642,0.19379052075045,0.25925645608158,0.37789763957014,0.47348865304479,0.39795140409933,0.30582355661689
alle_lehrkraefte,2448,2026-01-15,18,6,1,3.8832180547468,kognition,1.8702221947077,1,2,0,0.4816153386669,0.25004110096737,0.12597543181763,0.39902106190031,0.41894612832276,0.48031524461567,0.35244113427872
alle_lehrkraefte,2449,2026-01-15,18,6,1,2.912978125167,kognition,1.6160311204744,1,0,0,0.55476749339021,0.020477083484949,0.061832185488812,0.32328979936683,0.45084126492932,0.47490923951655,0.3932819676275
alle_lehrkraefte,2440,2026-01-21,18,0,19,1.7259800114717,performanz,0.874,1,1,0,0.41135811637437,0.040556434008741,0.034762657721778,0.4223662913196,0.41773127029003,0.50637604748057,0.46755774635791
alle_lehrkraefte,2441,2026-01-21,18,0,19,2.5891291552071,performanz,1.6348496052309,1,1,1,0.50370779347505,0.0,0.19345833502926,0.30327613977023,0.35909799288386,0.6314259324158,0.29869401277169
alle_lehrkraefte,2442,2026-01-21,18,0,19,3.6624782597347,kognition,2.0061560441041,1,1,0,0.54775767233435,0.037845715107673,0.14946786415009,0.34196619651183,0.41905124282305,0.4683771687897,0.40529142004314
alle_lehrkraefte,2443,2026-01-21,18,0,19,3.4263674606991,kognition,1.7820560115872,1,1,0,0.52009915195497,0.057384238529672,0.01634967429508,0.32019729496019,0.47732956965011,0.41282654755967,0.47448412856735
alle_lehrkraefte,2444,2026-01-21,18,0,19,3.8214492248625,regulation,1.9449987244184,1,0,0,0.4744640681703,-0.034227517275499,0.028363956548983,0.33962254037949,0.48124977980893,0.4085459507913,0.50896754615728
alle_lehrkraefte,2436,2026-01-28,18,0,19,3.2870701844949,performanz,1.9531896505829,1,0,0,0.41466224445206,0.031405075980467,0.13079068691856,0.40962322696175,0.34539700132505,0.59420200936871,0.41205624797762
alle_lehrkraefte,2437,2026-01-28,18,0,19,4.1616133039273,kognition,2.011929137674,1,0,0,0.48344816210909,0.20080164681871,0.27099058310345,0.38581826094179,0.38712272450863,0.43259694091758,0.4082352552731
alle_lehrkraefte,2438,2026-01-28,18,0,19,3.961007449354,kognition,2.17271425264,1,0,0,0.54852428206151,0.028144193203567,0.15231775143531,0.32706755945492,0.43173643708193,0.46775918359501,0.40367694556994
alle_lehrkraefte,2439,2026-01-28,18,0,19,1.2723766120734,regulation,0.83995356903732,1,2,0,0.32816316889373,0.079216825552914,0.026147554981766,0.38552188435751,0.40842573301039,0.36621088545109,0.66014021294095
alle_lehrkraefte,2431,2026-01-29,18,6,1,1.6103819422733,performanz,1.0,1,1,1,0.37754784039823,0.0,0.0,0.36264463617198,0.29868505136768,0.62096684276024,0.50112024210752
alle_lehrkraefte,2432,2026-01-29,18,6,1,2.5891291552071,performanz,1.6348496052309,1,1,1,0.50370779347505,0.0,0.19345833502926,0.30327613977023,0.35909799288386,0.6314259324158,0.29869401277169
alle_lehrkraefte,2433,2026-01-29,18,6,1,3.3702834346193,regulation,1.9207031699987,1,0,0,0.34666187591488,0.15274841687258,0.12736758152662,0.39464371019655,0.43026513898873,0.41787129944916,0.56989197150297
alle_lehrkraefte,2434,2026-01-29,18,6,1,4.2332441001739,kognition,2.2209564799031,1,0,0,0.52464520847256,0.057651067006785,0.12431452439003,0.36300826394135,0.46358746533329,0.45239334066434,0.39321350670068
alle_lehrkraefte,2435,2026-01-29,18,6,1,3.8214492248625,regulation,1.9449987244184,1,0,0,0.4744640681703,-0.034227517275499,0.028363956548983,0.33962254037949,0.48124977980893,0.4085459507913,0.50896754615728
alle_lehrkraefte,3031,2025-08-28,19,6,1,3.2342344427424,kognition,1.9138365334644,1,2,0,0.59174146152093,0.038405650800278,0.099214849723068,0.31748586916428,0.39987967905516,0.44424680314885,0.42480704035474
alle_lehrkraefte,3032,2025-08-28,19,6,1,2.3428052989296,methodik,1.3071304723696,1,0,0,0.51447576205092,0.042683689169047,0.09160513239389,0.31116409404235,0.55793150786012,0.39453333050523,0.40165351508073
alle_lehrkraefte,3033,2025-08-28,19,6,1,3.0240571504654,regulation,1.4279047558095,1,2,0,0.33940662801459,0.35165369924952,-0.028935370103071,0.47015906248171,0.44061701743393,0.34950231383445,0.47218024096779
alle_lehrkraefte,3034,2025-08-28,19,6,1,0.87330889831434,kognition,0.4788,1,2,0,0.54825333669542,0.048092397955738,0.072138596933607,0.35107450507689,0.36129413964248,0.4502650758606,0.48513206437851
alle_lehrkraefte,3035,2025-08-28,19,6,1,2.143214142819,motivation,1.1120561318809,1,1,0,0.40798100746037,0.017743924089354,0.20147339485859,0.51887066297143,0.28563167456092,0.45350028674155,0.48596405389779
alle_lehrkraefte,3026,2025-09-04,19,6,1,4.7272578340427,performanz,2.1834193470863,1,1,0,0.40939526234525,0.19494675496675,0.26216929806182,0.43140491422681,0.38087108066135,0.46187764766845,0.42561763210998
alle_lehrkraefte,3027,2025-09-04,19,6,1,3.8229300313861,kognition,2.0311230831007,1,0,0,0.5312987037268,0.20795513229951,0.31164531269073,0.34246928522452,0.41648835124838,0.41913366222758,0.33305785235829
alle_lehrkraefte,3028,2025-09-04,19,6,1,4.2358001921728,kognition,2.2035645934457,1,0,0,0.52022269494454,0.045510725452022,0.10306308108279,0.34884460310921,0.47727058198715,0.43904963315455,0.41764345474095
alle_lehrkraefte,3029,2025-09-04,19,6,1,4.105530115666,regulation,1.9603476546835,1,0,0,0.40874243667907,0.052973024371062,0.031854050439072,0.42453459808445,0.46443239119492,0.45296988137695,0.47748836924115
alle_lehrkraefte,3030,2025-09-04,19,6,1,3.3533597644884,motivation,1.7915442913418,1,0,0,0.41425099938255,0.29820749581207,0.29614522655344,0.53425193675745,0.28669873699374,0.4000688015956,0.35225572510267
alle_lehrkraefte,3021,2025-09-11,19,6,1,2.8880375884253,motivation,1.6401735572884,1,1,0,0.33503668365262,0.32038509609569,0.43729181778179,0.5679177738836,0.22979626349353,0.40213666852666,0.23837351162418
alle_lehrkraefte,3022,2025-09-11,19,6,1,2.7008782028216,kognition,1.8124059963247,1,0,0,0.67104073187158,0.0,0.13221920340388,0.18986342323182,0.46057081054162,0.46390437256253,0.26236264134944
alle_lehrkraefte,3023,2025-09-11,19,6,1,3.6334044341863,kognition,1.884870137549,1,2,0,0.51876001807405,0.15340174444684,0.095149177439808,0.36402297008985,0.483195435891,0.42961310411021,0.38436845185597
alle_lehrkraefte,3024,2025-09-11,19,6,1,2.8957199704337,regulation,1.539769585776,1,0,0,0.47088581038576,0.15755269598282,0.14777939986544,0.33022333356776,0.43475917646087,0.38831659764443,0.5317379733254
alle_lehrkraefte,3025,2025-09-11,19,6,1,4.8458292980034,kognition,2.4887495600728,1,1,0,0.51358483165098,0.061490211488883,0.10551649015658,0.3882399826205,0.41087257110398,0.45031579473172,0.44607269460341
alle_lehrkraefte,3017,2025-09-18,19,6,1,4.2434364120772,kognition,2.1266007185707,1,0,0,0.50114942244074,0.11396715072385,0.17824852421908,0.34183623305069,0.44985360536929,0.43478865646368,0.44251784498799
alle_lehrkraefte,3018,2025-09-18,19,6,1,4.5339414150742,performanz,2.260374675858,1,1,0,0.4388648454313,0.049012142319769,0.093902205182241,0.41400029487602,0.39896667426924,0.49854408857202,0.46589329515275
alle_lehrkraefte,3019,2025-09-18,19,6,1,0.47720959755646,motivation,0.292,1,0,0,0.42538068645846,0.16763770894915,0.25145656342372,0.61187763766439,0.0,0.52386784046609,0.28079316248982
alle_lehrkraefte,3020,2025-09-18,19,6,1,3.3533597644884,motivation,1.7915442913418,1,0,0,0.41425099938255,0.29820749581207,0.29614522655344,0.53425193675745,0.28669873699374,0.4000688015956,0.35225572510267
alle_lehrkraefte,3012,2025-09-25,19,6,1,3.0075822377954,kognition,2.078940017929,1,1,0,0.69123067675319,0.0,0.25591478507693,0.12837894832579,0.46807332157981,0.46358479692794,0.078844605250314
alle_lehrkraefte,3013,2025-09-25,19,6,1,3.2645506643148,kognition,1.752927244018,1,0,0,0.53695655381115,0.12160901291853,0.19430850592622,0.27023992750622,0.42310320660401,0.44252841115942,0.45961902581514
alle_lehrkraefte,3014,2025-09-25,19,6,1,4.2157345291432,regulation,1.9791706721549,1,0,0,0.37487060772453,0.2035061245517,0.30634878400679,0.42635033914532,0.34151654325095,0.45320148723103,0.46947120691802
alle_lehrkraefte,3015,2025-09-25,19,6,1,3.6133900265862,kognition,2.4241953523872,1,0,0,0.67089038981313,0.0,0.27260700094581,0.12121547483737,0.48802215807,0.46603119948005,0.074445120390985
alle_lehrkraefte,3016,2025-09-25,19,6,1,3.4507597507663,performanz,1.7576385021604,1,0,0,0.44464530526223,0.098341955792704,0.27435660761333,0.36291912005201,0.37409352724782,0.50934679190639,0.43156883465415
alle_lehrkraefte,3007,2025-10-02,19,6,1,3.1988921097457,kognition,1.919667488646,1,0,0,0.60010197961283,0.028359326892356,0.086449473354213,0.30337364378423,0.40429765756495,0.44207952411901,0.42504956153813
alle_lehrkraefte,3008,2025-10-02,19,6,1,2.7008782028216,kognition,1.8124059963247,1,0,0,0.67104073187158,0.0,0.13221920340388,0.18986342323182,0.46057081054162,0.46390437256253,0.26236264134944
alle_lehrkraefte,3009,2025-10-02,19,6,1,3.5655874874173,kognition,2.2009129520582,1,0,0,0.61726343476093,0.037799812012656,0.18382639127447,0.28178965695487,0.46623570321268,0.46595771324522,0.26431334205833
alle_lehrkraefte,3010,2025-10-02,19,6,1,2.8268819818558,kognition,2.1908165769441,1,1,0,0.77499125930729,0.0,0.21266397870048,0.0,0.51818391271022,0.29264472978968,0.0
alle_lehrkraefte,3011,2025-10-02,19,6,1,4.2766590717479,motivation,2.0818792519938,1,0,0,0.33209301290047,0.37841837691444,0.38256831241431,0.48679923956401,0.28414573900136,0.39297120036295,0.35778751746519
alle_lehrkraefte,3002,2025-10-09,19,6,18,4.0202243037138,kognition,2.0547114305757,1,0,0,0.51109245764048,0.032870016624614,0.15348776998845,0.35931223423551,0.44420521406901,0.50173089465934,0.36875892782791
alle_lehrkraefte,3003,2025-10-09,19,6,18,4.1959607750546,kognition,2.2176040705498,1,1,1,0.52850798764701,0.033057437189919,0.11991473533283,0.3111460283294,0.50972860238967,0.43980333406568,0.39387831994598
alle_lehrkraefte,3004,2025-10-09,19,6,18,3.5253302199341,performanz,1.7364678940513,1,0,0,0.45873591159058,0.17557733186734,0.29381275481814,0.38507725246167,0.43967873597745,0.49256746461871,0.29694741524276
alle_lehrkraefte,3005,2025-10-09,19,6,18,4.9946265310618,regulation,2.313833831872,1,1,0,0.41890779460302,0.17740135474721,0.18447467974737,0.43405868844984,0.40459236989813,0.43851444065215,0.46326370647438
alle_lehrkraefte,3006,2025-10-09,19,6,18,3.050519966414,kognition,1.8346238946577,1,0,0,0.60141153008057,0.25796034376092,0.36992244687776,0.36833268059845,0.37038652482427,0.38425337642634,0.12002358492601
alle_lehrkraefte,2999,2025-10-16,19,6,18,2.4366088452089,performanz,-1.4552652158942,-1,0,0,-0.21141108626145,-0.15707180025819,-0.29598138611071,-0.37273403427469,-0.25021502605258,-0.59724778816174,-0.53364545639735
alle_lehrkraefte,3000,2025-10-16,19,6,18,2.7153344123817,kognition,1.512680856227,1,1,0,0.55708618373762,-0.077067209853772,-0.023311259048937,0.34116611055201,0.49480456333913,0.45950366325734,0.33285937163261
alle_lehrkraefte,3001,2025-10-16,19,6,18,4.2418067613595,motivation,2.0519663720169,1,1,0,0.35687517920945,0.29880068688514,0.34641805694199,0.4837470563814,0.35222911961893,0.45040191257754,0.32001503204027
alle_lehrkraefte,2996,2025-10-23,19,6,1,4.6221765003632,regulation,2.2831943720438,1,1,0,0.42028364349602,0.07674949586674,0.058605948586205,0.41798896030911,0.44907287797465,0.44005726793527,0.4939641383714
alle_lehrkraefte,2997,2025-10-23,19,6,1,4.1959607750546,kognition,2.2176040705498,1,1,1,0.52850798764701,0.033057437189919,0.11991473533283,0.3111460283294,0.50972860238967,0.43980333406568,0.39387831994598
alle_lehrkraefte,2998,2025-10-23,19,6,1,3.9084723722527,kognition,1.9788076577981,1,2,0,0.50628542470759,0.047586876996102,0.076347252476498,0.38277239334217,0.41463234038027,0.45983069878252,0.45353895477639
alle_lehrkraefte,2992,2025-10-30,19,6,1,4.7653905687971,kognition,2.2414953024427,1,1,0,0.47036870669794,0.071220868695358,0.091961975579142,0.39006654587399,0.46307096173179,0.4334201960125,0.45910780175665
alle_lehrkraefte,2993,2025-10-30,19,6,1,3.916840808544,kognition,2.2069589158005,1,0,0,0.5634523814352,0.076723644298226,0.31177537024684,0.31845471584113,0.42787289584912,0.43423975906972,0.32614892186079
alle_lehrkraefte,2994,2025-10-30,19,6,1,0.99141868047763,kognition,0.811,1,1,0,0.81801143740294,0.0,0.17853023972912,0.0,0.48515844807745,0.25216135554961,0.0
alle_lehrkraefte,2995,2025-10-30,19,6,1,3.0240571504654,regulation,1.4279047558095,1,2,0,0.33940662801459,0.35165369924952,-0.028935370103071,0.47015906248171,0.44061701743393,0.34950231383445,0.47218024096779
alle_lehrkraefte,2987,2025-11-06,19,6,1,3.1988921097457,kognition,1.919667488646,1,0,0,0.60010197961283,0.028359326892356,0.086449473354213,0.30337364378423,0.40429765756495,0.44207952411901,0.42504956153813
alle_lehrkraefte,2988,2025-11-06,19,6,1,3.9754603937968,kognition,2.1118789605959,1,0,0,0.53122744012662,0.022266357176725,0.15845702965771,0.31305095472288,0.4683200092299,0.49369494887372,0.36211699940813
alle_lehrkraefte,2989,2025-11-06,19,6,1,4.5347833117075,performanz,2.3014253844218,1,0,0,0.41476969392919,0.051856732935361,0.10098465693496,0.42176385072412,0.42040859468173,0.50750392051611,0.45042902589896
alle_lehrkraefte,2990,2025-11-06,19,6,1,3.5655874874173,kognition,2.2009129520582,1,0,0,0.61726343476093,0.037799812012656,0.18382639127447,0.28178965695487,0.46623570321268,0.46595771324522,0.26431334205833
alle_lehrkraefte,2991,2025-11-06,19,6,1,3.6328672145636,kognition,1.9947276918836,1,1,0,0.54907655119392,-0.038482231806958,0.0054751174992369,0.39332409838053,0.42215120724975,0.47425318615247,0.37305094002933
alle_lehrkraefte,2982,2025-11-13,19,6,1,3.1105149252108,kognition,1.6517086769815,1,0,0,0.53100641103836,0.037516048702287,0.13871477916169,0.36888022758025,0.4065452396975,0.52667608483763,0.34443746200904
alle_lehrkraefte,2983,2025-11-13,19,6,1,3.2645506643148,kognition,1.752927244018,1,0,0,0.53695655381115,0.12160901291853,0.19430850592622,0.27023992750622,0.42310320660401,0.44252841115942,0.45961902581514
alle_lehrkraefte,2984,2025-11-13,19,6,1,4.0578127668032,kognition,1.7468429863796,1,1,0,0.43048774842273,0.28241639133245,0.31314652429469,0.41780346808517,0.36786569284546,0.40358753700582,0.40507752344252
alle_lehrkraefte,2985,2025-11-13,19,6,1,2.9445628141972,kognition,1.5886973924518,1,2,0,0.5395340827681,0.052598074367706,0.11467923007214,0.30661232340432,0.48130894290842,0.41196951037113,0.44451097319058
alle_lehrkraefte,2986,2025-11-13,19,6,1,0.99141868047763,kognition,0.811,1,1,0,0.81801143740294,0.0,0.17853023972912,0.0,0.48515844807745,0.25216135554961,0.0
alle_lehrkraefte,2978,2025-11-20,19,6,1,4.2776947265947,kognition,2.4410982889583,1,0,0,0.57065609830007,0.061680906507123,0.098417161158226,0.35536178558859,0.45537212052641,0.40162071683407,0.40732235788888
alle_lehrkraefte,2979,2025-11-20,19,6,1,3.0867875408233,performanz,1.4230076958162,1,0,0,0.43587663176557,0.31619942378794,0.028515018362968,0.42115964537037,0.40539292304563,0.46099806579369,0.39366459733979
alle_lehrkraefte,2980,2025-11-20,19,6,1,2.7800794322758,performanz,1.5619583131048,1,0,0,0.4828625632128,0.016496962767111,0.21435825162725,0.32723127590326,0.36859184201213,0.56183743406635,0.40250886323243
alle_lehrkraefte,2981,2025-11-20,19,6,1,4.1845300685627,regulation,2.3378029514569,1,0,0,0.38787318485344,0.19216826862418,0.17250246888137,0.41054464039032,0.35562121575469,0.41920331406745,0.55867620172171
alle_lehrkraefte,2973,2025-11-27,19,6,1,4.0297451295107,performanz,2.1018406752718,1,0,0,0.50229795388456,0.030986423052732,0.16577460984972,0.36043056753727,0.43342058043781,0.52158024686899,0.35977892556151
alle_lehrkraefte,2974,2025-11-27,19,6,1,3.9082087439743,kognition,2.1969604991137,1,1,0,0.56213857080057,0.033812121852611,0.13194589398309,0.32139828186305,0.47968884541538,0.45640853074794,0.35176006075289
alle_lehrkraefte,2975,2025-11-27,19,6,1,3.5054604059233,regulation,1.6521674795534,1,2,0,0.41704868780184,0.057308012801041,0.04481777131057,0.43363810755397,0.44022910936058,0.4656113369475,0.47131120455665
alle_lehrkraefte,2976,2025-11-27,19,6,1,4.4226026497114,kognition,2.2741683893754,1,0,0,0.51421378481424,0.20190670340455,0.2771769151546,0.38230209960267,0.45121813753943,0.41512604872008,0.30968364954078
alle_lehrkraefte,2977,2025-11-27,19,6,1,3.8214492248625,regulation,1.9449987244184,1,0,0,0.4744640681703,-0.034227517275499,0.028363956548983,0.33962254037949,0.48124977980893,0.4085459507913,0.50896754615728
alle_lehrkraefte,2969,2025-12-04,19,6,1,2.7008782028216,kognition,1.8124059963247,1,0,0,0.67104073187158,0.0,0.13221920340388,0.18986342323182,0.46057081054162,0.46390437256253,0.26236264134944
alle_lehrkraefte,2970,2025-12-04,19,6,1,3.9453024964552,kognition,2.3459293201978,1,1,1,0.59461178862399,0.17052830396184,0.30842106960146,0.27913815177287,0.45862360065479,0.4018311838535,0.26926989756156
alle_lehrkraefte,2971,2025-12-04,19,6,1,1.5890209998845,motivation,0.85188551646247,1,0,0,0.33406255970934,0.45645506608696,0.46047891028742,0.53610377426518,0.18684581263477,0.36274856741847,0.11871153327529
alle_lehrkraefte,2972,2025-12-04,19,6,1,4.3406553652064,kognition,2.1462963786463,1,1,0,0.49446253006518,0.26550279432215,0.053552965854877,0.37877182858556,0.4109033095443,0.44109602015534,0.41864927793105
alle_lehrkraefte,2964,2025-12-11,19,6,1,3.3390173794307,performanz,1.5752921706211,1,0,0,0.4453971633637,0.10840822376021,0.24513638282625,0.41734687449694,0.34808714570617,0.47178174708159,0.46027176364271
alle_lehrkraefte,2965,2025-12-11,19,6,1,3.0556171049096,performanz,1.8608741963844,1,0,0,0.55550638970887,0.0,0.29078875442313,0.25128473348535,0.3845063379814,0.60899911294624,0.15804728787018
alle_lehrkraefte,2966,2025-12-11,19,6,1,3.0254345195717,kognition,1.5684720974388,1,0,0,0.51842699057686,0.20645917289249,0.26341793863257,0.36536033774548,0.50138374535,0.37996826043006,0.29993787516034
alle_lehrkraefte,2967,2025-12-11,19,6,1,3.7466053594377,kognition,1.9456574808789,1,1,0,0.51931070959227,0.05153438433853,0.11548013475006,0.33418177163828,0.47010747702158,0.43398948012493,0.43965239583273
alle_lehrkraefte,2968,2025-12-11,19,6,1,4.9669401934215,regulation,2.5051943093294,1,0,0,0.3909448724847,0.12089807406911,0.11494805508238,0.41638689628016,0.45609554731063,0.42841057129645,0.50437274620701
alle_lehrkraefte,2959,2025-12-18,19,6,18,3.3390173794307,performanz,1.5752921706211,1,0,0,0.4453971633637,0.10840822376021,0.24513638282625,0.41734687449694,0.34808714570617,0.47178174708159,0.46027176364271
alle_lehrkraefte,2960,2025-12-18,19,6,18,3.5046583852388,kognition,2.0772518399554,1,1,0,0.59270995472911,0.037629046859325,0.10166548436159,0.31605277833603,0.40263592842087,0.44426987951362,0.42137466894537
alle_lehrkraefte,2961,2025-12-18,19,6,18,4.2332441001739,kognition,2.2209564799031,1,0,0,0.52464520847256,0.057651067006785,0.12431452439003,0.36300826394135,0.46358746533329,0.45239334066434,0.39321350670068
alle_lehrkraefte,2962,2025-12-18,19,6,18,3.5459767256588,kognition,2.0635169573234,1,1,0,0.5819302543892,0.025556217949941,0.16336965941252,0.27651007972838,0.44722713027514,0.40033995329892,0.44414723291951
alle_lehrkraefte,2963,2025-12-18,19,6,18,3.3533597644884,motivation,1.7915442913418,1,0,0,0.41425099938255,0.29820749581207,0.29614522655344,0.53425193675745,0.28669873699374,0.4000688015956,0.35225572510267
alle_lehrkraefte,2955,2026-01-08,19,6,19,3.7834187822736,performanz,2.1524916087874,1,0,0,0.43529939562806,0.035551443866491,0.119184436252,0.4104201615304,0.35006848278279,0.56892616001453,0.42470070376623
alle_lehrkraefte,2956,2026-01-08,19,6,19,2.4174972743467,kognition,1.9373026861825,1,1,0,0.80136374634324,-0.0276955660997,0.19326724765202,-0.13478508835187,0.45886239328623,0.19416465364535,-0.23079638416416
alle_lehrkraefte,2957,2026-01-08,19,6,19,3.702637071267,performanz,1.9659302386016,1,0,0,0.47017325437901,0.18259732730411,0.27316223778375,0.42473426924758,0.31688346369353,0.5309526403036,0.32900954691659
alle_lehrkraefte,2958,2026-01-08,19,6,19,4.0234239649558,kognition,2.1832057573786,1,0,0,0.54262249023953,0.038559193374943,0.16233508787185,0.34215879515,0.42094647658508,0.4701756065589,0.40296735825034
alle_lehrkraefte,2950,2026-01-15,19,6,1,3.5846603474751,regulation,1.7810357015046,1,0,0,0.44499407838611,0.049847783190915,0.036900952175072,0.39802316963037,0.42437609028194,0.46125148062342,0.49684783504823
alle_lehrkraefte,2951,2026-01-15,19,6,1,2.7485111833519,kognition,1.6572392084879,1,1,0,0.6029566803145,0.036207071392921,0.095577072626153,0.31056895785456,0.39725124495274,0.44300457099163,0.41889778835364
alle_lehrkraefte,2952,2026-01-15,19,6,1,3.6925617798486,motivation,1.7887542255783,1,0,0,0.37799176392,0.29900821245121,0.11519354329811,0.48441962193939,0.33975715054035,0.47906625432386,0.41813822966906
alle_lehrkraefte,2953,2026-01-15,19,6,1,3.050519966414,kognition,1.8346238946577,1,0,0,0.60141153008057,0.25796034376092,0.36992244687776,0.36833268059845,0.37038652482427,0.38425337642634,0.12002358492601
alle_lehrkraefte,2954,2026-01-15,19,6,1,2.2888856549031,performanz,1.2945417374836,1,1,0,0.21945057193054,0.18392997448974,0.30161300890777,0.37123476885487,0.26169585814646,0.56557481539648,0.54850452907291
alle_lehrkraefte,2945,2026-01-22,19,6,18,4.4388621375364,performanz,2.1744618745086,1,0,0,0.46577705352531,0.21582431903798,0.15028280583915,0.40837051156953,0.4063458558203,0.48986810323295,0.37686600340078
alle_lehrkraefte,2946,2026-01-22,19,6,18,2.5500239990253,regulation,1.5887506947218,1,0,0,0.30106002388061,0.15568419877999,0.13842952687491,0.37101936000202,0.30931179423061,0.49442664870243,0.62303118128191
alle_lehrkraefte,2947,2026-01-22,19,6,18,3.7807537621279,performanz,1.9577799980576,1,0,0,0.51042066750317,0.03083949094383,0.14821465789205,0.36597314714407,0.37761274092899,0.5178265877569,0.41457772698257
alle_lehrkraefte,2948,2026-01-22,19,6,18,3.5517580419398,performanz,1.7816761805797,1,1,1,0.42323574484856,0.16129366203002,0.30455667553456,0.39291713687201,0.3511092726904,0.50163078206162,0.4156926989252
alle_lehrkraefte,2949,2026-01-22,19,6,18,4.3406553652064,kognition,2.1462963786463,1,1,0,0.49446253006518,0.26550279432215,0.053552965854877,0.37877182858556,0.4109033095443,0.44109602015534,0.41864927793105
alle_lehrkraefte,2940,2026-01-29,19,6,1,4.4388621375364,performanz,2.1744618745086,1,0,0,0.46577705352531,0.21582431903798,0.15028280583915,0.40837051156953,0.4063458558203,0.48986810323295,0.37686600340078
alle_lehrkraefte,2941,2026-01-29,19,6,1,3.7903140793782,regulation,2.0584483248078,1,0,0,0.43782915236789,0.20100650117379,0.23487362217918,0.31187955950307,0.38918849396145,0.41116778334824,0.54307976882693
alle_lehrkraefte,2942,2026-01-29,19,6,1,2.4285529007933,performanz,1.517734800859,1,0,0,0.4282299540693,0.020588307588684,0.15656159458602,0.38655508674269,0.28065007168787,0.6249518183627,0.41583817372042
alle_lehrkraefte,2943,2026-01-29,19,6,1,4.0234239649558,kognition,2.1832057573786,1,0,0,0.54262249023953,0.038559193374943,0.16233508787185,0.34215879515,0.42094647658508,0.4701756065589,0.40296735825034
alle_lehrkraefte,2944,2026-01-29,19,6,1,3.0157863397785,kognition,1.6541350767271,1,0,0,0.54849031246209,0.034992294572616,0.080687494641113,0.3468035879373,0.43129858901831,0.48014172008029,0.39317876350424
alle_lehrkraefte,63,2024-11-15,20,7,1,3.2295298787113,regulation,1.6222063442055,1,2,0,0.38071383171431,0.24748655049747,0.10171932034048,0.50201075725974,0.40130785713418,0.34363302156544,0.50230262053703
alle_lehrkraefte,62,2025-03-03,20,2,6,0.99141868047763,kognition,0.811,1,0,0,0.81801143740294,0.0,0.17853023972912,0.0,0.48515844807745,0.25216135554961,0.0
alle_lehrkraefte,57,2025-09-01,20,2,1,3.2500733602901,performanz,1.7503923860708,1,0,0,0.38839016543615,0.042134255804933,0.11434696884422,0.40387347344296,0.423619496146,0.53856845872242,0.44908034483934
alle_lehrkraefte,58,2025-09-01,20,2,1,4.1959607750546,kognition,2.2176040705498,1,1,0,0.52850798764701,0.033057437189919,0.11991473533283,0.3111460283294,0.50972860238967,0.43980333406568,0.39387831994598
alle_lehrkraefte,59,2025-09-01,20,2,1,4.0730731755336,performanz,2.1602420544193,1,0,0,0.50793164389237,0.029806912452068,0.14201670599099,0.36940497938456,0.35646034890973,0.5303702284784,0.41967456397547
alle_lehrkraefte,60,2025-09-01,20,2,1,4.5339414150742,performanz,2.260374675858,1,1,0,0.4388648454313,0.049012142319769,0.093902205182241,0.41400029487602,0.39896667426924,0.49854408857202,0.46589329515275
alle_lehrkraefte,61,2025-09-01,20,2,1,3.6125069904342,kognition,1.8208837623008,1,1,0,0.50404849779874,0.43192844835675,0.076419758998382,0.38342669887468,0.31191938287969,0.4139357652498,0.37131503999192
alle_lehrkraefte,52,2025-09-05,20,7,1,3.2500733602901,performanz,1.7503923860708,1,0,0,0.38839016543615,0.042134255804933,0.11434696884422,0.40387347344296,0.423619496146,0.53856845872242,0.44908034483934
alle_lehrkraefte,53,2025-09-05,20,7,1,4.0923704304351,kognition,2.1090557744311,1,1,0,0.51536161172749,0.19426346438556,0.29112673216271,0.35014715282826,0.40945272192639,0.4409227615102,0.35670297519528
alle_lehrkraefte,54,2025-09-05,20,7,1,4.2418067613595,motivation,2.0519663720169,1,1,0,0.35687517920945,0.29880068688514,0.34641805694199,0.4837470563814,0.35222911961893,0.45040191257754,0.32001503204027
alle_lehrkraefte,55,2025-09-05,20,7,1,4.2154606819304,performanz,2.2329100933114,1,0,0,0.47702884675405,0.035858957413928,0.14440605365886,0.38564030488792,0.40772019219027,0.52969413424763,0.39340778595657
alle_lehrkraefte,56,2025-09-05,20,7,1,2.7153344123817,kognition,1.512680856227,1,1,0,0.55708618373762,-0.077067209853772,-0.023311259048937,0.34116611055201,0.49480456333913,0.45950366325734,0.33285937163261
alle_lehrkraefte,47,2025-09-08,20,2,1,4.5039203437359,performanz,2.1625397852702,1,0,0,0.43533203634603,0.17064144437225,0.24094742665989,0.42185314901355,0.37315321830169,0.48014503338796,0.41900448192064
alle_lehrkraefte,48,2025-09-08,20,2,1,3.9956993418333,kognition,2.4784503914436,1,0,0,0.62027794802174,0.017456248999166,0.13276811815846,0.24254013544875,0.49304966323876,0.45222844057314,0.30146959684203
alle_lehrkraefte,49,2025-09-08,20,2,1,4.4336617364237,kognition,2.1820491743331,1,0,0,0.49215397621954,0.1998670220788,0.11445072171214,0.39248883283008,0.46126862894737,0.42771883525212,0.39366803854352
alle_lehrkraefte,50,2025-09-08,20,2,1,2.1790951612463,kognition,1.2999584535744,1,1,0,0.59655608948717,0.36482865266828,0.40980739984522,0.39460415496634,0.35073160358203,0.24677962783086,0.058688343660483
alle_lehrkraefte,51,2025-09-08,20,2,1,3.8995392280503,methodik,2.0534298272575,1,0,0,0.51572033646035,0.023111379596837,0.14713864022183,0.29720121974227,0.52658133214136,0.45873431996406,0.3684967432254
alle_lehrkraefte,44,2025-09-12,20,7,1,3.5846603474751,regulation,1.7810357015046,1,0,0,0.44499407838611,0.049847783190915,0.036900952175072,0.39802316963037,0.42437609028194,0.46125148062342,0.49684783504823
alle_lehrkraefte,45,2025-09-12,20,7,1,3.9082087439743,kognition,2.1969604991137,1,1,0,0.56213857080057,0.033812121852611,0.13194589398309,0.32139828186305,0.47968884541538,0.45640853074794,0.35176006075289
alle_lehrkraefte,46,2025-09-12,20,7,1,1.6223511642224,kognition,1.3099250211841,1,1,0,0.80741887199446,-0.22053774378081,0.021828366465223,0.015987161275233,0.45547534456461,0.29937627667966,-0.040118943019373
alle_lehrkraefte,39,2025-09-15,20,2,1,3.7834187822736,performanz,2.1524916087874,1,0,0,0.43529939562806,0.035551443866491,0.119184436252,0.4104201615304,0.35006848278279,0.56892616001453,0.42470070376623
alle_lehrkraefte,40,2025-09-15,20,2,1,4.7203348418297,kognition,2.5684402293092,1,0,0,0.54412131218651,0.034339382852549,0.145716218238,0.32815106372612,0.43803370736583,0.46050645028912,0.41218019240003
alle_lehrkraefte,41,2025-09-15,20,2,1,4.6528861597638,performanz,2.3369126707959,1,0,0,0.45163227136925,0.21250462012127,0.1734894590181,0.40952500747516,0.40519201492762,0.50224904888369,0.3696238348482
alle_lehrkraefte,42,2025-09-15,20,2,1,3.1766681938078,kognition,1.628635644424,1,0,0,0.51268512107983,0.22387537947476,0.28929848813247,0.40637796246605,0.35743108585166,0.47592781995218,0.2897007950665
alle_lehrkraefte,43,2025-09-15,20,2,1,4.105530115666,regulation,1.9603476546835,1,0,0,0.40874243667907,0.052973024371062,0.031854050439072,0.42453459808445,0.46443239119492,0.45296988137695,0.47748836924115
alle_lehrkraefte,34,2025-09-19,20,7,1,3.2500733602901,performanz,1.7503923860708,1,0,0,0.38839016543615,0.042134255804933,0.11434696884422,0.40387347344296,0.423619496146,0.53856845872242,0.44908034483934
alle_lehrkraefte,35,2025-09-19,20,7,1,3.2578547618,kognition,1.8346726067272,1,0,0,0.56315186199242,0.031352009134577,0.21853304168741,0.26739485678908,0.44746296860024,0.50787483501136,0.32319380690867
alle_lehrkraefte,36,2025-09-19,20,7,1,3.9472334029979,kognition,2.3317185870149,1,1,0,0.59072075090275,0.036035643093624,0.11051648660271,0.31723657760352,0.43648255743814,0.44637104913987,0.38357304861061
alle_lehrkraefte,37,2025-09-19,20,7,1,3.73654460792,kognition,1.9983364398439,1,1,0,0.53480723541635,0.23766947744919,0.32205417002549,0.38482504297687,0.38977370733012,0.39078727981567,0.31787048430686
alle_lehrkraefte,38,2025-09-19,20,7,1,3.2680013090368,kognition,1.7210596468562,1,0,0,0.52663821636637,0.059917132129427,0.10515379467749,0.32731466212845,0.43852952957493,0.41554212567743,0.48567519117027
alle_lehrkraefte,31,2025-09-22,20,2,1,4.04857516276,kognition,2.2375701027702,1,0,0,0.55267951958922,0.19636489490517,0.31562955398473,0.31897353826335,0.43567210529291,0.4119372974083,0.30840327964697
alle_lehrkraefte,32,2025-09-22,20,2,1,4.4336617364237,kognition,2.1820491743331,1,0,0,0.49215397621954,0.1998670220788,0.11445072171214,0.39248883283008,0.46126862894737,0.42771883525212,0.39366803854352
alle_lehrkraefte,33,2025-09-22,20,2,1,4.1805161786248,performanz,2.061049496361,1,0,0,0.49006663241819,0.040531893031969,0.13003042817653,0.36777609699608,0.43194466879972,0.49301198181686,0.41997963815352
alle_lehrkraefte,26,2025-09-26,20,7,1,3.2500733602901,performanz,1.7503923860708,1,0,0,0.38839016543615,0.042134255804933,0.11434696884422,0.40387347344296,0.423619496146,0.53856845872242,0.44908034483934
alle_lehrkraefte,27,2025-09-26,20,7,1,4.2764814618867,kognition,2.2919360807261,1,1,0,0.5359384208182,0.18590005547427,0.29880876428253,0.32922973437561,0.42820464055857,0.43139081174337,0.33327220027853
alle_lehrkraefte,28,2025-09-26,20,7,1,0.99141868047763,kognition,0.811,1,0,0,0.81801143740294,0.0,0.17853023972912,0.0,0.48515844807745,0.25216135554961,0.0
alle_lehrkraefte,29,2025-09-26,20,7,1,2.8317859427849,performanz,1.5905662396008,1,0,0,0.34456488256982,0.060358887711972,0.16437475016394,0.43433565860583,0.4076290773864,0.56168109275437,0.42463059971445
alle_lehrkraefte,30,2025-09-26,20,7,1,3.4752254188631,performanz,1.7185730315922,1,0,0,0.31877151424459,0.19146773728403,0.17310725067521,0.46890082280075,0.38408892483263,0.49451988842658,0.46883978948033
alle_lehrkraefte,21,2025-09-29,20,2,1,2.6788847117208,performanz,1.844266143772,1,0,0,0.24224088438831,0.01073976314306,0.075934832213756,0.43885713583648,0.19729834265167,0.68844293719454,0.47953576244391
alle_lehrkraefte,22,2025-09-29,20,2,1,4.466581322438,kognition,2.7682973486899,1,1,1,0.6197785176323,0.02801118491248,0.21750641921344,0.23950031054412,0.50737318760695,0.42467013619691,0.2695250780338
alle_lehrkraefte,23,2025-09-29,20,2,1,4.362368859302,kognition,2.2688988134381,1,0,0,0.52010586118627,0.19744656419101,0.27327195712571,0.37284289932841,0.46304826268623,0.41077008263379,0.30604741185795
alle_lehrkraefte,24,2025-09-29,20,2,1,4.0162409249856,regulation,-2.2199674698438,-1,2,0,-0.51774848962593,-0.11215954428789,-0.18479456906514,-0.26602147683105,-0.41880394442131,-0.36539045547567,-0.55274620816968
alle_lehrkraefte,25,2025-09-29,20,2,1,3.4246644235568,kognition,2.1046227351488,1,1,1,0.6145468079161,0.29199855995695,0.15229173432608,0.29199855995695,0.49927156175311,0.35186311417586,0.23564283788526
alle_lehrkraefte,16,2025-10-20,20,2,1,4.2776947265947,kognition,2.4410982889583,1,0,0,0.57065609830007,0.061680906507123,0.098417161158226,0.35536178558859,0.45537212052641,0.40162071683407,0.40732235788888
alle_lehrkraefte,17,2025-10-20,20,2,1,4.1753366045791,kognition,2.0025209823477,1,0,0,0.47960592784119,0.20384347683099,0.27356109825585,0.38796629419017,0.38566077691678,0.43325305356153,0.40819754744271
alle_lehrkraefte,18,2025-10-20,20,2,1,2.5677818078907,motivation,1.2052751378734,1,2,1,0.35414748083857,0.38945317322984,-0.016509864641924,0.46938195463106,0.38464361882541,0.39297273842287,0.44713277366814
alle_lehrkraefte,19,2025-10-20,20,2,1,3.6133900265862,kognition,2.4241953523872,1,0,0,0.67089038981313,0.0,0.27260700094581,0.12121547483737,0.48802215807,0.46603119948005,0.074445120390985
alle_lehrkraefte,20,2025-10-20,20,2,1,3.4752254188631,performanz,1.7185730315922,1,0,0,0.31877151424459,0.19146773728403,0.17310725067521,0.46890082280075,0.38408892483263,0.49451988842658,0.46883978948033
alle_lehrkraefte,11,2025-10-24,20,7,1,4.1345309576921,performanz,1.988922705534,1,1,0,0.35129292884059,0.21311434101394,0.27236711854315,0.45754424948293,0.35979991748407,0.48105042999603,0.43217430996179
alle_lehrkraefte,12,2025-10-24,20,7,1,4.4037939267681,kognition,2.0758103279544,1,1,0,0.47136756369572,0.19326863389136,0.25936949549562,0.3896542953049,0.38321455826266,0.44758563467458,0.41733201464963
alle_lehrkraefte,13,2025-10-24,20,7,1,2.8888755659315,sozial,1.5587443540156,1,1,0,0.37831587943523,0.53956597395126,0.029926290388881,0.46983040777715,0.25197936507438,0.39635197416013,0.35144565621995
alle_lehrkraefte,14,2025-10-24,20,7,1,2.9900649591247,kognition,1.7353345284312,1,0,0,0.58036489123308,0.10643085034257,0.28652846723075,0.23051807041907,0.42718416964422,0.47692739623724,0.32658716896938
alle_lehrkraefte,15,2025-10-24,20,7,1,4.1805161786248,performanz,2.061049496361,1,0,0,0.49006663241819,0.040531893031969,0.13003042817653,0.36777609699608,0.43194466879972,0.49301198181686,0.41997963815352
alle_lehrkraefte,6,2025-10-27,20,2,1,3.7011651508002,kognition,2.1684041030201,1,1,0,0.58586908607967,0.031850875719515,0.1133674869774,0.31201643281213,0.45610778016662,0.4616490767318,0.35267111220798
alle_lehrkraefte,7,2025-10-27,20,2,1,3.644316435302,kognition,1.8767956837469,1,1,1,0.51499110111725,0.10893645425238,0.17406012234356,0.29083577198318,0.41050812492958,0.47090042463132,0.46665300140837
alle_lehrkraefte,8,2025-10-27,20,2,1,3.7431099554033,performanz,2.0873425430114,1,1,0,0.41363397339236,0.090449019194631,0.28763812668545,0.37418675529916,0.35005654217597,0.55764778256659,0.40553485172941
alle_lehrkraefte,9,2025-10-27,20,2,1,2.7153344123817,kognition,1.512680856227,1,1,0,0.55708618373762,-0.077067209853772,-0.023311259048937,0.34116611055201,0.49480456333913,0.45950366325734,0.33285937163261
alle_lehrkraefte,10,2025-10-27,20,2,1,2.8957199704337,regulation,1.539769585776,1,0,0,0.47088581038576,0.15755269598282,0.14777939986544,0.33022333356776,0.43475917646087,0.38831659764443,0.5317379733254
alle_lehrkraefte,1,2025-11-03,20,2,1,4.8013363108794,kognition,2.4207499997062,1,1,0,0.50418150305489,0.050987814741659,0.094859944650951,0.38810784929659,0.41463768278023,0.4438380933649,0.46330801454674
alle_lehrkraefte,2,2025-11-03,20,2,1,4.1959607750546,kognition,2.2176040705498,1,1,1,0.52850798764701,0.033057437189919,0.11991473533283,0.3111460283294,0.50972860238967,0.43980333406568,0.39387831994598
alle_lehrkraefte,3,2025-11-03,20,2,1,3.7592794149567,performanz,2.0560234558756,1,1,0,0.38312516016929,0.20106786940037,0.30305502307402,0.46025162147509,0.32355873327168,0.54691810843174,0.32449642541173
alle_lehrkraefte,4,2025-11-03,20,2,1,2.7153344123817,kognition,1.512680856227,1,1,0,0.55708618373762,-0.077067209853772,-0.023311259048937,0.34116611055201,0.49480456333913,0.45950366325734,0.33285937163261
alle_lehrkraefte,5,2025-11-03,20,2,1,3.0240571504654,regulation,1.4279047558095,1,2,0,0.33940662801459,0.35165369924952,-0.028935370103071,0.47015906248171,0.44061701743393,0.34950231383445,0.47218024096779
alle_lehrkraefte,1584,2025-11-10,20,2,1,3.5213129836393,kognition,2.1740412824802,1,0,0,0.61739331852865,0.0,0.30075818626489,0.29661220180336,0.44033243717446,0.45440135012021,0.20003070633707
alle_lehrkraefte,1585,2025-11-10,20,2,1,4.4037939267681,kognition,2.0758103279544,1,1,0,0.47136756369572,0.19326863389136,0.25936949549562,0.3896542953049,0.38321455826266,0.44758563467458,0.41733201464963
alle_lehrkraefte,1586,2025-11-10,20,2,1,0.99141868047763,kognition,0.811,1,1,0,0.81801143740294,0.0,0.17853023972912,0.0,0.48515844807745,0.25216135554961,0.0
alle_lehrkraefte,1587,2025-11-10,20,2,1,3.1029026024035,kognition,1.6983290877114,1,1,0,0.54733384575381,0.32087660148077,0.40553359103825,0.40361836664247,0.35652164517353,0.36221028318406,0.10857334062683
alle_lehrkraefte,1588,2025-11-10,20,2,1,2.8317859427849,performanz,1.5905662396008,1,0,0,0.34456488256982,0.060358887711972,0.16437475016394,0.43433565860583,0.4076290773864,0.56168109275437,0.42463059971445
alle_lehrkraefte,1579,2025-11-14,20,7,1,4.4186696153973,performanz,2.2037111148771,1,1,0,0.43739123441208,0.17677719718114,0.28673745068925,0.40933900610108,0.36513935384405,0.49872615955185,0.38157946340416
alle_lehrkraefte,1580,2025-11-14,20,7,1,3.8229300313861,kognition,2.0311230831007,1,0,0,0.5312987037268,0.20795513229951,0.31164531269073,0.34246928522452,0.41648835124838,0.41913366222758,0.33305785235829
alle_lehrkraefte,1581,2025-11-14,20,7,1,3.7913177909615,performanz,2.070230043039,1,2,1,0.40066003049603,0.14518123583831,0.31037324191651,0.39449229918019,0.33468306175801,0.54604353861843,0.39529312190918
alle_lehrkraefte,1582,2025-11-14,20,7,1,4.5339414150742,performanz,2.260374675858,1,1,0,0.4388648454313,0.049012142319769,0.093902205182241,0.41400029487602,0.39896667426924,0.49854408857202,0.46589329515275
alle_lehrkraefte,1583,2025-11-14,20,7,1,2.75996044218,performanz,1.5441145590549,1,0,0,0.43932164769612,0.042751448779437,0.18166522223245,0.34358458909564,0.39592187708246,0.5594677882982,0.42936068208789
alle_lehrkraefte,1574,2025-11-17,20,2,1,3.5213129836393,kognition,2.1740412824802,1,0,0,0.61739331852865,0.0,0.30075818626489,0.29661220180336,0.44033243717446,0.45440135012021,0.20003070633707
alle_lehrkraefte,1575,2025-11-17,20,2,1,3.8848123394548,kognition,2.1771334646017,1,0,0,0.56042034213261,0.034015755895922,0.12981774813661,0.3233339081433,0.47871788840694,0.45713074460057,0.35387854133091
alle_lehrkraefte,1576,2025-11-17,20,2,1,3.2329626409957,kognition,2.1007496204029,1,0,0,0.64978886420639,0.21997712788837,0.35515124084448,0.27670078979669,0.44026184334936,0.35680791519323,0.074432512455309
alle_lehrkraefte,1577,2025-11-17,20,2,1,3.4485985759833,kognition,1.7810481523429,1,1,0,0.51645413305136,0.19987339821091,0.26136553149895,0.38073011467188,0.4730752660784,0.39683639254655,0.31428213854986
alle_lehrkraefte,1578,2025-11-17,20,2,1,4.4959941585393,performanz,2.2176844063113,1,1,0,0.375599256091,0.19102751887718,0.30355711105251,0.41043602931968,0.36850416155279,0.49325675157556,0.42746583907391
alle_lehrkraefte,1570,2025-11-24,20,2,1,4.5541230711521,kognition,2.511166734315,1,0,0,0.55140389950875,0.05235998110521,0.14658400966966,0.3346361050355,0.47968001633742,0.42651733665845,0.3843561228171
alle_lehrkraefte,1571,2025-11-24,20,2,1,2.1705909655679,regulation,1.0748847029185,1,1,0,0.41016065224904,0.049968981073429,0.032170610827381,0.39633397743253,0.46323979442207,0.45970750767414,0.49520143037311
alle_lehrkraefte,1572,2025-11-24,20,2,1,3.1492118583832,kognition,1.8515721846579,1,1,0,0.58794593328796,0.015904736151126,0.19002988281868,0.28714245259574,0.39675344827274,0.52855286700544,0.31419212553827
alle_lehrkraefte,1573,2025-11-24,20,2,1,4.2229338212973,performanz,2.3471781258477,1,1,0,0.48447594579984,0.027345134836385,0.17227891562572,0.37636054523989,0.34681638071395,0.55581561706086,0.40495762572439
alle_lehrkraefte,1566,2025-11-28,20,7,1,4.2776947265947,kognition,2.4410982889583,1,0,0,0.57065609830007,0.061680906507123,0.098417161158226,0.35536178558859,0.45537212052641,0.40162071683407,0.40732235788888
alle_lehrkraefte,1567,2025-11-28,20,7,1,3.916840808544,kognition,2.2069589158005,1,0,0,0.5634523814352,0.076723644298226,0.31177537024684,0.31845471584113,0.42787289584912,0.43423975906972,0.32614892186079
alle_lehrkraefte,1568,2025-11-28,20,7,1,2.5553402422033,performanz,1.5570911828289,1,0,0,0.44652012702407,0.031112132778026,0.17952669910686,0.37349850335762,0.31353891804787,0.60934550462497,0.39787487959923
alle_lehrkraefte,1569,2025-11-28,20,7,1,4.0578127668032,kognition,1.7468429863796,1,1,0,0.43048774842273,0.28241639133245,0.31314652429469,0.41780346808517,0.36786569284546,0.40358753700582,0.40507752344252
alle_lehrkraefte,1561,2025-12-01,20,2,1,2.6788847117208,performanz,1.844266143772,1,0,0,0.24224088438831,0.01073976314306,0.075934832213756,0.43885713583648,0.19729834265167,0.68844293719454,0.47953576244391
alle_lehrkraefte,1562,2025-12-01,20,2,1,3.1172442691244,kognition,2.1688746734496,1,0,0,0.69576444081953,0.0,0.16369007378504,0.15193693723741,0.48658802563816,0.43032265210642,0.20995395265513
alle_lehrkraefte,1563,2025-12-01,20,2,1,4.5051999610504,kognition,2.2147698359634,1,0,0,0.49160191314302,0.062345305630295,0.07325617380748,0.40938129345955,0.38284523733197,0.45825543665079,0.47424482196104
alle_lehrkraefte,1564,2025-12-01,20,2,1,4.6528861597638,performanz,2.3369126707959,1,0,0,0.45163227136925,0.21250462012127,0.1734894590181,0.40952500747516,0.40519201492762,0.50224904888369,0.3696238348482
alle_lehrkraefte,1565,2025-12-01,20,2,1,3.1766681938078,kognition,1.628635644424,1,0,0,0.51268512107983,0.22387537947476,0.28929848813247,0.40637796246605,0.35743108585166,0.47592781995218,0.2897007950665
alle_lehrkraefte,1556,2025-12-08,20,2,1,4.0096002650977,kognition,2.5326051745112,1,0,0,0.63163375167823,0.015541942208395,0.17179344520515,0.22267654332557,0.47982510846894,0.45027324687481,0.29785281840573
alle_lehrkraefte,1557,2025-12-08,20,2,1,3.9217345495925,kognition,2.0177356751246,1,1,1,0.5144995166333,0.025498856117589,0.091349994354582,0.32152827570838,0.47511997278933,0.47679603355376,0.41211194626164
alle_lehrkraefte,1558,2025-12-08,20,2,1,4.03765358036,performanz,2.2864617340759,1,1,0,0.43974113747622,0.030939032474943,0.17252081947192,0.39356353551596,0.3959268881027,0.56628336872782,0.37891280113976
alle_lehrkraefte,1559,2025-12-08,20,2,1,4.6296399360136,regulation,2.1883510844683,1,1,0,0.3437522067968,0.25946795253019,0.26548788134884,0.47109083323561,0.36707130691702,0.40487862641862,0.47268176097837
alle_lehrkraefte,1560,2025-12-08,20,2,1,3.7913177909615,performanz,2.070230043039,1,2,1,0.40066003049603,0.14518123583831,0.31037324191651,0.39449229918019,0.33468306175801,0.54604353861843,0.39529312190918
alle_lehrkraefte,1552,2026-01-16,20,7,1,2.8371568730149,performanz,1.6203139294579,1,0,0,0.54845682023067,0.028021755359531,0.16693232310901,0.30201188330985,0.37207718972365,0.57110279443525,0.33871143059007
alle_lehrkraefte,1553,2026-01-16,20,7,1,4.7299790770357,methodik,2.1410505413095,1,1,0,0.44419334632973,0.193543274998,0.0710246340135,0.41578844647734,0.45265443670988,0.44516430395875,0.42922862904441
alle_lehrkraefte,1554,2026-01-16,20,7,1,3.3989502526716,kognition,2.3210201415921,1,1,0,0.68286180745059,0.01826365831898,0.17566245392676,0.19020295592194,0.51264892743446,0.39897867265262,0.21055388947738
alle_lehrkraefte,1555,2026-01-16,20,7,1,1.7830001959488,performanz,1.3195872615143,1,0,0,0.38136155656562,0.022433971544799,0.21359046816581,0.36212796890268,0.22310986354917,0.74008957689225,0.28245480372957
alle_lehrkraefte,1547,2026-01-21,20,0,19,3.1073267084519,kognition,1.9342871926371,1,1,1,0.62249037491684,0.0,0.11492455442266,0.23104024420111,0.44023969477505,0.50017229306716,0.31926280320256
alle_lehrkraefte,1548,2026-01-21,20,0,19,4.1753366045791,kognition,2.0025209823477,1,0,0,0.47960592784119,0.20384347683099,0.27356109825585,0.38796629419017,0.38566077691678,0.43325305356153,0.40819754744271
alle_lehrkraefte,1549,2026-01-21,20,0,19,3.9909291971125,performanz,2.0864958050995,1,0,0,0.50686404877188,0.033885703813723,0.13418955811809,0.37059932669004,0.40085263899891,0.52280821682502,0.39060672750351
alle_lehrkraefte,1550,2026-01-21,20,0,19,4.4022111192169,regulation,2.1995823178481,1,0,0,0.38015269720671,0.19096170639702,0.20959935680266,0.44100657534342,0.40273763842269,0.41078430713137,0.49965284756969
alle_lehrkraefte,1551,2026-01-21,20,0,19,4.2766590717479,motivation,2.0818792519938,1,0,0,0.33209301290047,0.37841837691444,0.38256831241431,0.48679923956401,0.28414573900136,0.39297120036295,0.35778751746519
alle_lehrkraefte,1542,2026-01-23,20,7,23,4.2434364120772,kognition,2.1266007185707,1,0,0,0.50114942244074,0.11396715072385,0.17824852421908,0.34183623305069,0.44985360536929,0.43478865646368,0.44251784498799
alle_lehrkraefte,1543,2026-01-23,20,7,23,2.9011619883243,performanz,1.8146533005108,1,0,0,0.48967516717457,0.0,0.17265110518826,0.31720137154232,0.35619597135299,0.62548973580807,0.33417546746929
alle_lehrkraefte,1544,2026-01-23,20,7,23,4.5051999610504,kognition,2.2147698359634,1,0,0,0.49160191314302,0.062345305630295,0.07325617380748,0.40938129345955,0.38284523733197,0.45825543665079,0.47424482196104
alle_lehrkraefte,1545,2026-01-23,20,7,23,4.362368859302,kognition,2.2688988134381,1,0,0,0.52010586118627,0.19744656419101,0.27327195712571,0.37284289932841,0.46304826268623,0.41077008263379,0.30604741185795
alle_lehrkraefte,1546,2026-01-23,20,7,23,1.7830001959488,performanz,1.3195872615143,1,0,0,0.38136155656562,0.022433971544799,0.21359046816581,0.36212796890268,0.22310986354917,0.74008957689225,0.28245480372957
alle_lehrkraefte,1537,2026-01-28,20,0,19,3.1073267084519,kognition,1.9342871926371,1,1,1,0.62249037491684,0.0,0.11492455442266,0.23104024420111,0.44023969477505,0.50017229306716,0.31926280320256
alle_lehrkraefte,1538,2026-01-28,20,0,19,3.9217345495925,kognition,2.0177356751246,1,1,1,0.5144995166333,0.025498856117589,0.091349994354582,0.32152827570838,0.47511997278933,0.47679603355376,0.41211194626164
alle_lehrkraefte,1539,2026-01-28,20,0,19,3.7380877154002,kognition,1.9143876066936,1,0,0,0.51212882927236,0.068380993975131,0.13341396740815,0.36293621368387,0.44389234660528,0.44167008486147,0.43750187478944
alle_lehrkraefte,1540,2026-01-28,20,0,19,3.9438823807714,performanz,2.238051769172,1,1,0,0.5276304910445,0.012700027765247,0.24396199182774,0.32263651643742,0.37701906244822,0.56747282965521,0.30603781146679
alle_lehrkraefte,1541,2026-01-28,20,0,19,4.0108469640926,kognition,2.1416923254118,1,1,0,0.53397374790112,0.26036234415329,0.12279005478786,0.364287280733,0.47043558172801,0.40450314641996,0.33817665111898
alle_lehrkraefte,176,2025-02-10,21,2,1,3.1502063129415,performanz,2.0498076429998,1,1,0,0.47761862849177,0.014629898512974,0.18602975272762,0.32706881131361,0.31871613703402,0.65068790183676,0.3241978796819
alle_lehrkraefte,175,2025-03-04,21,0,1,2.676695890062,performanz,1.553411875812,1,0,0,0.42460223526205,0.029554764657001,0.15432989391585,0.40312946844816,0.33986310739878,0.5803446249285,0.42449273951197
alle_lehrkraefte,174,2025-04-01,21,0,1,2.3851425920755,kognition,1.114246137927,1,0,0,0.46715926755757,0.31714834091772,0.41008150150236,0.39892873071411,0.36929884023285,0.33739546972809,0.32193548568629
alle_lehrkraefte,169,2025-08-25,21,2,1,3.2500733602901,performanz,1.7503923860708,1,0,0,0.38839016543615,0.042134255804933,0.11434696884422,0.40387347344296,0.423619496146,0.53856845872242,0.44908034483934
alle_lehrkraefte,170,2025-08-25,21,2,1,3.8229300313861,kognition,2.0311230831007,1,0,0,0.5312987037268,0.20795513229951,0.31164531269073,0.34246928522452,0.41648835124838,0.41913366222758,0.33305785235829
alle_lehrkraefte,171,2025-08-25,21,2,1,4.5347833117075,performanz,2.3014253844218,1,0,0,0.41476969392919,0.051856732935361,0.10098465693496,0.42176385072412,0.42040859468173,0.50750392051611,0.45042902589896
alle_lehrkraefte,172,2025-08-25,21,2,1,4.0164817262936,regulation,1.9126138920563,1,0,0,0.4588553814492,0.047909025290553,0.09026084042588,0.38084333672938,0.45894389366437,0.44336919087771,0.47619017351276
alle_lehrkraefte,173,2025-08-25,21,2,1,4.363566322741,performanz,1.9966423536502,1,0,0,0.38111368433806,0.2107779087295,0.2996903444672,0.41367887200184,0.37838787209203,0.45757016858961,0.44365312663578
alle_lehrkraefte,164,2025-09-01,21,2,1,3.5846603474751,regulation,1.7810357015046,1,0,0,0.44499407838611,0.049847783190915,0.036900952175072,0.39802316963037,0.42437609028194,0.46125148062342,0.49684783504823
alle_lehrkraefte,165,2025-09-01,21,2,1,3.3171643288248,performanz,2.0727800937162,1,1,1,0.52909083961634,0.0,0.29748094803146,0.27124453844477,0.37170182269161,0.62486317818892,0.17138291539365
alle_lehrkraefte,166,2025-09-01,21,2,1,3.1443711090881,kognition,1.473212922878,1,1,0,0.46852238064275,0.23827174473619,0.28124665024161,0.42298258717174,0.3350072408433,0.40654256773133,0.43380449033815
alle_lehrkraefte,167,2025-09-01,21,2,1,3.5655874874173,kognition,2.2009129520582,1,0,0,0.61726343476093,0.037799812012656,0.18382639127447,0.28178965695487,0.46623570321268,0.46595771324522,0.26431334205833
alle_lehrkraefte,168,2025-09-01,21,2,1,4.766014081322,regulation,2.3358286965014,1,0,0,0.46034606997404,0.12046710266232,0.13530206615574,0.39610570126781,0.40717581938225,0.43859820175407,0.49010006173814
alle_lehrkraefte,159,2025-09-08,21,2,1,3.7834187822736,performanz,2.1524916087874,1,0,0,0.43529939562806,0.035551443866491,0.119184436252,0.4104201615304,0.35006848278279,0.56892616001453,0.42470070376623
alle_lehrkraefte,160,2025-09-08,21,2,1,3.1172442691244,kognition,2.1688746734496,1,0,0,0.69576444081953,0.0,0.16369007378504,0.15193693723741,0.48658802563816,0.43032265210642,0.20995395265513
alle_lehrkraefte,161,2025-09-08,21,2,1,3.050519966414,kognition,1.8346238946577,1,0,0,0.60141153008057,0.25796034376092,0.36992244687776,0.36833268059845,0.37038652482427,0.38425337642634,0.12002358492601
alle_lehrkraefte,162,2025-09-08,21,2,1,3.7807537621279,performanz,1.9577799980576,1,0,0,0.51042066750317,0.03083949094383,0.14821465789205,0.36597314714407,0.37761274092899,0.5178265877569,0.41457772698257
alle_lehrkraefte,163,2025-09-08,21,2,1,3.1844962872024,performanz,1.7623605672214,1,0,0,0.35830210771604,0.21987884155731,0.30560875784078,0.47619592143151,0.25159370964146,0.55341720451418,0.36542762457524
alle_lehrkraefte,154,2025-09-15,21,2,1,3.6813879930869,kognition,2.3310275582356,1,0,0,0.63319085918254,0.026149747064184,0.14669077169834,0.25844845876031,0.47775089783145,0.44131972317682,0.29505471879653
alle_lehrkraefte,155,2025-09-15,21,2,1,4.1959607750546,kognition,2.2176040705498,1,1,1,0.52850798764701,0.033057437189919,0.11991473533283,0.3111460283294,0.50972860238967,0.43980333406568,0.39387831994598
alle_lehrkraefte,156,2025-09-15,21,2,1,1.9935420942378,motivation,1.2459236375843,1,4,0,0.1924119840039,0.33536319260425,0.25723120973569,0.62497671427077,0.082253812699267,0.4466343056288,0.43299820303145
alle_lehrkraefte,157,2025-09-15,21,2,1,0.64509368875739,performanz,0.36031573992149,1,1,0,0.45476826958888,0.023954914833706,-0.12224612210571,0.40066611377607,0.53025495302298,0.55853926461889,0.15481313276983
alle_lehrkraefte,158,2025-09-15,21,2,1,2.4618609597996,kognition,1.6566860222492,1,0,0,0.67293779783815,0.0,0.25562377022792,0.15425123718291,0.44110365154733,0.5044428994776,0.094734207310967
alle_lehrkraefte,150,2025-09-22,21,2,1,4.1345309576921,performanz,1.988922705534,1,1,0,0.35129292884059,0.21311434101394,0.27236711854315,0.45754424948293,0.35979991748407,0.48105042999603,0.43217430996179
alle_lehrkraefte,151,2025-09-22,21,2,1,3.1813676431278,performanz,1.4780206620485,1,0,0,0.43697363840821,0.31432923474525,0.046982968609961,0.43014855236104,0.39172434957001,0.46458510363938,0.39207451324792
alle_lehrkraefte,152,2025-09-22,21,2,1,4.2157345291432,regulation,1.9791706721549,1,0,0,0.37487060772453,0.2035061245517,0.30634878400679,0.42635033914532,0.34151654325095,0.45320148723103,0.46947120691802
alle_lehrkraefte,153,2025-09-22,21,2,1,4.9946265310618,regulation,2.313833831872,1,1,0,0.41890779460302,0.17740135474721,0.18447467974737,0.43405868844984,0.40459236989813,0.43851444065215,0.46326370647438
alle_lehrkraefte,145,2025-09-29,21,2,1,4.2375936204146,performanz,2.034911587693,1,0,0,0.44755458964527,0.18471160900953,0.27647585423301,0.40997226864095,0.37266138334302,0.48020338143233,0.38933769139254
alle_lehrkraefte,146,2025-09-29,21,2,1,4.4247995695105,kognition,2.7431027601632,1,0,0,0.61993690735636,0.028768242753371,0.20958625007286,0.24606156155614,0.50280793819869,0.42502155926261,0.27733420685918
alle_lehrkraefte,147,2025-09-29,21,2,1,4.2766590717479,motivation,2.0818792519938,1,0,0,0.33209301290047,0.37841837691444,0.38256831241431,0.48679923956401,0.28414573900136,0.39297120036295,0.35778751746519
alle_lehrkraefte,148,2025-09-29,21,2,1,3.4817423048328,kognition,2.1505046567471,1,0,0,0.61765009927963,0.2872117004452,0.15603886664661,0.2872117004452,0.50103511698974,0.35272549844014,0.23177984225927
alle_lehrkraefte,149,2025-09-29,21,2,1,2.4618609597996,kognition,1.6566860222492,1,0,0,0.67293779783815,0.0,0.25562377022792,0.15425123718291,0.44110365154733,0.5044428994776,0.094734207310967
alle_lehrkraefte,140,2025-10-20,21,2,1,4.2375936204146,performanz,2.034911587693,1,0,0,0.44755458964527,0.18471160900953,0.27647585423301,0.40997226864095,0.37266138334302,0.48020338143233,0.38933769139254
alle_lehrkraefte,141,2025-10-20,21,2,1,4.4247995695105,kognition,2.7431027601632,1,0,0,0.61993690735636,0.028768242753371,0.20958625007286,0.24606156155614,0.50280793819869,0.42502155926261,0.27733420685918
alle_lehrkraefte,142,2025-10-20,21,2,1,2.8957199704337,regulation,1.539769585776,1,0,0,0.47088581038576,0.15755269598282,0.14777939986544,0.33022333356776,0.43475917646087,0.38831659764443,0.5317379733254
alle_lehrkraefte,143,2025-10-20,21,2,1,3.1819690767104,performanz,1.6514653847318,1,0,0,0.46303540907394,0.052306337430451,0.18165981882267,0.37481530099105,0.44958792227474,0.51900573351321,0.37131243005745
alle_lehrkraefte,144,2025-10-20,21,2,1,4.4032316710435,kognition,2.3437059350914,1,0,0,0.53226829463029,0.048845255544648,0.095115608315886,0.33850149905816,0.46567789684473,0.4561965200456,0.40706098943248
alle_lehrkraefte,135,2025-10-27,21,2,1,3.7011651508002,kognition,2.1684041030201,1,1,0,0.58586908607967,0.031850875719515,0.1133674869774,0.31201643281213,0.45610778016662,0.4616490767318,0.35267111220798
alle_lehrkraefte,136,2025-10-27,21,2,1,4.1684033499006,kognition,2.1474646536876,1,1,0,0.51517555324469,0.021235716399355,0.17812047079192,0.32411661689531,0.4551826878565,0.51140647421908,0.35865310683844
alle_lehrkraefte,137,2025-10-27,21,2,1,3.050519966414,kognition,1.8346238946577,1,0,0,0.60141153008057,0.25796034376092,0.36992244687776,0.36833268059845,0.37038652482427,0.38425337642634,0.12002358492601
alle_lehrkraefte,138,2025-10-27,21,2,1,3.4333342274091,methodik,1.6923157810732,1,1,0,0.45560273520211,0.048083977176934,0.071709281313335,0.3792497481292,0.49290594504422,0.4472213857957,0.44516561249039
alle_lehrkraefte,139,2025-10-27,21,2,1,0.99141868047763,kognition,0.811,1,1,0,0.81801143740294,0.0,0.17853023972912,0.0,0.48515844807745,0.25216135554961,0.0
alle_lehrkraefte,130,2025-11-03,21,2,1,4.2776947265947,kognition,2.4410982889583,1,0,0,0.57065609830007,0.061680906507123,0.098417161158226,0.35536178558859,0.45537212052641,0.40162071683407,0.40732235788888
alle_lehrkraefte,131,2025-11-03,21,2,1,3.644316435302,kognition,1.8767956837469,1,1,1,0.51499110111725,0.10893645425238,0.17406012234356,0.29083577198318,0.41050812492958,0.47090042463132,0.46665300140837
alle_lehrkraefte,132,2025-11-03,21,2,1,3.4817423048328,kognition,2.1505046567471,1,0,0,0.61765009927963,0.2872117004452,0.15603886664661,0.2872117004452,0.50103511698974,0.35272549844014,0.23177984225927
alle_lehrkraefte,133,2025-11-03,21,2,1,3.1437365552397,motivation,1.5709381606312,1,0,0,0.41639422718857,0.25364958858365,0.2809104230657,0.49970254695402,0.3186249364815,0.46368490082326,0.34224630506538
alle_lehrkraefte,134,2025-11-03,21,2,1,3.3659078131316,kognition,1.8644313920995,1,0,0,0.55391471081846,0.027419524844313,0.15221827542323,0.29709727428258,0.43315863907753,0.40624546152473,0.47783024759156
alle_lehrkraefte,1100,2025-11-10,21,2,1,3.9028243912711,kognition,2.1928329711058,1,1,0,0.56185652560873,0.035514064351567,0.10716096158394,0.3336892807476,0.43935402011948,0.47241530936597,0.37948739649417
alle_lehrkraefte,1101,2025-11-10,21,2,1,3.1813676431278,performanz,1.4780206620485,1,0,0,0.43697363840821,0.31432923474525,0.046982968609961,0.43014855236104,0.39172434957001,0.46458510363938,0.39207451324792
alle_lehrkraefte,1102,2025-11-10,21,2,1,2.8006523873511,kognition,1.4758361358457,1,0,0,0.52695967300848,0.28386141920944,0.3913078160065,0.35705838894269,0.40277514975236,0.34038294450806,0.28814611987675
alle_lehrkraefte,1103,2025-11-10,21,2,1,2.1129969924978,performanz,-1.8674785612985,-1,0,0,-0.23666123224212,0.09973348232948,-0.23115913641968,-0.28495457071789,-0.12530584779423,-0.88380141094134,0.050941979720327
alle_lehrkraefte,1096,2025-11-17,21,2,1,4.1345309576921,performanz,1.988922705534,1,1,0,0.35129292884059,0.21311434101394,0.27236711854315,0.45754424948293,0.35979991748407,0.48105042999603,0.43217430996179
alle_lehrkraefte,1097,2025-11-17,21,2,1,4.04857516276,kognition,2.2375701027702,1,0,0,0.55267951958922,0.19636489490517,0.31562955398473,0.31897353826335,0.43567210529291,0.4119372974083,0.30840327964697
alle_lehrkraefte,1098,2025-11-17,21,2,1,2.9898402914902,kognition,1.8497956426329,1,1,0,0.61869172777574,0.26165124118264,0.37511761181132,0.32912105809137,0.40496483599092,0.3576085578641,0.088533564626579
alle_lehrkraefte,1099,2025-11-17,21,2,1,4.3406553652064,kognition,2.1462963786463,1,1,0,0.49446253006518,0.26550279432215,0.053552965854877,0.37877182858556,0.4109033095443,0.44109602015534,0.41864927793105
alle_lehrkraefte,1092,2025-11-24,21,2,1,4.0340534938675,kognition,2.340692642289,1,0,0,0.58023197846223,0.023304726557337,0.19163855593931,0.29484982127906,0.44721093505122,0.49891575077313,0.30034394131757
alle_lehrkraefte,1093,2025-11-24,21,2,1,3.9956993418333,kognition,2.4784503914436,1,0,0,0.62027794802174,0.017456248999166,0.13276811815846,0.24254013544875,0.49304966323876,0.45222844057314,0.30146959684203
alle_lehrkraefte,1094,2025-11-24,21,2,1,2.7800794322758,performanz,1.5619583131048,1,0,0,0.4828625632128,0.016496962767111,0.21435825162725,0.32723127590326,0.36859184201213,0.56183743406635,0.40250886323243
alle_lehrkraefte,1095,2025-11-24,21,2,1,3.5017444958452,motivation,1.7458338296571,1,0,0,0.34469658567642,0.26112979820776,0.24928452739593,0.49855974533009,0.35845155720786,0.43144183162675,0.43319235068464
alle_lehrkraefte,1087,2025-12-01,21,2,1,2.8880375884253,motivation,1.6401735572884,1,1,0,0.33503668365262,0.32038509609569,0.43729181778179,0.5679177738836,0.22979626349353,0.40213666852666,0.23837351162418
alle_lehrkraefte,1088,2025-12-01,21,2,1,2.7008782028216,kognition,1.8124059963247,1,0,0,0.67104073187158,0.0,0.13221920340388,0.18986342323182,0.46057081054162,0.46390437256253,0.26236264134944
alle_lehrkraefte,1089,2025-12-01,21,2,1,3.7807537621279,performanz,1.9577799980576,1,0,0,0.51042066750317,0.03083949094383,0.14821465789205,0.36597314714407,0.37761274092899,0.5178265877569,0.41457772698257
alle_lehrkraefte,1090,2025-12-01,21,2,1,3.5017444958452,motivation,1.7458338296571,1,0,0,0.34469658567642,0.26112979820776,0.24928452739593,0.49855974533009,0.35845155720786,0.43144183162675,0.43319235068464
alle_lehrkraefte,1091,2025-12-01,21,2,1,3.1819690767104,performanz,1.6514653847318,1,0,0,0.46303540907394,0.052306337430451,0.18165981882267,0.37481530099105,0.44958792227474,0.51900573351321,0.37131243005745
alle_lehrkraefte,1082,2025-12-08,21,2,1,4.0637489057853,kognition,2.0829911382815,1,0,0,0.51257744038802,0.23013458756657,0.17127204180886,0.37232291210636,0.40439334712313,0.50538671650944,0.31207265509604
alle_lehrkraefte,1083,2025-12-08,21,2,1,3.9453024964552,kognition,2.3459293201978,1,1,1,0.59461178862399,0.17052830396184,0.30842106960146,0.27913815177287,0.45862360065479,0.4018311838535,0.26926989756156
alle_lehrkraefte,1084,2025-12-08,21,2,1,3.702637071267,performanz,1.9659302386016,1,0,0,0.47017325437901,0.18259732730411,0.27316223778375,0.42473426924758,0.31688346369353,0.5309526403036,0.32900954691659
alle_lehrkraefte,1085,2025-12-08,21,2,1,4.2332441001739,kognition,2.2209564799031,1,0,0,0.52464520847256,0.057651067006785,0.12431452439003,0.36300826394135,0.46358746533329,0.45239334066434,0.39321350670068
alle_lehrkraefte,1086,2025-12-08,21,2,1,3.050519966414,kognition,1.8346238946577,1,0,0,0.60141153008057,0.25796034376092,0.36992244687776,0.36833268059845,0.37038652482427,0.38425337642634,0.12002358492601
alle_lehrkraefte,1077,2025-12-16,21,0,18,4.2434364120772,kognition,2.1266007185707,1,0,0,0.50114942244074,0.11396715072385,0.17824852421908,0.34183623305069,0.44985360536929,0.43478865646368,0.44251784498799
alle_lehrkraefte,1078,2025-12-16,21,0,18,2.5500239990253,regulation,1.5887506947218,1,0,0,0.30106002388061,0.15568419877999,0.13842952687491,0.37101936000202,0.30931179423061,0.49442664870243,0.62303118128191
alle_lehrkraefte,1079,2025-12-16,21,0,18,4.1066196583502,regulation,1.9611829425497,1,1,0,0.45479888547485,0.19603031562825,0.22223033496086,0.40278440644117,0.38328801363239,0.41003110509019,0.47756508516951
alle_lehrkraefte,1080,2025-12-16,21,0,18,3.4752254188631,performanz,1.7185730315922,1,0,0,0.31877151424459,0.19146773728403,0.17310725067521,0.46890082280075,0.38408892483263,0.49451988842658,0.46883978948033
alle_lehrkraefte,1081,2025-12-16,21,0,18,3.2346333289896,regulation,1.553207951233,1,2,0,0.43733050150753,0.22603274082431,0.032045122263973,0.45206961184473,0.39443184375602,0.40755714823022,0.48017904704139
alle_lehrkraefte,1072,2026-01-06,21,0,23,3.7834187822736,performanz,2.1524916087874,1,0,0,0.43529939562806,0.035551443866491,0.119184436252,0.4104201615304,0.35006848278279,0.56892616001453,0.42470070376623
alle_lehrkraefte,1073,2026-01-06,21,0,23,3.5046583852388,kognition,2.0772518399554,1,1,0,0.59270995472911,0.037629046859325,0.10166548436159,0.31605277833603,0.40263592842087,0.44426987951362,0.42137466894537
alle_lehrkraefte,1074,2026-01-06,21,0,23,3.2680013090368,kognition,1.7210596468562,1,0,0,0.52663821636637,0.059917132129427,0.10515379467749,0.32731466212845,0.43852952957493,0.41554212567743,0.48567519117027
alle_lehrkraefte,1075,2026-01-06,21,0,23,4.4997329107928,performanz,2.4143754428081,1,0,0,0.50947910481707,0.03379630274003,0.17639907893204,0.35791044083201,0.36333508883705,0.53655853027006,0.40020050611167
alle_lehrkraefte,1076,2026-01-06,21,0,23,1.8970848998075,performanz,1.1897469705338,1,1,0,0.56653179159401,0.0,0.27198407691166,0.23087933030891,0.37193825747922,0.6271415155112,0.14179575308926
alle_lehrkraefte,1068,2026-01-13,21,0,23,2.86636421726,kognition,2.0532452617647,1,2,0,0.71632142425822,0.0,0.24589649946494,0.10102785763875,0.48005379208708,0.42650143713645,0.062046789280422
alle_lehrkraefte,1069,2026-01-13,21,0,23,3.0556171049096,performanz,1.8608741963844,1,0,0,0.55550638970887,0.0,0.29078875442313,0.25128473348535,0.3845063379814,0.60899911294624,0.15804728787018
alle_lehrkraefte,1070,2026-01-13,21,0,23,3.961007449354,kognition,2.17271425264,1,0,0,0.54852428206151,0.028144193203567,0.15231775143531,0.32706755945492,0.43173643708193,0.46775918359501,0.40367694556994
alle_lehrkraefte,1071,2026-01-13,21,0,23,3.4333342274091,methodik,1.6923157810732,1,1,0,0.45560273520211,0.048083977176934,0.071709281313335,0.3792497481292,0.49290594504422,0.4472213857957,0.44516561249039
alle_lehrkraefte,1063,2026-01-20,21,0,23,4.2434364120772,kognition,2.1266007185707,1,0,0,0.50114942244074,0.11396715072385,0.17824852421908,0.34183623305069,0.44985360536929,0.43478865646368,0.44251784498799
alle_lehrkraefte,1064,2026-01-20,21,0,23,3.4522478891995,kognition,1.8706043338075,1,1,1,0.54184953553435,0.028966549779741,0.10377305345183,0.30141773302564,0.50406736303315,0.44719022762149,0.38713011245978
alle_lehrkraefte,1065,2026-01-20,21,0,23,4.2154606819304,performanz,2.2329100933114,1,0,0,0.47702884675405,0.035858957413928,0.14440605365886,0.38564030488792,0.40772019219027,0.52969413424763,0.39340778595657
alle_lehrkraefte,1066,2026-01-20,21,0,23,3.702637071267,performanz,1.9659302386016,1,0,0,0.47017325437901,0.18259732730411,0.27316223778375,0.42473426924758,0.31688346369353,0.5309526403036,0.32900954691659
alle_lehrkraefte,1067,2026-01-20,21,0,23,3.9646280613375,kognition,1.8796171795718,1,0,0,0.47409552914842,0.41406760217284,0.095995289892389,0.41406760217284,0.43806451980786,0.35846842256622,0.32048275638434
alle_lehrkraefte,2925,2025-08-27,22,4,1,4.6221765003632,regulation,2.2831943720438,1,1,0,0.42028364349602,0.07674949586674,0.058605948586205,0.41798896030911,0.44907287797465,0.44005726793527,0.4939641383714
alle_lehrkraefte,2926,2025-08-27,22,4,1,3.8229300313861,kognition,2.0311230831007,1,0,0,0.5312987037268,0.20795513229951,0.31164531269073,0.34246928522452,0.41648835124838,0.41913366222758,0.33305785235829
alle_lehrkraefte,2927,2025-08-27,22,4,1,3.3908447253838,kognition,1.7822209932404,1,1,0,0.5255963872173,-0.047136263280379,-0.0050573607560181,0.36222538038919,0.47999647595641,0.46056531224002,0.38440978831667
alle_lehrkraefte,2928,2025-08-27,22,4,1,4.4336617364237,kognition,2.1820491743331,1,0,0,0.49215397621954,0.1998670220788,0.11445072171214,0.39248883283008,0.46126862894737,0.42771883525212,0.39366803854352
alle_lehrkraefte,2929,2025-08-27,22,4,1,4.2232398182455,performanz,2.0572421247468,1,0,0,0.40026681249274,0.052532231378949,0.099371654040563,0.40918835544341,0.4443088960178,0.48712300083671,0.47435541413308
alle_lehrkraefte,2920,2025-08-28,22,6,19,3.5846603474751,regulation,1.7810357015046,1,0,0,0.44499407838611,0.049847783190915,0.036900952175072,0.39802316963037,0.42437609028194,0.46125148062342,0.49684783504823
alle_lehrkraefte,2921,2025-08-28,22,6,19,4.0672866920127,kognition,2.4410729735005,1,0,0,0.60017086491239,0.039084236050462,0.16920738651501,0.26177503922274,0.50156705623623,0.42079721715856,0.3353584909564
alle_lehrkraefte,2922,2025-08-28,22,6,19,2.1129969924978,performanz,-1.8674785612985,-1,0,0,-0.23666123224212,0.09973348232948,-0.23115913641968,-0.28495457071789,-0.12530584779423,-0.88380141094134,0.050941979720327
alle_lehrkraefte,2923,2025-08-28,22,6,19,1.6223511642224,kognition,1.3099250211841,1,1,0,0.80741887199446,-0.22053774378081,0.021828366465223,0.015987161275233,0.45547534456461,0.29937627667966,-0.040118943019373
alle_lehrkraefte,2924,2025-08-28,22,6,19,3.1819690767104,performanz,1.6514653847318,1,0,0,0.46303540907394,0.052306337430451,0.18165981882267,0.37481530099105,0.44958792227474,0.51900573351321,0.37131243005745
alle_lehrkraefte,2915,2025-09-10,22,4,1,3.2342344427424,kognition,1.9138365334644,1,2,0,0.59174146152093,0.038405650800278,0.099214849723068,0.31748586916428,0.39987967905516,0.44424680314885,0.42480704035474
alle_lehrkraefte,2916,2025-09-10,22,4,1,4.0208828769976,kognition,2.2549263317718,1,0,0,0.56080238910905,0.19313389374648,0.31453082891362,0.31024803123641,0.43882592925357,0.40936450227283,0.30473600101233
alle_lehrkraefte,2917,2025-09-10,22,4,1,4.0768791896276,regulation,2.034416095003,1,2,0,0.47545427649376,0.087027322442703,0.089011647561748,0.395227683451,0.37113026524007,0.46420475641485,0.49901186919158
alle_lehrkraefte,2918,2025-09-10,22,4,1,4.8458292980034,kognition,2.4887495600728,1,1,0,0.51358483165098,0.061490211488883,0.10551649015658,0.3882399826205,0.41087257110398,0.45031579473172,0.44607269460341
alle_lehrkraefte,2919,2025-09-10,22,4,1,2.3654242772316,motivation,1.1646065491769,1,4,1,0.32899178951382,0.42911044764118,0.0065736010195556,0.49234365139069,0.36822892694217,0.37707320345214,0.432894842167
alle_lehrkraefte,2910,2025-09-11,22,6,18,2.3852489463375,motivation,1.2951057303566,1,1,1,0.40565905338819,0.24468740597332,0.41380304731485,0.54296231960275,0.27823500908808,0.41439758935696,0.2457219894991
alle_lehrkraefte,2911,2025-09-11,22,6,18,2.7008782028216,kognition,1.8124059963247,1,0,0,0.67104073187158,0.0,0.13221920340388,0.18986342323182,0.46057081054162,0.46390437256253,0.26236264134944
alle_lehrkraefte,2912,2025-09-11,22,6,18,4.7245662545224,kognition,2.4427137214532,1,0,0,0.51702281640921,0.0716425600792,0.12221998272692,0.39657422898699,0.39719402606343,0.45360297474682,0.43797593701499
alle_lehrkraefte,2913,2025-09-11,22,6,18,3.1492118583832,kognition,1.8515721846579,1,1,0,0.58794593328796,0.015904736151126,0.19002988281868,0.28714245259574,0.39675344827274,0.52855286700544,0.31419212553827
alle_lehrkraefte,2914,2025-09-11,22,6,18,2.8957199704337,regulation,1.539769585776,1,0,0,0.47088581038576,0.15755269598282,0.14777939986544,0.33022333356776,0.43475917646087,0.38831659764443,0.5317379733254
alle_lehrkraefte,2904,2025-09-18,22,6,20,4.2099561660691,performanz,2.1770409970906,1,1,0,0.49706707930076,0.031388653301531,0.17344519279507,0.36549739339926,0.43321524744832,0.51711603162915,0.36493602208882
alle_lehrkraefte,2905,2025-09-18,22,6,20,3.916840808544,kognition,2.2069589158005,1,0,0,0.5634523814352,0.076723644298226,0.31177537024684,0.31845471584113,0.42787289584912,0.43423975906972,0.32614892186079
alle_lehrkraefte,2906,2025-09-18,22,6,20,3.4475065704142,kognition,1.9983364398439,1,0,0,0.57964520228655,0.17656477495722,0.28633515641049,0.33452481948389,0.42245213690023,0.39236938764407,0.32636834629356
alle_lehrkraefte,2907,2025-09-18,22,6,20,3.445161991689,regulation,1.6593102589405,1,0,0,0.35697457681494,0.30867452774446,-0.051124322883014,0.44905706607895,0.45666641004076,0.36400878395462,0.48163350420338
alle_lehrkraefte,2908,2025-09-18,22,6,20,3.7913177909615,performanz,2.070230043039,1,2,1,0.40066003049603,0.14518123583831,0.31037324191651,0.39449229918019,0.33468306175801,0.54604353861843,0.39529312190918
alle_lehrkraefte,2909,2025-09-18,22,6,20,3.6044778914108,kognition,2.3446530758785,1,1,0,0.65048160696161,-0.028351079207643,0.17562163433316,0.23072514216588,0.46986808124052,0.46194660301316,0.24045086650775
alle_lehrkraefte,2899,2025-09-24,22,4,1,3.0075822377954,kognition,2.078940017929,1,1,0,0.69123067675319,0.0,0.25591478507693,0.12837894832579,0.46807332157981,0.46358479692794,0.078844605250314
alle_lehrkraefte,2900,2025-09-24,22,4,1,3.2645506643148,kognition,1.752927244018,1,0,0,0.53695655381115,0.12160901291853,0.19430850592622,0.27023992750622,0.42310320660401,0.44252841115942,0.45961902581514
alle_lehrkraefte,2901,2025-09-24,22,4,1,4.1805161786248,performanz,2.061049496361,1,0,0,0.49006663241819,0.040531893031969,0.13003042817653,0.36777609699608,0.43194466879972,0.49301198181686,0.41997963815352
alle_lehrkraefte,2902,2025-09-24,22,4,1,4.5339414150742,performanz,2.260374675858,1,1,0,0.4388648454313,0.049012142319769,0.093902205182241,0.41400029487602,0.39896667426924,0.49854408857202,0.46589329515275
alle_lehrkraefte,2903,2025-09-24,22,4,1,3.2578547618,kognition,1.8346726067272,1,0,0,0.56315186199242,0.031352009134577,0.21853304168741,0.26739485678908,0.44746296860024,0.50787483501136,0.32319380690867
alle_lehrkraefte,2894,2025-09-25,22,6,18,4.7653905687971,kognition,2.2414953024427,1,1,0,0.47036870669794,0.071220868695358,0.091961975579142,0.39006654587399,0.46307096173179,0.4334201960125,0.45910780175665
alle_lehrkraefte,2895,2025-09-25,22,6,18,3.1073267084519,kognition,1.9342871926371,1,1,0,0.62249037491684,0.0,0.11492455442266,0.23104024420111,0.44023969477505,0.50017229306716,0.31926280320256
alle_lehrkraefte,2896,2025-09-25,22,6,18,4.9946265310618,regulation,2.313833831872,1,1,0,0.41890779460302,0.17740135474721,0.18447467974737,0.43405868844984,0.40459236989813,0.43851444065215,0.46326370647438
alle_lehrkraefte,2897,2025-09-25,22,6,18,3.73654460792,kognition,1.9983364398439,1,1,0,0.53480723541635,0.23766947744919,0.32205417002549,0.38482504297687,0.38977370733012,0.39078727981567,0.31787048430686
alle_lehrkraefte,2898,2025-09-25,22,6,18,2.8888755659315,sozial,1.5587443540156,1,1,0,0.37831587943523,0.53956597395126,0.029926290388881,0.46983040777715,0.25197936507438,0.39635197416013,0.35144565621995
alle_lehrkraefte,2889,2025-10-01,22,4,1,1.5071006143225,performanz,0.91608656017512,1,1,1,0.14292479866915,0.019089968855412,-0.10224496962518,0.46647415268712,0.12229153288671,0.60784294893106,0.60556945605985
alle_lehrkraefte,2890,2025-10-01,22,4,1,4.1684033499006,kognition,2.1474646536876,1,1,0,0.51517555324469,0.021235716399355,0.17812047079192,0.32411661689531,0.4551826878565,0.51140647421908,0.35865310683844
alle_lehrkraefte,2891,2025-10-01,22,4,1,3.445161991689,regulation,1.6593102589405,1,0,0,0.35697457681494,0.30867452774446,-0.051124322883014,0.44905706607895,0.45666641004076,0.36400878395462,0.48163350420338
alle_lehrkraefte,2892,2025-10-01,22,4,1,4.1805161786248,performanz,2.061049496361,1,0,0,0.49006663241819,0.040531893031969,0.13003042817653,0.36777609699608,0.43194466879972,0.49301198181686,0.41997963815352
alle_lehrkraefte,2893,2025-10-01,22,4,1,4.4380581662096,methodik,2.2962596473645,1,1,0,0.3593724028549,0.069620425540466,0.042296720632479,0.41380931436907,0.5174007161151,0.4223056357531,0.49691775344976
alle_lehrkraefte,2884,2025-10-02,22,6,18,3.2500733602901,performanz,1.7503923860708,1,0,0,0.38839016543615,0.042134255804933,0.11434696884422,0.40387347344296,0.423619496146,0.53856845872242,0.44908034483934
alle_lehrkraefte,2885,2025-10-02,22,6,18,3.8229300313861,kognition,2.0311230831007,1,0,0,0.5312987037268,0.20795513229951,0.31164531269073,0.34246928522452,0.41648835124838,0.41913366222758,0.33305785235829
alle_lehrkraefte,2886,2025-10-02,22,6,18,4.4022111192169,regulation,2.1995823178481,1,0,0,0.38015269720671,0.19096170639702,0.20959935680266,0.44100657534342,0.40273763842269,0.41078430713137,0.49965284756969
alle_lehrkraefte,2887,2025-10-02,22,6,18,4.4336617364237,kognition,2.1820491743331,1,0,0,0.49215397621954,0.1998670220788,0.11445072171214,0.39248883283008,0.46126862894737,0.42771883525212,0.39366803854352
alle_lehrkraefte,2888,2025-10-02,22,6,18,2.8006523873511,kognition,1.4758361358457,1,0,0,0.52695967300848,0.28386141920944,0.3913078160065,0.35705838894269,0.40277514975236,0.34038294450806,0.28814611987675
alle_lehrkraefte,2879,2025-10-07,22,2,1,3.5846603474751,regulation,1.7810357015046,1,0,0,0.44499407838611,0.049847783190915,0.036900952175072,0.39802316963037,0.42437609028194,0.46125148062342,0.49684783504823
alle_lehrkraefte,2880,2025-10-07,22,2,1,3.9754603937968,kognition,2.1118789605959,1,0,0,0.53122744012662,0.022266357176725,0.15845702965771,0.31305095472288,0.4683200092299,0.49369494887372,0.36211699940813
alle_lehrkraefte,2881,2025-10-07,22,2,1,3.648548811648,performanz,1.8144280300528,1,0,0,0.38885845163842,0.19199426251791,0.31575625939891,0.41583833205431,0.32791525199639,0.49729992682597,0.42949116716453
alle_lehrkraefte,2882,2025-10-07,22,2,1,4.4336617364237,kognition,2.1820491743331,1,0,0,0.49215397621954,0.1998670220788,0.11445072171214,0.39248883283008,0.46126862894737,0.42771883525212,0.39366803854352
alle_lehrkraefte,2883,2025-10-07,22,2,1,2.5553402422033,performanz,1.5570911828289,1,0,0,0.44652012702407,0.031112132778026,0.17952669910686,0.37349850335762,0.31353891804787,0.60934550462497,0.39787487959923
alle_lehrkraefte,2874,2025-10-09,22,6,18,3.7834187822736,performanz,2.1524916087874,1,0,0,0.43529939562806,0.035551443866491,0.119184436252,0.4104201615304,0.35006848278279,0.56892616001453,0.42470070376623
alle_lehrkraefte,2875,2025-10-09,22,6,18,4.04857516276,kognition,2.2375701027702,1,0,0,0.55267951958922,0.19636489490517,0.31562955398473,0.31897353826335,0.43567210529291,0.4119372974083,0.30840327964697
alle_lehrkraefte,2876,2025-10-09,22,6,18,4.363566322741,performanz,1.9966423536502,1,0,0,0.38111368433806,0.2107779087295,0.2996903444672,0.41367887200184,0.37838787209203,0.45757016858961,0.44365312663578
alle_lehrkraefte,2877,2025-10-09,22,6,18,3.8905038385904,kognition,1.9316956848234,1,1,0,0.49651428190865,0.053043559070364,0.10570725339821,0.35304187399171,0.46146449087851,0.44283837987998,0.45363742432729
alle_lehrkraefte,2878,2025-10-09,22,6,18,3.8142796373613,performanz,2.0658163514687,1,0,0,0.50667974471114,0.022409062778034,0.23481270717957,0.3180050784504,0.44967993433559,0.54159923547331,0.30159942670511
alle_lehrkraefte,2869,2025-10-15,22,4,1,2.5067581730363,performanz,1.5566689652548,1,1,1,0.26142891558259,0.011477205989188,-0.061471372040178,0.42662989407497,0.21000085495624,0.62098640871495,0.5621378322668
alle_lehrkraefte,2870,2025-10-15,22,4,1,2.3428052989296,methodik,1.3071304723696,1,0,0,0.51447576205092,0.042683689169047,0.09160513239389,0.31116409404235,0.55793150786012,0.39453333050523,0.40165351508073
alle_lehrkraefte,2871,2025-10-15,22,4,1,4.4032316710435,kognition,2.3437059350914,1,0,0,0.53226829463029,0.048845255544648,0.095115608315886,0.33850149905816,0.46567789684473,0.4561965200456,0.40706098943248
alle_lehrkraefte,2872,2025-10-15,22,4,1,3.8995392280503,methodik,2.0534298272575,1,0,0,0.51572033646035,0.023111379596837,0.14713864022183,0.29720121974227,0.52658133214136,0.45873431996406,0.3684967432254
alle_lehrkraefte,2873,2025-10-15,22,4,1,2.8957199704337,regulation,1.539769585776,1,0,0,0.47088581038576,0.15755269598282,0.14777939986544,0.33022333356776,0.43475917646087,0.38831659764443,0.5317379733254
alle_lehrkraefte,2864,2025-10-16,22,6,18,3.7834187822736,performanz,2.1524916087874,1,0,0,0.43529939562806,0.035551443866491,0.119184436252,0.4104201615304,0.35006848278279,0.56892616001453,0.42470070376623
alle_lehrkraefte,2865,2025-10-16,22,6,18,2.4366088452089,performanz,-1.4552652158942,-1,0,0,-0.21141108626145,-0.15707180025819,-0.29598138611071,-0.37273403427469,-0.25021502605258,-0.59724778816174,-0.53364545639735
alle_lehrkraefte,2866,2025-10-16,22,6,18,3.5253302199341,performanz,1.7364678940513,1,0,0,0.45873591159058,0.17557733186734,0.29381275481814,0.38507725246167,0.43967873597745,0.49256746461871,0.29694741524276
alle_lehrkraefte,2867,2025-10-16,22,6,18,3.8411483190915,kognition,2.509295155464,1,0,0,0.65326522548996,0.020984344791132,0.16805441832496,0.2240481499757,0.47451664831199,0.42970909557727,0.29076309654101
alle_lehrkraefte,2868,2025-10-16,22,6,18,3.3233958757153,kognition,1.8888915756821,1,1,0,0.56836018419675,0.037237226112195,0.080792004910457,0.34461562095382,0.4123224685031,0.42860518859677,0.44336731060167
alle_lehrkraefte,2859,2025-10-22,22,4,1,2.8935343055325,performanz,1.4253665391979,1,0,0,0.39737641086683,0.047325988210371,0.030414216433146,0.39703066566278,0.45471727313677,0.49260228587913,0.48152065627541
alle_lehrkraefte,2860,2025-10-22,22,4,1,3.2645506643148,kognition,1.752927244018,1,0,0,0.53695655381115,0.12160901291853,0.19430850592622,0.27023992750622,0.42310320660401,0.44252841115942,0.45961902581514
alle_lehrkraefte,2861,2025-10-22,22,4,1,3.0088267944093,performanz,1.7349960417186,1,0,0,0.49568317504876,0.021792505626107,0.18265534692838,0.34599423350428,0.40517032831338,0.57663348339209,0.32260265823754
alle_lehrkraefte,2862,2025-10-22,22,4,1,2.8317859427849,performanz,1.5905662396008,1,0,0,0.34456488256982,0.060358887711972,0.16437475016394,0.43433565860583,0.4076290773864,0.56168109275437,0.42463059971445
alle_lehrkraefte,2863,2025-10-22,22,4,1,3.276288313951,performanz,1.7212648120425,1,2,0,0.46878708785693,0.035244448496262,0.11504846158701,0.38690581511958,0.42418921959293,0.5253687689894,0.40013659534304
alle_lehrkraefte,2849,2025-10-23,22,6,1,4.6221765003632,regulation,2.2831943720438,1,1,0,0.42028364349602,0.07674949586674,0.058605948586205,0.41798896030911,0.44907287797465,0.44005726793527,0.4939641383714
alle_lehrkraefte,2850,2025-10-23,22,6,1,3.0556171049096,performanz,1.8608741963844,1,0,0,0.55550638970887,0.0,0.29078875442313,0.25128473348535,0.3845063379814,0.60899911294624,0.15804728787018
alle_lehrkraefte,2851,2025-10-23,22,6,1,3.4333342274091,methodik,1.6923157810732,1,1,0,0.45560273520211,0.048083977176934,0.071709281313335,0.3792497481292,0.49290594504422,0.4472213857957,0.44516561249039
alle_lehrkraefte,2852,2025-10-23,22,6,1,4.0164817262936,regulation,1.9126138920563,1,0,0,0.4588553814492,0.047909025290553,0.09026084042588,0.38084333672938,0.45894389366437,0.44336919087771,0.47619017351276
alle_lehrkraefte,2853,2025-10-23,22,6,1,4.4022111192169,regulation,2.1995823178481,1,0,0,0.38015269720671,0.19096170639702,0.20959935680266,0.44100657534342,0.40273763842269,0.41078430713137,0.49965284756969
alle_lehrkraefte,2854,2025-10-23,22,6,18,3.3390173794307,performanz,1.5752921706211,1,0,0,0.4453971633637,0.10840822376021,0.24513638282625,0.41734687449694,0.34808714570617,0.47178174708159,0.46027176364271
alle_lehrkraefte,2855,2025-10-23,22,6,18,3.2645506643148,kognition,1.752927244018,1,0,0,0.53695655381115,0.12160901291853,0.19430850592622,0.27023992750622,0.42310320660401,0.44252841115942,0.45961902581514
alle_lehrkraefte,2856,2025-10-23,22,6,18,2.9587323352089,motivation,1.8151486855143,1,0,0,0.20418107569392,0.27982740008289,0.36160357600822,0.61348656958536,0.19574299446748,0.33674943419556,0.47027814781919
alle_lehrkraefte,2857,2025-10-23,22,6,18,3.178534159656,motivation,1.6075723274489,1,0,0,0.38863533897205,0.41489552577574,0.45227740105734,0.50575743066691,0.24074757899589,0.36817985403732,0.15151487029706
alle_lehrkraefte,2858,2025-10-23,22,6,18,3.8411483190915,kognition,2.509295155464,1,0,0,0.65326522548996,0.020984344791132,0.16805441832496,0.2240481499757,0.47451664831199,0.42970909557727,0.29076309654101
alle_lehrkraefte,2844,2025-10-29,22,4,1,3.3466330496577,kognition,1.9447651791729,1,2,0,0.58110923403433,0.046416962130248,0.043712270511339,0.33692203134747,0.47015395919109,0.36781222046947,0.43404349430382
alle_lehrkraefte,2845,2025-10-29,22,4,1,3.8454915842306,kognition,2.4503618349918,1,1,0,0.63720213899796,0.018138101277961,0.1379541259842,0.2262590984732,0.50167899874423,0.44001213438009,0.2795035344365
alle_lehrkraefte,2846,2025-10-29,22,4,1,4.0578127668032,kognition,1.7468429863796,1,1,0,0.43048774842273,0.28241639133245,0.31314652429469,0.41780346808517,0.36786569284546,0.40358753700582,0.40507752344252
alle_lehrkraefte,2847,2025-10-29,22,4,1,3.3533597644884,motivation,1.7915442913418,1,0,0,0.41425099938255,0.29820749581207,0.29614522655344,0.53425193675745,0.28669873699374,0.4000688015956,0.35225572510267
alle_lehrkraefte,2848,2025-10-29,22,4,1,2.5553402422033,performanz,1.5570911828289,1,0,0,0.44652012702407,0.031112132778026,0.17952669910686,0.37349850335762,0.31353891804787,0.60934550462497,0.39787487959923
alle_lehrkraefte,2839,2025-11-05,22,4,1,4.4551129975811,regulation,1.9959356940206,1,1,0,0.42712673188726,0.20932180483936,0.22463516220349,0.43490551633252,0.39802647975766,0.41833197494224,0.44800911110743
alle_lehrkraefte,2840,2025-11-05,22,4,1,4.0208828769976,kognition,2.2549263317718,1,0,0,0.56080238910905,0.19313389374648,0.31453082891362,0.31024803123641,0.43882592925357,0.40936450227283,0.30473600101233
alle_lehrkraefte,2841,2025-11-05,22,4,1,2.9898402914902,kognition,1.8497956426329,1,1,0,0.61869172777574,0.26165124118264,0.37511761181132,0.32912105809137,0.40496483599092,0.3576085578641,0.088533564626579
alle_lehrkraefte,2842,2025-11-05,22,4,1,2.4727359267413,performanz,1.5583528329756,1,0,0,0.42450201381654,0.020128723815308,0.15990248555212,0.38637338240925,0.27902517895313,0.63021146496408,0.41171598220526
alle_lehrkraefte,2843,2025-11-05,22,4,1,3.4475065704142,kognition,1.9983364398439,1,0,0,0.57964520228655,0.17656477495722,0.28633515641049,0.33452481948389,0.42245213690023,0.39236938764407,0.32636834629356
alle_lehrkraefte,2834,2025-11-06,22,6,1,3.6813879930869,kognition,2.3310275582356,1,0,0,0.63319085918254,0.026149747064184,0.14669077169834,0.25844845876031,0.47775089783145,0.44131972317682,0.29505471879653
alle_lehrkraefte,2835,2025-11-06,22,6,1,4.7203348418297,kognition,2.5684402293092,1,0,0,0.54412131218651,0.034339382852549,0.145716218238,0.32815106372612,0.43803370736583,0.46050645028912,0.41218019240003
alle_lehrkraefte,2836,2025-11-06,22,6,1,4.0578127668032,kognition,1.7468429863796,1,1,0,0.43048774842273,0.28241639133245,0.31314652429469,0.41780346808517,0.36786569284546,0.40358753700582,0.40507752344252
alle_lehrkraefte,2837,2025-11-06,22,6,1,1.8273455172678,performanz,1.1724972459399,1,0,0,0.54980820991586,0.0,0.27410678731762,0.23969063264431,0.36296970946299,0.64163608824894,0.14720726068794
alle_lehrkraefte,2838,2025-11-06,22,6,1,3.2578547618,kognition,1.8346726067272,1,0,0,0.56315186199242,0.031352009134577,0.21853304168741,0.26739485678908,0.44746296860024,0.50787483501136,0.32319380690867
alle_lehrkraefte,2829,2025-11-12,22,4,1,3.0906410220045,performanz,1.5072340371522,1,2,1,0.46922370585666,0.077011763893507,0.23510808419298,0.4219273012279,0.34983980019771,0.48767525884388,0.42470969885431
alle_lehrkraefte,2830,2025-11-12,22,4,1,3.9956993418333,kognition,2.4784503914436,1,0,0,0.62027794802174,0.017456248999166,0.13276811815846,0.24254013544875,0.49304966323876,0.45222844057314,0.30146959684203
alle_lehrkraefte,2831,2025-11-12,22,4,1,3.8838793061339,kognition,2.0461096300162,1,1,0,0.52681975945728,0.069481231038198,0.10297437976036,0.38799774098501,0.3506570616886,0.45990962201269,0.47117400700764
alle_lehrkraefte,2832,2025-11-12,22,4,1,3.5054604059233,regulation,1.6521674795534,1,2,0,0.41704868780184,0.057308012801041,0.04481777131057,0.43363810755397,0.44022910936058,0.4656113369475,0.47131120455665
alle_lehrkraefte,2833,2025-11-12,22,4,1,4.2418067613595,motivation,2.0519663720169,1,1,0,0.35687517920945,0.29880068688514,0.34641805694199,0.4837470563814,0.35222911961893,0.45040191257754,0.32001503204027
alle_lehrkraefte,2824,2025-11-13,22,6,1,4.2776947265947,kognition,2.4410982889583,1,0,0,0.57065609830007,0.061680906507123,0.098417161158226,0.35536178558859,0.45537212052641,0.40162071683407,0.40732235788888
alle_lehrkraefte,2825,2025-11-13,22,6,1,4.4247995695105,kognition,2.7431027601632,1,0,0,0.61993690735636,0.028768242753371,0.20958625007286,0.24606156155614,0.50280793819869,0.42502155926261,0.27733420685918
alle_lehrkraefte,2826,2025-11-13,22,6,1,2.1790951612463,kognition,1.2999584535744,1,1,0,0.59655608948717,0.36482865266828,0.40980739984522,0.39460415496634,0.35073160358203,0.24677962783086,0.058688343660483
alle_lehrkraefte,2827,2025-11-13,22,6,1,2.9900649591247,kognition,1.7353345284312,1,0,0,0.58036489123308,0.10643085034257,0.28652846723075,0.23051807041907,0.42718416964422,0.47692739623724,0.32658716896938
alle_lehrkraefte,2828,2025-11-13,22,6,1,3.1443711090881,kognition,1.473212922878,1,0,0,0.46852238064275,0.23827174473619,0.28124665024161,0.42298258717174,0.3350072408433,0.40654256773133,0.43380449033815
alle_lehrkraefte,2820,2025-11-20,22,6,1,3.1988921097457,kognition,1.919667488646,1,0,0,0.60010197961283,0.028359326892356,0.086449473354213,0.30337364378423,0.40429765756495,0.44207952411901,0.42504956153813
alle_lehrkraefte,2821,2025-11-20,22,6,1,2.7008782028216,kognition,1.8124059963247,1,0,0,0.67104073187158,0.0,0.13221920340388,0.18986342323182,0.46057081054162,0.46390437256253,0.26236264134944
alle_lehrkraefte,2822,2025-11-20,22,6,1,3.7807537621279,performanz,1.9577799980576,1,0,0,0.51042066750317,0.03083949094383,0.14821465789205,0.36597314714407,0.37761274092899,0.5178265877569,0.41457772698257
alle_lehrkraefte,2823,2025-11-20,22,6,1,3.6856067041269,kognition,2.1107934644134,1,1,0,0.5727110640805,0.23541902145029,0.25560735813441,0.39136333009483,0.38505679553671,0.38612816516834,0.31734905313491
alle_lehrkraefte,2815,2025-11-26,22,4,1,3.3685945007785,performanz,1.7146760432305,1,1,1,0.46692129171518,0.043118259161777,0.034712611149409,0.40662835417337,0.37420596681409,0.50901672868817,0.46307630734881
alle_lehrkraefte,2816,2025-11-26,22,4,1,2.7008782028216,kognition,1.8124059963247,1,0,0,0.67104073187158,0.0,0.13221920340388,0.18986342323182,0.46057081054162,0.46390437256253,0.26236264134944
alle_lehrkraefte,2817,2025-11-26,22,4,1,3.4246644235568,kognition,2.1046227351488,1,1,1,0.6145468079161,0.29199855995695,0.15229173432608,0.29199855995695,0.49927156175311,0.35186311417586,0.23564283788526
alle_lehrkraefte,2818,2025-11-26,22,4,1,2.726925290001,motivation,1.2782388005983,1,0,0,0.38912255341303,-0.36671203884696,0.35405227804109,0.46874555670068,0.33610681335805,0.35750598822114,0.35811290209975
alle_lehrkraefte,2819,2025-11-26,22,4,1,4.1066196583502,regulation,1.9611829425497,1,1,0,0.45479888547485,0.19603031562825,0.22223033496086,0.40278440644117,0.38328801363239,0.41003110509019,0.47756508516951
alle_lehrkraefte,2810,2025-12-03,22,4,1,4.5039203437359,performanz,2.1625397852702,1,0,0,0.43533203634603,0.17064144437225,0.24094742665989,0.42185314901355,0.37315321830169,0.48014503338796,0.41900448192064
alle_lehrkraefte,2811,2025-12-03,22,4,1,3.9453024964552,kognition,2.3459293201978,1,1,1,0.59461178862399,0.17052830396184,0.30842106960146,0.27913815177287,0.45862360065479,0.4018311838535,0.26926989756156
alle_lehrkraefte,2812,2025-12-03,22,4,1,2.1705909655679,regulation,1.0748847029185,1,1,0,0.41016065224904,0.049968981073429,0.032170610827381,0.39633397743253,0.46323979442207,0.45970750767414,0.49520143037311
alle_lehrkraefte,2813,2025-12-03,22,4,1,1.7229179248308,kognition,1.3807910822945,1,1,0,0.80142126806034,0.039137726266037,0.19415880276327,0.085637230104267,0.52579057890913,0.14793460676579,0.11317607852982
alle_lehrkraefte,2814,2025-12-03,22,4,1,2.6677743582537,performanz,1.5511427607571,1,0,0,0.32130842266691,0.036953441487947,0.1513991513825,0.40364975331999,0.43700613516417,0.58143483597468,0.42484372043268
alle_lehrkraefte,2806,2025-12-04,22,6,1,3.3390173794307,performanz,1.5752921706211,1,0,0,0.4453971633637,0.10840822376021,0.24513638282625,0.41734687449694,0.34808714570617,0.47178174708159,0.46027176364271
alle_lehrkraefte,2807,2025-12-04,22,6,1,4.1753366045791,kognition,2.0025209823477,1,0,0,0.47960592784119,0.20384347683099,0.27356109825585,0.38796629419017,0.38566077691678,0.43325305356153,0.40819754744271
alle_lehrkraefte,2808,2025-12-04,22,6,1,3.050519966414,kognition,1.8346238946577,1,0,0,0.60141153008057,0.25796034376092,0.36992244687776,0.36833268059845,0.37038652482427,0.38425337642634,0.12002358492601
alle_lehrkraefte,2809,2025-12-04,22,6,1,2.4727359267413,performanz,1.5583528329756,1,0,0,0.42450201381654,0.020128723815308,0.15990248555212,0.38637338240925,0.27902517895313,0.63021146496408,0.41171598220526
alle_lehrkraefte,2802,2025-12-10,22,4,1,4.0096002650977,kognition,2.5326051745112,1,0,0,0.63163375167823,0.015541942208395,0.17179344520515,0.22267654332557,0.47982510846894,0.45027324687481,0.29785281840573
alle_lehrkraefte,2803,2025-12-10,22,4,1,4.1753366045791,kognition,2.0025209823477,1,0,0,0.47960592784119,0.20384347683099,0.27356109825585,0.38796629419017,0.38566077691678,0.43325305356153,0.40819754744271
alle_lehrkraefte,2804,2025-12-10,22,4,1,4.0164817262936,regulation,1.9126138920563,1,0,0,0.4588553814492,0.047909025290553,0.09026084042588,0.38084333672938,0.45894389366437,0.44336919087771,0.47619017351276
alle_lehrkraefte,2805,2025-12-10,22,4,1,2.4266476899275,performanz,-1.4208154801294,-1,0,0,-0.20928205410567,-0.16359950628713,-0.29551362807447,-0.37210261836463,-0.25185081429813,-0.58550305056493,-0.54534086931492
alle_lehrkraefte,2797,2025-12-11,22,6,1,3.7834187822736,performanz,2.1524916087874,1,0,0,0.43529939562806,0.035551443866491,0.119184436252,0.4104201615304,0.35006848278279,0.56892616001453,0.42470070376623
alle_lehrkraefte,2798,2025-12-11,22,6,1,2.5500239990253,regulation,1.5887506947218,1,0,0,0.30106002388061,0.15568419877999,0.13842952687491,0.37101936000202,0.30931179423061,0.49442664870243,0.62303118128191
alle_lehrkraefte,2799,2025-12-11,22,6,1,4.8458292980034,kognition,2.4887495600728,1,1,0,0.51358483165098,0.061490211488883,0.10551649015658,0.3882399826205,0.41087257110398,0.45031579473172,0.44607269460341
alle_lehrkraefte,2800,2025-12-11,22,6,1,4.4022111192169,regulation,2.1995823178481,1,0,0,0.38015269720671,0.19096170639702,0.20959935680266,0.44100657534342,0.40273763842269,0.41078430713137,0.49965284756969
alle_lehrkraefte,2801,2025-12-11,22,6,1,4.3406553652064,kognition,2.1462963786463,1,1,0,0.49446253006518,0.26550279432215,0.053552965854877,0.37877182858556,0.4109033095443,0.44109602015534,0.41864927793105
alle_lehrkraefte,2792,2025-12-18,22,6,23,4.0789242581081,regulation,1.8479915181834,1,0,0,0.42043389351725,0.32285885538557,0.14942820404965,0.40847577548243,0.41016540084089,0.39536647425586,0.45305744129363
alle_lehrkraefte,2793,2025-12-18,22,6,23,4.1753366045791,kognition,2.0025209823477,1,0,0,0.47960592784119,0.20384347683099,0.27356109825585,0.38796629419017,0.38566077691678,0.43325305356153,0.40819754744271
alle_lehrkraefte,2794,2025-12-18,22,6,23,3.2680013090368,kognition,1.7210596468562,1,0,0,0.52663821636637,0.059917132129427,0.10515379467749,0.32731466212845,0.43852952957493,0.41554212567743,0.48567519117027
alle_lehrkraefte,2795,2025-12-18,22,6,23,4.362368859302,kognition,2.2688988134381,1,0,0,0.52010586118627,0.19744656419101,0.27327195712571,0.37284289932841,0.46304826268623,0.41077008263379,0.30604741185795
alle_lehrkraefte,2796,2025-12-18,22,6,23,2.1705909655679,regulation,1.0748847029185,1,1,0,0.41016065224904,0.049968981073429,0.032170610827381,0.39633397743253,0.46323979442207,0.45970750767414,0.49520143037311
alle_lehrkraefte,2788,2026-01-07,22,4,23,4.5039203437359,performanz,2.1625397852702,1,0,0,0.43533203634603,0.17064144437225,0.24094742665989,0.42185314901355,0.37315321830169,0.48014503338796,0.41900448192064
alle_lehrkraefte,2789,2026-01-07,22,4,23,2.9011619883243,performanz,1.8146533005108,1,0,0,0.48967516717457,0.0,0.17265110518826,0.31720137154232,0.35619597135299,0.62548973580807,0.33417546746929
alle_lehrkraefte,2790,2026-01-07,22,4,23,3.3533597644884,motivation,1.7915442913418,1,0,0,0.41425099938255,0.29820749581207,0.29614522655344,0.53425193675745,0.28669873699374,0.4000688015956,0.35225572510267
alle_lehrkraefte,2791,2026-01-07,22,4,23,2.6261746889041,motivation,1.2623925324906,1,0,0,0.41358193012077,0.4120300862581,0.035560809429602,0.48069449868637,0.29942201539725,0.42667263452277,0.39387653764832
alle_lehrkraefte,2783,2026-01-08,22,6,18,3.1988921097457,kognition,1.919667488646,1,0,0,0.60010197961283,0.028359326892356,0.086449473354213,0.30337364378423,0.40429765756495,0.44207952411901,0.42504956153813
alle_lehrkraefte,2784,2026-01-08,22,6,18,3.3833631186319,performanz,2.1257565680491,1,1,0,0.52299969028213,0.0,0.29892053573149,0.27568601845748,0.36872158033832,0.62829504565806,0.1743527374388
alle_lehrkraefte,2785,2026-01-08,22,6,18,3.2283750387732,kognition,1.8833162223165,1,1,0,0.58336171172202,0.03224989635459,0.099301522803928,0.31916876249417,0.44816390272014,0.46417273808412,0.36139473789538
alle_lehrkraefte,2786,2026-01-08,22,6,18,3.6133072357558,performanz,1.7648070047484,1,0,0,0.41658136104671,0.19356657060967,0.3074035795803,0.39676228733864,0.34750802257374,0.48841739863985,0.42161091406453
alle_lehrkraefte,2787,2026-01-08,22,6,18,2.8674352088813,performanz,1.6859498552702,1,0,0,0.41373391072764,0.1011662724033,0.30642597316211,0.28072842674595,0.37441986092981,0.5879623610761,0.39998420555291
alle_lehrkraefte,2778,2026-01-14,22,4,23,3.3390173794307,performanz,1.5752921706211,1,0,0,0.4453971633637,0.10840822376021,0.24513638282625,0.41734687449694,0.34808714570617,0.47178174708159,0.46027176364271
alle_lehrkraefte,2779,2026-01-14,22,4,23,3.0556171049096,performanz,1.8608741963844,1,0,0,0.55550638970887,0.0,0.29078875442313,0.25128473348535,0.3845063379814,0.60899911294624,0.15804728787018
alle_lehrkraefte,2780,2026-01-14,22,4,23,2.5726792369398,performanz,1.3941299453027,1,0,0,0.40931979092097,0.14876422035926,0.30155386371029,0.31573528605835,0.34742965228419,0.54189597611914,0.45314084537648
alle_lehrkraefte,2781,2026-01-14,22,4,23,4.2154606819304,performanz,2.2329100933114,1,0,0,0.47702884675405,0.035858957413928,0.14440605365886,0.38564030488792,0.40772019219027,0.52969413424763,0.39340778595657
alle_lehrkraefte,2782,2026-01-14,22,4,23,3.0088267944093,performanz,1.7349960417186,1,0,0,0.49568317504876,0.021792505626107,0.18265534692838,0.34599423350428,0.40517032831338,0.57663348339209,0.32260265823754
alle_lehrkraefte,2773,2026-01-21,22,4,23,3.5846603474751,regulation,1.7810357015046,1,0,0,0.44499407838611,0.049847783190915,0.036900952175072,0.39802316963037,0.42437609028194,0.46125148062342,0.49684783504823
alle_lehrkraefte,2774,2026-01-21,22,4,23,4.1753366045791,kognition,2.0025209823477,1,0,0,0.47960592784119,0.20384347683099,0.27356109825585,0.38796629419017,0.38566077691678,0.43325305356153,0.40819754744271
alle_lehrkraefte,2775,2026-01-21,22,4,23,3.050519966414,kognition,1.8346238946577,1,0,0,0.60141153008057,0.25796034376092,0.36992244687776,0.36833268059845,0.37038652482427,0.38425337642634,0.12002358492601
alle_lehrkraefte,2776,2026-01-21,22,4,23,3.8938269022808,kognition,2.0318903529178,1,0,0,0.5218221522652,0.26818691882626,0.11186415844222,0.37523507366281,0.46558602370389,0.40539660056191,0.34833975080969
alle_lehrkraefte,2777,2026-01-21,22,4,23,3.9909291971125,performanz,2.0864958050995,1,0,0,0.50686404877188,0.033885703813723,0.13418955811809,0.37059932669004,0.40085263899891,0.52280821682502,0.39060672750351
alle_lehrkraefte,2768,2026-01-22,22,6,18,3.7362141348712,performanz,2.071194181061,1,0,0,0.44069559892085,0.037355174638719,0.10658755293803,0.41158049147071,0.35829413188745,0.55435490652982,0.43352413115014
alle_lehrkraefte,2769,2026-01-22,22,6,18,4.1753366045791,kognition,2.0025209823477,1,0,0,0.47960592784119,0.20384347683099,0.27356109825585,0.38796629419017,0.38566077691678,0.43325305356153,0.40819754744271
alle_lehrkraefte,2770,2026-01-22,22,6,18,4.3406553652064,kognition,2.1462963786463,1,1,0,0.49446253006518,0.26550279432215,0.053552965854877,0.37877182858556,0.4109033095443,0.44109602015534,0.41864927793105
alle_lehrkraefte,2771,2026-01-22,22,6,18,4.9669401934215,regulation,2.5051943093294,1,0,0,0.3909448724847,0.12089807406911,0.11494805508238,0.41638689628016,0.45609554731063,0.42841057129645,0.50437274620701
alle_lehrkraefte,2772,2026-01-22,22,6,18,3.4507597507663,performanz,1.7576385021604,1,0,0,0.44464530526223,0.098341955792704,0.27435660761333,0.36291912005201,0.37409352724782,0.50934679190639,0.43156883465415
alle_lehrkraefte,2764,2026-01-28,22,4,23,1.6103819422733,performanz,1.0,1,1,0,0.37754784039823,0.0,0.0,0.36264463617198,0.29868505136768,0.62096684276024,0.50112024210752
alle_lehrkraefte,2765,2026-01-28,22,4,23,3.5046583852388,kognition,2.0772518399554,1,1,0,0.59270995472911,0.037629046859325,0.10166548436159,0.31605277833603,0.40263592842087,0.44426987951362,0.42137466894537
alle_lehrkraefte,2766,2026-01-28,22,4,23,3.9630517132152,performanz,2.1881851817843,1,1,0,0.39804980465075,0.21357376909659,0.16282875267136,0.43275848984903,0.37785426078498,0.55214511913544,0.36675109183635
alle_lehrkraefte,2767,2026-01-28,22,4,23,2.6261746889041,motivation,1.2623925324906,1,0,0,0.41358193012077,0.4120300862581,0.035560809429602,0.48069449868637,0.29942201539725,0.42667263452277,0.39387653764832
alle_lehrkraefte,2759,2026-01-29,22,6,1,4.2434364120772,kognition,2.1266007185707,1,0,0,0.50114942244074,0.11396715072385,0.17824852421908,0.34183623305069,0.44985360536929,0.43478865646368,0.44251784498799
alle_lehrkraefte,2760,2026-01-29,22,6,1,4.1753366045791,kognition,2.0025209823477,1,0,0,0.47960592784119,0.20384347683099,0.27356109825585,0.38796629419017,0.38566077691678,0.43325305356153,0.40819754744271
alle_lehrkraefte,2761,2026-01-29,22,6,1,4.8458292980034,kognition,2.4887495600728,1,1,0,0.51358483165098,0.061490211488883,0.10551649015658,0.3882399826205,0.41087257110398,0.45031579473172,0.44607269460341
alle_lehrkraefte,2762,2026-01-29,22,6,1,3.1247370982285,performanz,1.8542435914099,1,0,0,0.40826567234631,0.018723816000282,0.11178319840243,0.39781778722095,0.36684700925044,0.59340597274611,0.4189275677597
alle_lehrkraefte,2763,2026-01-29,22,6,1,4.362368859302,kognition,2.2688988134381,1,0,0,0.52010586118627,0.19744656419101,0.27327195712571,0.37284289932841,0.46304826268623,0.41077008263379,0.30604741185795
alle_lehrkraefte,253,2024-08-05,23,2,15,0.0,,0.0,0,0,0,0.0,0.0,0.0,0.0,0.0,0.0,0.0
alle_lehrkraefte,252,2025-02-04,23,0,1,1.8333540301862,methodik,1.0,1,0,0,0.33163081089698,0.05454454126595,0.03272672475957,0.39762970582878,0.5454454126595,0.40853861408197,0.51326413331259
alle_lehrkraefte,251,2025-03-10,23,2,1,1.8277877338466,regulation,0.941,1,0,0,0.49896111758532,0.043768519086431,0.038297454200628,0.39884063017511,0.39446377826646,0.40978275994671,0.51482720575415
alle_lehrkraefte,250,2025-04-28,23,2,1,0.0,,0.0,0,0,0,0.0,0.0,0.0,0.0,0.0,0.0,0.0
alle_lehrkraefte,245,2025-08-25,23,2,1,3.0075822377954,kognition,2.078940017929,1,1,0,0.69123067675319,0.0,0.25591478507693,0.12837894832579,0.46807332157981,0.46358479692794,0.078844605250314
alle_lehrkraefte,246,2025-08-25,23,2,1,2.3428052989296,methodik,1.3071304723696,1,0,0,0.51447576205092,0.042683689169047,0.09160513239389,0.31116409404235,0.55793150786012,0.39453333050523,0.40165351508073
alle_lehrkraefte,247,2025-08-25,23,2,1,2.9898402914902,kognition,1.8497956426329,1,1,0,0.61869172777574,0.26165124118264,0.37511761181132,0.32912105809137,0.40496483599092,0.3576085578641,0.088533564626579
alle_lehrkraefte,248,2025-08-25,23,2,1,3.1819690767104,performanz,1.6514653847318,1,0,0,0.46303540907394,0.052306337430451,0.18165981882267,0.37481530099105,0.44958792227474,0.51900573351321,0.37131243005745
alle_lehrkraefte,249,2025-08-25,23,2,1,3.445161991689,regulation,1.6593102589405,1,0,0,0.35697457681494,0.30867452774446,-0.051124322883014,0.44905706607895,0.45666641004076,0.36400878395462,0.48163350420338
alle_lehrkraefte,241,2025-09-01,23,2,1,3.7834187822736,performanz,2.1524916087874,1,0,0,0.43529939562806,0.035551443866491,0.119184436252,0.4104201615304,0.35006848278279,0.56892616001453,0.42470070376623
alle_lehrkraefte,242,2025-09-01,23,2,1,3.916840808544,kognition,2.2069589158005,1,0,0,0.5634523814352,0.076723644298226,0.31177537024684,0.31845471584113,0.42787289584912,0.43423975906972,0.32614892186079
alle_lehrkraefte,243,2025-09-01,23,2,1,4.105530115666,regulation,1.9603476546835,1,0,0,0.40874243667907,0.052973024371062,0.031854050439072,0.42453459808445,0.46443239119492,0.45296988137695,0.47748836924115
alle_lehrkraefte,244,2025-09-01,23,2,1,3.1844962872024,performanz,1.7623605672214,1,0,0,0.35830210771604,0.21987884155731,0.30560875784078,0.47619592143151,0.25159370964146,0.55341720451418,0.36542762457524
alle_lehrkraefte,236,2025-09-15,23,2,1,2.8880375884253,motivation,1.6401735572884,1,1,0,0.33503668365262,0.32038509609569,0.43729181778179,0.5679177738836,0.22979626349353,0.40213666852666,0.23837351162418
alle_lehrkraefte,237,2025-09-15,23,2,1,4.6361765459891,kognition,2.6228056368715,1,0,0,0.56572478498315,0.048988682338982,0.17044432813436,0.3147111289115,0.48920271513479,0.42441388016159,0.36056963398192
alle_lehrkraefte,238,2025-09-15,23,2,1,2.9937278924857,performanz,1.4379403300243,1,1,0,0.43599502753241,0.052052178841117,0.043996164065169,0.44115162458747,0.4076736139843,0.48031604023636,0.4623208124977
alle_lehrkraefte,239,2025-09-15,23,2,1,1.3025838667872,motivation,0.69981913800531,1,1,0,0.36115172343753,0.5163664375442,0.47059949911277,0.53725044762523,0.18827947253543,0.22451528516508,0.083436058304641
alle_lehrkraefte,240,2025-09-15,23,2,1,3.4721038792412,performanz,1.8125938090566,1,0,0,0.39217224110269,0.21769801896299,0.29717024810151,0.46920701499411,0.33079089078195,0.52204330620997,0.32921959148461
alle_lehrkraefte,231,2025-09-22,23,2,1,3.6813879930869,kognition,2.3310275582356,1,0,0,0.63319085918254,0.026149747064184,0.14669077169834,0.25844845876031,0.47775089783145,0.44131972317682,0.29505471879653
alle_lehrkraefte,232,2025-09-22,23,2,1,3.1813676431278,performanz,1.4780206620485,1,0,0,0.43697363840821,0.31432923474525,0.046982968609961,0.43014855236104,0.39172434957001,0.46458510363938,0.39207451324792
alle_lehrkraefte,233,2025-09-22,23,2,1,4.1877424962358,methodik,2.0353585414423,1,0,0,0.39127593926563,0.06814420500992,0.046609447259146,0.42649716325555,0.48602646485718,0.43207738758716,0.48504625202663
alle_lehrkraefte,234,2025-09-22,23,2,1,3.8471321766507,motivation,1.8221612265061,1,0,0,0.44931392700607,0.17701400363727,0.32602070668933,0.47364020949505,0.33648039015515,0.45262291343093,0.34360840341141
alle_lehrkraefte,235,2025-09-22,23,2,1,3.5517580419398,performanz,1.7816761805797,1,1,1,0.42323574484856,0.16129366203002,0.30455667553456,0.39291713687201,0.3511092726904,0.50163078206162,0.4156926989252
alle_lehrkraefte,226,2025-09-29,23,2,1,4.3258647160129,kognition,2.3289522253193,1,1,0,0.53837717876996,0.045037687757293,0.091400304366745,0.36030747239073,0.39133916782648,0.46224732450067,0.45069121706779
alle_lehrkraefte,227,2025-09-29,23,2,1,3.2645506643148,kognition,1.752927244018,1,0,0,0.53695655381115,0.12160901291853,0.19430850592622,0.27023992750622,0.42310320660401,0.44252841115942,0.45961902581514
alle_lehrkraefte,228,2025-09-29,23,2,1,2.9900649591247,kognition,1.7353345284312,1,0,0,0.58036489123308,0.10643085034257,0.28652846723075,0.23051807041907,0.42718416964422,0.47692739623724,0.32658716896938
alle_lehrkraefte,229,2025-09-29,23,2,1,0.47720959755646,motivation,0.292,1,0,0,0.42538068645846,0.16763770894915,0.25145656342372,0.61187763766439,0.0,0.52386784046609,0.28079316248982
alle_lehrkraefte,230,2025-09-29,23,2,1,2.5315625227324,kognition,1.9179730577314,1,0,0,0.75762121784339,0.017681259848529,0.099494978821222,0.14000273146105,0.47547292371446,0.32817787034038,0.24982860468211
alle_lehrkraefte,221,2025-10-20,23,2,1,3.7011651508002,kognition,2.1684041030201,1,1,0,0.58586908607967,0.031850875719515,0.1133674869774,0.31201643281213,0.45610778016662,0.4616490767318,0.35267111220798
alle_lehrkraefte,222,2025-10-20,23,2,1,3.916840808544,kognition,2.2069589158005,1,0,0,0.5634523814352,0.076723644298226,0.31177537024684,0.31845471584113,0.42787289584912,0.43423975906972,0.32614892186079
alle_lehrkraefte,223,2025-10-20,23,2,1,1.8273455172678,performanz,1.1724972459399,1,0,0,0.54980820991586,0.0,0.27410678731762,0.23969063264431,0.36296970946299,0.64163608824894,0.14720726068794
alle_lehrkraefte,224,2025-10-20,23,2,1,4.1066196583502,regulation,1.9611829425497,1,1,0,0.45479888547485,0.19603031562825,0.22223033496086,0.40278440644117,0.38328801363239,0.41003110509019,0.47756508516951
alle_lehrkraefte,225,2025-10-20,23,2,1,2.5677818078907,motivation,1.2052751378734,1,2,1,0.35414748083857,0.38945317322984,-0.016509864641924,0.46938195463106,0.38464361882541,0.39297273842287,0.44713277366814
alle_lehrkraefte,217,2025-10-27,23,2,1,2.4366088452089,performanz,-1.4552652158942,-1,0,0,-0.21141108626145,-0.15707180025819,-0.29598138611071,-0.37273403427469,-0.25021502605258,-0.59724778816174,-0.53364545639735
alle_lehrkraefte,218,2025-10-27,23,2,1,0.7559504857546,kognition,0.45160220709135,1,2,0,0.59738864081045,0.052912818531873,0.039684613898905,0.36343871056381,0.29323940926186,0.48794453536944,0.42726900609995
alle_lehrkraefte,219,2025-10-27,23,2,1,3.4752254188631,performanz,1.7185730315922,1,0,0,0.31877151424459,0.19146773728403,0.17310725067521,0.46890082280075,0.38408892483263,0.49451988842658,0.46883978948033
alle_lehrkraefte,220,2025-10-27,23,2,1,2.1129969924978,performanz,-1.8674785612985,-1,0,0,-0.23666123224212,0.09973348232948,-0.23115913641968,-0.28495457071789,-0.12530584779423,-0.88380141094134,0.050941979720327
alle_lehrkraefte,215,2025-11-03,23,2,1,4.6221765003632,regulation,2.2831943720438,1,1,0,0.42028364349602,0.07674949586674,0.058605948586205,0.41798896030911,0.44907287797465,0.44005726793527,0.4939641383714
alle_lehrkraefte,216,2025-11-03,23,2,1,2.3952654381643,kognition,1.2611174102,1,0,0,0.52650204235655,0.11634635597757,0.15877535207586,0.29265668669538,0.38319488600229,0.4197213856147,0.52477506057088
alle_lehrkraefte,1872,2025-11-10,23,2,1,4.5039203437359,performanz,2.1625397852702,1,0,0,0.43533203634603,0.17064144437225,0.24094742665989,0.42185314901355,0.37315321830169,0.48014503338796,0.41900448192064
alle_lehrkraefte,1873,2025-11-10,23,2,1,3.9956993418333,kognition,2.4784503914436,1,0,0,0.62027794802174,0.017456248999166,0.13276811815846,0.24254013544875,0.49304966323876,0.45222844057314,0.30146959684203
alle_lehrkraefte,1874,2025-11-10,23,2,1,1.9935420942378,motivation,1.2459236375843,1,4,0,0.1924119840039,0.33536319260425,0.25723120973569,0.62497671427077,0.082253812699267,0.4466343056288,0.43299820303145
alle_lehrkraefte,1875,2025-11-10,23,2,1,3.4507597507663,performanz,1.7576385021604,1,0,0,0.44464530526223,0.098341955792704,0.27435660761333,0.36291912005201,0.37409352724782,0.50934679190639,0.43156883465415
alle_lehrkraefte,1876,2025-11-10,23,2,1,3.1819690767104,performanz,1.6514653847318,1,0,0,0.46303540907394,0.052306337430451,0.18165981882267,0.37481530099105,0.44958792227474,0.51900573351321,0.37131243005745
alle_lehrkraefte,1867,2025-11-17,23,2,1,4.7653905687971,kognition,2.2414953024427,1,1,0,0.47036870669794,0.071220868695358,0.091961975579142,0.39006654587399,0.46307096173179,0.4334201960125,0.45910780175665
alle_lehrkraefte,1868,2025-11-17,23,2,1,2.7008782028216,kognition,1.8124059963247,1,0,0,0.67104073187158,0.0,0.13221920340388,0.18986342323182,0.46057081054162,0.46390437256253,0.26236264134944
alle_lehrkraefte,1869,2025-11-17,23,2,1,2.75996044218,performanz,1.5441145590549,1,0,0,0.43932164769612,0.042751448779437,0.18166522223245,0.34358458909564,0.39592187708246,0.5594677882982,0.42936068208789
alle_lehrkraefte,1870,2025-11-17,23,2,1,4.6452590913521,kognition,2.4036580249543,1,1,0,0.51744214978398,0.058805209392942,0.10773919193437,0.37190440664099,0.39890677270429,0.45305062017137,0.46312974922747
alle_lehrkraefte,1871,2025-11-17,23,2,1,4.1845300685627,regulation,2.3378029514569,1,0,0,0.38787318485344,0.19216826862418,0.17250246888137,0.41054464039032,0.35562121575469,0.41920331406745,0.55867620172171
alle_lehrkraefte,1863,2025-11-24,23,2,1,3.2500733602901,performanz,1.7503923860708,1,0,0,0.38839016543615,0.042134255804933,0.11434696884422,0.40387347344296,0.423619496146,0.53856845872242,0.44908034483934
alle_lehrkraefte,1864,2025-11-24,23,2,1,4.1959607750546,kognition,2.2176040705498,1,1,1,0.52850798764701,0.033057437189919,0.11991473533283,0.3111460283294,0.50972860238967,0.43980333406568,0.39387831994598
alle_lehrkraefte,1865,2025-11-24,23,2,1,2.4727359267413,performanz,1.5583528329756,1,0,0,0.42450201381654,0.020128723815308,0.15990248555212,0.38637338240925,0.27902517895313,0.63021146496408,0.41171598220526
alle_lehrkraefte,1866,2025-11-24,23,2,1,1.6538928464461,regulation,1.0959483968476,1,0,0,0.23508177141809,0.28196494490937,0.27712264868538,0.4160507871843,0.21827158758189,0.35858859808376,0.66264375758378
alle_lehrkraefte,1858,2025-12-08,23,2,1,3.5846603474751,regulation,1.7810357015046,1,0,0,0.44499407838611,0.049847783190915,0.036900952175072,0.39802316963037,0.42437609028194,0.46125148062342,0.49684783504823
alle_lehrkraefte,1859,2025-12-08,23,2,1,3.5046583852388,kognition,2.0772518399554,1,1,0,0.59270995472911,0.037629046859325,0.10166548436159,0.31605277833603,0.40263592842087,0.44426987951362,0.42137466894537
alle_lehrkraefte,1860,2025-12-08,23,2,1,3.4263674606991,kognition,1.7820560115872,1,1,0,0.52009915195497,0.057384238529672,0.01634967429508,0.32019729496019,0.47732956965011,0.41282654755967,0.47448412856735
alle_lehrkraefte,1861,2025-12-08,23,2,1,3.5517580419398,performanz,1.7816761805797,1,1,1,0.42323574484856,0.16129366203002,0.30455667553456,0.39291713687201,0.3511092726904,0.50163078206162,0.4156926989252
alle_lehrkraefte,1862,2025-12-08,23,2,1,2.8674352088813,performanz,1.6859498552702,1,0,0,0.41373391072764,0.1011662724033,0.30642597316211,0.28072842674595,0.37441986092981,0.5879623610761,0.39998420555291
alle_lehrkraefte,1853,2025-12-15,23,2,19,4.0096002650977,kognition,2.5326051745112,1,0,0,0.63163375167823,0.015541942208395,0.17179344520515,0.22267654332557,0.47982510846894,0.45027324687481,0.29785281840573
alle_lehrkraefte,1854,2025-12-15,23,2,19,3.5046583852388,kognition,2.0772518399554,1,1,0,0.59270995472911,0.037629046859325,0.10166548436159,0.31605277833603,0.40263592842087,0.44426987951362,0.42137466894537
alle_lehrkraefte,1855,2025-12-15,23,2,19,1.5890209998845,motivation,0.85188551646247,1,0,0,0.33406255970934,0.45645506608696,0.46047891028742,0.53610377426518,0.18684581263477,0.36274856741847,0.11871153327529
alle_lehrkraefte,1856,2025-12-15,23,2,19,4.3406553652064,kognition,2.1462963786463,1,1,0,0.49446253006518,0.26550279432215,0.053552965854877,0.37877182858556,0.4109033095443,0.44109602015534,0.41864927793105
alle_lehrkraefte,1857,2025-12-15,23,2,19,2.6677743582537,performanz,1.5511427607571,1,0,0,0.32130842266691,0.036953441487947,0.1513991513825,0.40364975331999,0.43700613516417,0.58143483597468,0.42484372043268
alle_lehrkraefte,1850,2026-01-05,23,2,12,3.5846603474751,regulation,1.7810357015046,1,0,0,0.44499407838611,0.049847783190915,0.036900952175072,0.39802316963037,0.42437609028194,0.46125148062342,0.49684783504823
alle_lehrkraefte,1851,2026-01-05,23,2,12,2.5500239990253,regulation,1.5887506947218,1,0,0,0.30106002388061,0.15568419877999,0.13842952687491,0.37101936000202,0.30931179423061,0.49442664870243,0.62303118128191
alle_lehrkraefte,1852,2026-01-05,23,2,12,4.3406553652064,kognition,2.1462963786463,1,1,0,0.49446253006518,0.26550279432215,0.053552965854877,0.37877182858556,0.4109033095443,0.44109602015534,0.41864927793105
alle_lehrkraefte,1845,2026-01-12,23,2,12,4.4388621375364,performanz,2.1744618745086,1,0,0,0.46577705352531,0.21582431903798,0.15028280583915,0.40837051156953,0.4063458558203,0.48986810323295,0.37686600340078
alle_lehrkraefte,1846,2026-01-12,23,2,12,2.9011619883243,performanz,1.8146533005108,1,0,0,0.48967516717457,0.0,0.17265110518826,0.31720137154232,0.35619597135299,0.62548973580807,0.33417546746929
alle_lehrkraefte,1847,2026-01-12,23,2,12,3.8092753542734,performanz,2.06132346452,1,0,0,0.46064846728107,0.033447451813805,0.14540012885798,0.38824406928337,0.41376980713662,0.54113128128023,0.38829864222467
alle_lehrkraefte,1848,2026-01-12,23,2,12,3.702637071267,performanz,1.9659302386016,1,0,0,0.47017325437901,0.18259732730411,0.27316223778375,0.42473426924758,0.31688346369353,0.5309526403036,0.32900954691659
alle_lehrkraefte,1849,2026-01-12,23,2,12,2.1587129569032,kognition,1.2771822134312,1,1,0,0.59163785206759,0.36827328743493,0.41197527053745,0.39903167299848,0.34750634655043,0.2469901369355,0.060128901709216
alle_lehrkraefte,1841,2026-01-19,23,2,12,3.7362141348712,performanz,2.071194181061,1,0,0,0.44069559892085,0.037355174638719,0.10658755293803,0.41158049147071,0.35829413188745,0.55435490652982,0.43352413115014
alle_lehrkraefte,1842,2026-01-19,23,2,12,4.1753366045791,kognition,2.0025209823477,1,0,0,0.47960592784119,0.20384347683099,0.27356109825585,0.38796629419017,0.38566077691678,0.43325305356153,0.40819754744271
alle_lehrkraefte,1843,2026-01-19,23,2,12,2.3554216638968,performanz,1.171031134971,1,0,0,0.19785571730366,0.33095686675477,0.41928909416486,0.49146919269571,0.22256410971708,0.4971620076779,0.37048889297316
alle_lehrkraefte,1844,2026-01-19,23,2,12,2.4727359267413,performanz,1.5583528329756,1,0,0,0.42450201381654,0.020128723815308,0.15990248555212,0.38637338240925,0.27902517895313,0.63021146496408,0.41171598220526
alle_lehrkraefte,2209,2025-09-19,24,7,1,3.6744837708226,kognition,2.2832192608297,1,0,0,0.62136974593878,0.027190698877438,0.14268191314304,0.2692631437537,0.4751857410169,0.4474561246316,0.30704335353319
alle_lehrkraefte,2210,2025-09-19,24,7,1,4.0208828769976,kognition,2.2549263317718,1,0,0,0.56080238910905,0.19313389374648,0.31453082891362,0.31024803123641,0.43882592925357,0.40936450227283,0.30473600101233
alle_lehrkraefte,2211,2025-09-19,24,7,1,3.9909291971125,performanz,2.0864958050995,1,0,0,0.50686404877188,0.033885703813723,0.13418955811809,0.37059932669004,0.40085263899891,0.52280821682502,0.39060672750351
alle_lehrkraefte,2212,2025-09-19,24,7,1,4.0164817262936,regulation,1.9126138920563,1,0,0,0.4588553814492,0.047909025290553,0.09026084042588,0.38084333672938,0.45894389366437,0.44336919087771,0.47619017351276
alle_lehrkraefte,2213,2025-09-19,24,7,1,1.6538928464461,regulation,1.0959483968476,1,0,0,0.23508177141809,0.28196494490937,0.27712264868538,0.4160507871843,0.21827158758189,0.35858859808376,0.66264375758378
alle_lehrkraefte,2204,2025-09-26,24,7,1,4.7272578340427,performanz,2.1834193470863,1,1,0,0.40939526234525,0.19494675496675,0.26216929806182,0.43140491422681,0.38087108066135,0.46187764766845,0.42561763210998
alle_lehrkraefte,2205,2025-09-26,24,7,1,4.3522760147837,kognition,2.7452166646962,1,0,0,0.63075281711065,0.017768497628993,0.20207036591305,0.22177227983068,0.51367936615702,0.4188632863995,0.26926241499257
alle_lehrkraefte,2206,2025-09-26,24,7,1,3.1492118583832,kognition,1.8515721846579,1,1,0,0.58794593328796,0.015904736151126,0.19002988281868,0.28714245259574,0.39675344827274,0.52855286700544,0.31419212553827
alle_lehrkraefte,2207,2025-09-26,24,7,1,3.1819690767104,performanz,1.6514653847318,1,0,0,0.46303540907394,0.052306337430451,0.18165981882267,0.37481530099105,0.44958792227474,0.51900573351321,0.37131243005745
alle_lehrkraefte,2208,2025-09-26,24,7,1,3.5655874874173,kognition,2.2009129520582,1,0,0,0.61726343476093,0.037799812012656,0.18382639127447,0.28178965695487,0.46623570321268,0.46595771324522,0.26431334205833
alle_lehrkraefte,2200,2025-09-30,24,2,1,3.0075822377954,kognition,2.078940017929,1,1,0,0.69123067675319,0.0,0.25591478507693,0.12837894832579,0.46807332157981,0.46358479692794,0.078844605250314
alle_lehrkraefte,2201,2025-09-30,24,2,1,2.9238561433447,performanz,-1.7781209396438,-1,0,0,-0.25128913178248,-0.15374780174834,-0.28889999732454,-0.42599801146043,-0.2018020606664,-0.60814033627742,-0.48755747449881
alle_lehrkraefte,2202,2025-09-30,24,2,1,3.8103753330437,performanz,1.8259587946393,1,1,0,0.46803622998287,0.052610536514526,0.020779115625813,0.40620269492539,0.40002868219035,0.47920581123504,0.47230859928416
alle_lehrkraefte,2203,2025-09-30,24,2,1,3.6856067041269,kognition,2.1107934644134,1,1,0,0.5727110640805,0.23541902145029,0.25560735813441,0.39136333009483,0.38505679553671,0.38612816516834,0.31734905313491
alle_lehrkraefte,2196,2025-11-07,24,7,1,4.3258647160129,kognition,2.3289522253193,1,1,0,0.53837717876996,0.045037687757293,0.091400304366745,0.36030747239073,0.39133916782648,0.46224732450067,0.45069121706779
alle_lehrkraefte,2197,2025-11-07,24,7,1,4.7203348418297,kognition,2.5684402293092,1,0,0,0.54412131218651,0.034339382852549,0.145716218238,0.32815106372612,0.43803370736583,0.46050645028912,0.41218019240003
alle_lehrkraefte,2198,2025-11-07,24,7,1,3.4752254188631,performanz,1.7185730315922,1,0,0,0.31877151424459,0.19146773728403,0.17310725067521,0.46890082280075,0.38408892483263,0.49451988842658,0.46883978948033
alle_lehrkraefte,2199,2025-11-07,24,7,1,3.4246644235568,kognition,2.1046227351488,1,1,1,0.6145468079161,0.29199855995695,0.15229173432608,0.29199855995695,0.49927156175311,0.35186311417586,0.23564283788526
alle_lehrkraefte,2192,2025-11-14,24,7,1,4.0126552337059,regulation,2.1828699354367,1,0,0,0.40179603336931,0.13542865712738,0.11567470439179,0.39819341752848,0.40238936371688,0.436380128858,0.54399502781864
alle_lehrkraefte,2193,2025-11-14,24,7,1,3.8471321766507,motivation,1.8221612265061,1,0,0,0.44931392700607,0.17701400363727,0.32602070668933,0.47364020949505,0.33648039015515,0.45262291343093,0.34360840341141
alle_lehrkraefte,2194,2025-11-14,24,7,1,2.2493462737248,kognition,1.6090114569035,1,1,0,0.71532085677077,0.0,0.2410501346206,0.11480071837591,0.46114762941452,0.44653628244911,0.070505464025387
alle_lehrkraefte,2195,2025-11-14,24,7,1,3.4989761103282,performanz,1.6229270452087,1,1,0,0.39913283762435,0.20574122243346,0.31304974465119,0.41790252261595,0.33606865075675,0.46382780440831,0.44456358396692
alle_lehrkraefte,2187,2025-11-28,24,7,1,3.5846603474751,regulation,1.7810357015046,1,0,0,0.44499407838611,0.049847783190915,0.036900952175072,0.39802316963037,0.42437609028194,0.46125148062342,0.49684783504823
alle_lehrkraefte,2188,2025-11-28,24,7,1,4.1616133039273,kognition,2.011929137674,1,0,0,0.48344816210909,0.20080164681871,0.27099058310345,0.38581826094179,0.38712272450863,0.43259694091758,0.4082352552731
alle_lehrkraefte,2189,2025-11-28,24,7,1,4.3741226535176,kognition,2.325873120126,1,1,0,0.53173355825311,0.049170311392821,0.1010184804467,0.34044779048807,0.46657214061282,0.45197678151597,0.40835661658614
alle_lehrkraefte,2190,2025-11-28,24,7,1,3.6334044341863,kognition,1.884870137549,1,2,0,0.51876001807405,0.15340174444684,0.095149177439808,0.36402297008985,0.483195435891,0.42961310411021,0.38436845185597
alle_lehrkraefte,2191,2025-11-28,24,7,1,3.5207315255485,regulation,1.8273956846978,1,1,0,0.37132751512027,0.24240421836388,0.29100684058051,0.44055652320458,0.34593149871983,0.36811300371858,0.51903716062007
alle_lehrkraefte,2182,2025-12-12,24,7,23,3.3390173794307,performanz,1.5752921706211,1,0,0,0.4453971633637,0.10840822376021,0.24513638282625,0.41734687449694,0.34808714570617,0.47178174708159,0.46027176364271
alle_lehrkraefte,2183,2025-12-12,24,7,23,4.1753366045791,kognition,2.0025209823477,1,0,0,0.47960592784119,0.20384347683099,0.27356109825585,0.38796629419017,0.38566077691678,0.43325305356153,0.40819754744271
alle_lehrkraefte,2184,2025-12-12,24,7,23,1.6311555883919,kognition,1.2857650333892,1,1,0,0.78824923878926,-0.13747490283747,0.0012801070899289,0.11918167832075,0.41128673009797,0.41994762185723,0.0057303512066788
alle_lehrkraefte,2185,2025-12-12,24,7,23,2.8674352088813,performanz,1.6859498552702,1,0,0,0.41373391072764,0.1011662724033,0.30642597316211,0.28072842674595,0.37441986092981,0.5879623610761,0.39998420555291
alle_lehrkraefte,2186,2025-12-12,24,7,23,2.4266476899275,performanz,-1.4208154801294,-1,0,0,-0.20928205410567,-0.16359950628713,-0.29551362807447,-0.37210261836463,-0.25185081429813,-0.58550305056493,-0.54534086931492
alle_lehrkraefte,2177,2026-01-09,24,7,19,3.6067675548709,regulation,1.7698268321715,1,1,0,0.42298726033756,0.13606861824465,0.25340539460517,0.41214694504727,0.34559094889799,0.45636358068625,0.49069475598278
alle_lehrkraefte,2178,2026-01-09,24,7,19,4.2594688496216,kognition,2.4094215925566,1,1,1,0.56566112372425,0.15795064898133,0.28567285882329,0.30089662149189,0.44599474773836,0.43175599614785,0.31241330937636
alle_lehrkraefte,2179,2026-01-09,24,7,19,3.7380877154002,kognition,1.9143876066936,1,0,0,0.51212882927236,0.068380993975131,0.13341396740815,0.36293621368387,0.44389234660528,0.44167008486147,0.43750187478944
alle_lehrkraefte,2180,2026-01-09,24,7,19,3.2283750387732,kognition,1.8833162223165,1,1,0,0.58336171172202,0.03224989635459,0.099301522803928,0.31916876249417,0.44816390272014,0.46417273808412,0.36139473789538
alle_lehrkraefte,2181,2026-01-09,24,7,19,4.7521063062711,kognition,2.3438973169655,1,1,0,0.49323231291127,0.065534077293939,0.080569901889334,0.40559050361539,0.38770445020273,0.45610739147379,0.47231250522212
alle_lehrkraefte,2172,2026-01-16,24,7,1,3.2870701844949,performanz,1.9531896505829,1,0,0,0.41466224445206,0.031405075980467,0.13079068691856,0.40962322696175,0.34539700132505,0.59420200936871,0.41205624797762
alle_lehrkraefte,2173,2026-01-16,24,7,1,4.8604079848911,performanz,2.3238211125165,1,0,0,0.47652082017042,0.045968410589216,0.15904505569559,0.36906918169985,0.45571026315801,0.47811137226062,0.41598194606199
alle_lehrkraefte,2174,2026-01-16,24,7,1,2.1587129569032,kognition,1.2771822134312,1,1,0,0.59163785206759,0.36827328743493,0.41197527053745,0.39903167299848,0.34750634655043,0.2469901369355,0.060128901709216
alle_lehrkraefte,2175,2026-01-16,24,7,1,3.0157863397785,kognition,1.6541350767271,1,0,0,0.54849031246209,0.034992294572616,0.080687494641113,0.3468035879373,0.43129858901831,0.48014172008029,0.39317876350424
alle_lehrkraefte,2176,2026-01-16,24,7,1,2.0864446589711,kognition,1.1870654375839,1,1,0,0.56893900496705,0.31084537955775,0.2342149818428,0.44684722184464,0.34818528325812,0.25257943204789,0.37432006980412
alle_lehrkraefte,2168,2026-01-23,24,7,23,2.7008782028216,kognition,1.8124059963247,1,0,0,0.67104073187158,0.0,0.13221920340388,0.18986342323182,0.46057081054162,0.46390437256253,0.26236264134944
alle_lehrkraefte,2169,2026-01-23,24,7,23,4.7299790770357,methodik,2.1410505413095,1,1,0,0.44419334632973,0.193543274998,0.0710246340135,0.41578844647734,0.45265443670988,0.44516430395875,0.42922862904441
alle_lehrkraefte,2170,2026-01-23,24,7,23,3.9646280613375,kognition,1.8796171795718,1,0,0,0.47409552914842,0.41406760217284,0.095995289892389,0.41406760217284,0.43806451980786,0.35846842256622,0.32048275638434
alle_lehrkraefte,2171,2026-01-23,24,7,23,4.723590507544,performanz,2.2224477744004,1,0,0,0.42040962805,0.22593003878185,0.11044512960084,0.43942386871515,0.4051961049162,0.47049867380845,0.42586709149823
alle_lehrkraefte,2164,2025-10-28,40,0,28,3.7834187822736,performanz,2.1524916087874,1,0,0,0.43529939562806,0.035551443866491,0.119184436252,0.4104201615304,0.35006848278279,0.56892616001453,0.42470070376623
alle_lehrkraefte,2165,2025-10-28,40,0,28,3.4333342274091,methodik,1.6923157810732,1,1,0,0.45560273520211,0.048083977176934,0.071709281313335,0.3792497481292,0.49290594504422,0.4472213857957,0.44516561249039
alle_lehrkraefte,2166,2025-10-28,40,0,28,2.9898402914902,kognition,1.8497956426329,1,1,0,0.61869172777574,0.26165124118264,0.37511761181132,0.32912105809137,0.40496483599092,0.3576085578641,0.088533564626579
alle_lehrkraefte,2167,2025-10-28,40,0,28,4.1805161786248,performanz,2.061049496361,1,0,0,0.49006663241819,0.040531893031969,0.13003042817653,0.36777609699608,0.43194466879972,0.49301198181686,0.41997963815352
alle_lehrkraefte,2159,2025-11-03,40,1,1,3.1988921097457,kognition,1.919667488646,1,0,0,0.60010197961283,0.028359326892356,0.086449473354213,0.30337364378423,0.40429765756495,0.44207952411901,0.42504956153813
alle_lehrkraefte,2160,2025-11-03,40,1,1,3.7777885891187,kognition,2.0339856327016,1,0,0,0.53840499558663,0.20501595204781,0.31038098396524,0.33358174359969,0.42191361623921,0.41611001111322,0.33062282175447
alle_lehrkraefte,2161,2025-11-03,40,1,1,2.9357228581996,motivation,1.4723886372156,1,1,0,0.34537482242209,0.24737373147556,0.23612830211317,0.50154040177844,0.36060494021354,0.43537354465557,0.43889663982322
alle_lehrkraefte,2162,2025-11-03,40,1,1,3.0240571504654,regulation,1.4279047558095,1,2,0,0.33940662801459,0.35165369924952,-0.028935370103071,0.47015906248171,0.44061701743393,0.34950231383445,0.47218024096779
alle_lehrkraefte,2163,2025-11-03,40,1,1,3.276288313951,performanz,1.7212648120425,1,2,0,0.46878708785693,0.035244448496262,0.11504846158701,0.38690581511958,0.42418921959293,0.5253687689894,0.40013659534304
alle_lehrkraefte,2153,2025-11-04,40,0,30,4.0340534938675,kognition,2.340692642289,1,0,0,0.58023197846223,0.023304726557337,0.19163855593931,0.29484982127906,0.44721093505122,0.49891575077313,0.30034394131757
alle_lehrkraefte,2154,2025-11-04,40,0,30,3.1813676431278,performanz,1.4780206620485,1,0,0,0.43697363840821,0.31432923474525,0.046982968609961,0.43014855236104,0.39172434957001,0.46458510363938,0.39207451324792
alle_lehrkraefte,2155,2025-11-04,40,0,30,2.9898402914902,kognition,1.8497956426329,1,1,0,0.61869172777574,0.26165124118264,0.37511761181132,0.32912105809137,0.40496483599092,0.3576085578641,0.088533564626579
alle_lehrkraefte,2156,2025-11-04,40,0,30,3.7807537621279,performanz,1.9577799980576,1,0,0,0.51042066750317,0.03083949094383,0.14821465789205,0.36597314714407,0.37761274092899,0.5178265877569,0.41457772698257
alle_lehrkraefte,2157,2025-11-04,40,0,30,3.0257381219646,motivation,1.5369106333891,1,0,0,0.43790454460234,0.050987706223324,0.2277099374948,0.50794400969211,0.29084563611002,0.45239383196929,0.45444797044548
alle_lehrkraefte,2158,2025-11-04,40,0,30,4.0364103845869,motivation,2.0470047801265,1,1,0,0.33400601388743,0.31577740817535,0.31208331155083,0.50713369398862,0.35015210305383,0.42281670109217,0.36436056506073
alle_lehrkraefte,2149,2025-11-10,40,1,1,4.8411068993645,kognition,2.5676948589789,1,0,0,0.53039307092872,0.055075344692102,0.14096368902063,0.35448119397322,0.45919732605643,0.43721176125488,0.41000216890172
alle_lehrkraefte,2150,2025-11-10,40,1,1,3.4361783473499,performanz,1.5197445884373,1,1,0,0.43378832819198,0.20960916717409,0.30486789593503,0.39671769700491,0.36048769182062,0.44227627673826,0.43817441385638
alle_lehrkraefte,2151,2025-11-10,40,1,1,2.581090336861,kognition,1.9207934795839,1,1,0,0.74417621514084,0.017341980457166,0.11337281487846,0.15558292653975,0.47161091587224,0.34856207029875,0.25479688559567
alle_lehrkraefte,2152,2025-11-10,40,1,1,2.5553402422033,performanz,1.5570911828289,1,0,0,0.44652012702407,0.031112132778026,0.17952669910686,0.37349850335762,0.31353891804787,0.60934550462497,0.39787487959923
alle_lehrkraefte,2144,2025-11-11,40,0,28,4.0297451295107,performanz,2.1018406752718,1,0,0,0.50229795388456,0.030986423052732,0.16577460984972,0.36043056753727,0.43342058043781,0.52158024686899,0.35977892556151
alle_lehrkraefte,2145,2025-11-11,40,0,28,2.3428052989296,methodik,1.3071304723696,1,0,0,0.51447576205092,0.042683689169047,0.09160513239389,0.31116409404235,0.55793150786012,0.39453333050523,0.40165351508073
alle_lehrkraefte,2146,2025-11-11,40,0,28,4.4663293792215,regulation,2.2512358666627,1,0,0,0.45753270277913,0.11422218802563,0.11169996622351,0.4002418412058,0.37619015962959,0.45756077737298,0.50404496289199
alle_lehrkraefte,2147,2025-11-11,40,0,28,3.1844962872024,performanz,1.7623605672214,1,0,0,0.35830210771604,0.21987884155731,0.30560875784078,0.47619592143151,0.25159370964146,0.55341720451418,0.36542762457524
alle_lehrkraefte,2148,2025-11-11,40,0,28,4.4336617364237,kognition,2.1820491743331,1,0,0,0.49215397621954,0.1998670220788,0.11445072171214,0.39248883283008,0.46126862894737,0.42771883525212,0.39366803854352
alle_lehrkraefte,2139,2025-11-24,40,1,12,4.3258647160129,kognition,2.3289522253193,1,1,0,0.53837717876996,0.045037687757293,0.091400304366745,0.36030747239073,0.39133916782648,0.46224732450067,0.45069121706779
alle_lehrkraefte,2140,2025-11-24,40,1,12,2.7008782028216,kognition,1.8124059963247,1,0,0,0.67104073187158,0.0,0.13221920340388,0.18986342323182,0.46057081054162,0.46390437256253,0.26236264134944
alle_lehrkraefte,2141,2025-11-24,40,1,12,4.105530115666,regulation,1.9603476546835,1,0,0,0.40874243667907,0.052973024371062,0.031854050439072,0.42453459808445,0.46443239119492,0.45296988137695,0.47748836924115
alle_lehrkraefte,2142,2025-11-24,40,1,12,3.5863224441572,performanz,1.7011124840356,1,1,0,0.44140928068148,0.05461982512367,0.046057928264602,0.44525025198419,0.40530347089364,0.47433206779451,0.46101844996376
alle_lehrkraefte,2143,2025-11-24,40,1,12,3.771468009549,performanz,1.8171380778151,1,0,0,0.36111509572411,0.22685067187805,0.32978668596496,0.42468678617285,0.34745157352079,0.48181059871337,0.41969892040688
alle_lehrkraefte,2134,2025-11-25,40,0,28,4.5039203437359,performanz,2.1625397852702,1,0,0,0.43533203634603,0.17064144437225,0.24094742665989,0.42185314901355,0.37315321830169,0.48014503338796,0.41900448192064
alle_lehrkraefte,2135,2025-11-25,40,0,28,4.7203348418297,kognition,2.5684402293092,1,0,0,0.54412131218651,0.034339382852549,0.145716218238,0.32815106372612,0.43803370736583,0.46050645028912,0.41218019240003
alle_lehrkraefte,2136,2025-11-25,40,0,28,2.5548891531968,kognition,1.65799276022,1,1,0,0.64894645964613,0.0,0.26242424293343,0.17143533804532,0.43067955000217,0.53294810871909,0.10528791309176
alle_lehrkraefte,2137,2025-11-25,40,0,28,2.9898402914902,kognition,1.8497956426329,1,1,0,0.61869172777574,0.26165124118264,0.37511761181132,0.32912105809137,0.40496483599092,0.3576085578641,0.088533564626579
alle_lehrkraefte,2138,2025-11-25,40,0,28,0.99141868047763,kognition,0.811,1,1,0,0.81801143740294,0.0,0.17853023972912,0.0,0.48515844807745,0.25216135554961,0.0
alle_lehrkraefte,2128,2025-12-01,40,1,12,4.9394420737157,kognition,2.4326861730502,1,0,0,0.49250122012423,0.065627662434388,0.11087900069211,0.40607281181281,0.40499815995921,0.44606679359696,0.46145761870759
alle_lehrkraefte,2129,2025-12-01,40,1,12,3.9956993418333,kognition,2.4784503914436,1,0,0,0.62027794802174,0.017456248999166,0.13276811815846,0.24254013544875,0.49304966323876,0.45222844057314,0.30146959684203
alle_lehrkraefte,2130,2025-12-01,40,1,12,4.2418067613595,motivation,2.0519663720169,1,1,0,0.35687517920945,0.29880068688514,0.34641805694199,0.4837470563814,0.35222911961893,0.45040191257754,0.32001503204027
alle_lehrkraefte,2131,2025-12-01,40,1,12,3.8411483190915,kognition,2.509295155464,1,0,0,0.65326522548996,0.020984344791132,0.16805441832496,0.2240481499757,0.47451664831199,0.42970909557727,0.29076309654101
alle_lehrkraefte,2132,2025-12-01,40,1,12,3.771468009549,performanz,1.8171380778151,1,0,0,0.36111509572411,0.22685067187805,0.32978668596496,0.42468678617285,0.34745157352079,0.48181059871337,0.41969892040688
alle_lehrkraefte,2133,2025-12-01,40,1,12,1.5861547843764,motivation,1.0,1,0,0,0.0,0.5012089587606,0.47283864034019,0.63045152045358,0.0,0.31459530870634,0.16959145900201
alle_lehrkraefte,2124,2025-12-02,40,0,28,4.2434364120772,kognition,2.1266007185707,1,0,0,0.50114942244074,0.11396715072385,0.17824852421908,0.34183623305069,0.44985360536929,0.43478865646368,0.44251784498799
alle_lehrkraefte,2125,2025-12-02,40,0,28,4.8411068993645,kognition,2.5676948589789,1,0,0,0.53039307092872,0.055075344692102,0.14096368902063,0.35448119397322,0.45919732605643,0.43721176125488,0.41000216890172
alle_lehrkraefte,2126,2025-12-02,40,0,28,3.1819690767104,performanz,1.6514653847318,1,0,0,0.46303540907394,0.052306337430451,0.18165981882267,0.37481530099105,0.44958792227474,0.51900573351321,0.37131243005745
alle_lehrkraefte,2127,2025-12-02,40,0,28,3.5017444958452,motivation,1.7458338296571,1,0,0,0.34469658567642,0.26112979820776,0.24928452739593,0.49855974533009,0.35845155720786,0.43144183162675,0.43319235068464
alle_lehrkraefte,2120,2025-12-08,40,1,12,1.7259800114717,performanz,0.874,1,1,0,0.41135811637437,0.040556434008741,0.034762657721778,0.4223662913196,0.41773127029003,0.50637604748057,0.46755774635791
alle_lehrkraefte,2121,2025-12-08,40,1,12,4.1753366045791,kognition,2.0025209823477,1,0,0,0.47960592784119,0.20384347683099,0.27356109825585,0.38796629419017,0.38566077691678,0.43325305356153,0.40819754744271
alle_lehrkraefte,2122,2025-12-08,40,1,12,3.0157863397785,kognition,1.6541350767271,1,0,0,0.54849031246209,0.034992294572616,0.080687494641113,0.3468035879373,0.43129858901831,0.48014172008029,0.39317876350424
alle_lehrkraefte,2123,2025-12-08,40,1,12,4.3406553652064,kognition,2.1462963786463,1,1,0,0.49446253006518,0.26550279432215,0.053552965854877,0.37877182858556,0.4109033095443,0.44109602015534,0.41864927793105
alle_lehrkraefte,2116,2025-12-09,40,0,28,3.1988921097457,kognition,1.919667488646,1,0,0,0.60010197961283,0.028359326892356,0.086449473354213,0.30337364378423,0.40429765756495,0.44207952411901,0.42504956153813
alle_lehrkraefte,2117,2025-12-09,40,0,28,3.5945149852943,regulation,1.9772187354812,1,1,1,0.44008146001926,0.21195562268381,0.24766753587711,0.30191198612596,0.39195609564178,0.39077811478869,0.55006398441248
alle_lehrkraefte,2118,2025-12-09,40,0,28,3.700079851345,kognition,2.0024305811111,1,0,0,0.54118431215479,0.10689917292218,0.1428571442414,0.30829942435736,0.41805401778194,0.37494993575965,0.51465851494907
alle_lehrkraefte,2119,2025-12-09,40,0,28,4.2154606819304,performanz,2.2329100933114,1,0,0,0.47702884675405,0.035858957413928,0.14440605365886,0.38564030488792,0.40772019219027,0.52969413424763,0.39340778595657
alle_lehrkraefte,2112,2025-12-15,40,1,12,2.8371568730149,performanz,1.6203139294579,1,0,0,0.54845682023067,0.028021755359531,0.16693232310901,0.30201188330985,0.37207718972365,0.57110279443525,0.33871143059007
alle_lehrkraefte,2113,2025-12-15,40,1,12,4.1753366045791,kognition,2.0025209823477,1,0,0,0.47960592784119,0.20384347683099,0.27356109825585,0.38796629419017,0.38566077691678,0.43325305356153,0.40819754744271
alle_lehrkraefte,2114,2025-12-15,40,1,12,3.7281985400685,performanz,1.9343789929705,1,0,0,0.40952297822629,0.23941046247707,0.13252961756498,0.43892855326055,0.39268182609114,0.51884946139171,0.37595484001876
alle_lehrkraefte,2115,2025-12-15,40,1,12,4.362368859302,kognition,2.2688988134381,1,0,0,0.52010586118627,0.19744656419101,0.27327195712571,0.37284289932841,0.46304826268623,0.41077008263379,0.30604741185795
alle_lehrkraefte,2107,2025-12-16,40,0,28,4.2434364120772,kognition,2.1266007185707,1,0,0,0.50114942244074,0.11396715072385,0.17824852421908,0.34183623305069,0.44985360536929,0.43478865646368,0.44251784498799
alle_lehrkraefte,2108,2025-12-16,40,0,28,2.191058309294,regulation,1.4239005001997,1,1,1,0.27821751197677,0.18119015199847,0.16110862381728,0.36687155021483,0.30532321749413,0.46223087885444,0.64986586413571
alle_lehrkraefte,2109,2025-12-16,40,0,28,3.4752254188631,performanz,1.7185730315922,1,0,0,0.31877151424459,0.19146773728403,0.17310725067521,0.46890082280075,0.38408892483263,0.49451988842658,0.46883978948033
alle_lehrkraefte,2110,2025-12-16,40,0,28,3.0088267944093,performanz,1.7349960417186,1,0,0,0.49568317504876,0.021792505626107,0.18265534692838,0.34599423350428,0.40517032831338,0.57663348339209,0.32260265823754
alle_lehrkraefte,2111,2025-12-16,40,0,28,3.0257381219646,motivation,1.5369106333891,1,0,0,0.43790454460234,0.050987706223324,0.2277099374948,0.50794400969211,0.29084563611002,0.45239383196929,0.45444797044548
alle_lehrkraefte,2103,2025-12-22,40,1,19,3.5846603474751,regulation,1.7810357015046,1,0,0,0.44499407838611,0.049847783190915,0.036900952175072,0.39802316963037,0.42437609028194,0.46125148062342,0.49684783504823
alle_lehrkraefte,2104,2025-12-22,40,1,19,2.9011619883243,performanz,1.8146533005108,1,0,0,0.48967516717457,0.0,0.17265110518826,0.31720137154232,0.35619597135299,0.62548973580807,0.33417546746929
alle_lehrkraefte,2105,2025-12-22,40,1,19,3.1766681938078,kognition,1.628635644424,1,0,0,0.51268512107983,0.22387537947476,0.28929848813247,0.40637796246605,0.35743108585166,0.47592781995218,0.2897007950665
alle_lehrkraefte,2106,2025-12-22,40,1,19,3.3659078131316,kognition,1.8644313920995,1,0,0,0.55391471081846,0.027419524844313,0.15221827542323,0.29709727428258,0.43315863907753,0.40624546152473,0.47783024759156
alle_lehrkraefte,2098,2025-12-23,40,0,29,4.0126552337059,regulation,2.1828699354367,1,0,0,0.40179603336931,0.13542865712738,0.11567470439179,0.39819341752848,0.40238936371688,0.436380128858,0.54399502781864
alle_lehrkraefte,2099,2025-12-23,40,0,29,4.1753366045791,kognition,2.0025209823477,1,0,0,0.47960592784119,0.20384347683099,0.27356109825585,0.38796629419017,0.38566077691678,0.43325305356153,0.40819754744271
alle_lehrkraefte,2100,2025-12-23,40,0,29,3.7945306446695,regulation,1.7816850647611,1,1,0,0.383394548246,0.288480981131,-0.019772135789809,0.45100262381218,0.4258566687896,0.40517518881483,0.46953906456739
alle_lehrkraefte,2101,2025-12-23,40,0,29,1.2396455138466,performanz,1.0,1,0,0,0.24522941785392,0.0,0.28233650081865,0.35332396388163,0.19360217198993,0.80667571662473,0.21699576777205
alle_lehrkraefte,2102,2025-12-23,40,0,29,3.2302945464038,performanz,1.6498111922597,1,2,1,0.36226536246909,0.27361000127206,0.29947819150488,0.41177877473494,0.30039482247985,0.51072930386591,0.42844458835726
alle_lehrkraefte,2092,2026-01-05,40,1,12,3.3390173794307,performanz,1.5752921706211,1,0,0,0.4453971633637,0.10840822376021,0.24513638282625,0.41734687449694,0.34808714570617,0.47178174708159,0.46027176364271
alle_lehrkraefte,2093,2026-01-05,40,1,12,4.1753366045791,kognition,2.0025209823477,1,0,0,0.47960592784119,0.20384347683099,0.27356109825585,0.38796629419017,0.38566077691678,0.43325305356153,0.40819754744271
alle_lehrkraefte,2094,2026-01-05,40,1,12,3.1766681938078,kognition,1.628635644424,1,0,0,0.51268512107983,0.22387537947476,0.28929848813247,0.40637796246605,0.35743108585166,0.47592781995218,0.2897007950665
alle_lehrkraefte,2095,2026-01-05,40,1,12,4.2332441001739,kognition,2.2209564799031,1,0,0,0.52464520847256,0.057651067006785,0.12431452439003,0.36300826394135,0.46358746533329,0.45239334066434,0.39321350670068
alle_lehrkraefte,2096,2026-01-05,40,1,12,3.5863224441572,performanz,1.7011124840356,1,1,0,0.44140928068148,0.05461982512367,0.046057928264602,0.44525025198419,0.40530347089364,0.47433206779451,0.46101844996376
alle_lehrkraefte,2097,2026-01-05,40,1,12,3.5550902558758,performanz,1.9579760747756,1,1,0,0.38159984513353,0.014064300976424,0.24737571950614,0.47872677373662,0.28006160566156,0.55075129640563,0.4266644629776
alle_lehrkraefte,2086,2026-01-12,40,1,12,4.0789242581081,regulation,1.8479915181834,1,0,0,0.42043389351725,0.32285885538557,0.14942820404965,0.40847577548243,0.41016540084089,0.39536647425586,0.45305744129363
alle_lehrkraefte,2087,2026-01-12,40,1,12,2.5500239990253,regulation,1.5887506947218,1,0,0,0.30106002388061,0.15568419877999,0.13842952687491,0.37101936000202,0.30931179423061,0.49442664870243,0.62303118128191
alle_lehrkraefte,2088,2026-01-12,40,1,12,2.8674352088813,performanz,1.6859498552702,1,0,0,0.41373391072764,0.1011662724033,0.30642597316211,0.28072842674595,0.37441986092981,0.5879623610761,0.39998420555291
alle_lehrkraefte,2089,2026-01-12,40,1,12,3.0157863397785,kognition,1.6541350767271,1,0,0,0.54849031246209,0.034992294572616,0.080687494641113,0.3468035879373,0.43129858901831,0.48014172008029,0.39317876350424
alle_lehrkraefte,2090,2026-01-12,40,1,12,4.6452590913521,kognition,2.4036580249543,1,1,0,0.51744214978398,0.058805209392942,0.10773919193437,0.37190440664099,0.39890677270429,0.45305062017137,0.46312974922747
alle_lehrkraefte,2091,2026-01-12,40,1,12,1.4952397801022,regulation,1.0,1,0,0,0.33907378335502,0.033439229127714,0.080254149906513,0.39057019621169,0.3216853842086,0.41732157951387,0.66878458255427
alle_lehrkraefte,2082,2026-01-13,40,0,28,4.2375936204146,performanz,2.034911587693,1,0,0,0.44755458964527,0.18471160900953,0.27647585423301,0.40997226864095,0.37266138334302,0.48020338143233,0.38933769139254
alle_lehrkraefte,2083,2026-01-13,40,0,28,3.0045876008173,kognition,1.6662193362077,1,1,1,0.55455656882455,0.13213083838315,0.2111204192588,0.25222496970111,0.43296993128715,0.41757439605066,0.45274848720097
alle_lehrkraefte,2084,2026-01-13,40,0,28,4.3093800800185,regulation,2.2148166874228,1,0,0,0.40373138078784,0.25987825762376,0.10320541471071,0.43241760359741,0.38661493539129,0.39775145632727,0.51395131243569
alle_lehrkraefte,2085,2026-01-13,40,0,28,3.101014243392,kognition,1.9894645047371,1,2,1,0.64155077438576,0.024655324999623,0.12196854610012,0.26450420856964,0.43157679678867,0.44924513864047,0.33893914004629
alle_lehrkraefte,2077,2026-01-19,40,1,12,2.7008782028216,kognition,1.8124059963247,1,0,0,0.67104073187158,0.0,0.13221920340388,0.18986342323182,0.46057081054162,0.46390437256253,0.26236264134944
alle_lehrkraefte,2078,2026-01-19,40,1,12,3.4522478891995,kognition,1.8706043338075,1,1,1,0.54184953553435,0.028966549779741,0.10377305345183,0.30141773302564,0.50406736303315,0.44719022762149,0.38713011245978
alle_lehrkraefte,2079,2026-01-19,40,1,12,2.4285529007933,performanz,1.517734800859,1,0,0,0.4282299540693,0.020588307588684,0.15656159458602,0.38655508674269,0.28065007168787,0.6249518183627,0.41583817372042
alle_lehrkraefte,2080,2026-01-19,40,1,12,2.6677743582537,performanz,1.5511427607571,1,0,0,0.32130842266691,0.036953441487947,0.1513991513825,0.40364975331999,0.43700613516417,0.58143483597468,0.42484372043268
alle_lehrkraefte,2081,2026-01-19,40,1,12,3.2680013090368,kognition,1.7210596468562,1,0,0,0.52663821636637,0.059917132129427,0.10515379467749,0.32731466212845,0.43852952957493,0.41554212567743,0.48567519117027
alle_lehrkraefte,2073,2026-01-20,40,0,28,1.6103819422733,performanz,1.0,1,1,1,0.37754784039823,0.0,0.0,0.36264463617198,0.29868505136768,0.62096684276024,0.50112024210752
alle_lehrkraefte,2074,2026-01-20,40,0,28,3.0045876008173,kognition,1.6662193362077,1,1,1,0.55455656882455,0.13213083838315,0.2111204192588,0.25222496970111,0.43296993128715,0.41757439605066,0.45274848720097
alle_lehrkraefte,2075,2026-01-20,40,0,28,0.26647905802799,performanz,0.20548701615687,1,0,0,0.5333592278767,0.10563430511312,0.079225728834837,0.26076991717121,0.18795987672163,0.77108988142878,-0.010396765578008
alle_lehrkraefte,2076,2026-01-20,40,0,28,2.4266476899275,performanz,-1.4208154801294,-1,0,0,-0.20928205410567,-0.16359950628713,-0.29551362807447,-0.37210261836463,-0.25185081429813,-0.58550305056493,-0.54534086931492
alle_lehrkraefte,2068,2026-01-26,40,1,12,2.7008782028216,kognition,1.8124059963247,1,0,0,0.67104073187158,0.0,0.13221920340388,0.18986342323182,0.46057081054162,0.46390437256253,0.26236264134944
alle_lehrkraefte,2069,2026-01-26,40,1,12,2.9011619883243,performanz,1.8146533005108,1,0,0,0.48967516717457,0.0,0.17265110518826,0.31720137154232,0.35619597135299,0.62548973580807,0.33417546746929
alle_lehrkraefte,2070,2026-01-26,40,1,12,3.700079851345,kognition,2.0024305811111,1,0,0,0.54118431215479,0.10689917292218,0.1428571442414,0.30829942435736,0.41805401778194,0.37494993575965,0.51465851494907
alle_lehrkraefte,2071,2026-01-26,40,1,12,2.4285529007933,performanz,1.517734800859,1,0,0,0.4282299540693,0.020588307588684,0.15656159458602,0.38655508674269,0.28065007168787,0.6249518183627,0.41583817372042
alle_lehrkraefte,2072,2026-01-26,40,1,12,3.9909291971125,performanz,2.0864958050995,1,0,0,0.50686404877188,0.033885703813723,0.13418955811809,0.37059932669004,0.40085263899891,0.52280821682502,0.39060672750351
alle_lehrkraefte,2063,2026-01-27,40,0,28,1.7259800114717,performanz,0.874,1,1,0,0.41135811637437,0.040556434008741,0.034762657721778,0.4223662913196,0.41773127029003,0.50637604748057,0.46755774635791
alle_lehrkraefte,2064,2026-01-27,40,0,28,3.9453024964552,kognition,2.3459293201978,1,1,1,0.59461178862399,0.17052830396184,0.30842106960146,0.27913815177287,0.45862360065479,0.4018311838535,0.26926989756156
alle_lehrkraefte,2065,2026-01-27,40,0,28,4.9669401934215,regulation,2.5051943093294,1,0,0,0.3909448724847,0.12089807406911,0.11494805508238,0.41638689628016,0.45609554731063,0.42841057129645,0.50437274620701
alle_lehrkraefte,2066,2026-01-27,40,0,28,3.6925617798486,motivation,1.7887542255783,1,0,0,0.37799176392,0.29900821245121,0.11519354329811,0.48441962193939,0.33975715054035,0.47906625432386,0.41813822966906
alle_lehrkraefte,2067,2026-01-27,40,0,28,3.6624782597347,kognition,2.0061560441041,1,1,0,0.54775767233435,0.037845715107673,0.14946786415009,0.34196619651183,0.41905124282305,0.4683771687897,0.40529142004314
alle_lehrkraefte,309,2025-10-07,42,3,1,4.219811570406,kognition,2.2150745427188,1,1,0,0.52492137540917,0.046539524378753,0.075483868838256,0.37324671046528,0.37467537002425,0.46781873578072,0.46694749062356
alle_lehrkraefte,310,2025-10-07,42,3,1,2.9207356266883,kognition,2.1149148429999,1,1,1,0.72410100478276,0.0,0.17470319108147,0.116754695985,0.4966933615981,0.39847706619926,0.16133739667791
alle_lehrkraefte,311,2025-10-07,42,3,1,2.420951563667,kognition,1.0626342027733,1,2,0,0.43893063761153,0.32838191730555,0.41683594525902,0.41305901547868,0.35964417566963,0.33862726222753,0.3333386254913
alle_lehrkraefte,312,2025-10-07,42,3,1,3.6925617798486,motivation,1.7887542255783,1,0,0,0.37799176392,0.29900821245121,0.11519354329811,0.48441962193939,0.33975715054035,0.47906625432386,0.41813822966906
alle_lehrkraefte,304,2025-10-21,42,3,1,3.0906410220045,performanz,1.5072340371522,1,2,1,0.46922370585666,0.077011763893507,0.23510808419298,0.4219273012279,0.34983980019771,0.48767525884388,0.42470969885431
alle_lehrkraefte,305,2025-10-21,42,3,1,4.1616133039273,kognition,2.011929137674,1,0,0,0.48344816210909,0.20080164681871,0.27099058310345,0.38581826094179,0.38712272450863,0.43259694091758,0.4082352552731
alle_lehrkraefte,306,2025-10-21,42,3,1,1.3025838667872,motivation,0.69981913800531,1,1,0,0.36115172343753,0.5163664375442,0.47059949911277,0.53725044762523,0.18827947253543,0.22451528516508,0.083436058304641
alle_lehrkraefte,307,2025-10-21,42,3,1,2.8941916929599,kognition,1.7575648543691,1,2,0,0.60727103388972,0.028928445867643,0.10674965943156,0.29884034758578,0.44607402462506,0.44638581037106,0.36253931618783
alle_lehrkraefte,308,2025-10-21,42,3,1,3.6856067041269,kognition,2.1107934644134,1,1,0,0.5727110640805,0.23541902145029,0.25560735813441,0.39136333009483,0.38505679553671,0.38612816516834,0.31734905313491
alle_lehrkraefte,299,2025-11-04,42,3,1,3.6941165863736,motivation,1.7470306227058,1,1,0,0.35861772438682,0.24073354711313,0.23271670472127,0.47292115791323,0.38161039047148,0.41343649431098,0.4680465381299
alle_lehrkraefte,300,2025-11-04,42,3,1,3.7884548804964,kognition,2.0948512713766,1,2,0,0.55295517774528,0.034880927385185,0.1206814926599,0.33155772300408,0.47446783761412,0.46013366953007,0.36287924164045
alle_lehrkraefte,301,2025-11-04,42,3,1,3.5207315255485,regulation,1.8273956846978,1,1,0,0.37132751512027,0.24240421836388,0.29100684058051,0.44055652320458,0.34593149871983,0.36811300371858,0.51903716062007
alle_lehrkraefte,302,2025-11-04,42,3,1,4.5051999610504,kognition,2.2147698359634,1,0,0,0.49160191314302,0.062345305630295,0.07325617380748,0.40938129345955,0.38284523733197,0.45825543665079,0.47424482196104
alle_lehrkraefte,303,2025-11-04,42,3,1,3.8995392280503,methodik,2.0534298272575,1,0,0,0.51572033646035,0.023111379596837,0.14713864022183,0.29720121974227,0.52658133214136,0.45873431996406,0.3684967432254
alle_lehrkraefte,995,2025-11-11,42,3,1,3.535433115609,kognition,2.0164952679339,1,1,0,0.57036563791144,0.033016511423778,0.12199100767119,0.31734595650186,0.47925212650319,0.45533452674429,0.3478288343536
alle_lehrkraefte,996,2025-11-11,42,3,1,2.3428052989296,methodik,1.3071304723696,1,0,0,0.51447576205092,0.042683689169047,0.09160513239389,0.31116409404235,0.55793150786012,0.39453333050523,0.40165351508073
alle_lehrkraefte,997,2025-11-11,42,3,1,3.9096314098023,regulation,1.8319677065092,1,1,1,0.46255600050836,0.047647478235413,0.088401420546268,0.37849837337598,0.46503960928608,0.44369421491831,0.46857691396354
alle_lehrkraefte,998,2025-11-11,42,3,1,0.84545051969349,performanz,-0.525,-1,2,0,-0.3775457192439,0.0,0.0,-0.36264259874743,-0.29868337328341,-0.62096335401957,-0.50111742669379
alle_lehrkraefte,999,2025-11-11,42,3,1,2.9900649591247,kognition,1.7353345284312,1,0,0,0.58036489123308,0.10643085034257,0.28652846723075,0.23051807041907,0.42718416964422,0.47692739623724,0.32658716896938
alle_lehrkraefte,990,2025-11-28,42,0,1,2.0383290573272,performanz,1.0546278376074,1,0,0,0.42436159039773,0.070587328205849,0.083951372778933,0.46633964595264,0.35371936646566,0.5173956873447,0.44450947338743
alle_lehrkraefte,991,2025-11-28,42,0,1,4.1616133039273,kognition,2.011929137674,1,0,0,0.48344816210909,0.20080164681871,0.27099058310345,0.38581826094179,0.38712272450863,0.43259694091758,0.4082352552731
alle_lehrkraefte,992,2025-11-28,42,0,1,2.9577030053811,kognition,1.6888048282246,1,0,0,0.57098333244371,0.12918868316988,0.18093008063565,0.24439236341089,0.45122094503958,0.30452175143757,0.51815479977421
alle_lehrkraefte,993,2025-11-28,42,0,1,2.6745080662689,kognition,1.7197401550854,1,0,0,0.64300936186405,0.0086656749691408,0.11409784127781,0.22665812140119,0.51583615204378,0.42030259628855,0.28164331889844
alle_lehrkraefte,994,2025-11-28,42,0,1,2.4618609597996,kognition,1.6566860222492,1,0,0,0.67293779783815,0.0,0.25562377022792,0.15425123718291,0.44110365154733,0.5044428994776,0.094734207310967
alle_lehrkraefte,985,2025-12-05,42,0,1,3.586103254132,kognition,1.7348832013882,1,1,0,0.48377814041128,0.21624124958158,0.25466237068262,0.40759703466828,0.38794169160328,0.41830305549323,0.40339606808647
alle_lehrkraefte,986,2025-12-05,42,0,1,2.5891291552071,performanz,1.6348496052309,1,1,1,0.50370779347505,0.0,0.19345833502926,0.30327613977023,0.35909799288386,0.6314259324158,0.29869401277169
alle_lehrkraefte,987,2025-12-05,42,0,1,1.6657688348041,performanz,1.1310979069143,1,1,0,0.50218446323839,0.0,0.27895468977426,0.26294006794215,0.33719288609472,0.6790204577472,0.16148602346219
alle_lehrkraefte,988,2025-12-05,42,0,1,3.8214492248625,regulation,1.9449987244184,1,0,0,0.4744640681703,-0.034227517275499,0.028363956548983,0.33962254037949,0.48124977980893,0.4085459507913,0.50896754615728
alle_lehrkraefte,989,2025-12-05,42,0,1,2.5074879048464,performanz,1.5399390735643,1,1,1,0.37305328524839,0.028718278910358,0.13735554249582,0.41621030612412,0.36013603341378,0.61413374287892,0.40130132079964
alle_lehrkraefte,981,2025-12-09,42,3,1,2.4355446384929,kognition,1.7270891589061,1,1,1,0.70911534137244,0.0,0.1466233937092,0.15159418217587,0.47510097442793,0.42786103617929,0.2094803168081
alle_lehrkraefte,982,2025-12-09,42,3,1,2.7485111833519,kognition,1.6572392084879,1,1,0,0.6029566803145,0.036207071392921,0.095577072626153,0.31056895785456,0.39725124495274,0.44300457099163,0.41889778835364
alle_lehrkraefte,983,2025-12-09,42,3,1,1.4961917859635,kognition,1.2221237056395,1,0,0,0.81681743539194,0.040437289846616,0.20182274678664,0.049299247019464,0.52457061090042,0.093988959896664,0.063163663709705
alle_lehrkraefte,984,2025-12-09,42,3,1,3.4989761103282,performanz,1.6229270452087,1,1,0,0.39913283762435,0.20574122243346,0.31304974465119,0.41790252261595,0.33606865075675,0.46382780440831,0.44456358396692
alle_lehrkraefte,976,2025-12-16,42,3,18,1.7259800114717,performanz,0.874,1,1,0,0.41135811637437,0.040556434008741,0.034762657721778,0.4223662913196,0.41773127029003,0.50637604748057,0.46755774635791
alle_lehrkraefte,977,2025-12-16,42,3,18,3.0556171049096,performanz,1.8608741963844,1,0,0,0.55550638970887,0.0,0.29078875442313,0.25128473348535,0.3845063379814,0.60899911294624,0.15804728787018
alle_lehrkraefte,978,2025-12-16,42,3,18,2.7800794322758,performanz,1.5619583131048,1,0,0,0.4828625632128,0.016496962767111,0.21435825162725,0.32723127590326,0.36859184201213,0.56183743406635,0.40250886323243
alle_lehrkraefte,979,2025-12-16,42,3,18,2.1705909655679,regulation,1.0748847029185,1,1,0,0.41016065224904,0.049968981073429,0.032170610827381,0.39633397743253,0.46323979442207,0.45970750767414,0.49520143037311
alle_lehrkraefte,980,2025-12-16,42,3,18,1.9935420942378,motivation,1.2459236375843,1,4,0,0.1924119840039,0.33536319260425,0.25723120973569,0.62497671427077,0.082253812699267,0.4466343056288,0.43299820303145
alle_lehrkraefte,1278,2025-11-03,43,1,1,3.5846603474751,regulation,1.7810357015046,1,0,0,0.44499407838611,0.049847783190915,0.036900952175072,0.39802316963037,0.42437609028194,0.46125148062342,0.49684783504823
alle_lehrkraefte,1279,2025-11-03,43,1,1,2.2824880971967,motivation,1.2801121571725,1,0,0,0.18999154155255,0.33325634858939,0.30542652944911,0.56083821438656,0.18777796587472,0.51301237346844,0.38284139084722
alle_lehrkraefte,1280,2025-11-03,43,1,1,4.1458837301014,kognition,2.2737656651341,1,1,0,0.54843799989984,0.034286013102556,0.13553933049093,0.32831033288959,0.44885722494022,0.4471168507179,0.41290499410633
alle_lehrkraefte,1281,2025-11-03,43,1,1,0.99141868047763,kognition,0.811,1,1,0,0.81801143740294,0.0,0.17853023972912,0.0,0.48515844807745,0.25216135554961,0.0
alle_lehrkraefte,1273,2025-11-10,43,1,1,2.8880375884253,motivation,1.6401735572884,1,1,0,0.33503668365262,0.32038509609569,0.43729181778179,0.5679177738836,0.22979626349353,0.40213666852666,0.23837351162418
alle_lehrkraefte,1274,2025-11-10,43,1,1,4.7509591241489,kognition,2.6141570382954,1,0,0,0.55023658752227,0.028850685378498,0.14019568932654,0.32455234762618,0.43486249286301,0.46220706888315,0.41069855875331
alle_lehrkraefte,1275,2025-11-10,43,1,1,0.7559504857546,kognition,0.45160220709135,1,2,0,0.59738864081045,0.052912818531873,0.039684613898905,0.36343871056381,0.29323940926186,0.48794453536944,0.42726900609995
alle_lehrkraefte,1276,2025-11-10,43,1,1,3.8704021062177,methodik,1.8245750082058,1,0,0,0.40318994894425,0.20550689788914,0.23592235832602,0.39283588990937,0.47141621050499,0.37683145523507,0.47009044645486
alle_lehrkraefte,1277,2025-11-10,43,1,1,3.9084723722527,kognition,1.9788076577981,1,2,0,0.50628542470759,0.047586876996102,0.076347252476498,0.38277239334217,0.41463234038027,0.45983069878252,0.45353895477639
alle_lehrkraefte,1268,2025-11-17,43,1,1,3.1988921097457,kognition,1.919667488646,1,0,0,0.60010197961283,0.028359326892356,0.086449473354213,0.30337364378423,0.40429765756495,0.44207952411901,0.42504956153813
alle_lehrkraefte,1269,2025-11-17,43,1,1,4.7509591241489,kognition,2.6141570382954,1,0,0,0.55023658752227,0.028850685378498,0.14019568932654,0.32455234762618,0.43486249286301,0.46220706888315,0.41069855875331
alle_lehrkraefte,1270,2025-11-17,43,1,1,2.1790951612463,kognition,1.2999584535744,1,1,0,0.59655608948717,0.36482865266828,0.40980739984522,0.39460415496634,0.35073160358203,0.24677962783086,0.058688343660483
alle_lehrkraefte,1271,2025-11-17,43,1,1,3.8214492248625,regulation,1.9449987244184,1,0,0,0.4744640681703,-0.034227517275499,0.028363956548983,0.33962254037949,0.48124977980893,0.4085459507913,0.50896754615728
alle_lehrkraefte,1272,2025-11-17,43,1,1,4.5339414150742,performanz,2.260374675858,1,1,0,0.4388648454313,0.049012142319769,0.093902205182241,0.41400029487602,0.39896667426924,0.49854408857202,0.46589329515275
alle_lehrkraefte,1264,2025-11-24,43,1,1,2.0383290573272,performanz,1.0546278376074,1,0,0,0.42436159039773,0.070587328205849,0.083951372778933,0.46633964595264,0.35371936646566,0.5173956873447,0.44450947338743
alle_lehrkraefte,1265,2025-11-24,43,1,1,3.1844962872024,performanz,1.7623605672214,1,2,0,0.35830210771604,0.21987884155731,0.30560875784078,0.47619592143151,0.25159370964146,0.55341720451418,0.36542762457524
alle_lehrkraefte,1266,2025-11-24,43,1,1,4.1826548987587,regulation,2.0107729389583,1,2,0,0.42262531457781,0.16192150458247,0.16866783506966,0.43524035966832,0.39405455354042,0.43691172839776,0.48073966899788
alle_lehrkraefte,1267,2025-11-24,43,1,1,2.3654242772316,motivation,1.1646065491769,1,4,1,0.32899178951382,0.42911044764118,0.0065736010195556,0.49234365139069,0.36822892694217,0.37707320345214,0.432894842167
alle_lehrkraefte,1259,2025-12-01,43,1,1,4.4551129975811,regulation,1.9959356940206,1,1,0,0.42712673188726,0.20932180483936,0.22463516220349,0.43490551633252,0.39802647975766,0.41833197494224,0.44800911110743
alle_lehrkraefte,1260,2025-12-01,43,1,1,3.0045876008173,kognition,1.6662193362077,1,1,1,0.55455656882455,0.13213083838315,0.2111204192588,0.25222496970111,0.43296993128715,0.41757439605066,0.45274848720097
alle_lehrkraefte,1261,2025-12-01,43,1,1,3.8832180547468,kognition,1.8702221947077,1,2,0,0.4816153386669,0.25004110096737,0.12597543181763,0.39902106190031,0.41894612832276,0.48031524461567,0.35244113427872
alle_lehrkraefte,1262,2025-12-01,43,1,1,3.1175897136971,kognition,1.7519315898945,1,1,0,0.56194885513923,0.023399089428499,0.14768244637608,0.32496967513102,0.37312830986398,0.53523422793824,0.36130837596045
alle_lehrkraefte,1263,2025-12-01,43,1,1,2.4979615897285,motivation,1.1890380162526,1,2,1,0.45322088579292,0.032025984734557,0.19487017010741,0.47600141696641,0.32757299551839,0.44325513016022,0.47458007600903
alle_lehrkraefte,1254,2025-12-08,43,1,1,4.0126552337059,regulation,2.1828699354367,1,0,0,0.40179603336931,0.13542865712738,0.11567470439179,0.39819341752848,0.40238936371688,0.436380128858,0.54399502781864
alle_lehrkraefte,1255,2025-12-08,43,1,1,2.9398724507521,performanz,1.7655165425851,1,1,1,0.56855014888986,0.0,0.28719775025849,0.24098330966354,0.39075259553747,0.60053984203804,0.15117119147353
alle_lehrkraefte,1256,2025-12-08,43,1,1,2.726925290001,motivation,1.2782388005983,1,0,0,0.38912255341303,-0.36671203884696,0.35405227804109,0.46874555670068,0.33610681335805,0.35750598822114,0.35811290209975
alle_lehrkraefte,1257,2025-12-08,43,1,1,3.9096314098023,regulation,1.8319677065092,1,1,1,0.46255600050836,0.047647478235413,0.088401420546268,0.37849837337598,0.46503960928608,0.44369421491831,0.46857691396354
alle_lehrkraefte,1258,2025-12-08,43,1,1,2.9438340136339,motivation,1.3391291752914,1,1,0,0.39013065463861,0.34771163703153,0.063474612705181,0.45489134923233,0.38828321190919,0.42472073090344,0.4298618126599
alle_lehrkraefte,1250,2025-12-15,43,1,12,3.9028243912711,kognition,2.1928329711058,1,1,0,0.56185652560873,0.035514064351567,0.10716096158394,0.3336892807476,0.43935402011948,0.47241530936597,0.37948739649417
alle_lehrkraefte,1251,2025-12-15,43,1,12,3.7903140793782,regulation,2.0584483248078,1,0,0,0.43782915236789,0.20100650117379,0.23487362217918,0.31187955950307,0.38918849396145,0.41116778334824,0.54307976882693
alle_lehrkraefte,1252,2025-12-15,43,1,12,3.4263674606991,kognition,1.7820560115872,1,1,0,0.52009915195497,0.057384238529672,0.01634967429508,0.32019729496019,0.47732956965011,0.41282654755967,0.47448412856735
alle_lehrkraefte,1253,2025-12-15,43,1,12,4.9946265310618,regulation,2.313833831872,1,1,0,0.41890779460302,0.17740135474721,0.18447467974737,0.43405868844984,0.40459236989813,0.43851444065215,0.46326370647438
alle_lehrkraefte,1246,2026-01-05,43,1,24,3.7834187822736,performanz,2.1524916087874,1,0,0,0.43529939562806,0.035551443866491,0.119184436252,0.4104201615304,0.35006848278279,0.56892616001453,0.42470070376623
alle_lehrkraefte,1247,2026-01-05,43,1,24,4.1753366045791,kognition,2.0025209823477,1,0,0,0.47960592784119,0.20384347683099,0.27356109825585,0.38796629419017,0.38566077691678,0.43325305356153,0.40819754744271
alle_lehrkraefte,1248,2026-01-05,43,1,24,3.050519966414,kognition,1.8346238946577,1,0,0,0.60141153008057,0.25796034376092,0.36992244687776,0.36833268059845,0.37038652482427,0.38425337642634,0.12002358492601
alle_lehrkraefte,1249,2026-01-05,43,1,24,3.9096314098023,regulation,1.8319677065092,1,1,1,0.46255600050836,0.047647478235413,0.088401420546268,0.37849837337598,0.46503960928608,0.44369421491831,0.46857691396354
alle_lehrkraefte,1241,2026-01-12,43,1,1,3.535433115609,kognition,2.0164952679339,1,1,0,0.57036563791144,0.033016511423778,0.12199100767119,0.31734595650186,0.47925212650319,0.45533452674429,0.3478288343536
alle_lehrkraefte,1242,2026-01-12,43,1,1,4.8610905793176,methodik,2.3478293915917,1,1,1,0.47994405849977,0.055198548943196,0.10402802334362,0.36838272977433,0.48298309267266,0.43924951826585,0.44029789265196
alle_lehrkraefte,1243,2026-01-12,43,1,1,4.394137892334,performanz,2.1258005341702,1,1,0,0.44265694522037,0.05700232469907,0.052054882755001,0.41326966357026,0.42063172322444,0.4837799241757,0.46510797139994
alle_lehrkraefte,1244,2026-01-12,43,1,1,3.2680013090368,kognition,1.7210596468562,1,0,0,0.52663821636637,0.059917132129427,0.10515379467749,0.32731466212845,0.43852952957493,0.41554212567743,0.48567519117027
alle_lehrkraefte,1245,2026-01-12,43,1,1,3.2578547618,kognition,1.8346726067272,1,0,0,0.56315186199242,0.031352009134577,0.21853304168741,0.26739485678908,0.44746296860024,0.50787483501136,0.32319380690867
alle_lehrkraefte,1236,2026-01-19,43,1,1,3.535433115609,kognition,2.0164952679339,1,1,0,0.57036563791144,0.033016511423778,0.12199100767119,0.31734595650186,0.47925212650319,0.45533452674429,0.3478288343536
alle_lehrkraefte,1237,2026-01-19,43,1,1,3.5046583852388,kognition,2.0772518399554,1,1,0,0.59270995472911,0.037629046859325,0.10166548436159,0.31605277833603,0.40263592842087,0.44426987951362,0.42137466894537
alle_lehrkraefte,1238,2026-01-19,43,1,1,3.2578547618,kognition,1.8346726067272,1,0,0,0.56315186199242,0.031352009134577,0.21853304168741,0.26739485678908,0.44746296860024,0.50787483501136,0.32319380690867
alle_lehrkraefte,1239,2026-01-19,43,1,1,3.0923204142165,kognition,1.6913255113697,1,1,0,0.54694204202568,0.033702613173997,0.069128336892211,0.35004346753927,0.39276732926288,0.46970276956744,0.44442777379716
alle_lehrkraefte,1240,2026-01-19,43,1,1,4.1066196583502,regulation,1.9611829425497,1,1,0,0.45479888547485,0.19603031562825,0.22223033496086,0.40278440644117,0.38328801363239,0.41003110509019,0.47756508516951
alle_lehrkraefte,1232,2026-01-26,43,1,12,3.1988921097457,kognition,1.919667488646,1,0,0,0.60010197961283,0.028359326892356,0.086449473354213,0.30337364378423,0.40429765756495,0.44207952411901,0.42504956153813
alle_lehrkraefte,1233,2026-01-26,43,1,12,4.7299790770357,methodik,2.1410505413095,1,1,0,0.44419334632973,0.193543274998,0.0710246340135,0.41578844647734,0.45265443670988,0.44516430395875,0.42922862904441
alle_lehrkraefte,1234,2026-01-26,43,1,12,3.4263674606991,kognition,1.7820560115872,1,1,0,0.52009915195497,0.057384238529672,0.01634967429508,0.32019729496019,0.47732956965011,0.41282654755967,0.47448412856735
alle_lehrkraefte,1235,2026-01-26,43,1,12,4.0578127668032,kognition,1.7468429863796,1,1,0,0.43048774842273,0.28241639133245,0.31314652429469,0.41780346808517,0.36786569284546,0.40358753700582,0.40507752344252
alle_lehrkraefte,1919,2025-11-11,45,4,1,4.1990309356057,kognition,2.200270088071,1,0,0,0.52399348370573,0.021963229774419,0.18362881266575,0.31281566223708,0.46688529305889,0.50392461571568,0.34849477471601
alle_lehrkraefte,1920,2025-11-11,45,4,1,4.5051999610504,kognition,2.2147698359634,1,0,0,0.49160191314302,0.062345305630295,0.07325617380748,0.40938129345955,0.38284523733197,0.45825543665079,0.47424482196104
alle_lehrkraefte,1921,2025-11-11,45,4,1,2.7162244829902,kognition,1.6881957465781,1,1,0,0.62152062244629,0.092568161492674,0.27751697626973,0.20186313025228,0.44437859735167,0.45550285429934,0.28708240053792
alle_lehrkraefte,1922,2025-11-11,45,4,1,3.5114257840699,kognition,1.9186500042458,1,0,0,0.546400424849,0.034306655982624,0.075273635629904,0.34928893148376,0.40299433472953,0.46783247946552,0.43740529588404
alle_lehrkraefte,1914,2025-11-18,45,4,1,4.4248015064122,kognition,2.5299323006465,1,0,0,0.57176046866182,0.052169000706233,0.13681307367429,0.33444133727735,0.45024896048661,0.45411408885347,0.36173372051404
alle_lehrkraefte,1915,2025-11-18,45,4,1,2.5582570097871,kognition,1.7594039781414,1,0,0,0.68773273915917,-0.020289100415568,0.11334436936152,0.13487771053507,0.48433041977542,0.44738733935134,0.24664526007838
alle_lehrkraefte,1916,2025-11-18,45,4,1,3.8471321766507,motivation,1.8221612265061,1,0,0,0.44931392700607,0.17701400363727,0.32602070668933,0.47364020949505,0.33648039015515,0.45262291343093,0.34360840341141
alle_lehrkraefte,1917,2025-11-18,45,4,1,3.4205843904462,kognition,2.1618147661197,1,0,0,0.63199974020822,0.020464279598748,0.16954941851328,0.24201836080613,0.48963150677988,0.45771258717943,0.2521744981739
alle_lehrkraefte,1918,2025-11-18,45,4,1,3.8704021062177,methodik,1.8245750082058,1,0,0,0.40318994894425,0.20550689788914,0.23592235832602,0.39283588990937,0.47141621050499,0.37683145523507,0.47009044645486
alle_lehrkraefte,1909,2025-11-25,45,4,1,4.1345309576921,performanz,1.988922705534,1,1,0,0.35129292884059,0.21311434101394,0.27236711854315,0.45754424948293,0.35979991748407,0.48105042999603,0.43217430996179
alle_lehrkraefte,1910,2025-11-25,45,4,1,2.4366088452089,performanz,-1.4552652158942,-1,0,0,-0.21141108626145,-0.15707180025819,-0.29598138611071,-0.37273403427469,-0.25021502605258,-0.59724778816174,-0.53364545639735
alle_lehrkraefte,1911,2025-11-25,45,4,1,3.4817423048328,kognition,2.1505046567471,1,0,0,0.61765009927963,0.2872117004452,0.15603886664661,0.2872117004452,0.50103511698974,0.35272549844014,0.23177984225927
alle_lehrkraefte,1912,2025-11-25,45,4,1,2.1129969924978,performanz,-1.8674785612985,-1,0,0,-0.23666123224212,0.09973348232948,-0.23115913641968,-0.28495457071789,-0.12530584779423,-0.88380141094134,0.050941979720327
alle_lehrkraefte,1913,2025-11-25,45,4,1,3.8995392280503,methodik,2.0534298272575,1,0,0,0.51572033646035,0.023111379596837,0.14713864022183,0.29720121974227,0.52658133214136,0.45873431996406,0.3684967432254
alle_lehrkraefte,1904,2025-12-02,45,4,1,3.3390173794307,performanz,1.5752921706211,1,0,0,0.4453971633637,0.10840822376021,0.24513638282625,0.41734687449694,0.34808714570617,0.47178174708159,0.46027176364271
alle_lehrkraefte,1905,2025-12-02,45,4,1,2.3428052989296,methodik,1.3071304723696,1,0,0,0.51447576205092,0.042683689169047,0.09160513239389,0.31116409404235,0.55793150786012,0.39453333050523,0.40165351508073
alle_lehrkraefte,1906,2025-12-02,45,4,1,4.362368859302,kognition,2.2688988134381,1,0,0,0.52010586118627,0.19744656419101,0.27327195712571,0.37284289932841,0.46304826268623,0.41077008263379,0.30604741185795
alle_lehrkraefte,1907,2025-12-02,45,4,1,4.1066196583502,regulation,1.9611829425497,1,1,0,0.45479888547485,0.19603031562825,0.22223033496086,0.40278440644117,0.38328801363239,0.41003110509019,0.47756508516951
alle_lehrkraefte,1908,2025-12-02,45,4,1,4.1805161786248,performanz,2.061049496361,1,0,0,0.49006663241819,0.040531893031969,0.13003042817653,0.36777609699608,0.43194466879972,0.49301198181686,0.41997963815352
alle_lehrkraefte,1899,2025-12-09,45,4,1,3.535433115609,kognition,2.0164952679339,1,1,0,0.57036563791144,0.033016511423778,0.12199100767119,0.31734595650186,0.47925212650319,0.45533452674429,0.3478288343536
alle_lehrkraefte,1900,2025-12-09,45,4,1,4.1616133039273,kognition,2.011929137674,1,0,0,0.48344816210909,0.20080164681871,0.27099058310345,0.38581826094179,0.38712272450863,0.43259694091758,0.4082352552731
alle_lehrkraefte,1901,2025-12-09,45,4,1,2.912978125167,kognition,1.6160311204744,1,0,0,0.55476749339021,0.020477083484949,0.061832185488812,0.32328979936683,0.45084126492932,0.47490923951655,0.3932819676275
alle_lehrkraefte,1902,2025-12-09,45,4,1,2.4432470610431,motivation,1.1703145985009,1,1,0,0.44437182473032,0.24030060576985,0.041446093194493,0.47899773509764,0.34897610469763,0.45089482456345,0.43420506806927
alle_lehrkraefte,1903,2025-12-09,45,4,1,1.6788805596284,performanz,1.1345478518331,1,1,0,0.50660964555951,0.0,0.27857362495465,0.26088657029374,0.33960180647693,0.67577236963213,0.16022485709821
alle_lehrkraefte,1894,2026-01-05,45,0,26,3.3390173794307,performanz,1.5752921706211,1,0,0,0.4453971633637,0.10840822376021,0.24513638282625,0.41734687449694,0.34808714570617,0.47178174708159,0.46027176364271
alle_lehrkraefte,1895,2026-01-05,45,0,26,3.9453024964552,kognition,2.3459293201978,1,1,1,0.59461178862399,0.17052830396184,0.30842106960146,0.27913815177287,0.45862360065479,0.4018311838535,0.26926989756156
alle_lehrkraefte,1896,2026-01-05,45,0,26,3.9472334029979,kognition,2.3317185870149,1,1,0,0.59072075090275,0.036035643093624,0.11051648660271,0.31723657760352,0.43648255743814,0.44637104913987,0.38357304861061
alle_lehrkraefte,1897,2026-01-05,45,0,26,3.702637071267,performanz,1.9659302386016,1,0,0,0.47017325437901,0.18259732730411,0.27316223778375,0.42473426924758,0.31688346369353,0.5309526403036,0.32900954691659
alle_lehrkraefte,1898,2026-01-05,45,0,26,1.5890209998845,motivation,0.85188551646247,1,0,0,0.33406255970934,0.45645506608696,0.46047891028742,0.53610377426518,0.18684581263477,0.36274856741847,0.11871153327529
alle_lehrkraefte,1888,2026-01-12,45,0,26,1.7259800114717,performanz,0.874,1,1,0,0.41135811637437,0.040556434008741,0.034762657721778,0.4223662913196,0.41773127029003,0.50637604748057,0.46755774635791
alle_lehrkraefte,1889,2026-01-12,45,0,26,3.4522478891995,kognition,1.8706043338075,1,1,1,0.54184953553435,0.028966549779741,0.10377305345183,0.30141773302564,0.50406736303315,0.44719022762149,0.38713011245978
alle_lehrkraefte,1890,2026-01-12,45,0,26,3.5644284781675,performanz,1.852974407335,1,0,0,0.35515845646034,0.13454313858654,0.20570055737495,0.42417701379472,0.33869124586579,0.51985029863319,0.49855797289642
alle_lehrkraefte,1891,2026-01-12,45,0,26,4.8647814867475,performanz,2.3969338314309,1,0,0,0.43636742711202,0.05887908540611,0.11008583245671,0.41821687591632,0.41539574353306,0.49271049703992,0.45141013196524
alle_lehrkraefte,1892,2026-01-12,45,0,26,3.5517580419398,performanz,1.7816761805797,1,1,1,0.42323574484856,0.16129366203002,0.30455667553456,0.39291713687201,0.3511092726904,0.50163078206162,0.4156926989252
alle_lehrkraefte,1893,2026-01-12,45,0,26,0.99141868047763,kognition,0.811,1,0,0,0.81801143740294,0.0,0.17853023972912,0.0,0.48515844807745,0.25216135554961,0.0
alle_lehrkraefte,1882,2026-01-19,45,0,26,3.1988921097457,kognition,1.919667488646,1,0,0,0.60010197961283,0.028359326892356,0.086449473354213,0.30337364378423,0.40429765756495,0.44207952411901,0.42504956153813
alle_lehrkraefte,1883,2026-01-19,45,0,26,4.8604079848911,performanz,2.3238211125165,1,0,0,0.47652082017042,0.045968410589216,0.15904505569559,0.36906918169985,0.45571026315801,0.47811137226062,0.41598194606199
alle_lehrkraefte,1884,2026-01-19,45,0,26,3.4721038792412,performanz,1.8125938090566,1,0,0,0.39217224110269,0.21769801896299,0.29717024810151,0.46920701499411,0.33079089078195,0.52204330620997,0.32921959148461
alle_lehrkraefte,1885,2026-01-19,45,0,26,3.7096153046958,motivation,1.6437267601139,1,1,0,0.4341068845271,0.42973150642752,0.049903116246422,0.44309778619237,0.30202982519532,0.41974939035986,0.40079810211902
alle_lehrkraefte,1886,2026-01-19,45,0,26,2.8006523873511,kognition,1.4758361358457,1,0,0,0.52695967300848,0.28386141920944,0.3913078160065,0.35705838894269,0.40277514975236,0.34038294450806,0.28814611987675
alle_lehrkraefte,1887,2026-01-19,45,0,26,3.2190638023281,performanz,1.6509653848614,1,1,0,0.37193777926997,0.04491963392026,0.11783395726961,0.40817317442143,0.45057988890129,0.51286969055116,0.46161733536685
alle_lehrkraefte,1877,2026-01-26,45,0,26,4.0789242581081,regulation,1.8479915181834,1,0,0,0.42043389351725,0.32285885538557,0.14942820404965,0.40847577548243,0.41016540084089,0.39536647425586,0.45305744129363
alle_lehrkraefte,1878,2026-01-26,45,0,26,4.7299790770357,methodik,2.1410505413095,1,1,0,0.44419334632973,0.193543274998,0.0710246340135,0.41578844647734,0.45265443670988,0.44516430395875,0.42922862904441
alle_lehrkraefte,1879,2026-01-26,45,0,26,3.0088267944093,performanz,1.7349960417186,1,0,0,0.49568317504876,0.021792505626107,0.18265534692838,0.34599423350428,0.40517032831338,0.57663348339209,0.32260265823754
alle_lehrkraefte,1880,2026-01-26,45,0,26,3.961007449354,kognition,2.17271425264,1,0,0,0.54852428206151,0.028144193203567,0.15231775143531,0.32706755945492,0.43173643708193,0.46775918359501,0.40367694556994
alle_lehrkraefte,1881,2026-01-26,45,0,26,2.2888856549031,performanz,1.2945417374836,1,1,0,0.21945057193054,0.18392997448974,0.30161300890777,0.37123476885487,0.26169585814646,0.56557481539648,0.54850452907291
alle_lehrkraefte,2058,2025-10-30,47,0,18,4.2434364120772,kognition,2.1266007185707,1,0,0,0.50114942244074,0.11396715072385,0.17824852421908,0.34183623305069,0.44985360536929,0.43478865646368,0.44251784498799
alle_lehrkraefte,2059,2025-10-30,47,0,18,3.9754603937968,kognition,2.1118789605959,1,0,0,0.53122744012662,0.022266357176725,0.15845702965771,0.31305095472288,0.4683200092299,0.49369494887372,0.36211699940813
alle_lehrkraefte,2060,2025-10-30,47,0,18,3.9909291971125,performanz,2.0864958050995,1,0,0,0.50686404877188,0.033885703813723,0.13418955811809,0.37059932669004,0.40085263899891,0.52280821682502,0.39060672750351
alle_lehrkraefte,2061,2025-10-30,47,0,18,4.8061660753965,regulation,2.3556487699433,1,0,0,0.41195645886382,0.11739574529303,0.15525898219208,0.4125302752567,0.39087145664052,0.47876083040477,0.49012951939113
alle_lehrkraefte,2062,2025-10-30,47,0,18,2.2570557601137,kognition,1.4806866264604,1,0,0,0.65602281184123,0.035444248640753,0.12368329503102,0.25874301507749,0.43227934710977,0.41402942500553,0.35754385816359
alle_lehrkraefte,2053,2025-11-03,47,0,21,3.1988921097457,kognition,1.919667488646,1,0,0,0.60010197961283,0.028359326892356,0.086449473354213,0.30337364378423,0.40429765756495,0.44207952411901,0.42504956153813
alle_lehrkraefte,2054,2025-11-03,47,0,21,2.4366088452089,performanz,-1.4552652158942,-1,0,0,-0.21141108626145,-0.15707180025819,-0.29598138611071,-0.37273403427469,-0.25021502605258,-0.59724778816174,-0.53364545639735
alle_lehrkraefte,2055,2025-11-03,47,0,21,3.5863224441572,performanz,1.7011124840356,1,1,0,0.44140928068148,0.05461982512367,0.046057928264602,0.44525025198419,0.40530347089364,0.47433206779451,0.46101844996376
alle_lehrkraefte,2056,2025-11-03,47,0,21,3.5054604059233,regulation,1.6521674795534,1,2,0,0.41704868780184,0.057308012801041,0.04481777131057,0.43363810755397,0.44022910936058,0.4656113369475,0.47131120455665
alle_lehrkraefte,2057,2025-11-03,47,0,21,3.648548811648,performanz,1.8144280300528,1,0,0,0.38885845163842,0.19199426251791,0.31575625939891,0.41583833205431,0.32791525199639,0.49729992682597,0.42949116716453
alle_lehrkraefte,2048,2025-11-06,47,0,18,4.2776947265947,kognition,2.4410982889583,1,0,0,0.57065609830007,0.061680906507123,0.098417161158226,0.35536178558859,0.45537212052641,0.40162071683407,0.40732235788888
alle_lehrkraefte,2049,2025-11-06,47,0,18,2.4366088452089,performanz,-1.4552652158942,-1,0,0,-0.21141108626145,-0.15707180025819,-0.29598138611071,-0.37273403427469,-0.25021502605258,-0.59724778816174,-0.53364545639735
alle_lehrkraefte,2050,2025-11-06,47,0,18,3.5459767256588,kognition,2.0635169573234,1,1,0,0.5819302543892,0.025556217949941,0.16336965941252,0.27651007972838,0.44722713027514,0.40033995329892,0.44414723291951
alle_lehrkraefte,2051,2025-11-06,47,0,18,3.5717878102127,kognition,1.8941985677148,1,0,0,0.5303207707611,0.0025796929428273,0.21368847062502,0.26998418773395,0.48896612273076,0.52657343227264,0.289527119649
alle_lehrkraefte,2052,2025-11-06,47,0,18,0.96264977534088,regulation,-0.74858726918585,-1,1,0,0.021349624177684,-0.41239907407518,-0.085695451404158,-0.093673302237096,-0.18182046073475,0.41901596751576,-0.77762392110003
alle_lehrkraefte,2044,2025-11-10,47,0,21,3.7011651508002,kognition,2.1684041030201,1,1,0,0.58586908607967,0.031850875719515,0.1133674869774,0.31201643281213,0.45610778016662,0.4616490767318,0.35267111220798
alle_lehrkraefte,2045,2025-11-10,47,0,21,4.4107099279058,kognition,2.189211103481,1,0,0,0.49633872457652,0.020069114607285,0.21068322682328,0.37723372686767,0.44311697942076,0.47270261859914,0.38307628077188
alle_lehrkraefte,2046,2025-11-10,47,0,21,3.8905038385904,kognition,1.9316956848234,1,1,0,0.49651428190865,0.053043559070364,0.10570725339821,0.35304187399171,0.46146449087851,0.44283837987998,0.45363742432729
alle_lehrkraefte,2047,2025-11-10,47,0,21,3.8411483190915,kognition,2.509295155464,1,0,0,0.65326522548996,0.020984344791132,0.16805441832496,0.2240481499757,0.47451664831199,0.42970909557727,0.29076309654101
alle_lehrkraefte,2039,2025-11-13,47,0,23,4.2776947265947,kognition,2.4410982889583,1,0,0,0.57065609830007,0.061680906507123,0.098417161158226,0.35536178558859,0.45537212052641,0.40162071683407,0.40732235788888
alle_lehrkraefte,2040,2025-11-13,47,0,23,4.6361765459891,kognition,2.6228056368715,1,0,0,0.56572478498315,0.048988682338982,0.17044432813436,0.3147111289115,0.48920271513479,0.42441388016159,0.36056963398192
alle_lehrkraefte,2041,2025-11-13,47,0,23,3.5459767256588,kognition,2.0635169573234,1,1,0,0.5819302543892,0.025556217949941,0.16336965941252,0.27651007972838,0.44722713027514,0.40033995329892,0.44414723291951
alle_lehrkraefte,2042,2025-11-13,47,0,23,4.4959941585393,performanz,2.2176844063113,1,1,0,0.375599256091,0.19102751887718,0.30355711105251,0.41043602931968,0.36850416155279,0.49325675157556,0.42746583907391
alle_lehrkraefte,2043,2025-11-13,47,0,23,4.7245662545224,kognition,2.4427137214532,1,0,0,0.51702281640921,0.0716425600792,0.12221998272692,0.39657422898699,0.39719402606343,0.45360297474682,0.43797593701499
alle_lehrkraefte,2034,2025-12-02,47,0,1,2.8935343055325,performanz,1.4253665391979,1,0,0,0.39737641086683,0.047325988210371,0.030414216433146,0.39703066566278,0.45471727313677,0.49260228587913,0.48152065627541
alle_lehrkraefte,2035,2025-12-02,47,0,1,4.1990309356057,kognition,2.200270088071,1,0,0,0.52399348370573,0.021963229774419,0.18362881266575,0.31281566223708,0.46688529305889,0.50392461571568,0.34849477471601
alle_lehrkraefte,2036,2025-12-02,47,0,1,2.4666707187762,kognition,1.497714368025,1,1,0,0.6071780415781,0.23205273209578,0.36177305619739,0.29189022905129,0.4386722049905,0.33686635392545,0.2355554148444
alle_lehrkraefte,2037,2025-12-02,47,0,1,4.5339414150742,performanz,2.260374675858,1,1,0,0.4388648454313,0.049012142319769,0.093902205182241,0.41400029487602,0.39896667426924,0.49854408857202,0.46589329515275
alle_lehrkraefte,2038,2025-12-02,47,0,1,3.5054604059233,regulation,1.6521674795534,1,2,0,0.41704868780184,0.057308012801041,0.04481777131057,0.43363810755397,0.44022910936058,0.4656113369475,0.47131120455665
alle_lehrkraefte,2029,2025-12-04,47,0,1,4.4388621375364,performanz,2.1744618745086,1,0,0,0.46577705352531,0.21582431903798,0.15028280583915,0.40837051156953,0.4063458558203,0.48986810323295,0.37686600340078
alle_lehrkraefte,2030,2025-12-04,47,0,1,4.7299790770357,methodik,2.1410505413095,1,1,0,0.44419334632973,0.193543274998,0.0710246340135,0.41578844647734,0.45265443670988,0.44516430395875,0.42922862904441
alle_lehrkraefte,2031,2025-12-04,47,0,1,4.0730731755336,performanz,2.1602420544193,1,0,0,0.50793164389237,0.029806912452068,0.14201670599099,0.36940497938456,0.35646034890973,0.5303702284784,0.41967456397547
alle_lehrkraefte,2032,2025-12-04,47,0,1,3.4333342274091,methodik,1.6923157810732,1,1,0,0.45560273520211,0.048083977176934,0.071709281313335,0.3792497481292,0.49290594504422,0.4472213857957,0.44516561249039
alle_lehrkraefte,2033,2025-12-04,47,0,1,3.4752254188631,performanz,1.7185730315922,1,0,0,0.31877151424459,0.19146773728403,0.17310725067521,0.46890082280075,0.38408892483263,0.49451988842658,0.46883978948033
alle_lehrkraefte,2024,2025-12-09,47,0,1,3.8675391175028,kognition,2.5295856191585,1,1,1,0.65405390915676,0.016272106661563,0.18083399813396,0.2003135630572,0.48954619883787,0.43227188681286,0.26944871104439
alle_lehrkraefte,2025,2025-12-09,47,0,1,2.9398724507521,performanz,1.7655165425851,1,1,1,0.56855014888986,0.0,0.28719775025849,0.24098330966354,0.39075259553747,0.60053984203804,0.15117119147353
alle_lehrkraefte,2026,2025-12-09,47,0,1,2.6936098309784,performanz,1.6232860077824,1,1,0,0.4050891182877,0.10651657305953,0.30870299490186,0.3289737167018,0.33165656026957,0.60264109623547,0.38452046861755
alle_lehrkraefte,2027,2025-12-09,47,0,1,2.8459524909515,performanz,1.5606138560581,1,1,0,0.52114544924771,0.02366139640158,0.1639427316354,0.33703110291362,0.42388124724307,0.54836065514564,0.32710644765614
alle_lehrkraefte,2028,2025-12-09,47,0,1,3.79908591483,kognition,2.0937472961032,1,4,2,0.5511172507991,0.11131089761788,0.10944137314403,0.36503224718023,0.41527757291662,0.43089007792585,0.42488435847901
alle_lehrkraefte,2019,2025-12-11,47,0,18,4.8603582361414,kognition,2.4163555556782,1,1,0,0.49715483236647,0.05455158373708,0.089907259755098,0.39074852793277,0.41967516285658,0.46598299116922,0.44251775629924
alle_lehrkraefte,2020,2025-12-11,47,0,18,3.0556171049096,performanz,1.8608741963844,1,0,0,0.55550638970887,0.0,0.29078875442313,0.25128473348535,0.3845063379814,0.60899911294624,0.15804728787018
alle_lehrkraefte,2021,2025-12-11,47,0,18,3.0088267944093,performanz,1.7349960417186,1,0,0,0.49568317504876,0.021792505626107,0.18265534692838,0.34599423350428,0.40517032831338,0.57663348339209,0.32260265823754
alle_lehrkraefte,2022,2025-12-11,47,0,18,3.1844962872024,performanz,1.7623605672214,1,0,0,0.35830210771604,0.21987884155731,0.30560875784078,0.47619592143151,0.25159370964146,0.55341720451418,0.36542762457524
alle_lehrkraefte,2023,2025-12-11,47,0,18,2.9900649591247,kognition,1.7353345284312,1,0,0,0.58036489123308,0.10643085034257,0.28652846723075,0.23051807041907,0.42718416964422,0.47692739623724,0.32658716896938
alle_lehrkraefte,2014,2026-01-08,47,0,18,4.4388621375364,performanz,2.1744618745086,1,0,0,0.46577705352531,0.21582431903798,0.15028280583915,0.40837051156953,0.4063458558203,0.48986810323295,0.37686600340078
alle_lehrkraefte,2015,2026-01-08,47,0,18,3.4522478891995,kognition,1.8706043338075,1,1,1,0.54184953553435,0.028966549779741,0.10377305345183,0.30141773302564,0.50406736303315,0.44719022762149,0.38713011245978
alle_lehrkraefte,2016,2026-01-08,47,0,18,5.0551648723269,regulation,2.5507887745069,1,1,0,0.38568540563395,0.14372256099515,0.13504874488232,0.41636045227922,0.45091607348817,0.42550729255688,0.50458962131469
alle_lehrkraefte,2017,2026-01-08,47,0,18,2.3554216638968,performanz,1.171031134971,1,0,0,0.19785571730366,0.33095686675477,0.41928909416486,0.49146919269571,0.22256410971708,0.4971620076779,0.37048889297316
alle_lehrkraefte,2018,2026-01-08,47,0,18,3.6130190037089,motivation,1.8934141982597,1,0,0,0.39519609169617,0.022142086298747,0.27097533602843,0.52405175721425,0.30923960994252,0.43341160873097,0.4602082199323
alle_lehrkraefte,2009,2026-01-22,47,0,18,4.4388621375364,performanz,2.1744618745086,1,0,0,0.46577705352531,0.21582431903798,0.15028280583915,0.40837051156953,0.4063458558203,0.48986810323295,0.37686600340078
alle_lehrkraefte,2010,2026-01-22,47,0,18,2.9011619883243,performanz,1.8146533005108,1,0,0,0.48967516717457,0.0,0.17265110518826,0.31720137154232,0.35619597135299,0.62548973580807,0.33417546746929
alle_lehrkraefte,2011,2026-01-22,47,0,18,3.445161991689,regulation,1.6593102589405,1,0,0,0.35697457681494,0.30867452774446,-0.051124322883014,0.44905706607895,0.45666641004076,0.36400878395462,0.48163350420338
alle_lehrkraefte,2012,2026-01-22,47,0,18,3.1766681938078,kognition,1.628635644424,1,0,0,0.51268512107983,0.22387537947476,0.28929848813247,0.40637796246605,0.35743108585166,0.47592781995218,0.2897007950665
alle_lehrkraefte,2013,2026-01-22,47,0,18,3.0088267944093,performanz,1.7349960417186,1,0,0,0.49568317504876,0.021792505626107,0.18265534692838,0.34599423350428,0.40517032831338,0.57663348339209,0.32260265823754
alle_lehrkraefte,2005,2026-01-29,47,0,18,1.6103819422733,performanz,1.0,1,1,0,0.37754784039823,0.0,0.0,0.36264463617198,0.29868505136768,0.62096684276024,0.50112024210752
alle_lehrkraefte,2006,2026-01-29,47,0,18,4.1753366045791,kognition,2.0025209823477,1,0,0,0.47960592784119,0.20384347683099,0.27356109825585,0.38796629419017,0.38566077691678,0.43325305356153,0.40819754744271
alle_lehrkraefte,2007,2026-01-29,47,0,18,3.3989502526716,kognition,2.3210201415921,1,1,0,0.68286180745059,0.01826365831898,0.17566245392676,0.19020295592194,0.51264892743446,0.39897867265262,0.21055388947738
alle_lehrkraefte,2008,2026-01-29,47,0,18,3.4263674606991,kognition,1.7820560115872,1,1,0,0.52009915195497,0.057384238529672,0.01634967429508,0.32019729496019,0.47732956965011,0.41282654755967,0.47448412856735
